Subject_ID,Stage,max,min,median,mean,var,rms,diff1_mean,diff2_mean,diff1_std,diff2_std,freq0,freq1,freq2,freq3,freq4,freq5,freq6,freq7
20250408-00999099,Rest,15.6,-17.9,0.27197545222048664,0.3008738899059324,0.05965580039819389,0.38753180259860087,-0.00216024834215156,-2.058582248875036e-05,0.013181919802034533,0.0036661100041136493,2.796458428427501,0.25199603529954334,0.029274091230204174,0.0054431312764539564,0.0009239201671676484,0.0007400314835320153,0.0004051923311163079,0.00012989355574829543
20250408-00999099,Positive,-18.3,-29.9,0.28948720788263466,0.33995419369154045,0.04045464484472362,0.394998099556427,-0.002625169474416578,8.020901039206701e-05,0.033806247031524954,0.015515165341969414,2.003038415784366,0.3051452360665229,0.05991660925647992,0.0481368949860611,0.018984652331257408,0.01230320292006531,0.003207359008056484,0.004904285790259436
20250408-00999099,Neutral,-22.5,-32.5,0.4685679123906513,0.49676104009878785,0.026184624197785576,0.5224520601527141,3.751949056113354e-05,6.521299371114864e-05,0.03248619688023489,0.016486325437472645,2.133001345731891,0.7448096360735427,1.693525119677936,0.21315842695113246,0.05764331197333425,0.026858009097256025,0.02030385082202973,0.01010157302826695
20250408-00999099,Negative,26.4,-15.4,0.7199656967898851,0.6392789226651411,0.07161930145396811,0.693034517479376,0.0007932814802162863,-1.8899854246926065e-06,0.011636350609037982,0.0066953382006312715,8.048871219526472,0.15978656134409472,0.12973644967792128,0.01731856392233839,0.014366685999798439,0.006619310885992902,0.004646860368201779,0.0018711415599629653
20250408-01105283,Rest,22.2,14.4,0.48818154212837106,0.4513298304329711,0.09009511257477719,0.542027424041839,-0.0014868438566916647,-7.98805361423948e-08,0.010398482057697299,0.006910097568604746,2.589314439662298,0.12079079562043368,0.0070534989693644525,0.0031726558995241864,0.0028355268068280663,0.0024465033693161094,0.0016861847444534705,0.0014367264696240314
20250408-01105283,Positive,19.0,14.2,0.5045952516970773,0.5228813519428713,0.060367716608058,0.5777305815150025,0.0016795638602990362,-1.2641849227848304e-05,0.017369509132705175,0.009386976522288733,3.836637602562189,0.3775812699755567,0.07859409074063528,0.010427428873432707,0.0075299529229649505,0.007910163728977382,0.0021878183274971538,0.005415375308495214
20250408-01105283,Neutral,20.0,-11.1,0.8323016675810362,0.6328891722382561,0.12924483255224659,0.7278691756687266,-0.0011073309531200292,7.0148501616274205e-06,0.011722294972755959,0.005039658149449223,16.565656050489174,0.3456886152430541,0.0447366257520943,0.017577989705613344,0.014602070498107555,0.004861461413821507,0.0015090679915030333,0.0006809401645061153
20250408-01105283,Negative,5.2,-10.7,0.36117100225040416,0.43111244846035807,0.06390089633093238,0.4997587813619859,-0.00015035929665969348,-3.5380058568042763e-06,0.01508351141382878,0.009292292551656641,8.671475247648866,0.10866275732575299,0.04991435881285197,0.019952130665132174,0.027559523435548357,0.015428795606421304,0.012708685637582623,0.00963044741582816
20250408-01588050,Rest,10.0,0.1,0.6353793037418187,0.5702969991555303,0.07308951262332114,0.6311324582598523,0.0010876996638289427,-1.8102144700240867e-06,0.02102185313144498,0.009941783595105601,2.053359438046553,0.2953521058478207,0.10199605744244315,0.04765540150478548,0.011078889398816509,0.009022226229577891,0.0021364439154086643,0.0012802884923998482
20250408-01588050,Positive,10.7,0.8,0.313518259508923,0.3416577293625628,0.062065482027899736,0.42284215265401565,0.0016054747275485192,5.67235773481529e-06,0.02185526447736468,0.009702032614107504,2.945651930465324,0.27766448357424645,0.0419671098349243,0.015481661578018993,0.012072513588701608,0.002006514324362683,0.0005224459784970705,0.0006268963503199853
20250408-01588050,Neutral,15.2,4.6,0.5380785075222349,0.5441790794139033,0.03298170096078032,0.5736833372449855,-0.0007650351816225164,-5.9348874609743944e-05,0.01924873465777244,0.009617321056114717,3.729059703915192,0.33090270248805703,0.22603666197872974,0.04462131284501769,0.049071697339890016,0.024034005462343022,0.009219701063812764,0.004245260530876976
20250408-01588050,Negative,2.7,-6.2,0.30561862890082075,0.35409390349316616,0.0403700884474215,0.4071272294239839,-0.0011748976669618747,-1.568199902743987e-05,0.021564062697396937,0.012020042659057963,2.5792430807195217,0.18792226857316002,0.06146191030197876,0.03179382467589627,0.006866012086978718,0.0069545456170453605,0.003664265188859233,0.0041286917052335125
20250408-03118448,Rest,3.6,-14.4,0.7119492954071738,0.6408964216726467,0.07507976095397963,0.6970136184227556,0.002396990399293923,9.439961473228257e-06,0.012014768949331484,0.0055963915456341195,3.5032665674476697,0.3710774054807623,0.03096686094511445,0.01126163503896007,0.00952790475906147,0.0017743052693431915,0.00339130438169713,0.0009519119989566602
20250408-03118448,Positive,4.0,-14.9,0.4315441117538743,0.5168444056586333,0.07839108513881966,0.587808833550029,-0.00016550676656040158,1.5371156774660124e-05,0.02268423725220283,0.010108237827739857,5.309380754538404,0.38824716189069125,0.1455834660639516,0.11936944629306112,0.028888206065522466,0.012288218807653042,0.010178439096862694,0.0019173128472052539
20250408-03118448,Neutral,3.7,-13.1,0.6055272997742568,0.55639700086056,0.07835040051899612,0.6228386814301294,-0.00048334999989990116,2.1126159337493794e-06,0.013541656156911204,0.0066006191691341315,16.807776130959148,0.057342282945133057,0.014649256287729465,0.017496909044623164,0.00088039976278011,0.004059988075798684,0.006010982072570489,0.0018017734174150587
20250408-03118448,Negative,6.8,-8.6,0.4787250398536546,0.48067971087145156,0.04149075641831942,0.522057219911555,0.0004736717810609504,6.920714520854714e-06,0.024176439868531147,0.013703907310810002,4.635745042434429,0.3143769908709373,0.16903147859839915,0.07039065269160931,0.029158298933021118,0.024502179199952196,0.009698840289740144,0.004487014991975286
20250408-03621685,Rest,-81.2,-92.2,0.5968635066232567,0.5769588959684003,0.04548209917093946,0.6151127269111043,-0.0008053678285807892,0.0001738889463131053,0.026836204795152016,0.013321542224817181,1.032793693413282,0.338275610503529,0.27355236350700796,0.08647635956594493,0.034613052137117996,0.011114553586545475,0.006108334037472367,0.0034450296055672704
20250408-03621685,Positive,-75.0,-87.9,0.41554611035472455,0.46683527781688716,0.06712602409084052,0.5339112292368561,0.0027670666289857184,5.4557945684846404e-05,0.03033435236954711,0.02343591477479715,1.7601708232036926,0.11738936658984209,0.21965497477236307,0.1879280617874723,0.02303501653160069,0.027808058909445647,0.01756138540261138,0.003971650226106075
20250408-03621685,Neutral,-74.5,-85.5,0.6254943260232549,0.5568548387657264,0.059892187516578925,0.6082594010563109,-0.0010726984446385633,-1.9044759587873336e-05,0.029331525190796036,0.01644540295389616,6.1247443240359,0.5643886978576982,0.4306416891947902,0.18017067824309682,0.04997914713979294,0.017819542904871324,0.02646286737827342,0.009463815764488405
20250408-03621685,Negative,-64.3,-80.7,0.6662412839033156,0.6455440140872839,0.029808004660976734,0.6682328028351349,0.0008442087550358323,-2.0379164390959032e-05,0.017167453167252423,0.011216585503885148,2.5777340889779383,0.2724649566061615,0.08637619372669524,0.06683405534161314,0.048199191581372494,0.016503650970068427,0.00801610220493887,0.005009706398914126
20250408-05822690,Rest,-41.4,-114.3,0.5608649892025541,0.5670929905960544,0.03686742415434629,0.5987168647512136,0.0008588640271474739,-9.381655990359542e-05,0.02337211005909911,0.019421730450871037,1.6469840291438533,0.6807225573658726,0.1370458246492972,0.00026330421735550297,0.002629386541772627,0.004519133075777975,0.0006968841056909273,0.000813355917682181
20250408-05822690,Positive,-43.4,-113.6,0.3701808765502477,0.38911128795416833,0.05618533302234072,0.45562366865176396,0.00040172061845324206,-7.607022820559463e-05,0.03890868921398272,0.06264962082285504,4.04591147663544,0.6210412624634829,0.11478633638621338,0.00040775342271883624,0.0019866134476408228,0.0031525952133972276,0.0007234501605660181,0.00021164146559783087
20250408-05822690,Neutral,-39.6,-114.2,0.538213489654523,0.5008161047993989,0.04398856393534097,0.5429597911096028,-0.0013379085809397601,6.740553647185287e-05,0.025122643151216272,0.027083471212331327,1.6322014165318197,1.371333741293447,0.1803165483830851,0.00014600785543106968,0.0032785726709799786,0.006260324897751811,0.0011695368403411245,0.000451517085792752
20250408-05822690,Negative,-34.0,-115.1,0.6583523862759249,0.6057825981396701,0.044712581068401085,0.6416269455666977,0.0010901793856407892,-7.066924227997947e-05,0.023361919987428214,0.0072235967531360835,1.6796782097517284,1.791623842201899,0.15595261407811806,0.00011115096674168919,0.003414458109190134,0.010567611244214951,0.001301201401422668,0.00038699074026139833
20250408-2300400469,Rest,8.1,-2.3,0.5340197269126978,0.5189548358648335,0.054861912222218034,0.5693645878430748,-0.0013928045464631732,3.138023213375971e-05,0.023637444220244993,0.011108819576668382,4.626164114447583,0.6940190652591683,0.17125643943278065,0.066474625010226,0.031126031252562254,0.005868158620203814,0.0023338388876130278,0.00266542626451477
20250408-2300400469,Positive,10.9,-3.3,0.5546534542761062,0.4590436215834035,0.11272818181373528,0.5687259694529011,0.0022434739554061454,-2.266764553243079e-05,0.02176890694416607,0.011364970048697442,6.158794741020006,0.5908448893423079,0.06827805384679239,0.030190939093994007,0.016900396697378302,0.006672301044574932,0.005444769045406851,0.0008477215882472129
20250408-2300400469,Neutral,15.0,-0.8,0.41424974573601714,0.44626703253147926,0.053566674579089146,0.5027135754120248,-0.0002740705588652114,1.505935346778474e-06,0.02288248052529963,0.015054850343348034,9.944032794643979,1.065940804910394,0.22628106312996038,0.1397090628500798,0.08345468802716992,0.049038886196719846,0.025425543183878824,0.017262591174240022
20250408-2300400469,Negative,10.6,-0.3,0.43570398658042203,0.4442971793259125,0.026129600583261133,0.4727891540001982,0.0003277083665530383,-2.939421197033767e-05,0.022068656408504587,0.014985083787764593,1.401933537793323,0.26952389605913,0.08566530430132138,0.12856127925126085,0.09593687520342671,0.012139075810746946,0.02362259333387657,0.005429238391069697
20250408-2400092931,Rest,13.8,-1.8,0.592286855225842,0.558434859270106,0.04284494047679058,0.5955622826580051,0.0012774433055683205,0.00013427781259960436,0.04013456279872074,0.019044330085106025,2.110438962344131,0.48362037723367296,0.2759024001774461,0.25400830465575197,0.029669541853172506,0.046183279732523744,0.022071939637041158,0.002562842002336201
20250408-2400092931,Positive,16.1,5.9,0.5301366190583092,0.5104373036466886,0.03314017422354847,0.541928422559336,-0.001639846594534562,-0.0002923627222370827,0.03983644985389568,0.02230020838994888,1.63022585018928,0.5978698879005357,0.19879821974629702,0.12949426289730598,0.04898872088173368,0.02545855539899412,0.0073134487131179095,0.007042736010615578
20250408-2400092931,Neutral,15.2,8.5,0.49670607106969433,0.5002023478355059,0.05166115725844034,0.5494211008312229,-0.0004768050043300285,-0.00037677495578375853,0.043448010274093424,0.023257794951763635,3.7299629951669564,2.485415958667926,1.059653807618225,0.18883218277201252,0.18842374553704247,0.10132639448100335,0.016276839287504546,0.024050894361054544
20250408-2400092931,Negative,15.6,3.2,0.595915907238083,0.576815109502133,0.04586723216236063,0.6152909090115978,-0.0002521846079738005,-2.5432848436033943e-05,0.023500415045995374,0.012784551129866243,2.210515166586311,0.9137808054697033,0.321850045478848,0.11907583184130845,0.04118663213656666,0.02452748061078698,0.012034110376685229,0.003274258438247247
20250408-2400278857,Rest,17.6,0.0,0.7701461180981101,0.6679021766197749,0.07949187800878142,0.7249725481300753,0.0021481136035243057,8.339126637866695e-06,0.020227510602058924,0.011462352971995183,2.8276136678056916,0.40333187935091414,0.09540576871109024,0.017843138472565502,0.012197591691114435,0.0038410241305279445,0.002292310586355936,0.00019632080371369409
20250408-2400278857,Positive,22.2,11.1,0.5719865432749568,0.5527569535402755,0.040825115884932,0.5885281349027065,-0.00025443393538550444,-7.661462049923893e-05,0.02530995213542669,0.017610767049792996,2.7475146422849503,0.639518708508712,0.15981944993965133,0.017601606475388373,0.01104585078706622,0.0035026845983337374,0.0032380479912427107,0.006198832314490837
20250408-2400278857,Neutral,15.3,-8.7,0.44059285839167817,0.4367122831596133,0.08440823235556517,0.5245244042159025,-0.001770832288825515,-2.0940135385103928e-05,0.008407300416095824,0.0038959928405515906,3.166259731389092,0.16904146031404493,0.03989937671679175,0.010850071297269944,0.01024425571442518,0.0018499233434125114,0.0005647704447512984,0.0005172725153581625
20250408-2400278857,Negative,21.8,-9.4,0.6542296460970206,0.5892402309160667,0.05941937581935933,0.637670311014539,0.00046200612248890595,1.66888733914388e-05,0.011531766612687,0.007516232628176994,5.930310230481785,0.3330147946095814,0.03368574117040543,0.019499537914780398,0.0038751315863514604,0.0012723582670460531,0.0013536882454855859,0.0012667805832617203
20250408-2400338971,Rest,-2.5,-12.6,0.5554092174414981,0.5492658099264033,0.06090070865796116,0.6021574865532014,0.0023639213563114232,8.190912621221412e-05,0.022540984604758302,0.011382211503122134,1.4501880139852683,0.23822594873982722,0.19170686865509506,0.0674259951931731,0.033283733841832815,0.007617899904750741,0.0038301021672453644,0.0034875137243183586
20250408-2400338971,Positive,-2.6,-6.1,0.545560603259876,0.528256942307882,0.06768844743400897,0.588849594149883,-0.0029559338049268765,0.00011138324488518869,0.03937974808908237,0.023010494204334504,5.43749652701926,0.34399757814215176,0.2040246683200302,0.1282263593694687,0.03785874954252653,0.08374125948974875,0.024128849978499647,0.0051548561272867
20250408-2400338971,Neutral,-4.3,-8.5,0.6223826212041144,0.6087720463225124,0.03636856209347182,0.6379435448981131,0.00020853714385632422,2.5381525963613974e-05,0.03863624775047911,0.022049866961781687,4.128965331755952,1.4750294290596904,0.6211446922395153,0.1011560950990032,0.28142405930381065,0.08409127161230436,0.032893566688995,0.013562136380006794
20250408-2400338971,Negative,6.4,-8.6,0.7563643361470309,0.6309001753828842,0.07622855665625575,0.6886679809272461,0.0010130630705232771,1.3524453769492948e-06,0.007539125496907966,0.004111819947360848,5.66770150086468,0.12924288507456227,0.025499573832881057,0.00831149784813605,0.005622672628535793,0.0022135654387437633,0.0025053139018554457,0.001479054380125491
20250408-2400356693,Rest,-7.1,-23.3,0.453878839681836,0.4574169782613612,0.025664625711088778,0.48465958951912147,0.0015732749122003519,4.0991354966220655e-06,0.03669774412164613,0.023459428942514737,0.6185242766568586,0.26097700266540524,0.24481206538532632,0.1105024845815192,0.0703454624125574,0.03357659409971639,0.04935736677742005,0.005236473047548557
20250408-2400356693,Positive,-11.0,-21.4,0.4550358155576417,0.516967268838739,0.04973662308728077,0.5630202306648189,-4.642865436576883e-05,0.00023195148778740957,0.04031853144055774,0.029487289934511156,2.4146609789745273,0.2548149545308657,0.08724880213420085,0.0574021384303622,0.09133979419708214,0.1193392817982079,0.026052681152615192,0.01748013091088025
20250408-2400356693,Neutral,-0.6,-18.7,0.3134708881248014,0.35654524433524337,0.03613274694546734,0.4040510589066012,0.0001884685066281364,2.6594318979200956e-05,0.03519386443134883,0.021915624978167254,1.7678530138901738,0.6126143691593771,0.48960889938103924,0.10209731477104379,0.10220134929962245,0.06428940249008985,0.044276627583495,0.02170093315081842
20250408-2400356693,Negative,5.1,-18.9,0.6033777609683411,0.5790542361210231,0.05844345884831078,0.6274928423639686,0.0003010270876236977,1.3236127423293767e-05,0.02405680937825181,0.013414186347262927,9.13839353006543,0.8224367850920048,0.3029328938440741,0.0693352839282011,0.04863745012395972,0.019985916401568358,0.009234806166440901,0.006929333789984969
20250408-2400418077,Rest,7.6,-8.1,0.44807339920691774,0.4727570999711697,0.062168514165929764,0.5344789890529658,-0.0016367161049540156,-8.285969853014815e-05,0.029753331539274473,0.015344545249024255,1.9072178715382067,0.4158444403427105,0.17928606055447993,0.0828876919931369,0.016332984936685967,0.010878222105565606,0.013824295547287277,0.004030335986491155
20250408-2400418077,Positive,0.8,-18.3,0.4756974006445139,0.48613230889602305,0.027022904371116704,0.5131739725704092,0.00021769788112105534,-3.642467318846683e-05,0.031215340159565053,0.016234846763474624,2.151884892609276,0.8252745851339038,0.4370361387557365,0.16373817213062042,0.11440009799481096,0.06431327927239852,0.02385355957595557,0.018700204209292342
20250408-2400418077,Neutral,6.6,-13.3,0.3368880053238852,0.32051916991159635,0.03416903780106895,0.37000212983425884,0.00020456009526210827,6.487882274844264e-05,0.025892578543939757,0.014952806227900784,3.3508052940299295,0.25853106541027493,0.1355629266199736,0.007747102248446793,0.045794993949115015,0.017368725191191405,0.006881917342974215,0.0037704945173873106
20250408-2400418077,Negative,20.5,-7.7,0.5518540979691154,0.5506822737335122,0.04525604522102389,0.5903448245096545,0.0004934550153936966,7.948468935910937e-07,0.021629343170085108,0.012779122633418225,3.3209038942745304,0.2847504024768493,0.20317385188614726,0.16040433200701465,0.05617190035332576,0.038634404186041256,0.012547086281675973,0.00522742009373209
20250408-2400782691,Rest,-32.3,-39.4,0.6052744236389105,0.6007557144602006,0.051236138421671115,0.6419840861565473,0.00212922952756891,3.641620500096052e-05,0.03802648599226235,0.02987666850412826,3.2199604001289477,0.2767255714537499,0.17359172853732519,0.13971492583331335,0.05754782783510341,0.029516560000921194,0.01725163385617678,0.009260090395311338
20250408-2400782691,Positive,-30.3,-37.0,0.4507933201587,0.5099613190210529,0.054191754917187855,0.560582109788459,0.0004703995466601122,5.5830135705109136e-05,0.05902143387174671,0.052688074258350794,1.5275262671615817,0.8964268657772223,0.709141203401726,0.325259155176168,0.38100884270776203,0.23686274172287425,0.15068462318593662,0.10284174556461698
20250408-2400782691,Neutral,-26.7,-38.3,0.40808518300793434,0.4328446038821773,0.029778343770108517,0.46597510113741863,-0.00018263648120478144,-0.0001396085774980372,0.035794513015650356,0.027627947128588917,2.0808318503216388,0.49570903368642816,0.20212055260126355,0.14364678481828846,0.05214470864075872,0.028518523430897075,0.027731118605785976,0.0166591215122755
20250408-2400782691,Negative,-14.7,-30.5,0.5068707562321262,0.5156732682227887,0.04039340530957623,0.5534548986766207,0.0007038918023473302,3.7013836406306594e-08,0.02142661326685645,0.013421687570196813,3.0317644254919385,0.2608315968650535,0.09665048280105033,0.04538037135966634,0.024471415349979084,0.01089104498441612,0.006382978410114699,0.003550525300984059
20250408-2400872042,Rest,0.0,-15.4,0.5356035029923545,0.4549715506897271,0.0855500767154849,0.5408781643332441,-0.001246428052591232,6.6240643021107785e-06,0.011136245237729046,0.005250858459405464,7.812067689809544,0.041246452003353314,0.010560316812734782,0.01936178027000751,0.003108662298042113,0.0008824006492062155,0.0014123627592670714,0.0020534077379565315
20250408-2400872042,Positive,-7.0,-15.6,0.6989107560621379,0.631695628121991,0.06538463756957263,0.681486613337349,0.0022069659618464904,-1.8682074690519037e-05,0.014742306466415268,0.00840324925868402,1.2304597431699005,0.028382756233733493,0.015118753028347144,0.01658513187192247,0.0031531161717992025,0.0022333883463870868,0.000300705494965938,0.0004468394970723338
20250408-2400872042,Neutral,-4.6,-9.2,0.572474167765741,0.5567729960190841,0.026345022843812974,0.5799493011806119,-0.00021280631106679847,0.00024762162031508793,0.029199759900216577,0.018829203164282812,2.8967985519813517,0.18553101507351868,0.5474655780112795,0.21185345883182233,0.04049952823285658,0.05803418940720651,0.038459239308401436,0.025641783642748408
20250408-2400872042,Negative,-3.7,-12.8,0.5393029369320571,0.5470192837466155,0.06473834032534248,0.6032979671074673,-0.0007288589712296416,4.828908920488933e-06,0.019110893780925134,0.010468902714625944,7.469601319985089,0.6541213205765621,0.12825398331256385,0.04936501999894809,0.008254566729796046,0.0162960135733496,0.0016904805530808989,0.001255503610265026
20250408-2400874426,Rest,-9.5,-15.7,0.5137493854604389,0.5056036423421475,0.041976077503567834,0.5455374603574112,0.0014916665974207583,-0.00016017074394486118,0.034744341130177214,0.021937403558846536,1.5083920888505238,0.7662225854182171,0.15465631396817808,0.18607771861842837,0.23842173065694114,0.04222231643138765,0.01418229629517176,0.01860091629050823
20250408-2400874426,Positive,-7.2,-13.1,0.43531517727595365,0.4472882628716066,0.033744896702220875,0.4835407809119313,0.0011030622644778042,-2.2254795280506513e-06,0.0327597594876447,0.019608466032031948,1.594476518189815,0.24264314870189735,0.10511679104830476,0.04490739149116522,0.025913961750455974,0.012024326155914469,0.00864547318478414,0.007321063360721717
20250408-2400874426,Neutral,-3.8,-13.1,0.5202180177961091,0.48549017862592725,0.03354644266495353,0.5188903123080911,0.0007268207393014108,0.0001593120580342327,0.025499255727687232,0.016373528196753962,2.8179118463896065,0.4262876897494915,0.22592181078224777,0.13608199822511347,0.08401022709766032,0.016608050785237853,0.012182049859137841,0.015561638735898688
20250408-2400874426,Negative,-0.8,-7.5,0.378384355406128,0.4158217216350253,0.0411937692759446,0.4627110042558541,0.00038830771138585084,-1.2534611385224183e-05,0.024249992683413248,0.015892933871335176,5.09566622944788,0.21292621670102993,0.19088830044222438,0.0942440723502897,0.052463233590591414,0.043439887770574746,0.02978683374472363,0.010162936971789613
20250408-2400933298,Rest,-54.5,-73.6,0.5092878461491883,0.5519403090877282,0.07194874691975965,0.6136667269093352,0.0009857140828899,-0.00012534598306714005,0.02308924964422076,0.010853529696317225,4.923650051088198,0.4775894724177602,0.1386239637370703,0.021469593037755225,0.03340990705097811,0.005373805023931427,0.000870205891545135,0.0014402886559798137
20250408-2400933298,Positive,-62.2,-74.9,0.6021791341478333,0.5540182330937746,0.042436261310897595,0.5910773755704456,-0.0014833684209978536,7.355665556310872e-06,0.019547160953785787,0.010004516881931972,2.8289146212590506,0.32993794576668056,0.07010414801069066,0.058490990243818,0.021620576395760663,0.006309484613549424,0.0019004564906428161,0.0010331175431091803
20250408-2400933298,Neutral,-63.5,-76.9,0.6074710726403016,0.5669733141176834,0.061316181755193426,0.6186880641137201,2.0770790819031847e-06,6.572087668199931e-06,0.020498224658235933,0.009142744892813961,2.7541846997607706,0.7060062677087542,0.13762312744369562,0.07954441672898409,0.020966719036109624,0.006555128625610456,0.004345527796609168,0.0031804116048541036
20250408-2400933298,Negative,-45.5,-69.0,0.6129959880356829,0.5392341711587816,0.04195185010077152,0.5768234924533411,0.0013210039630118888,-8.983067174562325e-06,0.009953456835607695,0.004733044911943901,3.645218463298212,0.16022234997035076,0.022130325099684635,0.01217993809008711,0.006616466192276282,0.0013528115090991157,0.00044922772758106285,0.000564479421948732
20250408-2400965175,Rest,-38.8,-51.5,0.6138297542383522,0.5788727592074513,0.06309939434170277,0.6310254081209017,0.002330950596937365,3.090299303877072e-05,0.0173792490556434,0.010403252953738838,3.3226530163553045,0.25496287051903216,0.08508507693783872,0.03556808096530708,0.0369312296610245,0.01365402003879013,0.004852367395985956,0.004620317801782566
20250408-2400965175,Positive,-34.0,-46.5,0.5217387296051512,0.5248097832860614,0.06181438081500872,0.5807234190626132,0.001331080044102437,-1.3815009511777335e-06,0.022943399847653218,0.018406481864789527,3.790559479878946,0.13351904789829344,0.03154819606411065,0.017039781277039586,0.009706887488557102,0.023044630299231303,0.008841680866498013,0.012974860616224264
20250408-2400965175,Neutral,-10.5,-39.1,0.6839297942494982,0.572943251521149,0.10646181156841251,0.6593373802781387,0.0015103899838809834,2.4935436277791097e-07,0.007436666836365951,0.0037066978168087275,6.490022515132911,0.034225107925985154,0.008137923387742219,0.002514263190690081,0.001297964649889256,0.0006986285818929417,0.0003677136599215379,0.0002489247868189961
20250408-2400965175,Negative,-12.1,-46.9,0.2869831047605141,0.32539541937834643,0.04352994345295126,0.3865386428358246,-0.0007869532210321221,-3.239075214274196e-05,0.012334244595673479,0.007613658599115065,4.52602764007565,0.21156064939826033,0.09287107822559151,0.009860003989988974,0.021482340026514838,0.0167643243667886,0.004561652019226968,0.002794760633860128
20250408-2400999174,Rest,-54.4,-63.5,0.296506140461538,0.37749509264148595,0.06528664153855426,0.45583899186769705,-0.0024932194662729656,0.0001200365992745092,0.023120407819840913,0.01670766443986951,3.585103384635232,0.2219927396940108,0.06924264157618679,0.037717514485983816,0.009754770155698086,0.009081077902123131,0.0034269690710433155,0.0016580859014638273
20250408-2400999174,Positive,-52.1,-62.0,0.45923200558436844,0.4602359039331838,0.0544083356666361,0.5159703702111497,0.0012294488718115,-0.00043201927217474564,0.020612660009591034,0.007866132417314488,4.590945136042904,0.16001703302994033,0.017916068929451898,0.007450890810490008,0.005578356013897453,0.003067736278735027,0.0006629061187328855,0.00025306154885633203
20250408-2400999174,Neutral,-56.2,-62.3,0.3411489585770654,0.38110871104161065,0.05106119663671077,0.44306325312364675,-0.0006665795821816832,-9.518127776175432e-05,0.01582660245955843,0.008428728616474899,4.840918310710565,0.240338743993973,0.07576707370094052,0.04855443923599147,0.021657139681506014,0.006863722156927739,0.003887457840408411,0.0024801643761372776
20250408-2400999174,Negative,3.1,-62.9,0.8409290617012135,0.6257888038982501,0.11642324749623427,0.7127656519366213,0.0011191912220123565,-1.1204606732550296e-06,0.0055049396629008795,0.002979608048219169,12.920601492940243,0.05621188628578839,0.005358563738871147,0.007302433864466249,0.002060410834300009,0.0010882030587735186,0.00045119331683422955,0.00028556380477503726
20250408-2500038267,Rest,-14.2,-32.3,0.4814766447131076,0.4809207562540097,0.0600161698796034,0.5397230249632974,-0.00043660308128573545,4.014479531990352e-05,0.034151971335770484,0.01699205756122559,1.9399888917928054,0.7676554392493191,0.2080683205600584,0.06357383253110598,0.05680290654043361,0.013114721448333927,0.009228633830763033,0.0034889858454528536
20250408-2500038267,Positive,-14.2,-38.2,0.5979255239236365,0.5407806190796339,0.07662191889196608,0.6075076928435706,-1.428904434943783e-06,1.940512764053067e-05,0.02801387918686001,0.013357679921879225,2.916119370952554,0.9691353329609633,0.2790965583789261,0.05868391455840519,0.026939131262307167,0.008699533816356173,0.006015170402006554,0.003283501907830261
20250408-2500038267,Neutral,-15.9,-33.9,0.45783748928363366,0.4714987073214895,0.04719464496325276,0.5191393608358823,0.0008581519176852434,-5.380731002877615e-05,0.03390779552435984,0.01690268773779167,3.15397174690936,2.439249415479273,0.367770491088351,0.303328147455627,0.10298638528605762,0.026888705576707268,0.019023308773632324,0.015922798103341514
20250408-2500038267,Negative,-1.4,-22.4,0.5482958687664115,0.5467768991247258,0.03347875814160607,0.5765793402109172,0.00040685839371079385,8.030243243521236e-06,0.019057759826096504,0.010625505810874479,5.799559935854653,0.6345836946951577,0.16367155746708836,0.08353023501037384,0.02941470217760064,0.0158040008006882,0.004314304850629114,0.004415542838645914
20250408-2500040990,Rest,-8.2,-25.6,0.377603590075418,0.42987310048319827,0.05419525170421368,0.4888620809832273,0.000790406193155487,-0.000272445568028821,0.03634618625813437,0.02341328303827157,2.585332317081911,0.44084157086992565,0.25177646925372993,0.10387747255966655,0.0820155113785279,0.05779025176062902,0.03652676596337218,0.016361007503846774
20250408-2500040990,Positive,-11.3,-23.0,0.48485855999638444,0.4974304163747822,0.05130101452325272,0.5465693310624389,0.0012206538479394272,0.00020043956163405598,0.0361838763365717,0.022989724842670686,3.594478740165994,0.386459548032307,0.12438761608146628,0.06495330479085787,0.042458709004645774,0.01897214735345765,0.0215582530394186,0.01391695622872372
20250408-2500040990,Neutral,-8.6,-21.2,0.35496236124604336,0.3809657251553565,0.03605791097023048,0.42566746964429536,-0.0007434474722452602,0.00013454906235441964,0.044282622074251536,0.02931365527742668,2.013205780006083,0.7925435743282199,0.38235822783832546,0.48413709850238495,0.2737927103809799,0.16238640264241655,0.07751284836328672,0.04197610302404971
20250408-2500040990,Negative,5.7,-24.4,0.5879647266343674,0.5564409978928847,0.059469309879945795,0.6075326279435328,0.0001592770820923929,-3.4608683528763637e-06,0.027569065680370576,0.015767258620979382,7.454541343525075,0.9408079468548615,0.42989525180615745,0.2577492789446426,0.046512675712123495,0.018255760516045248,0.023154044015652755,0.014703724888812147
20250408-2500105769,Rest,-6.4,-29.9,0.23482131738362252,0.2993227792486801,0.055041281283769214,0.38030962052112655,-0.0017456199269529564,-5.7979606743729384e-05,0.022221267847565784,0.009334581981784737,1.7019459245025228,0.6946127917696587,0.2965979019543197,0.09938146696325845,0.03341830472263203,0.009364872033979574,0.002858441559040306,0.0006522201848840257
20250408-2500105769,Positive,-19.6,-34.0,0.18756412005992013,0.2596244184406607,0.047604142085280896,0.3391297402704932,-0.001238599996719399,0.00022918617918918523,0.02035795273337744,0.009073285522787692,0.6770625534255094,0.06311250028391464,0.06648920684620153,0.025074538793843575,0.006148492499471979,0.00647712484887504,0.000519903889163696,0.0016352474289482097
20250408-2500105769,Neutral,-16.9,-36.8,0.29166991056324865,0.3565392961469476,0.05421838140604241,0.4258387618606404,0.0003287693645074026,2.4635266631101508e-06,0.0199604429480238,0.007919212868428754,13.841551627648569,0.8372109709214692,0.5361486500768422,0.14927484983122905,0.04976937389193074,0.01972657166029363,0.004647017338737286,0.0022399857229505587
20250408-2500105769,Negative,-2.4,-28.0,0.22497834867517233,0.3603494520429696,0.09213077837982404,0.4711501947017453,0.0010099767321925823,-2.605743267114951e-05,0.010039841187951001,0.004593530407920601,10.029300402960441,0.11923974154564794,0.07188219370626052,0.02514119581788044,0.005268660469589205,0.0025259087234479733,0.0007964412701584795,0.0003767070401965942
20250408-2500134878,Rest,18.8,5.6,0.39457851433736424,0.4551931255145289,0.06581893160583478,0.5225128832110462,0.0014339455888232157,0.00016461413868503751,0.029966244548388418,0.018915205728160696,2.2608817152507665,0.12275380302947382,0.08761862510492317,0.043449783972084946,0.037440562631445906,0.03047275841231436,0.017485900012419085,0.014387251419046801
20250408-2500134878,Positive,23.4,13.7,0.4148475142383984,0.429732247421878,0.04728567737465473,0.4816175680443073,-0.0009779641564826081,-3.468244728799051e-05,0.028273174620244267,0.01687303319253629,0.8128518624131422,0.08430333022619874,0.07515409790272576,0.07434443246450606,0.05686588365679147,0.007456367313082832,0.010973419258371132,0.0018388985482414805
20250408-2500134878,Neutral,19.7,11.9,0.5332404157642274,0.5095022250273904,0.05841336154574734,0.5639200997070497,0.0013690095867989777,0.00021576372870689344,0.032502073249108386,0.020826660022385684,6.065795956253011,0.5122624420648417,0.08480417609800019,0.059307294018554065,0.048256740596577405,0.04358895946880253,0.018791870266881373,0.014279919978383834
20250408-2500134878,Negative,21.1,9.9,0.5124257062099773,0.5151338166110969,0.06505553630826061,0.5748203069869537,-0.0012400184539649213,-2.2057300590823675e-05,0.017904180188299423,0.009859848092787228,9.090837312163755,0.8200553430241462,0.0759121040960534,0.036520366945272796,0.020337590245285933,0.01143048616754912,0.0028410100739367965,0.0038533931906749937
20250408-2500225128,Rest,-2.5,-17.2,0.4777072038184533,0.4801565753709277,0.04673359898964862,0.526577568703402,-0.0006172642695107736,1.835757778633337e-05,0.03437733234444115,0.019886484298307985,4.0437270850972755,0.6939001545913668,0.37105841658409383,0.14472545531555925,0.09125233049145874,0.06982306457604223,0.020309123073247087,0.02553740054682535
20250408-2500225128,Positive,-3.7,-17.9,0.7110344351601537,0.6019509453384926,0.08507227516752103,0.6688925293060357,0.0011041666493321943,0.00024669251527683104,0.02718588492342005,0.01941927241861889,4.014863104004489,0.1464458021337388,0.07213950000258916,0.13893335393189726,0.017947157099228332,0.023306581520428606,0.01399105741922206,0.0027071730070077488
20250408-2500225128,Neutral,5.6,-20.0,0.5333735409813827,0.5555409291933745,0.05122995108537654,0.5998797171887166,-0.0007508291938016797,-9.322843685708598e-05,0.016871266308121892,0.01003685487330736,11.630321613333189,0.07180448683338664,0.052979155730079955,0.06052171618458025,0.013468639737577453,0.0072440983565848875,0.011090647706857786,0.0070392139348005945
20250408-2500225128,Negative,-1.3,-19.4,0.4512460456356725,0.4496913252699012,0.040053171405025845,0.49221485088122435,0.0006225166796071705,-5.689612499850937e-05,0.0291160723599406,0.019850049323631425,6.746740722000002,0.46942797510850215,0.07056978208343312,0.1643795725397121,0.05648576923687964,0.024379706846569874,0.011501201300333545,0.016882658669372982
20250409-2300773053,Rest,-62.1,-82.0,0.2096896108328275,0.28676243266502743,0.06178619840013541,0.37949820972976905,0.0011545661348105521,-1.0817296115355692e-05,0.019435159481145808,0.009106569402627274,2.457075547778886,0.0630668480317182,0.029248634770101256,0.013601594466823906,0.005317730267888665,0.0028952449280483265,0.002585119005727473,0.0015892958179891258
20250409-2300773053,Positive,-64.1,-77.0,0.3802580875146588,0.3856911337992962,0.04976309017178935,0.44555666403183325,-0.002019329068265585,-6.8705333423832694e-06,0.017537174788788534,0.007873334491798776,1.6946686793131136,0.009723975254705797,0.006506308086160423,0.0029299817767102715,0.0010672573551253433,0.000761731450825221,0.00045735322194005,0.00028152661983943584
20250409-2300773053,Neutral,-61.0,-75.1,0.3512571299829035,0.4168889867123467,0.04731933932418425,0.47022948287642646,0.0005419205268137884,1.0228204113969466e-05,0.02320090565687478,0.011192635800792244,6.316606392430337,0.5276285765561058,0.1943996813739355,0.14951165702338728,0.0337711779998964,0.02718602380116004,0.01135382199481049,0.006710052930919578
20250409-2300773053,Negative,-56.4,-72.3,0.7404652100514043,0.7014850816966228,0.042785935147038226,0.7313461936661433,0.0005086557965123229,-5.936655768827877e-05,0.02169617926241141,0.009635962854816766,10.616329780084792,0.9912516959971918,0.19397388194804535,0.02793476439902378,0.015360876432815036,0.010011615135140052,0.0031455198193827984,0.001605949804454752
20250409-2300849564,Rest,-11.1,-19.9,0.5269952274871027,0.5309097177040297,0.028632258650755162,0.5572229239750709,0.0024637654977989034,-2.0138434220485793e-05,0.040760829704113,0.03106891126997614,0.6163201954455206,0.10354609247904506,0.13766962255044557,0.13699673392360184,0.10482888583283917,0.046539739551855294,0.03620073424749438,0.0346624020678894
20250409-2300849564,Positive,-9.4,-16.2,0.6481572452477362,0.6310097960347852,0.05240173332543462,0.6712489076470038,-0.00013529881873381008,0.0001129607957591483,0.04101763175801637,0.032769307866448445,4.702402033895983,0.13955082140294706,0.11385839782945122,0.4097792684129334,0.03684475543752216,0.035068449097825416,0.04565091775672918,0.024727519819334295
20250409-2300849564,Neutral,-9.4,-15.9,0.617144405694092,0.6128099967751898,0.029335246797331703,0.6362950093666773,0.0003734150335755137,-5.204784133357554e-05,0.050014983662810986,0.040519489633973886,1.3641554460486185,0.41088654043983774,0.2721303866494523,0.23225821871397215,0.1795166182664274,0.0855835829499619,0.039919515876267936,0.041483706595690714
20250409-2300849564,Negative,-2.2,-14.0,0.5263980616514472,0.5163486161332573,0.028823957037693863,0.5435437888711669,0.0005881313310872031,1.8229244163687527e-05,0.0288985626558352,0.02507081336268889,3.061118940437738,1.373665503158622,0.10462831272773454,0.14408311539527913,0.04455434423533283,0.039635960167904175,0.012234639319505702,0.012169089315270717
20250409-2400846060,Rest,1.7,-11.9,0.46579006447638505,0.4691381292925602,0.051565980095918666,0.5212068346175456,0.0007810800918801438,-4.90477435567547e-06,0.019566146517532676,0.008988427165941684,6.09510918634262,0.9316002246965435,0.17830212579999022,0.012698318101169389,0.014010775167042355,0.009699162923478302,0.00276692714235182,0.0028602588358189913
20250409-2400846060,Positive,2.0,-7.1,0.5729733421154988,0.6065269807741039,0.05650723452150812,0.6514462471520258,0.0016322236013620968,-1.4405170616615354e-05,0.022712260186919776,0.01641555173339888,2.7875215272123954,0.6155130647646815,0.06799769673540366,0.02193462082785071,0.014336389451657803,0.004247795391114919,0.0028986144722369187,0.00030419206970856174
20250409-2400846060,Neutral,9.2,-0.2,0.5590254763291751,0.5582870021052514,0.04318922130970592,0.5957126807693243,0.00015423199093691283,-7.002663913882654e-05,0.014500429092907887,0.006681689541134491,2.1434884649417536,0.31161805776708656,0.05625702475821806,0.00847125343136029,0.003089281035449603,0.0016840253000886415,0.0010382216974365633,0.00019955086490589687
20250409-2400846060,Negative,11.5,-5.9,0.47867754277129526,0.46854324570790395,0.06158964643703782,0.5302097882305976,9.892762598630615e-05,4.594955980379549e-06,0.01430536855907682,0.008208919337876899,7.7275681433214025,0.49761079376493406,0.08178401246554239,0.0339153255675699,0.00913363695553078,0.007883806546828128,0.002627305638692212,0.0008760619463015708
20250409-2400927189,Rest,5.8,-20.8,0.24064347393185656,0.31477179691653956,0.0607513861981219,0.39979078320065004,-0.0013096364092518163,0.00011595300779922579,0.03492749701464583,0.018690775509451894,3.954811366986567,0.5466115376282734,0.4105580856847102,0.12558235819686586,0.05258752761746746,0.04925884826444494,0.00987390862557328,0.008652522500542617
20250409-2400927189,Positive,-1.4,-18.5,0.26576826405364906,0.31394959319901256,0.03899283561109211,0.3708870214511659,-0.0006010685750483235,-6.786286868964005e-05,0.04355216546334952,0.022932113640014077,1.085435375408806,0.3977042957534907,0.5386880980971238,0.26483789628315735,0.11610900920717215,0.06002705361337493,0.008755750051677693,0.0037119439868132033
20250409-2400927189,Neutral,4.6,-22.1,0.29945917475271183,0.34959759227852744,0.05596954219778383,0.42212322694294774,0.0011832951270950205,2.222307491066739e-05,0.030424446357001856,0.014826203618589377,7.38357081663504,2.322014121460184,0.4209446633138965,0.15879414204680073,0.12506609256693035,0.04445737367024982,0.009863682501918958,0.005278946681698454
20250409-2400927189,Negative,7.5,-12.9,0.33484336172323853,0.3528995683934411,0.048914560613186275,0.41647648911488794,-0.000622807038428148,-8.089710999343832e-06,0.02323057948237392,0.01079060499811035,8.839446257186491,2.0433617073644292,0.2571810529445322,0.05728735229055359,0.06577680238404007,0.043913980520415036,0.012499596893308,0.007443165407514767
20250409-2400959773,Rest,-24.3,-41.6,0.7130422043322104,0.638673008308645,0.06997995204440854,0.6912909398989857,-0.0023309225834268164,3.088411830435659e-05,0.01948750485598573,0.00891183631403893,0.7435760562310049,0.7709568004791412,0.07511421239663292,0.02010514646863385,0.012972051427970276,0.002553692549202434,0.0017661703370840008,0.0006086037516198365
20250409-2400959773,Positive,-29.8,-46.3,0.2014190917728847,0.3295021694430176,0.09653214777656523,0.4528839006237915,0.0016275884631959752,5.443173647612156e-05,0.023541504774914915,0.020093257655433034,3.846830876225009,0.1526905201435036,0.08647360406673692,0.04014322554987813,0.02946781642747265,0.04338581830845597,0.012965129023095944,0.013252903485622712
20250409-2400959773,Neutral,-19.4,-38.8,0.3583822609825762,0.4432929321555581,0.09122777766657728,0.536410664850774,-0.0008549549434976858,6.098346648873947e-06,0.01565979365713935,0.008942565736257665,7.274366672028789,0.525382923968425,0.062109045446993624,0.04528642635357213,0.016564407918676794,0.010739386335145658,0.007764682030713195,0.004037977613954187
20250409-2400959773,Negative,-23.8,-34.9,0.5877283309082252,0.5542226296640583,0.04076360870076755,0.5898528053103684,0.0004988306128318088,3.8255954604067694e-05,0.031379501822213,0.02251296354049572,3.101217313997345,0.3050598556201277,0.55075100756114,0.2104340327638929,0.13928522182974168,0.05561746040102399,0.04207375845138032,0.025098421967864198
20250409-2400993079,Rest,13.7,-21.6,0.28766343598711086,0.3806900664241009,0.0834444342904313,0.4778800696455311,-0.0019689594985525726,-1.7861331485866843e-05,0.012163711329002324,0.0076178167117637845,2.677591598260397,0.11061515061241646,0.019921060228118948,0.009513107137986983,0.011548332056879378,0.0037421227400013684,0.002112860808213047,0.0010118305676392698
20250409-2400993079,Positive,-2.4,-16.3,0.5816432209177456,0.5736723314106551,0.05365390514047173,0.6186710345301517,0.001038109153337198,0.00016158925880072823,0.02370817536725017,0.013171373656386213,1.5785663741128018,0.2941080551661206,0.2615059658830471,0.04561745497341069,0.013079210775822851,0.005758212593240411,0.003511323467665924,0.0030198757314312515
20250409-2400993079,Neutral,7.8,-24.3,0.5933126612478512,0.5287542734808014,0.05988036008524736,0.5826331966249927,0.000259193525752333,-1.971282050394494e-05,0.011631804539313374,0.006457523711938623,16.019799657878675,0.39497129977322404,0.13444448624181615,0.03961822836240639,0.023798294534469255,0.0020542065642413015,0.0033977702005192124,0.004567669559967619
20250409-2400993079,Negative,8.3,-9.1,0.640152100184826,0.6133695645116659,0.0407682563507226,0.6457479996252047,4.620891145480254e-05,1.5965571331034993e-05,0.019884019571023336,0.010112655635979887,5.529849022042791,0.46661398257353287,0.1556557028547261,0.05206591956916696,0.041896267142910525,0.03862766876592441,0.0075444115603708764,0.005201623716351617
20250409-2500054079,Rest,-15.1,-39.5,0.2795144939518337,0.38763689769684556,0.07855247457022146,0.47834594074399356,-0.0016851640974194012,-0.00010362897653583193,0.009800888676331797,0.004546923938606846,1.9315647527509603,0.005135615671704121,0.007890595209245762,0.00302690111356167,0.0005416258202577117,0.00030989387356870565,0.00023070771919199843,9.001528860663966e-05
20250409-2500054079,Positive,-29.3,-51.8,0.41226348474228086,0.45211681180716656,0.10161856577962598,0.5531981356605451,-0.003239066259587636,7.42232378979654e-05,0.004482331718942659,0.0011796204545019677,2.8500399606144553,0.0028961258533955264,0.0006061486022028178,0.0001882446447601754,5.682327866166149e-05,1.1536088227012065e-05,2.873188575525084e-06,1.1066867488799054e-06
20250409-2500054079,Neutral,-21.4,-55.4,0.0990587170930386,0.2558157559688039,0.07846892959648187,0.37935554641835995,0.0007472060823640436,1.1577325881097218e-05,0.008321403678805914,0.003241132065190588,7.421562280974272,0.03813988529709034,0.03337776354978968,0.002465655565540716,0.0034563232159078,0.0026595534230828225,0.0003384075012023645,0.00038515417927850835
20250409-2500054079,Negative,7.8,-34.5,0.7486419173424814,0.6647759469537186,0.06068649436173858,0.7089524342365655,0.0006342334202347946,-1.2946213600460784e-05,0.009247274142336304,0.0032136115017266957,3.809095769642219,0.19691075622941,0.04611697182947141,0.010495469686916491,0.002361099645931283,0.002026333052833839,0.0006150521927008219,0.0003476400521987669
20250409-2500095433,Rest,-46.3,-68.1,0.48586434977606086,0.44511357689773917,0.04322922397856776,0.4912792691710767,-0.0010757443251223555,3.053351327499337e-05,0.02244280328033245,0.02064075859959369,4.029824805400153,0.20498069299596508,0.12008010908963908,0.0432559014547505,0.014433590945820928,0.00633110980244642,0.001026514868149193,0.001139043993987944
20250409-2500095433,Positive,-54.9,-66.6,0.5076934808343849,0.495286938013335,0.059416473313078165,0.5520195868623715,-0.0015771817196657439,-5.431360296053381e-05,0.02726360658605817,0.021060993344946047,3.061498480382593,0.39906651695677653,0.04370729832649627,0.06662848283772708,0.011623326253149492,0.02939629034706688,0.008541099897497927,0.006329528355950237
20250409-2500095433,Neutral,-37.9,-66.4,0.3141934705960315,0.36469421591831513,0.041896294184443336,0.41820827981846315,0.0010014873846376224,-4.9112861656862465e-05,0.017504223934861004,0.007788731876012634,9.909050905221163,0.8792246547308166,0.12090589360444344,0.05009962560023362,0.017123804722594664,0.008920187563558469,0.00451065971477789,0.003308558138326229
20250409-2500095433,Negative,-44.2,-60.1,0.3779636069422837,0.41971609535613047,0.042019982069280204,0.4670991145038456,-0.0005273376508962439,3.1829161601578164e-05,0.025062596056634346,0.012507817706550553,6.891485041359524,0.6563872412528883,0.3149998537719224,0.117936361536288,0.060982535568078776,0.01861403856061375,0.018502213851904332,0.0037687158125663265
20250409-2500149149,Rest,5.7,-22.3,0.44375381356444904,0.4459976527561661,0.03413574219818561,0.48275216049459097,-0.002194735123121945,-2.1819723655883446e-05,0.022454191042958427,0.014425430590561655,0.7166076996280244,0.10742997223445207,0.06957022227849632,0.020561490718723582,0.007857318172660022,0.004892080531439115,0.0016109757465644155,0.0012685239827428295
20250409-2500149149,Positive,6.8,-15.0,0.6035492709936774,0.5712944055496778,0.10067032082192949,0.6534888052861267,0.0033421000887175465,-0.00015585257776986304,0.005732778820190505,0.004308914427425218,2.4595438214007603,0.003012682956792644,0.0011645095258724875,8.794879498698486e-05,6.492946490884675e-05,3.469401400782912e-05,9.958321194895883e-06,6.657364085901336e-06
20250409-2500149149,Neutral,9.7,-9.3,0.6819856553353107,0.6291904116228194,0.06660591755908533,0.6800635938183855,-0.0010973268070279538,7.456192899851762e-06,0.01852493185873448,0.009833974823194678,4.292223780433588,0.215691527963988,0.12815920923709154,0.03239223840885928,0.015668807370139634,0.008064325947875168,0.0029822563230688976,0.0015861220864278487
20250409-2500149149,Negative,6.9,-14.1,0.3448877043797747,0.36282952900861626,0.03302183059372341,0.4057919389469654,-0.00017585343783599517,-5.150923721925285e-06,0.022173956164477676,0.015383354401600203,3.6042326342371838,0.1382889019466091,0.19215103362764496,0.1278427298337556,0.039371353568923115,0.0349478384009326,0.031476201914374155,0.02685512819696292
20250409-2500168470,Rest,-33.6,-52.9,0.2846307536390056,0.3579143614911075,0.07873037438593261,0.454789033011483,-0.00125236983781672,6.63394860873908e-06,0.0193855702997982,0.008385421823894538,4.567670822921413,0.9665449718278035,0.17233332715357425,0.030127029242960627,0.019303848910843024,0.012418490033896334,0.0031487946466713847,0.0035480988369654973
20250409-2500168470,Positive,-34.2,-50.2,0.2227819575254381,0.3033932476983252,0.06265159024524855,0.3933180049199196,0.0007523983365456601,0.0001615234852694949,0.03245845463798636,0.010308436017449598,4.77469684867102,1.5377507468052045,0.3101303214566373,0.08993351422027962,0.02743737323540568,0.004462343316316131,0.0015756344919806834,0.001276415589948051
20250409-2500168470,Neutral,-30.0,-52.3,0.24020705753590677,0.349676477052908,0.07621572706311917,0.4455214536554351,-0.0005370292920787798,1.817907083584657e-05,0.020484932003616722,0.007934705688750652,12.8745755035199,0.4127200996382452,0.7735439702378781,0.19775174608330387,0.03247633307068789,0.020789943044981968,0.005157555062755187,0.004616312523240417
20250409-2500168470,Negative,-27.3,-47.0,0.3643955392460799,0.40173226978957577,0.07008046545288464,0.4811125461294573,0.0013545258720513884,-4.8619697644853606e-05,0.03327202593129651,0.013456227486627476,2.993233824680077,1.3906662710511704,0.35345942169925004,0.1613591932803624,0.09080587140905463,0.014618805172290241,0.0013170820218174786,0.0029978026849615176
20250410-01899802,Rest,4.5,-17.9,0.537953930523345,0.48503337442786215,0.05002686920132262,0.5341200646953842,0.0011599821953769396,0.0005666326537169486,0.04324741152721933,0.02981190827195847,3.296935428166707,0.04479019064168581,0.028128923688549284,0.015056516998479345,0.021978014971586406,0.022734216683661827,0.006566438232460052,0.007048590251184927
20250410-01899802,Positive,17.2,-13.4,0.22965180503824217,0.3125646240160193,0.045677301631346014,0.3786475218691145,-0.0021370724949994215,-0.00012656262232600728,0.04095781430579415,0.028929482832106636,0.8929432291349341,0.4971712976034796,0.2248586897537817,0.19760398626659728,0.0740900893472335,0.051261130865791184,0.022685627766040037,0.027588107795663952
20250410-01899802,Neutral,12.7,-18.6,0.20319906599301843,0.3210615984177643,0.06398231199704556,0.4087332406051841,0.0014776557962886488,0.0001770281834102632,0.03709917606800626,0.024964775932467938,3.8474963471485406,0.3076225286676011,0.08995061752663538,0.09175962763003426,0.0346128011871606,0.015602229116452133,0.021248569873567925,0.012618581153722072
20250410-01899802,Negative,22.9,-6.0,0.4784550818137334,0.5075607350966161,0.03944552956682815,0.5450352551703839,-0.0006950617890298142,0.00010149632834757727,0.04029501177742476,0.027902844507376255,1.1064955955717104,0.9853715721911209,0.48578695853997383,0.16789456849023152,0.09588943527423924,0.06654927635460985,0.05079479658334568,0.012871247230668112
20250410-04588596,Rest,4.4,-21.6,0.40375102780454697,0.4323015514488183,0.04068343543377335,0.4770409487861903,0.0007140969311573491,5.5381356036358806e-05,0.03238018472203365,0.015658709588337594,1.4431286892233295,0.7415854225033093,0.178543008045096,0.031086557314617444,0.013290414221205998,0.00700301484546443,0.009417982268023598,0.003942819580019213
20250410-04588596,Positive,-6.1,-20.6,0.676279924121339,0.6071586251526261,0.06663124868927406,0.6597521085881433,-0.0006048588010655157,7.819837291832507e-05,0.021731241918773948,0.01131477539554313,5.882093786347945,0.4401072460841627,0.10226024209511127,0.0757816274691298,0.022423614553066493,0.01030517960198962,0.007816432343160807,0.001459379076492184
20250410-04588596,Neutral,-11.1,-20.5,0.3119694682047568,0.36709945425076773,0.056085462506968844,0.43686092960824546,-0.0006178343282193281,3.8589578014552196e-05,0.04690696070958095,0.02724821137987344,2.4146094014519397,0.7409065455602376,0.5426242623456091,0.5193294455908848,0.11328734639535648,0.05754528077556145,0.058911195918039144,0.022500803883449265
20250410-04588596,Negative,8.8,-16.7,0.5856665156985337,0.5652600280685566,0.04724780145810276,0.605612665645434,0.0009189891536825537,-8.271491302811025e-06,0.024586831408463464,0.011383465389982137,2.655229383139671,0.5766235178034074,0.10045552839714673,0.07653514890736353,0.04294124990519451,0.00977276131391915,0.006079213443278317,0.003347183388787416
20250410-06023680,Rest,-32.4,-49.4,0.7262700666811539,0.6370714210640162,0.09308617221543242,0.7063612162002931,0.001830242599771321,-6.497137902218688e-05,0.005576198794806784,0.0018012601958462856,2.5043663956917293,0.0008473606052896812,6.940415081193355e-05,7.349989904499634e-06,9.425462041182514e-06,8.806428391438962e-06,7.243405273991424e-06,4.750921673281778e-06
20250410-06023680,Positive,-37.0,-57.2,0.2852836590391412,0.28511344915422676,0.036246181009405194,0.34283503306696217,-0.0020759722703982877,6.148148335574107e-05,0.013209911654441615,0.0038942161973678146,1.846038006638294,0.06277760223990514,0.016607452372952736,0.008861720760263803,0.001610370308860456,0.0006665936681074895,0.0002623845030118521,8.863939962324051e-05
20250410-06023680,Neutral,-41.0,-70.9,0.3918574240739656,0.4725770750148488,0.07105772086739907,0.5425742462529798,-0.0005300411903406932,-1.6405635965888377e-05,0.014518846316482805,0.007400746999112265,27.106920845433557,0.1976490614406986,0.1261873429211408,0.056011814924655026,0.01655703987286466,0.010576034716832841,0.003263741973119798,0.0008012534628305712
20250410-06023680,Negative,-19.1,-54.4,0.6213932889799368,0.5875432360691724,0.03592284787395787,0.6173571916845166,0.001113924787789927,9.160581436386733e-07,0.01917516637146009,0.009719408791886222,1.6191604869596863,0.5387675520754762,0.21259536795047054,0.08224502360016796,0.027650031346154774,0.009663511711138032,0.005395702621698546,0.004022240359360561
20250410-2100107120,Rest,-18.5,-33.3,0.3693737430059131,0.4459185006758044,0.0969569374208284,0.5438752124024278,0.002413735493899625,1.4328700673256597e-05,0.004501127097580607,0.002987116043919505,3.017989823567525,0.004517269874641849,0.0006202528912046071,0.0002574764019040041,2.7581672152733827e-05,7.157869389306513e-05,3.511968908949073e-05,2.045068991706575e-05
20250410-2100107120,Positive,-16.8,-30.0,0.41479838668349817,0.4562518977477322,0.07286684068367345,0.5301251124801395,-0.0026643230735875784,5.232851897561474e-05,0.016482589568864024,0.015114900108093242,0.962996066883386,0.03697831690745472,0.0201054728726192,0.005971352928315481,0.0026287217616795776,0.0025663383282522926,0.00024110574524032933,0.0002083139479825383
20250410-2100107120,Neutral,-21.6,-30.9,0.3445738825179853,0.37505760851848957,0.05280043226615334,0.439850704186957,-0.0005487910616958693,-1.6420557074023746e-05,0.02127009836649848,0.01230496268772254,5.668807888219292,0.36463546112352613,0.13117219797928223,0.05507010984612683,0.031154992512459623,0.015828144258638998,0.003756155615192381,0.0056604692351788655
20250410-2100107120,Negative,-7.5,-32.4,0.43829606584992054,0.41601170490529393,0.05822243916195315,0.4809242952691853,0.0017442881259563333,1.635750708121105e-05,0.013115944034747563,0.0068733715443055204,1.3826971097243863,0.2713650433106792,0.06961625700391182,0.015511025081878712,0.02178017834261094,0.008113034787278733,0.0021746967936241654,0.0025747740798035173
20250410-2201139314,Rest,1.0,-25.4,0.5236307800776826,0.5370458825609922,0.07942447362462125,0.6065004151691376,0.00028708873536322676,-1.3820373267191907e-05,0.016330403379658482,0.00931574795951193,3.760529300294235,0.034091845020200934,0.006679996335301999,0.005666955789855389,0.0016571702471808968,0.0005970960973088814,0.00030388089089112137,0.0001235180496680601
20250410-2201139314,Positive,3.7,-11.7,0.714181025977239,0.6687678723713871,0.0631446671812709,0.7144194386335125,0.002790675271097036,-5.193750964022361e-05,0.014289023449787535,0.005849161290227605,5.299872657381866,0.12812146623895374,0.12075735857422262,0.012887489804900655,0.013257150815362936,0.0031849248458520212,0.0019207630642916421,0.0015232410597699037
20250410-2201139314,Neutral,1.4,-29.1,0.8009236034814271,0.7276983804083269,0.05303932909180056,0.7632720759602716,-0.0017495810569020701,5.699588859183121e-06,0.012607726859392699,0.006335218025815403,4.107621485456591,0.16727197747934391,0.01377558972331618,0.005429756414877459,0.003002373221141871,0.0014085876908894212,0.0011223729760461432,0.00035088244021460506
20250410-2201139314,Negative,12.5,-12.7,0.5745592640562083,0.5785857577191452,0.03791110678181465,0.6104691522241333,0.0010740707975356182,8.81254141472493e-06,0.021694883874141938,0.01150414794820506,2.1630030928115214,0.5838547808144108,0.3008358007174149,0.11840733832325386,0.03313379232199863,0.024183741084350605,0.028326278706620578,0.008967233217562334
20250410-2300348596,Rest,-42.7,-113.7,0.004064156809788293,0.15230642920000448,0.04942188312160691,0.2694793711905661,-0.0010610860431682304,1.3425798241621792e-05,0.14622465498878828,0.2497050126514249,3.1890752870029355,0.07526222861882022,0.019440461476063105,0.01395017681489506,0.013313070114289439,0.012269285571136105,0.05342176302472847,0.01653415266285377
20250410-2300348596,Positive,-113.2,-113.2,0.8,0.6590747330960854,0.04647458872101417,0.6934364372649382,-0.001428571428571433,0.0014336917562723938,0.2117902312214053,0.3305227017254715,0.013912242337427131,0.16455321890450542,0.15522940682929492,1.104029472078125,0.17240205580754359,0.2043900277859121,0.01795988910008715,0.7040311774293941
20250410-2300348596,Neutral,-113.2,-113.5,0.4185844159498086,0.5010522343292446,0.041729569363724336,0.541094179316367,-0.0017406213467067763,-3.761307537527436e-05,0.16577726916509944,0.291296101356376,2.465316194398014,0.1204753807146417,0.12052131673450991,0.08629681507960274,0.13265869207741887,0.16867115226725338,0.06526527080000802,0.07873594788272181
20250410-2300348596,Negative,-113.3,-113.6,0.4140306588540591,0.4514585147475569,0.056428127876026586,0.5101400968499699,-0.0009542029222042988,-2.804982278540938e-06,0.1340777093100844,0.23225705734328259,1.846292281943093,0.24089905213683435,0.1417378837162298,0.1484284851132836,0.30298631606975324,0.24161304402917336,0.14234297447486208,0.057430908450638335
20250410-2300655738,Rest,11.8,2.1,0.6393349666094602,0.5827633740166045,0.07484891628405908,0.643787283486771,0.0013074863890727994,-4.555406394852382e-06,0.01258988103810125,0.006586259127614254,6.671687155241396,0.3365949063974859,0.11367944002307398,0.02852223756735286,0.005942891826639439,0.003745602972303449,0.0018240104465150641,0.0006867273490130031
20250410-2300655738,Positive,8.5,-2.6,0.7134574107724188,0.6118432383396502,0.13136813503577877,0.7111401291853305,-0.0027793365296518257,1.794885210987419e-05,0.012704906093920287,0.0058226208096183564,3.9722734990011563,0.15313602694142586,0.02337169846517099,0.017216558042788266,0.006026163082465789,0.003701107897704755,0.0008376445917752562,0.0007091991005348174
20250410-2300655738,Neutral,4.2,-6.0,0.47787557092588356,0.4842859478491213,0.07416790128320914,0.5556084777676912,-2.461800263210556e-05,8.62895723132546e-07,0.015013901405682276,0.005778877700621454,9.269815731466107,0.4446851649888376,0.07235562405332009,0.018726858175130957,0.007379795199915733,0.0046618915738744614,0.0010967980596285499,0.0005128302080852098
20250410-2300655738,Negative,13.9,-10.3,0.27909075206452133,0.3470336060292187,0.06835664160019249,0.4344985216474682,0.0007321386045771696,-9.951900456599765e-06,0.0075176691506348954,0.005159916038034916,10.287395778798322,0.05212657946784791,0.023540501442541363,0.007116800990959262,0.004996031609982992,0.0035525158862536018,0.0024153720270449494,0.0014143062331940584
20250410-2400349132,Rest,-9.3,-32.2,0.3913707299125442,0.4338860937259563,0.06625613584760812,0.5044930903157916,-0.0012721346563433708,-2.806360440091747e-07,0.01436506366666593,0.008242771342345745,2.5040432201059497,0.047832361784287146,0.025796228841562217,0.02252482474341886,0.0073565245144708875,0.001599537826260142,0.0004660044421597442,0.0014301236586256078
20250410-2400349132,Positive,-12.0,-25.9,0.5969387826667726,0.5523170979214107,0.046622239247967025,0.5930231158262688,0.0004946686460393247,-0.00014075677695666894,0.02178809198214712,0.012905274625735805,2.686624298627349,0.6265113463120476,0.09938581769920916,0.029565567069136274,0.037181158289852544,0.010166722203601156,0.006741963921525542,0.0044113024268276155
20250410-2400349132,Neutral,4.5,-36.5,0.3499816614849056,0.38592433039070156,0.055475914430069634,0.45212111565108415,0.0005563723462456103,2.3357732228890118e-05,0.010072877698629927,0.005133047937627711,19.544843391472597,0.22585416941105654,0.06056843881647063,0.03124782645786398,0.016637450973196154,0.0066215014572495075,0.0031265400543586995,0.0016795356243661903
20250410-2400349132,Negative,-3.0,-34.1,0.19148265709642143,0.2743165650373197,0.06642877205595103,0.3764018463156432,-0.001160534220225253,-8.495328806064982e-06,0.009058701081761848,0.004775951458015674,5.738245263581578,0.12745495995332046,0.020947227317322122,0.02561092224888485,0.012041323240522152,0.004652135747868007,0.006264843840827755,0.001930825093493168
20250410-2400608269,Rest,-14.4,-55.3,0.23720521168889133,0.30077235994300217,0.06953762434366918,0.40000204605645706,0.0016972024961514028,4.6767133519832744e-05,0.0073817253579602955,0.004708426147499285,5.416425734379512,0.013149536170421859,0.012641585322697465,0.003828002666952159,0.0018745581449302257,0.0004349838255331677,0.0002475815328271288,0.00013965045086044423
20250410-2400608269,Positive,-8.2,-19.6,0.4871195638413244,0.5155860376617523,0.06922915164130905,0.5788420457025,-0.0015583914071672603,-2.807888322204335e-05,0.02247359929823096,0.013218609314809074,1.7671134062835,0.023205088842048444,0.077675679794417,0.014709946101511063,0.010677305027831357,0.0076612642105579765,0.003263345390180472,0.0008365309949411165
20250410-2400608269,Neutral,-17.5,-47.3,0.43540500646656566,0.47260603158841813,0.05559731655308776,0.5281607498166071,-0.0014379708699694108,4.295030792095127e-05,0.006760233037152412,0.0036042077636197875,1.4607201622894586,0.019796599944530393,0.024944146074582292,0.003754924459178031,0.004466006409264631,0.0014805768036685774,0.0004341442209527206,0.00022505503874157865
20250410-2400608269,Negative,2.0,-49.0,0.16169933042117723,0.36292581801010687,0.12098280310144423,0.5026907125457456,0.0010206189574253081,-9.196743948637765e-06,0.005541908513479704,0.0026958144276942684,14.929418808036027,0.05326377807264519,0.009404304270344933,0.004899828773590637,0.0022748209046220555,0.0012823006966872948,0.00030862213032890466,9.068217873128862e-05
20250410-2400732861,Rest,13.2,0.5,0.467848190634881,0.46624447144844194,0.04347279893027505,0.5107413299181025,-0.0008399019202114005,3.115218293735983e-05,0.028671705042393827,0.017148762232568098,2.8477586766490717,0.3751373673561281,0.3812228129460664,0.13156682506566555,0.005769691865012934,0.018691583714600352,0.005778268169344922,0.0009597731078094905
20250410-2400732861,Positive,12.7,4.0,0.43379062636366583,0.43666854831232044,0.041316629471020265,0.4816596833410594,0.000986656014908319,9.96119610373769e-06,0.033586383876333774,0.01700497019761981,3.074454937312688,0.5062005814722472,0.38361638148589877,0.11308399504777258,0.06448094548592878,0.017242462843286517,0.01630025624831233,0.001739302617628437
20250410-2400732861,Neutral,13.8,1.0,0.6259430206713428,0.5952676379626339,0.045855022097699066,0.6326125061230709,0.00016682229075512352,-1.910688120798596e-05,0.01932697280106596,0.0100728432399674,18.26474126391145,0.8212676766781861,0.4001024330274311,0.05442866098885325,0.04375952525684283,0.018366930344678522,0.012020698301188348,0.0037274979525252446
20250410-2400732861,Negative,15.4,-1.6,0.6151424579970304,0.5791341711642366,0.031155842415723552,0.6054355709948094,0.0002377910687228653,2.851275650288861e-06,0.036546980804444046,0.04789602598308044,3.681442254102836,0.9848603768447303,0.09014706751840268,0.0783480997385374,0.025978872093490014,0.017984461967989657,0.004178486597043445,0.0036327019649262425
20250410-2400801667,Rest,-24.6,-39.2,0.5078495020192952,0.5126951305392119,0.11824963836079316,0.6173377805054642,-0.0023191330552793047,-1.9062077919314082e-05,0.008679505901266536,0.002013181276454372,12.078957957270985,0.12157990272622898,0.014772948281182184,0.0034348259710656266,0.00024784764275598,0.0002126060492151856,0.00011750046524347765,0.00014022789313624206
20250410-2400801667,Positive,-32.3,-39.8,0.7457543466350048,0.5953609183916386,0.08649798867801524,0.6640426280188272,0.0014850561591224002,4.465750605530072e-06,0.008850626771197877,0.0037468600082105254,3.4933634561833236,0.03590633489510484,0.004615799641587873,0.001037875534582267,0.00033188309679383244,0.000136807748705063,0.0001201455836750221,4.271917304663798e-05
20250410-2400801667,Neutral,-30.2,-50.9,0.7514180391699219,0.5943538463757335,0.08907362372319025,0.6650790317133891,-0.00010738486342618356,-5.956123413558284e-06,0.007874658203124354,0.0038876141973508893,18.298992651852778,0.0687269486672512,0.010784790745223597,0.006066400061533773,0.004727708572629551,0.0011798686193981802,0.0006196005162650631,0.00032890736341427727
20250410-2400801667,Negative,-15.5,-36.5,0.5483563916506442,0.5042657396872569,0.08185299575578224,0.5797731728685958,0.0012424902467419378,1.5242379416030845e-05,0.006528913188907806,0.0033922301010397738,6.408705216119516,0.07420576583284762,0.013700789060614983,0.008313305749272677,0.0023436736158934566,0.002006722071222323,0.0011566539753189136,0.0004791133679999263
20250410-2400971837,Rest,-31.9,-46.5,0.35445177507486475,0.42616721840850974,0.06933820262993624,0.5009557871469125,5.667815197022943e-05,1.001057468826075e-06,0.016245507118492635,0.008818450585979997,5.692042671366437,0.15346607353724523,0.038529455842851876,0.011980576281949065,0.00998422244730812,0.0025022440159313654,0.0008433373130355508,0.00038276972309841674
20250410-2400971837,Positive,-25.0,-39.9,0.7133714891422959,0.6184390738103342,0.08917527344196267,0.6867620850464496,0.003423466111068424,-3.031545058778174e-05,0.004275146926281801,0.0010857518379264201,1.8167712850259239,0.006751407473677761,0.0012261304477785894,0.0005644436817527503,3.162924756030127e-05,2.5946063859189507e-05,2.5493470455683323e-05,3.725344241498005e-05
20250410-2400971837,Neutral,-26.1,-53.4,0.4757153866661974,0.46820173416358735,0.06654999817665964,0.5345679208954183,-0.0003634195319357103,-7.023884223838868e-06,0.012984014189264287,0.011751185589964555,9.67858246851462,0.15530590154183124,0.038894295771824676,0.022575243896186977,0.005696601282535458,0.0044881098892149114,0.0015245399747590906,0.0018413562642785753
20250410-2400971837,Negative,11.1,-49.6,0.5200592848748298,0.5077252744300226,0.04849385885297284,0.5534246228241155,0.0003998232540567233,8.241769593151132e-06,0.01389677556916073,0.006231791875503537,5.987404051796961,0.5287172881808719,0.0932740044171815,0.01800945104876972,0.011275034920861017,0.006507540529051016,0.0030178872761125147,0.002004260496424348
20250410-2500152128,Rest,-17.0,-20.7,0.5083541851264327,0.5428208066446772,0.041899538932245,0.5801327150390876,-0.00107540499322324,-0.0002192623788540247,0.031071558694901524,0.01791612035854239,3.486702250359877,0.7426797381584405,0.073888080419861,0.048879714568296845,0.02823044451173244,0.01061713663933263,0.007310407160340431,0.004264556847871924
20250410-2500152128,Positive,-14.7,-19.5,0.6132554510150143,0.5833358148424224,0.05981236555902426,0.6325290810997524,0.003009016081586451,-4.6085038355362314e-08,0.012920257967480003,0.0060557755701227045,1.7054137871115516,0.050704775648948354,0.0279254210226663,0.01881525203734348,0.005954930438271092,0.0020017443455640363,0.0010868844043344888,0.0008220038419247966
20250410-2500152128,Neutral,-15.2,-23.2,0.4667044251310427,0.48610034921591594,0.03588050163083344,0.5217030296429845,-0.0019402675120743277,9.920698529336684e-06,0.016081004148353704,0.007650688518853575,1.3850410114155112,0.043976442329206646,0.05781975828820929,0.08474623877272562,0.018725160871589208,0.006782615352371171,0.003048924364061444,0.002746359886451679
20250410-2500152128,Negative,-11.2,-23.3,0.6560589556749092,0.5641702327572976,0.0641091408818377,0.6183827232477158,0.0016561168244915007,-2.111176973387451e-05,0.008620877423273079,0.004941231065112025,3.3742159666593152,0.07563178426293121,0.03238218400590167,0.015154723107233942,0.018899628089031405,0.0046175066769638855,0.0018066620938467584,0.0009558403859715159
20250410-2500194707,Rest,8.4,-5.2,0.48394973731372504,0.4959682569183582,0.059860859441722925,0.5530328844764635,-0.00024254821184529555,-9.748602826053474e-05,0.032680310518438234,0.021861456246305984,2.553159982062944,0.23049920455971262,0.17385931790908618,0.09104502657616151,0.023772806705597505,0.045391712995046886,0.009533556969169781,0.02055035687695156
20250410-2500194707,Positive,9.4,-6.9,0.5363513966051481,0.5200921006782915,0.05709699756267566,0.5723572230265236,0.0011867474318392466,-5.54340581897633e-06,0.029423958108531777,0.019588091742199054,2.946212209437562,0.5208420448934075,0.16894666908495315,0.038675022527213894,0.017462260288852276,0.012341471859784587,0.010918242662356376,0.011412607113999048
20250410-2500194707,Neutral,10.2,-3.6,0.5863687842447141,0.5492333055241634,0.04248888453262343,0.5866396751240257,-0.0007390526670920881,-0.0001591959704669814,0.027708023360087514,0.015840171728582753,1.6720130307147545,0.7032280914276581,0.22086530364500587,0.07507223519829284,0.019508312018321122,0.0147876095161216,0.006108702885672047,0.010548745034820926
20250410-2500194707,Negative,2.9,-17.2,0.5122244577705907,0.5236778758190469,0.01871814719483416,0.5412547134364589,-0.0005043946947217181,1.7206863204913423e-05,0.025861708463510505,0.01476193118193627,1.1027734256081132,0.36800440905792914,0.16548884554495047,0.06574324052006358,0.041590313241854374,0.01462830433563862,0.0030804622937511024,0.003530107324228812
20250410-2500232274,Rest,-38.8,-54.7,0.5612999385321434,0.5181507798068397,0.0626622164172563,0.5754497780273204,0.001041928172438963,1.4083779100552335e-05,0.012543451926485273,0.008427647534000276,2.1356153009790035,0.033405976959878625,0.003013284578459444,0.0006778033012451141,0.0011326351607017938,0.0005319576870224884,0.00023874658313934312,0.00021128930548256587
20250410-2500232274,Positive,-38.5,-49.7,0.5678883727867678,0.5155979101767513,0.061016128487525495,0.5717143810209419,0.0016382621380506288,1.862060576999794e-05,0.0153306319180554,0.005960823656461163,3.4868813992404846,0.27547970997674903,0.02378932000472832,0.014136863656337432,0.005304476465632409,0.0010756097021366376,0.000492923516515562,0.000383330799991869
20250410-2500232274,Neutral,-1.8,-63.2,0.5743836163302443,0.5583451286151331,0.03775856128386503,0.5911918841899934,0.00029046042814727976,-1.2644705252330182e-06,0.010999255759639068,0.00552833605900854,11.442705421204595,0.37002978638216694,0.08050969109001055,0.04150122778391295,0.01014471854813058,0.001814981318779519,0.001869699711717455,0.002906034687207979
20250410-2500232274,Negative,-1.0,-37.1,0.5344357671292026,0.4505946924625006,0.06665201265633468,0.5193145381478457,0.0008312060598640356,7.115967998886354e-06,0.02468624863445443,0.012220882105096049,5.134973003382339,0.5736352494017427,0.7262506450254891,0.12843883487752633,0.04952796283863148,0.023493677727389483,0.0024901114842028737,0.008420991348269452
20250414-01807227,Rest,17.3,6.0,0.4309817696252247,0.38117616577332,0.04120885505609216,0.4318612328164473,0.0012661185928926444,-3.2106110099391335e-05,0.028268577756541607,0.01861326433828225,1.8975349459998423,0.12871450128021086,0.03043436233869515,0.029987814651121904,0.022839082203119393,0.005188319727723286,0.0024048321443460533,0.0013242389056301583
20250414-01807227,Positive,16.4,9.6,0.34861865204324927,0.37059175096105745,0.04476091193918133,0.4267307790862569,0.00197344837509474,5.3398240084243846e-05,0.05575808126876598,0.04569586289913474,1.6094769540517606,0.11246387418729298,0.03339042002373167,0.0804050392225789,0.017037253457313464,0.01786793270619909,0.00957508581724702,0.008085927813653467
20250414-01807227,Neutral,17.1,8.8,0.3113104085820147,0.3489949270227028,0.029787826315866003,0.38933955026871814,-0.0002829162471519188,7.56410701680949e-05,0.039183000612198336,0.025665570350690014,1.5851379713747564,0.661022354642239,0.341683311458347,0.3728860776227965,0.31967941388308546,0.11283069956520227,0.03923467763557227,0.06214836133582014
20250414-01807227,Negative,26.9,5.7,0.23263808684755025,0.2977852558265593,0.05932594580158197,0.38471028630551507,-0.00011819518316386503,-7.217069933638939e-06,0.024450206359830966,0.013765650733175655,5.3766554892778355,0.30471202421789023,0.24352274903665067,0.04896675031305166,0.028183223869651847,0.01571054118802017,0.0039004768241323795,0.004349295506625772
20250414-2100976020,Rest,-31.7,-36.5,0.6764500070611819,0.6182749857221563,0.047863009093678646,0.6558406567630671,-0.002651541948964952,-2.818239812418074e-06,0.028722062522843286,0.026338999484098846,1.415041462854207,0.6086543895730159,0.04584899760923145,0.00804535974444083,0.007982957373942341,0.005998114630169495,0.002116647807501035,0.0008212372331049315
20250414-2100976020,Positive,-37.0,-40.3,0.6218983733341192,0.5563156794153665,0.07925280692836673,0.6234901299072404,-0.0030212728632228675,1.0728060311705772e-05,0.030887665713658488,0.030769498477902137,2.8111063499838536,1.0679086562254003,0.07163267871137348,0.17260893738318428,0.004870343925784078,0.0045605515999062795,0.003293563814484653,0.004570840083732486
20250414-2100976020,Neutral,-38.7,-48.1,0.6835501105075775,0.6075417578013388,0.06942421347220418,0.6622168836148357,-0.0004978596782353711,-9.758520053908788e-06,0.011555554659031556,0.01171898811865381,9.866732710489684,0.1843388008911643,0.0720609384751252,0.021929560006209728,0.023089991353428777,0.006849065354490234,0.010010056559944212,0.005290782541183166
20250414-2100976020,Negative,-40.1,-46.5,0.4967324924157736,0.44425271119819754,0.049024689861413215,0.49637199887620803,-0.0002767443362135267,-1.2074514175973544e-05,0.033983285370619225,0.045482895621806685,5.911463965426642,0.75674371790576,0.1774247897153742,0.013017974544022336,0.007764793001771427,0.029971310254151673,0.029656730091473606,0.006996876384966534
20250414-2200167495,Rest,-11.5,-29.2,0.4180987131810494,0.461461631068962,0.06493973797728603,0.527149480627756,0.0022432198874396845,6.676801110022134e-05,0.03767470844357606,0.022119801862406176,3.1517148978972975,1.0491821137752977,0.10871261670366923,0.14518834863589214,0.13679259569991653,0.0498994567881113,0.010531127176019698,0.007439586759775215
20250414-2200167495,Positive,-3.3,-21.9,0.5053804270437235,0.48200166784826814,0.0372905095443456,0.5192457196288265,-0.0003688724405987095,9.42168415113083e-05,0.04075786117623197,0.027279969182470935,0.9964800967735459,0.36981131050487004,0.13268557558860358,0.2096661940088618,0.10925361206426426,0.018081014034538684,0.05366595367322837,0.030465204756815
20250414-2200167495,Neutral,19.8,-14.2,0.4595061434513597,0.4571057186827368,0.049426163617250746,0.508302864117164,0.0007659757283515727,-2.3537127003621367e-05,0.03483503419092352,0.021002783221478707,6.822692608155787,1.4549012835888715,0.9900198407004994,0.4303920389846207,0.14075261371068584,0.10718364625608034,0.049472178486172864,0.044638001843911965
20250414-2200167495,Negative,11.8,-16.8,0.34518400873316807,0.35222916523749054,0.039401183983304555,0.4043099910059161,-0.001006579202035979,8.517092115361733e-05,0.02703806832029707,0.027886797057010103,3.244263832773038,0.6161545273475191,0.20993325441587307,0.06866479052220929,0.05581268245486415,0.01648810396931763,0.01936041158333798,0.011069889979969622
20250414-2300827987,Rest,-30.8,-52.3,0.6319097352769706,0.5449170270767453,0.08492331559340283,0.6179465041502874,0.0026455026455026454,3.8521809076164235e-07,0.003467183198288612,0.0015003647108511218,2.620461130128831,0.016410438753932843,0.0016197880851892361,0.0007167893581248891,0.00021798571102730376,7.48853918867178e-05,8.298132634473942e-05,1.649571517482479e-05
20250414-2300827987,Positive,-3.4,-31.9,0.6796173786158866,0.5668340516839302,0.0964742823612742,0.6463552618411136,0.0010568330223917433,-1.6424151399427573e-06,0.009693769796740363,0.0037044660509872648,7.101895792524217,0.11754002351512026,0.04885763242127259,0.01765685259841788,0.004918985631832614,0.0017214994387580477,0.0013098992666366253,0.0009177671405742505
20250414-2300827987,Neutral,0.0,-10.8,0.2752560919618713,0.3326254126567156,0.05135410907750789,0.4024845018414476,0.0005105073594542885,-1.0217035453906269e-05,0.02510377039929391,0.014867985036115878,6.863367411214457,0.663990010767652,0.8447845548494133,0.26986898395588393,0.11772129991713291,0.03320880190696409,0.01777736846647741,0.010565747414690255
20250414-24004794444,Rest,4.2,-32.8,0.5840535711739903,0.5953397808125827,0.048216601473121234,0.6345439749072521,0.0011041495222146953,0.0001313012075930619,0.016320769206533917,0.00806493488704396,4.935718689979299,0.06827939659362095,0.02352293490473778,0.005337111888958121,0.005218235725477827,0.002091009858368164,0.0016960590256520451,0.0005080487623119104
20250414-24004794444,Positive,-10.1,-32.2,0.45017256952133045,0.4755213056242239,0.051419790488462444,0.526820939780329,-0.0022743515873989793,-0.00010052837503636469,0.036084229388466435,0.023837195555441358,2.2668934635418148,0.1761458070443569,0.20177185660193586,0.09567442180355856,0.04538517573729519,0.022500701526034693,0.010831848549858296,0.005146074459432768
20250414-24004794444,Neutral,3.3,-32.5,0.5110921926147259,0.5333160304755957,0.056538934868714356,0.583922018107693,0.00041781948951685646,2.4289402749077236e-05,0.021305843215334665,0.01166025503331499,4.639152541214986,0.5912202073662328,0.24003584253298804,0.12310818709731484,0.05559445430722958,0.0277202151746196,0.021900704365296206,0.010875349898276264
20250414-24004794444,Negative,4.2,-16.4,0.5739224256508549,0.5704888118542165,0.053325558304228866,0.6154535260724927,0.0009059375584148246,-0.0001472545571670469,0.037644356565616974,0.02583096993097622,1.3256341500468383,0.5177298950086178,0.3896130558435302,0.21299314382303106,0.06557827755506476,0.03859013987850281,0.04380696659321466,0.01063617413870615
20250414-2400656736,Rest,76.1,59.6,0.3599411631036339,0.40430409150536123,0.05783941561084281,0.47042662979344435,-0.0007654986917886811,-0.00021848539447531058,0.027359474644544888,0.02609820268697375,2.3652036721797565,0.14739820594029507,0.07200669431909973,0.029418142312027575,0.035917722490483674,0.013041296137046554,0.015644160788339013,0.016710507326674704
20250414-2400656736,Positive,70.2,53.3,0.37628995895740236,0.388579996679882,0.04104529945567839,0.43822336002935247,-0.0018174804016583826,0.00014482954346826086,0.03924348406568631,0.022008898777006125,2.059828156559071,0.1136694946154221,0.19041191186734382,0.06618426917690567,0.04591225517843349,0.019871114590777395,0.020798482853083198,0.006389450381372541
20250414-2400656736,Neutral,102.6,55.7,0.5820490441754589,0.47632084507784167,0.09405628064692279,0.5665137492617385,0.0009683939138942895,3.49329375985404e-05,0.015954569070244284,0.008591119056654693,13.485450286585433,0.48961370421092426,0.34260071455887753,0.11107285978633488,0.04477414901752732,0.026341934802854426,0.009046154559189052,0.005232509571538051
20250414-2400656736,Negative,102.6,77.1,0.3014703279843146,0.3441022445326063,0.030578572548471544,0.3859856567812451,-0.0008816630035228586,-8.693520744823745e-06,0.02083402570063303,0.010321352425502342,2.6494555368946426,0.6896753963074289,0.305192607894528,0.09062258364218673,0.048817434293863315,0.010975031031784018,0.011599388897441871,0.0027699003250829055
20250414-2400838260,Rest,-19.0,-32.7,0.527774585701487,0.494354792898474,0.06034788828612176,0.552027670998307,-0.0007858490891816374,1.8015170656581263e-05,0.01143277063048159,0.007607198121475207,2.697111396705083,0.0950390276544795,0.0335031934231061,0.01440679533884067,0.005051757112943274,0.0022899503580750048,0.0016089993788354674,0.0005845920200018928
20250414-2400838260,Positive,-26.8,-33.7,0.4939487094262104,0.4799780391952299,0.06326830088308387,0.5418922577346732,0.0008174662449312289,2.9326152381761482e-05,0.021402414808526615,0.016278143784718258,4.625840721262521,0.16851416185070825,0.04604728165290372,0.05135995377866329,0.038039019538557095,0.009299637613563142,0.0012763448294858355,0.002604315805081049
20250414-2400838260,Neutral,-27.9,-38.8,0.48749385735972206,0.5032502603265997,0.06138398062758819,0.5609320860374976,-0.0001605654731873396,2.3832518318873253e-05,0.011584435757842614,0.0062691399858936635,6.305067250837838,0.08909228822595575,0.04407525840518089,0.019673321604422044,0.003953137774155354,0.0035817134383456482,0.005915102989576135,0.002569030927605524
20250414-2400838260,Negative,-15.3,-29.8,0.687439628310329,0.6047680648141236,0.05323814820844122,0.6472886221983678,0.001321003963011889,3.152681252849846e-05,0.01172512663774181,0.006501780065514941,4.780568794604473,0.24570176914820513,0.06098074444070113,0.03615447864375446,0.01325373286513617,0.005906893616458221,0.0028731697903400257,0.0020821691092899886
20250414-2400849699,Rest,1.2,-2.5,0.48389158080864136,0.5097600289554686,0.07906462719511027,0.5821682869375404,0.0004360294710709727,-2.180390879832802e-06,0.012451650310095996,0.006802582287864363,6.499615996589442,0.07390092187317705,0.035890456248050505,0.013473708499023091,0.014379252948636973,0.0012788818717335564,0.000648954111080384,0.00034125999386426715
20250414-2400849699,Positive,0.5,-1.0,0.4517939755294172,0.4492126929675987,0.04655021601822366,0.4983395022887768,0.0007729592319394003,3.001443203786126e-06,0.027696453436205488,0.011564723789253826,2.3796546352907724,1.130762936228548,0.26187731970376216,0.06228084725623266,0.03609017607502755,0.001975646230481708,0.0019629052520722967,0.0024569910676903095
20250414-2400849699,Neutral,2.5,-3.4,0.5267788780696065,0.5039819509423535,0.029390415166210705,0.5323422038894452,-1.012298623160351e-05,-2.891332762795593e-05,0.020313319477670608,0.01968495401733564,8.374177619429975,0.09540451974139126,0.01203294305649116,0.017863774677481896,0.008602410327983312,0.0014205099671064814,0.00161771476756944,0.0003536619671609995
20250414-2400849699,Negative,2.9,-4.3,0.5579866303655001,0.5412026299118797,0.03984012303902427,0.5768365536809881,0.00015783520889835683,1.7697321614247363e-06,0.018190005264920588,0.019977934821731602,11.501932558887997,0.12620445547013764,0.04329374186073017,0.04668286134187229,0.013933275072854245,0.0038400210810208713,0.002911512794439189,0.010923994446317937
20250414-2400868326,Rest,0.2,-5.8,0.49464251146308436,0.5001584670758198,0.02542464314918301,0.5249601273780866,-0.00022786184010005977,1.4905402595799533e-05,0.032607476604430106,0.024034802089209516,1.5143549992662415,0.9165721032659815,0.2573310403834871,0.02986101432795342,0.02564791133069024,0.011252356857573264,0.004637655118328645,0.007158521594918301
20250414-2400868326,Positive,0.5,-3.5,0.5919087456808343,0.5419682820273141,0.038019530840149446,0.5759766918580888,-0.0003819777332416314,-3.8763014608434865e-05,0.04719145783108129,0.03822428602011976,2.2859550631155376,0.23937790520472652,0.07212603941813928,0.02685539760771113,0.02522597035281401,0.037940141805117435,0.0081003699448012,0.005181096676820705
20250414-2400868326,Neutral,0.5,-2.8,0.4733139006263418,0.48064431556200976,0.03718317061415434,0.5178823502459098,0.0013311328216555514,-0.0001587449790475249,0.026114802199750535,0.020253034618400056,6.040917329837282,0.31607690794174925,0.1719996041569258,0.08151393434840143,0.06349092992454987,0.03981143123496492,0.01300606563611601,0.008887065226372974
20250414-2400868326,Negative,0.4,-6.8,0.4699359479694786,0.5408624503581072,0.037368004514190825,0.5743693887400049,-0.0006217925133486679,1.4873731507339394e-05,0.03547261794295973,0.04582000451286674,3.4015331861442744,0.6207554721813195,0.12075501090836545,0.09225649717998047,0.02987142447497384,0.04674925521380354,0.027165167918948626,0.02702135782973214
20250414-2400930500,Rest,-35.2,-51.2,0.31447291343835887,0.3974343964203002,0.05233470651368652,0.4585725743779874,-0.0003654607878073156,-3.747470036663234e-05,0.02191907143503011,0.026073241875060087,4.188332101161712,0.09824244971413805,0.0603791456798945,0.02283746232302285,0.01332287174404012,0.0012018318409397896,0.003617388779269212,0.0010277155494569177
20250414-2400930500,Positive,-32.7,-49.5,0.2309598529745315,0.31125309674704094,0.04566279824949452,0.37754640573592724,0.0021472206268733484,2.3706913034528004e-05,0.020345782173702587,0.010002576955516464,1.224826236400978,0.2003389642903754,0.05569883266655842,0.017251248181634732,0.020332824874105492,0.021816757376862835,0.0026192656256472436,0.0010313660835243833
20250414-2400930500,Neutral,-20.5,-41.0,0.32114982595981,0.38283733533198505,0.05542461878731883,0.4494319126535338,0.0006639353925721443,-1.4209181692894354e-06,0.019338520277070944,0.009540886082608379,4.905982333061905,0.8904032913781419,0.1853369257596599,0.06921911144115209,0.03888707973414055,0.011053915758972886,0.003473850937009435,0.0013057909016004334
20250414-2400930500,Negative,-3.8,-31.3,0.6204280245980422,0.5920356151084566,0.04482577475713964,0.6287542797579896,0.0010253824303350643,4.1161273022467555e-06,0.01393836919494454,0.006475510072896537,2.637147007305369,0.2940821777629512,0.12261459025537781,0.03711088541267405,0.02970371670405984,0.004608092912238878,0.0030903567856458026,0.0005513598062756631
20250414-2500000520,Rest,16.1,3.2,0.7924819604635991,0.6590367435165928,0.08239954745840372,0.7188386305446857,-0.0022287677748638467,-0.0002542263493692434,0.026850732747995463,0.01349666489444127,4.245200194261214,0.39053995456452817,0.23144221896214748,0.0738066172591444,0.02037086221666405,0.014935725836343469,0.008392612692424178,0.008705658968986483
20250414-2500000520,Positive,10.3,-4.3,0.593334136900761,0.5543198133853154,0.06339080499461976,0.6088195631762753,0.0006070062661286568,1.3170912550038855e-06,0.0177413638611601,0.010964706350184168,7.890947691655384,0.23633690967225657,0.05020833962800103,0.01249769597058684,0.019493977012264328,0.005124992234822958,0.004278835401152109,0.004437702886444718
20250414-2500000520,Neutral,21.5,2.3,0.44369575760738317,0.5089423833295593,0.07135903735727993,0.574788123491128,0.0005285937515617904,-0.00015396330404296237,0.016493583016590527,0.013620766668364436,6.976110714618508,0.132790551149113,0.07728156981282555,0.02922745635642634,0.010282328562517552,0.012913168375363927,0.00879205390861381,0.006105162626690072
20250414-2500000520,Negative,19.5,7.3,0.5386608232408707,0.4968552847672885,0.043795247357326296,0.5391293178436039,6.321102560784897e-05,0.0001354997497512273,0.023208073379244142,0.01492491587936454,3.0168524498205813,0.41662148423185685,0.16662967466133746,0.13514244940146766,0.057923819258661115,0.030983720061700207,0.014068899866430302,0.008022457594395037
20250414-2500016156,Rest,-8.8,-30.6,0.28454240790486635,0.3898705672986285,0.07125252803412777,0.47249506587887474,-0.0010273363100471583,6.118201768237343e-05,0.01618625383542592,0.00891876732880326,2.626793036843729,0.11190119897961344,0.015253337617449934,0.004789614759781218,0.01374823022941539,0.002842240080763867,0.0024700439818418282,0.0027799988135002486
20250414-2500016156,Positive,-10.2,-28.0,0.4613565485129414,0.46607145926316995,0.06467504645444182,0.530940346549537,0.0003901826123993331,-0.00013319991956348894,0.02348946156804491,0.011375414964630876,5.40383414642966,0.08619745658080297,0.07766916599013446,0.09298936011909152,0.02288450765737668,0.005230810586766906,0.0032485359107064567,0.004428199187979928
20250414-2500016156,Neutral,-8.3,-26.3,0.51768657718738,0.4866675079062729,0.07599114949088005,0.5593178101424825,0.0005950081631623281,-2.7204792162112174e-05,0.02089860029042695,0.008925372880830227,10.634517622740825,0.5677342780095092,0.25380377713577634,0.03774278206184668,0.024445617874180713,0.005483614711635117,0.0017652926643297092,0.0019949099622411674
20250414-2500016156,Negative,-6.3,-21.7,0.5442995642100993,0.524285171231223,0.04691669516292277,0.5672668119464381,0.0006298586447922059,-7.70478785780136e-06,0.02426620054041339,0.012235746949459206,4.1039203902283035,0.8506873875907739,0.5764678933575368,0.12229138400554958,0.046093339657093224,0.023361506334535462,0.021609284030700556,0.006404171378940351
20250414-2500034812,Rest,16.1,-6.6,0.23478569377462202,0.3446506029510656,0.07828384819319986,0.44392328876477394,0.0005543781991630145,2.7909304595642074e-05,0.019494781915445614,0.010087802481909793,6.252320753550374,0.24699369627030487,0.08307151792209519,0.03778822280145046,0.01428942667422627,0.006464064977822056,0.0035678465085212546,0.0025026125760836734
20250414-2500034812,Positive,8.7,1.1,0.5847064546453815,0.5554766034767719,0.04249284104160796,0.5924922767865407,-0.002311649069786853,5.4002617444263465e-05,0.03469673611217357,0.020148926602951176,0.6144490889179729,0.17691275800803055,0.15468673547328313,0.14177176862538649,0.03142453832197773,0.010808616413639643,0.012067826001192647,0.0037441918131843927
20250414-2500034812,Neutral,19.4,-7.9,0.40330224222312827,0.39245985379784043,0.07062906582892975,0.47397658451863633,0.0006030572156399387,-3.1205537490671075e-06,0.019350522315828136,0.009907795456968939,15.609474401697673,2.1241065736192946,0.400239495135463,0.16085052107284864,0.0478754410033247,0.021656858085681407,0.019146426355210244,0.011481023402605891
20250414-2500034812,Negative,24.4,10.1,0.514543107752736,0.5052404923216223,0.03929298646479327,0.5427346879886973,-0.00011260053482592633,5.490219884215646e-05,0.03653215649285694,0.018225309601727253,1.8428641869633178,2.8917199467582293,1.4097398937041945,0.2452165849986613,0.1683084442045224,0.043062686552023374,0.01582577934547007,0.014414899434716659
20250414-2500056995,Rest,3.6,-9.1,0.4160206188009981,0.46792723355509913,0.06121638197747571,0.5293130244760694,0.0011141795780726486,0.00012491916245803945,0.022897792002326802,0.014025744588473154,3.615578063288752,0.22637395567068921,0.07025035420543667,0.05118492738765425,0.03907777362684364,0.013498656662681081,0.006360139994330623,0.0010380689187249618
20250414-2500056995,Positive,1.7,-10.3,0.25266011591521326,0.34116112241024116,0.06642568734207595,0.4275705775498257,-0.002157249508230573,3.58277454036532e-05,0.02874406178846775,0.019943248179830425,1.4966236569989615,0.3478383931258288,0.043704838454459785,0.026248786952579862,0.06276355228655081,0.02346729173107693,0.007318811015399042,0.0068773165686499115
20250414-2500056995,Neutral,-1.0,-10.4,0.44363038760703044,0.4730810109640847,0.039170446003986704,0.512811943053969,-0.0004928746882204316,-0.00026193406877873885,0.040027151009488005,0.026320061429378715,1.9677043929932359,0.49046654165448306,0.6774290652508781,0.1397446312944435,0.09210604241558716,0.049002684309811036,0.019181006379664103,0.03198418504008121
20250414-2500056995,Negative,9.0,-16.1,0.4287837432194446,0.48148315474932885,0.03133252423715663,0.5129898171937947,0.00033037741704093686,7.455940132674652e-06,0.033395879058874096,0.02009178873587083,2.600939699138944,1.2052475648578842,0.5565446815222824,0.27283588670035935,0.05891617999639574,0.027725195671423546,0.024657082195405324,0.027902638043344863
20250414-2500077030,Rest,-2.8,-28.3,0.7097651589918507,0.6339476294754306,0.08583829496502726,0.6983751798872473,0.002569493086800633,-5.764647774162506e-06,0.0024193059167560917,0.0009359563957113645,2.504920699191285,0.0006220820373616079,0.00021429161874263406,3.992451179754719e-05,1.705964284564486e-05,7.610374865959795e-06,4.003833812555368e-06,6.638473768521929e-06
20250414-2500077030,Positive,3.5,-8.9,0.5548186685712224,0.5230105323952998,0.09450869048810191,0.6066701801510578,-0.00022265075415203698,-1.748518925400179e-06,0.007798158019548835,0.0022669456388243036,11.997135481323921,0.05882301846017582,0.01047991192982621,0.004959076378602179,0.001070769266446641,0.0005943831965863242,4.05197182560663e-05,0.00020539643308130232
20250414-2500077030,Neutral,-5.1,-28.9,0.23623986254433,0.3911353978911649,0.11349923784716856,0.5162229531226294,-0.0017363600985382723,5.693108558700459e-05,0.011640892835313593,0.00622907280656812,11.22499314944261,0.048520173637018785,0.008254420650375138,0.004797764828411443,0.0010709992534304355,0.0014952038849562423,0.001328229115238952,0.0002626578209416065
20250414-2500077030,Negative,-6.2,-26.8,0.5607629227898585,0.5776188984109302,0.030459188437824556,0.6034092974418616,0.0012344291455443342,6.77789450792148e-06,0.029944953817930317,0.019689809461175378,2.3874222960152984,0.6074273764714911,0.1788209262331154,0.12014632140907892,0.04960385895274194,0.017966200796064983,0.011730032873024496,0.009237169800255575
20250414-2500114491,Rest,3.5,-18.2,0.3073723680263886,0.3372646551383805,0.03669062714298693,0.38786347436771834,-0.0009338769815238712,-0.00012866157953109433,0.03096625505571259,0.020301352003130158,4.104545344541078,0.6104778135808646,0.42222220245940134,0.07301685267011496,0.024501440017481873,0.015569089077337037,0.01361359232507903,0.007777380355130603
20250414-2500114491,Positive,-8.4,-21.7,0.5995436755525654,0.5803523469981843,0.06552595585266204,0.6342986698070262,-0.0017284019724664007,-0.0002241740818333074,0.0435290475452173,0.0318205606573719,3.9262683053694594,0.44865047496667704,0.07337233212816507,0.015889193230842893,0.05251433064271477,0.03862282887200899,0.013626662903538124,0.005897083728295806
20250414-2500114491,Neutral,16.2,-19.6,0.3855150063065148,0.40587560278308077,0.03052641460367506,0.441883943517078,0.0006791334007679379,-1.1942138178951158e-05,0.023982446363857077,0.014825736399482524,8.408864301271647,0.8949918182243414,0.3658184907749179,0.11867683710763309,0.14956328083023832,0.16433405714624255,0.02312845552299543,0.024919922607761387
20250414-2500114491,Negative,11.1,-10.8,0.3067766286444546,0.34923367467980165,0.03671617208067449,0.398346998998401,-0.0013492478424305097,3.164204143895477e-05,0.020358429999443903,0.013297472078572911,4.062511124274247,0.3233605368818943,0.15291076523046215,0.059589617126926876,0.02728404330082996,0.02487109678449774,0.00885041906795979,0.004822127343069989
20250414-2500234231,Rest,-3.3,-33.3,0.36319678747702155,0.42562803555249634,0.07458720686153521,0.505713784180155,0.0004907966793876507,1.8910310860482487e-05,0.02910866436379114,0.011179136797134613,3.5414358807793302,0.9631830143293902,0.18992671761242738,0.11723320578115315,0.020722805702984255,0.011055357106677387,0.004647462171209566,0.001911810326078713
20250414-2500234231,Positive,-6.7,-31.9,0.31604694356358765,0.3649698668756086,0.05164315164836647,0.42993738541276677,-0.0004398137410955186,1.204327495606567e-06,0.030246144044603216,0.012250387943889588,3.556424633830017,0.7361154923223786,0.2725918625690876,0.09141213743944675,0.02319606058788211,0.0318886538039346,0.004196957128846837,0.0026402193414871706
20250414-2500234231,Neutral,4.8,-30.3,0.4098139948570543,0.4196799974105504,0.06058467865221403,0.48653466359421255,0.0016891572500231148,3.408271613843189e-05,0.024088245792003735,0.010337641100011077,4.802695322107253,0.9291724079809528,0.2453522588376493,0.0922506276275964,0.05196819020671759,0.015645129946550422,0.006922869743791363,0.0025526243389302995
20250414-2500234231,Negative,17.1,-1.9,0.6823326606632659,0.6375950982085548,0.04574972813032342,0.6725156038263351,0.0007133400961191201,-2.5233245790685843e-05,0.021324078429910798,0.01079421605001718,4.433489585534349,0.6215783954920057,0.2566284597564551,0.1434548590873428,0.022760274965095795,0.015125648200580141,0.008742295232933,0.004116914233821405
20250414-2500247012,Rest,-19.1,-29.4,0.3471823786982172,0.3351697680230366,0.03680044319798637,0.3861854691655326,-0.0017570031480424668,7.435817296928303e-05,0.020625005460887785,0.008437007115914148,1.176803267219196,0.21350617712454184,0.058527159510692435,0.026752878148134804,0.010225639437942934,0.004904489485443671,0.0019207889505750493,0.0005634613244649724
20250414-2500247012,Positive,-20.7,-29.6,0.32038038972462624,0.37646717757235587,0.07120067321413046,0.4614414469934687,0.002293469859051049,-3.292146455948899e-05,0.017313906294389923,0.008121424909810474,2.2986166995728445,0.11014276905334752,0.060538739887213366,0.027605930236680835,0.007584872631857645,0.0014259594753243269,0.0005315841686480021,0.0003061781539492269
20250414-2500247012,Neutral,-19.5,-27.8,0.3099455683505488,0.3222866586135381,0.03892128446431504,0.3778756075543833,-0.0007025966123952822,-7.4222054125247365e-06,0.022223357317047124,0.010709469251264927,3.9379989113211273,0.2945742811399386,0.17052283994161624,0.05123374565310325,0.021202315614158876,0.004526487768825692,0.002363211253100601,0.0009216230098865915
20250414-2500247012,Negative,-0.5,-22.2,0.6716031867524224,0.6293723700240762,0.0627689192123243,0.6774057125254015,0.001186718643470162,-1.167487502277886e-05,0.01436183190813997,0.006923631039792036,3.80588457191071,0.22545570230750026,0.0523003261533401,0.028944431367676625,0.02747111767042681,0.005904033021685509,0.0036980914736221508,0.001925436430137184
20250414-2500255119,Rest,-28.3,-37.1,0.5801084696835442,0.5436518082839276,0.05951201990905483,0.5958769240031361,0.0010058374577228092,-5.018788533263965e-05,0.03069826234895114,0.018729388998274886,3.074456690688804,1.1460920485974713,0.4027585776756255,0.06059564159882648,0.020994153588880137,0.009417329411235898,0.0028264461690592807,0.0014685616688587507
20250414-2500255119,Positive,-30.0,-41.7,0.36400253754145384,0.48222578806259747,0.0944078478339349,0.5717950319008797,-0.0018814539337218073,-0.00023507444176389184,0.020603904216672915,0.01735945844058319,4.5751466828279845,0.41045790814487093,0.07468108662750181,0.0505361105328917,0.00451717039461126,0.0016606119406533438,0.003177622840528459,0.004133117299860609
20250414-2500255119,Neutral,-24.3,-44.9,0.3523851361156241,0.4764300390881187,0.08011507242375412,0.5541666306890558,0.000603264645616881,1.91098805661609e-06,0.009776682487426443,0.006527636712372351,13.1468331299385,0.26199449135543135,0.040553188133042234,0.020958265278099377,0.00972242380430505,0.005313697558742409,0.001935438796831325,0.0010396718228156733
20250414-2500255119,Negative,-20.1,-29.8,0.5741307786203997,0.5680640651160421,0.046387550738963806,0.6075231129884087,0.0009051706707046455,9.892358332612292e-05,0.0310241388668193,0.03573885413773091,5.51905760073114,0.9155513841778374,0.24482836160525004,0.10837576146273209,0.07760163584842475,0.025680483822347135,0.03839799900690986,0.01707529029489763
20250415-00921619,Rest,-0.2,-14.4,0.2976601014364927,0.3622287060038026,0.04197282903310582,0.4161519728251869,-0.0017743003959671201,-2.2634299098724423e-05,0.023003528709313808,0.01587316153823208,1.5178547158749538,0.0375121259034695,0.014978620610371855,0.011830025665595089,0.009117128477784892,0.006349745823547142,0.006129203343097905,0.002565215242734829
20250415-00921619,Positive,-9.1,-15.0,0.5032517116766564,0.5193589569702967,0.0691303878808464,0.5821203604634706,0.00320438347200723,-4.019824356807557e-06,0.012817034998757287,0.007269926179477924,0.732828768950348,0.09307530110539698,0.05960114696048574,0.0040646226954438825,0.006312974577361925,0.002494298875885252,0.002293575894312458,0.0003785750042482533
20250415-00921619,Neutral,1.1,-22.9,0.5784505762731018,0.515931879176371,0.05404905879158305,0.565892889814004,0.00015742082240326492,-2.1416723677070976e-05,0.014386409128635274,0.006924552147605792,12.358333481450181,0.24619823416460532,0.09558187709798453,0.07280430191530897,0.023942134616781664,0.0036867525846427784,0.0024066417450200788,0.0019121280444272157
20250415-00921619,Negative,22.6,-17.1,0.6377053395166263,0.6101512079865206,0.03977559244039321,0.6419190673658196,0.0010787720078394326,1.7225486521412023e-05,0.02113443262757981,0.010024379582417899,3.8730336322785877,0.10740492596417713,0.2859063094273427,0.08268230203304655,0.04393337033983182,0.013760553207370414,0.015489134559044725,0.0020506615730716583
20250415-01371111,Rest,8.0,1.9,0.6734295027561412,0.5835297222386194,0.08106349388611214,0.6492845528903274,0.0020205139268904657,1.8067282184953062e-05,0.012419756004688086,0.007296922418867798,1.8506237278943807,0.04237473792943565,0.034353086072200736,0.01793329914344686,0.0025020700781225344,0.0021246435720484367,0.0009571128713288673,0.0011029146369972073
20250415-01371111,Positive,13.2,6.5,0.5155122924978875,0.4674408266978286,0.055858455644902244,0.523793262756263,0.0003253883812480232,-1.0436765658595888e-05,0.018080501808511132,0.008484239106945733,3.1373821931556436,0.3517964470588037,0.042139997202848826,0.060874109111383114,0.012426223551393577,0.002295743969791696,0.002877832732352564,0.0003148016853599542
20250415-01371111,Neutral,12.7,0.8,0.4100434412651375,0.44671480977568523,0.052541201179347526,0.5020909503787876,-0.0007427722091558252,-1.2889458325726685e-05,0.01755227213194282,0.006593493456200494,4.839673897725292,0.6648499759419514,0.1871349857807981,0.05750960664632977,0.010460738942292365,0.003923080693297403,0.0014957718502314028,0.0017478013056395362
20250415-01371111,Negative,12.7,-17.5,0.5534107576129171,0.5439144442075565,0.06604124583827545,0.6015680912880026,-0.001337479780024624,-9.311488446491853e-05,0.007920019322946328,0.0053179684039507,2.4524804704636103,0.05673897886061712,0.006919673766778913,0.0042332304257385045,0.0019855219076007624,0.0006342665124773879,0.00039971410637265056,0.0002470676549965228
20250415-2100006416,Rest,-6.9,-14.8,0.42950259077274633,0.46344755100654317,0.05611656737581109,0.5204807392303519,-0.0008359010161400222,0.00035026638330739354,0.04062083161866908,0.02658500495347853,0.6972061599473299,0.10892814003741372,0.12536433275266157,0.12692479037540744,0.14860066799401217,0.038782012519305124,0.006739113867204563,0.015364895144256797
20250415-2100006416,Positive,-3.4,-15.8,0.47456310790800893,0.49306887358387885,0.06009104710084906,0.5506432249634278,0.00193842746780339,0.00016472922958264908,0.03567140229921319,0.01825472621808879,1.2749523801742446,0.6141566841812103,0.17077723175495227,0.11895389013213026,0.05835679709713189,0.006448112484980696,0.010598369359573638,0.009241036771696947
20250415-2100006416,Neutral,-2.0,-13.4,0.44626790607442257,0.45315620156075276,0.041034347917484705,0.49637172656231565,-0.0008835302778120111,6.346765815081828e-05,0.02764387180493004,0.017615150109511046,0.7155253172744105,0.3360369704178866,0.18040062337048643,0.09150106277809063,0.04547353538740946,0.01729393753540797,0.008126059524506945,0.0068753984920258224
20250415-2100006416,Negative,1.9,-11.4,0.6625467420211749,0.6085481256780851,0.0554691215155068,0.6525334801999184,0.0006162141760467827,-7.378461499706709e-05,0.033146213507433034,0.017379477857396474,2.2661364125113432,1.1743321616082687,0.18345610600388543,0.14280321669686225,0.07787069652812961,0.03982351156328867,0.014347757037991463,0.006040793008937875
20250415-2200974617,Rest,-7.8,-14.6,0.2531572463558824,0.314078105194085,0.051573994621116954,0.387581024797943,0.0016561065775755218,-2.8768387170010048e-05,0.024438121716111986,0.014538327928118615,3.708936741003819,0.3759057402363758,0.09293473813309819,0.02731201192637649,0.005270751904680651,0.005782230631130228,0.0002225517214527583,9.107899682986997e-05
20250415-2200974617,Positive,-9.5,-13.6,0.4826657108505502,0.5284755140712964,0.05532779281937821,0.5784584356652597,-0.0019216740572947455,3.2713318871986734e-05,0.019108666112362522,0.008514648768812286,0.8967925632691444,0.2487571554277263,0.0593420407131198,0.02168899280544813,0.011571079046956197,0.0024386195396191006,0.0005167259245090769,0.0005163509092017517
20250415-2200974617,Neutral,7.9,-14.8,0.3905117854070798,0.43550394036099077,0.1091383158475176,0.5466278422450388,0.0006117166801913791,-2.3737338794237545e-06,0.0077032103158870945,0.00487960133403465,5.87621496318635,0.14270122697057464,0.03179897459955406,0.010427870199142413,0.003971500954546445,0.0006508781968917387,0.0003365219448073905,0.00023998627932773103
20250415-2200974617,Negative,11.1,2.4,0.667109473850036,0.5986218605473037,0.06495698412941446,0.6506190252786418,0.0009028858407184403,-2.7223596285236248e-05,0.030622368398746685,0.013311857035432865,4.433719440293152,0.8034225484704592,0.3050853076363462,0.12175515191100934,0.01998119870016456,0.01194036782453269,0.00580440201929082,0.005397588858376088
20250415-2300750931,Rest,-28.8,-36.5,0.5445970818079204,0.5506367364591102,0.07842317223185441,0.6177572239724873,0.0008952866456170061,2.448324214759243e-05,0.010007845829264107,0.0038359385464316483,3.6714667128961613,0.055437009899927996,0.0041186364352253195,0.0008139989570978954,0.00018236911956441966,9.687826279502377e-05,1.604170121744543e-05,5.443455827335704e-06
20250415-2300750931,Positive,-32.2,-41.3,0.5402657119879736,0.504490512809291,0.06341137279322236,0.5638457681918024,-0.0011829076432081985,5.656417587310007e-05,0.01181635905968002,0.00450366716012836,5.62629221644619,0.04449804832464413,0.004164638325842757,0.0026866915200857997,0.0028672913259743826,0.0031127129524901468,0.001331620201747164,0.0003055595804483376
20250415-2300750931,Neutral,-6.5,-44.6,0.16523625149259763,0.2121649534783054,0.029693560168033758,0.27332677814748646,0.0008020263009635271,-1.7151603873166661e-06,0.007608691193638138,0.003177267132405982,4.065711035267464,0.06936826924174261,0.024503136901978237,0.0044865470850699,0.004749323612803185,0.0013641609065024628,0.0006670854597268823,0.0004067232582588329
20250415-2300750931,Negative,0.6,-11.0,0.4467859685750383,0.4317116859822905,0.03359829725724175,0.4690130883791128,-0.00039414941607787744,8.625336576758875e-05,0.026546364215689976,0.01208740890005741,2.2950743855834412,0.7044558834060607,0.13220846565243266,0.08511206195908061,0.02374459877301895,0.006438363144807963,0.010282851490009341,0.005854568470871743
20250415-2300830229,Rest,-9.4,-31.8,0.378134331815134,0.4364551547181179,0.08336532997927133,0.5233148498363939,0.0004687407447139873,-3.0880734165935976e-06,0.012139184948196876,0.0035302552954330113,2.707828400027362,0.09424435836807478,0.014569050858035747,0.002262238402971663,0.0011729540020758232,0.0006331092026518974,0.00018966708317502012,2.779555961385438e-05
20250415-2300830229,Positive,-18.5,-37.4,0.35611574383211925,0.41432773620105673,0.06466892020253227,0.4861444159794749,0.0014675389276785423,1.779913519875728e-05,0.015327248609688074,0.008411254129103854,3.6691341732873273,0.39350227684330097,0.0629434141834586,0.026891501097484477,0.006043912547441254,0.0027090541764586756,0.0019784755129834313,0.0012620227949306194
20250415-2300830229,Neutral,30.5,-38.2,0.5941011424113208,0.48746224112768693,0.06956486099836624,0.5542420928832393,0.0003882808065295047,-6.529025398875607e-07,0.01225018448653604,0.007248601930846184,19.59185565737858,0.21110112049763943,0.10068687614481958,0.08573793745917999,0.04729131611666819,0.014400316969467435,0.008155583337355103,0.009539133253640423
20250415-2300830229,Negative,22.6,2.3,0.3186354105579608,0.36186642722032364,0.04572083422297556,0.4203190994615607,-0.0009407982693423235,-0.00015327959962490657,0.02277243783420376,0.014162210869331256,3.33609305507146,0.2475972851929805,0.1385786080358023,0.08147119311789965,0.03341641815690012,0.01990889397801064,0.016426604920615994,0.009170985387873355
20250415-2400941625,Rest,-4.2,-8.5,0.4534887368073951,0.4765761759014472,0.04175061571177267,0.5185320309765057,-0.0020109669231634154,0.00017381154844397294,0.029662550281334944,0.019633395149326348,1.4344057246243247,0.1728090835894929,0.1181880799443458,0.05109183883294548,0.043502464528048,0.01611269178131658,0.017128079554193612,0.007461206517225872
20250415-2400941625,Positive,-2.4,-8.4,0.49674627900468327,0.5589163765931592,0.06118123433799519,0.6112027080781148,0.00244940027626371,9.265810759457173e-06,0.01803645851458952,0.013162554026570952,1.9156759533643617,0.06398536275307033,0.016858541293313704,0.023632231518940994,0.01901612716862069,0.00644537755507054,0.004546852039328966,0.001302943758348334
20250415-2400941625,Neutral,2.3,-8.0,0.32520873961899976,0.39270217949050523,0.04577428523946022,0.447201617859387,-0.00022053247808365457,-1.0805042836781694e-06,0.01554063331235951,0.009553221346978774,6.721509494148902,0.3858369366993739,0.18458339865584866,0.05680153124678938,0.049638254974358406,0.027157077620449076,0.01627027420881692,0.013292623286088587
20250415-2400941625,Negative,-0.5,-5.6,0.42253013046793286,0.42969601162182186,0.044433774226602045,0.47861512369575504,0.00043735234409707864,2.3107910050525278e-05,0.029577017711594353,0.017156050712570012,5.743526197170236,1.133995142177512,0.4960791931952042,0.17392609814136234,0.11003120458692722,0.05732950802721248,0.02865247167015429,0.018384695054535508
20250415-2500131138,Rest,7.0,-37.4,0.588217451986728,0.5686635691328914,0.0723332677168282,0.6290560567833259,0.0007550410309444855,-1.628285011379961e-06,0.019110619163972317,0.010478351029649075,11.382441128508276,0.523062045397707,0.09122901765753386,0.04333191234589971,0.02498593280645997,0.010867894997847705,0.007654415008654084,0.004631479466693801
20250415-2500131138,Positive,-6.5,-33.4,0.574482261672889,0.5838615111581289,0.06482134133435413,0.6369580877469161,0.0005875013862209382,0.0004798566665805606,0.02592626915189521,0.013634353346844522,3.6690931579930397,0.31812759407417096,0.09760910060837896,0.03332240667871846,0.018029968489523332,0.003546087424155901,0.0018661661283306359,0.0008437379617443638
20250415-2500131138,Neutral,5.3,-32.9,0.47640691391225537,0.4585624189395881,0.04463320220573682,0.50488879396305,-3.074337625275201e-05,1.6188007260453105e-05,0.027103865928810172,0.018246039593788843,6.525273910103525,1.1248381969299108,0.3086219665253629,0.06421779019081315,0.045774053576795766,0.019652893102587488,0.0166926063146257,0.00763328262609909
20250415-2500131138,Negative,2.2,-16.5,0.4512496655341159,0.4468087068938646,0.033402418019743293,0.48274262146190355,0.0015036479218274324,-4.1320087439499405e-05,0.04233184558787894,0.029657681074753715,2.2371089810438525,0.09134557782062062,0.03300622119109754,0.029582517355000386,0.041951107934841046,0.02077039965524268,0.024688516798010436,0.02518302752814435
20250415-2500150490,Rest,-7.7,-20.0,0.21597342587674118,0.3202258661406382,0.0636739317072208,0.40769907659049553,-0.0005726184456838197,-8.85761468038255e-05,0.02792413231792307,0.016732901047301196,3.221096567903405,0.7111635493841458,0.08800435946438276,0.07785337105850892,0.03454441544180263,0.02131979944192275,0.004527522303635959,0.0019716990021539614
20250415-2500150490,Positive,-1.9,-21.5,0.19745706596937873,0.2717699950597327,0.05202978098527609,0.3548079920182791,0.0008980464487766678,0.00026770701115574365,0.03174880290253553,0.01637259934385477,2.4469545822197114,0.343688017122893,0.2092883658473435,0.07935753508619774,0.03335477757718905,0.011089704351398937,0.0027541723543128708,0.0009622583146386664
20250415-2500150490,Neutral,-4.7,-24.0,0.5627099535736232,0.5124032954604184,0.07793034130421238,0.5835130491282172,-0.00016035055819076642,-3.138739756543793e-05,0.019591454968996995,0.010020098306075335,11.995985816478315,0.1146685748958544,0.023614063799017752,0.007218027812904019,0.002474813107993531,0.0018734823229335142,0.0007483215865505586,0.0007303668826836113
20250415-2500150490,Negative,26.8,-18.3,0.6641094012690696,0.6182324678322545,0.06383715516641397,0.6678686543388405,0.0005218886263781884,-2.640445743790393e-06,0.01567765996808349,0.007396093580673308,8.149287589383873,0.1960684468509555,0.15143907213714913,0.05018485655745717,0.00941141448623897,0.005599072239137803,0.005136024963618678,0.0011912040641698172
20250415-2500239623,Rest,-34.2,-37.7,0.433814590964267,0.4320501751090111,0.03307653483321173,0.46876848085695666,0.0006588269829654465,0.00010812533970825649,0.025423694086759117,0.015128233101518075,1.9662378163474556,0.2199612796637358,0.07827695005069552,0.02856463476578821,0.0931370330086723,0.013423948530019509,0.003559271323109767,0.0018454293682010534
20250415-2500239623,Positive,-34.5,-37.3,0.4486771256201765,0.4747873527308711,0.057099576606397584,0.5315285570123078,-0.001542770732107128,-4.39346796635572e-05,0.03574245134068404,0.01867786390436234,4.645284759593231,0.042196394146239914,0.11575831771083707,0.08830028929788855,0.13555402503875558,0.009711761274422316,0.004351570710824608,0.0018624005894559152
20250415-2500239623,Neutral,-31.5,-37.3,0.5464862219421746,0.5376773328275773,0.0817171528078479,0.608945044354928,0.001438106488647835,2.563408653216835e-05,0.01278129986501074,0.0064952769102453655,5.74716744189303,0.28686785462648634,0.06023310164557195,0.03781272414089054,0.011705532602122905,0.00529926602203378,0.001479969033298752,0.0008514242163219912
20250415-2500239623,Negative,-14.0,-30.9,0.7348079255377118,0.6644628921001818,0.08641681945101465,0.7265863709354535,0.001299033745817843,5.2752060637361e-06,0.008707341387413503,0.004613431093033638,4.118495376596486,0.16995233501593562,0.013020301596310785,0.021384817932740847,0.011956820544738428,0.002166033293182906,0.0014907123962747202,0.0007712552545699552
20250415-2500246967,Rest,-32.4,-34.9,0.4425940822829341,0.47078952162110826,0.0570250401663209,0.527889963756229,0.0006762821229836629,0.0001737258608730906,0.04181530823175769,0.020469761352911377,3.508717997293962,1.1334330590397201,1.7688156955544743,0.2543600795267478,0.0603710571877574,0.01724888326832668,0.022513349691481693,0.005816737125006962
20250415-2500246967,Positive,-30.8,-34.5,0.4244686799303785,0.4522152488371282,0.05824324677076113,0.5125835327549909,0.001256450101563644,7.070570518824461e-05,0.02149370287142197,0.01133952342666156,2.1476734995076714,0.22556633706570228,0.14765846162808824,0.020561379985597882,0.006484878125047415,0.005580792711134258,0.001117443036916064,0.0004441536155931477
20250415-2500246967,Neutral,-29.9,-34.0,0.3336058113222944,0.3805878455777968,0.04902963590231182,0.44031436963135856,0.00023350883985164017,1.4805049970158472e-05,0.02111707252299501,0.011144770382052598,5.650198691750446,0.4478078589421536,0.4671986293819627,0.12106306590009415,0.028202766753875664,0.035798903741640374,0.007351398553105757,0.004512782694253281
20250415-2500246967,Negative,-16.9,-32.3,0.31530386641319896,0.37118623312857574,0.05570530621975882,0.43986875984086454,0.00146131831073235,-1.0555240904122852e-05,0.007156207278626349,0.004080283799222771,2.6581275778113067,0.02675498031998281,0.008179229565188314,0.010122490233938276,0.002489079680441153,0.0005789224196599437,0.00032865757889555583,0.0001713383697387927
20250415-2500252946,Rest,-20.3,-26.9,0.4300927455143678,0.4368289297453417,0.06813332173735882,0.5088740861940402,0.0005818347703163417,-1.6571721449887784e-05,0.0288007578307981,0.013730616766892113,4.420824445217416,0.968449640940492,0.10926307901529052,0.03779509864628712,0.020686384917779743,0.015909684365459333,0.016423782455851365,0.005258307492186201
20250415-2500252946,Positive,-18.7,-23.8,0.436161037145711,0.4445447687334166,0.04210021279749493,0.4896123611651792,0.001134674747286275,-0.0002794431360917139,0.03994695037467336,0.02070365512404383,0.8648879645033817,0.5864578311332354,0.512481454514944,0.05765647694820453,0.028563854438136926,0.019875179439724753,0.0041684133584320845,0.005672499311337084
20250415-2500252946,Neutral,-10.2,-22.4,0.4526660743305133,0.3888253397398662,0.044109245218603196,0.4419212486885255,0.000731324533910742,-3.189058880711236e-05,0.01750219672799957,0.009193802748456785,6.306396345562148,0.5713337065838984,0.10126135122659155,0.0727554348103713,0.03771264776736146,0.029151097434059598,0.006324339380199932,0.003123136746602161
20250415-2500252946,Negative,0.6,-19.2,0.36439592872681215,0.42638362154893267,0.08843054599797269,0.5198399164388553,0.0014697566342443222,2.13586785009084e-05,0.00908322029240028,0.005380522328096822,4.000304319539246,0.04065573321905722,0.04202667088571952,0.013190774184327772,0.006878347288361932,0.003131799115122079,0.003368514978497533,0.00119660461557248
20250416-2101077830,Rest,11.3,-3.0,0.5867796209417661,0.5575451596796858,0.05338806236292132,0.6035268572691422,0.0009736705663470847,-6.436318855371858e-05,0.04514816084484411,0.023582412011970623,1.5853616113748372,1.9484138058234741,0.2924050614884212,0.06247961788862752,0.03905633548605115,0.02522797167706131,0.009507882511923027,0.005073496445309352
20250416-2101077830,Positive,11.4,2.1,0.5474175261842794,0.5465361569779525,0.05281498400332398,0.5928884843607213,-0.002941042581759532,-3.747655789721592e-05,0.04057229647856836,0.023956739815287287,2.8744879527093325,0.14945978943785077,0.18193373484255196,0.060251865179586764,0.0159637470165615,0.022552404544819687,0.008171652950535131,0.00482158460410142
20250416-2101077830,Neutral,14.5,-0.9,0.32788092359159443,0.3384992134694616,0.038029926919878346,0.3906554036991201,0.00013446777147359213,-0.0003068051303329507,0.039929354713611954,0.022469615112868532,1.8523028192351811,0.8370841003104399,0.8425303895502559,0.18711798973367796,0.14853427011950593,0.047815076816605934,0.03205994020037275,0.0046758225973727715
20250416-2101077830,Negative,12.6,-1.6,0.38796126802814224,0.4003772651061413,0.03711850051390349,0.4443202166543594,-8.230330405304664e-05,6.9701447893647495e-06,0.029605547203025502,0.0162007866057236,4.390814887448639,1.5382816468619405,0.5344839782704327,0.1820080118057602,0.09905748624958205,0.03253671459699593,0.018237394196578983,0.012870745170123474
20250416-2201521843,Rest,12.1,-12.0,0.2984232103319244,0.39397003865712105,0.07892000934391359,0.4838722979293266,-0.001536879728912552,-0.00012150974493313783,0.013452758261602768,0.005507025813986909,3.89678797244114,0.08117969279263428,0.031357869002421206,0.002757136130355174,0.002507107814363201,0.0011645241262193153,0.0005036625537064603,0.00036401683790287164
20250416-2201521843,Positive,14.8,-6.2,0.5621805203805919,0.5007099907850138,0.05801385822716565,0.5556296906205553,0.0026572987677485143,-2.393788389691692e-05,0.021046154276415877,0.008443243164294663,2.00544464568494,0.576682433456445,0.13124427416664128,0.03201671403660893,0.016408221360479622,0.004185992558227576,0.002133053477703834,0.0008189175608557816
20250416-2201521843,Neutral,20.3,3.4,0.5132984690986149,0.5093226072467145,0.03489754795502334,0.5425007522645607,0.00013656243462842555,2.506631960018984e-05,0.021231738413979035,0.008812234076943766,11.377613414268353,0.9418454456858663,0.6104798307928457,0.2775152099705255,0.08717805428897155,0.037596757993898305,0.006010449658294269,0.007374821616725937
20250416-2201521843,Negative,17.9,7.2,0.5090016996681692,0.47646377979046917,0.08600124410279368,0.559480989449163,-0.0013778260795964422,-0.00019463697628204862,0.01347887058050945,0.005540860974289381,6.649213391297026,0.0670133040036056,0.03680401880152831,0.013225169516367177,0.00544490217797481,0.0026278926549060076,0.0014279191620888356,0.0011401321887401076
20250416-2300887736,Rest,-24.1,-47.6,0.33851118999361773,0.41558395476731763,0.08347145124738302,0.506143729297743,-7.333038582941343e-05,0.00014136419383793694,0.015462316433352595,0.006041861575146186,6.4254885514195905,0.1356211811695096,0.06815883162080208,0.02761045912435889,0.0044219917610027444,0.0002916592768291853,0.0010376956071111215,0.0014390790395971934
20250416-2300887736,Positive,-21.7,-45.9,0.5482724176340679,0.5239495386001115,0.086010887695212,0.6004448406760455,-0.0004120067928668479,1.2436375374659525e-05,0.015767803809998544,0.004442676577910112,6.519623214215888,0.11832977073569997,0.00639431740495515,0.0012181922279148531,0.000805182415740427,0.00038719483114540694,0.00011886435085749126,6.297659114468107e-05
20250416-2300887736,Neutral,-14.5,-44.1,0.7402447493604858,0.6709366904965367,0.07116999242250391,0.7220291095772728,-0.0007245885883933332,1.4101084713288643e-05,0.008741466433214478,0.0034904075251089065,5.8064451195816,0.039672153709499655,0.005094942945113499,0.001088477330582035,0.0004190937487653538,0.0001427890165109837,0.00010455984954569991,0.00012350693202241932
20250416-2300887736,Negative,-15.4,-45.7,0.6804867997389831,0.6305349412444949,0.04814836892565748,0.6676246558178153,0.0010837178823192293,7.194273586267632e-05,0.016955057410593204,0.00974997646475108,3.028347647463664,0.26848731174513935,0.12752726258591413,0.06331951868398261,0.027641877876707736,0.010253244989839922,0.009284080780536122,0.0035894920400196756
20250416-2400637209,Rest,-10.4,-21.3,0.37480042537879193,0.4043618590224328,0.030171426189339868,0.4400908306491033,2.158099547610696e-05,0.00022322201440857904,0.06243941861133989,0.048566684419064005,0.7922334363084913,0.6799491567832385,0.509176212299071,0.7405249911615119,0.6158189839812717,0.09821821998960127,0.0952709629196453,0.10679227399504834
20250416-2400637209,Positive,-11.5,-21.9,0.5267082910116594,0.48846093127751455,0.041479958537290584,0.5292202187386527,-0.0005687564404364601,1.0848114640733122e-05,0.029591347084174182,0.023378148665316095,2.948800977391783,0.24998767260255694,0.23048310903367117,0.03536706929908291,0.032000447284465806,0.012744907069196119,0.005868834281821498,0.0064751383042909606
20250416-2400637209,Neutral,-13.7,-21.7,0.42579093334263274,0.45996540404874103,0.03801932209923139,0.49958732472006634,0.0013141762224604915,0.0003475532880498084,0.060298360730532866,0.04629350023693721,1.3416371790879262,0.7257907209098241,0.7468732626560873,0.5777461261660253,0.19989106615372085,0.15103916756729135,0.1727213370711041,0.0648891659117218
20250416-2400637209,Negative,-9.4,-22.7,0.4796274137713898,0.4854254267919695,0.03313465100584967,0.518432730430878,-6.882540117279916e-05,0.0001414590997048808,0.04932053070614812,0.03567913196663594,1.1367780626684785,0.4767957446918406,0.538662583707758,0.1729491067794552,0.11150256129738478,0.11284582304922527,0.05303919093927488,0.025590625457055077
20250416-2400649512,Rest,6.4,-9.4,0.4660880260155433,0.44506986686097727,0.04991464399140307,0.4979978216609497,-0.0007017216640579257,1.2498752308451854e-05,0.02456811195625519,0.011861111314636972,3.097313004582998,0.46643908662340394,0.26155265285038626,0.14561744240646882,0.027172702293823008,0.032796855302254235,0.012160284103201939,0.002455643773258482
20250416-2400649512,Positive,0.3,-8.7,0.4563221603353891,0.4538516152942176,0.05801230798015374,0.5138030718916774,-0.0005002712736194002,8.049477911033672e-05,0.04346392984302671,0.019463157819601184,3.1850322599134726,2.1074412501462096,1.1739951518775513,0.031052764769785305,0.19184579251694264,0.022429401483014793,0.011253132404756533,0.009878481325012298
20250416-2400649512,Neutral,9.2,-9.4,0.2917935051256942,0.3376891262325083,0.049964113800535406,0.4049667390986701,8.460413071297852e-05,6.789500940053289e-06,0.020463639609100207,0.010692960376629817,4.773596848607367,0.21134900781766225,0.02487964948236386,0.01572443082686983,0.011301574895898912,0.009418667448720486,0.003992110366846398,0.0026484643353504385
20250416-2400649512,Negative,6.0,-14.9,0.4823782848780796,0.4765153913579567,0.04886451048846551,0.5252917557791024,-0.0005268101300588748,2.294558605928265e-05,0.014296163803361515,0.007620167124961428,6.805408397306112,0.11187438189226268,0.05811296434847871,0.028433152555603244,0.01594346952021472,0.009523729023382405,0.005008283689460019,0.001466755383756656
20250416-2400660323,Rest,-12.0,-21.7,0.39833790699671934,0.3951538840445406,0.037851831341684496,0.4404525211838057,-0.0003070173619381486,3.0444657168710954e-05,0.04725494088894845,0.02536072358190943,1.3134371896571733,1.5822229942529131,0.2773509588381692,0.1114826026292288,0.05883134160926933,0.022994732160832802,0.01973538578624691,0.002046511381892608
20250416-2400660323,Positive,-14.9,-21.6,0.5629654262366379,0.5562433346585851,0.06702273403680771,0.6135384106874732,-0.001182821860993898,-0.000987799481001273,0.04451693583435316,0.025612861330388512,1.7383741936642916,1.1074676475336203,0.21260727950172945,0.30655846177506824,0.1409862984114944,0.03332087550848248,0.041146474921036874,0.00911865883876056
20250416-2400660323,Neutral,-9.4,-21.1,0.5115274469620957,0.4963365157601789,0.034751602016844754,0.5301900969405211,0.0006285979869312968,-6.369187136157779e-05,0.03523917088557308,0.01951886042170292,2.0409429883307055,2.7030814005409507,0.3329029364364163,0.17444277911143738,0.13171796147110212,0.03913855984444027,0.01860965811498051,0.010075585534562255
20250416-2400660323,Negative,-9.1,-16.9,0.42311412284951866,0.4362719496233541,0.02235292229789329,0.46117907186477536,-2.21931267525972e-05,-0.00012449019464980796,0.032991093460911225,0.0189942947452453,0.6486333847448204,0.41090197269846074,0.12699584881455545,0.037102483322503724,0.027239755486442387,0.01782571753090434,0.010807787798790564,0.0027866392154746317
20250416-2400842953,Rest,-20.1,-37.4,0.347429784565088,0.41061819629925445,0.07075234845438533,0.48924395917214797,0.0021001541552143474,4.8273412359050474e-05,0.017912198756163487,0.010083994186269,2.8467703136902855,0.277414480523562,0.09403704452984259,0.04276323396461515,0.02204659561136129,0.003678540038230829,0.005418122740346934,0.002876656566280712
20250416-2400842953,Positive,-18.3,-26.1,0.6503640257104363,0.6043137630393427,0.046488556795761,0.64162581072969,-0.0003476129139116208,0.00015228132436684067,0.033845945533829115,0.01816898809479062,0.7719862040844321,0.5349928313891796,0.3004112343254095,0.08113274367404412,0.020838772483901015,0.021862626339807657,0.013199307222614943,0.006829412802851164
20250416-2400842953,Neutral,3.6,-24.2,0.4129105051005262,0.4711098413057677,0.07095705877597568,0.5412037891137879,0.00076826089119816,5.11497138291112e-06,0.010743606430594464,0.0059835203105373085,5.31290389829836,0.3145339176882671,0.10507381404838344,0.019252413454027985,0.016123021288371366,0.005027038086352419,0.004499542291360907,0.0022617290372922766
20250416-2400842953,Negative,4.8,-3.3,0.4735620565508642,0.4860472727604632,0.04295036463929044,0.5283865213999829,0.0010306538094813505,-3.0192772563804805e-05,0.04353782492841864,0.025603957481219734,1.3412502748498123,1.2467563299305957,0.5900743579658314,0.7024095090090381,0.2686393116903809,0.06305004839774168,0.05409501922941247,0.027413804973256812
20250416-2400863059,Rest,11.8,1.7,0.47967889197235314,0.45939976378844516,0.05303092810272385,0.5138862433181132,0.0013085996474249348,4.5446307933232886e-05,0.017751444130282984,0.011643830523174062,4.533192506067907,0.15972725182032832,0.10526457712132496,0.025360283255013216,0.01563990155270082,0.019607659321802327,0.006545239154297013,0.003996483501472526
20250416-2400863059,Positive,19.5,6.9,0.678571139862971,0.58599590891665,0.06746449975758,0.640980268826296,0.002651214131816032,-1.293197361416499e-05,0.013131492016866819,0.009217936515915837,1.5905927036741452,0.031260323253515944,0.007590926408676346,0.005704894626551606,0.006974626139768532,0.002452582547204076,0.0008634614035283247,0.0008393615543472218
20250416-2400863059,Neutral,19.6,11.5,0.3791910004421445,0.4638263369703884,0.06474792025768296,0.5290394986435807,-0.0015731282695568708,-3.281436647804578e-05,0.008027226300698494,0.004480268402605457,2.9352679756220765,0.023760127286340943,0.01311493904723014,0.0063062007010987915,0.003722369558244368,0.0008002562213821517,0.0015732288021252326,0.0009128576737137021
20250416-2400863059,Negative,11.4,-5.1,0.3471342796432882,0.3645961578329902,0.06712279285447278,0.4472730163569579,-0.0018871971855729155,2.775438543847605e-05,0.017422712151555428,0.011105872621960807,5.180164182439536,0.05229893934132498,0.05121190597578144,0.02427464899597632,0.017046044574428706,0.014070925322737113,0.015538576220087783,0.007430617236922578
20250416-2400913925,Rest,11.9,0.8,0.5238781922541501,0.4689783489154884,0.03553282108694521,0.5054438770412031,-0.0018026455724660174,-0.00013669673522160146,0.01953245559823085,0.012022739606377033,1.3696318575584114,0.2176067530678082,0.1213269548469505,0.024755144746055995,0.0119135770116043,0.009898439641414966,0.004303302060793766,0.0018934621198235426
20250416-2400913925,Positive,6.5,-0.4,0.6742389404187606,0.5739296439512468,0.05641700925967577,0.6211378634938306,0.0009575631237957503,7.436210900213747e-06,0.028542321965654437,0.015854625779456046,2.89849882971441,0.5879398930411583,0.1038492696491235,0.021442168632783885,0.01256226996074727,0.013576404070239077,0.0074983389336458536,0.004662083489353104
20250416-2400913925,Neutral,10.5,0.4,0.4288756080531282,0.4665446244359494,0.054933138313113326,0.5221082501772926,0.00011525170912603239,2.496042012777487e-06,0.025819525996136405,0.01662900744702282,6.711140831244475,0.21017167870824804,0.11610540753857267,0.0728770707407129,0.026458022062191555,0.030834914105352256,0.011056374383835024,0.0062391044156998015
20250416-2400913925,Negative,7.2,-16.5,0.5113453458456498,0.5161726266390235,0.07803200053144156,0.5869124134169171,-0.0007634532602688779,3.643996580783752e-05,0.02134103255338077,0.012852672575580013,6.635012718376015,0.36914735487692474,0.07124514421056903,0.06378194847442296,0.0339647598218701,0.0051551329825420215,0.015644293742163237,0.00901312169001222
20250416-2400938634,Rest,1.1,-17.1,0.4593785206151658,0.4648017769610455,0.03303453031397734,0.4990743653806743,-0.0009922547656492054,2.9187983077620747e-05,0.024236435008266395,0.015271419471590608,0.8219714183347036,0.11905347715991194,0.05007810243695913,0.07493628282479982,0.061034423189398244,0.013301586091287284,0.019789634775726424,0.011560471152083023
20250416-2400938634,Positive,-7.2,-16.0,0.7501922845833051,0.6497874396263075,0.06288076726335154,0.6964944249306405,0.0013337490738380084,-6.696730596155959e-05,0.041066071435191566,0.03163918997665638,1.577862206429618,0.2242275483828,0.10040609178796944,0.11956207248863993,0.09677856232057151,0.02191145002918984,0.038067030788945855,0.019218446975956326
20250416-2400938634,Neutral,-7.7,-17.4,0.6176626132200724,0.6315762366154802,0.03472604115364588,0.6584941790259189,-0.001641847184125225,-1.669308971358101e-05,0.03980398082574952,0.027479486965458724,1.1488811326313475,0.9100378491810819,0.47128882700427926,0.1630639910853845,0.16733057908556984,0.07823776489757775,0.07121412472465735,0.06417437849308152
20250416-2400938634,Negative,8.0,-15.5,0.4663485301415536,0.48624306768067604,0.046313833747011555,0.5317388029987337,0.0005045158507777435,-0.0002278004888489554,0.022225687376479824,0.01195054913108038,6.457176650074716,0.2950021394880487,0.09625871803764906,0.0854968686185725,0.02337584132958337,0.014236229719701073,0.006712586816312741,0.005149022387514338
20250416-240099411,Rest,-69.7,-81.8,0.3365574923919049,0.40139317272778197,0.08336350616302672,0.4944491736017988,0.0006937581695547597,7.04487482782074e-05,0.019171393788255876,0.005185982031549054,2.446523234135629,0.20237349495168977,0.027689076931486735,0.008106516141845046,0.00202689399262895,0.0007350498125371042,0.000137706958369684,0.00010149065399979282
20250416-240099411,Positive,-68.9,-83.6,0.33088991759712283,0.3652476779837926,0.03635012910999323,0.4120145572459127,0.0004142042144433291,-6.305680896977534e-05,0.022490046085819365,0.008540093984278995,3.837813370198363,0.34468584910827604,0.12811253379931073,0.02376099738065117,0.004572423247420694,0.004825118470414897,0.001561272821217498,0.0008473082217993233
20250416-240099411,Neutral,-65.5,-81.4,0.3706030869819857,0.3893273937370151,0.030801513496392305,0.4270565922807527,0.00011033940270614564,1.2774274615317785e-05,0.015031800148718638,0.006568150498766443,2.5013792267246124,0.5714646599297021,0.1815391493184925,0.0605301541822158,0.017434382502959093,0.007473458520135749,0.004290524149000252,0.002622256743852532
20250416-240099411,Negative,-62.2,-74.1,0.3455555559456962,0.3638249073746385,0.037967802398031734,0.4127182642241509,0.00027851481111356265,-9.196864775824634e-05,0.026650700824814234,0.010972855175623193,5.966652202103466,2.0561146182211045,0.934451317072507,0.18991307196377877,0.06429839735032244,0.02843518562759997,0.013481424810742841,0.004615730478362479
20250416-2400996739,Rest,-8.8,-19.5,0.3803954356358635,0.45335805207323976,0.03272471826638129,0.48811703683238067,0.000920421215310008,-0.0001008357085119757,0.04403491404002929,0.03212761319038481,2.153057340576276,0.29344296380663476,0.08458929217298182,0.024106735186570954,0.031242067822223184,0.029305555560144952,0.013066640868360898,0.007158831675483652
20250416-2400996739,Positive,-4.7,-22.9,0.30527110545475866,0.34528241137689974,0.042030231554440904,0.4015596782057277,-0.0008902263549869544,0.00016611325931029696,0.05231190523061867,0.035532182636074,1.9435704532868787,0.8286724676975821,0.37740263026779414,0.08498155613844113,0.10740425440455853,0.07791940214059595,0.038989267549825415,0.04710145584831129
20250416-2400996739,Neutral,26.3,-19.3,0.2688660177921403,0.30913969232925975,0.05289569420106779,0.38530902347920326,0.0005083055354773523,7.404916755743187e-05,0.025980294056299282,0.014576732908215486,7.7028367610801896,2.0489319309543617,0.4384925929544138,0.1731741685794882,0.1243948304478823,0.06586909308650896,0.0216173015424505,0.01310735031970066
20250416-2400996739,Negative,19.5,-7.2,0.36287076233399934,0.35587548360875,0.03257357864331772,0.39902498477799536,-0.00043074573531627836,2.7498187455161243e-05,0.027234414444944403,0.016095590002932335,2.4003811672716533,0.21371968415799006,0.15055567178372242,0.15836972989562437,0.04237435214429804,0.02373309185254315,0.02381029047123957,0.01228424806888455
20250416-2500037037,Rest,-24.2,-29.9,0.5053861696981744,0.4995030821489267,0.033020549290991096,0.5315297530404752,-0.0020700844391442984,3.6772302905074646e-05,0.026158365528502103,0.027540083023821063,0.7342097451811894,0.1384182799629178,0.12738932916950965,0.01995568168778069,0.011670434080527547,0.01346700777109095,0.007357599900888117,0.004860789736879354
20250416-2500037037,Positive,-23.9,-29.6,0.45861154097806556,0.4671967334827752,0.03184724723955379,0.5001200206115819,0.0007014098136066189,0.00036306048641948906,0.032815997550726575,0.02664030401154514,2.643127369913827,0.4116104709957188,0.09192580784444238,0.10191797180213852,0.06251612152588637,0.03809297222592954,0.008267487476253743,0.007314779276288676
20250416-2500037037,Neutral,-21.4,-29.0,0.4291058156752799,0.44478030179005007,0.0349428464250556,0.482464882955748,0.00037759001728556894,-1.6126732307248566e-06,0.02829594999245851,0.02415025890318663,6.377251947896507,0.27618429085247453,0.3075663149618874,0.21306829561622878,0.04109956848236494,0.013833259871642006,0.02219292636669783,0.017692112295944605
20250416-2500037037,Negative,-3.9,-16.4,0.7420503886073764,0.6268612728271992,0.09277426562471039,0.6969428391161262,0.0009714781858818606,5.857189165938681e-07,0.00943496554161471,0.009967194354385209,8.330963048692801,0.07854866411533282,0.01683346507898099,0.005774745754625176,0.0022068767829410236,0.0004871595329415,0.001142594253071807,0.0005293900760775351
20250416-2500108570,Rest,3.8,-21.6,0.3863968848218407,0.4034401730240088,0.04467827884926438,0.45545828794622517,-0.0006120134395312525,0.00012755322633185075,0.03118487597384621,0.017894308236756133,1.7076839492544977,0.5257437515634376,0.2331007830404529,0.11904976684488157,0.09421019946621492,0.01597353529464259,0.006645886099123126,0.009259113125045482
20250416-2500108570,Positive,-2.8,-23.8,0.2751233704335104,0.3533002180191965,0.06065701559715382,0.4306716378513515,-0.0021443551463497723,-0.00011781971915867665,0.03688341848480323,0.02276990992260503,1.9514082409049738,0.107273460800303,0.1245766533039546,0.03698404466747395,0.018451124063559338,0.021817715402363214,0.009981639475393562,0.004045787365720623
20250416-2500108570,Neutral,18.1,-24.4,0.42822939362795964,0.4437747548656634,0.04556833062836294,0.49244732072013814,0.00046454238872313536,-5.666361309749856e-06,0.016316399887089984,0.008458452341309554,10.10439351029987,0.6614067797415435,0.19863043358604857,0.13687991246489079,0.03378072784280709,0.01883109701068637,0.0074228246589224285,0.006068764837085009
20250416-2500108570,Negative,10.7,-9.3,0.5341539628521198,0.5323646420462893,0.03196686613171427,0.5615861271726609,0.000317618061727241,5.687496919154556e-05,0.029859872870683018,0.016175891586161367,2.161915098961161,1.6945346040483453,0.9529779739473654,0.17138497893265975,0.05966371470716937,0.03444445500227473,0.012954493778141533,0.01723897520205326
20250416-2500141305,Rest,-7.7,-14.8,0.35185313740043545,0.38065060075418833,0.03775613733525761,0.42737690296713754,-0.0016329339246858013,-1.3873087978332187e-05,0.017959149606639947,0.011267952224270949,1.7226086264164844,0.3071394585883748,0.13755335100618407,0.044823561074435685,0.014405669530108944,0.006029716079792816,0.0031439398253678224,0.0036891877889388904
20250416-2500141305,Positive,-10.5,-14.6,0.4208759128327265,0.44970594258026136,0.03520661562459995,0.4872802585951963,-0.00030664560499967897,4.487354318307802e-05,0.028129294157166734,0.015323259414764624,2.1451203021993965,0.2673870305899775,0.16705657426204998,0.04742577686081806,0.025055668229512384,0.014189299405968152,0.01056494221648927,0.010550482510165769
20250416-2500141305,Neutral,-12.0,-16.6,0.6188812491399625,0.5692794765792382,0.0630534421840996,0.6221997787193684,-0.0008704020516116782,-3.2063370791420186e-05,0.024410033525315504,0.01447151436561417,5.079482466066805,0.4378410645953498,0.1719689923199894,0.0965473276758967,0.03018778485291273,0.06417388421263416,0.011389061019540998,0.02389479349532471
20250416-2500141305,Negative,3.5,-40.5,0.8107731174240294,0.673441945408556,0.09192765855136574,0.7385470278777284,0.0005654789473481493,4.280018431631812e-06,0.0109102952520836,0.00680964417922703,10.24620886641931,0.04453499885047704,0.07188351561538683,0.02054130197772158,0.01492430562894364,0.006624928916607734,0.007089713326068318,0.005800423973151951
20250416-2500173304,Rest,0.1,-18.2,0.2892284032533803,0.3469320296978827,0.05912890319729446,0.42366347072598437,-0.0020915445061527307,5.28016517547277e-05,0.012503161164257523,0.006371937231617727,2.404346851864865,0.09456784544372243,0.045867442853681634,0.028895312877048364,0.013062163690844142,0.0058058031708409985,0.000857057947375867,0.00024382828239850242
20250416-2500173304,Positive,-3.0,-18.2,0.42495934258018936,0.37938535156261094,0.066615201380356,0.4588555833382023,0.002207877819214971,0.00019666890176254348,0.029621600632958087,0.0116887610860865,3.53658827223295,1.8225417156019037,0.3436429848409617,0.06239113367030037,0.036798043526043045,0.009469205641854793,0.0012996075429035532,0.002193448660058286
20250416-2500173304,Neutral,23.7,-7.8,0.25251246782143466,0.39310138877652917,0.07880282477772664,0.48304402142637326,0.0010412425833404855,-2.7545941017735974e-07,0.015925079611322984,0.008073054690537177,10.805434498453229,0.47604241634260375,0.2376477562830728,0.04841185852953113,0.040557346438962055,0.013579406172710837,0.005220386810898773,0.006027329263171984
20250416-2500173304,Negative,21.8,8.5,0.4524089248490274,0.45251266038588406,0.046984009223163724,0.5017486592235939,-0.0006665808688845092,8.655209434146401e-05,0.02919141086707175,0.018160228403578157,7.254522521619837,1.033647760444041,0.1914225925646156,0.18275550435996482,0.0646682088326458,0.06035916325803373,0.028212121945571315,0.030653165635714043
20250416-2500237509,Rest,-8.2,-29.9,0.5165611174913153,0.5072391919045298,0.027313799260899472,0.5334842050753329,-0.0009837370187750494,0.0001211417047988157,0.030158120395007326,0.014848694506605349,2.236029291652696,0.65909885413376,0.2723782023617796,0.10339232089609479,0.024547047039223252,0.02461056113707475,0.006859245640976252,0.006110975714386951
20250416-2500237509,Positive,-11.1,-25.6,0.5918290009289854,0.5870604130520929,0.03794115777954596,0.6185313947993584,0.0006985571326459803,-3.426924558644035e-05,0.028510835555413883,0.014078135582392562,2.4343114220003472,0.7483580362361246,0.13243158069423466,0.06445450973617703,0.023339495662260543,0.015152386755624204,0.004701043996419379,0.0013250320820161617
20250416-2500237509,Neutral,-10.2,-31.5,0.5432148368332999,0.4982053042472572,0.044392599869099394,0.5409261733815452,-0.0008499202508855547,5.6531532613240395e-05,0.028162312836535485,0.015214755158898495,3.046564664351915,0.49811692523985485,0.30677635846886,0.1749605564184376,0.04356846994625241,0.02139225043072639,0.009844735006874127,0.010620603665667557
20250416-2500237509,Negative,-12.1,-38.6,0.45168050701949314,0.4198855911190585,0.05593036261321643,0.48190691242460676,-0.0007369272532956445,-9.714600133866013e-05,0.023986977757874294,0.013181740214351824,4.317198610121606,0.059406960611598815,0.1372276487987568,0.08460290994486981,0.030063841173030948,0.014585359626662943,0.005938626516096697,0.005221648942473771
20250417-03505518,Rest,6.3,1.2,0.6874051784071329,0.6850571092234121,0.0435199358194572,0.7161167353979343,-0.0006674310681183696,-0.00012855762930591346,0.027208327821358444,0.01566927284872239,2.126157962397545,0.2635751203870746,0.15771720795479904,0.13433070567781796,0.0412309037510417,0.010198321893873668,0.008633455498285182,0.0029360431202476106
20250417-03505518,Positive,5.8,1.3,0.5927709203520642,0.5807210638141135,0.04585277694070129,0.6189424293891128,-0.0004778847057079038,-1.019735476688444e-06,0.024164377406204446,0.013877078250871477,3.645354410770921,0.22723917103352093,0.0659106986504016,0.007295013977133839,0.006201012915911275,0.002370403803824301,0.0016790300482978043,0.0007720632859887611
20250417-03505518,Neutral,11.6,1.6,0.5253681883823972,0.49611868864694114,0.07680873408667128,0.5682802893919793,0.0005583901510131827,2.9813038479484264e-06,0.011744057061798666,0.004512844601469379,5.985042591329481,0.06428913381941397,0.020150568231877976,0.010351954856917936,0.0028196898933707678,0.001016588724950829,0.00037652017535488093,0.00036257631030282676
20250417-03505518,Negative,21.5,-2.9,0.4717966800585976,0.44463344606083394,0.06260103944484721,0.5101959827368104,0.0014703492941791126,3.1745019811133306e-05,0.014364349415780872,0.007253200972437407,1.9152703278855885,0.34049313509806767,0.009737560864805204,0.014291381627976264,0.0056309502431094016,0.00967888865469726,0.0035390272896662525,0.0011646997158393894
20250417-05378647,Rest,-5.3,-30.3,0.18384232833709901,0.2691843448776389,0.04695787565272103,0.34556922198009,-0.0009652947913161914,-2.690882599713563e-06,0.02086214950846301,0.010771386262566617,1.9104785952314884,0.06126470704533992,0.043410013786286616,0.012406735707401653,0.014738201969833341,0.007232128750768021,0.0036582324691400016,0.0015810756682646668
20250417-05378647,Positive,-19.2,-33.6,0.2232377325451279,0.30553068239093917,0.07180148006155135,0.4063871035648453,-0.0016672631711700337,6.225363082941667e-05,0.029003362202947934,0.020768515869933998,1.8876585573027929,0.22028387936235258,0.07950299188598316,0.028364981315977554,0.025214679415010297,0.008033398425906814,0.009094479240505042,0.001651363465169374
20250417-05378647,Neutral,-5.5,-34.0,0.11833030570829654,0.26791641204132505,0.07648882013064136,0.38505587123395274,0.0006472527438450519,4.1643136111127815e-05,0.016611173511031974,0.007576814726803558,12.80882953466286,0.46909720494749213,0.28184242626739503,0.04975678927511717,0.022893801479532884,0.008823683210487038,0.011709749536306897,0.003128867466435749
20250417-05378647,Negative,0.1,-27.4,0.26071540872329224,0.3163019039357191,0.03976715757957237,0.3739171726638578,-0.00013779014019832633,-4.122553497621038e-06,0.017612391949049195,0.007611395270803163,4.008643705557343,0.45605125735893465,0.12065698512585668,0.031419362792903124,0.021949650240713197,0.009228875425487218,0.0054210883517675605,0.0010926600274849853
20250417-2300653891,Rest,-51.3,-59.1,0.3701026358629667,0.4238251620194571,0.05623862333920025,0.48566077801282176,0.00010040501029863991,8.516727999185578e-05,0.03768438140419538,0.0234331096135294,1.2331687867091559,0.29331795474038735,0.15234086614241704,0.10769849619256687,0.027118817550169722,0.054614644808415935,0.011299747999789219,0.009709158809379769
20250417-2300653891,Positive,-43.0,-54.3,0.3473315434124038,0.3613364352696659,0.04003252857924767,0.4130333497826018,0.00038264071937972117,5.707690767437145e-05,0.035428594731270184,0.016639503894785468,2.0450384574652167,0.2058493041271077,0.20045816303326888,0.035995697082802716,0.04302453336743633,0.006917274620323342,0.0074285908952980775,0.003929645799745595
20250417-2300653891,Neutral,-31.1,-56.1,0.2743232045725317,0.39614618988546463,0.08684961156144874,0.4937422559617714,0.0008995379484986928,1.942635247653241e-05,0.012204507720737954,0.006947108266713352,21.24580411088963,0.5072477377932063,0.13779356110615487,0.03947527970383161,0.026354153191782862,0.0114565993153923,0.005241907717145601,0.0033857214473920214
20250417-2300653891,Negative,-17.3,-40.5,0.3686275429848129,0.41523098079102816,0.055153714797471665,0.47704348041467964,0.0013796318492720926,-5.162969804185042e-07,0.013396743196760654,0.011025861891632611,1.5808992965312538,0.07368995831931444,0.024057042831432493,0.016466555862699125,0.007185629851457674,0.002195145881207137,0.003058584531925626,0.0008858775853253524
20250417-2400122977,Rest,12.0,5.3,0.5206723209757198,0.4983868308232777,0.07857911391038916,0.57181163598554,-0.0030967843192411977,5.061232572090805e-06,0.01179561744777747,0.006169422619761606,1.227050031056443,0.04576600153539315,0.0643039236629073,0.017841592467525345,0.002876066982706001,0.0019317829880665589,0.0016982751654417557,0.0005778274390326142
20250417-2400122977,Positive,11.2,5.5,0.6846320576282297,0.5966887678155097,0.11507377322101892,0.6863754503609596,0.0029598062611033292,-1.0499235384767156e-05,0.013570284843692097,0.007507015706396812,4.606046811874418,0.07924458256469115,0.01736542518877649,0.008654888249265875,0.006120083336975389,0.0018671715819848112,0.00033831494489382045,0.0009073985914518018
20250417-2400122977,Neutral,16.4,-10.2,0.8072602877429358,0.6722270802023385,0.08170022527659584,0.7304720888808532,-0.0010557832140683924,-1.3194598630185823e-05,0.00611342408319648,0.004165625782878087,10.452994949831663,0.03483739308336176,0.01575058426858232,0.004426502911667728,0.0018506134039942591,0.0009304248691444743,0.0006662442939963635,0.00033028726307301684
20250417-2400122977,Negative,5.8,-12.2,0.6210429667889126,0.5492699780867785,0.11355220067849396,0.6443987193546742,0.0017236714788926373,1.4502379138014938e-05,0.0052582918807428485,0.002894869508052555,5.497613118590284,0.010012432172484181,0.0042761642879004585,0.003856831712383683,0.0007923468736631649,0.0005346472020570686,0.0004712197910275069,0.00012574753124080314
20250417-2400134292,Rest,30.2,-9.4,0.5348864836208318,0.5116606121208679,0.05766596134425689,0.5652101762531864,0.00022314635133597393,-1.8990179349079495e-05,0.02320987149657882,0.01177344388876977,4.947785472060199,0.16097728246471685,0.06459621800581361,0.025187768025759963,0.011832658647530699,0.00395730378912568,0.004245130244802984,0.0020080666036549465
20250417-2400134292,Positive,11.9,-8.4,0.4401475089567881,0.45563165720154575,0.04285563968965751,0.5004556391268704,-0.0013909945158230375,8.538463341979566e-06,0.03367254102617447,0.019546381036942367,3.7730328104408986,0.2528517234339429,0.17529188129146295,0.19643588615062405,0.023157151172877904,0.013196276244967565,0.0384739593270273,0.011176460783779927
20250417-2400134292,Neutral,21.8,-15.0,0.2030372000485393,0.2774635451827123,0.049092960562298185,0.35507601927989624,0.0004864251007725051,-1.3235122077500235e-05,0.018299119216023573,0.009659056737640923,4.404085490195225,0.12859632396541942,0.02917936529695315,0.03446678210353385,0.00560477260041519,0.008286366935100114,0.0024401876013356596,0.00405425657849973
20250417-2400134292,Negative,21.0,-1.7,0.4772922233443374,0.4865183959503123,0.036818024082320176,0.5229896496876253,1.868912559857335e-05,-0.00020546369613709534,0.031348949623667605,0.022640583890546368,4.881489806906826,1.1190354867729322,0.4447270523011365,0.12293056583161416,0.1442502483912826,0.09247141087424027,0.06100213634973735,0.05786382024937764
20250417-2400377525,Rest,-10.3,-17.4,0.2972430384810381,0.3230582784403113,0.04032538691212743,0.3803840666759652,0.0020386866605350135,-6.979476752158331e-06,0.024662302427122366,0.012354956595712254,1.8275478926247335,0.17284693732367662,0.027220699084508717,0.010503958342233895,0.004299126620665041,0.0024824435389461034,0.0017361955393494018,0.00043437657693078113
20250417-2400377525,Positive,-8.6,-17.3,0.6577988528459031,0.6153328519250554,0.0523927097823978,0.6565266395513741,-0.002578691468253268,0.00010727048915835273,0.010798496622258402,0.005376426789014249,0.8584877392857482,0.04281203789458331,0.02517493081638659,0.0024343593369670537,0.0019352779383412428,0.0011384164780620712,0.0007229199958369349,0.00018073216321393043
20250417-2400377525,Neutral,-9.1,-18.3,0.6573261068310099,0.6183155354093959,0.046871426241186405,0.6551225286690989,-0.00011172800957733389,0.00014436439823185728,0.01863391793732304,0.010511753138031783,5.285534914094446,0.1299129612813499,0.04409026613489011,0.021170795877119664,0.02805194960822055,0.011164342968556505,0.003082319466703021,0.0016195132626754206
20250417-2400377525,Negative,11.7,-6.2,0.7437543248452281,0.6704957062899242,0.059750860953760775,0.7136633331669667,0.0012364222447427615,3.322928691921773e-05,0.01574110821139045,0.01133973753349756,2.983717040450379,0.2045776712089809,0.03602421231332396,0.018096932441997466,0.01275352887352945,0.013598249491999125,0.01709019292358479,0.007878672603380656
20250417-2400837051,Rest,-16.8,-116.2,0.36047572359061064,0.3098853439816885,0.04186950178821359,0.3713467762117546,-0.0007560160262738827,1.2600762064642708e-05,0.05612220763191665,0.10197571894758907,3.3294312032312168,0.1987136306555583,0.02701529805271584,0.006699445703555598,0.005004760251844271,0.0029183837058497555,0.007620171713688821,0.0032511500622066547
20250417-2400837051,Positive,-115.5,-115.6,0.19316030122772015,0.3921585477681259,0.11452913900280648,0.5179936926164371,0.002778928579238274,0.002308555690954926,0.31183715195668305,0.5407365901656299,1.6910159144983279,0.6608212504963731,0.6901094693752751,0.44124102494677964,1.2828567628734653,0.5321327088961704,0.1841250997263343,0.25441011505637456
20250417-2400837051,Neutral,-72.4,-117.1,0.03238728162407233,0.20429386937067173,0.08979035311936673,0.3626656010456572,0.0009965327214728425,1.7492077309097985e-06,0.14096102334298716,0.22989389496152063,6.066147376575473,0.06537399466478289,0.12877676338443794,0.04974974308471779,0.07167153927796112,0.017723057086192966,0.06742056898588156,0.049378424276505614
20250417-2400837051,Negative,-43.1,-116.8,0.5321208089325266,0.5225281499983488,0.04903612112997038,0.5675136902936064,0.0005878044016977455,0.00017460429699243398,0.027180149773059676,0.007939726800479018,2.47702561256855,2.295196895174155,0.28226197491970123,0.00026141281430624145,0.008102771646269083,0.007997295494827986,0.001320666472280206,0.0005933592659028594
20250417-2500193947,Rest,-11.1,-32.2,0.22570633612431665,0.3067917391690728,0.05654893047589898,0.38816246817316513,0.0017273225825392752,0.00021691486884791952,0.03244755495442799,0.018360722726399097,2.2060087473043435,0.11800455869200388,0.04612022139359195,0.011301067193771717,0.0068010516001453195,0.0017761110538969866,0.0023173209980718174,0.0011591875153538253
20250417-2500193947,Positive,-2.1,-30.0,0.3251773962148997,0.40144336792668206,0.06336643724390079,0.4738388068702459,0.0005420229921459565,2.3439335764157445e-05,0.032753967877000544,0.015786850585304126,4.150240107647868,0.602634500237616,0.07320885340259604,0.044917772344121476,0.03974284091144384,0.010467393675494237,0.004558555509055221,0.002229142545233168
20250417-2500193947,Neutral,-14.3,-30.6,0.30088510464403373,0.36698863354758093,0.0488573440072597,0.42841335315368073,-0.002084827432012947,-2.2780924857990184e-07,0.017463263447864353,0.00934127344920428,1.2013846801910972,0.05549058913373821,0.04145374283927468,0.0227857827037649,0.01468556818684275,0.008336498013758135,0.006273642297380037,0.005189815248876636
20250417-2500193947,Negative,13.6,-30.7,0.5791532905373298,0.5956593123487279,0.04074149621174931,0.6289288613185984,0.0009816495598328862,2.4310219370845124e-05,0.015849214989921825,0.010437502076549518,4.295389737504238,0.17269840693106656,0.04782094264571015,0.028935834934704738,0.01474671409889033,0.0023478895740068344,0.0016522038622934932,0.0009940853372380288
20250418-2500114827,Rest,-44.4,-67.7,0.7148820686370948,0.6749901619987575,0.053734981085812504,0.7136852947069326,-0.0014488006567485747,1.554188754266917e-05,0.013023873729234239,0.003088835552617461,2.702307364985969,0.2598319840100544,0.027880742356646736,0.004507597542955482,0.00225871603894115,0.000911015922663285,0.00012792525943316978,5.744927673697117e-05
20250418-2500114827,Positive,-44.7,-67.7,0.4693292893517115,0.4668528354796385,0.10018571856285498,0.564036602144075,0.002708525577073333,7.25497056640871e-06,0.008132646338373382,0.0030455467814956096,2.21183609021717,0.07691077530196809,0.008210257012636848,0.001308986819353211,0.0007609323141355639,0.00025044084571349586,9.813079644074099e-05,0.00010839727502273835
20250418-2500114827,Neutral,-39.9,-72.3,0.7230620869919919,0.592918178271002,0.08913251643380671,0.6638407057103461,-0.0005292513930346697,6.008925106113405e-06,0.006820490561588585,0.0023793240120268885,22.345330667930494,0.12938950671418303,0.01985830320954357,0.015374845646882494,0.0035288643751243236,0.0006252898798553918,0.0006853212995027218,0.0004375385354969715
20250418-2500114827,Negative,-44.1,-69.4,0.7201631110647244,0.6012980773583078,0.09619675630678229,0.6765767762357645,0.00100554028832709,-4.43989667686013e-05,0.013319193782243425,0.006147672200655673,9.082552316145033,0.26245166290101524,0.06352959528014115,0.028097268853789784,0.0066803174867206255,0.0052860297087714316,0.002147768936932185,0.0015525638378414712
20250421-02171251,Rest,-11.4,-25.1,0.7257628092274404,0.6424138136464748,0.08078717756139753,0.7024832279316034,0.002231718047655987,-1.0182121103730341e-05,0.004612853913107406,0.0016369306035244277,1.995277780561772,0.005607506464804294,0.0024650273750480046,0.0022930853485266553,0.0006249665257015464,0.00026083283950258714,8.73069229131401e-05,1.6013530300735172e-05
20250421-02171251,Positive,-14.4,-31.7,0.3477465794314591,0.4656570152498283,0.11241394162785444,0.5738034484727617,-0.003017900416103836,-2.1767021136310245e-05,0.011547536350772854,0.006802828376917939,3.9733212576944346,0.040699092117077645,0.017152610561379514,0.0047752535528047665,0.0030788956806646625,0.0019213224938844358,0.0015272939401158423,0.0028616886626354828
20250421-02171251,Neutral,-14.8,-33.1,0.1760135831234073,0.27724921357268145,0.056809568016733654,0.36561823592841197,0.00027674016501916926,-1.1962147282862567e-05,0.024291196860783324,0.017337173520941034,5.066565876150195,0.3399615526413619,0.1854358475361977,0.0829755525968407,0.05080215459025027,0.04519782975460982,0.019097523774056237,0.01902477105022835
20250421-02171251,Negative,-1.2,-26.8,0.377926467919819,0.4069528570280556,0.043452695195209556,0.4572344289732638,0.0014542923953099161,6.677430272963127e-06,0.030183384032788415,0.033179155893357064,3.999600561510221,0.4710198412644806,0.17877335765649008,0.12057343912752644,0.054035667974434154,0.02326524148961414,0.02191614330356802,0.018873344903619464
20250421-04497129,Rest,11.9,-9.9,0.5462232753816402,0.5728977949230577,0.030847567804239404,0.599215696750295,0.0013850523651675172,-6.6047292171414164e-06,0.02782093626343321,0.01816360567774849,1.0811739089955892,0.4207451120215709,0.07414479656583436,0.018077789136114183,0.011718223803914515,0.01351044227919208,0.00945235756041402,0.007683623261153281
20250421-04497129,Positive,-0.3,-11.1,0.12254087196507152,0.2728871055963163,0.08435988280481059,0.3985313729250756,-0.003299290562311907,1.9996504046572858e-05,0.005096630300782702,0.002724405556975292,2.865661019968298,0.005664262427523975,0.0012089309321352767,0.00020464368136077153,0.0002574720508465462,5.212433171676241e-05,4.0155869212954615e-05,9.75886185623923e-06
20250421-04497129,Neutral,7.1,-36.9,0.47146925791023986,0.4896185292220147,0.047473821207320535,0.5359105572433234,0.0005537772519192281,6.108464411189729e-07,0.013042569436283239,0.006694632817920596,11.366717129372992,0.2682155087228063,0.04953251417082073,0.016359146881584206,0.007434477867702443,0.002311400506428413,0.0010759073015549105,0.0007418815117760243
20250421-04497129,Negative,15.5,-11.6,0.3027920127454813,0.3619331263305311,0.05274169031045196,0.428645865774819,-0.00034055436562882964,2.0615317611602547e-05,0.011773741407735355,0.008674400820107552,2.8487032137967354,0.020888821941144733,0.005790329914818169,0.004089722420716775,0.0027814364626812826,0.0011049264088309608,0.0008115865412742407,0.0004754238690955931
20250421-2100845892,Rest,-5.6,-10.8,0.7423779464873986,0.64888254495272,0.06231774558335298,0.695245498171453,-0.00022042101281190353,-6.570045869646982e-05,0.027717269657054636,0.013866526323918863,8.359612745086016,1.20246943736358,0.4203519113549594,0.10159126172928744,0.058624424738079245,0.013266271455419625,0.01601034874276608,0.007458743401585399
20250421-2100845892,Positive,-3.4,-9.3,0.46717526761335737,0.5334147819052087,0.04631092306692208,0.5751888842996737,0.00035725543253142643,-5.805752910436916e-06,0.014865958492435539,0.00690870830378591,4.632330460395793,0.1268140998234858,0.015312905945221701,0.00794157452050116,0.0043848071691452405,0.002062445733211775,0.0005783755768933313,0.0001921033555670041
20250421-2100845892,Neutral,-6.1,-11.4,0.45777234998861144,0.4695098807595587,0.08052238387402691,0.5485999562567263,-0.0005265554355465844,6.4481727111883e-06,0.021416753454774704,0.013699080954862245,4.888655271957771,0.18914961046304235,0.08139314840904055,0.03867683643687634,0.017550302265990407,0.009794184998067283,0.0071841690305086345,0.005030528963384623
20250421-2100845892,Negative,2.1,-8.0,0.3151842590780225,0.3694768040733546,0.05019955204623396,0.43210260447548104,0.0001281050635738672,2.8096088472482016e-06,0.018974540637900474,0.011957489220824406,10.610528672315883,0.8146155603365104,0.16087047225806125,0.05507024490162471,0.01297048358049487,0.015884700885987944,0.012120185958927158,0.010818493995029356
20250421-2100901425,Rest,-18.6,-23.6,0.4687435344910251,0.513881670336006,0.04879128643710524,0.5593439528093861,0.0004335125349509656,0.0003820527729441852,0.04131929983150233,0.02654008581772614,2.318219698615027,0.5147892193944167,0.1807625906014166,0.14401194163679684,0.08343746486552218,0.05641840767063306,0.03062878354575936,0.017688160827252067
20250421-2100901425,Positive,-16.5,-29.2,0.3190349548671035,0.3660717246680858,0.040627235752263714,0.4178944165141843,-0.0015267905520576959,0.00016518213428116355,0.029578398524304442,0.015146665372366135,1.4727557313029676,0.19515354948154437,0.08335916546178676,0.025807093436248117,0.013435868670028186,0.006620726024460382,0.0019924146451697406,0.0017177016975854277
20250421-2100901425,Neutral,-12.0,-26.6,0.33676919960189056,0.38106041326687623,0.03895979520696099,0.4291466343408549,0.0018477838681326226,0.00015479758734126143,0.024901464519906543,0.013374075609934389,2.097896866661727,0.4071374923254712,0.1513323508773503,0.04776855536181501,0.04267595785890454,0.031994847911998164,0.007797748571503274,0.006533186377091814
20250421-2100901425,Negative,-7.1,-20.4,0.2388504978341713,0.31721819962234893,0.060749274839739055,0.40171714054964525,-0.000508635845972658,-6.466331522373165e-05,0.016307355461195102,0.00782448134592667,5.317414441570924,0.18601856713154383,0.07850930441239476,0.05596932331917663,0.02346057658698847,0.005952651035968723,0.005181972875147626,0.0037246755867549842
20250421-2400070353,Rest,-28.1,-47.6,0.5634360242222615,0.5392917886276851,0.09505414327423696,0.6212002708913485,0.0013785023224902986,-6.351216485609255e-05,0.008096907176054668,0.002276980479700013,3.427873620976291,0.07062479045120443,0.008960255427181537,0.0016551932487274528,0.0003343968220404368,5.8779107144906893e-05,2.6984182571293588e-05,2.6491993228501812e-05
20250421-2400070353,Positive,-34.0,-43.6,0.44234024122172694,0.4493187526286852,0.08647527790679088,0.5369940589714084,0.0011633059853183854,0.00017160456641988737,0.013405205820880419,0.0032145179331206303,6.639726341878031,0.0929884239141476,0.0122744191003173,0.0017719016248981146,0.0007026677708986508,0.00010236228443681424,0.0001981604486327774,0.00020616418700072973
20250421-2400070353,Neutral,-25.7,-54.7,0.5259390081003208,0.5410476177773219,0.07004198825136261,0.6023076563965276,-0.0004430005703504913,-5.768710145749264e-06,0.0072015828194475825,0.002425680671035722,6.389980227842588,0.032757481722900945,0.0021861522166679945,0.0022067470763542244,0.0007509517657373489,0.0004068995078739753,0.00017581163825519596,0.0001396834951671897
20250421-2400070353,Negative,9.6,-52.1,0.27400878401942796,0.39866829100569673,0.09621765163131053,0.505127763921875,0.0010600336451558477,6.419914195605079e-06,0.006361963615424889,0.003623538952003979,7.668015997622792,0.08539272680084145,0.008739294103989584,0.0020710217309349564,0.0013856259737657938,0.0006578468523835169,0.00035331875576418976,0.0001251460991938902
20250421-2400973151,Rest,-28.9,-44.8,0.5053069978793377,0.49566308889930283,0.07269153291877395,0.5642458955242582,0.0001012715616720673,-4.763017308413179e-05,0.023819764129180427,0.014446582816924078,5.466917353245704,0.6346652880918366,0.11685027901131267,0.02150150126401857,0.013832196567052335,0.0023921635956243702,0.001655004316185462,0.001518439240948145
20250421-2400973151,Positive,-33.8,-50.4,0.4145629270084117,0.45229359781550715,0.08790441827163194,0.5408085769443082,0.0004069353378106131,1.7022509608495005e-05,0.021877506043131375,0.012112528528005305,8.261717993172027,0.5958322611733258,0.2581460063572846,0.038021450586359834,0.04959462737822497,0.009674609289047164,0.0070617676820465495,0.0033009560073812057
20250421-2400973151,Neutral,-35.1,-54.5,0.529596621477088,0.49763092549926946,0.08341260379846989,0.5753687007578091,0.00028878853253379966,5.7181788855638886e-05,0.014347563976233645,0.007981391568340546,20.515633304675085,0.2082197738529318,0.11289392550594134,0.04342073869533686,0.020067576525329627,0.008967359771409996,0.003139685022158924,0.0007211907092869209
20250421-2400973151,Negative,-20.7,-32.6,0.7221481931271722,0.6384033306624385,0.05469819852627003,0.6798948529935822,0.0009081380023706017,-3.5804428425638754e-05,0.021806066557360417,0.013988892641456892,5.393634046643705,0.2758792396155729,0.30546284445754524,0.0877054747416142,0.05641597934338072,0.036478938473933166,0.021727749275561474,0.017327066445297242
20250421-2400987825,Rest,-36.6,-116.0,0.4652131809760743,0.3942968664194101,0.052413075002611394,0.45594198520291757,-0.0013801408240589823,2.134705010875287e-05,0.07273242415135495,0.12533307439235086,3.6989528299386745,0.08744978172600122,0.0971924061967941,0.025539584711055156,0.023516329702732222,0.03873858389107625,0.07383710163361556,0.0292126909919323
20250421-2400987825,Positive,-11.4,-116.7,0.5438289930946238,0.4978501961138147,0.05673304573555453,0.5518947938748092,0.0027348283894731923,0.00011241381945678883,0.07234553087203577,0.12977127478175493,1.1317791048457728,0.09141488936094422,0.015272067968043253,0.0028765371724574058,0.0031833639839669555,0.0032390856660311986,0.0019970815847291648,0.003004869423515011
20250421-2400987825,Neutral,-46.8,-116.6,0.5647575997345695,0.4658686499731976,0.03503649872902061,0.5020658301028565,0.00018228037168448194,0.0003778347798831498,0.1435292904301753,0.2483296105882521,2.981242754805578,0.05160928078535952,0.03384893735328716,0.013364283251039923,0.02008844612505247,0.05705242946040312,0.11788834675327287,0.023370392604060895
20250421-2400987825,Negative,-23.5,-116.5,0.4180108760126465,0.43609630818383127,0.08076478426290466,0.5205235578477422,0.0003540352957780826,-6.217022019264848e-07,0.03224795200077225,0.05056468332758096,9.060748119366268,0.5461267626922895,0.06214234803081235,0.0002365578135900918,0.003583399814945303,0.0015877646137039533,0.00041227323532160346,0.00013543308756204533
20250421-2500011187,Rest,-8.4,-21.4,0.5964022117248287,0.5704999123257485,0.05598855819731473,0.6176234355665282,0.0017646931103046143,6.0502681700793575e-06,0.017876046955167407,0.01046226303944707,2.0388199504629383,0.11703749124628439,0.06795661957829426,0.04445223926182545,0.008778822048732163,0.009340765423533053,0.004520945201799274,0.0014329815391713886
20250421-2500011187,Positive,-10.1,-21.0,0.5010431760506686,0.531778738749072,0.07431107090760782,0.5975781939572106,-0.0017186687606366262,3.732840748036959e-05,0.03611821589086182,0.025172946858350267,3.5439019522155695,1.4877872155105847,0.26625276533937414,0.04958137591465213,0.06359903490115879,0.031603348614026534,0.054192810792058864,0.04426364055487363
20250421-2500011187,Neutral,1.8,-18.1,0.30836399332390124,0.30611946034284016,0.0334486048366481,0.35659182385079974,0.0008618254134902361,-1.776385388931906e-05,0.025858013572380798,0.018331116406131876,3.5209858395037603,0.17372911585643902,0.02677739275176621,0.07052653911799375,0.04386582428698101,0.016577389673832772,0.003427086323667886,0.007371152549878091
20250421-2500011187,Negative,-1.6,-14.3,0.5495245748330486,0.5824757263970972,0.04619473781020335,0.6208644857390616,-3.7842281729278665e-07,4.3187875132409165e-05,0.036745616068899783,0.03036552888745024,7.997146302489294,0.17579470711786355,0.06575249991814563,0.05547267970082918,0.05244359220145,0.03545916815787762,0.02826590329892094,0.020654072067770594
20250421-2500038582,Rest,0.5,-9.8,0.8331418160419252,0.7188184160148682,0.06965563710104108,0.7657385665507289,0.002701438325687969,-3.9759165622766285e-05,0.020856256134653257,0.013102160216300165,2.640093290070706,0.23623675515707312,0.03620435791319589,0.011088624060834353,0.0059363165598387575,0.005872853358822265,0.0032215493185739335,0.0008842953318023995
20250421-2500038582,Positive,0.0,-9.3,0.5541790190199151,0.5085541083969985,0.09521379538667617,0.5948454224032848,-0.0030745308610602108,6.377948792989538e-05,0.013828466354482857,0.008308970026292226,3.6431130971603367,0.01218419865319195,0.014024208004831028,0.0031197471710381333,0.003279546592974499,0.0017266768132198353,0.0017181940667616268,0.0015363571787405435
20250421-2500038582,Neutral,4.8,-15.9,0.3530876660386907,0.449049311839314,0.07939045857207373,0.5301280440001596,0.0005364834681145969,-8.357321477104131e-06,0.010871842983035064,0.006305810481227662,18.48207530970298,0.35852641649140404,0.1410731840304395,0.02216032808762474,0.022911737949795577,0.008132408399151522,0.004299525091385292,0.0024822612627810416
20250421-2500038582,Negative,6.5,-2.2,0.543008479273787,0.5358308443446179,0.045742115784588026,0.5769374398803169,-0.00020411339645979315,-9.58616566271498e-06,0.0305020753342089,0.016134595076481198,5.268963182618585,1.8948029148796703,0.3687857644731945,0.11522680667472578,0.057552168699840665,0.022708528571802822,0.011704137491502434,0.0170527872671065
20250421-2500042598,Rest,-6.0,-24.8,0.2813237989270876,0.35664268073777083,0.04491435383078188,0.4148594407201135,0.0016888487928276529,-1.4086885745812757e-06,0.033027314548971266,0.010828580836905431,1.9134650036336125,4.011015685427237,0.43152652289163373,0.06824718683649938,0.006888826562345468,0.003545903273627462,0.002838836827267627,0.0013686622165086642
20250421-2500042598,Positive,-9.0,-21.6,0.2076253170386022,0.2696821585340378,0.03641301762293292,0.330365682622319,-0.0018182034647727966,0.000372144443392233,0.03327406674322409,0.017141991415461307,1.7719299407604159,0.19242626410134153,0.3296447271354803,0.21136575945809763,0.05425243722756352,0.057905494533753314,0.011641183597197726,0.01680644177886704
20250421-2500042598,Neutral,-6.7,-22.1,0.239289332546671,0.3142854929441475,0.05441622314529458,0.3913969777865439,0.0005709388697324227,-0.0002617020947024305,0.026221254720300752,0.013030626368824426,3.9379109355480755,0.7354763216039368,0.3351200980463318,0.07574882138852768,0.02615201821991034,0.016843078821633193,0.006628565890150824,0.0062505861941427035
20250421-2500042598,Negative,11.8,-11.2,0.380880105131923,0.3944035115288932,0.05223418768892147,0.4558380387761022,-6.809504249181376e-05,3.396040809548302e-05,0.028917789157731872,0.01406560147604734,6.942328629053583,0.7255439135395624,0.23853775033748936,0.20512208332188311,0.06919535888032002,0.026334462974995466,0.008594244299449084,0.005562699351951156
20250421-2500086100,Rest,-8.7,-21.5,0.6775890431099915,0.639424820639688,0.061688888298461204,0.685968650558142,-0.0005623389156067513,7.234674955340825e-05,0.016967516692839617,0.007123546542742373,4.224430900771018,0.040694520402014475,0.008652094599884412,0.0031671360715719056,0.0003954665305562814,0.00015457983286937138,0.00022610276242078498,9.793832997694798e-05
20250421-2500086100,Positive,-12.4,-32.8,0.39446990191932424,0.3913671551038082,0.05481399154398765,0.4560507007318769,-0.0007538391053509429,1.8426602944038717e-05,0.011692996035370698,0.005276671124156363,3.1852086751854927,0.03346800110809665,0.010682867735494315,0.0031368396441204317,0.0017487576146277717,0.0008838045249304693,0.00013921245591902171,0.00014491131433503072
20250421-2500086100,Neutral,-15.7,-33.2,0.640035740965669,0.6207485977254156,0.04530365196786907,0.6562259317841218,-0.0016296753328027926,-6.7560567291883586e-06,0.01999426303011892,0.011104543785414324,2.289509335880038,0.1766161769477109,0.024977906343143865,0.027259449900666685,0.0050936961579406805,0.0011622861256645324,0.0011729902906070701,0.0007457093484872007
20250421-2500086100,Negative,-4.9,-31.4,0.7306871910894914,0.6773705528558601,0.06158788136368585,0.7214005456332422,0.0013008275819932512,-1.298824396453364e-06,0.02220836133103238,0.01231612043958035,3.0240106762837367,0.2808051188757761,0.06487319739037009,0.02383991974516767,0.008508962707045258,0.007929234585575073,0.00904061365902934,0.0026614218046789153
20250421-2500120775,Rest,8.1,-10.3,0.37113142727737153,0.43487154600358124,0.07244846102001293,0.5114310535581095,0.0019591552627971744,0.0001397031602657868,0.023695774248227757,0.013038461882446157,1.6835833167158099,0.23074491699890284,0.135413389241676,0.03550435060872344,0.015223453298273602,0.0031139000190712695,0.0010432756547376508,0.0005883952189011803
20250421-2500120775,Positive,10.2,-3.3,0.46539147988828766,0.413775953518434,0.08260130858142367,0.5037974278333633,0.0006235314692758697,-3.3235653825346684e-05,0.024555744636698552,0.01341093690013406,6.564745443382333,0.15136356174784668,0.06386287060688961,0.09343569329111226,0.023164192063649315,0.016506541156278955,0.005550439432547288,0.004876910117951263
20250421-2500120775,Neutral,13.9,-3.1,0.39724655392958597,0.40382612756932323,0.05742749835621342,0.46957751188046554,-0.00017326197729020261,1.91707246858629e-05,0.013544019444595204,0.006092959871779252,9.558600376096214,0.15552245625807826,0.02905224977479795,0.007453662317834497,0.004948788904911197,0.0020067382936804156,0.0005544938870233814,0.0005271581893622656
20250421-2500120775,Negative,14.7,-11.3,0.40258247412496295,0.44333524421653997,0.04329862544918383,0.4897394860675653,-0.0005564382863262735,-1.4925543907917488e-05,0.015487842139990863,0.009238100349022723,6.027369107424679,0.16905701521387248,0.12295471045025544,0.03362854010798075,0.034308491381983,0.01858560127362025,0.005266068940008592,0.003813425513262305
20250421-2500251474,Rest,8.6,-22.9,0.42884808686247466,0.49259813555028853,0.1052274855663046,0.5898138763321231,0.0007755375312218811,-3.955194435889118e-06,0.02002494377083036,0.0137337790645112,7.297084084894504,0.1096075112121044,0.01725323953632849,0.014185695922697831,0.0043707485784783996,0.0061464284084823614,0.002924211211917358,0.0005003673298574117
20250421-2500251474,Positive,5.1,-34.7,0.8656182229792115,0.7123778532452268,0.09661226222802158,0.7772351433268438,-0.0009020696120175339,-3.3781427705340753e-06,0.013010662236143826,0.004815530645558496,4.508859903197249,0.023209172804786557,0.018481971187465585,0.012983478947314898,0.004561816300024869,0.0017100998542627528,0.0005080996945479093,0.00036118680076440633
20250421-2500251474,Neutral,5.2,-35.1,0.6144591621795182,0.6226242654060254,0.0688530421129259,0.6756582109212607,0.0006496694333150864,9.961364392346535e-05,0.022810078705807334,0.015895632296663333,20.905194113517794,0.546134654872977,0.08375692268849018,0.0412269419026019,0.016839611767066005,0.024273820427604557,0.009015727180654904,0.006015980798061562
20250421-2500251474,Negative,11.5,-10.4,0.45990492712671727,0.4665188854409749,0.03667917900070875,0.5043005547030444,0.0002658206089452921,-2.9192924968781623e-05,0.03540607391245802,0.0214946464887099,4.020311184300485,0.4098601291388296,0.485127090362355,0.4494103883014628,0.033564665208331707,0.04694031018217853,0.022424925043406124,0.026537558538900705
20250421-250025638,Rest,-51.1,-65.6,0.6475628492966486,0.6169141087238759,0.058811571092442866,0.6628684550007014,0.0007779388184700635,-3.999457034881967e-05,0.011528402878324663,0.003157132342805943,1.3428865013088258,0.06458040620342102,0.014831222082844046,0.007702994080818498,0.0023138803615479365,0.0008245408102102645,0.00046702325703594917,0.0002839887346962659
20250421-250025638,Positive,-48.7,-62.9,0.582558144721215,0.49820324109084174,0.0924950826828351,0.5836964554597316,0.002149429118502562,1.4994084028303485e-05,0.008706364718659175,0.0026798834087018476,5.699177185845288,0.021525239839388862,0.011764621282547951,0.0009389045270840529,0.0011461972779901847,7.012435219380503e-05,0.00021382449382145185,0.00013526115679994314
20250421-250025638,Neutral,-40.9,-75.7,0.7269164199378835,0.6238525778655423,0.07495300443255683,0.6812819117971937,-0.0004941520138284273,-5.1720284708260646e-06,0.006183561489081305,0.0016792641077239393,13.00018722486437,0.026464983094868992,0.00304623436562389,0.001085542304485756,0.0003729468137030932,0.0003567896495290177,5.3828789061217983e-05,3.676833612902442e-05
20250421-250025638,Negative,-44.8,-69.0,0.36694638299510474,0.3874346662434252,0.07594326136337516,0.4754459821793949,0.0009277710564985584,3.908025804855168e-05,0.011360746013095266,0.0041394316195476275,11.056476424048718,0.27735083134579386,0.05397468728645293,0.020621240328203182,0.003747648837437756,0.0017233544103209466,0.0006103742901415821,0.00043453907385610944
20250422-01117526,Rest,-14.3,-33.0,0.36990389366524284,0.3842595764534178,0.04539242524691259,0.439372105786283,-0.0008026207241843571,7.007765231267252e-05,0.013372431316643237,0.005089326530620955,0.9718534389116337,0.007022527769564262,0.003278472107116957,0.00394481743108418,0.0013800384289316418,0.0007945706941835766,0.0008409058061321624,0.0007561761406971886
20250422-01117526,Positive,-19.1,-36.4,0.6382136605559465,0.5564856869967933,0.05190429592087,0.601315737157413,-0.0029083627923937963,2.8280493042434655e-05,0.01180311386242307,0.006050438434347179,1.95871229618321,0.025530509711680006,0.021880622430001145,0.004222512714640534,0.0030712021680078115,0.0013430955463897849,0.0006127166481875478,0.0001773574954068422
20250422-01117526,Neutral,-15.2,-37.6,0.2684168388073494,0.35258494302852916,0.07392169286787593,0.44523907613585206,0.0017082926151137648,9.206118576990734e-05,0.011511218420338322,0.007114526067849067,1.964286659299594,0.009843136134865376,0.005087274590500835,0.005380899806565383,0.007579155147492938,0.0033921818041232504,0.0011538771088743566,0.001389171054965639
20250422-01117526,Negative,-0.8,-37.0,0.6383186491553039,0.5838067376700952,0.03814567034092424,0.6156102478759784,0.00013796083842504276,1.3685607471197516e-05,0.018133832606214956,0.009245350291391992,2.5223515639430936,0.21740998288192775,0.17117021957881184,0.07304331332932355,0.01957732894832107,0.01272640225346408,0.004971143038405187,0.002788728194144583
20250422-2100901154,Rest,-25.3,-36.3,0.5878058490198275,0.5892141214620649,0.05371416471705142,0.6331567307131499,0.002246276298583285,2.969286695019476e-05,0.024564128811069577,0.012060357525777705,1.9102799518483882,0.8263122160309343,0.1358442345585749,0.06485852323072093,0.02819567070310601,0.018032918439868283,0.0031180131658344284,0.0013844856568863597
20250422-2100901154,Positive,-23.3,-33.3,0.43875522927018046,0.5039088875263121,0.07897890640566625,0.5769775327806721,-0.0017080231929663145,-5.546726727980615e-05,0.01702758149675163,0.009228475152276122,2.319114134849342,0.024405339402730694,0.01791268746338023,0.00412318615601681,0.0006601377752342652,0.0006071966176722184,0.00039062322210518645,0.0001321326682795191
20250422-2100901154,Neutral,-14.2,-34.3,0.21082496938755999,0.35026458655065446,0.06521042544370602,0.43346938304245536,0.0015632189580056593,3.087827536607699e-05,0.010093453543438272,0.0056021149362053095,4.196007145519208,0.048639226091252735,0.01970900606683212,0.005007528791960232,0.0011962186199506047,0.0009535957315442236,0.0011159219450995006,0.0004624705181650393
20250422-2100901154,Negative,-7.7,-24.9,0.30563387914227463,0.36514182567184833,0.051416836996319853,0.42982018315952814,-0.0007214568922636049,-1.6891507907276802e-05,0.015325928221137245,0.008035203750917519,4.830784671201228,0.11357653082827415,0.08767232103181237,0.01657548608851745,0.007269359362359066,0.0033700533434115583,0.002158191125494794,0.0010837778613898529
20250422-2400408931,Rest,-8.0,-40.8,0.6486369765220915,0.5683199719271627,0.11878432968322727,0.6646592511765095,0.002486113216864827,-8.346797539327162e-05,0.005583157757477964,0.002640198675230044,4.166857488207214,0.013817260526296095,0.0022891192949414663,0.001680081539353265,0.00048812542179870177,0.0001855645774466309,0.00014879341293001783,0.00011947645144693737
20250422-2400408931,Positive,-8.0,-22.3,0.48381130917582593,0.4684168608805917,0.04818113632983996,0.5172963288938629,-0.0004213030280503744,1.1111501130089248e-05,0.019070968663981006,0.006024881956618037,1.9191939821484763,0.14688382216621465,0.03777092235387743,0.010292397753306886,0.004072701126763721,0.0011837845992564442,0.0004390825386791374,0.0002158189953593305
20250422-2400408931,Neutral,-4.1,-25.1,0.4608775126768722,0.45918103255179377,0.06149553341564826,0.5218646894272305,0.0005098805019564807,1.7502895314291996e-05,0.014793042455855204,0.006949573100902584,10.848906461976542,0.407272638590661,0.08341063542688056,0.057243600304277754,0.025543317337768556,0.004817828036438266,0.0024741887994762287,0.0012608261392543878
20250422-2400408931,Negative,13.8,-35.6,0.6850552937416883,0.6316588620837695,0.04792313147384042,0.6685178004532139,0.00011680339224480283,2.8520656981807853e-06,0.0128120775050725,0.006799277713250214,7.6789045155361535,0.26587317882923367,0.08185272368391802,0.030468803774791872,0.009285327489300018,0.007872357539661612,0.0024016187330684734,0.0017812021903459313
20250422-2400679520,Rest,-14.9,-26.7,0.693002564445506,0.5821420517367473,0.10495838269308884,0.6662189963468158,0.0030847882958025593,1.921431258352386e-05,0.004337081230783339,0.00129479992429083,3.59339180692451,0.010701805619933691,0.0015348397802344852,0.0005563764511885526,0.00011508579850015674,2.35016748702848e-05,4.411349359709508e-05,3.810462334895851e-05
20250422-2400679520,Positive,-14.3,-30.1,0.7832862929955418,0.6576320642970857,0.10305059105413204,0.7317995101431664,-0.003074846790497602,-2.4534479268318063e-07,0.011329255263022172,0.002107301867382483,1.7033016207974983,0.07236553754502859,0.006613034037005931,0.0005108467089950997,0.00020928069042176517,0.00013187823978253062,9.875671128450753e-05,3.677832091972021e-05
20250422-2400679520,Neutral,-14.8,-31.1,0.43655389512988374,0.48606723381042755,0.0674369578767266,0.5510882993321918,0.0019514655651355329,-2.7041181306240888e-06,0.0044757705206019205,0.0008905544149982348,3.30977529752034,0.041370357841472624,0.0011466997925520513,0.0005551459102076755,0.00019013929603515776,3.2861260239375936e-05,1.751759741738988e-05,1.3201174040720017e-05
20250422-2400679520,Negative,7.8,-26.4,0.7972536970713214,0.649662802300161,0.09706298052506328,0.7205031139541045,0.000990030560115545,-1.993941743778674e-05,0.011202614309906071,0.006130183244444803,5.84774050546866,0.10590109995964798,0.028800756738568443,0.011471886498582462,0.00556063100705839,0.003460820416804254,0.0019654151443058124,0.0006307894605662412
20250422-2500030471,Rest,-6.8,-11.6,0.3497493864122341,0.3816549390766278,0.050927398724003176,0.44338233077738637,0.0005848105089199581,0.00015704356970665663,0.03020243990713106,0.01622291992257279,5.845006695710061,0.5410810561146121,0.231669060540894,0.14213171187951268,0.039494287100597415,0.02870886865026371,0.017699669868252988,0.004068996364081428
20250422-2500030471,Positive,-5.6,-10.6,0.4208794791229614,0.40914959389797073,0.046658104379442226,0.46266780152320586,0.0008148334348011453,-0.00020616979708690809,0.028298654106100045,0.014189027038413527,1.1097101821503519,0.14879423548356374,0.0700392844341936,0.021070475158387628,0.02554351392895134,0.014882398476001793,0.0016404940413565613,0.004415647623378727
20250422-2500030471,Neutral,-2.8,-8.7,0.34916585893229846,0.4022507917696159,0.058050331285910084,0.4688880791459652,0.0001514233591447272,1.2782015900708278e-06,0.028872268042342553,0.015224775152406347,5.371832175214645,0.6672760949676768,0.3710103751340714,0.2891552843063684,0.06008008399347848,0.024486535257877248,0.01682000571442553,0.012441996318588423
20250422-2500030471,Negative,-3.1,-12.3,0.31839376895459276,0.37462261414737946,0.03374979550219951,0.41724321268633696,0.000126809266913022,7.937285372616165e-06,0.019210803529208523,0.008348088560543742,2.8607455006883917,0.38275134035457586,0.08326138077059916,0.02812699459407848,0.015689260805457093,0.008313934071790456,0.0021360987508618123,0.0028848362210862812
20250422-2500246777,Rest,-2.5,-58.9,0.15791806182186027,0.2921428729635983,0.08015194160455683,0.40681617449160257,0.0010212637078882093,-9.396608062291915e-06,0.008953403780110529,0.0029387046968761947,4.508185025321774,0.03605871175551209,0.01447143361330092,0.003942605070397446,0.0008364777716712116,0.0005465013386050522,0.0004018541894018686,0.00022315357528289743
20250422-2500246777,Positive,-7.6,-23.2,0.338548002845801,0.35492866166381615,0.052180970490389285,0.42208450026133026,-0.003156885441193562,9.659987058097488e-05,0.014667005566329962,0.006628653522699659,0.7866731322829678,0.13259148715841568,0.019133346769370282,0.011416518626160457,0.006751848998545036,0.0021092542863354958,0.0005107854860726878,0.00019113792513774996
20250422-2500246777,Neutral,-20.1,-49.8,0.3637441586394157,0.45188925274919406,0.07310189186059711,0.5265983180858272,-0.0008647719000443699,2.4894279345751225e-05,0.0254482124705039,0.012892049788299945,23.118835622832833,0.42854772894925497,0.1271264809146257,0.049181703423415185,0.02773836096025173,0.010386428276591978,0.003032466336417103,0.0024866670429817684
20250422-2500246777,Negative,-10.4,-41.9,0.6932447340294434,0.5724744552681967,0.07952018750352495,0.6381592195041481,0.0019162002429292124,-8.983097005960324e-06,0.020539966469920144,0.014544841837018884,3.6292013576716,0.20039863766267954,0.10313790365567942,0.028751939602791824,0.01444996089300412,0.008767013429866903,0.021806715068659697,0.005032376562825138
20250422-2500247964,Rest,-38.2,-57.7,0.6433171319822476,0.6047905585820336,0.05058672095108323,0.6452583519033686,-0.0015328264862940536,-1.5882777732558928e-05,0.011019195956104597,0.0029532269076136875,2.684623236632907,0.09904004429525373,0.02109491456588802,0.0059384066039610385,0.001001424533351982,0.00025526395092180813,4.7631384228100256e-05,5.7154996192918164e-05
20250422-2500247964,Positive,-34.9,-57.7,0.5129651176938755,0.48329271955859016,0.10425046814338633,0.5812248454098676,0.0008702056759801768,-2.2858919085269456e-05,0.009631055268860532,0.0018062486175492265,3.8501690212210726,0.03869117327777269,0.0029098619792261426,0.001010624499320495,0.00010857301642630559,6.414331473768056e-05,6.0817125238393445e-05,3.480275004653601e-05
20250422-2500247964,Neutral,-33.8,-61.1,0.25339306664661465,0.35140923935391255,0.08088498484591791,0.452076805807612,-0.0003298763538886839,7.487965294676736e-07,0.007569685399346876,0.0020171464437198534,32.17704466902752,0.022674089757566417,0.005718671773494842,0.001814480175741078,0.0007422271763815668,0.0003011895042360703,0.0001595308480497538,0.00014662493099106965
20250422-2500247964,Negative,-36.6,-63.4,0.5356817760802483,0.4635657791960738,0.06575297988453023,0.529760522808366,0.001390526641891299,2.2738741648912397e-05,0.007241008101020814,0.003156804856363169,2.9571880360986516,0.03547621704638138,0.007237022710925986,0.0026913945593727154,0.0015783249588118104,0.0005034758163069149,0.00020050120032159352,7.925499794680084e-05
20250422-2500280453,Rest,-6.1,-19.5,0.42310615306807847,0.4138716404729781,0.07380412431389467,0.4950695497621407,0.0011252663965255945,6.21524115280071e-05,0.01569908091687342,0.006182938386646764,8.121155541999874,0.13762718035728502,0.1524437320101667,0.005838326269668441,0.006991296409721065,0.0008518325000178321,0.0004013890326138621,0.00013386410483364657
20250422-2500280453,Positive,-6.8,-26.1,0.37349004297824856,0.45971063607012325,0.10511516528481431,0.5625380291151982,-0.0014617444993860651,1.6031470791109312e-06,0.01570070284838776,0.006287086899876573,8.15906125473095,0.04497179331260345,0.01926491404165777,0.03181320957325801,0.009774696203796555,0.00037440132911120965,0.0016431515275033772,0.00028452897981808944
20250422-2500280453,Neutral,-17.8,-42.5,0.3130743672173016,0.39660739288957786,0.06840050550100259,0.4750767617929449,-0.0011200307390276264,-3.18508273400374e-05,0.015571614990193997,0.006812097137698026,4.243341198033101,0.2877683947836294,0.07827732247168107,0.0622233947223368,0.010632792068187034,0.010134815953939986,0.0030793979782741945,0.0016615116312681392
20250422-2500280453,Negative,1.7,-25.7,0.6159079255157542,0.5640043657536356,0.06344422736850049,0.6176934125904704,0.0008287550157902702,-2.3704697358285465e-06,0.015319302992452218,0.006244436429892264,2.947850122642862,0.5698443765534157,0.21098191272011246,0.05532811430374299,0.015415767928976172,0.005217475117853901,0.002227248403043923,0.0009331092548159305
20250423-2100241967,Rest,-46.7,-53.8,0.3698317943692207,0.37632669615507763,0.05203714401208223,0.4400669565544298,0.0005051898574677587,3.8804383823579693e-05,0.023524040164899344,0.012276457369399316,3.8709028057707684,0.14634178429792477,0.1173537084560708,0.035299426423924814,0.00913412713162864,0.012512053987935718,0.0061052342677263925,0.0036213945158530573
20250423-2100241967,Positive,-47.0,-50.9,0.610308284063,0.5894909218652163,0.06559987825100473,0.642728111422324,0.0019074866440145354,3.7039069550423725e-05,0.028506866708618878,0.01939113604169612,2.1626632959283256,0.19163088707590853,0.21348443828390926,0.03246087513505644,0.0371076549064521,0.05930325659392414,0.025054824876593974,0.0026386483030466862
20250423-2100241967,Neutral,-33.7,-48.7,0.20167272519430507,0.3479572242692586,0.09405446808879231,0.4638196826461329,0.000797640396477504,2.397188475306306e-05,0.011262204696573963,0.005241851079494724,9.362829947641181,0.48182782834409976,0.13403423289654454,0.028329903131227994,0.010258342767661936,0.004906388708138958,0.0023909323469102415,0.0013686393414308522
20250423-2100241967,Negative,0.6,-37.8,0.8170983641198354,0.6585513274704144,0.1008193314214946,0.7311013488802628,0.001075517745712681,-6.849274902697595e-06,0.006343353626077882,0.0036117487189231746,7.65666782343136,0.017972722996467936,0.018251954257475594,0.011444544157724185,0.004524663976205375,0.003270340984804584,0.001302477709716332,0.00016941608768415866
20250423-2100868942,Rest,4.5,-9.1,0.5731708294229411,0.5757785906939726,0.054327837091491166,0.6211673064424982,0.0004469818096501914,-3.411865170194412e-05,0.026104675146234362,0.016869696472290762,4.384867830915138,1.1606312697529326,0.33908470198252266,0.1441139651811112,0.03726958468294921,0.02046417285036093,0.008960562672191297,0.014918623337302988
20250423-2100868942,Positive,3.1,-1.4,0.7407193323150659,0.6996051755656786,0.028797176194184898,0.7198920598759712,0.0008075023105065197,0.00018619969873930192,0.028812557643209703,0.019826122128405455,1.6509003789419159,0.023727442207078092,0.03315878658864617,0.05490178580850632,0.032994853562575484,0.010964636414168746,0.003947547575263326,0.001944938861992586
20250423-2100868942,Neutral,6.3,-5.0,0.49035869327893933,0.5115662264789899,0.04787329530889554,0.5563931158657957,0.0006780990393629442,1.6903537678666185e-05,0.013207081782146152,0.00806006957505257,2.5773693905597423,0.060435025284659195,0.024608751725018703,0.01050011179183035,0.0076663238948065275,0.007673216862261467,0.0058400690179560505,0.0035551544453378157
20250423-2100868942,Negative,10.0,3.5,0.7230675701887077,0.6434342080358204,0.05692434135405096,0.686244797011048,0.00043985241410327474,-4.048948185358357e-06,0.016620459432836274,0.011094197661208699,7.28348001615709,0.19476326357715307,0.07592800983401071,0.0610232403042663,0.01578020465862689,0.014146277666167868,0.007964042342198987,0.00475038678633153
20250423-2200613228,Rest,-23.8,-42.4,0.5528230119623476,0.558073380948526,0.051791495077000954,0.6026917898895915,0.0013770663430997972,4.212291081158789e-05,0.03439959111786224,0.02027970590168586,3.518716120728776,0.5276841445042223,0.06626208625059232,0.2536280477163234,0.034669634554413326,0.010136269050989868,0.009528852568688649,0.017861756693557256
20250423-2200613228,Positive,-21.3,-27.7,0.38578125827297816,0.4438017711589834,0.055763578736574115,0.5027162130073236,0.002996229990390819,4.708877493105012e-05,0.044728956015525116,0.03205026167227208,2.824338379116165,1.352086237454816,0.24816990562935434,0.10627983155174736,0.1024657446690259,0.08326819160278698,0.07105127639571157,0.06797488064154819
20250423-2200613228,Neutral,-10.8,-39.1,0.6015612529678952,0.539540134762595,0.07450477717753898,0.6046555500424834,-0.00043171163762509193,-2.3131744492710325e-05,0.017781667170902255,0.008526605200901892,19.071261171468645,0.49889759440663756,0.09393199340481914,0.0482875789027518,0.03634963120863556,0.015618930583107173,0.005366134473857043,0.003506881995349439
20250423-2200613228,Negative,17.6,-36.2,0.6843515262631765,0.6167034492239633,0.07781610885826576,0.6768598474891233,0.0012055785129376105,1.4385509927628874e-05,0.01601516669235488,0.009740103481272277,4.0640606783505415,0.19027962910672266,0.165075311425247,0.08755749526385385,0.016854332293483817,0.014399903161965296,0.01253205221532763,0.007132773431373879
20250423-2300263813,Rest,15.4,-11.6,0.39917831705893847,0.422107790530859,0.08458618929830915,0.5126023567300024,-0.0004895282676911837,4.636065707518203e-05,0.01118496629679825,0.0030639291252740025,2.2815165928895054,0.014974563541699105,0.0019170357317905317,0.0016019140006240905,0.0003322407919366506,6.913453567063547e-05,0.00011181592141156644,0.0001711202971056491
20250423-2300263813,Positive,7.7,-14.9,0.2982025720240784,0.37313607793003245,0.0515609435423521,0.43679683629275456,-0.0008871128900819925,-0.0001593074231730101,0.018775699425139722,0.007101128488375158,2.562737821522035,0.054643127188700874,0.06193837884844073,0.027915404293886035,0.0024723558323036616,0.0014717655678831748,0.0004281278752984311,0.00021309678261627836
20250423-2300263813,Neutral,19.0,-17.7,0.650115922953825,0.4943711412844405,0.10950283042366703,0.5948997022679934,0.0010948543247847036,7.506082386360529e-06,0.013471018809862213,0.006052609768527017,13.838956479749086,0.2853960641450675,0.24000230650495785,0.01435686398702598,0.010181546995227497,0.005877757651639449,0.0014137416528179883,0.0007506150818136087
20250423-2300263813,Negative,18.8,-10.3,0.37587076495772004,0.4329488807003156,0.040804757851960284,0.4777546348824011,-0.0003802333737324483,-9.42436110057466e-06,0.014596032245143976,0.0067189460662498484,2.6047420537518335,0.3362173208713703,0.14327379101668355,0.05988892995950686,0.023086979763275638,0.007257770726335218,0.001930318251194193,0.00200791773975875
20250423-2300501066,Rest,18.6,0.4,0.48905246632547295,0.48910928188992536,0.0772652654973274,0.5625772436992149,-0.0013746773296556558,4.5592441453915124e-05,0.029484854068916433,0.011692463499000896,5.571810754947165,2.2137180471043036,0.34047726206153306,0.16326250283922925,0.027188177748578936,0.015371533218413088,0.00972231995271723,0.006030866398209391
20250423-2300501066,Positive,23.9,2.4,0.48840469483710675,0.4803996707163078,0.05843831139097928,0.5377937848425883,-0.00021661062742252518,-4.0129861722448075e-06,0.02892854899982323,0.01430041713376533,4.859143715004729,0.8529946860925609,0.14824325359140159,0.16641149098090646,0.11408520455111867,0.02962948663436439,0.01218507480519514,0.012339749566389132
20250423-2300501066,Neutral,16.3,-3.2,0.3244718752495354,0.3344075905276358,0.03442735447130082,0.3824340349312542,-0.00026518472896999587,-0.00010083270002525774,0.035071400270178625,0.014034484288156915,1.5941757962700824,0.8070308319730308,0.9951270161756612,0.006758017486700632,0.06848749734596325,0.004057319441095796,0.002297481615349377,0.0015459021227681826
20250423-2300501066,Negative,27.7,8.2,0.6338472827895798,0.5974321070624719,0.03255672538120004,0.6240848082835415,0.0008833945716053552,2.9204155802372865e-05,0.030412499466018306,0.016304851851407884,2.2218866585583266,0.6512749588276214,0.6110929621176507,0.2858799741361091,0.11112375268646495,0.054670300474039805,0.023566897079067606,0.01758819067579249
20250423-2400177126,Rest,-66.1,-73.9,0.4898690552026996,0.5073379682319182,0.04745135762582678,0.5521260468729199,0.0014702419127157703,0.00012514406261256237,0.02121719785822519,0.013436683629078162,1.690508298657924,0.18100318137746724,0.05240659949871668,0.03245581815954823,0.024920233392064665,0.005820692541600246,0.004791102951403005,0.0014141620162800407
20250423-2400177126,Positive,-54.5,-66.1,0.5232556219572593,0.5224909540338665,0.09128926482325965,0.6035611500672319,0.0034662103986540897,-1.798214456187508e-05,0.0016698103982907067,0.0011079424492655826,1.7360259583734066,0.005127988035679291,0.0002861671889417538,4.378021475114508e-05,2.9024288913474737e-05,1.0677050134802745e-05,2.9553972666076226e-06,5.924533957872725e-07
20250423-2400177126,Neutral,-44.5,-75.9,0.27920275671104977,0.31956986160613354,0.05261718250858345,0.3933726972675491,0.000182421580474989,-8.467250809476034e-08,0.008169668730967571,0.005186654064840736,1.5597851844097783,0.07271243881060291,0.007680603830732166,0.00382354047582633,0.0022739488303808045,0.001439810225454532,0.0004768856599815029,0.0003306495331318476
20250423-2400177126,Negative,-11.4,-41.1,0.8565038749099014,0.6874278439314693,0.1135752056967202,0.7655927418079331,0.001319950425098812,3.544676405414168e-05,0.006564279361721183,0.00402319932190216,7.029075304972266,0.037579224609214326,0.022463638196524142,0.011301311248577795,0.0038333767826995158,0.004111193405463573,0.001062825513802482,0.0010663826912748846
20250423-2400699307,Rest,-25.5,-53.2,0.48195299250462476,0.521637885394506,0.05611438874911106,0.5729052908011609,0.0005798738543711008,-2.4237876442702795e-05,0.018447435252353973,0.00685736416752296,8.761997635587354,1.6877080583285102,0.24396468781724162,0.060342334533975354,0.020700973941803875,0.008709078378075654,0.0050483479594940804,0.0022827038850464308
20250423-2400699307,Positive,-21.1,-40.0,0.652294986999738,0.6054786548886606,0.08519351772560305,0.6721591472645335,0.0015138069099294021,4.736017422332954e-05,0.023474669028195824,0.007732284545520902,4.581785190359386,0.514571907862616,0.08803667937362739,0.02482613365724852,0.011259788538180139,0.00334164968862993,0.0011438828598062715,0.00045686798764589217
20250423-2400699307,Neutral,-26.1,-49.8,0.5491166151368574,0.5311637848063546,0.033885792321570504,0.5621572365552024,-4.558583238584498e-06,-1.1329205480275794e-05,0.020602575111623833,0.00897316455474267,2.4465609319568262,0.9201343077332766,0.37197446555958835,0.08764553144532625,0.03294568498521356,0.007747831635309835,0.007423626588464465,0.004022294799828541
20250423-2400699307,Negative,-19.4,-37.9,0.37337351550075826,0.4014522352686436,0.04248546514919405,0.45127526228609566,0.0009414184891445794,1.875776080094063e-05,0.015422975039611929,0.008605567149192155,1.6503447774591762,0.15738866191188366,0.08078842470114515,0.039466907101821797,0.03091599627203666,0.017737297031308625,0.005189742504973351,0.0047360740405168735
20250423-2400940098,Rest,6.4,-41.2,0.5831819679874095,0.5201127576231498,0.09648719945411081,0.6058089468606982,0.0018484491753332465,-1.2349633557329102e-05,0.014356849859507737,0.010376253438816877,3.092974329357528,0.10880197964878638,0.030803389992468875,0.010045962649506988,0.004780006267969367,0.006091012519276223,0.007339376953754604,0.0021968135903653427
20250423-2400940098,Positive,8.8,-28.0,0.3913072076487059,0.41867398175084036,0.05517354880780319,0.48006400802695687,-0.00248177462507622,6.186870740842322e-05,0.014521417470837171,0.007615152338163235,0.6173915298982865,0.034450379009005314,0.03109319770639283,0.014052288767007879,0.004744363936794109,0.0050973458968485786,0.0009631670775802479,0.0013024043406584644
20250423-2400940098,Neutral,-9.0,-51.7,0.32610565340117487,0.376132254084061,0.03794277218796717,0.4235779087137616,0.00010910088376024338,1.852833055916841e-05,0.015485498815919119,0.011332396558449056,8.82693556936482,0.21497851743092733,0.044452520222619654,0.08041678584255527,0.025454892824657745,0.014614238602786694,0.007519736182557707,0.0032184874154002063
20250423-2400940098,Negative,14.1,-25.0,0.7309072487721748,0.6806537515187157,0.051602780862455226,0.7175599698415157,0.0008987390645863674,-2.9863060114091997e-05,0.016880317212423366,0.011410618519527335,4.3469202445118045,0.41320846814414147,0.10219057759475154,0.02880039581487019,0.01758108313552921,0.008300729910195918,0.006633843081263967,0.0029218392325292813
20250423-2500055981,Rest,-4.0,-32.5,0.32847263831862616,0.3756446302932761,0.051599792886997675,0.43898596920080457,0.002287616184291311,-4.745846062297236e-05,0.04000261452505925,0.020965629180587787,1.9095129345025552,1.0352960936674647,0.3047137420306954,0.2750791770233496,0.08696645592250295,0.0068408017015053274,0.007099368746173179,0.008172787918588168
20250423-2500055981,Positive,1.7,-26.7,0.31424935670847554,0.37891242069237185,0.05157591630885183,0.44175846213038733,-0.0003867210258321272,5.358197769659007e-05,0.039642097480949615,0.02703866171958313,3.631135745078658,1.3970077285865747,0.45103601457287024,0.14636575219430994,0.035995466149416504,0.09044162772774722,0.04430941848276104,0.0375643273962835
20250423-2500055981,Neutral,-6.8,-26.5,0.34110042657059725,0.3457308193298219,0.041570277806365595,0.4013727410286298,-0.0005343905517932181,-1.6712748339401285e-05,0.03590759970711228,0.022117970464780094,4.352710003307277,1.4491719579930014,0.40966154266245286,0.2110619600519106,0.2073766405819652,0.03359557785924815,0.029989509784169893,0.025101477119691372
20250423-2500055981,Negative,5.6,-25.2,0.4487763217218622,0.4721525450775156,0.050242760520703277,0.5226574273306356,0.0005989678390513117,3.7996084205727535e-05,0.0349005359605636,0.021794150115758013,9.936154907455363,0.8820800402517205,0.3261730311031895,0.11883201954236218,0.120517195538561,0.09285401893071095,0.04081791180026537,0.04267508344339627
20250423-2500121989,Rest,-59.1,-65.6,0.3623358514927656,0.45576693803227275,0.0730636143046943,0.5298934950610432,2.824909113603929e-05,-2.8213208208257285e-05,0.018409895335128636,0.007331448628136857,4.479362538168509,0.24819279171229888,0.19164320053917214,0.05353906833215228,0.008342834208200693,0.0023367050813122513,0.002988257050510311,0.0005655504356700198
20250423-2500121989,Positive,-61.0,-66.2,0.33802860302146454,0.40874323374864047,0.07607971293980713,0.4931031779203039,-0.0020258339119015147,-1.8944139609728157e-05,0.015513814541746135,0.007028496590824271,3.6026518060548334,0.37544241654180366,0.1328349260219902,0.02311577544891588,0.004536030916894501,0.000737432865612464,0.0007866050676620416,0.0006053915578653022
20250423-2500121989,Neutral,-49.3,-66.4,0.31689740304191066,0.4048194604473971,0.09459564908919225,0.5084038204479918,0.0008083965353479538,5.920633632048437e-06,0.005973989253989666,0.0019085158193500127,27.68495900354443,0.08931280020106928,0.00965700338214933,0.007111176046833664,0.0018068629391182422,0.0005287455692884707,0.0003390958210692811,0.00027198553652929986
20250423-2500121989,Negative,-34.6,-50.0,0.6335410276239006,0.5400868637323405,0.06343259749990236,0.5959248424727216,0.0009849069759355856,4.061753564219571e-06,0.007391611373304135,0.002712658447832164,14.358153009420352,0.21479398018796433,0.08123062518873364,0.027459784555992114,0.0064386466639804645,0.00565775337889979,0.0008300418601611933,0.000337832007348589
20250423-2500170967,Rest,8.6,-13.5,0.6589302623565008,0.5975881478733073,0.058148885789707346,0.6444070765194599,-0.0012317392416897042,4.049531510468785e-05,0.02100024106589535,0.010096570774333822,2.7676723080694186,0.5592760077872343,0.11349919019083614,0.037736820358626286,0.007841756134634583,0.002790738278837087,0.0014890988440760908,0.0007011825153066436
20250423-2500170967,Positive,12.2,-21.9,0.7112676003921067,0.6647231341734191,0.06266753792757411,0.7102987984171925,-0.0006201032289506757,2.7825906555365982e-05,0.01556710486948545,0.006024935434171941,2.516126822692084,0.15924437444324613,0.015260088918774391,0.004398628395629911,0.0023086536332939094,0.0008644193519926532,0.00044079637427135195,0.0004582101583212458
20250423-2500170967,Neutral,22.3,-29.5,0.605640759618508,0.6117398830807903,0.046280837478599235,0.6484647423185768,0.0006613775367697451,3.8708149336053915e-05,0.020389242051058715,0.011821339129083702,15.740214830862984,0.6378110092516422,0.20780638580690516,0.07969564628042934,0.042268547552668234,0.018843697855245926,0.010956084052849627,0.003239803482411096
20250423-2500170967,Negative,23.2,-12.0,0.43623009776078453,0.44617511493372736,0.025487682233694648,0.4738775320901165,-0.0010269473464479789,-1.3581564485349152e-05,0.03193309165375455,0.020597116981594058,2.3380166011049597,0.7046239560458522,0.17244437420067354,0.09695938983218183,0.03819517669427827,0.03493470919584501,0.03049495259206119,0.014846300721662351
20250424-2500196037,Rest,-5.1,-23.7,0.49427809517302373,0.5171231337006786,0.04235263279939847,0.5565689249390486,0.0011641603109024121,-2.5525431182377103e-05,0.02940915445274671,0.016401282229810486,2.432340725235889,0.8488164414164634,0.11531425366515313,0.07848751789610806,0.05100181542015789,0.011584285690029294,0.020373670856774096,0.009184804744460078
20250424-2500196037,Positive,-16.2,-23.4,0.38817066724956795,0.43126505414405036,0.0437287373141853,0.479289353355628,-0.0013610579459530465,2.0125521801237172e-05,0.026957397772616534,0.01802582116153772,1.3983497540698253,0.2834796523368807,0.15684438790832483,0.0658721143830257,0.03129014641265651,0.03334336040746558,0.012329237685463228,0.009383384408245207
20250424-2500196037,Neutral,-13.2,-27.1,0.3715157814447441,0.43873837052115927,0.060383330665911596,0.502866471773048,0.0010540160160530956,6.647636100197569e-05,0.021007478073095047,0.013038050726122345,4.623057933948671,0.13602865787589669,0.07667381991418022,0.08166625257235074,0.04081845384214583,0.024857987544432567,0.006269246847100193,0.004365406954775051
20250424-2500196037,Negative,-0.9,-9.9,0.4238218255904478,0.44253972023354704,0.0356249171238665,0.4811094689447014,-0.00030470095354373045,-7.202269122536201e-06,0.03264513991213533,0.026502794987416308,1.8892026342373602,0.22006116772523382,0.1371946304050723,0.05921723841591285,0.013738041898583327,0.04007319375297931,0.01863027423259885,0.011614120437709683
20250425-01051926,Rest,-36.2,-44.2,0.4132321816512675,0.39469421369344854,0.07038543656790656,0.47557224360868267,-0.0008783469946430955,-3.3254152248441526e-05,0.0156265616456561,0.005694852523986483,4.75455437399293,0.19834138939587692,0.06730325647911187,0.014091479000260337,0.0036556038204731346,0.001082228292014069,0.0005550500686496188,0.00026825971888324034
20250425-01051926,Positive,-36.3,-45.2,0.42453196500811796,0.4521457648212417,0.06773374280052874,0.5216987017870701,0.0020313838896555713,-3.638368945904562e-05,0.012512373741665297,0.00718650849744073,1.9020088238998547,0.03896905671768177,0.013986332796954765,0.006664456001126277,0.0008363733130193536,0.00026267577822167886,0.0001109907607821266,0.00019014675242196895
20250425-01051926,Neutral,-35.1,-45.9,0.4415352685302384,0.4346007557009153,0.08406109475729391,0.5224355573782288,-4.949523544596165e-05,3.2043199833685382e-06,0.011513437437651751,0.0056176640695273705,26.925278610009038,0.25476184624436093,0.058427816860433905,0.014706896747595937,0.00380029384262409,0.0017399230042210614,0.0008981167791983566,0.000779516636775502
20250425-01051926,Negative,-35.7,-43.5,0.14981034506714336,0.26832960095514174,0.0787591460782998,0.388278148789042,-0.0006440192932686085,-4.665219269926661e-05,0.008712683680971361,0.0027374358803676775,5.120697246066703,0.12317691939614567,0.02367739187931225,0.006924607514054028,0.003788641037419667,0.0014851723065059403,0.0005344318150003596,0.00039861741561504345
20250425-03124625,Rest,11.6,1.7,0.5048319128531882,0.4440291718953801,0.10442059742716459,0.5491652783281746,0.0014909913895671911,2.1338260185141103e-05,0.009583078507347471,0.0048811577000695055,5.086496090526516,0.030135429625031455,0.03639591830607976,0.018500578391344814,0.002445753601631721,0.0018944423991413659,0.001257536295403745,0.00050583453320738
20250425-03124625,Positive,12.5,8.5,0.6605951795043685,0.5677238819756993,0.07141550010073681,0.6274758212603052,0.002220556307226396,1.2356684818157265e-05,0.02107357773105813,0.010559229221511125,2.1861673448235783,0.26226926147053,0.17123499435864506,0.049980651188851956,0.012510019717935934,0.008422836330808476,0.0034316625571727834,0.0004446546405447917
20250425-03124625,Neutral,12.6,8.0,0.5845997307826367,0.5527645924872531,0.05318724712147485,0.5989456918862291,-0.0013516586753411542,-4.994399731036655e-05,0.017848122713523772,0.009840103794397592,2.930438305244482,0.5621396947464089,0.06422463212660559,0.04063687554824594,0.013769155882501835,0.022602113663516582,0.013374861392481821,0.008553131666465492
20250425-03124625,Negative,6.5,-6.1,0.34575626326871745,0.4013426201890194,0.055753471785906915,0.4656494073507389,-0.0009310257126754382,-7.307585178332624e-06,0.018751235325849134,0.010565303203594636,3.5719595480715203,0.46706626596140827,0.22194795734419737,0.0715135824262275,0.04775927501071334,0.008874799094911404,0.009066010082275831,0.004263886803487478
20250425-2100095069,Rest,-24.5,-37.6,0.3637726948495176,0.4467064957402631,0.0544749826765204,0.5040056309338876,-0.0014376731699279675,-0.00048008393926414543,0.032016553293866636,0.020351760571083337,2.0921586894055926,0.5811517370015702,0.07984481755259788,0.06025268846928815,0.029497519007421022,0.016357224957582593,0.007977792970187407,0.002223407691604002
20250425-2100095069,Positive,-29.6,-37.6,0.35951279218049803,0.4078283470702625,0.0776516371983918,0.4939388604599301,2.9480220078461323e-05,0.00013594645963470008,0.024440839755209724,0.0197226602329683,7.627735435869012,0.12533066507557716,0.034428396031350714,0.009413008419855793,0.019730617294538885,0.009746099324228558,0.0019532187454763387,0.0013223755378933737
20250425-2100095069,Neutral,-23.9,-43.4,0.35009982717970284,0.403298450608416,0.048727173604125325,0.45975734237451205,0.0008659599610157264,-2.3385381225317604e-05,0.019337384030523236,0.012850699038456816,13.967454607212325,0.13267200540293067,0.054439756056504154,0.02173874627757271,0.015087491856940475,0.007185667839127132,0.004781414120190058,0.0031160155453839413
20250425-2100095069,Negative,-4.3,-31.3,0.6094201800635701,0.49176959212834154,0.06729851363785208,0.5559998609531548,0.0006718747241161473,3.276356570839246e-05,0.02094824150263517,0.015088806730146986,5.813242202831831,0.18392019186558214,0.06193360711365746,0.018518936872887946,0.02202072011370651,0.024065056387979653,0.01281534864960905,0.010941123196503448
20250425-2300004859,Rest,21.5,-3.9,0.526303427188409,0.5110165708509451,0.038185699698893995,0.5471047755075374,-0.0004527513382850093,-1.4608037779519773e-06,0.016056944632582334,0.00724462794047249,3.9600922762406308,0.6206109739873129,0.128640839367535,0.0963430947739997,0.02303178976964936,0.007302928027254278,0.004528508979611287,0.002441307694162128
20250425-2300004859,Positive,11.1,-2.8,0.5537048616548361,0.5146123216706101,0.05582772948662481,0.5662628109825334,-0.0024131004425891407,-4.705820053405799e-05,0.026419312687365446,0.011743584552288659,5.132562220993082,0.43466651567593884,0.16231126495294304,0.07533174725733702,0.01566432571077941,0.0017019028121072527,0.003902598471036436,0.002090714884642028
20250425-2300004859,Neutral,22.5,-3.6,0.6286957471140991,0.5591270474822424,0.08220441725976357,0.6283529839874824,0.0005564886270007533,9.083160800381292e-06,0.011047870730922954,0.005156345283309679,9.144509278115741,0.34901263499637325,0.08415997198058804,0.027368237181752325,0.012468807569485926,0.0032232243824897467,0.0017688445704581441,0.0015763501329984593
20250425-2300004859,Negative,24.3,13.9,0.5846046994962515,0.5607317562975377,0.03129207179237055,0.5879729367180871,-0.00011940286466671238,2.723155224567248e-05,0.02825840039573591,0.01763280195110079,2.4870724820184176,0.6255630960243594,0.4467700242060151,0.12265199471112594,0.0781735191365152,0.065300360487651,0.010312002001582147,0.012613398898297221
20250425-2300346176,Rest,-28.1,-38.6,0.4663675613020401,0.5011107274811659,0.05603391632753601,0.5542074318558343,-0.0005278559454521209,-7.459720447790887e-05,0.033855900305243,0.01778439294556645,2.9775657708671917,0.5376296509605643,0.23046741342269425,0.11703828494836288,0.03142566257626141,0.024650327098195483,0.013398881115726902,0.003287449404814275
20250425-2300346176,Positive,-28.8,-38.8,0.4957402707708666,0.4533570831958188,0.03733066011691854,0.4928116323715778,0.0017145975084817157,7.645051017041035e-05,0.03252116619235633,0.01983129838421181,2.061548229542748,0.6255778207114904,0.21432217619424845,0.07966743078484982,0.03236967872823259,0.03752315328868214,0.009640679252271172,0.018160943751864198
20250425-2300346176,Neutral,-9.8,-39.2,0.3537180904120153,0.3961200010729585,0.05408171502863163,0.459339493488936,0.0003868270939329482,-0.0001262014513296171,0.020115980622565376,0.007890542475941302,12.403006354295169,0.3020816591865829,0.05075250233977164,0.013599370236129466,0.0034551304895540933,0.0017596509302605266,0.0019494121126004361,0.0012450946663602502
20250425-2300346176,Negative,-14.8,-32.9,0.4698779895280485,0.4969129678912096,0.052194395917521674,0.5469158011759873,0.0005341236249610631,0.00015292416190453332,0.02748173497952305,0.011614669065196629,2.727891788528823,0.6947168626033359,0.1287874378871256,0.08527886805978985,0.02802521147090964,0.010875560257622431,0.005110556656418417,0.006241464857761274
20250425-2300716338,Rest,3.8,-18.6,0.4196745327582423,0.44564453505664636,0.03756578275862798,0.4859679355518041,-0.00018717680285050174,-4.1492277212540813e-05,0.023408893673312788,0.014513283778691313,0.4352760944308032,0.018194420645048694,0.011978640779444348,0.018365674802988348,0.005185628770614473,0.0013562239278064074,0.008472488525536,0.003928392968894273
20250425-2300716338,Positive,-11.9,-20.5,0.5931642333099303,0.5464933344611431,0.05082994883030002,0.5911724904296197,-0.00014989408820797272,0.0003155658289457985,0.036382936479409544,0.030049887897665654,0.704657705993024,0.07878292305896535,0.044241912220757615,0.061204044839916885,0.03641434011150986,0.007158731572563463,0.010909553641995055,0.006955496788447738
20250425-2300716338,Neutral,-15.1,-23.9,0.5538916770643608,0.5515931006047593,0.05886483479633145,0.6025942112492482,-0.0016230792977239394,-4.3673081565452824e-05,0.0388748099124548,0.028159903886884274,5.990515696947942,0.25849346981159915,0.07091583912248452,0.11355665023960632,0.12811924768128116,0.035596884538925656,0.041817091647966854,0.023212974174407028
20250425-2300716338,Negative,10.1,-23.6,0.7334408656438791,0.6892106952404031,0.03680412093292163,0.7154128202420484,0.001188665692050814,2.013218806535775e-06,0.016437485410399404,0.01023004794254596,1.4662198743884205,0.386155229530285,0.076571284391063,0.01146095258851743,0.016494977311093423,0.017127595159405366,0.00517151322655528,0.0070781953414711845
20250425-2500069588,Rest,-16.0,-26.7,0.3502868604879542,0.38512456796583655,0.04138276217043983,0.4355498766172619,-0.00018720289894686963,1.595766499964644e-05,0.027195530223234364,0.015052101216429022,5.695004103064199,0.28096424511748125,0.3113473029022482,0.04768219654569283,0.08591729058791059,0.019199107168958108,0.007695516675661532,0.005453617119246797
20250425-2500069588,Positive,-8.8,-29.8,0.19641109340803659,0.34147688583784425,0.08110104895416999,0.4446431293921926,0.0004799707544148095,2.1486104661307806e-05,0.019219979977083995,0.00827171130760774,6.436554096213247,0.2964124117989989,0.07664511075240521,0.05574485947184119,0.005495474330649801,0.0031855539967232194,0.0007813104411893017,0.0009924773196713504
20250425-2500069588,Neutral,10.3,-26.8,0.6301253861631183,0.5272323025236282,0.09601067689583456,0.611542784864805,0.00048409090733118627,-6.4930538827941585e-06,0.009563051607295321,0.004453674689929972,20.361870764376647,0.31765037014777564,0.0617324268824206,0.012772171982463044,0.011628811487262062,0.005508020583118072,0.0032362985583310206,0.0010144192807276203
20250425-2500069588,Negative,11.0,-1.9,0.652727864030357,0.6437436475010824,0.03498986311251806,0.6703698582204572,0.0014078432002671637,-1.4706503103155705e-05,0.022902813527759962,0.014088933854063889,3.3829359274757858,0.5993367070797442,0.19894896216393915,0.1018436978253202,0.058181423051967364,0.049902110491677,0.008407917247270108,0.011414486432342153
20250425-2500233111,Rest,-30.4,-36.6,0.629254585593876,0.5736481983632278,0.06403905650943732,0.6269858945740441,-0.00046811493866395803,0.00015015015153392488,0.03729327430748031,0.017880872193919758,3.5394272119015437,0.7629898825985958,0.5123033142197776,0.24162200703446549,0.053583319484167155,0.011530959235707343,0.01853580044734875,0.002009239271518505
20250425-2500233111,Positive,-31.8,-37.8,0.4120023765783066,0.4018417738873797,0.038691237701675214,0.4474014404789408,0.0010229271654430426,4.311294814669226e-05,0.03783253431914186,0.02113553834979368,2.5792948077439974,1.1519637692901636,0.3131115728194812,0.17958880404735492,0.05321826388822006,0.01831872088760291,0.005622967480605632,0.008121956389640871
20250425-2500233111,Neutral,11.3,-37.0,0.13836032638852822,0.2623302683037622,0.07215513573963374,0.37546278831324625,0.0006691148294121013,1.2498305692250987e-05,0.007401560606512555,0.0035764202735181242,6.061187665398495,0.10413152216057184,0.04391872630461224,0.015078813386431807,0.006444418649907226,0.0029955014276862677,0.001703476771253435,0.0008622317520028695
20250425-2500233111,Negative,3.0,-22.0,0.23236271238218234,0.3244759412257107,0.061618862978952846,0.4085382471853323,-0.0010068420111523633,-3.1455324132055875e-05,0.012698536336578312,0.006839083881496851,3.568808177276092,0.19632377371759158,0.04518400751552588,0.015133132401587018,0.010569982064827416,0.006248729466235903,0.0031643664731261277,0.0012212265911427992
20250425-2500246923,Rest,5.1,-4.7,0.38122947434111043,0.3705958814872795,0.04806901043618501,0.430592983932064,0.0005710132265102655,-0.00010854589211511217,0.03478511369834677,0.017478225074270024,2.157476520336944,0.4871981612614365,0.2733877219187839,0.1054419840615661,0.10668190195809894,0.025219226553755244,0.0128240332545514,0.0029328910496258897
20250425-2500246923,Positive,3.7,-5.0,0.46864457810564153,0.4693754224147338,0.05272527903627728,0.5225309236813522,0.001126300982400195,0.00032126457806301264,0.04111860774942664,0.02142960303982755,2.764811954473327,0.5323356873975326,0.5131880285596999,0.16239276424186577,0.07337671835272234,0.02467551334650575,0.02640865505230366,0.006079614816365349
20250425-2500246923,Neutral,0.4,-14.2,0.49966812842555636,0.48955809766528663,0.03761831437782758,0.526579002019148,-0.0016174578627198598,-3.4632020367467265e-05,0.022007437591680164,0.012179418794754064,2.9979093557946803,0.3025178550658663,0.07253787554038477,0.07983550364768602,0.029004718492672815,0.027341167919794903,0.008404516940756784,0.0045346844724566075
20250425-2500246923,Negative,20.1,-13.4,0.45786997542514024,0.45731430693836667,0.04198523333810533,0.5011203534767111,0.0012549360429128657,-1.4597873621715643e-05,0.018722560488290737,0.008815971081962913,2.156124381339169,0.12126670451523938,0.045233979595804615,0.0391874076050428,0.011004179866967221,0.005656471757127449,0.009112299806000961,0.003928285036353179
20250425-2500259197,Rest,-0.1,-4.9,0.5360815139305486,0.5444237165711608,0.03461354917462675,0.5753353216514544,-0.0017019962851829204,-0.00016253578861662396,0.045333748616364945,0.035481356198952416,1.508001908091673,0.17691209615329045,0.3122743016653795,0.1324925228902579,0.07712244303728723,0.06908836107065881,0.07278102164266044,0.022883944913970448
20250425-2500259197,Positive,-2.1,-6.6,0.4838098583609478,0.5048193320826506,0.036462738533775775,0.5397270574819732,-0.00036458367733907033,0.00021074234299376938,0.03791182072752229,0.02828463097667487,1.8902121246514885,0.20487039094642054,0.06773378313206475,0.059408652777028254,0.04632503997846146,0.057063389116928924,0.023138811923570674,0.015154460335740392
20250425-2500259197,Neutral,-1.7,-5.4,0.4650197885646635,0.4826898704792516,0.05047083399131258,0.5324099407924211,0.00015206566131998898,-9.27359013728465e-05,0.03150442848969668,0.02074546515113417,5.714876744304943,0.5373280103493544,0.45083076517983167,0.11255860280581191,0.08751017598000671,0.01959537596479074,0.008939330090432546,0.004775811017922378
20250425-2500259197,Negative,-4.1,-8.1,0.49404826766705245,0.4854750448165618,0.029822732749851432,0.515275413627988,-0.0007445980833828467,-1.265292255214531e-05,0.03645230014495584,0.025933181247746743,1.6320326917284746,0.7190437112745662,0.27856394611970897,0.3846193468901431,0.03553326337092337,0.08381871284557746,0.027468921130998185,0.024040642485446188
20250425-2500260065,Rest,-14.8,-23.3,0.5175853249187299,0.5127649297406702,0.030199497385625662,0.5414123849318375,0.001647886428793186,2.082750236739044e-05,0.024880767309144205,0.016142301850587817,1.8605279338594454,0.15392694667931686,0.07737757593735671,0.12577624866814732,0.011147539828172008,0.016045680208224798,0.0036268442094351955,0.0012853714521718581
20250425-2500260065,Positive,-7.9,-23.3,0.40408828937829416,0.39028617679564587,0.035924207308019575,0.43387499018240466,-0.0005851458631024045,-2.4986590272097342e-05,0.02758955171494635,0.012998605754234146,2.234661215019594,0.1974904886260207,0.11642299668920458,0.052280138480295925,0.01984586100118604,0.008251738084400427,0.007814160142187714,0.0037037157922283678
20250425-2500260065,Neutral,-4.0,-22.3,0.4105041094478727,0.44133819528246576,0.029399054158394788,0.473474874490272,0.00016212220687561712,1.656985166456954e-05,0.022644101352910652,0.012376074208807234,7.785389001096745,0.6255694787324586,0.7546670788318515,0.12120681528109059,0.07497574205949767,0.03620586945312043,0.02701272923983146,0.017842584860746268
20250425-2500260065,Negative,-8.5,-17.6,0.2856894000603703,0.34205809964536166,0.041761228724773634,0.39845322467984845,-0.0005984359232856999,-0.00013076762946873484,0.03244004398550653,0.022883419129370867,9.345380484335518,1.3861460255542304,0.5572782156912821,0.15717948925251618,0.1268737392689181,0.059352736158157546,0.018814713769509602,0.01622708511892555
20250428 -01829122,Rest,4.4,-30.3,0.34334157904749707,0.41392015880031596,0.09967616829235293,0.5205824297396444,-0.0003710481421235499,0.00011693136366795887,0.019823723041622825,0.008293813795748579,9.103825286219653,0.18427054942359158,0.017669026619542595,0.01495627478069073,0.012764116095245484,0.0023785469975134547,0.0025803008031844454,0.0008551168751119891
20250428 -01829122,Positive,8.6,-24.7,0.1764490995118249,0.2851180084323165,0.060674021976427975,0.3767841566584753,-0.0014736039802169813,0.0001016968758045295,0.02869342486019263,0.009924724389960796,3.4367669825997114,0.7672483077846336,0.2603620841724313,0.03673461185037851,0.00582817689399998,0.000611203582723284,0.0002599542704933484,0.000271995874754387
20250428 -01829122,Neutral,-10.4,-34.8,0.2944575831915523,0.3528449098104209,0.061818743970495686,0.43164600583072676,-0.0009110424351692601,-9.176537325992541e-06,0.0225879228553306,0.008541260921762802,5.656650825474138,0.07547311258317127,0.0830014370746209,0.04297145154905468,0.005106760457662292,0.0030555494225702994,0.0015170540406186906,0.000606141741292076
20250428 -01829122,Negative,24.8,0.6,0.765413299906025,0.6703935288497698,0.07367863647616643,0.7232607551912474,0.001040698075298367,1.047286883409264e-05,0.01717627205287787,0.008480888566514404,6.261121196956359,0.39592076604927734,0.2036227245326457,0.08473420576785357,0.02276306436259677,0.006367865734794555,0.004151054345680188,0.0017853863696227579
20250428-01712422,Rest,-44.7,-54.5,0.4553141686581035,0.5030622550642135,0.04856963812417295,0.5492187820845758,-0.00180031271650182,-4.825343169783711e-05,0.03387979992124628,0.019652019725567692,0.8554273003563806,0.25316518371453106,0.09394681882585453,0.08858955133923027,0.04428702436159624,0.012939135495581837,0.014168766771331151,0.005154780512987579
20250428-01712422,Positive,-48.5,-54.3,0.40265439420599397,0.4557396118995839,0.04315155924072836,0.5008494315611346,1.7380498249815436e-05,0.00013254177610469713,0.038006967316424715,0.02567535206220489,2.377979226324061,0.29382604237778687,0.16384560335698561,0.18246754108036958,0.0764748825374052,0.023901238350536286,0.03570640019937614,0.006525143270695128
20250428-01712422,Neutral,-42.9,-55.7,0.5237716063639972,0.5296677168343552,0.054388181275343804,0.5787366167194387,0.0008599373490056172,3.690763409557006e-05,0.02594616858685361,0.011219649901986619,11.3404604349745,0.522136031898489,0.16522603022088353,0.14811047508009634,0.015290316413925654,0.018219874035949223,0.008707228487751954,0.002800391518562436
20250428-01712422,Negative,-2.9,-49.2,0.4011852970203412,0.45687528369421426,0.09159117841886211,0.5480202580831578,0.00098999752412589,-4.2844499332446666e-05,0.008462707190914756,0.003823193928735604,7.940278886095867,0.15771181264699674,0.03378326022493972,0.008316268856488443,0.0053866972755952066,0.002543575621852602,0.0018383005388914765,0.0004818024259309473
20250428-03067882,Rest,19.6,-3.1,0.6554650179632626,0.619819402933941,0.05806695436091487,0.6650135687445047,0.000713717767215486,-8.654082000627799e-06,0.017881813836493846,0.006368432338416322,3.0821485590661313,0.2704860118939396,0.03937208201878729,0.013799365899490362,0.006156703262745315,0.0009207894312602315,0.000692958443579474,0.0007632582713921531
20250428-03067882,Positive,13.5,-3.3,0.756037732755808,0.7021193767525649,0.05205159487641753,0.7382568754084364,0.0005044518158204065,-0.00031866454600210716,0.02294153514320752,0.0071726970334769985,2.0510429439733744,0.5939567758540324,0.10598328450212968,0.005487665969288379,0.0019297101647313655,0.002551752748999938,0.001153273473938433,0.0004396989753277152
20250428-03067882,Neutral,17.2,-2.7,0.6090746881258355,0.604156592190285,0.06337064951282596,0.6545042684351298,-3.749591138541586e-05,0.00013269525171061904,0.020805174141515188,0.0077977288875021025,5.70395528598178,0.5443090965574686,0.1615657941850871,0.029119538736034335,0.006905772986180462,0.0031102350059027833,0.0022346585740053906,0.002747088463724049
20250428-03067882,Negative,6.8,-7.9,0.5186220486447731,0.5242706904013777,0.03244814438552284,0.5543535886051971,-0.0009007625791269158,9.117662726830572e-07,0.022444291095659586,0.011239446833532363,4.516131599363347,1.4275006940981176,0.2140214936782442,0.07578107213469122,0.014497094018101179,0.005972211245896709,0.004041675671455217,0.003165085918574294
20250428-03103041,Rest,-9.9,-33.2,0.14978269089219753,0.23533634608101542,0.04913792043810647,0.32329725675432186,0.0006664384810919029,-4.2104777095919184e-05,0.02304197445925087,0.011532280527705174,2.3624198278622326,0.43798253843458274,0.046783493235858245,0.02406129290370681,0.006476112958709727,0.0014455615367138686,0.0010804010002287317,0.0006706412675625325
20250428-03103041,Positive,-20.6,-33.9,0.26044556989932904,0.3537046941742031,0.07031421204565526,0.4420647268517607,-0.0005807977551635227,0.00026065483483231187,0.03501221228606963,0.018687704287733798,3.23936539949933,1.2225090498887874,0.0365452341095901,0.05436788707015314,0.00952461439351814,0.00899430103812058,0.012679789604345917,0.0045097819292950194
20250428-03103041,Neutral,2.2,-32.4,0.23046696263852737,0.41044811947001075,0.09948305794788362,0.5176395625571445,0.0009229863484749288,-1.2675398792510799e-05,0.015848160320240078,0.007259862060159573,18.343134472128536,1.4216126586259883,0.0735784987320443,0.08835533636061246,0.025357828411438233,0.007419697314235099,0.004285058772719801,0.0015512668030261646
20250428-03103041,Negative,3.2,-23.1,0.37259311258981515,0.40390084671191123,0.04815380714640991,0.45966259486824546,-0.00038859097765428697,5.8031366541135294e-05,0.019581125104111304,0.012275594964286315,3.925129913880593,0.4304470833210336,0.18096389323683695,0.05349602933975542,0.008343170786442254,0.020624012630729847,0.002626980196039118,0.0042519763810124215
20250428-2000089034,Rest,-27.8,-40.0,0.33073420276276305,0.3901240259694395,0.048317401666311,0.44778807186538017,-0.0007173654885777015,0.00011304128756800595,0.027159303836007353,0.015287036571033308,5.146093133962948,1.0860828905298903,0.2730311876522679,0.07336455218017635,0.06250283265990356,0.039371355489582274,0.024422558220277682,0.019541191509241166
20250428-2000089034,Positive,-35.7,-39.7,0.6690338336239122,0.6533736133502043,0.04737311947010917,0.6886727801303107,-0.00042885703259161066,8.756212962726479e-05,0.05596419419776004,0.03271075875750481,1.012994148133109,0.3512189090010516,0.5008759004473485,0.527620350049664,0.18315057330999235,0.03008768657310644,0.043549541587252896,0.06712484987764752
20250428-2000089034,Neutral,-0.1,-41.7,0.3101483052722275,0.35723838935683017,0.09072261656735575,0.4672706746604348,0.0007582807668645483,-7.624530311128288e-07,0.009814312008926454,0.004268295999297294,14.971572224562241,0.47216488674911394,0.02899841167799743,0.015381732406242642,0.007097835401743708,0.004226631117392595,0.0025477325023654388,0.0006316724247727297
20250428-2000089034,Negative,3.6,-18.4,0.38181365150808777,0.4277343570860283,0.0637995972668475,0.49674568694518684,-3.832694727969202e-05,4.369404761533262e-05,0.014632948541399583,0.007025118235654062,4.411426841706743,0.27458729281515637,0.06494336252480871,0.013283156650092932,0.0038347108150646857,0.0051826527508543364,0.0028831415082611602,0.0038962633866290596
20250428-2100749023,Rest,-32.9,-58.1,0.7201183749405412,0.6278598491045897,0.06870221187030204,0.6803750450949391,-0.00038598297795817163,-2.7450598173651233e-05,0.010012689196347672,0.0032790985918476246,3.299835203101126,0.01379057272108166,0.0011670278130690422,0.0005990733257830666,5.377896448822593e-05,1.0865522815075824e-05,1.3049424259892422e-05,2.6603724319797232e-06
20250428-2100749023,Positive,-33.7,-59.6,0.287136537091271,0.4035377846041982,0.08923483562159477,0.5020732807318659,0.0007426304171015604,2.0585947117462793e-05,0.011286014801296467,0.0021560561701423554,11.141700473357359,0.12012799658115027,0.054554445246664446,0.0040901663493516476,0.00028618353310939866,0.0004158069652379718,0.00014029338569709947,3.1309030621033325e-05
20250428-2100749023,Neutral,-26.3,-63.9,0.24571055970285774,0.33412921723511474,0.06793837673551482,0.4237696432564104,-0.00011204321229067984,8.90308799608968e-08,0.006383334470891603,0.0019220981472797946,33.4398970163324,0.18834148189261735,0.03437095733623993,0.003969896763905473,0.0010155225736228157,0.0007565684836086319,0.0006561362490591076,0.0003458989634305134
20250428-2100749023,Negative,7.9,-60.4,0.7866405671554098,0.5650835739785167,0.13321595502453037,0.6727075149014347,0.0010178343355122697,-7.863538859933475e-06,0.007434847446915737,0.0033224587984021212,22.95171579767373,0.05817755355335927,0.03010038030849472,0.011154638585838563,0.005030119011185689,0.0020444989727117077,0.000660442975775179,0.0010860731298645318
20250428-2300738741,Rest,1.7,-6.1,0.31177408582668087,0.40223671143558454,0.10631207431097697,0.517789963534917,-0.0023493512158910155,4.294778455816634e-05,0.0037519324265781434,0.0021787159015184705,3.392276187511595,0.0003352758857301704,0.00015161498771269652,9.662989569643746e-05,0.00012969818204207497,3.2322067465376906e-05,4.299316422008769e-06,1.5898166692690707e-05
20250428-2300738741,Positive,1.9,-4.8,0.7112729706478608,0.6128164021522681,0.09579698327276878,0.686542734299635,0.0028049388750257,-9.937432103583182e-05,0.017999827676772405,0.01458374329526013,2.115041929176157,0.3255319772873702,0.0708504625986377,0.01198367743531726,0.0069481657063455195,0.0048905365688979305,0.0024774505944657947,0.0032180712654907326
20250428-2300738741,Neutral,4.2,0.7,0.41244464786450163,0.4089604640223618,0.04335883077026439,0.4589199188351382,0.0017364471536967753,0.0006095192366775661,0.04616012356098929,0.03448649792548674,2.7985036658505473,0.8841519436945953,0.21247253371603259,0.21901122672660633,0.21743735050543195,0.09137506769531405,0.08833780858238985,0.04362594241676202
20250428-2300738741,Negative,4.3,-15.4,0.591394893968507,0.568413942807576,0.06137229752569257,0.6200537943628334,-0.0007937379220381869,7.475807069250632e-05,0.029412716289595055,0.017636288256544144,4.282550421616369,0.2537790370232299,0.5989130606770463,0.052695498182710326,0.06448056402067263,0.0261545275302454,0.02559441297595598,0.013434290368518354
20250428-2300775143,Rest,-10.8,-30.8,0.7120510594923712,0.6607190468107353,0.06793605498889135,0.7102715775021398,0.0024367220158469107,5.3623987988209614e-05,0.012628027103212473,0.010065381629662909,1.242305771426815,0.022677831738905606,0.0029875390033740927,0.0015455770372508647,0.001905899580596474,0.0009381472093293874,0.0011877025676934197,0.0005829907494079106
20250428-2300775143,Positive,-6.2,-11.1,0.6007357752531611,0.5936315055049415,0.043016822797083125,0.6288204728896368,0.0020274991628798254,-6.203379734129722e-05,0.02463313518497733,0.018856900177413614,2.657757266507533,0.16179751048939006,0.12479746016513603,0.06876559853254935,0.03537066321858343,0.028300264573968916,0.006888725733700131,0.003744059692659499
20250428-2300775143,Neutral,-5.0,-9.1,0.4990458330075621,0.4929079059213914,0.06661559061822171,0.5563935606547158,0.0004423679143374357,-0.00013454418115387842,0.030803795763545624,0.020237100324399553,12.103953727087177,0.5088557419929272,0.23607150535030777,0.07539160914764526,0.0594375698480108,0.04401078058073317,0.03550878296149289,0.012856874487749845
20250428-2300775143,Negative,-1.0,-6.9,0.5838981021508526,0.5482780520206298,0.050086282941833496,0.592195158093487,0.0010727614976084692,-3.6121583434821385e-05,0.023064159983730837,0.016615387148954504,4.036286770232591,0.4606380755606705,0.19617907145237767,0.05296291282596247,0.09741631194788346,0.04481554488599039,0.03998608179916026,0.02010878056965724
20250428-2300815823,Rest,-60.5,-78.8,0.4330940845141693,0.43232837613612196,0.05164708533732484,0.48842083304238876,-0.00026778857593698883,-8.338159166077874e-06,0.019081558354361587,0.007789635466454939,4.771433899472885,0.5375056959645758,0.12228370166572226,0.03848013524896896,0.019848877882394415,0.0050659361605554735,0.002208334365198745,0.0014145850248103915
20250428-2300815823,Positive,-65.8,-80.0,0.39449490760001443,0.47462764973629396,0.11144472231238642,0.5802724603206536,0.003464126004009922,7.3082993548327485e-06,0.010802011836827287,0.005124378663130128,2.8742549046714596,0.15349027954809125,0.019696921803544536,0.00959339970874443,0.00442401309739046,0.0010795795801479245,0.000843372928944929,0.00011927920202434034
20250428-2300815823,Neutral,-58.5,-83.8,0.45920621419842184,0.4511292920017829,0.0369274447396982,0.4903519989168272,0.00026191388505921446,-1.3702524483575802e-05,0.0180575303088334,0.006864050445639106,5.1444730582260565,0.9213091897263952,0.23878337767047636,0.05209381617499629,0.01511230366837462,0.008225816441271891,0.005796571054676632,0.0054950588804565095
20250428-2300815823,Negative,-62.0,-81.9,0.3258935773338132,0.3264342042923141,0.041000937450433754,0.38413568850393215,-0.0007191744214841056,4.545815429417971e-05,0.01484678410158311,0.005513328152342769,7.156658992983025,0.16003603155974166,0.0752819832440962,0.02684646904878693,0.011800771424741563,0.0025328833593990306,0.0012056126426358122,0.0008921481190188569
20250428-2300913164,Rest,-26.7,-33.9,0.45832629842202116,0.4177467207311751,0.04610296560925658,0.4696970175452544,0.001056508412270688,8.657726421405513e-05,0.028081595245627963,0.02470677850024812,2.432673555569123,0.8631536479117706,0.2519581228558942,0.10297691812229483,0.020186790114437785,0.009478216909477557,0.005426811937988285,0.001793982397690839
20250428-2300913164,Positive,-22.3,-34.4,0.28646668236658024,0.3304586513023907,0.04808088015459505,0.39659021719552034,-0.00025710507121044876,0.00011542679430157168,0.02775256004115307,0.027044726172574488,3.8048201075444514,0.5488005984821086,0.05170918847800431,0.05651300664476183,0.038956561566044164,0.013405012888676567,0.002081811701008672,0.0033689713876152534
20250428-2300913164,Neutral,-14.4,-30.5,0.3722977586151905,0.3815245887852171,0.04442278985274582,0.4358713132341641,0.0011831130657145416,0.0001618722685044927,0.02838073482444529,0.012368944123840656,6.3427265034149505,1.3992562261355646,0.06801855534722706,0.03652811851672593,0.029514548871817013,0.010841337814808238,0.004938559431756432,0.0051470055672310985
20250428-2300913164,Negative,3.4,-26.2,0.296648771309102,0.375105818555367,0.04823196034603024,0.4346680750413149,-0.00015742225712012703,-4.172318354853642e-05,0.01953644919482336,0.008843920063387698,4.919397624091098,0.7070195172132737,0.1477286059983651,0.0345667824175783,0.008661910051286326,0.0016093677278105332,0.0019811319192081186,0.0014418396463074861
20250428-2300928552,Rest,-9.0,-44.6,0.7095345843568237,0.6284525690872954,0.10358974686102529,0.7060753348286902,0.001525673742687146,0.00010567171527856428,0.006945900293479908,0.0016468828680537713,3.6446625469676333,0.00014995663600904312,2.055891750263865e-05,9.050507603215894e-06,1.8778685983025365e-06,8.565529154580733e-07,6.893962886555545e-07,3.8205049981963616e-07
20250428-2300928552,Positive,-9.0,-9.8,0.635211857506768,0.6070420152778534,0.050145657827332824,0.647028334881812,-0.0008193631021631323,5.277684250048918e-06,0.031730154307109765,0.04140577802717323,1.444069468532358,0.2355936190015832,0.10193657113711385,0.012388969540255146,0.011662664987803472,0.0020900871944127017,0.009706152379007448,0.003369632786017902
20250428-2300928552,Neutral,-9.6,-16.3,0.8535191056347539,0.7805793486977757,0.03497322081494939,0.8026688859227029,-0.0009549710016057918,5.440203352418801e-07,0.006321378858932997,0.0022710577781813422,2.635223385957512,0.0058141741875718,0.0006530615289451177,7.73758128762771e-05,6.58272861051648e-05,5.516294527405671e-05,7.3110842160430594e-06,1.0542139632662273e-05
20250428-2300928552,Negative,-11.3,-41.7,0.6989927377036744,0.6685842642108063,0.0692961306260664,0.7185409167029889,1.9585524243919746e-05,-1.920083269412743e-05,0.005512371185473617,0.00122055420953944,13.684542944053739,0.01992055239724449,0.0011910867698509623,0.00032777402568244177,0.00012614251897690395,5.204986865589983e-05,6.363509463571582e-05,3.43445870892731e-05
20250428-2400263291,Rest,-0.4,-3.5,0.759172520048219,0.6720098072105303,0.06681299823887406,0.7200070688722493,0.0010737314417942282,-6.990859788075688e-07,0.006346132566482024,0.002820510293415163,5.279394190579471,0.016612018261095925,0.0017911860216194841,0.0010694314696593694,0.0002116781713981884,0.0001365354211039735,2.1402298145194127e-05,8.815928077437517e-06
20250428-2400263291,Positive,-1.6,-8.0,0.4593197515951277,0.5659335651655027,0.10026573881135911,0.6484955967408689,-0.0028951994233319105,1.3551439376512406e-06,0.006855738451054455,0.002948266015935263,4.138476340533756,0.03796112520352092,0.009814791392823353,0.0010527815128108327,0.0009178630644891061,0.00019269271708438452,5.8976898272008614e-05,1.325546388899558e-05
20250428-2400263291,Neutral,-7.9,-27.1,0.629688611916387,0.6126458761428866,0.11556422619120507,0.700641988283667,-0.0019230769230769232,7.120356080784062e-06,0.008824934989013055,0.004815671309474587,6.12392626439376,0.07937633702573943,0.06440979500576689,0.016211371362767953,0.003474180298782698,0.0026404875686600175,0.0020009164853677644,0.001157801502383173
20250428-2400263291,Negative,5.9,-34.2,0.37995424562346913,0.44017545212595777,0.08780236546869105,0.5306192553262484,0.0006680098123283942,-9.365762696215062e-06,0.02590282115333132,0.012809460672377487,5.796079572680631,0.7401853380685497,0.5325941269906557,0.12304276492697802,0.07068224634192251,0.0208123465719673,0.023426611811887814,0.00969041264516515
20250428-2400525074,Rest,19.6,-0.5,0.41795755590260864,0.43410132207200114,0.06872840354386389,0.5071216435615061,-0.0014856837055521517,0.00011723350803134516,0.015044407703509384,0.006726668982060085,1.6250102535760866,0.37855914356272474,0.04040526608781052,0.014379870312155301,0.009288028647623577,0.005436006708271112,0.0012026187327174407,0.0017027017565548637
20250428-2400525074,Positive,5.8,-6.0,0.22872887118381802,0.3158390392526388,0.07163754166682901,0.41399497627732024,-0.0033959176781207783,8.238837382198685e-06,0.012814248236722696,0.007391244841613558,1.0391796995203448,0.020331822989176872,0.0042481868190086996,0.01422492017559836,0.008942418451874006,0.0022588287137757347,0.002152379012259682,0.0016304065100636229
20250428-2400525074,Neutral,2.3,-9.9,0.35547479982750874,0.39036724993199484,0.061755257735037455,0.4627546299654991,0.0006251529791187857,-4.2843223234970815e-05,0.022158216608878314,0.0103496319159135,9.758957598623395,1.4932723500993241,0.36516474741426386,0.12843769803713523,0.023082190559867547,0.05362318210350614,0.006294754944396604,0.003374736790541394
20250428-2400525074,Negative,12.1,0.1,0.5154974556323262,0.5071055173822242,0.043995724931359274,0.5487729318131978,0.0010180956104627616,-4.4497974785947346e-05,0.018246711162855467,0.009112618409115435,5.733488938295271,0.37599220361628194,0.2070271864495925,0.0891208340726187,0.03638556476197772,0.019672297270133515,0.006798696592053292,0.002961574467063737
20250428-2400583010,Rest,3.5,-2.9,0.3877915432499791,0.395285656744859,0.0505672258462969,0.45477244449780746,-0.0020816320779830275,1.3650415497867454e-05,0.014276552715519048,0.007201637354438357,2.912787002748775,0.10863946632538135,0.01782779283629005,0.017603152355650332,0.003973659030417994,0.002904655983537882,0.0017320150922058174,0.0015354121499781862
20250428-2400583010,Positive,0.2,-4.3,0.3580289394797651,0.4189894282507275,0.0853624535546551,0.5107979977843752,-0.002502826639269872,-5.526484068174062e-05,0.025420768317507673,0.012889779768417797,3.836431603151957,0.14549425374012856,0.04570958443525684,0.013823036862982696,0.005610475008480291,0.007040331861712447,0.0014348617309488936,0.0010966504597461004
20250428-2400583010,Neutral,11.9,-3.6,0.5609859028687689,0.5596009409209725,0.0388021489729571,0.5932582591524495,0.0019120458891013384,4.778981672762881e-06,0.006221529305833807,0.0028698487326553673,3.047258938042996,0.06380763798921109,0.009464146198904424,0.006039228051724757,0.002412685328044752,0.000692951152529882,0.00015171245339105804,0.0001023559444623684
20250428-2400583010,Negative,52.1,12.0,0.5165311401459376,0.50924609522382,0.07980659147340699,0.5823557134382001,0.003246753246753247,-4.7778859049888484e-06,0.00048126261118600896,0.00036002873520509117,1.4969837663966366,0.00020161950216105544,1.2824430780227712e-05,2.6706585641066064e-06,1.1572676872452496e-06,3.238790678576137e-07,7.904779325848499e-08,1.5650101456379585e-08
20250428-2400854979,Rest,112.3,90.0,0.22320706299105803,0.2971794472291721,0.05033067256413824,0.3723523820516992,0.0006059667065576505,5.427039652289897e-06,0.014082900939280262,0.0055510642254713175,1.9433917575218227,0.31277706533073163,0.04761000908493074,0.052615407094084674,0.011651168302113116,0.005729389485666463,0.0010638926797624472,0.0011706508171783368
20250428-2400854979,Positive,103.3,90.3,0.4164047278648516,0.44443653184395165,0.06221004589836637,0.5096409292196283,-0.0011422274292082635,-3.373382986459348e-06,0.017832282014073907,0.007639204935613486,5.33287846698315,0.8746783947613477,0.23347885485141737,0.05388703355587618,0.023638550283157717,0.00806474135765398,0.001695547160421848,0.003495399718723418
20250428-2400854979,Neutral,103.8,85.3,0.4253979598426867,0.42988550170774625,0.0312887654879898,0.46485514955361146,0.0004485861760507257,2.478564228905263e-05,0.014060993432713036,0.006443959462377751,2.365866182701684,0.7549199507785244,0.23522988800386482,0.09479196347563781,0.012305782417908185,0.006448884610468591,0.0030819706493414633,0.0016530120870516972
20250428-2400854979,Negative,121.8,98.9,0.3679581812458674,0.41750659046892863,0.08852819637924557,0.512679187664406,0.0016623174800840372,-0.0001708914428356889,0.014651139928504428,0.007315034634511804,5.799804063372759,0.45285889791874834,0.05285081703278077,0.05076998296530916,0.024643758770670682,0.010463475396370138,0.0011463000824072228,0.0009378388251890784
20250428-2400906717,Rest,-23.5,-37.2,0.7028453235400972,0.6440259228095404,0.06530948674490746,0.6928772445358466,-0.00029419963443532934,-0.0003669779568788247,0.025529857780637225,0.014221900643145092,2.07995239641021,0.15276346357402196,0.07980883154128632,0.046218545639878365,0.018870905594450132,0.01089075580455151,0.0016636981471928702,0.0007122758133962163
20250428-2400906717,Positive,-19.7,-31.9,0.3585185967516974,0.36883730244797497,0.07364695355676924,0.4579169239434902,1.8989325352700797e-06,2.2607955014589492e-06,0.022100877057315126,0.01040903308893141,6.218332237725058,0.168771007503854,0.04088914944862084,0.020563816523569294,0.017629807529210242,0.0062744434695571494,0.0037732363151542396,0.00158582469773624
20250428-2400906717,Neutral,-16.9,-35.2,0.4746195997914256,0.48657494153081854,0.05391183985616189,0.5391354315771514,-4.156310272510061e-05,-2.1509475144653484e-05,0.019981455167881527,0.009605264335211557,16.44045831156363,1.7618237904546956,0.541588286617309,0.18469439581544836,0.05709155848582,0.0138032058196139,0.004497817640181964,0.0024417467463698182
20250428-2400906717,Negative,10.3,-27.5,0.703272765617043,0.6452158026980591,0.055375406011202936,0.6867887870826836,0.0008178126451049159,-7.602449804133352e-05,0.021683558832506108,0.01040871629317188,4.192236070057567,1.6648909903044495,0.18721336921674794,0.11527557623813531,0.03503134667756476,0.012394079233993782,0.010935265126309738,0.007956017193372019
20250428-2500122633,Rest,-10.3,-28.0,0.3365543782112763,0.38522799131304974,0.06228019245887959,0.45899977968400674,0.0011065952202501657,-2.0106849641706817e-05,0.015509104400566527,0.005136653328422541,1.3732873561352357,0.2328274222492999,0.06981066036105366,0.010060332749788048,0.002375670604508567,0.0009601083178256968,0.00038420422549605317,8.303196964801304e-05
20250428-2500122633,Positive,-7.6,-25.3,0.41722689565060217,0.4104946780159752,0.06093274367141109,0.47899752019279834,-0.0030671851547820384,4.217575616474479e-05,0.009918576675307477,0.003240848607187172,1.4471769210921075,0.03411264717450942,0.008950488904230593,0.0011818187609681633,0.00039752736849744247,2.6267100375126326e-05,3.644716923601044e-05,4.951169570508801e-05
20250428-2500122633,Neutral,6.8,-26.7,0.4901941249279386,0.4663652804834237,0.09666047773071496,0.5604971476922049,0.0006471309450359396,-7.287130332882431e-08,0.007576918529839846,0.0019661438242673844,20.454755730285232,0.4056716540921169,0.017548670810536432,0.00942954840592734,0.0011474586731616428,0.00041153365995806796,8.213408860065918e-05,8.868252890801434e-05
20250428-2500122633,Negative,13.2,3.1,0.7216766484777257,0.668340178511844,0.04514677195251859,0.7013026209602828,0.0008663008088669408,1.274131979329324e-05,0.014177253516859646,0.006661770736722413,3.3440527091004832,0.1559655217166027,0.03860863198819528,0.014653271130681277,0.004318925513101403,0.0034253251606770393,0.002489763627540816,0.0033608887337610786
20250428-2500154981,Rest,-28.0,-40.9,0.25211544123655694,0.3167509885858097,0.0476148055310043,0.3846374842641992,-3.2394904896081076e-05,-0.0001915233206267358,0.03293252637825968,0.016974006698611842,1.6321722684836215,0.7014561467659445,0.2397583798471921,0.08280750333436514,0.06603381739402871,0.03988890255290152,0.01232119449179751,0.006194057013856086
20250428-2500154981,Positive,-33.3,-42.5,0.3359364483536645,0.4145132712117278,0.04562647745014758,0.466312909386814,-0.0013089047651766044,1.5366524772462452e-05,0.026620817200146363,0.013591121325309253,2.8589816278532543,0.22694391746841666,0.12705362169405987,0.04423157267856376,0.02180405670082984,0.014387261343180044,0.0035614622197722217,0.004714134939084965
20250428-2500154981,Neutral,-30.9,-40.3,0.3851102373835983,0.43880607838875046,0.05486719474769773,0.4974112676433978,0.0009250393071577889,8.877280499336244e-05,0.024579712245659847,0.013996752535422206,3.221940424594513,0.20991448019845588,0.05617006575239469,0.07059964208229529,0.03791571715797131,0.01709154792211127,0.0027736134271562083,0.010594162803096212
20250428-2500154981,Negative,-8.5,-35.0,0.5919436957239075,0.5897516296003384,0.04893747352493517,0.6298765419835779,0.0016825041371976777,1.1312600898481416e-05,0.022792084842115635,0.01097141879605029,3.726425348367495,0.21131298720705843,0.17940032422542818,0.019608762739665365,0.011658693187217043,0.020297713169576476,0.005727855288614981,0.0029813642388899757
20250428-2500265806,Rest,6.0,-10.3,0.48399619413079115,0.46497645630743206,0.06241320442734275,0.5278411781469499,-0.0014947378172811185,7.847205342243205e-05,0.028880163577628973,0.019003773838445294,2.705466363823729,0.1723514530288589,0.057499270564719776,0.1309118436908863,0.05092728395062063,0.042267340434849636,0.030087635338001538,0.019761325666065893
20250428-2500265806,Positive,-4.5,-15.3,0.5666976375248983,0.5574934454787905,0.05283871686041302,0.6030237628918335,-0.001850938999663113,-3.829713765490051e-05,0.04290281940848343,0.025620974611823066,2.1690750744258063,0.24469883514850574,0.43797042494398275,0.0540209302781103,0.12357997630433337,0.011837426588254757,0.03779157845370559,0.0050452182898993005
20250428-2500265806,Neutral,5.0,-19.4,0.3750340610390075,0.37666922012132376,0.0368682567168688,0.4227859483280813,0.0007179246738078075,2.0286463629223756e-05,0.025903613782899307,0.014322770230755873,1.2757830249379714,0.3870135522271464,0.13692017699864972,0.13602599961119793,0.05692572140878488,0.02322789775313014,0.010704657795516614,0.01491388483881199
20250428-2500265806,Negative,10.4,-13.6,0.3257947839592915,0.3428181426053292,0.039037800293828855,0.3956792630315578,-0.0007152353228385815,0.00014673523418779884,0.021140403694404945,0.011897864828485202,1.053152145824539,0.26854402552849904,0.0697654377610586,0.03843805746583287,0.023122788915361826,0.016732530398540713,0.0033621429663091944,0.004484595722458561
20250428-2500283864,Rest,-8.2,-23.0,0.20903583410129975,0.3295116657531281,0.07548781420944559,0.4290288476045017,-0.0003584177819866427,2.454945927052645e-05,0.02178841550824485,0.01289427575236615,7.43801467873918,0.7182565687155692,0.11051000802335054,0.03472390623656058,0.023089935308690086,0.013784519873515429,0.008465133029506742,0.002437614727360466
20250428-2500283864,Positive,-18.5,-22.8,0.5614739993564178,0.5700582830838477,0.045999155026137856,0.6090694551023241,-0.0011579967515136676,5.3666842162296216e-05,0.054596654746829176,0.036238886172710934,2.173667011190413,0.5504096678192215,0.27260696618286906,0.6790906162976548,0.12972341128802606,0.07685876564653026,0.010066271398853,0.02661171985531679
20250428-2500283864,Neutral,-15.6,-23.1,0.3932440900851868,0.4369500337827017,0.051026582977600876,0.49188607929103356,0.0005340590462739504,-0.00019714182428631592,0.0384378305119249,0.027456530832059404,4.176353104729056,0.6259953966613641,0.30890592356218605,0.12516265588563782,0.09355920165474871,0.08624155363134646,0.04878980917852581,0.03698281753258463
20250428-2500283864,Negative,-10.0,-18.8,0.682058767227409,0.6676849639001837,0.04412563186284746,0.699949171641225,0.0009053121678207403,-3.1541682081637334e-05,0.02028757202583322,0.015036803040855536,4.39394441899021,0.0776776202762901,0.03783460773105182,0.0639840368001828,0.016869753395173537,0.023802353597388814,0.009205196981157605,0.006144735650528573
20250428-2500296650,Rest,-114.8,-114.8,0.5,0.49675925925925923,0.005004929698216735,0.5017715529581411,-0.0013927576601671311,-0.0009310986964618251,0.054915406063588655,0.07678601087530423,0.002375715977907727,2.164420434183179e-05,2.8334567333648468e-05,2.5882690086540338e-05,1.721069212380403e-05,9.842871087639878e-06,3.4214116405597273e-06,1.531902930655783e-06
20250428-2500296650,Positive,-114.6,-115.0,0.5838890953952478,0.5914375687967249,0.07258849234831266,0.6499129865855069,-0.002359635258516346,4.219943793877933e-05,0.011064979958487436,0.0025697990481410677,1.5762615357389218,0.1415360512122241,0.01678130242781957,0.00011626550042939917,0.0005267958789314035,0.000539915279702659,0.00012770994505227753,3.8450494444227904e-05
20250428-2500296650,Neutral,-114.8,-115.2,0.5162787154572658,0.5824166693209347,0.043806991979819146,0.6188830008028257,-0.0006330065324566965,-0.0002306572475182661,0.09536646771897866,0.16866048535774714,5.926480801806107,0.276601994469822,0.048986179153216805,0.04913158978096213,0.07080830223022766,0.06738555565599152,0.046034635278081534,0.07982188859556279
20250428-2500296650,Negative,-115.0,-115.2,0.4643887301480667,0.5970038465424403,0.050290068051207414,0.6377332207417746,2.6325862377149844e-05,-5.978822451094824e-05,0.20380981652569394,0.3548288619886694,2.516575155973427,0.6623409479984109,0.6846434979333971,0.5456441997241674,0.23613324750696962,0.8940114269490997,0.5001797449168008,0.4530375521593047
20250429-02887108,Rest,5.2,-22.2,0.4375349048034925,0.4610295985069854,0.046404287883206656,0.5088738336589127,-0.002103458182023324,-4.1678044215923454e-05,0.03619282664483993,0.022717024598841482,2.8642531852927564,0.2626484646132567,0.17507264063800296,0.16202890076581125,0.02340218525931413,0.07306392879319908,0.03768533189449826,0.0077446988657660885
20250429-02887108,Positive,7.3,-17.7,0.4585407841101791,0.5011959905101665,0.053296829718424144,0.5518099769140561,0.00027451876626010616,-0.00015304214846924204,0.03468072568032223,0.020306659588174906,1.5465901594191667,0.37471231371660835,0.2564401054886681,0.06516962186329724,0.05434710280210772,0.042483283963129295,0.0066139019677981005,0.006130951291115081
20250429-02887108,Neutral,21.7,-19.8,0.5268543490355635,0.5009354564169665,0.0717771091452964,0.568078727502598,0.0008755327403475544,-1.8601991719960137e-05,0.021207911787099486,0.013108332659198701,14.250056134331494,0.3535290613473229,0.29682669497751635,0.21220844778943554,0.08796611853478467,0.04811389265429554,0.039907123700855064,0.02051037513283328
20250429-02887108,Negative,22.3,9.8,0.5838938056566731,0.5771746703847527,0.03385613152221358,0.6057942981375455,0.00012912717496660724,3.254648919795046e-05,0.04685906579187498,0.03280387046063993,2.37670424787484,0.3846848003905703,0.46927664411533687,0.3577334003349793,0.479250994091069,0.12455657671256562,0.043910714893068255,0.03275669527848606
20250429-03281474,Rest,-4.3,-24.6,0.19198551139062975,0.30036104138956016,0.07024633417980902,0.40057844345949284,-0.0003065364922349762,2.6228103253240373e-05,0.01819065830059197,0.007062350393514075,3.7779132081619884,0.19092057825639708,0.029779285365806554,0.00406014496144422,0.0028551364873628956,0.0022528642244941098,0.0009595840985109847,0.00026380527308645404
20250429-03281474,Positive,-8.0,-24.3,0.17605753304637925,0.2719860424874199,0.0596010218658021,0.3654824608292041,-0.0022862125533626024,-1.4623898096996044e-05,0.022338093224091596,0.009924234586906392,2.3723751260845676,0.2725179963508606,0.011671928574356448,0.025555632412514417,0.009161495773703732,0.007057932431291937,0.003954893142931157,0.00041777635095831327
20250429-03281474,Neutral,-6.5,-23.8,0.3794579160861578,0.41649256421557973,0.054358953170721994,0.4773101813470888,0.00025352227920800167,-1.1107282355137691e-05,0.02474213370907585,0.009975372836316875,7.292226134870378,0.9019113317325671,0.36244372988739393,0.08374824222117337,0.04221288058588669,0.008082258083134558,0.0050487659057659754,0.0012084519006527684
20250429-03281474,Negative,1.9,-18.9,0.3046865186492607,0.36806189120477867,0.05274840888005036,0.43384094393831557,0.00013831348963618345,-2.692942842397658e-05,0.014222027437226866,0.0058048978854771515,9.447834638886436,0.2555407397657512,0.13482851868166576,0.03476812075898349,0.00918559821901337,0.004482902346061727,0.0030245530498113457,0.0014434612568807596
20250429-04340869,Rest,-29.2,-48.3,0.3420052733516684,0.43336441785392454,0.0583691961155783,0.49615916274664246,-0.0016687591194951292,5.723640784695387e-05,0.01576497658559629,0.006961898944199244,3.2049210664959533,0.173664248057202,0.05408084065150066,0.016099470372798342,0.007958430986001672,0.0057094746236789375,0.0032239268375440647,0.0013113853855688696
20250429-04340869,Positive,-35.3,-46.2,0.4486499624158636,0.5186255684479048,0.094424199689524,0.6028239211722078,0.0024868072598911574,-0.0001512731623857686,0.011395770641200974,0.004712514478280067,6.593714131806647,0.0569449994191505,0.011352565203463175,0.001431299216413301,0.0008469031077098374,0.0006130090232594118,0.00012132099105468887,0.0001486631953973185
20250429-04340869,Neutral,-35.1,-52.4,0.37614518496450267,0.40849900355347085,0.06317504202069152,0.47963160646987196,-0.0018689717480887295,-3.472777617769605e-06,0.015828451712414638,0.005750922566267129,4.726904730860385,0.34488428929788423,0.07169208615073214,0.0187399520316484,0.006392513963108429,0.0033097750153456553,0.0013982564335079009,0.0010421440065953812
20250429-04340869,Negative,-17.6,-55.2,0.6832110191901181,0.5842503317779587,0.10305738556170708,0.6666377095127172,0.0027220318685409824,-4.273469500582268e-06,0.016068150421459617,0.007998360073324443,3.6979733797969727,0.6534664359805856,0.07703690814254477,0.0010739953347403916,0.0021907077951136087,0.0029287982640484335,0.0009209694752509238,0.00021227600011400203
20250429-2200246847,Rest,72.7,62.7,0.35495993170461243,0.42578916728965116,0.06550214322498531,0.49678824282202955,-0.001339027831097447,-2.487236226220706e-05,0.051372951927542494,0.035017212226257255,3.3687179968164283,0.6440677440627133,0.19183570732344898,0.36186593615837903,0.17356331145198156,0.11235439312207042,0.07009097985926807,0.04323375938299101
20250429-2200246847,Positive,72.2,59.3,0.6520925784184689,0.618120921473476,0.06856336657368048,0.6712948980417618,-0.0009077906670349966,4.672068227567803e-05,0.028223137184407446,0.01966770057737339,6.9220271626381225,0.1631220052721254,0.1391455449745886,0.0618392033138107,0.02381022206649704,0.02113418048141749,0.004091562609217737,0.014572480850037697
20250429-2200246847,Neutral,86.9,60.4,0.35060438240345637,0.39938008052552526,0.04047983168518889,0.4471960201139585,0.0005677008505967322,-8.749288143626136e-05,0.030116409855084958,0.02662467218739043,2.652056254747271,0.716323255127135,0.31054999247592296,0.08754263858870687,0.07431896219430721,0.04956367336057221,0.016404896803237614,0.029191601150582207
20250429-2200246847,Negative,85.6,68.1,0.4585934140639434,0.4593198070848024,0.049754065035404235,0.510616049704496,-0.0005928681508568425,-2.5201330673533783e-05,0.04751379623326248,0.03293834117779655,0.7395683095741334,1.5052948012416005,0.7655107586028796,0.127904523196221,0.10040332370436372,0.03697503666080838,0.06910597536522008,0.0395083045272355
20250429-2201585207,Rest,21.4,12.4,0.3326880292487927,0.38721726589126554,0.03158724345723246,0.4260568676380414,-6.51666598649938e-05,2.830444972633754e-07,0.008722803946836305,0.0016048053505804058,2.09286448186195,0.13782557699590647,0.694720000844474,0.3945168792559418,0.10204454287385085,0.09217549802650545,0.04339171426369041,0.027166975136859478
20250429-2201585207,Positive,20.4,11.6,0.516220311485807,0.5136885406693589,0.03873023901153082,0.5500964968317344,2.883882567976442e-06,-3.589462685216865e-08,0.00872168985000714,0.003802863157159797,0.8259385041652407,0.3871107247046459,0.5899670965021029,0.14766793269004924,0.10528500203120304,0.13472923292159614,0.026962809249997586,0.03157428155294674
20250429-2201585207,Neutral,21.1,11.4,0.5203219900667901,0.4964401616634188,0.04835496821008802,0.5429620634284585,3.8762027600756356e-05,-1.3192609256953797e-07,0.008115318514340797,0.0015304492120767343,4.072089318651366,0.7338409626889766,0.838800382173584,0.36410972567910255,0.33767620514578606,0.1489791485492078,0.09187925537233248,0.06012435765799609
20250429-2201585207,Negative,17.5,9.1,0.5124438326275459,0.4985868753685251,0.03451455437831328,0.5320746438875493,-0.0004254938419444009,-3.822993496402895e-06,0.007468107237518219,0.0025774866306550142,0.5136273045302497,0.15631042260098507,0.14174476878656325,0.07764136142435074,0.04964234143548674,0.018320029295597052,0.014053286110228018,0.009986276073097681
20250429-2300262445,Rest,-115.2,-115.2,0.16666666666666666,0.1419098143236074,0.013386508813198653,0.18309807266751715,0.0013297872340425523,0.0008888888888888896,0.13006183285528375,0.21942506243519985,0.026475467630526297,0.2378342082413928,0.010209874408363635,0.04976625280274098,0.0030351281686988103,0.0001623152280221457,0.0008190325067545703,0.00041690670340936535
20250429-2300262445,Positive,-96.8,-115.6,0.023453026242339185,0.16514251195996513,0.06566628044410865,0.30485788443233003,-6.803648037210127e-06,4.602933416602561e-06,0.17068229364836346,0.26612507043539557,5.549106263060635,0.908501384342271,0.5083220473976302,0.23577289186215866,0.22576008652647533,0.33749592176055176,0.5281915337982271,0.4598588816371749
20250429-2300262445,Neutral,-115.1,-115.5,0.49691366057918246,0.39939043822333675,0.023713577251855626,0.4280494123300307,-0.0001629853186405477,1.0812182214960613e-06,0.10874566504522182,0.18635071295793734,1.4283203283867942,0.8908820765625329,0.40420734674494363,0.29526170474279906,0.1925324519458448,0.09953672936705296,0.050382385596785706,0.09137669761244008
20250429-2300262445,Negative,-115.2,-115.7,0.5622242737263545,0.5600566936191473,0.008835325801049317,0.5678898008140847,-4.5076506681002066e-05,-7.086732231306948e-06,0.030697645429761916,0.025135670901938842,0.8140423879478742,0.12381313675255783,0.009731151317252041,0.0002997030494968392,0.0007674724012261644,0.0009328619306115218,0.0003936956787421574,0.0003837194842333427
20250429-2400542794,Rest,-12.7,-37.0,0.8485765759253663,0.6863708896088975,0.09965854840420364,0.7554889453239623,-0.0009114559980476142,-1.4434675224251167e-06,0.011007451736471685,0.0043068428663093445,6.090608490703373,0.008167144419146455,0.000943309986381771,0.0002415417229912186,0.00017057048149339202,6.542868250109643e-05,1.7215409096563073e-05,3.8593568913315256e-05
20250429-2400542794,Positive,-18.0,-33.0,0.5108278182715837,0.5343290738543987,0.07374016668473957,0.5993727770351593,-0.00032818253011514134,2.7609441851976674e-05,0.019493951781967077,0.007638440995357156,3.363601858210704,0.3569532558009184,0.05039848629750121,0.012816581512062235,0.004934037831215479,0.0014219315680675435,0.0005569302822778868,0.0007516511416234821
20250429-2400542794,Neutral,-12.8,-35.4,0.4739753690706283,0.48579413769514723,0.040630357363913946,0.525952756036971,-3.960939598852403e-05,-2.187650849915995e-05,0.027193771166309097,0.01393307697662304,10.113419196811202,1.1615364632500014,0.414394726710587,0.39722073376131106,0.2678161255590038,0.0656019166097349,0.0372112520532303,0.02116696271822917
20250429-2400542794,Negative,-18.1,-36.4,0.2057483624833139,0.2888086800796358,0.05326623916214611,0.36969811042455647,-0.00031727818845201343,-8.823675868946054e-05,0.02887643151230055,0.016451423259930428,2.423218313332668,0.4540064424413713,0.14758351329742694,0.08029282333209797,0.04625055071144659,0.014660981844563527,0.008736513499383583,0.0033139060330928216
20250429-2400718949,Rest,-115.1,-115.4,0.6666666666664613,0.595988538681801,0.04148661432260496,0.6298324797616217,0.00287356321839026,-0.0009606147934669084,0.11437840494687034,0.1868192032826475,0.8084851934165068,0.02613661352098336,0.04794203313397239,0.05077013255125168,0.03472740009262484,0.020184125259831813,0.006128761903866036,0.00870373670812082
20250429-2400718949,Positive,-115.0,-115.2,0.5455600264236999,0.47147551545269556,0.040456204337931276,0.5125869350747405,-0.00033288673431607047,-9.437341059472288e-05,0.1456167292602563,0.24947406349376317,2.85004003063358,0.413986622601738,0.030726561435130112,0.017638141047016893,0.051943891079164306,0.02848114023077144,0.023552385177213836,0.181507737497484
20250429-2400718949,Neutral,-114.6,-115.8,0.5340116302051783,0.5683701956835535,0.018115793288362256,0.5840894388958965,-0.0002859098463802847,1.4687381919739953e-06,0.05587467816267753,0.09089022265746267,1.3654710663873828,0.5303005622847439,0.18949844353122985,0.2065604014312872,0.0959471532046045,0.12311027288364079,0.054444294142957664,0.06193011138896039
20250429-2400718949,Negative,-115.1,-115.5,0.535212242702626,0.5592192316342465,0.02475351730847588,0.5809300012377333,-0.0005362685708628385,-6.940423040183229e-05,0.023357769238656848,0.007104188548833996,1.5501728287466963,2.4040282229091834,0.22451108175755247,0.0002528677241580909,0.006772320425652616,0.013480367420690547,0.0018748959189387514,0.0006007514155167895
20250429-2400867419,Rest,-30.3,-38.5,0.7304064148946237,0.6251853201862071,0.09800464424720441,0.6991861903838882,0.0016794775705023133,1.5365883908290477e-05,0.0045856410184609295,0.0014013947762089557,3.799841225264283,0.0010288533159479975,0.00022329863638886647,1.6417066260008875e-05,1.2032174566009159e-05,1.30781604449658e-05,3.632693270755839e-06,2.110885175604824e-06
20250429-2400867419,Positive,-29.8,-33.1,0.8159714056515314,0.735402885137187,0.06086759196931849,0.7756835665639804,0.0018328841974212262,-0.00018965148989892036,0.009255528384093997,0.006725473766067941,2.3283097107417663,0.006312856879838651,0.0011247576756299588,0.00011220073893697648,0.00028514742133343686,8.665720100053087e-05,0.0001257600865944628,0.00015795686970430966
20250429-2400867419,Neutral,-30.2,-65.4,0.5102926561860354,0.560848889641522,0.1248354855127414,0.6628627026201349,-0.0006312352231851163,2.833903368737535e-06,0.004335101061868259,0.001360159248199765,29.806351302760067,0.027992681660218018,0.01738069138624512,0.0017986475162474797,0.0009009642806479159,0.0005185183534189615,0.00022593610962468695,0.0001918596017121304
20250429-2400867419,Negative,-46.4,-66.5,0.471492135813978,0.481398957639064,0.07353785824614731,0.552524039895211,-8.187975495489152e-05,-1.1461392661895e-05,0.006694889740615682,0.0028723438545758526,13.377812257753147,0.033660581735106124,0.011846979211981605,0.0035324783276763985,0.0018937368550777996,0.000750354844320423,0.0005009874750761643,0.0004341731752842803
20250429-2400983478,Rest,10.4,-7.2,0.42743422429228245,0.4408525760738872,0.06802975984520944,0.5122311525826909,-7.603400324298841e-05,-5.059191182232756e-06,0.004339790391348395,0.0007198223859959994,2.4468429442864825,0.7928449281248576,0.05433532880664823,0.05267173255442988,0.024233307633751755,0.004888484323357219,0.002896826710037363,0.0013805654137922833
20250429-2400983478,Positive,4.8,-11.7,0.32607848521343763,0.4130716144014741,0.08048552984931649,0.5011124509264927,-0.00011563881395252483,1.8726701392933433e-06,0.00456702731546704,0.0007014900164123736,2.9168822028870665,0.09223714537999832,0.09536502191998227,0.019604114981439866,0.01943818433033455,0.0023368522402711445,0.004729627337288662,0.0031096008130737113
20250429-2400983478,Neutral,4.4,-18.6,0.3519828019238892,0.37905543186430507,0.06288459827607604,0.4544971052734119,-0.00011373309648062257,-1.328036882721093e-06,0.002804628467405438,0.0003491411746387936,4.70454103021806,0.07757321748611805,0.05991835906214029,0.011062716591962394,0.009449785398612763,0.004117587760424908,0.0008497369188216082,0.002069988522028231
20250429-2400983478,Negative,10.5,-12.3,0.18060521844319938,0.2931935324758947,0.06221491862090229,0.3849381328299339,-6.000177060904708e-05,5.178246370854401e-07,0.0028371280738639457,0.000528434875198559,2.0682759577977405,0.02833492406314464,0.023042005578340425,0.016647893358232083,0.004006673701803234,0.0021047090043109376,0.0008614447426029729,0.0013259094510367716
20250429-2400984748,Rest,6.8,0.8,0.425833134521891,0.40936747139907353,0.03830511295244472,0.45374755050811677,-0.00021477405331315016,-4.603131128201128e-05,0.036191181710127446,0.02722702602250674,1.5129762062567638,0.9447314902145101,0.07929152415065865,0.0345786309341312,0.028947035534552176,0.05289700789920507,0.009145956957591333,0.02111055904028706
20250429-2400984748,Positive,8.7,0.0,0.3899268592702205,0.4071081501542362,0.045487716659019656,0.45959195225876587,-0.0006092483523171167,2.3640291645157796e-06,0.026379475127092118,0.01718030795746469,1.7138416558541163,0.3723749989336965,0.11653091628832941,0.04351987589567818,0.014525275269372384,0.02314809873090441,0.007573808984838561,0.008011951604411482
20250429-2400984748,Neutral,6.2,-2.9,0.4586398552642289,0.46944062691753213,0.025888477391914643,0.4962489089082616,0.0008905708052713564,-2.3011288437507474e-05,0.036612203240168194,0.026352659929620548,1.4079376906815635,0.14862595968510606,0.06780712911625894,0.07100751797357549,0.02426447181202907,0.006736379095244294,0.0011437444694017789,0.0011968480769527804
20250429-2400984748,Negative,17.9,-3.4,0.40436230990686134,0.4570365887562798,0.03568941752486035,0.4945420720088809,-0.0007265947458584574,8.877774390587072e-05,0.027536500903596037,0.01393451392297451,2.3978600382950233,0.4877029433345431,0.08002249198462591,0.06425726116210488,0.03397817913752862,0.012802586511493626,0.004958424538801831,0.002572549958280051
20250429-2500163115,Rest,46.2,34.2,0.7717735295478654,0.7188963680216958,0.05446354107506597,0.7558277112079522,0.0024660736229844666,-8.41613935649476e-06,0.0143891951137504,0.008306507402020031,1.692577493733393,0.005331228841226888,0.0014189116538162482,0.0002695904693105222,8.789648998824693e-05,2.2834196747170993e-05,6.74454137383906e-06,3.942382325973061e-06
20250429-2500163115,Positive,47.4,41.9,0.5880479350842548,0.5442427983215294,0.08657763171291867,0.6186904357089801,-0.0010120492175132757,-3.1076131424043854e-05,0.01892259774318073,0.007963824271082876,7.822091982297581,0.29931232727293616,0.049821514354019845,0.015246175816714683,0.005973342900055583,0.00232709071372415,0.0016144124535790955,0.0012006514327849833
20250429-2500163115,Neutral,47.9,32.6,0.5049434683095307,0.5454749710726731,0.04865348917819619,0.5883845963695257,-1.9632380291257894e-05,-2.4603639196924036e-05,0.019665550045137713,0.011360295101691955,12.277645714723302,0.8530420830692098,0.319691863066743,0.10280015934253647,0.04333800761064311,0.023614816359514436,0.02205552481213427,0.013918764642117564
20250429-2500163115,Negative,49.9,38.5,0.4196189283961171,0.3823870918802504,0.02297108017101244,0.4113282973582629,0.0006546706808535473,0.0001029026094095757,0.019719883242497037,0.010400787718880788,2.1051244276003507,0.036498813911748446,0.0045586471062621136,0.003389841717170764,0.0009950835294819447,0.0010023110890568245,0.0004032849364696777,5.782818037648005e-05
20250429-2500268916,Rest,-45.3,-49.2,0.5453801891108203,0.469534893607701,0.04785274592855219,0.5179920484367954,-0.0015937673364537323,5.5892858994846505e-05,0.028424024173310396,0.023274612552326455,5.667944560363849,0.2900557998176245,0.09541680514297157,0.06728819773487327,0.06724962990864915,0.006461142273877686,0.009548686371583659,0.007611871469525939
20250429-2500268916,Positive,-46.6,-50.5,0.528006058842877,0.4960916145188695,0.05836652044092965,0.5517910931112139,-0.0006799611780964245,3.953846021760026e-05,0.02628901667706081,0.015474752310194278,4.483625781929302,0.25879878941861584,0.17064961585185126,0.028828531997978583,0.025627504062106957,0.01234760588335161,0.0021379307622663296,0.0050758169202234525
20250429-2500268916,Neutral,-48.2,-60.3,0.4856648548078456,0.47285505443125464,0.07016520172316754,0.5419936385460187,-0.0006756481443402203,1.2578117969717184e-06,0.013571117692061763,0.006843938863297756,3.9134399148394206,0.7846807788930888,0.11391429685822586,0.07177272233369482,0.015192857808812393,0.008639869838438227,0.003942845749007843,0.0027083822045352573
20250429-2500268916,Negative,-10.8,-56.9,0.871516975061598,0.7359340514879612,0.0732534982639818,0.7841252619342569,0.001068449816244326,-4.061569790961556e-07,0.008701182956018317,0.005521633985823068,7.389501070774879,0.03733621644455612,0.014879852049971495,0.006056714120283106,0.004465308180076797,0.0021018487227417847,0.0018118155007878292,0.0007968674175376706
20250429-2500304038,Rest,-4.3,-15.9,0.3990366856479003,0.4175063923247834,0.06646677128273774,0.4906917147403181,0.0007693614192804945,1.8130775686410843e-05,0.022420545276095168,0.013310346298738347,2.6432254055278714,0.18604542273337274,0.08550058586663535,0.027469594916163197,0.09235812566598943,0.014814475065436507,0.007839953640904056,0.0013985183168497587
20250429-2500304038,Positive,-5.8,-16.1,0.4329519712285303,0.47020733728115016,0.06593650298974674,0.5357531549349719,-0.0011187260091216446,0.0001709878420663055,0.024666720110001965,0.01391209052783396,5.806332223946805,0.46954291839636636,0.16002868797000355,0.012391044873487172,0.007170818924362957,0.008619034933285495,0.0019252314102765167,0.0010264187888216246
20250429-2500304038,Neutral,-11.7,-18.9,0.5887573479399739,0.5908200193511476,0.03647553418119221,0.6209217579109969,-0.00013904172366200533,-6.167263439963882e-05,0.04389893453654154,0.02968100007809279,3.40579697352736,1.8930708300200572,0.3443624739823861,0.20956920426961273,0.3175112758454416,0.06460332930880755,0.04458685764040653,0.061411121831416504
20250429-2500304038,Negative,-7.8,-21.9,0.5055315191680602,0.5072804435779488,0.020322006356368823,0.5269302181437399,0.0007303963956706908,3.3336477505150904e-06,0.030208411479887707,0.019717034818886994,1.211127131059887,0.31533028640127175,0.11589309714247685,0.05225169667036875,0.036293159011787327,0.01940303754822022,0.006059433812833734,0.00463402576170097
20250430-00767623,Rest,-31.2,-43.7,0.5812720901308086,0.5262749821073578,0.07880524931665339,0.5964650921124833,0.0020760343839306295,7.740321523482757e-06,0.017061118776954418,0.007536111290877077,6.050364158088254,0.26188613313080494,0.09304762801117102,0.028057925457577498,0.005342121702876108,0.0023451080190292728,0.0012307596532501153,0.00019063421391482196
20250430-00767623,Positive,-16.2,-32.3,0.4883948172801227,0.5129156407103211,0.09209163921436314,0.5959648426708092,0.003212858016559711,-3.307609740610882e-06,0.008356466769391944,0.008397183579119285,2.5513495923110887,0.03759758632169717,0.0034021164910130377,0.0003424186869758427,0.00012771036274109786,0.00014542123113958928,3.7457603474116975e-05,1.9056274072290188e-05
20250430-00767623,Neutral,-16.0,-56.1,0.640692530560522,0.49614120697654135,0.11749255817896805,0.6030328808938259,-0.0008247454453678671,3.3981132885319664e-06,0.006342317855267721,0.002230702426597785,25.394515790124917,0.08914822009027179,0.006029598171793214,0.002389885586588069,0.0008651806287909554,0.0003467251320552735,0.0002662589152642053,8.033782907275435e-05
20250430-00767623,Negative,-16.2,-53.5,0.4182484880535974,0.4762183702985772,0.0675943553394522,0.5425663936784927,0.0009917817208670032,9.350757736261203e-06,0.008086329536700203,0.003846636214553002,5.7736492721190995,0.12023173621806828,0.01622597681197915,0.013421880727350689,0.005009003940135381,0.0015158640931271527,0.0011561623962206484,0.000496378808902703
20250430-05949609,Rest,-16.7,-34.7,0.5758636301749148,0.5644264953645748,0.08959330513116771,0.63888228477608,0.002130982328243887,-1.6503907095890688e-05,0.012361020538245188,0.004687911347674102,7.273819480113149,0.06759455238052771,0.0292257104933052,0.015494878290973386,0.008085678310793794,0.004225771123199255,0.0007839069662682585,0.0001842798899254659
20250430-05949609,Positive,-17.4,-42.5,0.5878233232932542,0.5805410429454128,0.05620536076347522,0.6270831390713856,-0.001753584545404793,1.1665758715813205e-05,0.013541901149306226,0.003682925616824954,9.23518826036602,0.08654551821164268,0.03759528715871533,0.0032616739554431518,0.0026064599496530773,0.0011303679967916045,0.0004337429954768497,0.00020813418521389024
20250430-05949609,Neutral,-10.9,-35.0,0.6234025149732705,0.6063318206195453,0.04290151642366787,0.6407337927091721,0.00019101558713505157,5.484737009431593e-06,0.00882867887639703,0.004091248671712031,7.551144949223522,0.06678977965233361,0.03225417316264277,0.011171342800583173,0.011805725781155602,0.0026644096514168427,0.0030706053220456823,0.001683606730209699
20250430-05949609,Negative,-18.8,-37.0,0.3146630915115407,0.3428621453253913,0.03806353597176604,0.3944844568153424,-0.0007128031188010762,7.789035464289872e-06,0.015534354236582108,0.00899049269171613,4.7188120770034505,0.08709347109819782,0.03717549819931848,0.017293967767443144,0.007200847807497197,0.005541323531333689,0.002179190601750825,0.0012883455474077073
20250430-2100847676,Rest,-33.7,-38.9,0.8128979387559725,0.7310587867793973,0.05402812940734508,0.7671212936261836,-0.0026117011323480315,-5.085992851915387e-06,0.006667527335485498,0.0012293909365011261,2.3799868709700944,0.031607754086485126,0.0014025280455459393,0.0002928288774754607,5.412190511293357e-05,5.295920533812747e-05,4.766785786601589e-06,2.397673618152293e-06
20250430-2100847676,Positive,-37.7,-43.1,0.6167737984286678,0.5860788892107789,0.057347934399719934,0.6331164180293072,-0.0027373511187115903,4.111678098616462e-06,0.007991102169649567,0.0036798003295785984,3.088232743261886,0.08336162502653696,0.002269566109953327,0.0010774470351527054,0.0009308696335471493,0.0010342909509697034,0.0006048711553144442,0.00021077557461602866
20250430-2100847676,Neutral,-43.0,-71.6,0.2407492462842127,0.2913538815048589,0.03776584927528913,0.3502184083443309,-0.0008841768414611069,-7.133018105927554e-06,0.0178655795356305,0.007581842940226449,3.8630833640355027,0.673007013474616,0.35555514439606545,0.07495436672765356,0.03832147082845774,0.008907228588557265,0.00584490069239638,0.0027326896921581606
20250430-2100847676,Negative,-57.6,-72.7,0.3862549640214201,0.4195008939565991,0.033520638254837774,0.45771348929786154,0.00024626027226947383,2.9589485019557056e-05,0.023989679334711207,0.01153328450180527,6.604602925955612,1.3910861266193897,0.45525947349968626,0.16867681139625307,0.04670072763017308,0.03506462994064948,0.012735848800442344,0.009672805171380678
20250430-2201024928,Rest,2.7,-24.5,0.2092833241439253,0.29312909986653746,0.05948748461458375,0.38132945572450894,-0.0026179347334056324,7.231127439597341e-06,0.009435602368766458,0.004076155150956623,2.7117315823830834,0.024833545169680477,0.005070225617960616,0.0026013994332359457,0.002205348647344753,0.0008015319277767587,0.00011019334880818268,0.0001402950011686621
20250430-2201024928,Positive,6.9,-22.9,0.5350793700572419,0.5248500398883058,0.10952007135694566,0.6204737188049965,0.002823873048715664,-1.0408743892545432e-05,0.003998784189206211,0.0011082630357504848,2.9085842327192477,0.0038051221061355884,0.0003114854331980583,2.7298309381534672e-05,3.3974152675516114e-05,9.169416429510309e-06,4.489433188117925e-06,5.4013369423668955e-06
20250430-2201024928,Neutral,19.5,-10.9,0.5637214196230695,0.5158910426475296,0.0711349087918706,0.5807568137145063,0.0004445160777505858,-1.4956619186905198e-05,0.01364433591364143,0.006459294719202375,16.076860799960365,0.363683738235496,0.1652053418885169,0.039265804292235716,0.022126168190443385,0.005739288832806035,0.008151090887600474,0.0009569750259595646
20250430-2201024928,Negative,28.3,0.4,0.35330843625940805,0.3662297505394539,0.061630536404634194,0.44244182282513117,-0.00010709223809533983,6.239608074516727e-06,0.014762915731883687,0.005329122671280547,12.618814639970026,0.30856339613361355,0.08227486385422847,0.015543881849194583,0.00930155072202222,0.005675334068218618,0.0013601398608572874,0.0005149162966134539
20250430-2201081685,Rest,10.2,-11.6,0.3846997914690311,0.46991922629580973,0.0622698381485931,0.5320657077758776,0.00018259285930132013,8.881768579372166e-05,0.040587499944651245,0.026210889025206546,5.176528263381302,0.3294076811691827,0.2606317158446246,0.13305290430568092,0.014495692469348835,0.030118176719534744,0.010950481427209287,0.006709750503125716
20250430-2201081685,Positive,12.8,-20.5,0.17341688602916364,0.2905949665484993,0.0744102003354553,0.398566976703764,-0.001246323842061564,4.217049707637092e-05,0.02721033867451013,0.017051265991008785,2.6768885886373175,0.10870186941285584,0.018606876519743156,0.009722790067718578,0.006717074302224268,0.003749686686127289,0.0017221580982603457,0.0017962649104349758
20250430-2201081685,Neutral,-8.1,-21.6,0.42868043956580354,0.45754509997499465,0.04140930312158618,0.5007562497190764,0.00023785368078316725,0.0006678889340459313,0.048384929380503615,0.04123957187684987,2.890788670595612,0.48438249477872136,0.1957304144461265,0.34578642193366466,0.1487707480223587,0.06350804779656707,0.05090842561481352,0.03851167751617235
20250430-2201081685,Negative,8.8,-10.8,0.36537597094995183,0.39327761952964624,0.07711615922469328,0.48143893200238647,-0.00021614026190625883,-0.0003207208785121925,0.03917660893391747,0.02782786356491526,3.2784085002002343,0.6494820787952964,0.20521837967944534,0.10005258960971253,0.07798494170426402,0.02807879025967459,0.017596516736812458,0.014380711001876417
20250430-2400104660,Rest,-17.4,-37.5,0.7265886217191997,0.6783022953444299,0.05442456264773171,0.7172994956900874,-0.002663224005551105,2.0747508535880534e-06,0.01805058079158493,0.008536762810870345,4.842042847227251,0.3418545450168541,0.029290991103195767,0.00439999328273762,0.004627851481924067,0.006311608950000958,0.0030024350449092616,0.0011506741931866901
20250430-2400104660,Positive,-15.7,-42.3,0.49067683771065485,0.4958018821298368,0.0706717629099371,0.5625755675759708,0.00012611177410555853,-1.9181865356762035e-05,0.017512055421627946,0.008706236704199065,7.1111938917005295,0.37793205633370375,0.041221024723571864,0.0431868404284485,0.009629338668000946,0.002551988584046527,0.0020975077695825762,0.0007527070476487866
20250430-2400104660,Neutral,3.4,-43.2,0.2517243176920415,0.3314563396611108,0.060068002019028094,0.41222725179270936,0.0003630347104694694,3.258102070270997e-06,0.014813837003072,0.007356392497301338,11.131730905201803,0.5661421453554273,0.17428460088062672,0.02981580156491848,0.020766217876185145,0.01293848686152338,0.007668262944455697,0.0058200962214834395
20250430-2400104660,Negative,-7.2,-24.6,0.5275495484345155,0.5330622350430243,0.02902740067420028,0.5596273287673368,0.00048612519910131796,-0.0002833898988020078,0.028719471766686634,0.017053519362846634,2.620878017219465,0.384933156635061,0.19503765332866255,0.08923632614211383,0.07255274006585245,0.019381832737328093,0.02011334434313814,0.014467469860569165
20250430-2500039050,Rest,-11.4,-24.2,0.283158531776042,0.3391159616725543,0.051898111905361345,0.40853120733484083,-0.0018519710191051547,1.0486462182893827e-05,0.026078949932558628,0.01710858760538248,1.5234477134137898,0.317146798698315,0.06351675389125122,0.06289302106714621,0.02349034661057356,0.05121989470839266,0.008214893679979466,0.009151446686985365
20250430-2500039050,Positive,-19.0,-25.6,0.46655916914318096,0.4569204385334501,0.04762295525325701,0.5063588079641326,0.0019205599654092038,-3.177398252098394e-05,0.043618263618194285,0.03102407986530304,1.0472267565504867,0.0444528260246353,0.10477310548040106,0.0738135227614775,0.05886363322004469,0.03105637133128659,0.010166517099455184,0.005915153473546637
20250430-2500039050,Neutral,0.0,-23.2,0.26122401163360864,0.3150453894688289,0.05913949151000924,0.397986292396579,0.001134297820401616,6.243796605888244e-05,0.029024351729387377,0.017494158557149638,3.759718323264057,0.3910828028180124,0.5268348835772377,0.244092728033435,0.15553788445872024,0.06436112406255176,0.03467638697728738,0.009049285559023224
20250430-2500039050,Negative,3.7,-15.0,0.32600689208797573,0.3708292212141774,0.06411213845733907,0.4490283395996876,-0.001169716636353661,-0.00031316753224782816,0.021477778535043672,0.012017585559954174,1.3792914497942186,0.3325478902684052,0.0936310806207953,0.03339403059266506,0.010748832534397079,0.01106330046400276,0.008316562737008147,0.012461620518059024
20250430-2500083552,Rest,-27.5,-43.6,0.666972474389528,0.5794617252768047,0.07141105553481751,0.6381120172787759,-0.0008346149119128416,3.205663930592309e-05,0.018831027319869062,0.008065730431011145,3.974638659947784,0.25812476059622286,0.10108594339548013,0.04876907694972897,0.020910257561159468,0.004311625853413234,0.0013260170638845136,0.000611270058954516
20250430-2500083552,Positive,-22.5,-43.9,0.5977651080020114,0.5576664818328905,0.09414261016804715,0.6365017793595874,0.0010987746716797594,-2.694004883427616e-05,0.019323983127711514,0.008749550810724514,5.6519238435417325,0.06084034979084578,0.044144421192480646,0.01423307527622984,0.008280299767298133,0.00324654776454371,0.0002586556557809693,0.000563156202565385
20250430-2500083552,Neutral,-2.4,-41.8,0.46018532467717904,0.4173466977396583,0.052445937857415886,0.47605063173113593,4.889700108214091e-05,3.6756223991216945e-06,0.0174697259040579,0.006701570929437978,13.313054045376571,1.5949797104489998,0.16263453925024274,0.1268909099399378,0.01810947147475734,0.01261401577732666,0.0025986298173632056,0.0027356430614609607
20250430-2500083552,Negative,10.0,-19.1,0.617771465595357,0.6219670673344883,0.02671466802797227,0.6430845207876148,0.0007916318147889465,-3.5322683455625424e-06,0.025628225287872283,0.015167115554110145,1.689954009744475,0.27726435061749855,0.1224281483101859,0.15197788520300576,0.03984628079528371,0.03873285757185141,0.010198545892389799,0.01364302716975575
20250430-2500201512,Rest,-17.6,-32.4,0.4868915087806773,0.4726909695427401,0.044664300294889665,0.5177847554555323,0.0008693814461561091,2.4989898922656375e-05,0.026370401885227955,0.016198705179859767,4.464506021456579,0.2769674777508876,0.12634976836826325,0.026454275146387422,0.02477226158127798,0.019075184016720762,0.011547843716900376,0.004516842054132621
20250430-2500201512,Positive,-6.7,-20.7,0.5632441196175111,0.5457526187041055,0.08443583189675546,0.6182893761978644,0.002549473734420904,-1.923088913018446e-05,0.013369878560143295,0.006272355692816982,7.753576315987101,0.14604394155691058,0.040973859198976406,0.019378594142139455,0.009578517487043588,0.005853206888716173,0.001661509257385427,0.00048077621020645053
20250430-2500201512,Neutral,-5.4,-17.9,0.8633375429204918,0.7490611488425246,0.06434461746232699,0.7908458902767402,0.00019144162176110125,-7.580485506458219e-07,0.009931386259830302,0.0029245646095854123,12.094827951372457,0.05116631965889462,0.0028252906304170244,0.0026058854168030197,0.00208159113373545,0.0007293803559585545,0.00027356935265798494,0.0003150242826515262
20250430-2500201512,Negative,-5.4,-31.4,0.3250188740979259,0.38902319605188546,0.0691919925988905,0.4696073249698243,-0.0020476996476795142,-3.377927813836165e-05,0.0265400172637776,0.019543627371179227,1.8665306783038462,0.772436190370067,0.09821972030295265,0.095514249119686,0.00825777297336449,0.00825614890689342,0.004286789960087975,0.004516796880580237
20250430-2500273348,Rest,-59.7,-75.2,0.4246019772307301,0.4635493520121518,0.07031734269647379,0.5340368380995449,-0.0002025871688199442,3.2701568559688714e-05,0.01515224205875019,0.005992923232786576,6.172240625634026,0.16803123800804584,0.025409782822328017,0.011020640634363973,0.005005094821431459,0.002387645167275897,0.0008268065249989517,0.0003065835678021939
20250430-2500273348,Positive,-63.9,-73.8,0.3343820826070034,0.38926516155015023,0.05749732689836673,0.4571921837641489,-0.0016181032626091517,-2.9666571394190003e-05,0.03204976064303191,0.015065838451512128,2.5618271282405582,1.417301773678456,0.2357872553389614,0.09554613247967944,0.032858894507728865,0.0209770382653965,0.006669911893450795,0.006429821718281285
20250430-2500273348,Neutral,-19.7,-74.6,0.36049140565123633,0.40954928086500464,0.040411189915259584,0.45622560578325944,0.0002819864550942133,-2.2368608202432085e-06,0.010738275254275297,0.007959962405822477,6.992529245129989,0.044318346497489475,0.03346095662755233,0.01502043698384537,0.0064868724537479015,0.005232317059552126,0.0028244409946187824,0.0034618321173431757
20250430-2500273348,Negative,7.0,-45.0,0.7066675976345717,0.6523001438421653,0.052715497256481905,0.6915280000932656,0.0014659871206845162,-4.936111279615621e-06,0.016173329924461608,0.008913634282589353,2.436436930341126,0.14927746248454307,0.08275875910374643,0.01946506333438651,0.021838012319272994,0.006266235467082077,0.005395384276090733,0.0027240117656584925
20250430-2500280552,Rest,52.4,32.6,0.6728651697081345,0.6670161797932735,0.07465585150732781,0.7208095695905683,-0.0027352458088112674,3.059278813099444e-06,0.006861857233189796,0.002853723991383699,0.7557582368188447,0.015500430237650003,0.002919398205602179,0.0006143732321097384,0.00043484791713645845,0.00018336328561228323,0.0001242953078661154,6.752909213676437e-05
20250430-2500280552,Positive,28.4,17.8,0.3975376116378553,0.38922920790089566,0.03222373509770139,0.428629340317319,0.00031239781055083057,-0.0001987272987446488,0.0355166813590985,0.021930630478218287,0.4179562590553453,0.23742729986046684,0.03236002302361458,0.033665461390382775,0.017415364322364096,0.017248281038276782,0.005802911767560158,0.008534328394701939
20250430-2500280552,Neutral,39.4,11.6,0.2583399129901369,0.32622029651863366,0.054604084224980025,0.4012776670656931,0.0004052334539889234,2.063427667628832e-05,0.017176145098293093,0.007922691810714932,7.427536345433608,0.4037651060723728,0.08900861624196513,0.05232733176325684,0.028199255505135638,0.00922922380374381,0.0027756695715977103,0.0021656984269169946
20250430-2500280552,Negative,45.9,28.0,0.3745907121856961,0.4150280101649822,0.06063054142654239,0.4825751658011909,0.002264935334495857,2.8310228645181085e-06,0.026057083517043497,0.015540382569877028,1.4531626085038953,0.6026970657478964,0.21433061887816077,0.07040563468392767,0.04247481944184845,0.04084279715010787,0.013874941052090067,0.016748370906131915
20250430-2500290195,Rest,15.5,-3.5,0.35464861460088326,0.4142797618390664,0.05913282894548637,0.480375426114742,0.0009758621298359809,0.00011964116031218677,0.02832476849270902,0.014121887395935749,2.1345837339079403,0.7319911716073562,0.5111205465605657,0.06605181751162476,0.04074420062411168,0.018297751380270042,0.010766760553550253,0.004453484009148395
20250430-2500290195,Positive,15.0,-1.8,0.3298457732558824,0.3804284187917157,0.0634835983261605,0.4562996604760139,-0.0018663636420777798,-5.9134196305655006e-05,0.02232066785675125,0.012415077561429445,2.7621396645334593,0.28083707016477844,0.05529878588025801,0.03774611637629588,0.006020306648022664,0.0057650191884061385,0.001961257099721068,0.002369780159077917
20250430-2500290195,Neutral,11.6,-4.1,0.46536301817058656,0.4633875466918732,0.04637641506913793,0.5109837898585932,0.0002395003424201298,0.00025498658165108273,0.03356396648557608,0.01675551041663887,6.491149643010096,0.7199617643847454,0.4129297589707768,0.32588854389079747,0.08476496768296633,0.03767660433314127,0.006019882099231293,0.004532307124495707
20250430-2500290195,Negative,9.4,-7.4,0.5333861061757346,0.5185625945956304,0.06450546788459754,0.5774189401105143,-0.0009858816486873001,-3.787337640106298e-05,0.019682852017975767,0.010215618726817529,4.23645871195129,0.19750797572844195,0.30645545087934895,0.11643527738176888,0.04264804396621007,0.01835424101509371,0.00477302767601611,0.003781836840737026
20250430-2500296467,Rest,-13.7,-32.5,0.6455149571239918,0.5667009457708518,0.09568433947928073,0.6456270606293224,0.0017993689198087107,8.81023908273643e-06,0.019712840302816722,0.011852275970881348,3.5350951392862777,0.014205481656288436,0.0015058517399078564,0.00028606769403891936,7.67905586137599e-05,3.72472890258936e-05,3.06105420982083e-05,2.107958990544202e-05
20250430-2500296467,Positive,-13.7,-26.2,0.5174891776573025,0.5079784424191763,0.05728237518955133,0.5615375972739169,-0.0014347180334611305,-1.6587648809771863e-06,0.016316987720742894,0.005395738486805576,3.2236105232678183,0.1506770523363278,0.01362334794985848,0.001675645207959421,0.0004886485223760424,0.00023811742458218266,0.00023990925137163662,0.0001314186124153775
20250430-2500296467,Neutral,-25.7,-43.6,0.2671148449940798,0.282460744349682,0.04000284122292007,0.3461024607273061,-0.0014555555311625565,-9.786282050890053e-06,0.017650574052976913,0.008879593659570225,4.486736349186749,0.41042922444712937,0.14109086342569951,0.01580452178434083,0.00653904132913041,0.005919812888793751,0.00288011811561631,0.0015275677404691735
20250430-2500296467,Negative,-4.2,-42.8,0.44994399841885735,0.4423934582901604,0.03606348361126459,0.48143063420309323,0.0008775797704948985,-1.0745729475998893e-05,0.024828342068212123,0.011873927464066094,3.2917175166540833,0.7095292630562363,0.22760223929988968,0.2583206120882175,0.08330958177589211,0.018586981337913016,0.013129279284345714,0.006597642166263745
20250505-02707051,Rest,3.7,-10.4,0.48954759545598553,0.5036515096382415,0.03233994817942941,0.5347941579152758,-0.002058693838704723,8.739330537712052e-05,0.021229190368188353,0.01156847937675471,2.59379793556167,0.6570660214643081,0.07631577482700859,0.019644287350702706,0.023954892194410854,0.013447349106221201,0.006507653581421478,0.0014959239627547753
20250505-02707051,Positive,-8.5,-16.4,0.4544757030888304,0.4741238833943044,0.05103832764930387,0.5251969006517457,0.0005301565217551035,2.9225378911509213e-05,0.030872715659201178,0.016867104648408574,3.8908531534461783,0.3047582275480127,0.2386776368998283,0.05509150929019245,0.04687576322625522,0.012759456743034654,0.0020190819683414273,0.0008220898722206803
20250505-02707051,Neutral,5.8,-8.8,0.3608614996004221,0.37569626697344394,0.03275988199221097,0.4170222620076681,0.0006798110124454074,2.8791741482634314e-05,0.023923542533286338,0.012375762319870314,1.2673519924729828,0.7504536929097031,0.1408595447340421,0.05239748100702737,0.022112838441792067,0.011514680687571882,0.00661010326395058,0.0030278901205043796
20250505-02707051,Negative,0.3,-11.1,0.2778868424358011,0.3295548299439161,0.044943425558792376,0.39185432433259665,-0.0007846467526208467,6.310146582957323e-05,0.027597955391043816,0.01640716821667805,1.3729665132350934,0.3110752615490726,0.12043692993929073,0.06610154247927198,0.011538179025410376,0.016053341034942346,0.0037541800672608915,0.002733422928818479
20250505-06034356,Rest,9.2,-18.1,0.5578458791635431,0.5124727055509894,0.08980808473169155,0.593663506261285,0.002268236745682983,-0.0001561402903314805,0.022764713395495337,0.007472848143164512,6.120795051340058,0.4546389876793756,0.06606640362662097,0.048937318350285954,0.007384860564080954,0.0038558464964689666,0.0007505238736562115,0.000891396837602293
20250505-06034356,Positive,12.4,-18.2,0.34037842322032336,0.3804422379205946,0.10860243719346108,0.5033276602646545,-0.002451256801929915,4.2850479299002185e-05,0.010702129126352442,0.004634595278541069,3.295790892769778,0.0289281665391271,0.009607546913826736,0.008211366887489947,0.0026660534164704643,0.00224673366483306,0.0005039280925159944,0.0005919850717179772
20250505-06034356,Neutral,4.9,-21.7,0.26918429364986185,0.30173422481668166,0.05331026753654429,0.37993921877356657,0.0010520106054214221,-2.0565177881904004e-05,0.015481241723278444,0.006253253282958397,2.907165156384565,0.3169949383035273,0.07368215762161417,0.013125038276283972,0.0078254975869035,0.003115948442159449,0.000870384738485929,0.0006282911955226789
20250505-06034356,Negative,14.6,-12.3,0.5869841420793238,0.5149850949112299,0.061832379586002774,0.5718758847571134,-0.00024855961144226946,-2.1369979236041102e-05,0.020524499843703522,0.010777417065669294,6.184814515523218,0.7730994313563188,0.3835831499841106,0.1066505037490034,0.0376325471883953,0.027075431102899453,0.02101961512426195,0.009695946455321501
20250505-2200405638,Rest,-53.3,-61.5,0.3966280297117941,0.43167831665467177,0.05636414096122724,0.4926563812953591,-0.0010465234845141243,-6.894901113257386e-05,0.02638017691625262,0.012568513191821163,6.051557989024254,0.9521979471856115,0.1872590593196588,0.03227168509372139,0.008414369945701067,0.009845543737724284,0.003809222894109077,0.004740321350968606
20250505-2200405638,Positive,-56.5,-64.9,0.5643130014089459,0.5369269959111049,0.06373346036729291,0.5933161545967013,-0.0009754521411242897,1.8521568272075407e-05,0.024461425085593704,0.012112555248180105,3.147965705136464,0.39459562434935247,0.10651366625486634,0.05885313186040293,0.013538402077341227,0.011699498989020164,0.009460399223934072,0.0033949364618820954
20250505-2200405638,Neutral,-54.0,-70.5,0.3671609738847669,0.39835177051495246,0.05768935318424708,0.4651596352400371,-0.0009070792873503668,-2.2087141778827645e-05,0.013794223551123643,0.006850631046438891,7.786471089999352,0.2299244317664789,0.08271645449285207,0.023184614770799854,0.011742677917881864,0.004251418130384193,0.0012452756460632596,0.0025595010898945155
20250505-2200405638,Negative,-41.9,-70.9,0.5620637136682581,0.5881509968008211,0.03211528703663174,0.6148470395752355,0.0010434174513313556,-1.9737484065553514e-05,0.010451931094727385,0.005700103666349607,0.8774680778842957,0.11690273197490852,0.05927536132763517,0.011681778163527638,0.0031336081843789483,0.003885476709860779,0.0016272503663489722,0.00149997754086856
20250505-2201231022,Rest,-7.6,-16.2,0.4666456705851262,0.48220026800518184,0.04342378520702487,0.5253007554451965,-0.0022355579451227015,7.421153158839312e-05,0.044108872191514006,0.03121433990003176,1.7812544812388549,0.19208648556358246,0.046738217513706375,0.04409020719081835,0.05576631682506274,0.030105269321746477,0.017223622405419435,0.008357214382726538
20250505-2201231022,Positive,-10.8,-18.7,0.41327635825171155,0.47564581718404997,0.05223420961071658,0.5277055552250699,0.001245120732805313,-0.00040732847638586504,0.03709104435236077,0.028649109455442107,3.9486914553329826,0.016708419530443278,0.0074105211462161345,0.006728104962299685,0.003780098374831614,0.001555063134166892,0.0008504299245547507,0.0009327811604580022
20250505-2201231022,Neutral,0.1,-36.9,0.3247839930869418,0.3716079586488226,0.04482498934806868,0.4276885131485457,0.00034312075336975144,4.899036225285169e-05,0.026317935364924407,0.012875606876131,10.57215318574977,1.141039423178097,0.4571605265327579,0.32808240816726275,0.10615267555464486,0.07105730525581837,0.029183861230407566,0.011072370623123131
20250505-2201231022,Negative,-6.9,-38.1,0.1340965246872642,0.2405468008613731,0.06798295876701033,0.3547474061521119,-0.0012078028208094963,-6.601194762560986e-06,0.02020886411029575,0.009346421989474553,10.495059735965155,1.24341676209632,0.18176135040663516,0.043915794917025255,0.02112488456798478,0.011597120211496512,0.0042518911958115795,0.0029054581099182734
20250505-2201547340,Rest,-28.9,-45.3,0.4842478943203633,0.5156516324612599,0.08302680112452711,0.5906973905346877,0.00016885986782243383,-5.964408121896394e-06,0.015294081472325336,0.005650614871150056,9.468141468575567,0.6545205155380681,0.014660834092564709,0.01972607525977864,0.01203304417716852,0.0016394019965944057,0.0009754852886296541,0.0004483473674813879
20250505-2201547340,Positive,-31.1,-43.0,0.3551082171055844,0.3645448701365656,0.053833200593743476,0.4321182279615487,-0.0007537161511661449,-0.00014064866240062464,0.015610018745812223,0.005039397689247267,3.7707088377821063,0.09259217845553269,0.05557683074832953,0.003338307683655984,0.005480674826384617,0.0005329896106834139,0.0007633749820232127,0.00013719843143462996
20250505-2201547340,Neutral,-26.8,-43.0,0.4678237153134788,0.5111369163528792,0.08702138222695482,0.5901544962852397,0.0008702725856096783,-5.114637931657002e-05,0.014344891510315583,0.00458899617879452,13.388975785510478,0.5601852294222764,0.030655753983087747,0.0179905623065744,0.006924656015954152,0.002179226411680548,0.0006875341656956108,0.0006665511930923794
20250505-2201547340,Negative,-18.8,-37.6,0.6109138505198874,0.5384662725787196,0.07755810883688201,0.6062211110986666,0.0007332966392833951,3.928251454769122e-05,0.011257325377813283,0.0043357063136648995,20.00427260683643,0.5993975691987091,0.04919268591932145,0.020643627805583015,0.006886745936179935,0.001808748017724107,0.001365419684074573,0.0008635104818403295
20250505-2300875478,Rest,-7.8,-17.3,0.48395313988115896,0.5262043881989965,0.05493124636846161,0.5760401935007156,0.0022061564445193323,-3.0335831470798517e-05,0.013425962885385669,0.006791313364174714,1.3314327871443454,0.03934925604304644,0.012478879629560565,0.010217933117943303,0.0037963193474399373,0.0009691780810280261,0.0007430958350317981,0.0005948187969160207
20250505-2300875478,Positive,-6.5,-16.9,0.7354512753795157,0.6259933612358742,0.09991655165676802,0.7012732990554794,0.00036510556002709377,-2.6106681608564062e-05,0.017876761114405816,0.008809572953951843,11.986515114331302,0.32693666354783724,0.03342725584467742,0.013155923842364397,0.009733435141204509,0.00926494464967379,0.005417205865682065,0.002032180750436201
20250505-2300875478,Neutral,0.1,-36.4,0.8781601889340598,0.6644192011392007,0.15836912271052972,0.7744817606328657,-0.0009465211697476366,-2.3285026970391018e-06,0.004604107957553709,0.0022066605604834574,23.508148298501546,0.008160070157256802,0.0019815000719144043,0.0012115720537745301,0.000278298611589533,0.0004813727554534271,0.0006024995551122696,0.0002939840936783927
20250505-2300875478,Negative,-4.4,-37.5,0.3900933700270044,0.4506324282381135,0.12163760226196763,0.5698308412518106,0.001305983404957765,6.352501562438264e-06,0.003745979805065187,0.002378569641382922,9.263413560798071,0.008359413050914097,0.0019923324513772484,0.0011854740899450123,0.0008401300211830329,0.0002953028049362498,0.00020031169117085986,8.06406928851708e-05
20250505-2500002211,Rest,3.5,-14.6,0.3482825866929445,0.3436717946630722,0.0513013725280263,0.4115964953385332,-0.0022029207035260284,2.7969797183962034e-05,0.01871695113983649,0.00979449123492417,1.165950176739543,0.04284483937384552,0.05126562007316293,0.020541449976469596,0.007094932097348321,0.005426648017603803,0.0014196171614889103,0.0001563245835541025
20250505-2500002211,Positive,-4.4,-34.8,0.7061120669386542,0.5916262237705274,0.09489913231372678,0.6670237784117603,-0.0016869741023192789,-0.00021545201461280745,0.03508427726757905,0.015036493122922524,5.345418488182728,1.131155706056158,0.4841770882919557,0.19627922851805266,0.04717774722055573,0.030923259372967984,0.01580843751262698,0.010040205399268524
20250505-2500002211,Neutral,2.6,-35.4,0.6823788685727048,0.6118191038861356,0.0709741133906325,0.667305574134269,0.00045324830238093134,6.172606992446887e-05,0.015176742177237856,0.00625111605281377,15.220317868527081,0.37203858937568873,0.10481148172248367,0.03684804911404819,0.013701490411082916,0.006436647307344559,0.002912409367428947,0.0016668785357045117
20250505-2500002211,Negative,3.7,-19.3,0.449863140835176,0.46235528764425915,0.055657534748567376,0.5190664184487117,0.0008346471365092285,-7.667051683505648e-05,0.0257603635665546,0.012362009255721795,5.799495640794562,1.1735622349000552,0.28489127987031504,0.10842979842251299,0.041951543270335546,0.012189876579991734,0.010466845569292867,0.005781313630918547
20250505-2500069587,Rest,19.4,8.3,0.5068227584822635,0.518590122204422,0.07064518194923565,0.5827357006372899,-0.0012348724853445256,3.588878506271284e-06,0.021983774883445772,0.011274925054694226,9.168073297669334,0.3821837504037153,0.0955672023443534,0.03493092223489736,0.028507634956042777,0.0076703660576708,0.000984677057451271,0.00225916044598572
20250505-2500069587,Positive,17.5,9.9,0.5578165416436127,0.5279816762107767,0.0642191963452774,0.5856482278293164,0.0027272265864152455,1.89563759796731e-05,0.021327508432294872,0.011174164928354052,4.956584973950519,0.7982507152253502,0.11708462642277159,0.06309205745828436,0.020255775663244987,0.005419890356193893,0.004788087091336152,0.0004857650346880159
20250505-2500069587,Neutral,27.1,2.6,0.6890806579755158,0.642597800106727,0.057812508504623376,0.6861081847687203,-0.000818521881330316,-7.331161595724655e-07,0.008171045403349795,0.005276111685874619,8.00678133104702,0.07175915421368205,0.010476199833112163,0.008883060266989772,0.001321228017735457,0.0010561999377314008,0.0006043564766304609,0.0006204120112371147
20250505-2500069587,Negative,5.4,-0.1,0.29425480790138914,0.35527073429825773,0.04554453662810583,0.41444158970466405,0.0003703176178670382,-1.3166328364821305e-05,0.03435002895501625,0.030590002379750587,4.752505136227116,0.5987359381084266,0.17035313540876162,0.1401243885400533,0.1964968063547807,0.07286379548561962,0.0379223169931236,0.0382175089614883
20250505-2500203181,Rest,-5.5,-28.1,0.3339326993734744,0.42817124771890214,0.06978746407714664,0.5031084191805064,0.00120568279959946,-2.654229365244861e-05,0.02969521795213593,0.015023795563858584,1.9212223502422858,0.35697377232301575,0.0658349565474358,0.018702127074357523,0.0072886906285989355,0.004226730105945131,0.004185153476495885,0.002662526277512552
20250505-2500203181,Positive,-12.0,-25.4,0.551142325787005,0.553144510545127,0.0497459296543816,0.5964182921411698,-7.001030070582442e-05,6.860283541226324e-05,0.038700183495561924,0.022427059791690827,3.222579377657073,0.36991740873057255,0.21161313706864102,0.05181789987944284,0.04685069189349102,0.027917717967145428,0.009602572841785968,0.01718340186915998
20250505-2500203181,Neutral,11.3,-24.2,0.27324211279307165,0.30718572742234795,0.040382286196471134,0.3670767730713401,0.0010156582689426195,2.0654706035914685e-05,0.017098935548807793,0.01029739516027249,2.9359137352411975,0.22729781983960307,0.07285425193299247,0.0031364720831882536,0.013404945202389532,0.01964965752218149,0.008728592911771672,0.006396237761766921
20250505-2500203181,Negative,17.6,-4.9,0.3444318739618599,0.392676527299855,0.06163675680188143,0.46457680946658886,-0.00047309434879487836,0.00016304307662303905,0.03408215647366418,0.018616112951247835,6.351592418252814,0.38624877961764226,0.15898617779460578,0.06046509400301003,0.06543587566869215,0.009421723151263363,0.005590578122536868,0.0054146559861940925
20250505-2500237336,Rest,-17.6,-45.3,0.2886747406094397,0.35438800207290194,0.05904746045972091,0.42969560909199905,-0.0009935286332762641,-4.548651497456542e-06,0.01119641108624784,0.005170995745258635,2.377670637257356,0.6519198148257976,0.12675084141432386,0.027447339739245267,0.010415044258760674,0.008016082608005255,0.0034285416299747067,0.002784252484167739
20250505-2500237336,Positive,-27.0,-46.0,0.29977831244756725,0.3564367201915233,0.05341785016801011,0.4248117061344948,0.0006869140902936082,3.146654967647256e-05,0.02244587225570123,0.008927143844374355,3.214325592806777,0.4964565550395619,0.05065997609367423,0.0313703510309855,0.013224841123252045,0.001580254217443395,0.0029118532237197617,0.0011037021401285809
20250505-2500237336,Neutral,10.6,-40.6,0.17664851687153996,0.33992658612906124,0.10332501889023248,0.46784089480034835,0.0009090878489089362,-2.7847067565510085e-05,0.01074906270725836,0.005357897765076781,17.16588783195537,0.21289114876653556,0.03472741413588881,0.0178058413159397,0.00957532195048317,0.0032169570527720197,0.0010016523684322658,0.0005373947828452611
20250505-2500237336,Negative,9.4,-23.2,0.5515700602457199,0.5317185609704689,0.0628818473595675,0.58788304571579,0.00031865330336169835,1.224210687543598e-05,0.020028073654578933,0.009505922596049255,14.08392023359113,0.7257663746810747,0.29464476862978706,0.06885537070101971,0.048604674748402577,0.011553283637182204,0.003354402829272898,0.005248343261736293
20250505-2500295908,Rest,-10.6,-23.3,0.5553943684116696,0.524070767657651,0.02862849378415786,0.5507074207757124,-0.0001325402213796315,-0.0001584675228806951,0.035910667980909965,0.02261265943409152,3.568383417497576,0.6726040757435023,0.3794142230459696,0.09607019078723837,0.07033623205862732,0.05775256896333518,0.041250997683092476,0.02065360884342604
20250505-2500295908,Positive,-7.7,-22.8,0.6784354450759679,0.6262498878969632,0.04142854539239722,0.6584963686181999,-0.0001650674567976917,0.00016329760418582671,0.03267087313422905,0.018390850134981644,1.7539387447047932,0.11339425983265698,0.05408856230401404,0.055504009242915785,0.04278091872978811,0.019374667428802124,0.005189074070438518,0.007375816273609257
20250505-2500295908,Neutral,-7.7,-27.2,0.45463489163479454,0.48212080033317284,0.028249063852147687,0.5105776434256075,-0.0009925669765930606,-6.84471981165734e-05,0.023077292072094573,0.012654954524030952,1.4147089808166715,0.3431649577747485,0.10228200918527408,0.030583279379048735,0.02003623068410247,0.015321478032707952,0.0060571077268389405,0.00974885185944109
20250505-2500295908,Negative,-10.1,-25.6,0.5148449410197387,0.505070486725084,0.03445732534310271,0.5381017765291396,0.0016782609663383446,-0.00013287903881132343,0.03512495965614402,0.017207069440758713,0.39662474903114403,0.7678966110271135,0.13458757155222578,0.08687163810132009,0.009665591300961408,0.006562142930495391,0.0004377167322841517,0.0004419420660946887
20250506-04458494,Rest,-46.8,-73.2,0.6016388333062958,0.5533493061813393,0.0721742035941649,0.6151175970865526,0.0014811280560644894,-1.6556302592371948e-05,0.011859052708684445,0.0036737614279500146,6.926977176294442,0.07448006776604267,0.01565348466788657,0.0019256401268686833,0.003484919410245247,0.00039431172743993733,0.0004015197208145044,0.0003817764501530377
20250506-04458494,Positive,-50.2,-72.9,0.3846453659398415,0.4153641117766731,0.06683676440342122,0.4892485153328989,-0.00195774846477874,-3.6167629168341136e-06,0.018890717764913103,0.006549068811164221,6.759500400357554,0.3228940234460804,0.025361609565647505,0.011047384008553943,0.004740411045379969,0.004104667082874249,0.0026570669925354193,0.0017885507545860508
20250506-04458494,Neutral,-32.1,-70.9,0.4120643502678455,0.42013418077581455,0.06405909604328759,0.49048121870205436,0.0009722318576371042,-1.917063429408466e-06,0.012904690346311368,0.004906974582317817,12.597580981988386,0.5063488254905658,0.057157298160626716,0.008530145557366328,0.007325597294435207,0.0057795042900037384,0.0011783230702194698,0.0006908160402721845
20250506-04458494,Negative,-16.1,-40.3,0.3508916716118596,0.37239662738927304,0.04550006131285327,0.42916116949668026,-3.519088877627749e-06,-2.470377195831938e-06,0.025354495768095092,0.011118161070160447,8.926671498327835,1.2631097502611994,0.5894705435857112,0.16157837066201244,0.027557815638892615,0.02113687825040338,0.01227223408736333,0.011723716021246987
20250506-05807697,Rest,0.8,-12.8,0.5330403669137858,0.557097324455492,0.03912967931712191,0.5911743467308013,0.0017002854861041623,2.198317692262105e-06,0.035478887239232496,0.024352163330529433,2.439551900793199,0.1636004832997234,0.1673468458057205,0.07863700213990868,0.022907890890116717,0.014695621595228886,0.009808371577489386,0.0074394734104883
20250506-05807697,Positive,2.9,-5.2,0.6168425931284691,0.5782079134135166,0.07400386528476612,0.6390056779237403,0.0012631638123147282,-2.094498204258715e-07,0.019766751674635194,0.010871985109502142,4.036810169173921,0.27526363516850005,0.056257854907745236,0.04536361716063572,0.01282538233725589,0.009001875206478209,0.00477259017109544,0.002853165888140955
20250506-05807697,Neutral,8.5,-0.3,0.5573605108416337,0.5571930667870674,0.045065602290132116,0.5962631264514933,-0.0004303883035581045,-0.00020101508276104788,0.02232326848864255,0.014027432217630928,3.7321728175235194,0.4621908701770898,0.13013127554697004,0.08537455092016583,0.0822910349516484,0.027819230388725805,0.03674083038493811,0.022304470387389617
20250506-05807697,Negative,0.1,-11.6,0.5398779559244768,0.5453714269886116,0.04035408392030059,0.5811919453122997,-0.0005077169772576768,4.976561480875213e-05,0.029327131187691848,0.01926189499476541,3.289637227904281,1.1526366817308897,0.12353181152293963,0.17773442717873628,0.06382313840082034,0.040728979500846675,0.04383793909520672,0.02523659278932497
20250506-2400054757,Rest,-114.7,-114.7,0.5,0.6253164556962025,0.10897933023553918,0.7071067811865476,-0.0012690355329949238,0.001272264631043257,0.6113340772571254,1.171381998292129,0.01873555406520911,1.129039836774238,0.3794686908768432,1.9046946037881838,0.15669793622707429,1.1441785679319065,0.03553082854667278,0.45161858056850196
20250506-2400054757,Positive,-114.7,-114.9,0.5,0.7084745762709155,0.06247055443834223,0.7512701109857862,-0.001700680272108602,-0.0017064846416367703,0.212285503267281,0.36832406508433196,2.412396818102866,0.2902149955841462,0.2083551323015781,0.2867973056202677,0.5663677196594379,0.15636451379184227,0.08305070316983437,0.37532723282421293
20250506-2400054757,Neutral,-114.8,-114.8,0.5,0.4973841554559043,0.002484437875507473,0.4998754204540274,-0.0005611672278338943,-0.0003745318352059922,0.037451343913498504,0.0529985706406254,0.0008773865172670255,3.309857993126607e-06,4.080853436950413e-06,2.94851662531939e-06,1.8284734772118812e-06,8.630824699754939e-07,3.9547592401281696e-07,1.3923574926410258e-07
20250506-2400054757,Negative,-114.8,-115.0,0.4724364686184538,0.46502748973788166,0.06874545036609354,0.533850181772011,-0.001655815504130265,-2.316630815977955e-05,0.02177730995445862,0.01410848207858246,6.066425304311582,1.169495781308326,0.07850663079268232,0.009143947694359304,0.006529827120423083,0.010217621519011965,0.0022006142779005945,0.0037160325389629127
20250506-2400094071,Rest,-27.1,-38.8,0.761938767199525,0.7017744251944494,0.07423051217455783,0.7528066524889093,-0.002191806423792933,-7.587870005204488e-06,0.016016402962479998,0.005170704388222337,1.790489157978142,0.22507088774587425,0.020829521656246245,0.010120007993198094,0.0030973433694954085,0.0009212242532062415,0.00021526682981647365,0.00017863080606754864
20250506-2400094071,Positive,-30.1,-54.0,0.6814206067996311,0.6385031014433634,0.07195836162059736,0.692563767586344,-0.0010752724757839827,-7.363639671772859e-06,0.009846627366783243,0.0027742384616253734,4.118991869766894,0.18077853205961164,0.019400543774854215,0.0018709827531926283,0.0011003778838205058,0.00012159142541913237,4.7334002781775405e-05,2.4060660142567245e-05
20250506-2400094071,Neutral,-35.7,-60.9,0.7978695774719364,0.7331009059643657,0.05180295899681558,0.7676196306261255,-0.0005716216054336521,-9.631377458005691e-06,0.008552474706073185,0.002986087426943411,3.2483636071755426,0.014900716715044312,0.008412628555808323,0.0016412804544188458,0.0003812940722111469,0.00017346935931685387,6.0855386243816986e-05,2.9271846961765822e-05
20250506-2400094071,Negative,6.4,-61.1,0.7494839698590156,0.6573305045212479,0.049280773561377146,0.6938041263465758,0.0007681416983280168,-6.419668179514498e-06,0.011766872611999636,0.005300417658015117,4.324966385994626,0.1881669200411925,0.04227482964956246,0.021093225134071362,0.012830169387887806,0.0031161427359923184,0.001131776734890023,0.001647712063603298
20250506-2500292544,Rest,154.3,124.0,0.65600887686666,0.6100083280612457,0.08630712464409662,0.6770651999240346,0.002403687376611133,9.554658331064527e-05,0.006065309750477766,0.001322941427516601,1.4719122850100819,0.0444593606332897,0.0032570357259290674,0.00030227923132955645,5.92159293852156e-05,2.1942210868141817e-05,6.1746486388621e-05,6.03841204628287e-05
20250506-2500292544,Positive,156.4,146.0,0.6942403272535482,0.5657003695901034,0.11269731788590881,0.6578101747771072,-0.0024903967522418246,-1.0654522798872468e-05,0.013944478006633747,0.002100375843315484,6.84593564880364,0.026238895710022307,0.003297328892611188,0.0003893014482662998,0.00014868130158615325,4.704014586163877e-05,1.54322807070642e-05,3.639142797002684e-05
20250506-2500292544,Neutral,157.3,105.5,0.713567672163377,0.5900367712214607,0.10412953549826476,0.672512399061691,-0.0007381400504093549,4.007684742298417e-06,0.008276643752294026,0.0031720013094315488,20.027155318175453,0.0714645740851431,0.015894154519312392,0.009294146971401438,0.0007531754789220193,0.0018294306152960658,0.00021950756858781891,0.00031230434867587697
20250506-2500292544,Negative,156.1,113.6,0.29265282274680576,0.3294244448131955,0.04314873388954517,0.3894472990406112,-2.58163129294778e-05,-2.072337818503537e-05,0.015806716370528325,0.006198019954044562,5.904887297496959,0.7843942529965169,0.14356906955691282,0.0544195943620566,0.02776733981270138,0.007343005677970986,0.003915152116209449,0.0015070833014410564
20250506-2500309939,Rest,-33.1,-35.4,0.5636037927887736,0.5871706332018335,0.049246719683431146,0.6277069954828233,-0.0018844144823687314,-2.8911585970566718e-05,0.018520725529369904,0.011267083811481674,3.566011472444219,0.4264496635772709,0.04766419383841551,0.00662090131728694,0.006139638906670332,0.0030747424429229476,0.0012261813239117395,0.00513117632478117
20250506-2500309939,Positive,-35.2,-41.7,0.5098130856090007,0.49144079419597025,0.06705325936010759,0.5554883559176318,0.000705687068485063,0.0001914861191284383,0.012977262464770389,0.008790326071334922,1.7151396508779404,0.09187143906486271,0.008884997794619265,0.0020004880057982537,0.0014337812691659502,0.000925120642453004,0.0015630737846332185,0.001606736904809101
20250506-2500309939,Neutral,-26.6,-42.3,0.849854176171754,0.7323662065973112,0.06312820263440387,0.7742664032489976,-0.0006000995814736236,-9.715196806246661e-06,0.00409972587494564,0.0025542186068448296,7.738741896275645,0.008435761116801131,0.0007346678551296024,0.00026240632737679903,8.646932858576771e-05,3.7557826642434056e-05,1.1855187933690793e-05,9.032653475666378e-06
20250506-2500309939,Negative,-42.5,-61.3,0.2218457100326671,0.2903278646475089,0.05856698675205666,0.37796462234293693,-0.001710713668301197,8.83056447552646e-06,0.008078236777946765,0.0028574330246851323,3.436787996509674,0.07901929230687312,0.013728980180944563,0.0018416255732133444,0.0011879902154979054,0.0006946783117038429,0.00011913387674810614,0.00021004679495114116
20250507-2300616844,Rest,-17.5,-48.3,0.7444961076831698,0.6636059440363771,0.060259974082542196,0.7075541131552792,0.0022042171110095983,1.435703985625363e-05,0.005716014008249805,0.00178256162879248,1.6467178346926337,0.02324813889967102,0.0037782355492392643,0.0020172497947496064,0.000685514459934432,0.00013424697550598876,5.751345972721681e-05,1.5941310014182672e-05
20250507-2300616844,Positive,-18.9,-57.1,0.6581222782260214,0.620503064911519,0.08000399028273857,0.681929647285794,-0.002833730543319154,2.6869757470876028e-05,0.019077900378109643,0.005569709678883366,4.1360840674558474,0.08263546104567937,0.008271285074411532,0.004520355818798528,0.0009233394481386309,0.00043973940010137155,0.00016676598740962065,0.00017783190376243412
20250507-2300616844,Neutral,-24.8,-55.2,0.41598982482838065,0.44218417898082396,0.03436907113867772,0.479474628400318,0.0008744392670979308,1.4716540467428323e-05,0.023787514508259718,0.00861140158345405,8.039718852732129,0.8618872778668755,0.8613225287214228,0.18776403500188976,0.024468003258531105,0.02466554517926494,0.009199994995115148,0.005023275408090316
20250507-2300616844,Negative,1.8,-43.9,0.40801630517337695,0.4777352743452966,0.10128080625723355,0.574031182612068,0.0011351884339949915,1.2106915425557678e-05,0.018489976869109116,0.007689669625259366,6.70810244311315,0.18596601440994726,0.2835465027313553,0.05766151815752798,0.018173991027915816,0.004133288749027704,0.008077098851629529,0.001284144759772899
20250507-2400086734,Rest,33.3,-15.2,0.7697569543856702,0.5900206894429957,0.09357638343252421,0.6646057458398266,0.00223101939757415,1.5134282604873113e-05,0.010456492729172564,0.004714146769694782,5.406393745006084,0.13234301967236325,0.026640600916464467,0.006762766617254065,0.005673332732171012,0.002115826550639587,0.0008896876645735314,0.0005326307854233049
20250507-2400086734,Positive,32.5,26.1,0.6951787426787375,0.682419418434314,0.04749063816738328,0.7163706448645215,0.0021039537219859766,-6.918274267593012e-05,0.00984633444132979,0.005711665307943728,2.0105890529182466,0.0026276932140931316,0.0022760675992868898,0.005307382534739001,0.000701919335055287,0.00022450403682563728,0.00015014966745520558,5.3051654478906384e-05
20250507-2400086734,Neutral,35.9,23.5,0.44907640716575936,0.4376526356078204,0.0298228844528894,0.4704919913317984,-0.00013966665902498203,8.665774323986057e-06,0.023416507086172166,0.012115009634583826,1.7651458866508671,1.3567200606473366,0.15815504088886329,0.24625590869078343,0.058623664441969876,0.027889998752852783,0.028877531337626914,0.00427303781151823
20250507-2400086734,Negative,30.8,23.5,0.4545870950687092,0.44531625505353667,0.08004317173096916,0.5275886074830234,-0.0015767235094420802,-0.00010017721133668654,0.06156137044446941,0.029755156790887312,2.408324695498308,2.4889065281699385,1.9795589635481186,0.399381953418925,0.39300778895010785,0.0645224332453615,0.03323277269263985,0.01235528773175115
20250507-2400847143,Rest,6.0,-5.4,0.674665954616815,0.6290085695954281,0.05632463997074999,0.6722919162054802,0.0015025009476403424,-7.83578601998915e-05,0.023713106084494454,0.01614787813476865,1.9720492833447194,0.19914515352555354,0.05398716027355285,0.04813306046833368,0.021429722935658934,0.018897548719014938,0.005269410566455222,0.004135517075331986
20250507-2400847143,Positive,12.8,2.8,0.35659039008589566,0.4004941973741022,0.060477958248511446,0.46997187190175305,0.0033222591362126247,-1.5459080727463718e-05,0.008052875703733742,0.002825825183180884,1.1579089345816473,0.04060855162607072,0.016027092349016617,0.003608194203297813,0.0020452520504791235,0.00030214383558771143,0.00020560211915244164,4.3367991404951684e-05
20250507-2400847143,Neutral,22.2,8.3,0.36710624829772137,0.43972152592304664,0.03749327140456575,0.48046674366147163,0.00020526456602026755,1.4941608589273356e-06,0.013909029330614511,0.006632119706598151,7.881467869450294,0.607403406372937,0.19346950920955988,0.017598592127725823,0.02762224439627476,0.008496806777107261,0.0032107355583223117,0.0016816194747492274
20250507-2400847143,Negative,12.4,-9.7,0.4549935816726245,0.4628809128138043,0.03222427433156704,0.49647055680967395,-0.0007023539666008357,-4.00289748470412e-06,0.023493589664233323,0.015172728873349568,2.675192134741573,0.6918868729427072,0.2087380348057966,0.11083400074761836,0.06622365623507688,0.058253115477877586,0.026232863537459582,0.02031276183170695
20250507-2500076974,Rest,-54.1,-65.3,0.3073754940456658,0.3655081513588017,0.057506484815626674,0.43715294065733484,-0.002321402480658313,1.3236959919953416e-05,0.013700644460941807,0.005242419126153157,3.2911776736850085,0.11901159057085414,0.012098837351059264,0.0028352855318473907,0.003537525627860394,0.0025871571065142914,0.0014430864607591879,0.0009717483015444921
20250507-2500076974,Positive,-29.5,-65.7,0.13682997415918557,0.2750728638184653,0.10830447561758524,0.4289167238834098,0.003478902064328873,-2.3823645691551135e-05,0.007950864374543305,0.0026592170450098693,3.3875010763578324,0.01934734880245055,0.0010629197487065463,0.0009298563073798364,0.0004162181077126388,0.0003240538283431432,0.0002844861176834627,8.144262352214021e-05
20250507-2500076974,Neutral,-14.8,-44.2,0.4440013683746912,0.42832155337402983,0.05580231463054472,0.48914381087292375,-0.0003695032636990236,-2.3694567458792948e-05,0.013684463058854396,0.006894570448531523,8.925728306971294,0.7185899172898615,0.20228176734211958,0.0587223235077122,0.0668914619123146,0.013678072649992663,0.008743688012230827,0.009314947348967952
20250507-2500076974,Negative,-11.9,-45.9,0.3601052544796439,0.3792860292161706,0.03596899549212331,0.42406000454026926,0.0003880948306561203,1.019134313928929e-06,0.00987291158167034,0.004467221486481744,4.953397254382228,0.15809025872914773,0.029967320573931606,0.01264429485587633,0.009795387080039932,0.0026443922582062044,0.0009421469324319185,0.0002951200119705679
20250507-2500289831,Rest,-46.2,-59.6,0.360703781063355,0.36408149928794525,0.056643456967609904,0.43496987837247764,-0.002399917376128532,-1.1688217519350428e-06,0.018594021308470442,0.008282095915605863,2.5175919482760767,0.36298418195328036,0.05766379528337782,0.01418168788582634,0.01504282461560736,0.0039011832132611717,0.0021136630663402293,0.0010681705977114034
20250507-2500289831,Positive,-50.6,-60.7,0.5368149586190305,0.49592355613772554,0.0642408403778364,0.5569389678502701,0.002376789062498174,5.105352976169779e-06,0.012667716533091792,0.0070391052681039075,1.3404011862607883,0.04193731142920539,0.011089919211124167,0.005086489116690371,0.0034872107205083215,0.0011247729648660538,0.0009266944238729192,0.00042011027218900236
20250507-2500289831,Neutral,-32.8,-53.2,0.38220027323657346,0.40037783319491577,0.029328885662859364,0.4354667553059764,0.0003219996410975109,1.5923381192995767e-07,0.012001054447129988,0.004491719923823812,6.891532619205872,0.648568403585444,0.0872574464794306,0.019984600976522215,0.00928524352109957,0.0028189369987258505,0.0018521545163102322,0.0014387781193637113
20250507-2500289831,Negative,-22.1,-50.8,0.6119126327587273,0.49950212330832255,0.126758245220312,0.6134008611094662,0.0013548274118991848,7.164746717469591e-05,0.009290701932353497,0.005448412030835457,15.988803386113533,0.057839377282509964,0.020453241460568265,0.00806311656879827,0.003636181959885164,0.002593453739235122,0.0014076135740772574,0.0013584307886765896
20250508-02550117,Rest,-4.2,-17.6,0.7146728554207407,0.6966158709336636,0.047669076029035376,0.730029278635934,-0.0017103878889548087,-2.5299786979739242e-05,0.01116737948625914,0.005204370367961816,3.2677244792187468,0.14458996042275007,0.020435850439671572,0.009549092375776728,0.0030563412136608847,0.001728397099617657,0.00015499038508932312,0.00011535798847205174
20250508-02550117,Positive,-7.5,-19.8,0.2756193548275106,0.35590925562371184,0.09471374779345815,0.4705158297359216,0.002637348012823637,-3.940302083076262e-06,0.010162560328007515,0.005213439693541521,1.935255345938402,0.1584141947090883,0.057751322020628354,0.014200156033103987,0.008877311650102575,0.0029489955347095417,0.0010479241704676521,0.0002008808099208857
20250508-02550117,Neutral,-0.6,-5.1,0.702097365122967,0.6287577288572881,0.08877938684265413,0.6957842111175196,0.0013398084819514718,3.584532061946179e-06,0.00937068666212431,0.003700579273810053,4.996270997122329,0.26992615025489886,0.04282292228435333,0.01842713086445909,0.008846625757027922,0.00270303063585169,0.0005756482308731987,6.615538270243415e-05
20250508-02550117,Negative,0.8,-5.0,0.42693951627513815,0.5150079914688285,0.08911574915823164,0.5952721902079658,0.0006734454928757459,2.9678036994906495e-06,0.005135340228101681,0.002010853612283065,8.348917602411174,0.03553531405111095,0.012238373639259203,0.002017581782190182,0.001228030241043598,0.00031565802931763596,0.00020130723885074256,9.559395263280229e-05
20250508-03114932,Rest,-18.8,-28.2,0.30351428690541554,0.3944421987570865,0.0719686936317555,0.477025514822929,-0.001574439553311601,1.64351980079538e-05,0.00799043186367057,0.0026586779295876745,2.3128777911128027,0.049485429480349216,0.008396886844843365,0.0007263585236102663,0.0005055346362649464,0.0004687922074330626,0.00011500359671031907,2.6969105230962215e-05
20250508-03114932,Positive,-16.5,-24.2,0.7142526055036336,0.6065318144463795,0.07027485920051822,0.6619333056555892,0.0029154518950437317,3.3581189623994996e-05,0.005417691779912194,0.0013061063914754367,2.3865031582086638,0.09403024273813947,0.007309477616335384,0.0008363915691972013,0.0003868645649442259,0.00016894001064813777,5.116212944044867e-05,1.4358965168900913e-05
20250508-03114932,Neutral,18.9,-57.7,0.7096399179319607,0.6462179653074921,0.05052747544526001,0.6841967071912982,0.00012713063207842783,-2.0192325408475886e-06,0.009719946208425699,0.004144523317999865,8.029268220106239,0.17123389998144414,0.026985389560130184,0.019670987462849523,0.008289458815838414,0.005782925111951571,0.0031071131490320093,0.0016220276095042982
20250508-03114932,Negative,-8.0,-31.6,0.2899107498862973,0.3204878122133026,0.06525209383617817,0.40983476135321567,-0.0010606316159321111,-1.070237517151933e-06,0.007883222986155578,0.004421890905979656,3.8270911310096882,0.037013711103170116,0.005937445362624005,0.0014214510858632993,0.0005623988030372083,0.00023943282574394076,4.125131415773778e-05,2.9393449629554984e-05
20250508-2100004713,Rest,-27.0,-44.0,0.5902800427148954,0.5704725157952117,0.08646810005604363,0.6417998062743255,0.0014824991149705539,4.307187292221548e-06,0.008159233603267294,0.006988019354329302,7.23832568281338,0.07849461438842688,0.015597633789507353,0.0030360392184455584,0.0016404920914928215,0.0008092355907611329,0.000277861946006334,0.00023611771303669137
20250508-2100004713,Positive,-23.1,-30.8,0.7180014707975999,0.652416223255163,0.056597580805364055,0.6944382687985267,0.000969256425672114,-6.762957049732577e-07,0.013145323213062585,0.008731919009258508,2.1296642590070305,0.07643336128117294,0.018699425009296815,0.0032001290181365165,0.00059010565118716,0.00027445943978050445,0.00016309075079273344,5.6129754110996024e-05
20250508-2100004713,Negative,-3.0,-50.3,0.39482937998696155,0.388647803957795,0.07900952938654922,0.47964220509434524,0.0005596964891876528,-1.048101152353655e-06,0.007459200899546412,0.004112334285924529,10.895950580750576,0.1909308495034233,0.031871297046936184,0.011272160318084156,0.008842606918560269,0.003816274516880557,0.0008846888352781683,0.0003599255647773939
20250508-2200214831,Rest,-24.5,-45.0,0.6796643719430993,0.6557302996703547,0.06896838689269005,0.7063643626333813,0.0015021227095806306,-2.3243390190246464e-05,0.006886176461637568,0.0011634688302567607,2.555382158445823,0.033021205258875815,0.0036540185106154984,0.00031600599101299726,0.0002663338234562401,6.490746130356474e-05,1.6967308941764314e-05,6.492608574376505e-06
20250508-2200214831,Positive,-22.3,-51.8,0.6177298504583091,0.5939000688373418,0.062396581602906696,0.6442933131485271,0.0003304318811812396,2.1315076601741516e-05,0.015244230353695648,0.003129343400891414,5.399363370093092,0.6310780507305741,0.06953128093868777,0.0032968267826797184,0.0032436502540611925,0.0009755234254806808,6.202250752984103e-05,2.2808077588519647e-05
20250508-2200214831,Neutral,-16.5,-45.2,0.26221334640949484,0.350799919458382,0.055966529811686025,0.42311595727849044,-9.90792411923157e-05,5.666641326500183e-06,0.01703899349452674,0.005308494047462923,6.976375613442979,0.8212537207118114,0.16494355850470482,0.023680086043901996,0.016216385653630153,0.0018360958025147541,0.002828432747874979,0.0009918280737963214
20250508-2200214831,Negative,-1.4,-26.7,0.4870502078911988,0.49367734640082656,0.0412240568578703,0.5337990063752761,0.000765432976087006,1.7447541536410964e-06,0.02188187245216841,0.011428636662357558,2.0634659191854334,0.37186012408982144,0.09089984647467624,0.07093542400323125,0.057739537231314884,0.01915508290757925,0.010922098323149752,0.004993752879469843
20250508-2201584163,Rest,-11.5,-31.0,0.5238111240538696,0.5299134414178978,0.04158084922275212,0.5677931882456075,-0.000235130049554212,-2.6732125992847227e-06,0.018821624468834165,0.007417024830964125,11.555964414857344,1.1953585492392618,0.192183856944164,0.0676742809456162,0.02521520836955314,0.006456969691968462,0.0027393726734238188,0.001565768894711173
20250508-2201584163,Positive,-13.1,-28.6,0.3818245981813836,0.41529214700274714,0.04798052505610786,0.4695190011258961,0.00015599725198828777,-9.04457130007254e-06,0.018820362283562396,0.00913110354536732,3.869926819677244,0.3647169868302325,0.13498543596492127,0.03263964171985854,0.03112474778708783,0.003299023698851701,0.000633739205631618,0.0002705506556412373
20250508-2201584163,Neutral,-12.4,-27.3,0.42497149566528514,0.4443699210948464,0.053546061467933836,0.5010096688106667,0.0002703695670959066,-9.327068363902925e-06,0.019421104868572847,0.006303955819653366,11.679793627484797,1.4551603174738055,0.2334262195059587,0.08911983700825495,0.01749205659889149,0.006270515995395861,0.002123861901208079,0.0007877129526584643
20250508-2201584163,Negative,-10.8,-24.7,0.45016919536934097,0.43650675674554756,0.04540414512451891,0.4857389152713992,0.00025658010991356643,1.1507599469813794e-05,0.019857622087291874,0.0057660427302282675,1.8033254139982104,1.3442923470173638,0.1667730516546285,0.04630306618220297,0.006408529680741261,0.002955634762987242,0.000794473950227267,0.0014280968344326508
20250508-2300824969,Rest,-40.9,-53.7,0.45469516065776866,0.45339399142448283,0.06807888138080273,0.5231108800633253,-0.0012155999422735154,3.191096800249328e-05,0.021532516983947394,0.01904299349695842,3.931660907715807,0.3346739799703007,0.06787825976013438,0.07266501731290029,0.022488455492597325,0.01372552145708904,0.007867258602170368,0.011408592872141089
20250508-2300824969,Positive,-38.0,-52.0,0.3491267827754054,0.4623052232788575,0.11462874843519892,0.5730225718993216,0.0012374381375990595,0.00023556218489841145,0.010686076279302782,0.0049370661688438,6.177205137938803,0.01724079387683901,0.0024738739812628745,0.0023614866839039104,0.0003796967561583519,0.00028548654597971917,0.00019161245452785602,0.00012757173990076527
20250508-2300824969,Neutral,-36.5,-52.9,0.3198229004621328,0.35564871434310585,0.04177277432003454,0.41019359128823385,0.00025813770708761787,1.08782255844238e-05,0.01931541063035051,0.009798274347578703,8.937236426644244,0.6876226339351101,0.22432439157377632,0.0962410880618563,0.03325036078582559,0.01921263101520672,0.010512074769385014,0.004919382257727667
20250508-2300824969,Negative,-30.0,-52.0,0.2075025427045526,0.34001543102383014,0.08931786716274034,0.4526901373976037,-0.0007036804265413227,-3.956248096203451e-05,0.007485695997990411,0.002943589485515119,7.661738100198825,0.07391794219021068,0.03343849363189557,0.008524986384108086,0.0014919662987831544,0.0010134275981622395,0.0002841290740931793,0.0003396949740972721
20250508-2400098549,Rest,-5.1,-22.3,0.33214199476204426,0.3535294222136461,0.04137051920742741,0.40786464860066246,0.0004284808539780943,-2.3794950103002688e-05,0.02567255858530537,0.010170705260271645,3.827463368626614,0.6459926934652963,0.12771901497450824,0.05183145371572556,0.025491982065529082,0.006325480024312848,0.00034312846502079894,8.531669697688045e-05
20250508-2400098549,Positive,-10.3,-21.0,0.2888966244250364,0.2920290459027504,0.052295506061433565,0.3709130217615772,-0.0009658389626208378,0.00010902715076911061,0.03350917184898246,0.0181153724346738,2.368363057152464,0.1289832393644998,0.07166785850080386,0.060169167831499865,0.018903195078077393,0.03257470082924692,0.003747775226058456,0.006440934791897987
20250508-2400098549,Neutral,-2.3,-21.3,0.4915079551244961,0.4999066624166251,0.06657310809543013,0.5625653555134369,0.0017874574033327198,5.498079204048174e-07,0.02255599600518189,0.010880332973559533,1.2808905850412735,0.24692509070756613,0.03586064295472161,0.05117154317543697,0.03644753084327845,0.015738034461314904,0.0022856538615743873,0.000964167940248958
20250508-2400098549,Negative,24.1,-0.2,0.3114946013483051,0.3127709601506924,0.030831748958670774,0.3586884755219448,0.00035268211028979417,-2.1468560221468972e-05,0.024859706009232898,0.013197707560290163,2.64518610499821,1.2931206438893703,0.4137349573153988,0.11712748837329308,0.04480285343598221,0.038742452676691325,0.01821951002005602,0.009881611273410083
20250508-2400550602,Rest,-10.9,-24.6,0.4198781329441535,0.4896464169885889,0.048039793773675656,0.5364637988191177,-0.0014809620780663515,-2.629159380117835e-06,0.01653306057429349,0.00979986936800086,2.191334883876557,0.05215651510145958,0.02019858169261293,0.003087740523489155,0.0018849117600072086,0.0007617390215673527,0.0005311939185506404,0.0005720057613469241
20250508-2400550602,Positive,-18.4,-23.8,0.3334490803928138,0.37129779270182717,0.03953403355067164,0.42118414549448635,-0.0017512634035653507,3.0234058108164645e-05,0.02642043260311233,0.012080880020966411,1.2733435248025398,0.32882157742480816,0.04092599432161327,0.046274236253346916,0.007095607135295237,0.0015180746801347392,0.0012243756054486957,0.0004654078135551709
20250508-2400550602,Neutral,-9.2,-20.9,0.5363093186266417,0.516212179375023,0.062446311262064555,0.5735166304451645,0.0003077786988871486,-4.6607935132283555e-05,0.024708944070662688,0.010485552568746847,7.3429604501602395,0.27278609477959864,0.09200450710520706,0.010277994799937762,0.009971210020660799,0.00416898581844653,0.0012024220987647432,0.0005711194665640373
20250508-2400550602,Negative,23.3,-13.6,0.6907827016111141,0.6437089599806555,0.053697912178012515,0.6841484760908189,0.0022926907293443857,2.71345250075338e-05,0.015602937704515568,0.0073034130915987615,1.9268147997713714,0.15719323016104242,0.02656962123435552,0.008923942153359038,0.009480930269321884,0.007534246304794033,0.002141574866477648,0.0014903891978784761
20250508-2400702459,Rest,-18.8,-39.1,0.3302172932880012,0.40273559039120127,0.053441006812002805,0.4643672712194004,0.000607237776441782,9.005000574969703e-05,0.02575159698989782,0.010358699384304572,3.802177334745881,0.26033901207487986,0.10522339993227312,0.02737891254268594,0.011872755314750561,0.006849796628015006,0.0016615370835413007,0.00036969317745351254
20250508-2400702459,Positive,-23.5,-34.9,0.4455601074139105,0.4828657099022068,0.056109208886731925,0.5378368736764838,-5.062137606422713e-05,-3.549764475529137e-05,0.01642660244851238,0.00733538992935494,1.3870360208353059,0.053691030261396024,0.03606659134804919,0.0136169406720605,0.002970788055816333,0.0019375815580377014,0.0008074341293864049,0.0003171270541969557
20250508-2400702459,Neutral,-18.2,-38.4,0.50721782867537,0.48302140087169415,0.06615650238381664,0.5472350281952633,0.000245922080680833,0.00018713759308990066,0.02147059515007026,0.00995848527192238,11.729623632264133,0.19662433573171506,0.20909896513169954,0.06317015796249958,0.02707992965148167,0.014906619447531619,0.003444553977235946,0.001054264236787209
20250508-2400702459,Negative,-12.8,-33.6,0.5454343229490124,0.5184590316122722,0.027870946373268566,0.5446748698385153,0.00024922293552377364,-6.45044497004926e-05,0.0217397517488952,0.012927453525821161,2.753172646148624,0.5280414145906644,0.29383270158261005,0.04987262994543115,0.024452590913074168,0.01165716832605904,0.005993543658249061,0.0036832964740809064
20250508-2500218553,Rest,2.5,-22.4,0.7184323716382214,0.6439184396757694,0.07229619555373935,0.6978016569973283,-0.0019494522488698132,4.011597932350651e-06,0.01990004239835238,0.013464230838365366,2.865889590718641,0.27155931173682013,0.04911454357048207,0.019543522296288893,0.012745824664559965,0.004955734611402109,0.003096486406779836,0.0047786958130430915
20250508-2500218553,Positive,-2.3,-20.6,0.6309589721809432,0.632260297903284,0.06089786884186404,0.6787127176844511,0.0028271045197335804,-6.449969107999428e-06,0.020330969327035375,0.009652291518946155,2.509677032897955,0.4118510722507856,0.2680024684537091,0.05591376082185885,0.022023643325281405,0.012501780555889623,0.0024035997042899312,0.002626589665767444
20250508-2500218553,Neutral,0.9,-16.5,0.5026839385726338,0.47766991498965544,0.041599888281564606,0.5193923718806325,0.00022693561588821182,2.157217007019629e-06,0.03359735821428478,0.02151325648712514,5.487629063322473,0.5771437933987587,0.7067774737478016,0.28642008777255246,0.09011414153044661,0.10734677861370538,0.05325141591871557,0.009453866890749802
20250508-2500218553,Negative,-1.0,-9.9,0.5399241821011876,0.5323969958623519,0.05656629726964733,0.5831062154298344,0.0008776618339411034,2.9347873629012156e-05,0.025662536644485156,0.015261268802214444,2.279771027010351,0.0456616472874805,0.07240394828278705,0.05285022218362158,0.03346673179029826,0.011673404201778046,0.006308027577803413,0.006420037140438893
20250508-2500253782,Rest,-22.7,-46.0,0.46563966096409976,0.5118568932721493,0.07255571220245016,0.5784057325032893,-6.310705367529783e-05,-8.823524528384655e-05,0.014951792958386072,0.005643900921241132,2.643563694198507,0.052197997605061434,0.017183239628600966,0.00262113430605566,0.0011481407967435962,0.00029391466175540556,0.0002673751930638571,0.00013502953005152155
20250508-2500253782,Positive,-28.0,-46.8,0.3574191053438146,0.40615682346157433,0.05002120837779804,0.46366428978539476,0.0014576138159560798,3.77572670608811e-05,0.016001444815015746,0.00792773171950557,3.9434428704701867,0.31076528432921907,0.10032313960036975,0.014476727909894379,0.0055748998852309575,0.0033770722944856096,0.0024515207427278887,0.0014899631148297396
20250508-2500253782,Neutral,-25.2,-47.7,0.3987738195255804,0.4347489770064453,0.030646429927515546,0.4686716365811636,0.00039924260583858775,4.660531127603149e-05,0.03150054795601034,0.018191994553335564,5.202223951791287,3.7484213555835275,1.1179116078211746,0.22590596871003393,0.1987740376753464,0.06876422293363056,0.04576943803977929,0.05241357530194157
20250508-2500253782,Negative,-17.4,-44.7,0.5656661532370628,0.4579849460217315,0.05530169162963447,0.5148319166603434,-1.9262124779954435e-05,5.114670071852437e-06,0.01936169919814569,0.009922005697884106,7.989406486764316,0.2431135707231355,0.14834049598071558,0.09487390610902895,0.05710523337013383,0.0061629575889455,0.004340588934761401,0.0032618200067617534
20250509-2100555293,Rest,-37.7,-44.3,0.33120309245699203,0.3417472831100159,0.044809855143302414,0.40199634408335083,-0.0010699286166749656,3.629639187627631e-05,0.02511932738553125,0.012541165655446721,4.080939460936499,0.8057733064049473,0.16254334701681414,0.06694457705420405,0.02957494225988561,0.02459193159357106,0.004871116697293337,0.003022087961198777
20250509-2100555293,Positive,-35.0,-47.5,0.36542753217778035,0.38096473633699446,0.05181607144434778,0.44379071844357393,-0.0015540295091511066,8.873417068787429e-06,0.025159044317571978,0.009884493206382048,4.543299149879873,0.8128839600477525,0.15341630859442026,0.04970742741437984,0.020424443540692602,0.004723934429260761,0.002918630914252036,0.0005303560704471667
20250509-2100555293,Neutral,-19.5,-47.2,0.3851499705961172,0.4199345610927207,0.053426767088657186,0.47934518114694047,0.0004374880661554599,-1.6087388987320853e-05,0.01426622580545671,0.00636962132561826,18.456421545150263,0.6961550973206635,0.10640286251724747,0.05195389015577047,0.012596818801601252,0.0022289810882367544,0.0011568857491992184,0.002910418313920476
20250509-2100555293,Negative,-22.0,-52.8,0.5981980225971553,0.5405370724108194,0.07600410468267978,0.6067820295074163,-0.0007885518484821467,5.501486162000378e-07,0.007698999550038215,0.0035072060277214633,5.953010081432901,0.06663631534395204,0.028358065331463917,0.008319948510771086,0.005593812069221399,0.0011942632526266406,0.000813067315234688,0.00031061337149744116
20250509-2300683885,Rest,-5.4,-16.6,0.5430489113775265,0.5333123380099137,0.05312360684485655,0.5809867956489692,-0.002131121869738584,-0.00013806589533138787,0.02270729402337063,0.013080131584997299,4.475706393061297,0.17539998804265633,0.20808308304128253,0.06496084291783036,0.020305556466665,0.020888417732106514,0.0035998149561016924,0.002927142765239231
20250509-2300683885,Positive,-6.5,-20.1,0.6388092718467184,0.592165118837189,0.07131213998709637,0.649593463602089,0.0007638114955075456,4.373622143317827e-05,0.019309903327766803,0.008150338182781056,5.52861689816514,0.186037944622009,0.01883922613036025,0.004530927002554808,0.0037940501839889462,0.002290564592559322,0.00035956156821349085,0.000400655671575332
20250509-2300683885,Neutral,-7.7,-26.4,0.3001236881264375,0.3400615676597171,0.04489032798474047,0.40066469495567597,-0.0006498199828910298,2.9411538241294437e-06,0.01825547223377591,0.012259808311424434,9.479746725106631,0.382822935534596,0.05766121366643668,0.0811071732340446,0.029977361978972383,0.016837621360480122,0.009925555321796108,0.007190094394880392
20250509-2300683885,Negative,-0.9,-26.2,0.6920666571269651,0.5647691768345671,0.09573997317117963,0.6439753071924219,0.0014532698830319309,5.869187477894049e-05,0.0106096541060014,0.007090807985359721,5.564227953759112,0.046296015889410964,0.05511052974306902,0.032667215494353946,0.00283439144194825,0.001779100506254587,0.0006790821896228557,0.001732061144838901
20250509-2300768671,Rest,-41.6,-50.1,0.34833179395372577,0.387238297929819,0.0599244542586254,0.45812438664865757,-0.0018328338256145074,-2.5721891584876274e-05,0.014139255286887024,0.003746878810815587,3.5615162140527623,0.17004096885055264,0.031846526696102655,0.01048875061726566,0.0029982188876385074,0.0007739763866072849,0.00029033609017825937,0.00021029378275941522
20250509-2300768671,Positive,-45.2,-50.3,0.3643822616959167,0.41761737284582895,0.05746804471468565,0.48153121894362966,-0.0016548237600546884,0.00010394730088501177,0.024027832223428455,0.00864016167384493,2.2012763359686245,0.331822485486016,0.16045813262840833,0.03124800574784125,0.017758695112252598,0.005420264101328981,0.005646201020139535,0.0016201014102110137
20250509-2300768671,Neutral,-29.4,-50.4,0.617718315340333,0.5627426890267418,0.06257717973984092,0.6158380580906715,0.00045557349599110726,-8.39054304719393e-06,0.008547872682146728,0.0023936728417613333,7.769517302136147,0.09975536153083543,0.025279537131669597,0.008829698977866738,0.0019381115017760746,0.0012566327224867574,0.00037526629148230094,0.0002474821467695927
20250509-2300768671,Negative,-39.8,-43.2,0.4702683630752222,0.4969192436426665,0.033894396891413464,0.5299274776738919,0.00046856718633821165,-4.062883823626282e-06,0.015024197326917626,0.004019358155279254,3.8411442517270333,0.41900172136255326,0.08771484216061178,0.02066796226759981,0.008105509614473011,0.0011271926838829901,0.0005578540413003471,0.00020565238014310752
20250509-2400649986,Rest,65.7,65.7,0.0,0.008450704225352112,0.008379289823447728,0.09192771195538434,0.0,0.0,0.13018891098082386,0.24964564121097205,0.011402629670969847,3.4688862304283752e-06,3.2709115450494152e-06,3.0162398850990967e-06,2.7428574490653365e-06,2.4915412887814824e-06,2.2997771046573085e-06,2.1961679707939044e-06
20250509-2400649986,Positive,65.8,65.8,0.5,0.43537414965986393,0.15228608450182793,0.5846680551337464,0.0017064846416382253,0.003424657534246575,0.4999970879016875,0.8630476727385361,0.004179847745537147,0.40375105891611723,0.8397747090461429,0.01831215458462869,0.04026969644470381,0.07162528916917962,0.23575044221453867,7.102867780107063
20250509-2400649986,Neutral,67.5,-40.1,0.20817664120698054,0.24318783817416637,0.0421249782671793,0.31822209681762176,-0.0009970811191512862,7.0501297383343e-05,0.01184947340512709,0.0031369576367249446,0.3834273292173684,0.17962601836165878,0.030622275264037456,5.942354219894908e-05,0.0003556113557638685,0.0010554858328898583,9.10710464984172e-05,5.6742752543981334e-05
20250509-2400649986,Negative,23.4,-32.0,0.4521831853690654,0.47496554498132426,0.017826345322561492,0.4933747199056392,3.617506184219869e-05,-1.1872951287591178e-05,0.11290704356294982,0.19691221858798472,0.5404077380274005,0.21038744677182636,0.29832561221974635,0.13627985302122408,0.08870619523923041,0.08777318528571249,0.2007300414354015,0.0863537461258141
20250509-2400869233,Rest,-31.6,-59.8,0.4826805661437634,0.452546897295013,0.08598058750152164,0.5392395402350098,-6.302926069989041e-05,-2.8887694166261605e-05,0.00842012452964221,0.001087533849012144,3.8507440659947223,0.01763902843502135,0.0008233298479909033,9.397401457494941e-05,5.7835528773843624e-05,3.329603625619114e-05,7.565956232693364e-06,2.354196748579069e-06
20250509-2400869233,Positive,-28.5,-64.8,0.8772516472067501,0.6799091330962038,0.12917157692470993,0.7690565689156692,0.0027527719759450685,3.504161678284768e-05,0.004435498336242049,0.0003947811716256776,4.539580290049974,0.0002581047777643619,2.4922645286313264e-05,6.390592302196226e-06,1.243269196036797e-06,9.469981525036618e-07,2.017591936193651e-07,8.20851053444184e-08
20250509-2400869233,Neutral,-26.5,-36.8,0.8406335410558006,0.7476018737017225,0.060788072339782416,0.7872081261662055,-0.0011361197392354006,-6.716157831389024e-06,0.006927925919680396,0.0013639260105301246,3.394758818347874,0.014664037625491436,0.0009321201577386295,0.0002779391547969313,6.134145084075712e-05,5.135667351737292e-05,8.327441737021499e-06,5.447021596795995e-06
20250509-2400869233,Negative,-40.0,-58.1,0.39301196531141885,0.45395151185595595,0.08655192556711874,0.5409472254142976,-0.0011390405308065973,5.144760560255346e-05,0.012817138007200994,0.0037291932660390905,8.41586558141168,0.11844189884780086,0.013810009958880794,0.003656399463940696,0.0012760053014510516,0.0004152911327335505,5.9096904892023344e-05,3.9411194781968e-05
20250509-2400967144,Rest,0.5,-9.1,0.6119590754728108,0.5694484060563783,0.08230542557505689,0.6376338390763204,-0.000984764438366117,-2.1473362525487393e-06,0.009432560328668129,0.004593123808787762,6.846454047714576,0.11654237510097633,0.008978745308230038,0.0059126452280894954,0.0020331086078363265,0.0007394701600503097,0.0006196453968841892,0.0003219456188643147
20250509-2400967144,Positive,-6.9,-10.4,0.4081580648930982,0.41573436531101743,0.06828456034310187,0.49103932922288046,0.0013076426671530697,-1.5862011683678179e-06,0.020613858907446256,0.00877808244320339,3.076872133617945,0.9893948778928594,0.08585593717912596,0.025034702779325842,0.014473704307647458,0.004824452836197935,0.004043968837010676,0.0032378109660512427
20250509-2400967144,Neutral,5.5,-10.6,0.7460185561014888,0.6054835373855377,0.09302870379796642,0.677966826506187,0.0008496182701451606,-2.6993325947411555e-06,0.010947478619706184,0.00842751279836538,10.99497585701195,0.07452150518854506,0.02778012337925038,0.009457742772032079,0.02194816553982896,0.0020369861498614867,0.0028856655240304505,0.002866883111123376
20250509-2400967144,Negative,8.2,-5.5,0.6669045741574671,0.6030272628761694,0.07172461477041923,0.6598230782128979,0.00048514031640818417,-7.953806761229e-06,0.013330432950420868,0.008184244905581294,11.957705708915146,0.08771266977537706,0.050666361402274866,0.008094883300036269,0.0037035691187671752,0.004993978507155885,0.0042938224638430144,0.003174200493898042
20250509-2400999581,Rest,16.7,-18.8,0.1812148100346532,0.27487319427760504,0.05619501156484601,0.36297422015512343,0.00038418342208636403,-9.186695355666284e-06,0.04911873779229163,0.07934578072181178,3.001770976818388,0.02152740922801803,0.0662046094535504,0.00767143548511182,0.005896964054589801,0.003777706712195923,0.0011186148903986853,0.0005237742236386872
20250509-2400999581,Positive,8.0,-6.6,0.46978576128604915,0.41794772111937323,0.035817767084044175,0.45880068076771807,0.0001987995133674238,2.6780787545627986e-05,0.04976763542349393,0.07404912287170715,1.6449818971099823,0.8310293701716444,0.24200197133845147,0.08493182294827767,0.01854133927482362,0.01560333387308281,0.00635158847474741,0.008158282439468109
20250509-2400999581,Neutral,-3.6,-22.3,0.27487014588728664,0.345968981721528,0.05401177904488764,0.41678089610527813,0.00019858113920476675,0.00022680743399016465,0.024991388713794516,0.015017691424708293,3.7956338767524227,0.4001848442816188,0.1076031541297434,0.07666751218028026,0.07352441633697204,0.03541609907059109,0.01275417803796755,0.013371381167910574
20250509-2400999581,Negative,23.2,-10.0,0.46990736297846686,0.46254177688963655,0.07105331129807574,0.5338522329880226,0.0004477488490363453,-8.232203484056539e-05,0.024003164054495797,0.011240339363917214,6.240567847211485,0.6114823037384207,0.2807175652233384,0.07223463837090038,0.025315251563511585,0.015582201877458034,0.007889227911744377,0.002361313163892178
20250509-2500231397,Rest,12.8,-17.7,0.7043130203909063,0.6717327371914205,0.04767529030628059,0.7063286490869235,-0.0005354451940375276,0.00012845727438809472,0.0272483629619066,0.01347976985386751,3.7931760539423136,0.6481823236216102,0.13183053434185218,0.015351231152245664,0.021153724733210186,0.030016872718976524,0.004800706778326808,0.007419237778298778
20250509-2500231397,Positive,19.5,1.9,0.5038036597805915,0.48922015530674634,0.06047582972771519,0.5475510844533797,0.002884450513315396,-0.00014725049652283465,0.01968118243989102,0.011252262570066356,0.7791580684336553,0.3058038853645355,0.10250284814993711,0.017372634913509374,0.031461421362284955,0.011936875846154544,0.0046099771700942056,0.0019484753239731511
20250509-2500231397,Neutral,22.9,9.7,0.6156037820077824,0.5960804085365465,0.03368100820863099,0.6236929225586317,0.0006873265797697477,0.00016230599402297324,0.03954255476583885,0.032694967018575424,2.2649066127375033,0.6102864742712721,0.14104957150209763,0.1330445814211738,0.0880780461962786,0.0473313043721128,0.019795303722707953,0.008680956872578702
20250509-2500231397,Negative,25.6,-4.2,0.38072568189764966,0.4112097391387481,0.035974343442732676,0.45284411556880133,-0.0012335765707385895,2.4496119386883525e-05,0.024169863001452543,0.011917907046855285,1.232717385489242,0.3604464088577021,0.15824114185326707,0.04737933861056409,0.013291352672366138,0.0062413671425614265,0.0048763399229533955,0.0035957455345777102
20250509-2500259127,Rest,-9.5,-27.4,0.5149417584052319,0.5158944647906025,0.024159636049339385,0.5388012016049347,0.001942711373936906,0.00019778597719613666,0.038360228497323914,0.02538276449545404,1.4487021025012319,0.6189333464939109,0.3140998927467207,0.16531539568964465,0.07831935799050088,0.07715185390961772,0.0368215786678266,0.02133058486059832
20250509-2500259127,Positive,-4.7,-20.5,0.4196031128660817,0.4741240306421137,0.06970992945177058,0.5426817906324982,-0.0011256436432997006,-0.00038676193144415006,0.025499584812916996,0.011102640148228872,1.9621571033941256,0.3460934281396848,0.05480149412590346,0.028372453079573014,0.011034510443719912,0.008555762454300609,0.0026229272131132503,0.00034131424149016294
20250509-2500259127,Neutral,-4.8,-19.6,0.49962854269165424,0.5106559185996917,0.07393545460671763,0.5785368802484527,0.0006191494731426086,-7.975951372568736e-05,0.020540619380977593,0.014181988369196432,13.208029560669031,0.08828788166804842,0.13156760443855586,0.03425431244977394,0.049776649190435555,0.02098010002043298,0.01949944709837586,0.01055365838206115
20250509-2500259127,Negative,18.3,-14.7,0.48236536476171366,0.4992123771992869,0.07506555215728979,0.5694546072394646,0.00041273818791261294,-2.039605708241286e-05,0.02903398386909489,0.01640591013412737,7.405487810925074,0.6118072414479927,0.17692795732596464,0.10170129722389333,0.031930639471523935,0.03917067992866391,0.007182391134533258,0.009495463006504867
20250509-2500269198,Rest,-7.6,-28.5,0.6331858017850686,0.6219598468588777,0.06735516874742878,0.673935619960948,0.0016492420884069694,0.00010176774613665476,0.007141968121547083,0.003340605424437066,2.2347831318936517,0.018580105412317183,0.003928541767802092,0.0008161006660801547,0.00019629092032662665,0.0001049821395115391,3.130571120043419e-05,5.60090139455767e-06
20250509-2500269198,Positive,-12.2,-42.2,0.28078086342817143,0.3997108675782887,0.10656987889705272,0.5160800873481179,-0.0006619827452784938,7.911345537052932e-06,0.007554079023049259,0.002596873291592803,10.127026683316611,0.035745340872760184,0.006200796502317722,0.0016849512203021087,0.002378257047701875,0.0003898390713771517,0.000224142278804917,0.0002444717141178479
20250509-2500269198,Neutral,-12.8,-46.9,0.6468425266474066,0.6174045475493991,0.056374623237316145,0.6614854484960303,3.290864183227444e-05,-1.1584573782207964e-05,0.012829392345141155,0.0043036008362063475,25.508838505102972,1.0257749314207114,0.08533865241725427,0.04181467703214023,0.00805778731027227,0.0022475219169588393,0.0007841057791471187,0.0005015373051736841
20250509-2500269198,Negative,-3.3,-27.3,0.5557107697805673,0.5318990045762892,0.035544971424391274,0.564323951727763,0.0007232720183424356,1.104019315071695e-05,0.02399238421417179,0.013243739498264188,3.610952554837159,0.48672678838871936,0.2196893404644628,0.08519169400635244,0.027695729205046666,0.01638209877663984,0.010499495181966526,0.00537445852657714
20250509-2500295027,Rest,-4.4,-18.4,0.6263116265672954,0.5574746532627153,0.05661631442045691,0.6061305993355239,-7.01982689562384e-06,-1.815394613459605e-05,0.043417179096315275,0.02851698301605639,5.123816511567029,0.5523335148050214,0.3643748787786486,0.19616023478089462,0.09033254137057599,0.056007916554069066,0.02440664543149769,0.022591657760232066
20250509-2500295027,Positive,-5.3,-18.7,0.670335109471616,0.584498507266663,0.06462955293102389,0.6373916048458602,-0.0016593111432887434,6.993274782793549e-05,0.035252011492360485,0.021466290558922206,3.314455147405581,0.27947162670332254,0.15976574288634454,0.10678700952609467,0.06822192957830601,0.03734170910520752,0.025606896942437653,0.009610677657934507
20250509-2500295027,Neutral,-5.8,-23.1,0.5660635596357595,0.5504852803185002,0.04087939408633189,0.5864413337527205,0.00020312836850787136,-0.00010263522321472677,0.03644064210361176,0.020891547625994968,1.5719352624800664,1.8339598186484036,0.41831535269306647,0.19942198229210814,0.09524375922306129,0.036530918088202635,0.023082788754710398,0.015202276186514783
20250509-2500295027,Negative,-3.7,-18.8,0.7118855760268864,0.6725668276379795,0.03383019579621397,0.6972634605622395,0.000793445453578141,5.952218021718602e-05,0.037272370330534654,0.023868457253031536,1.3949317539460322,1.1168126750954988,0.6277143474537196,0.34349662845038925,0.09448379717712908,0.0554318740311907,0.03187064022116268,0.026515909763496937
20250512-2100054276,Rest,-19.8,-40.6,0.4808143070451229,0.5429544184636874,0.08120688114427123,0.6131935923291373,-0.00042515913416136354,-4.0732356472792544e-05,0.009991434148784542,0.0019159850420103258,4.918599903751033,0.06505075750133463,0.013019364035757553,0.002661203891712758,0.0010105911279637543,0.00034137057622671984,1.5364929313739162e-05,1.9282528992181045e-05
20250512-2100054276,Positive,-32.3,-41.7,0.6849673486582323,0.6028961864991147,0.07094843615471659,0.6591147455867543,0.0030047984278242464,2.3700631127213703e-05,0.018889201460268883,0.005311845104351359,3.0795049097895895,0.3287232289557708,0.03951224939220066,0.017348631999234577,0.001843667973560005,0.0011847825075478901,0.00042778818505525467,0.00014983053383724494
20250512-2100054276,Neutral,-14.9,-48.0,0.640166237709433,0.5511129917913715,0.12248645797318171,0.6528491308827928,-0.00025718534014348185,1.9920232878593903e-05,0.00576334801442168,0.0020348711683972147,33.62785618371673,0.035276100350298885,0.009089736008098872,0.0023693824270385713,0.00026528530690483627,0.00020829281879880638,8.957170963741724e-05,0.00011231738179437597
20250512-2100054276,Negative,-25.5,-38.5,0.5125966571334024,0.5185934937105628,0.07966264424811133,0.5904251484879679,0.001263383115179148,-6.159906460861279e-05,0.0117966725643383,0.006137164141685838,4.93039397446058,0.248065960691556,0.08505078374064354,0.022722920252043394,0.012980990248331666,0.0023848780373943953,0.0017912745000496601,0.0016018005684552805
20250512-2100136028,Rest,-25.9,-46.8,0.5060062785802191,0.5163931826086309,0.07873019938879114,0.5877007048093968,-6.368428371326444e-05,-5.989965784294759e-05,0.027084811249814187,0.011467307711140096,3.7268100603137424,1.825646223853947,0.32030502466698985,0.039410206624524435,0.0346011064908012,0.040633747527088517,0.013317852467140309,0.0006563418326113985
20250512-2100136028,Positive,-28.9,-45.4,0.3511610403312768,0.3879114414807463,0.07664834619275632,0.4765748971824122,-0.002747465055479917,-4.5177665681407334e-05,0.022990391402538675,0.008189983035859966,6.6231364202297,1.4172175133951426,0.2533909548281115,0.11131364843211684,0.01478449852248917,0.0023626401151875167,0.0015898616995843303,0.0015112024970387176
20250512-2100136028,Neutral,-16.1,-48.0,0.16748469673458924,0.3055792411512007,0.08214116489849382,0.4189508772171715,0.0010835273997335637,1.8718721206748872e-05,0.013572757008751537,0.005325361064483672,11.270309228394906,0.5037175982034878,0.08333245273101848,0.02207817873281973,0.017170623352241173,0.007325811648563678,0.0030010349668153067,0.0007128618382988735
20250512-2100136028,Negative,-0.3,-31.2,0.46255260289518857,0.4740201462054588,0.04213715128079273,0.5165580802672989,0.0005808782610885351,-1.0779583494632932e-05,0.014610983287721764,0.005967629298569325,5.656931288698338,0.5288555859834488,0.15255051119201204,0.054676792583499,0.011239477364506792,0.003997653204454685,0.0027572991474985845,0.0011219865457441126
20250512-2300442803,Rest,-52.0,-66.5,0.39040347772167344,0.402563920632513,0.05425754357801501,0.46509703694286786,-0.0019955282557185747,1.785585893555164e-05,0.018781982537064763,0.009020996013077398,3.0219729624330456,0.13301918039337485,0.03547499594243014,0.018099556584722197,0.011718189090669687,0.003567664921848746,0.0024911438443054315,0.0005695241570648005
20250512-2300442803,Positive,-52.0,-67.4,0.6853214491019507,0.5613914034453582,0.08936653570385157,0.6360242476244129,0.0023154841373787885,3.344298043001603e-05,0.013116249039368758,0.006878948260943217,5.7379585863100795,0.1283575065022569,0.016332963259099977,0.0064044786393334385,0.001702384952293792,0.0007423507489365444,0.0003253975795500944,7.673342056629228e-05
20250512-2300442803,Neutral,-35.0,-74.0,0.4393413823649977,0.49003579925288865,0.07657164203969433,0.5627670269206536,-0.0002270157012466728,3.224325429942921e-06,0.008429047361893321,0.0032581387257366737,26.821290094327267,0.14909948829852893,0.012700014669569147,0.010073144827831079,0.003877773624069376,0.0008709812911820395,0.000702757407970651,0.0005048374150153411
20250512-2300442803,Negative,-54.6,-72.5,0.29366064308742734,0.34508403767137547,0.04495949761655697,0.40502159284677186,-0.0006183911852078333,-1.5242547440564005e-05,0.02190675817109924,0.009514124113988404,7.782399331427988,0.70938563247269,0.26365420071296947,0.08914955576304227,0.012170707427682682,0.008108592984798883,0.004939547159848025,0.0027561949831565896
20250512-2400687929,Rest,-4.5,-19.7,0.5134967759495483,0.5412280316857143,0.07390061149892406,0.6056635978670969,-0.00262314036981819,1.8501235751016935e-05,0.01784970931645344,0.011288453439695813,2.0774841075653003,0.027023437814249075,0.049679258500878246,0.028828052049349625,0.010460215931716315,0.01542994538509741,0.00290899866749492,0.0021097695926405617
20250512-2400687929,Positive,-14.4,-22.3,0.44660153619873777,0.4373831601065126,0.030687166074540518,0.47115941550530416,-0.00193655498296856,-5.86679237938661e-05,0.03654211006916319,0.021334443200022504,0.5753487046910584,0.4988952023267662,0.14679454983092985,0.05169914447693781,0.06324885794291785,0.05998293577921383,0.010938050914722674,0.020950255434903114
20250512-2400687929,Neutral,-11.4,-23.0,0.342845689540843,0.417274707287947,0.05246882428957781,0.4760115603972447,0.0015831413799234767,-3.1553641300156704e-05,0.027126688404742694,0.01595469510572266,1.4587305071628753,0.2867126715131612,0.17830832416202141,0.1280663948042498,0.03340297451058013,0.041481505587537146,0.0065095319683917815,0.007360678621375814
20250512-2400687929,Negative,13.8,-0.7,0.6183854530881271,0.6034102057977329,0.03919340687402065,0.6350569134612133,0.000930523559640603,-7.421720990543857e-07,0.022977294637955923,0.012771195363793415,6.564310735941576,1.0824932681658208,0.23609205372312458,0.16553276747769077,0.027967939965192805,0.030405867175852874,0.009583854764549359,0.01399093339808399
20250512-2400735520,Rest,-5.7,-28.3,0.5949106528623124,0.5884882554476552,0.06819209232389778,0.6438249134071488,-0.00029691572845359104,-1.2157111528445032e-05,0.020901805723639807,0.009259357559930705,5.239520539599212,0.4532805034188829,0.11612464176123648,0.01633880044065455,0.009045562919872416,0.00416677860542664,0.0031526028128266662,0.0016703810689894277
20250512-2400735520,Positive,-3.6,-20.9,0.42996966308818174,0.5116415062741307,0.09258670863731282,0.5952845870504075,0.0008182138790717285,-0.0002755375025936642,0.02269315959556074,0.009281719633210995,4.936170456329571,0.4126020255246626,0.1157922432652057,0.026670812482435795,0.009389998967101037,0.003239843160214735,0.0013852422512314975,0.00028596888256302727
20250512-2400735520,Neutral,1.3,-30.9,0.5902024092487448,0.5795209453913238,0.0658667396908935,0.6338069625983507,-0.0010098688663835592,-1.4555619348722636e-05,0.010846882749029934,0.004182508389381789,6.4850352647083485,0.24512781556474264,0.017566667056538122,0.011930183797875799,0.007321535779691805,0.004739860791675232,0.0017894976825123191,0.0007803875038744556
20250512-2400735520,Negative,5.5,-26.5,0.4950485731780362,0.4854037381789552,0.04432566657627307,0.5290958850854698,0.000619831938622259,1.5952847053246185e-06,0.015915420394664467,0.006777496828839937,4.373161759380819,0.6241443995682601,0.07496806581636208,0.019372456379919908,0.018134302739531677,0.006471557053198549,0.0013196449090028396,0.0009582134593440274
20250512-2500139105,Rest,-28.1,-39.9,0.45860827657272196,0.4712748912177269,0.055228945594102165,0.5266203268830235,0.0010334185271775843,1.8861438662600413e-05,0.026024979175238033,0.012276371657580073,3.3871372163057694,0.7881675348884366,0.16146711191333224,0.041577980045435545,0.026077003857827904,0.01183187038720762,0.0016359951451227206,0.0011803117293029174
20250512-2500139105,Positive,-30.5,-37.1,0.5390286022980193,0.5550568088847849,0.03828941341145874,0.5885384222808392,-0.000661048640182096,-6.84153640102985e-05,0.04064478817489479,0.022362913077557025,1.7392324594234758,0.25477184776044304,0.29970932723448984,0.10347194142947301,0.05732042176276349,0.014573705039589628,0.00605654860870352,0.0057024981462657255
20250512-2500139105,Neutral,-13.1,-34.9,0.36698376715147357,0.408719352862316,0.06589384394265675,0.4826441270199474,0.001058450387583429,-7.051506863073968e-06,0.014887437664913376,0.007787384084405092,5.8942418602437385,0.29422492383319926,0.05649232914162833,0.026005295762715118,0.02927348799922139,0.012362549281018426,0.003921244526302781,0.0020278106680437745
20250512-2500139105,Negative,-16.8,-29.2,0.4599137888838205,0.48066127800218544,0.05668165881967141,0.5363925083279647,-0.000440835218993567,1.3752326729036e-05,0.022977993727849026,0.01095120833202174,7.702397205402755,1.399472349887951,0.2022695248025007,0.11315143822515156,0.05587796915945921,0.028544642207349865,0.009514069003220592,0.009690897340106386
20250512-2500153237,Rest,13.5,2.3,0.2654158152969318,0.3970012271946764,0.1016451050297941,0.5091709726839042,-0.0002935272888182551,-2.6879557268353084e-05,0.015253814041558853,0.006138642610977863,7.721959832111001,0.19662233802457185,0.042189311597176586,0.006928179779856526,0.0015430286033583512,0.0009514682911583306,0.00032520206480836307,0.00032930238340828837
20250512-2500153237,Positive,2.3,-0.7,0.6129875997154466,0.5378444619992294,0.06424877680540653,0.5945800552563524,-0.0035335689045936395,0.00020280052441681412,0.014125825101784294,0.01104017484236085,2.2377275434034707,0.06034044408833976,0.004062233945117334,0.002400583118623938,0.0007143163435348285,0.00020776326955869318,0.0003021977888003488,8.709804082278948e-05
20250512-2500153237,Neutral,0.0,-19.8,0.8193445342434158,0.6884096612026616,0.09649296917288076,0.7552488535642036,-0.001209162355134778,4.79805118276363e-07,0.004681105192422612,0.0033060653820052,4.445463595526453,0.0038747130111269493,0.0010226691203083032,0.0007266644537506081,0.000404490271906326,0.0002947249511135582,0.00018989768404281945,0.00019903425701632294
20250512-2500153237,Negative,31.1,6.1,0.4865074561983276,0.4888352662897638,0.05537484812312086,0.5425262811069204,0.0006861244731517938,-1.1416078525030224e-05,0.019106862718126238,0.013068886769429139,4.112434282044544,0.1139093563835689,0.06645204853434893,0.05173705191270664,0.0492940330701445,0.013406028873647644,0.012588247436072864,0.008736200615179551
20250512-2500315160,Rest,14.8,-18.0,0.4707619021676208,0.5174198508614652,0.06009735203893091,0.5725562453632236,-0.0007790297725429197,6.957355720836669e-05,0.016509051361375485,0.009336188445418904,1.8907732394806986,0.1473297985176795,0.018990700465659295,0.004556493838897939,0.005746699643486707,0.002925032802610859,0.0005641995896869525,0.0006386104921275043
20250512-2500315160,Positive,6.6,-14.5,0.4208997661849577,0.446604973932774,0.05257505744143953,0.502026951649942,-0.0007287216091006135,-0.0002296385108430059,0.02717987441526165,0.015682246073321755,4.014329840041803,0.24084185271461656,0.06996825701289042,0.021957503985041857,0.013216490400289226,0.008990117073567313,0.0034703649391252173,0.0017898913834389356
20250512-2500315160,Neutral,18.5,-16.0,0.5039305294144999,0.5403016157680152,0.0924712664292647,0.6199976632462356,0.0009449744070147792,5.721066072960019e-06,0.018970036407292407,0.012239527030675849,9.167152862626311,0.24814573101410609,0.09679274678127979,0.10171044117453329,0.08902092462656902,0.01721692234066762,0.016341531891777474,0.01153519649416391
20250512-2500315160,Negative,16.6,0.0,0.5354727129595168,0.5570669287107334,0.03612604535989252,0.5885997013447269,-0.0015020166773970522,-6.0110834919805986e-05,0.03145893093842085,0.027669684525888118,1.2273747310811278,0.2509122506894345,0.15125225687874305,0.0231946839892986,0.04840487824430183,0.027956065225570655,0.004128871909781905,0.018780652284772794
20250512-2500318977,Rest,-10.1,-19.9,0.6539763019242381,0.6184195379289871,0.0496684659614907,0.6573516493124456,0.0012658510635652931,5.133477012971431e-05,0.03394081008095236,0.014384885748860347,3.8030091602903555,0.7615254176624108,0.403354203921705,0.08002120702057694,0.03709957190334532,0.0072623772337302855,0.007988852497248481,0.0024980966314497037
20250512-2500318977,Positive,-10.1,-16.6,0.45675148489104644,0.46838305861192214,0.0485949673150438,0.5176655840498798,0.0006575079307335077,0.0001082755806407536,0.04774793376618386,0.022357166034028986,1.1262956850891745,1.2202512580655662,1.4913016943241124,0.07538710303917617,0.32715373633349737,0.030593349547917315,0.00500604539538307,0.008727663168911664
20250512-2500318977,Neutral,0.0,-18.8,0.30925843083248067,0.44249654692513996,0.08553915180734036,0.530417143244836,0.000550249131546463,-1.756474659428359e-05,0.01698377618106329,0.008316318822557397,14.272343326663691,0.6921527359834343,0.36095608234442456,0.11081108942548448,0.0319806175872132,0.009015015470408672,0.00812333568174435,0.0018459881251196878
20250512-2500318977,Negative,3.0,-6.2,0.48262961066447985,0.4924626737006561,0.04982734908211312,0.5406910708255797,0.00016134592511271465,-3.984540434708519e-05,0.02405285433933746,0.015490094644800974,10.96281904434461,0.4855716011435373,0.18674162993672272,0.12983662047907998,0.05010208322910168,0.02892702583743472,0.0167526298323893,0.016401353841795467
20250512-2500327746,Rest,49.0,14.1,0.47335410016788404,0.48239148197110787,0.0818241372607543,0.5608258902181995,0.0029069767441860465,2.9623584157259913e-06,0.0006639281451401816,0.00024814568520081,1.774828502549435,0.0012651618634742566,8.351830110726916e-05,9.819468592288684e-05,3.128220551831185e-05,6.862884940049184e-06,2.0080382564907022e-06,3.7476477394723976e-07
20250512-2500327746,Positive,74.3,49.2,0.47805314497506834,0.4844241834508954,0.08709262871731324,0.5672384139225587,0.003257328990228013,-5.278647390593476e-06,0.0020467027746783636,0.0017904679367848838,1.7282865908025065,0.0008910126642131844,0.0001849966231110012,6.46523182650385e-05,4.7619043089766895e-05,3.804426846387061e-05,2.3838568133062613e-05,2.0397132671079826e-05
20250512-2500327746,Neutral,123.3,74.4,0.45969994562319294,0.4799328966610958,0.09259919095956923,0.5682735047994752,0.0019230769230769232,-9.269376273295383e-07,0.00047876850104180307,0.00016295068957629069,3.341712531228109,0.0002496020857337112,1.8138130662554986e-05,1.3222261398730437e-05,4.14261101751825e-06,4.309204575703924e-06,2.0888727124172973e-06,1.7920548787200303e-06
20250512-2500327746,Negative,10.7,-20.8,0.34097779354379204,0.4538220797944328,0.10758585324735448,0.5599467236767254,-0.001727902151088315,-7.218588803830992e-05,0.03689343766946791,0.03575515887590367,5.1232029162345425,0.5942076782791428,0.1713334184082168,0.045994085759455905,0.047267236548356725,0.011444653837600755,0.011252101193195573,0.003799207098228476
20250512-2500332281,Rest,-11.4,-22.5,0.5338859827254159,0.5089089492749725,0.0655437175842452,0.5696771333276436,-0.0019101153352259995,0.00021245833462444608,0.045444188898609225,0.034039496997153404,5.059967336682501,0.5234791085099971,0.17858878132335043,0.322047559269099,0.13888729982514045,0.11355746647537757,0.08548059519000507,0.06527833739485984
20250512-2500332281,Positive,-12.9,-26.9,0.4171369211007309,0.47230372902908674,0.05802410314215106,0.5301838507507863,8.6312363592756e-05,4.390515177790737e-05,0.037953211230882675,0.024586878435123447,5.394170764950781,0.495776711511348,0.06215004664398139,0.06645809110336277,0.05220639694423186,0.012532353363765498,0.007646400854162004,0.009374874624179463
20250512-2500332281,Neutral,-3.1,-22.0,0.3349675919609755,0.4337676724813611,0.07412249524500082,0.5121297579079916,0.0006487181105204138,0.00020660079860749633,0.026614581373683194,0.025777747676737597,7.588324163262531,0.15688261669226183,0.03179343630851348,0.04283620390515048,0.02675115924625041,0.025726568795708782,0.018392015427989492,0.00968592414119223
20250512-2500332281,Negative,4.2,-15.1,0.34884186535710215,0.3851173374743155,0.047752142995880854,0.4427951068148638,0.0006347098336959644,-3.65951654200936e-05,0.03345943781124639,0.021805965408185083,6.083825040277254,1.4862553990003802,0.7971788399203646,0.18818716646819095,0.11089768508693454,0.11601164534450581,0.024416971852512192,0.028493488602640542
20250513-2100168107,Rest,76.3,64.1,0.5003884466970704,0.5029670343217788,0.046381860490305855,0.5471359046020936,-0.0003431359074986634,6.348298491973498e-05,0.02163293168798046,0.008924762962605089,2.3441586773710634,0.2554737268326536,0.046637635238855925,0.012083707221905398,0.0079444248382854,0.001453631711292387,0.00019782660359028836,0.00020449173473116833
20250513-2100168107,Positive,71.9,63.7,0.3805669580927573,0.40901240991338617,0.05506847480392724,0.4715502372675504,0.0012377979947821318,-0.00020905533167101862,0.031042690196875115,0.013774679965987878,3.610134895042751,2.122619765106577,0.2580989469222857,0.05063688339278545,0.024896963471488415,0.0031791536743504345,0.004494295421428356,0.00219642016889693
20250513-2100168107,Neutral,76.7,66.4,0.3980850347061309,0.4314961170205179,0.04288074348524997,0.47861220470129506,0.000707694724284197,5.3493972190061586e-05,0.021243432900754672,0.00993325152386559,6.871902005997611,0.697396892899182,0.3244874502072088,0.09869192676116566,0.034500170963891845,0.01690308543143451,0.004666182589269018,0.003386132597570671
20250513-2100168107,Negative,79.2,68.8,0.500298520842918,0.5175322524784021,0.0356184536366662,0.5508702987020037,0.000509621221142879,-2.2482161614199348e-05,0.02125415653348781,0.009985176404413139,3.5203447533345558,0.5720953351424795,0.2518389614000073,0.12255263877131048,0.023686521776194944,0.02334462721062045,0.005981131201051626,0.0029181183926655792
20250513-2201580528,Rest,-16.0,-48.4,0.6885660617595655,0.6303127753409079,0.07716208260975896,0.6888078668015609,0.0014463920139674946,-1.0678143710211364e-05,0.011939145588492853,0.008703536523829035,4.891482093160185,0.030522145005162288,0.00899941750957553,0.003996030810489394,0.0013392205633260396,0.0005984650822825485,0.00010788593930065133,1.5995782450200862e-05
20250513-2201580528,Positive,-18.1,-35.2,0.7177381798474255,0.647798538031586,0.0621736730406569,0.6941301167047265,-0.00040732184684571653,-5.1800450133030586e-05,0.029009934557039454,0.010282458908847766,4.513806253941897,1.5089202100151675,0.20242877234661394,0.12246110022533203,0.023226874940062897,0.004690384536724443,0.0022338832803958436,0.0014771814432307047
20250513-2201580528,Neutral,-9.3,-48.5,0.271483131257335,0.40154507474404494,0.08576861041546603,0.4969980457372712,-0.00041691480122221287,3.621863333471795e-06,0.01733698806485865,0.010537805414780879,16.72061100561995,0.8495165502783213,0.265193810044492,0.03541615562658863,0.04153290836937541,0.03468532238546975,0.01776795122084076,0.00557908042646976
20250513-2201580528,Negative,-20.0,-46.8,0.40098268686876826,0.4623836513982164,0.06634601206793804,0.529286928941463,0.000408011727498494,-4.0191003839368495e-05,0.01383924351604728,0.008043412138020997,20.78589035185143,0.26044153910177603,0.03740727335900149,0.017320889260536453,0.012664042235062083,0.0056866573829063615,0.0024042679111594837,0.0022946991425277677
20250513-2300352126,Rest,-10.9,-26.2,0.4278583896651681,0.4513581486006477,0.03235680146629503,0.48588165202495487,-0.0004621652060663445,-1.4434536260220218e-05,0.0306660275716219,0.017677686939682725,6.169715444912287,1.3354491346264266,1.0579764950829946,0.24803321363853195,0.11727237824378262,0.07698706931981811,0.04026497412612322,0.02122592956904516
20250513-2300352126,Positive,-8.3,-21.7,0.50344631116824,0.4863594384880622,0.05863010634889339,0.543300662391752,0.0015703901013916649,-8.173714679120883e-05,0.031141347751699817,0.017239384041279213,3.0142061308455794,0.6036722703517527,0.0759946692820439,0.10152323998962419,0.025827257862223924,0.022692982344060638,0.016066524322180142,0.010424594492597748
20250513-2300352126,Neutral,-14.5,-23.1,0.5446799773401909,0.5398257209860491,0.033959033543627164,0.5704128702805845,-0.001250377817274771,0.00011497096353387964,0.035231732935714556,0.017447169981412932,0.4049172173903621,1.6451226729002022,0.3313425235522007,0.04312125563754794,0.08464575776073079,0.0455746657111427,0.027245176780561788,0.006204120307238883
20250513-2300352126,Negative,-14.2,-21.4,0.6380568644788926,0.6460940916095996,0.03711342484037711,0.6742039751093217,0.0009406098886236572,-0.0004097927249099559,0.04453986009920476,0.022073902066415168,0.11949200729842188,0.05932410509872628,0.05914821141188152,0.0315505108283436,0.05530145426164963,0.006221965738379498,0.0021199472968793823,0.001258434376881922
20250513-2400867100,Rest,-50.3,-59.0,0.5064765897069852,0.5177818507176902,0.055371966012623564,0.568744240362274,-0.0016032877257490662,-6.144388964051133e-05,0.018017030886044297,0.008280417958749243,3.6780038619473925,0.1634602374856699,0.01657656634881141,0.005824805116781722,0.002985807275011237,0.003976979634080556,0.0023008139472409164,0.0006879712906281096
20250513-2400867100,Positive,-51.7,-58.8,0.35236873743973496,0.37242915941384747,0.06868543673794311,0.4553997315761705,0.0013383042760295527,9.852540972751962e-05,0.01687485742597601,0.006114734256628011,6.7763881371735,0.5223601800262689,0.023151255134815814,0.016315224219780617,0.007579493379267829,0.0036946628201812125,0.0017746580148548922,0.0014457254793397323
20250513-2400867100,Neutral,-42.7,-65.7,0.4163080586602792,0.46144723620800987,0.03293675550287641,0.4958531106153185,-0.00021102649600461797,1.7118155093467873e-06,0.015347723588764082,0.005223699488438438,11.39040767898504,1.8238887681181657,0.4205435715327393,0.0925463095764168,0.03756039830258437,0.007954416990182473,0.0021798220395042823,0.0033540532925340387
20250513-2400867100,Negative,-44.7,-59.7,0.11358284311881786,0.25837091672620616,0.09124535845392708,0.3974932566269109,0.0011278462280022849,1.5007355590911827e-05,0.019074836312300874,0.0074519677717976894,4.148118042406083,0.5064388692726216,0.07714463010805518,0.04258104513251711,0.014278343965801306,0.006472122893444129,0.0016593836441689972,0.0007507208377275558
20250513-2500291411,Rest,-23.1,-38.0,0.374773157519375,0.4352271031286682,0.07327911178562539,0.5125443815743157,-0.002721851870148377,-1.060457575849428e-05,0.012731124131222722,0.007374874164439225,2.054485416975915,0.014754069870971089,0.014543891628130249,0.009611156686539364,0.012678074001494198,0.003776823189060855,0.0018530077928376456,0.0007322054652746932
20250513-2500291411,Positive,-30.3,-39.2,0.24615885179989422,0.29437295334603997,0.04641964935581639,0.36479457920518255,0.0011747167107644713,-0.0001453151142675158,0.03750185056224163,0.016471509867114088,1.156613701280768,0.3573645729001978,0.08363682252214474,0.030870686390304436,0.009113376009002114,0.00389693149663214,0.0017146409029546803,0.0008859516771174663
20250513-2500291411,Neutral,-5.9,-42.0,0.23715810095403578,0.3122968721573966,0.07553976396307886,0.41601574528180085,0.001115580109645647,1.570966829864271e-05,0.014733819196456773,0.007529055447082437,2.8451035131668085,0.21708904718491112,0.0912250759651647,0.028781672857227412,0.0192534562042395,0.005472830267051321,0.005993626271444295,0.0038213712552653267
20250513-2500291411,Negative,1.8,-14.9,0.4257612144206174,0.461213233831265,0.032055641944694256,0.49474568113909534,3.439253698881145e-05,1.1481803525169776e-05,0.028898427041767833,0.016685130394948806,4.240843374531677,1.0990345182033325,0.24599293741002326,0.164960405650599,0.07073112089118319,0.05308712953989781,0.02158740880655923,0.013890961157186021
20250513-2500336763,Rest,-6.3,-28.4,0.8371727416453548,0.7341222567474197,0.08502525133550665,0.7899118553278152,-0.0017407366275298312,-6.796161110895038e-06,0.009682138206450714,0.0032685805142871655,3.127179714707899,0.010727186564875065,0.0025184682278245507,0.000784576184212534,0.00042345449444746656,0.0001683578891580809,6.73387175397124e-05,1.801299050458426e-05
20250513-2500336763,Positive,-24.8,-32.8,0.5981946457126432,0.5658815216995043,0.10149795510736949,0.6493996086450284,0.0018435378748935722,3.902302485269666e-05,0.018473250442231637,0.010540749201168114,11.328369803633729,0.36698929674299813,0.01729588507905201,0.009901187924188298,0.027173609948620368,0.01648072742609432,0.0036555815530400068,0.0017957390391906995
20250513-2500336763,Neutral,-3.0,-31.7,0.4346105386033027,0.4340826759241416,0.05930604394254781,0.49772865446949216,0.00028476732574938445,-2.3736447020844387e-05,0.016783463987116158,0.009436862364168802,17.095580344539822,0.3870755016817809,0.20671867111955333,0.04886496505629143,0.02300275314654279,0.013806786094172218,0.010357786316797377,0.005404521504007502
20250513-2500336763,Negative,-18.3,-27.3,0.30677442784878534,0.3652888277975677,0.04612805478148546,0.4237499055990533,-0.0010022670477146383,-1.1330498239014277e-05,0.026520581296031073,0.017764892879528604,5.689010841192409,1.1462985686150078,0.29413103808081303,0.14593784458165834,0.06870923910934079,0.02039172780986678,0.023174515988503758,0.024636653936710894
20250513-2500343501,Rest,-14.3,-21.8,0.6070962812077575,0.5330479082750557,0.11598742492670225,0.6325563195819914,0.0022492751976901115,-3.88242784225716e-07,0.007706724328521295,0.006181213767132147,4.881176315611818,0.0038179411941461124,0.002369566566954436,0.0003155630962930895,0.0002601660692755561,0.0002908786734356129,0.00018428081628490414,0.00013156555255181931
20250513-2500343501,Positive,-13.7,-16.2,0.6727989115389768,0.5913333267728486,0.08881464810493793,0.6621855868691061,-0.0005257841885024117,-8.732678362120873e-06,0.013729443044089396,0.005308054550971681,5.629366683341609,0.18885093212276052,0.024837567417984992,0.007491003928080314,0.003072944544415114,0.002313518062174203,0.00043279399490185995,0.0004304695078574742
20250513-2500343501,Neutral,-14.5,-30.1,0.9130770301902889,0.7195469506759822,0.10286090057791021,0.7877872268607905,-0.0017486580847035863,-1.402016114372953e-05,0.00850364466851337,0.006618451703430456,6.098041522203001,0.025799132902237294,0.005095706357017629,0.003385231890941058,0.0020584637760804993,0.001430165547871564,0.0007993909924120544,0.0004404511090101317
20250513-2500343501,Negative,-0.9,-29.8,0.3355636982202317,0.4057033094861653,0.0529357827116364,0.46640214197585295,0.0007412727568505268,-3.3501849171726985e-06,0.012191239146985795,0.007714500393128928,6.982674285096268,0.1342920985904072,0.11286390735854206,0.027093333122515193,0.014327598940236422,0.004801412326836702,0.005395325108322829,0.002908555709312302
20250514-01203832,Rest,10.1,-0.1,0.647740012115062,0.5944561074873926,0.038134457623445576,0.6257096142401107,0.0005565451417144001,-4.107292391044124e-05,0.031316427568420575,0.016863508651042775,3.9165721433151894,0.7107102741920752,0.47107928047428893,0.15007290744308693,0.0921713211909174,0.0421725653232921,0.03001178224426563,0.011267870533432816
20250514-01203832,Positive,12.3,2.6,0.5320369176209193,0.5468597944971432,0.039320225541211694,0.5817008340879952,0.0004934668245401229,5.4847356920288435e-05,0.026038616284290467,0.014071453462429079,3.7079709007389576,0.7061505191835921,0.14674702652313507,0.07426104097658177,0.03355292306448239,0.03644914441707927,0.008911589412093067,0.006149010745992492
20250514-01203832,Neutral,10.2,1.6,0.7164740007520445,0.6553681619874814,0.04108769325047768,0.6859993593271988,-0.0002711311544418935,1.6689009459376888e-05,0.03349900442142092,0.017123148847109707,5.207001455268667,5.01806430650307,0.3410193762750855,0.38404082825675623,0.11639387122923073,0.058752727209819215,0.019341818622902924,0.020564358098628697
20250514-01203832,Negative,6.5,-3.7,0.4527339547842704,0.4541694804499438,0.055394235159743996,0.5115311839291089,-0.0022326018903155056,0.000223256985638205,0.036383644681289455,0.01905045284293626,3.0489102280031704,0.840851323084623,0.5224675632887418,0.15426013640297592,0.054732832260350604,0.032328689963309676,0.005928407305634967,0.011006334515862045
20250514-01568423,Rest,-57.9,-67.8,0.569893558461184,0.5311858639979512,0.05394229486442709,0.5797419399833661,0.0008590936381254604,-6.747749979869515e-06,0.02713325904333235,0.016605722321490723,2.3845463985948108,0.20545323024599946,0.06578648094141346,0.01773928674053192,0.0069105821096161505,0.008779980738433137,0.00252578799631368,0.003465047225095582
20250514-01568423,Positive,-57.3,-65.8,0.33592050618313063,0.32322988234311234,0.046291387246565896,0.38828976819652117,-0.002913339243807799,-2.252996283814667e-05,0.02021002560932396,0.010859395534689915,3.1126208984395514,0.10331965964492074,0.03175831364861793,0.0218764218264811,0.024211624949357174,0.010099654265046049,0.00895473254108853,0.003131615200647338
20250514-01568423,Neutral,-45.0,-67.0,0.33741242178002157,0.37188135537236217,0.04624255476554644,0.42957920950522216,0.0007323091818132355,-1.7094124619189065e-05,0.02115113986399495,0.009258379370125108,5.363957095755243,0.4386863752492687,0.5503839912729399,0.1724278507850608,0.05497848976620363,0.01165399084309702,0.005085291531124008,0.004712666429398308
20250514-01568423,Negative,-43.4,-62.9,0.3054918187792389,0.38930004832985643,0.055419243751643664,0.4549437013315738,-0.0004286082673644166,-3.5042099836166753e-06,0.019078000071810923,0.00923609151176093,4.749574355703767,0.221904674768889,0.1451062834401203,0.08111468887981786,0.019077395409803022,0.013194366846480088,0.007068420979680875,0.0013893032861686673
20250514-04555442,Rest,10.0,-4.1,0.4802659686853369,0.3809285506735209,0.055493187277176524,0.44788363220305977,-0.002752332415535919,5.7458056629129355e-05,0.021126480332707354,0.00872334002379761,2.8092717738347512,0.5906544941612902,0.15786013934575363,0.0924790996504126,0.043638366786591484,0.00912051346231379,0.0021234283855835353,0.00013562401755286009
20250514-04555442,Positive,23.5,-11.3,0.3555698367080903,0.3619315735484812,0.05341096721671411,0.429424534869625,-0.0005535069351541829,0.0001003074615492402,0.01759423671223625,0.006779969051676458,1.156668371231166,0.06143559756139105,0.012444811785737446,0.005655784190938732,0.0012131281550355358,0.001338488631629536,0.0003045879414865579,0.0002965175228704766
20250514-04555442,Neutral,23.0,-15.4,0.2378028282734206,0.33275848799682545,0.07299962966452346,0.4286348574234915,0.0006517493141777963,-3.9169202479690984e-05,0.011833650353734218,0.00500367455348789,10.54885068530298,0.2510990216192647,0.13643564995391547,0.04709347336565766,0.011668390680880993,0.003208784565620449,0.0017257649746019964,0.0010486800750461663
20250514-04555442,Negative,30.6,-4.7,0.30009094062433445,0.36553350026956255,0.044856465964855076,0.42245852551957486,-0.0002599076851299664,-1.7679753464323093e-05,0.011418037081870648,0.005802839984532972,6.549749604416468,0.30012186123120216,0.040049591073826316,0.01931043963620234,0.023476354765148522,0.008195201828055528,0.0031395998860792355,0.001619382290764823
20250514-04995687,Rest,-60.6,-74.4,0.38489710390410925,0.40197243288366713,0.06882935649250603,0.4800116595364328,-0.0014757729809830836,-2.924562162253271e-05,0.01615571278499946,0.006634669077372233,6.549346275940061,0.3674410438453952,0.08326627282687248,0.024970648079149338,0.01214391277812803,0.00450052462507235,0.001930814834569134,0.0016569287865599352
20250514-04995687,Positive,-64.8,-71.4,0.2766387437309435,0.3291281441594003,0.05317632381879098,0.40187269016020727,0.0008977713826532232,2.779702450352623e-05,0.027450370221354825,0.013601028596383674,3.6474995300912436,0.2727367351048352,0.036671736535098226,0.012963250258643984,0.012028474190252077,0.003926394504188373,0.0013120963537272302,0.0005764020109738175
20250514-04995687,Neutral,-14.5,-72.7,0.5911149371510793,0.5787710691502426,0.07515150655494234,0.6404119432367397,0.0003871438727058971,-1.5830956852965653e-06,0.007120997703730636,0.0029556297683177636,18.65377675740231,0.271220992607931,0.027521458407358722,0.003808482185238375,0.0021420767784383083,0.000771161725017988,0.0008574474020244801,0.000422149552259286
20250514-04995687,Negative,-20.4,-40.9,0.4781281308383939,0.5093854716252179,0.03376105578385137,0.5415114167648702,0.0004373204687481943,1.420372646228985e-05,0.020821348050203917,0.008299071536747521,3.0267635957329806,0.6092153709122433,0.10277458025791228,0.05510417949193968,0.018434311423087924,0.006488706299101928,0.0012986267385762084,0.0005424835341291083
20250514-2201457275,Rest,-26.0,-41.6,0.33343456473794775,0.3348296828188081,0.03276099781720792,0.38062043338968493,-0.0003910596608432587,5.819535041748506e-06,0.018059918937820867,0.009697419746518202,3.2489157701557785,0.34167466662855434,0.12412044523330605,0.08736117774491202,0.008533885890011167,0.014653083768339443,0.006545907955718145,0.0023541588065588356
20250514-2201457275,Positive,-36.6,-41.1,0.4737594799029303,0.46330852295461095,0.04133388066926485,0.5059532271975821,-0.001977765794969879,-4.9080105860495355e-05,0.036773760170918914,0.01879817055751798,0.707530290203171,0.38220932257267604,0.12312595457562185,0.10392400514548772,0.026463848129071547,0.020993857000956937,0.005896205453689852,0.0030513841499292616
20250514-2201457275,Neutral,-17.1,-40.0,0.3454095845876277,0.3526248903838545,0.06560062085907999,0.435826724946171,0.0006837330238325945,-8.347995869703813e-05,0.0168259991738063,0.006943954226797101,10.04528123994189,0.2589441565075154,0.22776298444989934,0.05216879498038864,0.023719485464362665,0.00845953732783658,0.001817057899421369,0.0021317074419517175
20250514-2201457275,Negative,-1.0,-30.6,0.6197026733724957,0.5799103783888541,0.02686027323729563,0.6026245267165946,0.0009784372464679073,-4.0076745440776774e-05,0.01787781752443093,0.016174699678834482,3.1269382448928735,0.08692923320361441,0.0471152342624764,0.0241033610047567,0.008402355398972631,0.005755986161635442,0.003998142995083067,0.0023795680063642428
20250514-2300482654,Rest,-12.7,-30.6,0.5364442182692948,0.5280325589646915,0.040576301396265946,0.5651501435221142,-0.0029850746268656712,-7.042471531086691e-05,0.02374028224423885,0.01701877825039285,0.868842908587844,0.05011892456903279,0.03520277904374758,0.009931048984434669,0.005800800995394948,0.006842636497569119,0.003316401996439113,0.00232432374755288
20250514-2300482654,Positive,-9.4,-32.9,0.5684897161231359,0.5514724074933406,0.08653683454467655,0.6250269200371914,0.0003600154249648001,2.4973257984945194e-06,0.018837954185545555,0.012033418215261823,7.230858780287268,0.05923858039722277,0.042787871058034166,0.0135536336917316,0.0018131327329746843,0.0035242114573842665,0.0007827597083255725,0.0004770322868204819
20250514-2300482654,Neutral,-13.9,-41.9,0.47108742612050253,0.4923450288393049,0.0435971102058637,0.5347903679280693,0.0005611667710781543,2.888633963825993e-05,0.02465119451623822,0.014226422998501648,4.290575323417127,0.5223876708705216,0.01982604758299948,0.03853996899278895,0.007310453964986715,0.009132565207752857,0.006436693581992345,0.0022025437689555875
20250514-2300482654,Negative,-4.3,-29.9,0.5236138277393484,0.5089784070156937,0.04082027747460276,0.547612359505185,0.0006240990135342328,3.304798505090732e-05,0.028401861440912987,0.01697246163947821,2.6457756943769866,0.5346681012687844,0.40119853832039765,0.13688278922550465,0.05004449118212333,0.02933789751499241,0.02589360201702133,0.014238109736560053
20250514-2400363313,Rest,-61.5,-116.0,0.4254249668373371,0.41789910530886615,0.037344804442136496,0.46041770889061956,-0.0004316570009675135,0.00032817912943465955,0.022412972617777145,0.010574699511427059,3.219430791749567,1.156577789293845,0.09138283946814425,0.00017684344607691565,0.0017751487362455377,0.007962050453188515,0.0010458722925663255,0.00019952109704513278
20250514-2400363313,Positive,-60.8,-115.4,0.3911626961986704,0.3896267014336114,0.041562628695312506,0.4397403724532796,-0.0018245282765124405,2.9660308794612612e-05,0.03445391804373676,0.024523716808329578,2.13991536756071,0.26407857094654286,0.059052470659729184,0.033109759361502004,0.07188466645628284,0.07036973063758721,0.09730202274232447,0.10395027003004521
20250514-2400363313,Neutral,-39.7,-116.0,0.5370359288202463,0.5283496664765176,0.05898975824428646,0.5815007552102867,7.271574772686699e-05,-1.8573146270887746e-05,0.02029756373486205,0.010803174015203486,6.95476995610346,2.358219173913114,0.3941927148527399,0.0004540427144047177,0.007963514680692408,0.014666258653295315,0.0018486305068995347,0.0008695143125530137
20250514-2400363313,Negative,-64.5,-108.9,0.47716331206557194,0.4952860540021181,0.024626689960768982,0.5195526587842256,0.00011228477234323464,0.00013988205244593808,0.129465162242467,0.22201141434347302,4.2122330879175465,0.7963254103044002,0.28747780694888786,0.08942568655232107,0.020112064507434486,0.02938131497053979,0.018317795752084556,0.05384261555083163
20250514-2500124080,Rest,-17.4,-34.2,0.5721168594599866,0.5347982285982784,0.05777992518145982,0.5863352884598676,0.001080843096005998,-1.1244089460383103e-06,0.029467242417142145,0.009778154381407726,3.2776396524913594,0.07610488674088348,0.024753607586011545,0.02033013337637605,0.004593062266854366,0.0025480871029218005,0.003148612387249336,0.0020492796663850476
20250514-2500124080,Positive,-18.1,-33.6,0.6174922010474957,0.6129426989478444,0.05369768683939807,0.6552834799022984,0.0018040679805639685,8.335313158595528e-05,0.024285522965976743,0.011634677272248378,2.4596299509353914,0.14233462810295586,0.0173429860292352,0.010246515936646402,0.015033635765039745,0.004115278001643655,0.005643324885831371,0.000999645617131834
20250514-2500124080,Neutral,-8.8,-28.2,0.5801138112411721,0.5651796883281804,0.07402827156632352,0.6272609916654014,-0.0006700003024992533,5.296237074270029e-05,0.017119978589582932,0.008411664816626745,12.785061898144132,0.24834360577099873,0.03256922672673316,0.024726123083845378,0.009665419414625608,0.008030108807279427,0.006466311667505325,0.003544233419932213
20250514-2500124080,Negative,19.1,-29.8,0.7244430338281708,0.6780080356115901,0.03705324544880281,0.7048036193172463,0.0008964128631225238,-1.9856013428108395e-05,0.009423331528968392,0.005230909796154241,3.1149315192916145,0.05281138242077733,0.05653279672651776,0.011135114964212618,0.005628289800870116,0.0034075683382762145,0.0010363977781714729,0.000580113274394891
20250514-2500252334,Rest,5.0,-8.6,0.37750985033787865,0.4243770399726549,0.056879282422117,0.48680093927402124,-0.0007339620556141426,-1.0043009331723953e-05,0.03939500800352832,0.026855800959491097,5.761665202063932,0.285185837700066,0.09186359923102669,0.11944466662543535,0.1545932443262821,0.08868994613042983,0.08139772443314743,0.061552869167214024
20250514-2500252334,Positive,5.4,-12.9,0.5064129767381815,0.48828431899763053,0.03142127788165228,0.5194640065111653,0.00024848697323156974,-1.1059376977271834e-05,0.036676759731912326,0.025028204182104653,2.6341904479376312,0.9650839039436816,0.13912013331500772,0.4086592445263338,0.08627975503209198,0.006764688527999323,0.014011690621929005,0.012813729512812556
20250514-2500252334,Neutral,4.8,-13.3,0.45209021053550197,0.47982276857671224,0.043297492650774164,0.5229984530525834,0.00032408286456758604,-1.5074850903462838e-05,0.02519572757561319,0.015645171236080363,4.636276054549121,0.4712463377127632,0.15202936014170418,0.07801987314962384,0.027501286516356763,0.017638863771597943,0.014701646635352414,0.007112686047980701
20250514-2500252334,Negative,0.3,-16.1,0.637287967159476,0.617043603949874,0.039116677537928614,0.6479656524179176,-0.00047211735955447726,0.00018548257045082557,0.027151169540138693,0.014417765480045664,6.839745658458435,1.1859035601639083,0.36462220419381536,0.16952156071852986,0.13303039634260794,0.03603829289842057,0.01920587706391909,0.013288910963746533
20250514-2500314608,Rest,-15.1,-27.1,0.5432090889126787,0.5145562509172755,0.027433922993187424,0.5405571739892364,-0.001979131741053971,0.00015158757541197332,0.027715614740071892,0.015184869901841851,0.16769043881492546,0.2834859067589606,0.04344102548640004,0.05119812993679772,0.012224009356867896,0.005444424854589224,0.003163020011653709,0.0015861301227113901
20250514-2500314608,Positive,-12.5,-29.5,0.5852964085346246,0.5385107465266439,0.043297526083750974,0.5773139095920297,0.0011466062817620949,-0.0001751644989918358,0.03964216748364362,0.023481469504436202,1.1960283238162832,0.3959728373611975,0.07762259808208744,0.13852497558958246,0.05177627529180388,0.009313984349228458,0.009023895319925652,0.0028588917141552147
20250514-2500314608,Neutral,1.6,-31.5,0.3592469403065031,0.39674870836117554,0.03792807449211577,0.44197014840187665,0.000540559652188271,1.719210343753791e-05,0.02181445032334656,0.012077543018597005,3.428120826743548,0.5024373699476778,0.46325550324941817,0.3025752713064381,0.03926412536371205,0.02802459271584983,0.022212673355267568,0.006938815596952407
20250514-2500314608,Negative,2.3,-21.2,0.3342094794031493,0.38792469090096166,0.05225165192983181,0.45026349812130945,-0.0008346414352604652,4.187370789334265e-05,0.027778323255862294,0.016593127390837945,4.3438507361257725,0.34989511258295614,0.25754002435326967,0.1616845964514994,0.09164152032981514,0.027572177053773895,0.020207526966051704,0.003779316758501217
20250514-2500336075,Rest,-0.4,-10.2,0.5407905657279902,0.48296240573188914,0.06173858677815919,0.543130989843604,0.0024264723017618475,4.863612658535602e-06,0.015346083091956862,0.009237920946438596,2.95176098112308,0.07325653174350913,0.022441070623278814,0.008462158857028404,0.005466408810925152,0.0023640191143257687,0.0004649037883537021,6.932718482982947e-05
20250514-2500336075,Positive,4.3,-1.2,0.34046125346429235,0.3986150296545128,0.07620938877267759,0.48487455144516056,0.0024284778030369877,1.638248356561775e-05,0.016841270540999282,0.011402552353572676,1.9273210899833007,0.03144195994885047,0.03899482857035109,0.007574457925924969,0.0053654254681725615,0.007371179228962192,0.0008384440839395979,0.001045783330101071
20250514-2500336075,Neutral,15.2,-7.6,0.6422531911427279,0.6224635100489774,0.04382247832025882,0.6567216302686795,0.00019520561767642715,-1.991354477379163e-05,0.01626699752417479,0.010579729195337858,11.574834074281474,0.42896351695422436,0.15429079304086157,0.02060917985248045,0.024535044625307232,0.011538875700942273,0.009591680044103913,0.00718482160767579
20250514-2500336075,Negative,10.2,-8.0,0.42092438339732197,0.43345116354586927,0.038382807581006206,0.4756708092370963,-0.0012578650806035095,7.710718563750745e-05,0.024470751071925517,0.01647503629032483,2.955164821059534,0.24943934582000155,0.09361312526719158,0.11507306034613894,0.10453424375233164,0.017893920260551234,0.02539031564512202,0.011287805669926852
20250514-2500346917,Rest,-1.4,-11.7,0.5435801385154275,0.5009771016801785,0.04540353709106755,0.5444093987973935,0.0003726689146011935,0.00031513620095748897,0.045328125773846435,0.030055043627224862,2.5162332075273026,0.9068841604364477,0.2876940253361534,0.10720428777252335,0.08688872180894572,0.0737799189216153,0.06813437340482077,0.030419331948480188
20250514-2500346917,Positive,-3.1,-14.8,0.4678082347860243,0.4822808837241484,0.042188043832338665,0.5241973813727843,-0.0014205012139276215,1.1964968953303883e-05,0.03443721088479602,0.022017829811750378,2.4512958013634316,0.10159334247844218,0.08633819103010573,0.1778054456135115,0.11871591208434486,0.04761773689774585,0.011053257101962878,0.007519944822749483
20250514-2500346917,Neutral,-0.5,-12.7,0.4139971864174037,0.44686775741566437,0.04685268419337116,0.4965314459438357,0.0003146578559736085,9.461653088327644e-05,0.03680703951858265,0.025450854138230228,6.896984872455359,0.9174106588625035,0.5911957374359933,0.11435654647777131,0.27927253067801533,0.07633092947257236,0.04340832201718981,0.031545255644718384
20250514-2500346917,Negative,0.4,-12.8,0.4555672208482928,0.47531141559834095,0.04160155389113393,0.5172257685858591,-0.0007600030177444584,-0.0002012388055175761,0.03080567238660905,0.02020809506315757,2.8660793301061487,0.7407685690133087,0.09319693094288937,0.0850951826815438,0.07548443652669395,0.01663050936125111,0.017888036767634098,0.014688878759582233
20250515-2100065991,Rest,-21.0,-32.0,0.5809279780088018,0.5595561706017479,0.08111097267514548,0.6278646993848578,0.0012503683188545868,-3.2117702158213765e-05,0.01412427265620161,0.0035628216241154285,6.924198020348238,0.2458643136047047,0.0357141738406663,0.009478714022448242,0.0028392621645031567,0.0004456457627969634,0.00031291299080291876,0.00012260922589043147
20250515-2100065991,Positive,-25.5,-34.7,0.24333988807195883,0.29501266133711906,0.06663238709659643,0.3920010936793495,-0.0021736779463691737,-2.5532150441772974e-05,0.019602312536475295,0.01016325828224994,1.7287146522984476,0.07410669279491762,0.03191500351565865,0.025870292238078754,0.0039220385924098496,0.005313600222359317,0.002343992040855906,0.003405750625427834
20250515-2100065991,Neutral,-22.0,-40.2,0.4612370664630348,0.4924516804205353,0.047144675626950586,0.5381945123985933,-6.843315851973506e-05,-5.028132245560464e-06,0.019008115563805994,0.007049531193405669,3.079771630268955,0.35545834129094855,0.0172436839284571,0.008911134480326384,0.006400510719535784,0.0035788297940364234,0.0015816363157764813,0.0014461760716535453
20250515-2100065991,Negative,-20.6,-36.9,0.27622601121602797,0.3190320607058539,0.03391077221774761,0.3683642599058319,-4.301042751514512e-05,-4.390121591875742e-06,0.016901554742483543,0.00588583941098094,5.300023179804222,0.9729675423702682,0.17416314581532208,0.026630658858700276,0.005591435675969696,0.004151192800711539,0.004983498993467309,0.0009388006990822758
20250515-2200672323,Rest,-14.0,-58.3,0.2400887704045249,0.39646218194633737,0.11552569270429089,0.522214471666519,0.002109343938172367,-0.00010556489386872262,0.01646334415447061,0.010827156130746363,4.750577241658356,0.03513670999066386,0.034435624802726064,0.03218500717317798,0.009896601730710969,0.010707252668196617,0.0032885908149474703,0.004930538297660703
20250515-2200672323,Positive,-7.7,-20.6,0.6021984384667842,0.587468331063348,0.08879860285665853,0.6587242540388308,0.000449950446045967,-0.00046806050937190985,0.04216964997589776,0.037013677255041434,6.455855587963925,0.24107603436473116,0.05559659195041339,0.04742485651837612,0.00889558887308651,0.00464226465764919,0.011078313312295224,0.002889654533014768
20250515-2200672323,Neutral,-16.2,-31.6,0.640133162557289,0.5920366130010974,0.06634894677186935,0.6456440953851282,-0.0002615922526370409,7.677152387708123e-05,0.0263613799525368,0.023488103415303968,11.610531205802905,0.1320760353025883,0.0638319075660047,0.02347152807781087,0.021302015753578665,0.07552760719225893,0.032981863631734984,0.03767305575581093
20250515-2200672323,Negative,-10.6,-30.4,0.5380708686130663,0.5519060247895614,0.04582886320643533,0.5919705426838832,-0.0009273208953340707,-0.00034439831207113775,0.034410347203948796,0.025362988128747425,5.730981206278277,0.35692924752694666,0.14739367670827336,0.0918384851366841,0.0916021403851954,0.04122016755536256,0.041733643100198475,0.028597603877530693
20250515-2400036128,Rest,5.3,-5.4,0.6399596399953628,0.5682072153744568,0.05480965237567531,0.6145478760676581,0.00010176933691874707,-1.4966347475534496e-05,0.026076971897314973,0.013194376672902153,4.439550684611128,0.7016743181111745,0.10759986112734975,0.08963143961490308,0.04014612668714421,0.006477937417750621,0.011608875603819499,0.0045675177597371466
20250515-2400036128,Positive,6.0,-0.9,0.5000556864207145,0.49499406978775445,0.049254433171424486,0.5424698722477304,0.0005521123007494349,0.00010436292707259693,0.03464146553947783,0.019448431940094876,1.405034474014272,1.9193852584902016,0.2539329891061237,0.08050572989030744,0.03411140925273665,0.018761427262375372,0.01282755095076227,0.016745604934766796
20250515-2400036128,Neutral,6.8,-0.9,0.6875022339211068,0.6665127743241593,0.045518732307160845,0.6998271291143612,0.00041004666947600335,-5.611241140965548e-05,0.024980635398193375,0.0170135129378174,5.485021687939568,0.2268958762835145,0.16084735507879264,0.09373015109565434,0.06725343186751026,0.01690396897190779,0.0325014463806014,0.021432470329698153
20250515-2400036128,Negative,6.2,-3.4,0.664654887990607,0.6235622257911805,0.05743657638192027,0.6680317550951985,-0.001552659004587345,-4.175459057623497e-05,0.03084522407433739,0.015972074973184196,2.8519812587331703,1.1303459824336082,0.1853991622192972,0.09319464058941501,0.0323245920120291,0.024266725373424322,0.006940004940913421,0.00282950136563102
20250515-2500008272,Rest,15.6,7.4,0.6840579993387113,0.6345378947912623,0.05323564225618678,0.6751844060568297,0.0005173175215220659,0.00034280576268654565,0.038269728481772014,0.027462244523283646,2.6209480404706973,1.6702715146570486,0.11749630431620178,0.10302288833251619,0.05242709113244227,0.02647026179061947,0.027431386779097906,0.014764355586109484
20250515-2500008272,Positive,15.4,0.0,0.3135955892072122,0.3855706155958538,0.09523382225386738,0.49386083248708135,-0.0033412947726962137,8.512775691540786e-05,0.013108384663561483,0.010377526106980615,2.033883867638858,0.010425282891936772,0.01647557995812415,0.0034766143778678362,0.006779745211423632,0.003627369048923132,0.002227239081889696,0.0015787082717847259
20250515-2500008272,Neutral,7.3,-10.5,0.5519800308090145,0.5596919854973004,0.05956075293068152,0.610586498016941,-0.0005667988210456452,-3.921762787742172e-06,0.01126182400898788,0.007856374237567867,12.23054496080447,0.08879639576430184,0.04225443658499621,0.04356945215347886,0.04380457847145249,0.009499970817021601,0.0049202390280373,0.004978753597536908
20250515-2500008272,Negative,1.5,-17.7,0.29915133436145575,0.3807181135984792,0.06504521519577358,0.4582482921056641,0.000480139997591311,-2.3213544185593532e-05,0.008405448178090214,0.005178752161684649,10.045622747558888,0.05712664610870314,0.015829411108727088,0.015170304629206235,0.006792282203108119,0.0048522854353380334,0.001978036292804246,0.0008197414205610377
20250515-2500110761,Rest,7.0,-17.8,0.6319792919947671,0.5942329667360878,0.05938017817648156,0.6422561770294265,-0.0003639567888084029,3.802954103054099e-05,0.019534445824335767,0.00935390813486042,1.3661886581945861,0.3749135665051964,0.1206248481622899,0.04585493694616667,0.015400283083627182,0.009138166956600684,0.0051697947866972405,0.0033400800282981785
20250515-2500110761,Positive,4.7,-27.1,0.452431831364728,0.5145640520997635,0.0715202517918937,0.5799106961465893,-0.0004381698515397604,-2.0313063947262823e-05,0.020758723165230492,0.01118197389015295,7.026322458281799,0.28347211969875336,0.03981105594051304,0.013784536858577777,0.0068173143916915434,0.008367208045434872,0.0023074474746775384,0.001043623497617592
20250515-2500110761,Neutral,5.8,-19.4,0.41437474714187833,0.4341275148045726,0.04322124882176819,0.4813397427308102,0.0006129184838505719,2.802783649228322e-05,0.023733150793980303,0.012956405194207123,12.695106839446499,0.5553072317294155,0.21968476253455146,0.08547470889369913,0.0445755215637712,0.023680734769402887,0.019497248949045684,0.008610022072054642
20250515-2500110761,Negative,-5.2,-13.2,0.6305388128246205,0.6307724694325751,0.03568254585636402,0.6584500391452893,-0.0008936970434926358,-2.7341096766712923e-05,0.04825203316746823,0.02900346764440763,0.9207786328859635,0.8868597981460022,0.667934713566589,0.2841881076816081,0.24155022212891747,0.15144372425541874,0.06299451046907147,0.0637236059390686
20250515-2500156113,Rest,-30.7,-47.5,0.292719875055198,0.34868146148392914,0.04663521773871104,0.41013897561836254,-0.0013991936273040511,-0.00010458739910765915,0.025972601565894354,0.013210641417104829,0.8039795164120938,0.6434526394344428,0.23149346356601652,0.10172453438931023,0.04799484689880772,0.007421149203602564,0.004882549553733978,0.0020513093728190867
20250515-2500156113,Positive,-43.1,-52.4,0.6297056412066917,0.6464740852621043,0.04798621510967211,0.6825796349329114,-0.003049883454168891,-6.105450651806852e-05,0.022695969028150416,0.010755992908217512,0.7476013525125763,0.62396977952672,0.12502601127203236,0.06684252656817918,0.04648178267868893,0.008892539196841328,0.001305365695382194,0.0018565178620682278
20250515-2500156113,Neutral,-15.7,-57.5,0.5277753203252851,0.4740280234039164,0.04555305830098423,0.519861159612072,0.0005951273228394733,-4.41703931984982e-06,0.012485881945576201,0.005136849264492089,4.726359983546333,0.4901144930974767,0.10388302327479482,0.031132890376329478,0.012025367161462311,0.006231593705240978,0.002151268973124362,0.0011544081541108924
20250515-2500156113,Negative,1.8,-33.5,0.39031428362465004,0.40883988352468903,0.05043794840783453,0.46646328769616563,0.0004451743261458174,6.9206286234660185e-06,0.021128459521880454,0.009499997467933528,4.189741318760021,0.6790812351144407,0.31151715479419445,0.08262142013880056,0.03810783898034676,0.011113776904888467,0.007051845001323979,0.0031192963613238846
20250515-2500185814,Rest,-41.3,-58.9,0.3603327143345294,0.41344277267482915,0.047171916039322546,0.46701910273175445,-0.0023453044526374864,6.786521989636051e-05,0.024588660399734636,0.014669930850486125,1.0656285441596596,0.053965317083610596,0.09708717911639222,0.03560979191702207,0.03052649820160451,0.015124117101483677,0.004194107164215017,0.003426971688512129
20250515-2500185814,Positive,-50.3,-58.0,0.48813219585051737,0.49289291169925786,0.03960681704228058,0.5315545498306388,-0.0005873688828099302,-0.0001773390370670958,0.04852658969217924,0.0362047967705302,0.6732626501495466,0.17170978591534253,0.0682805467018803,0.00927652232456091,0.011222136473864358,0.0014320382410866628,0.003769268086392224,0.0018089685581695423
20250515-2500185814,Neutral,-49.6,-59.7,0.48286315625147513,0.50942862739175,0.061706972873589214,0.5667667062203211,-0.0004423442140188641,5.3996884314472977e-05,0.018321645083306852,0.007667043596731201,8.313447550210396,0.2886531437515208,0.0890791802056054,0.01752317675474846,0.01706860990940549,0.0020728207746446748,0.0008683194892238735,0.00019678735561549595
20250515-2500185814,Negative,-33.3,-61.4,0.33958687807161836,0.3661368976456466,0.044791176349850054,0.4229035400270713,0.00027132526150781225,-0.0001046950341555468,0.022580848406626164,0.010653540996121834,12.690935927689267,1.1503396863039936,0.3434385316149111,0.2554558760916859,0.10188588910131127,0.05459829882017087,0.005384097839140353,0.005286885854867843
20250516-01254014,Rest,-18.8,-45.4,0.7606272467844786,0.6902214085900401,0.07063368127966371,0.7396210341490316,0.002773504406538758,-1.9559289161616537e-05,0.007517386733204631,0.0015378149261009771,1.924038143570668,0.198567326958649,0.029495057823063615,0.004906507142872961,0.0012388878177762457,0.0003623449103920789,0.00028539955454215605,8.230521917428471e-05
20250516-01254014,Positive,-14.9,-19.6,0.8264705302081324,0.6613151798434619,0.10804478377984904,0.738500203704264,0.003134149129433328,-9.571916734077522e-06,0.003041111369167284,0.0007404039284070813,3.2924633867642044,0.0009139099523117133,8.211516141479998e-05,4.494371070429239e-06,9.607666709867132e-06,4.0171918713038766e-06,1.1306897509904542e-06,5.198354473327795e-07
20250516-01254014,Neutral,-14.5,-17.0,0.6597976704954869,0.6371641919957829,0.06131108448077181,0.6835856142740356,-0.0012961956965108683,-5.413830391908511e-06,0.008597061860232584,0.007438034336485075,3.405008671656176,0.04349195963635145,0.003900090110773892,0.001200257292488251,0.0010045512179399526,0.00035017289510999366,4.727054835420102e-05,7.587015328267123e-05
20250516-01254014,Negative,5.6,-42.8,0.7506652548317152,0.6519890608861283,0.0833505214615371,0.713049968078474,0.001018991897395279,4.38747367155658e-05,0.011005814121757008,0.007245598415875774,3.9608876549922787,0.04080989632400722,0.01902576358003477,0.010875954756034686,0.0024825971518047194,0.0027284491499344667,0.005081026450084871,0.0036216521180073356
20250516-03077246,Rest,-43.0,-72.7,0.37810380351212775,0.41242234396233574,0.05971036596510231,0.4793772582888028,0.0021022303407257133,-7.466657172560824e-05,0.021682125945241777,0.010651005199260037,5.567976138077352,0.43192242627044214,0.05676104604384371,0.03413380270328212,0.0290060645572252,0.012434815914704647,0.002675920982472023,0.0029935609696076465
20250516-03077246,Positive,-44.6,-69.0,0.691386266401261,0.6306806120842613,0.0853651648541483,0.6950706433975806,-0.002449512196052984,1.5258721655559956e-05,0.02720725573712041,0.0114531757831581,3.109808154381433,0.29719149331962164,0.2585710561915249,0.044985242499709505,0.02276448598220535,0.009523782734008515,0.011260582063903346,0.004974554502172101
20250516-03077246,Neutral,-35.0,-72.8,0.40308535641306054,0.38531730077318677,0.02776590700411526,0.4198039176559096,8.600601698502511e-05,-5.311731411774204e-06,0.01710543062041773,0.007773071066303437,6.7163518687452735,0.5669200893535304,0.33237516914023385,0.22097840954812775,0.0544235592379291,0.00891608308676919,0.008488186373912828,0.004429177830789673
20250516-03077246,Negative,-37.7,-65.7,0.6427083844244106,0.5516897806035223,0.05283946830970838,0.5976630173702159,0.00015799672446557863,-1.593932977484682e-06,0.016655624794735056,0.007775384886080555,3.525419703014112,0.24629010610633736,0.1008413804290776,0.04191189830615673,0.011040140259319216,0.008573536000860301,0.0043175833302380425,0.0021025137001768495
20250516-05481897,Rest,13.0,-7.7,0.41802718886415413,0.42321207056933535,0.080267290675299,0.5092894534062954,-0.00022719934710311728,0.00023008631313326913,0.024176201384098726,0.017673241231268795,3.9930338456204146,0.033628788185300795,0.029084875035410525,0.017112039414150296,0.009274741162067553,0.007800947847788255,0.004445269139960596,0.0057046573807506785
20250516-05481897,Positive,2.4,-12.8,0.6032697968937999,0.6090141437652897,0.0630286025366106,0.6587312273171657,-0.0006657074781137513,-4.09196138531603e-06,0.022982143632894823,0.014220465817978877,2.7490305046175894,0.058108294902761204,0.10532936475131503,0.03383334224375417,0.034041370854017906,0.011299846430709738,0.007596105809694834,0.006149319032891693
20250516-05481897,Neutral,2.2,-25.0,0.24395487861580595,0.28982064435346777,0.030665645608944015,0.338617264034785,0.0006188385764241554,3.655746098590935e-05,0.017288070940326715,0.009402604682108977,2.070265708598199,0.05372067557540636,0.02804351964496833,0.020994553812177987,0.007499247518042196,0.005831550324975147,0.004188065930083902,0.003207145051385559
20250516-05481897,Negative,19.9,-6.0,0.34986518151130064,0.41943565891618406,0.06949795410752178,0.4954030945381501,0.0007981825603520004,-3.285235787490143e-05,0.019810473442190595,0.011607295114217984,3.964133121576176,0.11947085689815415,0.03345151422864887,0.028049302187658883,0.006250141296123874,0.0060839173350752005,0.0016851086940554254,0.002185507718196267
20250516-05884743,Rest,-0.9,-20.7,0.3825055351545026,0.3638697340974666,0.03887021274076706,0.41384948487696355,0.0009534606057499128,-0.00019965336456886776,0.08816092079515557,0.13762929298366308,1.210113691547716,0.7345092156869407,0.045572589949941365,0.0934062393384727,0.008865435855527725,0.05044836971580331,0.04304260544341503,0.016927246548544727
20250516-05884743,Positive,5.5,-27.2,0.44143512002672913,0.4890458280402524,0.05068913671044889,0.5383817963434732,0.0012600688983954932,-4.622417741387454e-05,0.07218094796149035,0.10490906366404047,0.5661121111036408,0.07008232224600819,0.13516914023611787,0.3330049634621462,0.018487636595090742,0.044115168284450834,0.34785416197947633,0.028697929815219937
20250516-05884743,Neutral,10.0,-8.5,0.31501731105507647,0.36149086812240816,0.048486500874854274,0.42327549965802,0.0002878348529663369,0.00014500575403863307,0.07502425378102612,0.12565264240102356,0.7010529560761277,0.14442826112210858,0.04945255721263084,0.03953103103120931,0.017309456461895592,0.0280607634905849,0.011010811481156381,0.013266824044981713
20250516-05884743,Negative,14.0,-5.7,0.3706693281936087,0.41681656274098683,0.04138494941053192,0.46381138018136525,-0.00042602048482256284,-1.8424273527430186e-05,0.05369220826580167,0.08565694425855537,2.2682840945923206,0.15657054423008154,0.12504199435643631,0.03235818720272408,0.030581051992228627,0.01740365623771071,0.007290458832607612,0.004868343745340696
20250516-2100751992,Rest,-32.5,-60.8,0.42604467380263783,0.42501757200888446,0.10022942649160604,0.5299710963891646,-0.0011705190063020297,-2.6297725923368285e-06,0.009803775219238442,0.004172735545607935,8.833768556591679,0.16709305112849895,0.011984958138225667,0.006718012820389562,0.0008510767527182516,0.0016651923922990333,0.00018300619876450381,0.00019689140307793066
20250516-2100751992,Positive,-38.6,-60.5,0.6203589447052098,0.5262865295462503,0.11327328530437747,0.624700565460136,0.002626908642191999,1.312444641512378e-05,0.008486521296483378,0.0026073783216635444,5.000755215391174,0.017274911270882917,0.0019099916173391219,0.0003518349002059371,0.00011240039669274539,4.077829647190396e-05,7.0555236209713e-06,5.8599959560744745e-06
20250516-2100751992,Neutral,-25.5,-63.0,0.9166531996737187,0.749797092835054,0.09062434759835182,0.8079727891595424,-0.0003992349073640065,1.1470819907194495e-05,0.005872654327833567,0.0027063251162042037,11.623719651840803,0.003914108941630522,0.0006151174279734918,0.00024289393582146486,7.76862614310432e-05,3.536975840421459e-05,3.708112912264269e-05,2.369470583213603e-05
20250516-2100751992,Negative,-49.1,-61.3,0.41497145513562617,0.45884348955561144,0.03551670151777422,0.4960383547925954,-0.0002905008542173696,-0.00011185653847626929,0.027520513743293687,0.013380183807478341,1.3811130215443688,0.16173942289123183,0.13664935361231367,0.05160679075066803,0.015722027275874448,0.010684306416566508,0.0022844618960800043,0.0020236562390439587
20250516-2500062844,Rest,-19.7,-41.2,0.754391253782935,0.6328051776500263,0.11679420707844326,0.7191916294973995,0.002527084410689481,5.490719739285164e-06,0.0029668363987362238,0.0008570744122374514,3.6707283297175515,0.000613655352556107,3.731860064892053e-05,6.809413074640862e-06,2.7367664883059146e-06,3.1703842124634842e-06,2.9131956298398144e-07,2.9015708581743403e-07
20250516-2500062844,Positive,-19.4,-21.1,0.29737491136171423,0.4271645256784095,0.09182823082123162,0.5237344392144669,-0.0009735250343064356,-2.8628996296504082e-05,0.017492741721126612,0.006756362207210123,3.4319914696820613,0.32053192387413104,0.03176113793931841,0.00951893052291023,0.003152289579955861,0.00152095063177877,0.0004876311886314492,0.0002913168950186829
20250516-2500062844,Neutral,-20.3,-36.4,0.429439320856132,0.45795921947531343,0.09585761331095498,0.5527967619418489,-0.001515450756188701,-5.061433522803048e-06,0.0035981446119264264,0.0009856879007939382,6.07807791499293,0.018939521185262386,0.0020780833568230382,0.00036418331367778814,0.00014983193271838726,9.657101804271697e-05,3.542444350902195e-05,3.7960061647711556e-05
20250516-2500062844,Negative,-33.3,-52.0,0.5694922579218604,0.5300373910491767,0.06227651986467597,0.5858465291993236,-0.0008153830136506372,-6.201594565219881e-06,0.01173194727068563,0.004691564655968899,15.920598191965006,0.74652849513099,0.1595530368643112,0.01859301682344275,0.010371336714472105,0.004341566804040456,0.0033927386005244316,0.0014511830840890608
20250516-2500114926,Rest,-3.9,-14.7,0.4427816571959905,0.4578775762827404,0.043665146397760764,0.5033060910224687,-0.0020392356522574316,3.798188964938509e-05,0.025618580294635488,0.016032085393988146,1.4195078072220533,0.5814213346264269,0.18518194629848928,0.06274648151860303,0.03981223668859547,0.01792640664806485,0.017272750846682304,0.016735357248828138
20250516-2500114926,Positive,-6.2,-12.8,0.48899230699329277,0.5275591409198878,0.05581989450092433,0.5780471794490951,0.0021299693606886623,9.875878076578324e-05,0.02098377435544863,0.01196043000097543,1.2978593715834643,0.6137885612285505,0.029574795171797015,0.0507640516708182,0.04932027805311456,0.014564843129154629,0.005432174858967729,0.0027159743674710834
20250516-2500114926,Neutral,-1.5,-17.2,0.4418702186292879,0.423256577229074,0.04409931321356508,0.4724885642862017,-0.00044576895938211653,1.0303184104701657e-06,0.02283476232657443,0.014396226447326889,8.32175139266655,0.3693430113918735,0.16060063218744847,0.12198026677243472,0.0293599488463825,0.022463623062861645,0.012984486480249824,0.015713656814030474
20250516-2500114926,Negative,13.8,-15.5,0.4517619745098779,0.5202575709915637,0.059359648971162006,0.5744802774205603,0.000997720827202125,4.610287971137829e-06,0.011595646488941739,0.006453463950034344,5.294506728564424,0.07815644844087029,0.01667748896693657,0.007311874563279543,0.00251073269625421,0.0018926342192810573,0.0008337595556097526,0.00030951491163844696
20250516-2500180252,Rest,-11.0,-27.0,0.31148717442735674,0.41649687755564935,0.0804084957435429,0.5038632202861689,-0.0002560168738738268,5.6814095863927136e-05,0.019003310221576176,0.010445547869316731,4.383582715187312,0.1631434702156106,0.08770300439328368,0.012607039638013726,0.022994505934532877,0.003063401048699262,0.005540891634523296,0.0024999791714674117
20250516-2500180252,Positive,-16.9,-27.5,0.33889012488741693,0.37292925407651994,0.04843761827309754,0.4330286905265829,0.0014480244754031377,-9.425784084230505e-06,0.03460944893831157,0.019735536190545796,3.9482195782060505,0.41582806298514013,0.4627196956005347,0.23644452006421285,0.03471407468919411,0.06757377515315466,0.006857500174615757,0.012300027862711045
20250516-2500180252,Neutral,-15.7,-27.9,0.5208544179190067,0.5175450471756149,0.061522325565751296,0.5739121896438172,-0.0005204846136349202,-3.3992803858352654e-05,0.026651280914959954,0.014463360233051056,8.308334550966977,0.2723894021857585,0.2348039165589841,0.049573498669391564,0.03184486711212304,0.007887200304971935,0.0045106566184688465,0.0017556513917675039
20250516-2500180252,Negative,-5.6,-35.1,0.6147456442049054,0.5226951141758892,0.05902437187381052,0.5763979131269964,0.0015172620575502024,9.294237889373738e-05,0.020983669437513355,0.01182296787183498,2.7031631965590224,0.12605095188934964,0.07741854531734549,0.08206892722235079,0.02713344286162668,0.020074769814400047,0.003252210184236286,0.0030452951458749995
20250516-2500198980,Rest,1.6,-12.1,0.379160696966707,0.40254083240442623,0.04301678158564813,0.45283098760850776,-0.0002559136616231099,0.00046947154373316765,0.03792908328865071,0.020083681445073453,2.7206241125489394,0.6558546569734337,0.40665530328002175,0.11204034950862428,0.09443115707234978,0.036061850728898226,0.02124139666297254,0.009762468057926587
20250516-2500198980,Positive,0.6,-12.8,0.312453951927187,0.376119041615138,0.032465288343345534,0.41705014303898214,2.3406733226308658e-05,0.00010839000820334364,0.046534143307501954,0.029309324732023984,1.789365558912405,0.33913443995247694,0.4254865440392565,0.1855671604180937,0.06422601003855191,0.04488943667331354,0.02252732058015507,0.027302469759962353
20250516-2500198980,Neutral,4.5,-12.0,0.47490798388671734,0.45632613064891525,0.021737508787319705,0.4795529650625993,0.0009181756350029548,-3.818488837428247e-06,0.03449697871344294,0.0219569593774321,0.8383474240192361,0.46318345376507,0.3631272352511818,0.3004342554357308,0.17054357080799007,0.06118473490575279,0.03291747764986443,0.020652543646988437
20250516-2500198980,Negative,2.8,-9.6,0.34641363628352506,0.4041288644413081,0.034374752533030545,0.4446289369886442,-0.00048684383721597297,7.036010330099197e-06,0.039220327448072474,0.029687154529962706,2.876729744204056,0.8135637927643271,0.3095899493439019,0.19934643241932312,0.09315770395123679,0.062219878002051865,0.0442556276920388,0.07637884195548929
20250516-2500295811,Rest,-9.4,-32.7,0.578127340954953,0.5206462699973837,0.05004790967173806,0.5666749051563221,-0.0017314965452595724,1.2342138601691469e-05,0.030899140778379824,0.01386255038232527,3.4361894685930365,0.15550830807874008,0.11389673743121631,0.02738656074947414,0.01666679366724815,0.01073959242867097,0.002236878026673745,0.0025505927737680587
20250516-2500295811,Positive,-14.6,-31.9,0.611949361756658,0.5405755550322736,0.12068949799052944,0.642581845906792,0.0018228483548747816,2.4064725091424185e-05,0.0064355676275788505,0.001698308247390175,5.6722234582570055,0.010209875143486032,0.002458730160502039,0.00022343520469630756,3.5293736644321526e-05,4.533072570023014e-06,1.1085082713095823e-05,9.131705482617938e-06
20250516-2500295811,Neutral,7.2,-37.6,0.3784160345370302,0.3770435386690922,0.03508257755171245,0.42100404701596833,3.8362346867730864e-05,5.570526003387894e-06,0.016669841974576813,0.008608676144001055,4.687091289809327,0.24458036327554844,0.057549211410883774,0.011224495837270367,0.010251433075710204,0.004848861666880384,0.00371493576179743,0.0009071637464627244
20250516-2500295811,Negative,1.4,-23.3,0.35551639468214685,0.4159668047171102,0.037529320970668106,0.45886567053684735,0.0002488383988123486,-2.034141842025179e-05,0.03377369007343706,0.018199821561190238,2.3692076729191434,0.7642910146816164,0.26606739500088655,0.1300309698666435,0.046347291989184525,0.030596722488984072,0.02227021229844247,0.009141692527568827
20250516-2500334705,Rest,-24.8,-36.4,0.6821537533509296,0.6075971942521011,0.06961826415148695,0.6624142318930901,0.00023629555268727239,-1.607805880653617e-05,0.0127034287039462,0.003951390651081433,11.305808751231313,0.6018529586840833,0.030666238031381993,0.0019246390911744778,0.0012441865019330058,0.0014963675234184008,0.0002486584294879617,0.00022307834558053794
20250516-2500334705,Positive,-22.1,-25.6,0.7435711179414508,0.6851185478678131,0.09435892101651365,0.7508304373485499,0.0032130176674452088,-6.3542283182713204e-06,0.0036440719716831988,0.00364190854000267,2.1400161463763534,0.006366217126425468,0.0009661683117585174,0.0001939492411578791,0.00011663690122661528,3.041311921204285e-05,1.9112049671222982e-05,7.597076616645089e-06
20250516-2500334705,Neutral,-22.2,-34.7,0.9217625201172965,0.7285391060011104,0.093832486005547,0.7903174773332831,-0.0013053739724422726,-2.5004187279662437e-05,0.007991613875372955,0.0018778981688253923,7.1895259018144095,0.0828380229172399,0.00711586424882129,0.000546527314623277,0.00011680390114279636,3.302758566619471e-05,2.167954926491077e-05,1.523649793508987e-05
20250516-2500334705,Negative,-31.0,-40.0,0.2608884137996344,0.30254231243186575,0.06619704909405964,0.3971509787293496,-0.0019400718479832555,1.8644737002151036e-05,0.010489673749738965,0.0045212284386538385,1.958772305542866,0.22859845775230656,0.030335007754234557,0.006799573303508742,0.0019074142769912714,0.0023484088708752705,0.0005268875588508815,0.0004358608762450026
20250519-01795146,Rest,23.7,15.1,0.47326748748805053,0.5125272555377626,0.07371684777071995,0.5800008926198225,-0.0006122357263493078,-3.9801171904486564e-05,0.015033938567964812,0.007225696941688887,8.558213699563884,0.05788425857220209,0.05656815405490383,0.023011197320154376,0.007817973736157613,0.0025157769197989687,0.0006760884367847808,0.0006317601102997441
20250519-01795146,Positive,17.6,12.2,0.585744466893543,0.5302094677063524,0.03494836323787719,0.5622014255436664,-0.0029524360192821567,5.9953697077130285e-05,0.017616478971353256,0.010835414616681121,0.558316460591923,0.09136913596179559,0.005488179221262714,0.004622275461971425,0.0031395794626668883,0.0021968730063733795,0.0005580987402704399,0.0005832387271853262
20250519-01795146,Neutral,16.9,8.5,0.3691622477829253,0.427405255084559,0.056870521221686524,0.4894341358094912,-0.00010331542669556284,4.4198696057187826e-05,0.014057269398720505,0.00821361242660565,7.700406509193061,0.21089865839306704,0.0664123047694937,0.03488770420014637,0.01738021820610077,0.006575379362880473,0.005251745255916938,0.0028793972600156753
20250519-01795146,Negative,16.0,-8.2,0.20455923374358834,0.31214490222529634,0.06006459420413393,0.3968614798508086,-0.0005527870309374055,8.265377153175357e-06,0.021236516853891683,0.015043374627350536,7.602306705642545,0.6248843628689139,0.3471788597496673,0.1363392148846392,0.05900729724728822,0.025013683835729474,0.02068517019917708,0.014075193311466672
20250519-04476759,Rest,-36.6,-57.8,0.33236063089827017,0.3737234171567332,0.032115461364346745,0.4144691229701585,-0.0005542923913359058,-4.914283862898449e-06,0.023412681932970972,0.009812521488903457,2.7312711032275105,0.9350006472951934,0.8063461089720542,0.16826154581523506,0.06444921168959963,0.019417347284576766,0.012410572656902456,0.0064713449915846395
20250519-04476759,Positive,-43.0,-54.3,0.5989103243940512,0.545529207529446,0.08888418426582279,0.6216802236950505,0.0017176675127217177,1.7143358202600517e-05,0.024855009206755818,0.009711073088556203,3.392395668494628,0.7115184700289203,0.09279562417869033,0.01650436083685308,0.014266383143802085,0.011679398219875573,0.003459866194232066,0.0011695650077906314
20250519-04476759,Neutral,-41.3,-58.8,0.29486615304256375,0.3676459148241002,0.04712736696151686,0.42695536727902417,-0.00011670578642866334,1.1396121599723523e-05,0.021250543002616022,0.009956042270415901,9.989745320503937,0.6830402300678381,0.16104054447719818,0.06586601167710993,0.03760197480438449,0.009938421358766814,0.006630906523146272,0.005716566797807189
20250519-04476759,Negative,-24.8,-53.3,0.33398607550994125,0.3854214981722835,0.07774538508606747,0.47570486264009854,0.0006257600116224335,-7.001033841178403e-05,0.0133144815401284,0.006661119002629675,7.091914996130133,0.2409031432482893,0.1340049336970692,0.0344916215478434,0.012322118951185833,0.006192046691123523,0.002832643044057205,0.0017426592878788292
20250519-2100380863,Rest,-11.0,-19.7,0.6087398474340622,0.6052093750230748,0.06938246821176232,0.6600461012895866,7.818989393283363e-05,0.00023125220038673668,0.033938862264801584,0.023283878062136536,6.251185951789942,0.40949619728741227,0.19486590833893214,0.12771682866623338,0.024226065235404708,0.03686367310386814,0.038464485173418175,0.012525126701761438
20250519-2100380863,Positive,-11.1,-26.5,0.4125269555852711,0.46424461037678777,0.06511543877229048,0.5297532416476429,-0.0012007991383224895,-1.8881718891943212e-07,0.02721035478732333,0.017566879333953216,6.843601956528266,0.12592397983826592,0.0817385358116261,0.024779444117891413,0.02408564658564449,0.005369858417278873,0.0023363742774484423,0.006090183802568421
20250519-2100380863,Neutral,-7.0,-22.9,0.46405987524853953,0.47728956049533255,0.055890100104981445,0.5326306644034018,0.0007611015775717556,6.921597070720301e-07,0.020625749551851195,0.014602674005696717,10.165113635069003,0.4803760644671222,0.18258835770024623,0.05475166993468981,0.017236882088878393,0.014385417312678157,0.013662440384272789,0.007068711758741412
20250519-2100380863,Negative,-8.3,-18.1,0.5031326418689123,0.4967323866475653,0.04698583130549414,0.5419676145768125,0.0005192119096693184,-5.199658695013891e-05,0.028109751899281336,0.01823759830894043,9.18784673450986,1.2827598490182488,0.5019825007717017,0.25088098848076074,0.07448711198051869,0.06302583971722277,0.025817384451553033,0.03726935139290346
20250519-2300232466,Rest,-3.8,-25.6,0.4246324471125584,0.4508901169312447,0.05820140684197305,0.5113739379243379,0.001412620908402729,-0.00010161318079074582,0.023958699934208266,0.013087271574549274,5.53648909313727,0.14950270580175595,0.06271889431460222,0.07690249888464239,0.020323421679647624,0.005948809808945884,0.004460301907925283,0.0012179204973095529
20250519-2300232466,Positive,-2.6,-24.1,0.19388473083852947,0.3042313886653926,0.06965575609556593,0.40275612216928386,-0.0007901286534107827,2.7893013449273693e-05,0.02015021791017865,0.011397038546949732,2.5037337265172352,0.16367532531585366,0.07195461368749764,0.04707785230153124,0.008207404643108707,0.004336211702004142,0.0016813053981661122,0.0018736923182278644
20250519-2300232466,Neutral,-8.2,-24.2,0.3071878526728977,0.36935910475240213,0.057015603023927865,0.43982013515461504,0.0003610903885221923,0.0001632693742628633,0.023022611695132898,0.012566288749683793,4.294460149271845,0.13090206987577885,0.09586353065379338,0.07455139709055683,0.04134810633616978,0.020614839044410686,0.0032958654105274114,0.006395387563080274
20250519-2300232466,Negative,2.2,-16.9,0.2029127961420918,0.27447576475715135,0.0449007404193904,0.3467530617866459,-0.0004558615297265738,1.2037108317303979e-05,0.013428929133894162,0.007174216635292718,3.3958253309715314,0.1461405230787224,0.08832352947129428,0.00858021445159723,0.005717636778979872,0.004397143322864801,0.0017497212624209538,0.0021666533196561546
20250519-2300896383,Rest,-28.1,-35.2,0.37910023047759156,0.44275239313872816,0.05715813018687877,0.5031777139509953,-0.0003275362497647216,0.0002209661504381839,0.03041747520589557,0.017048815275821715,4.256534374625889,0.26192605526937446,0.0910227240748389,0.12741945647957134,0.028331266928923786,0.02551364131566162,0.015371935358330707,0.001870232722336824
20250519-2300896383,Positive,-28.5,-35.8,0.47641533146400855,0.5211277395401278,0.05259351058909708,0.5693572090588652,-0.0007951319312161365,-0.0001268621999463022,0.02908736618147927,0.014987840321164908,4.214384412771628,0.6422382226716014,0.034195734082579816,0.02553311178145565,0.019362579539102195,0.009030703115627606,0.002113628857160928,0.001086918986254639
20250519-2300896383,Neutral,-30.9,-38.6,0.5553548090050912,0.5458369391766378,0.0558076867875439,0.5947652065792556,-0.0007321917357193028,-3.273477233645677e-05,0.03203998357867511,0.015493872278128373,4.505636691759001,1.7418276588077566,0.3697229262537211,0.2530279143350001,0.08846908338054447,0.018024001432092047,0.007910094501963477,0.005827191199582684
20250519-2300896383,Negative,-20.5,-39.8,0.5528442233422703,0.5113799147650759,0.0397304048652545,0.5488531881026025,0.0016410643193294952,0.00016040004015563413,0.018096508640295616,0.009850216522376512,2.9512405057303397,0.16881890957687679,0.21323275494210092,0.07752090827847666,0.020046907393021004,0.011606034129146722,0.0024475343906225173,0.0022436544595710803
20250519-2400661863,Rest,-14.0,-20.8,0.5203882534791213,0.5249212919749959,0.06243415419648871,0.581357477775239,0.001328442250445826,-3.655986600935021e-05,0.025616734731657265,0.01397291493247049,2.403875968539168,0.5274687773962972,0.32843901041553025,0.0561459345410036,0.0672658713797759,0.007162209071931796,0.006040997803669229,0.002367161028480683
20250519-2400661863,Positive,-12.6,-17.9,0.6721148342369085,0.5925333377183863,0.08209183417257188,0.6581698796513429,-0.0009128686658556903,-9.875509731112887e-05,0.02582718402638583,0.012573574443444303,2.7772010868626293,0.15933218878517547,0.14426325790858313,0.023742441043538565,0.020831450238417284,0.005022490969250238,0.0008510634877457726,0.0009832237749550275
20250519-2400661863,Neutral,-11.0,-22.5,0.4976879924021569,0.4862345751451159,0.05160250050456974,0.5366810622437884,0.0007737957297981816,7.502510916534706e-07,0.014019139540813953,0.007102347889247905,10.736007798539092,0.16184692910190876,0.06537737078942467,0.0426619514347621,0.010916762636826907,0.010668138114711925,0.0044240024972639165,0.003564081232349759
20250519-2400661863,Negative,-7.6,-14.1,0.4946761899238555,0.5050116640739778,0.02681664661045764,0.5308986979276046,0.0003986862956125728,-1.290835288326691e-05,0.030315591343272,0.01719075867684421,1.858053654361086,0.4595354493625604,0.4962766388319475,0.3396632541850533,0.06134294937381546,0.043690937125193514,0.031425330911249896,0.01550230242668169
20250519-2500307346,Rest,-18.9,-24.2,0.570925161374003,0.5060053240708831,0.05939490411825695,0.5616371534241091,-0.0030211480362537764,-0.00010435642180825444,0.012058218834293704,0.008561128355215063,6.493264218201123,0.21470882539164418,0.005726655615243244,0.0021459948690141905,0.0009295047016891539,0.00048220745909025313,0.0004262518411264034,0.00012390444282559123
20250519-2500307346,Positive,-20.9,-31.0,0.522802374192008,0.4972697604031224,0.054044422754517485,0.5489277159753333,-0.0014858414240183238,2.522336309156345e-05,0.014091539849550085,0.006547093825575774,2.052833609440898,0.16273401442198127,0.012888251907071014,0.0009843822620771484,0.0008868189949637715,0.0003311604687901929,8.86065188090541e-05,8.54876880073773e-05
20250519-2500307346,Neutral,-11.5,-29.0,0.36815046537485957,0.38530824230838373,0.03350839904190958,0.4265804034794446,0.000842005673189698,-2.1265289851582986e-05,0.014932942160644731,0.00758082870110945,4.168711445673293,0.2530525022604478,0.07218410680598591,0.014976513685536291,0.008361198527709238,0.0028890411828487146,0.0018142420941327198,0.0009986786686081565
20250519-2500307346,Negative,7.5,-20.1,0.6935357089732611,0.6310186104337768,0.05994076093205111,0.676849501474165,0.0014301752166680974,1.1325887698942928e-05,0.015089893284200968,0.008142118671879278,3.4293067723867927,0.33671601286161607,0.10342150585587637,0.02469112618471999,0.0070732605540369,0.00323237058899799,0.004124162651206709,0.0012544299555810534
20250519-2500317869,Rest,-12.7,-39.2,0.5506600411543574,0.5376040251352963,0.05087348906117105,0.5830022100325548,-0.00016892125508068763,-1.3569619050263211e-05,0.029755652962477074,0.016554362399368937,2.511439638090634,0.2912189700902707,0.13816424089187435,0.019131668910444117,0.0330139581132193,0.007336146928049554,0.006162822639106518,0.002245230803570274
20250519-2500317869,Positive,-17.0,-41.3,0.6822053986396706,0.6310463265336863,0.06043758692750587,0.6772422411214215,-0.0009173249669514812,-0.00010107646762496622,0.02599641660524428,0.013424332065419393,2.2928340105522023,0.10751298485810036,0.011956141228983728,0.00823052456616903,0.014674531093604087,0.00483496838566383,0.0012873448869937004,0.0004312815920277039
20250519-2500317869,Neutral,0.0,-40.2,0.7056351488892405,0.6246110229308524,0.06484783601526416,0.6745270683834638,0.0017593258734333094,0.00013765533073903206,0.020371491198390042,0.011039033962330313,7.105105474639727,0.4659753115140849,0.14698010237488654,0.12078202702119706,0.02550619972251247,0.008463948151350131,0.005686637347798309,0.0043058038147190504
20250519-2500317869,Negative,3.1,-24.4,0.32257814541135355,0.3419026512299035,0.0282560666298283,0.38099014363611206,-0.0013192612137203166,-8.088037846804635e-06,0.01925217919970028,0.01243951236332612,1.6289729320805055,0.21471450195511046,0.15523795997940534,0.12522492913588232,0.04209383323875739,0.016415605345399098,0.008537222473474219,0.004224797044286538
20250519-2500332974,Rest,12.5,-14.3,0.33346988211958006,0.42652850132695297,0.06489918063543086,0.4968156026934413,-0.0007760583892841967,-0.00046721834007966315,0.026065093083356815,0.01528196481513908,2.7357960240063752,0.6652904022541296,0.04265163599383403,0.012883691679969334,0.05357151629140073,0.02658775677183131,0.015986443675910393,0.0019289817707982197
20250519-2500332974,Positive,9.8,-15.0,0.420679343023004,0.4570029337789243,0.07186260856462591,0.5298247729647697,-0.0005305453683943518,-6.222031403496734e-05,0.0285701258965784,0.016242007496188513,5.345353895188391,0.13415443341285455,0.08976412120157015,0.035261218853538334,0.015491813403774996,0.018054007560680797,0.01734457746131968,0.003332590401711752
20250519-2500332974,Neutral,19.6,-15.4,0.2249134524685557,0.3136810012932514,0.06696863708079584,0.4066502276565606,0.0013900423675624097,4.654432025985003e-05,0.01835816901426509,0.010538602526598061,3.683355022622539,0.1240964711483686,0.055565856183718135,0.012205143687374425,0.014784019382717225,0.006217056396315354,0.004132131141021322,0.0010774821625498116
20250519-2500332974,Negative,19.5,-3.8,0.3703887520703271,0.3947240302862765,0.07679760092123276,0.48229105424699104,-0.0011878198957285442,-5.427729029868722e-05,0.02508423183968804,0.016165242480221657,6.5825921875710875,0.3210507164816739,0.0473748856736857,0.058975403158453794,0.04877165368741684,0.0490975630651473,0.013623138323111583,0.006456666016486775
20250519-2500345243,Rest,0.8,-11.2,0.7783274372162332,0.6550590552153249,0.06358552984122567,0.7019172997304026,-0.0015550946555554488,3.1108533028745214e-05,0.020392165421264492,0.013762591068148726,3.0355281627353734,0.09326030059930318,0.04868210061612624,0.020273942401212382,0.005797738093607469,0.0018367289057539134,0.0021393401323860214,0.0017148012884982858
20250519-2500345243,Positive,-5.6,-19.4,0.2734119160218022,0.3704220395248918,0.07635808616206687,0.46213696403539,-0.0029719198819479135,4.07711704013872e-05,0.027419273043458058,0.02200948685938729,1.5749627678695468,0.06163582274440722,0.021373709467529034,0.024664720766134383,0.012455853658916759,0.015269085564751043,0.006246893894586577,0.006037877168150718
20250519-2500345243,Neutral,-6.7,-19.8,0.41626991202605673,0.44086977425948404,0.038422666130778424,0.4824819416168722,-0.0002932269929589857,1.7434089830165362e-06,0.034992102305787726,0.02721569864684018,4.374710560209365,0.11832384605027868,0.16235023011092548,0.17524735405812436,0.03409887705671948,0.03756643262683243,0.05260851154379377,0.07403563101118847
20250519-2500345243,Negative,-7.5,-20.7,0.7408996983442441,0.6890324471248684,0.04386369425257241,0.7201592931035863,0.0016261263055268082,6.312085058292265e-05,0.02024429492998249,0.014136889606272794,2.501189624421026,0.06954218798057987,0.035715364646943,0.012923353501059767,0.014759718111410884,0.010761358809521272,0.0020869234759002056,0.0015309989091390052
20250520-03737264,Rest,-27.3,-45.3,0.1970196707732116,0.32051552754973117,0.0809845601197137,0.4286196023517779,-0.0025831902642471723,1.8838120062143314e-05,0.010647532902497847,0.0050059448190720515,2.9575458190843387,0.18279138417107402,0.05926631909389713,0.02288932221006358,0.0033845692108961764,0.0018574913869821173,0.0011440092894682557,0.0005799956613918719
20250520-03737264,Positive,-28.5,-43.4,0.7161603029761484,0.6040516202029658,0.09367031329423944,0.6771622207152933,0.0034170583734677087,1.0607646269287928e-05,0.004816568182352921,0.000986129159466307,3.2248432493852377,0.020677899304390703,0.0028020813692620833,0.00018174333892232244,2.9290305404956115e-05,1.2067723497938299e-05,2.4546038582436393e-06,2.7083898589337563e-07
20250520-03737264,Neutral,-23.8,-29.1,0.8285546887854054,0.758609954985752,0.051314690719627604,0.7917093876689302,0.00030590432645669134,-2.0367516092188394e-05,0.005006150898219942,0.0015414433215659661,5.308296255547609,0.008727194804816587,0.00040853621913189864,2.0976013035469484e-05,2.1433284521335013e-05,1.7763040329498312e-05,7.56127875617377e-06,3.149700229848591e-06
20250520-03737264,Negative,-28.0,-53.0,0.17056435435257616,0.32252477407246477,0.10506902183538167,0.45726496883740847,-0.0017096474273425141,8.067856106513686e-06,0.011380706951937701,0.00547777878412939,5.6516077838831995,0.2251735473974255,0.14363520301650995,0.0447992338329255,0.010799858288314068,0.0010069850821986983,0.0037486747049554686,0.0013338830626652672
20250520-04375870,Rest,13.6,3.1,0.4308414864565519,0.4821591691471905,0.08921161915791419,0.5671764130767633,-0.00033015516253983874,-2.0802152672782906e-05,0.028067350533998774,0.014523115875202027,5.09227746735171,0.2363735992654478,0.05676119451281948,0.008896232201907307,0.01156262160318989,0.001855543522935413,0.0016317865970783166,0.00037891546141064365
20250520-04375870,Positive,6.8,0.9,0.3941990161296668,0.3971400541379184,0.060121322290837546,0.46673498357366183,0.0006773329004785616,8.023598847513153e-05,0.03859425714434487,0.0400648938475355,3.3862370758743996,0.4005889399934351,0.06723827585964803,0.18461923577859662,0.022788206194008023,0.012804657402227158,0.0026086490037542393,0.003160363818831216
20250520-04375870,Neutral,10.2,-6.1,0.3196952308200782,0.31080074172522665,0.02788305464940911,0.35281745380063073,0.0005137362223390541,0.00015113681523493464,0.040687142838312054,0.05946728982371835,2.86041672575151,0.11375846985221459,0.04120078453530429,0.00848686343470697,0.005615612198101818,0.0037147843503196384,0.001942243798470624,0.0009021476200317907
20250520-04375870,Negative,18.9,-1.0,0.6184599484966242,0.5835117410411014,0.03865026623885744,0.6157403821186935,-2.343944327603198e-05,-5.108085014813011e-05,0.027981570334123296,0.02321258923155136,4.028160445326135,1.1331117839283837,0.29932409585380565,0.0736274042740999,0.08348244286902645,0.04379907931845827,0.013069498890203545,0.00965463723469726
20250520-2100770104,Rest,-32.7,-43.7,0.665118673588319,0.6343155645849116,0.03710495995754783,0.662918694435617,-0.0023429796710207292,-0.00010230397042929148,0.026858867525485573,0.012610127909790625,1.6366908693390094,0.37787678341252995,0.23696125286935432,0.018868859760175234,0.02493887914948601,0.002177075920494449,0.004960377165889609,0.0016460597584177137
20250520-2100770104,Positive,-30.7,-49.0,0.517498739918864,0.5257131955196221,0.038848790998215914,0.5614473750421035,0.001592620330247074,3.95933312630224e-05,0.027026067112417392,0.010138597095381608,2.1415190066913956,1.3722891084308761,0.11769625958137742,0.03302626586329065,0.03426454038233001,0.0023837790794100197,0.002124081573660446,0.0008312890129686605
20250520-2100770104,Neutral,-29.9,-51.1,0.40107575081241503,0.4821432733359395,0.04973736479149684,0.5312245295678574,0.0005982424433521233,-3.83074274796349e-06,0.016185701971105415,0.006157749982577789,10.002141457681237,1.1442464785261377,0.09671466123252738,0.02817022400495995,0.01628222675612387,0.0040874705877182406,0.0024016376637248467,0.001534372462190037
20250520-2100770104,Negative,-15.1,-39.2,0.5106158571362145,0.5080165078317611,0.05261057944272325,0.55739694264707,-0.0001825187817497242,-2.6401736230712154e-06,0.018751371879319995,0.007500821866513812,6.559688725645222,0.3911317689967343,0.09918076955155224,0.07766018130298724,0.011705568955051057,0.006617142605785342,0.0033353888500003625,0.0010382674897150257
20250520-2400302593,Rest,-10.2,-39.2,0.2613912342921255,0.26490099460309263,0.029209662028178086,0.31524942342514417,0.0002744525621068789,5.2100301867422585e-06,0.0458888134195101,0.04722496090701511,1.556951347362989,0.12486430639233916,0.12914585267258963,0.05864913979701518,0.060278687430425394,0.029334015878912493,0.029985243698295392,0.01842962607527193
20250520-2400302593,Positive,-30.8,-40.9,0.341733631773864,0.3143800833621311,0.030453311099547367,0.3595666112340353,0.00042043232489013985,3.584328405092104e-05,0.03740184535902562,0.029562272804417897,2.2356942099462134,0.5074675040925565,0.28691466383537373,0.19934960346972078,0.12387750311564033,0.0846020297828453,0.01915904024799906,0.0057084696698874
20250520-2400302593,Neutral,-29.2,-45.3,0.35969719302652686,0.3949726652500193,0.029151616113823612,0.4302964355052542,-0.0012664361577991233,-1.984298150257818e-05,0.023657677563522963,0.016425195952644193,3.229624691466055,0.5436202244693885,0.3358380117042457,0.1410675276898448,0.06961656171390933,0.027857883392127036,0.015534654327506102,0.009800980743192519
20250520-2400302593,Negative,58.9,-55.9,0.4918026054699908,0.3829962544176739,0.03655971140021159,0.42807223957899815,4.506301100047697e-05,0.00018009504951592604,0.03993750813356949,0.06383157241077987,2.7460179529048285,0.016212789118343132,0.01745027004363357,0.002588110557843361,0.004936299876192706,0.0019491685667300204,0.0024057816759929,0.0017371442481473663
20250520-2400314253,Rest,8.2,-6.8,0.47882970602967845,0.4812613479736771,0.08708364558143557,0.5645317800043469,-0.0004628297962225858,-2.928882575115178e-05,0.02077380678792271,0.015944501042742188,8.188749258071695,0.2422379691451533,0.055288697039878716,0.02459380875558951,0.014736636191908,0.010026178318411383,0.008600901667337112,0.007380766049494018
20250520-2400314253,Positive,-5.5,-17.6,0.6850883780604724,0.6538630942688605,0.07161218491011856,0.7065048697333709,-0.0027401194050892595,0.00012539952059971234,0.012523270454914102,0.0037530163690827904,2.482013392119794,0.007955073730960598,0.0011332015947654287,0.000339929665834216,0.0002097155378915773,0.0001597929747379047,7.341338036741748e-05,9.125848274423646e-05
20250520-2400314253,Neutral,-7.7,-35.9,0.49741257427205526,0.5118264914565117,0.09584517005449943,0.5981734927353285,-0.0012845202373006665,-5.223774275733048e-06,0.009152764604594016,0.005692384905279492,8.36078888078424,0.0707789358446782,0.03219599762884671,0.014633556582995593,0.008464490646571628,0.0019207432719005732,0.0023554477232775066,0.0021042422124476112
20250520-2400314253,Negative,-29.4,-48.1,0.2916954744430814,0.3436067750957343,0.07601843470294914,0.44054971410118937,-0.0012147041726279706,-3.1273407653529405e-06,0.01598576424217712,0.008888097180399245,3.6099250751395244,0.7764593997270297,0.10103940454137104,0.027503196946312206,0.003932304805343938,0.010134049678554538,0.00953686859239869,0.012000118467021648
20250520-2500296075,Rest,-24.8,-40.8,0.3924331737939803,0.4316374494829808,0.05945781846742283,0.4957506492820717,0.00039799476132056365,7.852830043645545e-06,0.02414144784360014,0.017794277363572125,1.6698276024100602,0.09681609484854323,0.2202528056026709,0.015049784268135497,0.022533013353724964,0.013217016514258202,0.008868463729600776,0.001668590609977477
20250520-2500296075,Positive,-29.7,-38.4,0.3743112079537454,0.4197277327443382,0.04990758414453906,0.4754776059702935,-0.0013646369601723525,0.00021532765421787483,0.0322675210921478,0.027276607260966007,5.29593927266535,0.6566563598862135,0.05308480589066555,0.03626872726998141,0.0233136068255281,0.005721882486092485,0.0057139324786502944,0.0074915533335440584
20250520-2500296075,Neutral,-31.5,-44.4,0.5651561695269747,0.5640767424449633,0.03174917439763471,0.5915502901402011,-0.0003758280912700793,-4.3930311949423894e-05,0.029298337373839637,0.02101169589760025,2.2197667392422646,0.3944859619574883,0.09064404609647173,0.03912366573991896,0.02020786922800502,0.00956114219828401,0.003258057037254221,0.0005866847686089021
20250520-2500296075,Negative,-1.4,-43.1,0.33310709561431817,0.3557822310804535,0.05718882000900693,0.42868381817091267,0.002183342160208539,1.6756196468965334e-05,0.018262378575342398,0.013298510219783772,2.76345502140602,0.1471797806347936,0.0736425562651337,0.039788898537408406,0.012038237170165089,0.019841105706184952,0.007621819417169068,0.0011497894909248834
20250520-2500309828,Rest,10.5,-18.4,0.5892721830694813,0.5468087521379109,0.03622689470705448,0.5789876562774665,0.0010456647817583735,9.590201792824466e-06,0.048511941766661446,0.056462233387697625,1.6002856889300818,0.6199229169466045,0.12136172186027881,0.052095146026490034,0.04423586135494952,0.058598534689675116,0.0409681591119685,0.033919145431356525
20250520-2500309828,Positive,-1.1,-26.1,0.6675060562361189,0.6180667986389639,0.045512684160634045,0.6538495635392376,-0.002565560161860174,3.6682408025187084e-06,0.04996679710048754,0.08298593417504944,0.7427912514224249,0.05221562684127878,0.03590074074837432,0.006201236923165343,0.011257871437010767,0.0039797417698801294,0.0021672248068289727,0.0009276854053990272
20250520-2500309828,Neutral,2.4,-32.8,0.4788355903021741,0.4485509193567187,0.030747424071728043,0.48160705074519583,0.000875441755588055,0.0001285903943524349,0.045569097931861806,0.07054637195017685,3.7202901453653885,0.2248466306410952,0.12818268319362694,0.09586394238330345,0.15557961131783327,0.07421166533328144,0.01562865833747218,0.007569791722118002
20250520-2500309828,Negative,22.0,-9.1,0.38686095776028734,0.399395151622532,0.03153915921068452,0.43709912645791205,0.0009042409223763481,-0.00010443564142956083,0.0408989584194583,0.05008311924312012,2.461437796153084,0.6798485643418413,0.39559841485456354,0.15415814591892932,0.025228044297913522,0.03871972367719578,0.0040404926108447954,0.016556954437856625
20250520-2500349058,Rest,-22.3,-44.0,0.3195418839811824,0.3882619986148843,0.06771044594286421,0.4673947213130339,-0.0007355900548926049,2.7427658902937928e-05,0.018872136325495555,0.008004565124839592,11.262307279266894,0.6908404944131254,0.15607743762492948,0.11461506068109009,0.03887630399818912,0.018782850273230164,0.011746938395204761,0.005153846926139966
20250520-2500349058,Positive,-19.3,-44.0,0.5234822029712868,0.5140319814817318,0.06261908224614134,0.5717061834825444,0.0020021616921521374,4.416598110431957e-06,0.017896701979285588,0.014454564838532153,4.403274697893733,0.09916506548625456,0.08865998893211649,0.007451933490747338,0.013905222301344377,0.0047551607431427535,0.003835985938512183,0.0039286958812305576
20250520-2500349058,Neutral,49.9,-19.2,0.442908792939878,0.4724927943153237,0.08378959464167604,0.5541110315826412,0.001893939393939394,-2.4576691610734225e-06,0.0003049626965641547,0.00016155966551870972,2.9805597464315596,2.870362829453833e-05,2.3276391369252688e-06,2.3523604957988494e-07,3.5920906590999724e-07,3.5686584192802136e-07,1.730926340417466e-07,6.765313443416865e-08
20250520-2500349058,Negative,54.6,-29.4,0.4907775637575694,0.4545563615736167,0.06453146922220994,0.5207234919506267,-0.001917996512475005,-2.7300154667150614e-05,0.03683083640855039,0.034896776394209815,1.5170354320316692,0.05012991461766574,0.017544217364456424,0.0054505189108275415,0.00473505895676309,0.0014585622724416262,0.0015991520994373444,0.0014979069317376712
20250521-210025016,Rest,-23.0,-33.2,0.6182263537546135,0.589295700814917,0.06861696839406084,0.644892542516197,-0.0004402242511970243,6.509691071739248e-05,0.03479399805785013,0.020221443808985246,2.520265020702017,1.8937391266206212,0.08158644845166131,0.10245279695561739,0.05235739119912719,0.05586770791104617,0.015198167697509427,0.005547771954516367
20250521-210025016,Positive,-24.0,-33.3,0.5112192763560081,0.4842810676548567,0.06021761196518605,0.5429049313223392,-0.001264605546375996,-2.1991297266127248e-05,0.04020410323800374,0.02302673851102,2.005694316268008,0.4450122568798274,0.35400824894922667,0.07326172720431523,0.03945910965033108,0.03102164446426653,0.01607247124275445,0.007522135681131701
20250521-210025016,Neutral,-30.0,-39.4,0.5586112778563146,0.5301847088184738,0.04692483303928671,0.5727308779035897,5.776056033422941e-08,8.179208611830961e-07,0.034199394851666697,0.019521838217224297,6.494569903627675,0.7490378364448589,0.2961341659271643,0.25121645078965915,0.07571491938624841,0.06148311307027982,0.012239425461168706,0.004743616850403028
20250521-210025016,Negative,-4.0,-23.5,0.6052141473348407,0.5957984777195285,0.03193685725779703,0.6220230568963698,0.0005526432452162023,-2.6544608044764524e-05,0.025387589217811087,0.014566094176359814,2.302611708347561,0.728230794749304,0.21135907262115583,0.05744353057378219,0.10953033798340436,0.04410797392225257,0.024320403357079245,0.00976046169865351
20250521-2300585794,Rest,28.4,-17.7,0.534836710646709,0.5149876053502022,0.08148806154386012,0.5888126146816114,0.002824858757062147,-2.06145120861188e-06,0.000444190587532032,0.00015773458813906667,1.8194434210596384,0.00020236721701675755,8.214867150668037e-06,3.565314033761566e-07,4.925397784267901e-07,1.335292507298724e-07,4.913279528626102e-08,1.9699611671793867e-08
20250521-2300585794,Positive,65.4,28.7,0.5538748716204746,0.5307520163743116,0.08679480240141935,0.607035835257538,0.003289473684210526,-3.0648359736165424e-06,0.0005245241482702131,0.00016733559314995077,1.8462107455418644,0.00011079244643307511,5.981722098974604e-06,3.480484789657925e-07,3.75532090302007e-07,5.895135558318926e-08,8.7167987835723e-09,3.391888939505763e-09
20250521-2300585794,Neutral,127.5,65.5,0.4433993417214594,0.47234222858314906,0.08266610691101059,0.5529677095580775,0.0018450184501845018,-2.265571632697936e-07,0.0003961610748119981,9.543060375770548e-05,3.04764807308531,0.00012972692827207703,8.449761337846586e-06,1.879966453385084e-07,4.5512908835307134e-07,8.995248501750334e-08,6.541624265798994e-08,1.4288703840246583e-08
20250521-2300585794,Negative,183.6,127.6,0.5625367637750434,0.5615705693985867,0.10238909878927735,0.6463362926557121,0.0019435093358601834,-2.7590825459822593e-06,0.000817175350199876,7.411393589767696e-05,3.6168232179841935,5.4609893270154756e-05,3.817265883573917e-06,1.2756754110816743e-06,2.365115202625683e-07,1.3356906401066138e-07,6.939184011253623e-08,2.711375592492236e-08
20250521-2500093452,Rest,-30.2,-42.2,0.3113896511469989,0.34666763934429007,0.0369244077237193,0.3963620313454129,-0.00040050172167107126,0.00022003178426676842,0.0785004952037586,0.09777045773312013,1.1053380419718435,0.6738369127315815,0.10075610225458592,0.19438343082871462,0.11068060441341579,0.048624482826352955,0.19394147481926832,0.07887920994172884
20250521-2500093452,Positive,-31.8,-41.5,0.43015678358562237,0.44909198217623597,0.0316321443064757,0.4830276935761099,0.0015867450029431011,0.0001909258416809043,0.0718724324128009,0.08658246237859712,0.12057834976982548,0.34486988652809725,0.21333270645390268,0.276857536843518,0.1805160901734241,0.15110498922925933,0.10380261145981952,0.21207741747261027
20250521-2500093452,Neutral,-29.2,-38.4,0.40662029623253615,0.42685463294386644,0.04143243958905507,0.4729030738478002,0.0014222914351809577,0.0001137295327523458,0.0693224265432328,0.08427946769649582,1.134009412307913,0.3411449468296208,0.14592523866793133,0.13834137106036176,0.12761685055344626,0.07362042485131376,0.056553713505124524,0.09821143083389333
20250521-2500093452,Negative,-8.2,-31.5,0.33922845671889545,0.40696190537815735,0.03913666059529579,0.45249823538254386,0.0007450152922069758,-5.5300518648259034e-05,0.0803067421314395,0.12651738064181675,2.459048330102839,0.25880366180927417,0.1659830887091237,0.07723613156074036,0.07332984587559203,0.050569807694303304,0.06782156456126213,0.06356020649930798
20250521-2500297154,Rest,14.8,6.8,0.4363014121475935,0.4243921944274748,0.04926187428334247,0.47892651730125574,-0.0009680890118519482,1.964921324075574e-05,0.030799629004912527,0.01786586476310828,0.9034442883296531,0.16256603000305697,0.12600534852279105,0.028393680132255125,0.02453742809480305,0.01568419118191716,0.008838391867022448,0.004684219518679345
20250521-2500297154,Positive,8.6,3.6,0.5282003723130517,0.5206500286893695,0.06323163557083204,0.5781938152082512,-0.00262286066619621,8.304714918789002e-07,0.03850760139314283,0.025566031731812038,3.6094311413884728,0.4539291230580732,0.16584014875970338,0.0685290737462207,0.03774689808014967,0.038760982726656276,0.0159815588557265,0.06242701400762324
20250521-2500297154,Neutral,11.9,2.7,0.5687397665630999,0.5430266661808475,0.0518294848935087,0.5888186860800142,0.0015654239855275786,6.58091475302223e-05,0.03235517953482029,0.022425709867969018,3.320359050196992,1.2341583652485015,0.21696231864128662,0.5569155400053829,0.08975035287199437,0.04551030054376765,0.041681318146058584,0.0540113015286671
20250521-2500297154,Negative,17.4,8.5,0.464108729723412,0.4871750295175069,0.03393784427168344,0.520842926089111,0.0005268497751306876,0.00015478753621245403,0.02953877071701855,0.017435901692927164,2.096325256106382,0.34446920964024846,0.14265401560703772,0.0798889920777075,0.02870036788656803,0.011626555880318046,0.013182371837759112,0.009127228030147453
20250521-2500358187,Rest,72.9,29.9,0.5135908587714996,0.4987825767624972,0.08408198890550858,0.576945446110241,0.002793296089385475,1.6600999063390576e-06,0.0005427278191547184,0.0002437598330004011,1.8638876916885057,0.00023149848476136073,1.574550663052672e-05,1.3095404789585074e-06,4.541059612956259e-07,5.251886291456047e-07,8.717001614155287e-08,9.438987088902552e-08
20250521-2500358187,Positive,120.4,73.1,0.5042386871646816,0.5004530154496231,0.08471859310049037,0.5789402506071858,0.002717391304347826,-2.5167658975684735e-06,0.000632149356904836,0.00039565977329438564,2.024752654772105,0.00015455204616007256,6.947279041958836e-06,2.040814557894167e-06,1.037289876015647e-06,3.715971992622319e-07,1.316984726516329e-07,7.81331063580725e-08
20250521-2500358187,Neutral,149.8,-8.8,0.8221652661777761,0.510158751559749,0.1782192633654381,0.6621791412891529,-0.0014288644163412743,-1.6520298379356626e-06,0.009072533399584916,0.0037607378664535583,25.508836663969216,0.36303252494740823,0.031020747784318844,0.004141677063800281,0.0008936237367796314,0.0007950087745162603,0.0006676107906846446,0.0004286685361580703
20250521-2500358187,Negative,133.2,9.9,0.5592082790646837,0.5227675295186313,0.10452818152510676,0.6146658209499857,0.0013175230566534915,-8.026681598312023e-08,0.005153370335397679,0.007189237588210551,7.450031569665321,0.02102082765031959,0.005954494593792394,0.003747774678621913,0.002803131835914891,0.0018042195922442726,0.001668867561326514,0.001368475434337757
20250522-02798356,Rest,-28.4,-46.1,0.3256128114697838,0.31843449403601604,0.04614090706348913,0.3841112261513098,-0.0026459546957163234,-1.244552715942409e-05,0.02678313160884257,0.01509433066383867,2.1184417618962326,0.8062268108379055,0.3019307515241431,0.07913844590472527,0.03281884966458589,0.012517245741278644,0.006864603181182653,0.007357553619225438
20250522-02798356,Positive,-20.5,-44.7,0.3995296618895171,0.37159309230211907,0.03495111112645396,0.41597179877138923,0.001179237262622553,-6.3306184937169686e-06,0.02694220948914346,0.018065086841034337,1.0295564464947988,0.061619885327901816,0.018239048526890594,0.008031051915441383,0.0023389584935019554,0.0003401015716229389,0.00010789471593273525,4.3581104481895536e-05
20250522-02798356,Neutral,-34.9,-48.7,0.6858120977126629,0.6418566775558361,0.06790654687920179,0.6927384364983787,-0.0017288586964944,2.3996042872468388e-05,0.005333050608956012,0.0015636101974627224,3.897734408802141,0.03686407976994794,0.003396689517370121,0.0009657645341504057,0.00034959317024667574,0.0001437411785278388,6.617188001835609e-05,5.975901255566617e-05
20250522-02798356,Negative,-8.3,-62.3,0.28589802572237316,0.4069849381933896,0.1004866586853911,0.5158714942712654,0.0013451009604939852,1.0296883192044158e-05,0.007841569325290388,0.003732100048062333,11.261966145602717,0.06164678031851936,0.009687377310073068,0.0178752492208025,0.00887561013025302,0.0021719118153301275,0.0008141073140358542,0.0019202047332432671
20250522-05708014,Rest,-25.7,-55.6,0.34553496502405534,0.37732661262644346,0.07425410468767317,0.46543471860597085,0.0022707032039139255,7.722474931400729e-06,0.010791279251200853,0.008849991889074421,1.837598422664842,0.046010221568533294,0.009677156698706531,0.0009222385902727143,0.0003791927320554722,0.0004246746087095461,0.00012382782125628064,0.0002297094137414427
20250522-05708014,Positive,-12.0,-32.8,0.49347399825260796,0.4748757830034413,0.0706472826950475,0.5442005990240906,-4.643970122095091e-05,-3.823805388373308e-06,0.03282951390807021,0.023515254581245294,4.548761413095928,0.5972920058905757,0.19129992217784425,0.08206580019581124,0.03920195143385406,0.017924974168371372,0.004997531517039731,0.0016678884546587733
20250522-05708014,Neutral,15.6,-25.5,0.49214010496095,0.4875538447175683,0.09173265544257464,0.5739698658827459,0.0034129692832764505,1.2355747053557186e-06,0.004445072010331797,0.002965311440792647,1.8852831024605827,0.0005011513461663269,2.160725097688967e-05,1.3739425372705596e-06,2.634159221228164e-06,1.9842332891275415e-06,1.6461862586580713e-06,8.792848593695762e-07
20250522-05708014,Negative,41.6,-8.2,0.7288699258864411,0.6940879967227654,0.05319077553218472,0.73140202537784,-0.002116326680139959,-3.470428616485262e-06,0.06338127127195925,0.08971789542578724,0.6343677724237172,0.0011195383668279608,0.00033466313763970363,0.00019304400043059872,0.00012625323218613447,8.900913151370826e-05,7.637060999116235e-05,6.942143732439503e-05
20250522-2500310369,Rest,-4.9,-44.2,0.3885512563302989,0.3897964734568547,0.03966718477850917,0.43773105384232175,0.0008124941331341901,-4.006700742973118e-06,0.02510471719044325,0.010683165812923917,4.119521941291386,0.2168028837620942,0.17380972524848115,0.24257719273662262,0.017306911925359207,0.0101899534621613,0.00941303038331999,0.0016281105949432183
20250522-2500310369,Positive,-14.8,-34.8,0.2948928712852236,0.33718861730398375,0.06523175890619329,0.42299872641128095,-0.0001219154528148932,8.72945389754258e-06,0.03280325685443983,0.02071408449897989,6.779957697743022,0.4593483977235645,0.26895758284746835,0.14106888362970563,0.02759295204267806,0.02908850525406794,0.041270947275373976,0.02067448819368456
20250522-2500310369,Neutral,-14.8,-40.5,0.2838180209508027,0.30268042835229125,0.022001676925214233,0.33707138506960327,0.00016516479993292787,-1.105433931877759e-06,0.036089063163252944,0.04473814967149244,1.7341301930808624,0.04760127016490799,0.03509733686814605,0.033862899144380655,0.01711093940828032,0.009701120753004812,0.012086270754032832,0.01392923284064589
20250522-2500310369,Negative,-28.0,-43.7,0.4023677205253905,0.4382867995099701,0.054680723219102056,0.49676558037347446,-0.000498026528232223,-5.788340324424326e-06,0.03800199257446877,0.02156053455233302,3.9761379902469245,1.2526432861897943,0.24170611946921136,0.20108980387952155,0.099120092080108,0.057110543880069475,0.03860011218311149,0.02108265968628322
20250522-2500325974,Rest,4.3,-57.4,0.38998088164191375,0.3701984744668334,0.03688330935239022,0.41704942135190753,0.0008890229381843507,-0.00012468780881976285,0.0629609521277496,0.07634530353000894,1.236924986282848,0.8591529273512124,0.5114467050614137,0.38569259283158924,0.2116462392633716,0.17101743813300185,0.11039104394075555,0.13264831162110666
20250522-2500325974,Positive,3.8,-49.3,0.5456842537486399,0.4583269931515247,0.048876932659788534,0.5088620297399936,-0.0021839851078811604,0.00012223045274985822,0.027337948724565714,0.02036987215769456,1.1339642754733523,0.21773748759742437,0.19865558040140613,0.08895105583913142,0.054543656174423784,0.03496033294789598,0.023809989788488604,0.022074418795456602
20250522-2500325974,Neutral,-15.9,-57.5,0.3610313328056977,0.37163030970395866,0.036280648281783304,0.41759997051298214,-0.00018730812534088008,-4.702658370855456e-06,0.02820667705449044,0.018074892535364782,3.369953534507159,0.427561822692521,0.10867614022533698,0.06503058318939153,0.022731979328633446,0.00847484509565804,0.005459635788691696,0.002554130985598563
20250522-2500325974,Negative,-33.1,-52.4,0.17935357299159452,0.23588556080966033,0.033773685262710275,0.29902455260596617,-0.0005381716327440604,1.684836614837794e-06,0.025415999522336252,0.01157509790990068,2.324483357188297,1.8280339342774077,0.3653955701277539,0.13116491067177227,0.010443060156775898,0.006775652679650116,0.0071158378728281655,0.003300434113490371
20250523-2400166412,Rest,-7.8,-12.6,0.37013499401475414,0.3835036476365175,0.06871735879107282,0.4645346128563371,0.0017172028345557452,0.0004006023566676553,0.053186405311296224,0.04142065129081967,4.772086700494657,0.4869895940889575,0.499607605470227,0.12802447270664588,0.11828443052447966,0.09630216189528841,0.04189533931885696,0.027448276678985084
20250523-2400166412,Positive,-6.3,-10.1,0.45865012615212986,0.4741937770289871,0.04903884977243277,0.5233532152814669,-0.0016847114259823275,-2.0514880521873222e-05,0.045636739977590726,0.0359304541116407,3.1847987758786585,0.9411371397105318,0.2817481122216446,0.04308603309056514,0.07593227547242179,0.07983134922709671,0.060259247189535695,0.02223469733910502
20250523-2400166412,Neutral,-7.1,-16.5,0.6796554301776241,0.5972224519981733,0.06377820181072175,0.6484233640002742,-0.0006939468295429221,-4.9993804476678775e-05,0.018914579570322235,0.01331310202776453,5.466621306746524,0.28366047077258144,0.0472255470066574,0.04719176736055486,0.024279399921556838,0.02205203589262749,0.007556156902950794,0.005178548752878221
20250523-2400166412,Negative,-7.6,-17.3,0.37594713451560496,0.3367788648569557,0.042525570528206116,0.394899448394836,-0.00026180573137602034,3.795294308784685e-05,0.020048164278731673,0.015014487520369236,7.05371987654954,0.45599648398602755,0.09226164750186072,0.0677151498920369,0.03283844515395009,0.028536436231051125,0.01579038186552736,0.014789793570434188
20250523-2500111388,Rest,-2.3,-16.7,0.2556929709603413,0.3630809722164618,0.0729677540179544,0.4525434193573093,-0.001542945564383113,-4.319270588003658e-05,0.015630085893585135,0.008897585449803184,3.1348531320483426,0.2244446042409062,0.10552420202642275,0.026170307068753087,0.012739402579145936,0.006565360634114071,0.0024191307642883837,0.0035213013900055757
20250523-2500111388,Positive,-11.9,-21.4,0.4478308785532994,0.45879544908272163,0.04329269740878472,0.5037717355189758,-0.004062090016644942,6.846123405023459e-05,0.010456003240968598,0.006003744797521841,0.49921110123284756,0.07125290447929311,0.012359144385737155,0.0029644015084815956,0.003759731801857217,0.0021059634904175076,0.0013611788542926225,0.0007197379390631011
20250523-2500111388,Neutral,-11.4,-22.2,0.30683371073638155,0.42615107468468183,0.05451973201317103,0.4859264043742429,0.0016988045256020469,2.706491740458842e-05,0.013363869921987154,0.007670079848987317,2.3269311640156,0.038756471560310264,0.03955045154909672,0.0294786055904278,0.008288759734476263,0.0016242674536210535,0.0013104983676201192,0.0005156866224999381
20250523-2500111388,Negative,3.4,-11.6,0.7132168241861246,0.6517715453703017,0.06391974971835133,0.6990893341145626,0.0011875062403369175,-7.005485828147694e-07,0.013690855151966053,0.00868069974870312,8.170665714997453,0.09709233799053352,0.04874741109935724,0.030936548340789207,0.011845262297184718,0.004062913848936747,0.004240547612296349,0.0029845876056187525
20250523-2500354885,Rest,-25.9,-38.9,0.8094984357615871,0.6810337862556379,0.08744667677526624,0.7424646084474036,0.002654504992861747,-1.0518913565827204e-06,0.004174359316740935,0.0010760516012228358,2.298324698957178,0.01718897211388383,0.0018085467647163225,0.00042743165069658053,0.00023165846611178213,0.00015330403910984359,0.00010706138162344171,6.914115994063082e-05
20250523-2500354885,Positive,-24.9,-27.7,0.4632404877370334,0.47149474533466856,0.09133428887522624,0.5600371271205421,0.002058499782829789,-6.412806941658275e-05,0.009640990964951399,0.004281893738903663,2.2063130126687795,0.01419621963920015,0.002563515736932771,5.1232723348194805e-05,6.498594661497068e-05,4.1935648105217034e-05,1.730210629893428e-05,1.682718102452722e-05
20250523-2500354885,Neutral,-20.1,-26.2,0.6980391715217393,0.636546223203252,0.06765652878138911,0.6876391663188722,0.0007277152195246104,-2.7192835732438233e-05,0.005664980368472954,0.0028344508726436115,2.5168088831125655,0.0121539680006078,0.0005888312013362069,2.6772642883027856e-05,0.00011193399623505528,5.4557973457538725e-05,4.2430475825750484e-05,2.4162249431692955e-05
20250523-2500354885,Negative,-4.9,-29.4,0.551410379479713,0.5035126806948476,0.054696205074594835,0.5551767508596757,0.0014056629834663704,-1.8192046924291848e-06,0.015513173463597827,0.007308074233886903,1.011356107403235,0.18470579071875248,0.06273211499173101,0.013676546166304097,0.0027885331468604406,0.0027513416176352706,0.0005888508246732927,0.0008953600816786688
20250523-2500359620,Rest,-10.2,-15.1,0.47593067304777115,0.4874327427877712,0.06645531304436281,0.5514036559417904,0.0006936193699190763,1.6140008619728698e-05,0.03409110214772374,0.02030768153649943,3.923090086834186,0.2949119091154101,0.12396609500590032,0.15598577282924841,0.06075323489357214,0.020179212704058678,0.008097516753023214,0.012679923165905459
20250523-2500359620,Positive,-12.8,-15.7,0.6236876497578203,0.601482037634757,0.05243610185870372,0.6435967242427225,0.0006004248369248338,1.4874512954827616e-05,0.03296140001760587,0.01720167221856531,3.4944663248895336,0.48699864628760114,0.3834762058550194,0.07927704535094993,0.016691495766427547,0.03378729546681841,0.009488788225148401,0.00730692105936152
20250523-2500359620,Neutral,-12.8,-21.0,0.35040203444145,0.3760373868005202,0.05492176956330479,0.44308677009708697,-0.0006931851766050956,-5.247905316613113e-06,0.015958332303481274,0.009813620493346126,5.269355626366134,0.11352098062720488,0.059025599740369826,0.03577457167912354,0.05965692429612472,0.00892941693100332,0.005240163577063981,0.0035984026989234097
20250523-2500359620,Negative,1.5,-7.7,0.5907591795823846,0.561108510428759,0.05175659370802949,0.6054744868147709,0.0006413246630153688,-4.272205310287288e-06,0.029850361191595447,0.019671062138340665,3.334609540108072,1.1999795471533796,0.6209157648727579,0.2614776492409541,0.13714258866847603,0.0743643506141778,0.05138917588495102,0.01546994684647325
20250526-03960661,Rest,105.7,48.1,0.4943237863846131,0.49561025718420154,0.08931261699339024,0.5787418630266697,0.0027624309392265192,-3.212025373998824e-07,0.000539029533571708,0.0007503993480116736,2.224829720979266,7.779818298317915e-05,5.183512016066642e-06,1.3514908180949304e-06,1.5676196009183065e-06,1.4860308863286694e-06,2.771936435698762e-07,6.444423026708254e-08
20250526-03960661,Positive,124.6,-11.4,0.042888249116672716,0.3360369836346192,0.17622763331182717,0.5377252901641139,-0.002848781873921218,-7.516267977326659e-06,0.043663893288405746,0.06295707266586288,9.708375217420475,0.5292590583035756,0.2029597003897443,0.10322158078726146,0.06514935462514805,0.04815563342187861,0.039851333965911215,0.03494099904978848
20250526-03960661,Neutral,-1.7,-10.4,0.433692948006545,0.4223736972103908,0.028210937333818412,0.45454425244303037,0.00045889473244526265,-5.156037049319901e-05,0.03265313762369625,0.03105645156231343,1.0609977006292672,0.5608545404813083,0.18786199425742411,0.0551712475721495,0.03707274986281012,0.009984623858977524,0.00961379221382134,0.0062549969747632255
20250526-03960661,Negative,29.8,-9.2,0.177131123547937,0.2892570502567108,0.06377351949238261,0.3839832816876223,3.4548111639772034e-05,8.819373808477522e-06,0.03636757080405601,0.0446171163055952,8.884320375793747,0.17091178037402835,0.041821110781463576,0.022821739677862204,0.024015567756594608,0.021057881968716777,0.01302720947990293,0.008219639362823421
20250526-2400007222,Rest,12.8,-9.0,0.3538383914959858,0.33432668971993806,0.025839225085346917,0.3709630177584265,-0.0005990100636996026,8.587579619809319e-05,0.039162882092571405,0.025367171007373394,1.3092787189541473,0.17764608489328348,0.0603878087240426,0.10978299017984645,0.060527220952964436,0.03708314236637504,0.02022679211766273,0.010369078641657842
20250526-2400007222,Positive,5.2,-10.0,0.4661949728991667,0.4645058723063441,0.04668332503924597,0.5122977946920362,0.0014812677697250592,1.8266778943189926e-05,0.046650865073251536,0.029996832863584736,2.670485969014719,0.9057994082960549,0.437073562312284,0.13129382170520806,0.13450665202183776,0.038708402148512136,0.024834723422505527,0.02139648529082944
20250526-2400007222,Neutral,3.5,-12.7,0.45394253407312174,0.4694987116234351,0.05349413782923789,0.5233767075876642,0.00013659030973406578,-0.00014253644969524544,0.0437359952921408,0.027261703232457392,2.967994287265365,1.5700225617820212,0.6162142153042243,0.18386308036723217,0.11819088811091552,0.10087428045506323,0.05249407710485805,0.02630173218236843
20250526-2400007222,Negative,8.9,-8.0,0.5614443821957781,0.5267688382123968,0.05213972801165927,0.5741298955143318,0.00020080276439096522,3.8889716327863535e-05,0.024380605208584396,0.011795484569040506,8.56000432049124,0.5524947828990218,0.6445067582304527,0.14785403550925838,0.07138961976242869,0.045076946714323204,0.023431381695278003,0.015951730589109425
20250526-2500078535,Rest,-42.5,-60.4,0.46950697378366796,0.48547252256361334,0.04755451512906756,0.5322011699473664,0.0005529536021183063,5.014136614438358e-05,0.025801087220427028,0.014998709825895422,1.6986448425180714,0.5107467777515042,0.12343261031835417,0.037583981276702205,0.010348459298665093,0.005039633701507843,0.0028204995235647738,0.001981518261706011
20250526-2500078535,Positive,-46.7,-55.9,0.5975796359699349,0.49897554956025275,0.10948492810861936,0.5987165666386521,0.0021326461041686136,-0.00011618424727297893,0.008142383355478486,0.0060462613456954695,3.263007137383166,0.02253203345555145,0.0004045098655707549,0.0011989137209907717,0.00039744662690534705,0.0002365193526532923,0.00011977763645319062,3.8367122551183835e-05
20250526-2500078535,Neutral,-39.8,-56.5,0.6176382551281832,0.5349118660389857,0.06780047787640177,0.5949211563776426,0.0015045309059975244,-2.376994790265501e-05,0.016519412304589202,0.012257830153025917,7.180190445625602,0.34348412822032337,0.1190999344674068,0.03233829779978731,0.019253419712155197,0.007251014690706134,0.004669888171338656,0.0038594737728992017
20250526-2500078535,Negative,-41.7,-49.9,0.23916119759658547,0.31119530208448487,0.05798138170919752,0.3934766800569652,-0.0011061118003900267,1.6741220619748007e-05,0.02067571141277162,0.014545417054284589,5.20763501858909,0.2687447800372369,0.04905666608984457,0.026338491359617043,0.016305982281878698,0.011822955238396037,0.010368235739295628,0.0038044836909437206
20250526-2500228202,Rest,1.7,-6.0,0.3908308139461878,0.3905821555287611,0.03934466341605501,0.43806287634716123,0.0018313022097681821,5.53833143101699e-05,0.03525445583059119,0.020774791508398536,1.2203526207078859,0.08172922014597842,0.043388140249751836,0.07760805757448291,0.0287518698510995,0.0561759627311172,0.0188488956728045,0.01546030907749872
20250526-2500228202,Positive,6.7,-6.3,0.3133981249445492,0.33976284084296743,0.04872546145410112,0.40517187645712127,0.0001368585011351974,1.1369953146049465e-06,0.026497113847112248,0.01225220375526314,4.1652621929891085,0.514524387656532,0.02374715269346155,0.04211763122700932,0.07027466200645482,0.0214313317732333,0.015150011818839881,0.012217763762020186
20250526-2500228202,Neutral,5.0,-7.6,0.30233551684663246,0.36315907171965084,0.043029970698621786,0.4182277873012509,0.0007561553943905656,2.6139141465878245e-05,0.02486967968396465,0.013451501089026126,3.293237376804277,0.5848650808890784,0.17344915016729834,0.0842750290398499,0.0588002315517233,0.017207028244121216,0.00787113889497528,0.004035846449343282
20250526-2500228202,Negative,3.8,-3.9,0.2855771554625203,0.393272634877781,0.07336944826638378,0.4775278144884298,-0.001175480801100082,-2.621212757092805e-05,0.015595173466616971,0.009747112566188513,3.3786921776321996,0.12602340871129783,0.12074971176664163,0.030887656589112644,0.01560289847857575,0.014923964222185906,0.006086147857019748,0.004655424057301315
20250526-2500336117,Rest,49.2,1.9,0.5104870126540715,0.5129883486427846,0.08136520834438979,0.5869601810920745,0.0034129692832764505,-6.930862800637338e-06,0.0014337397309433276,0.0014120636594436966,1.5025225415217989,0.0007997490324706806,3.8274586302752895e-05,2.3754946948518486e-05,9.859527225758316e-06,3.42902225105937e-06,3.1849405397117533e-06,9.655664995484147e-07
20250526-2500336117,Positive,105.1,49.4,0.5109167626558939,0.504904367954124,0.09248016896828369,0.5894137678638302,0.0029411764705882353,1.2515426238301085e-06,0.0013360834747923288,0.0016913526354330932,2.1722354723317676,0.00037660459060724264,5.4410416881732486e-05,0.00011708876509781547,0.00011689038298851909,0.00013202837578424472,9.742958245112041e-05,2.038934555381676e-05
20250526-2500336117,Neutral,183.6,105.3,0.6928976047018103,0.6446064999994465,0.10479259168225251,0.7213252605612734,0.0013200956661939402,-1.6466890903543946e-06,0.006496210875051818,0.007441258324839827,7.6584611725453495,0.004849347892500713,0.0008228154762841166,0.0007148418310820483,0.0004941742604489743,0.00017434399088576646,6.860725902855039e-05,0.00011642582766064485
20250526-2500356574,Rest,-6.2,-31.4,0.5926628701394265,0.5874192831164652,0.0946065323842096,0.6630746161340151,0.002202325044642921,1.6542430247033115e-05,0.01101287568452356,0.00711447244240557,2.433431161700533,0.11131573350237998,0.019730302984174268,0.007048168921139115,0.004392830529416175,0.0021260277556366452,0.0003321169244957375,0.0002770487253822245
20250526-2500356574,Positive,-6.2,-11.3,0.48929305354055075,0.5557523075159378,0.0725358429360994,0.6175730485095581,-0.003160108577908059,-0.0001425498086081736,0.01405239440443292,0.004300948184804994,5.9906451244045,0.1542010505680239,0.039184346215094465,0.005760582370132188,0.002158071482057277,0.002754001838860489,0.000545609156332031,0.0001593622751097804
20250526-2500356574,Neutral,-8.5,-35.8,0.7547748281245705,0.6763326693004521,0.06928009052839396,0.7257451137220757,-0.001707977436602658,9.442322794756941e-06,0.007113542300600416,0.0033538480901426095,6.918135413682447,0.025403469080929064,0.003935646601773639,0.000651583018251761,0.0014475202903383617,0.0013759420099565128,0.0008074854875110629,0.00013316293595587046
20250526-2500356574,Negative,7.8,-36.2,0.5468728000667147,0.581674247676774,0.039362113527434794,0.6145787532430452,0.001179249725032792,4.1525488063290086e-05,0.01596397079833896,0.007225374299580002,7.017647114577883,0.24983864182565085,0.163654355949789,0.07029591434492,0.01884871281448626,0.0025102529402077456,0.006674599314252702,0.0013454502026250456
20250527-2100744967,Rest,19.1,-22.0,0.5387141539116919,0.5200583918137089,0.07151396068162426,0.584786022043521,0.0018353535517949427,-2.7437765139489197e-05,0.03167006087199709,0.01580940314836505,3.7226344440130545,1.8702976987769675,0.303538739457865,0.08368413087807289,0.026667977766087626,0.016247800269079158,0.005209326214039763,0.010412786620747001
20250527-2100744967,Positive,9.4,-15.0,0.25911009081011127,0.29023112854570904,0.03813160351628173,0.3498081066716402,-0.0033389818396738274,-6.74796570134661e-05,0.0263543121079662,0.012190442175672856,0.6118723872604679,0.4663346263702648,0.19034931658305154,0.04431630205497517,0.014683318399952126,0.003996412654111201,0.0038144483849526225,0.0011246806610917426
20250527-2100744967,Neutral,14.5,-23.1,0.5346313115544468,0.5058822737431152,0.053980776639904436,0.5566845170537874,0.0011410296071234008,5.821875395623317e-05,0.026300970447881655,0.013485218026932814,6.941371883342348,0.4998617882207313,0.2057879500480654,0.26241291709236375,0.03457577118912467,0.011316125071247686,0.01716449132631319,0.00630547030075099
20250527-2100744967,Negative,18.6,-15.9,0.45910127844393633,0.48325305646706107,0.03549193672798604,0.5186766365595645,-0.0013073712700340638,0.00013230698009452464,0.026646697730840867,0.016133592377562633,2.4264826455707205,0.2965473704878545,0.2866675947584172,0.12235440565926195,0.07062249555239511,0.024660145288118662,0.007653600341228287,0.005552307141234068
20250527-2300317801,Rest,-20.0,-36.7,0.5435192047511248,0.5255229724970641,0.06913223036054664,0.5876279647725222,0.0011406567680048915,1.2404569034004038e-05,0.01807312235150518,0.009467142711316085,3.039100454989659,0.13012447270692706,0.023971051318037694,0.011878496247740287,0.006433610771397779,0.002926260740789922,0.0009075745598723729,0.000267132084468396
20250527-2300317801,Positive,-28.4,-36.1,0.5432289816975232,0.547860388385479,0.04287431529665241,0.5856836351295299,-0.0018304314330990644,4.3432873105159386e-05,0.04538322450939959,0.03635958881134405,2.089805245038052,0.440038689410209,0.04980921432558065,0.09896858009096703,0.047795530304165036,0.013931931906589173,0.008019796132183687,0.007243485331631163
20250527-2300317801,Neutral,-22.4,-36.6,0.3999903214852041,0.43845861058986363,0.060044504198301374,0.5022852350992362,0.0011024480077343713,1.5801166246979592e-05,0.027467234174848195,0.015966994560313204,4.870675408778252,0.3634104177205845,0.3012855562119738,0.06405578491119236,0.058319873101929716,0.051029800001354424,0.014821466184082805,0.014724449291619085
20250527-2300317801,Negative,-6.0,-32.5,0.40190955765380176,0.44725134916589726,0.040354810526353105,0.49029438081327065,0.0013893796094030192,2.808839072176591e-05,0.01902869009085036,0.012542538910407042,1.12389134630368,0.12530286589877482,0.0857396873894025,0.022738302173833623,0.00834493309448777,0.00865119240053101,0.006995764210173245,0.006993863439460092
20250527-2500137366,Rest,11.6,-8.9,0.5017417673461869,0.4955480391075309,0.07731592643551778,0.5682286384008085,0.003246753246753247,6.149596046614054e-06,0.0006263503029067587,0.00015576327238834813,1.5677206309307887,0.00021132953013255876,1.664934304270201e-05,1.5275907847187776e-06,1.973167862214575e-06,4.6496491730131656e-07,1.8941250808551893e-07,2.8099800832502963e-08
20250527-2500137366,Positive,17.1,1.6,0.6606693873383503,0.6016212891923477,0.06939003611717329,0.6567634366548093,0.0011522788317548562,-5.111680735392106e-06,0.025251289650031268,0.029671306075422312,1.4037369632073762,0.0006780913449009309,0.00015403708254297467,0.0004605954401606045,0.00033592480767773885,0.0010600137589140265,0.0012186132910580387,0.0007006323884051712
20250527-2500137366,Neutral,68.4,17.1,0.5029647944658034,0.4889817768900227,0.08454477196552589,0.5689006504619677,0.0017241379310344827,9.870578392736479e-07,0.00032568346622478323,0.0002683843803097609,3.359686302441658,7.075390720102667e-05,3.5688380633487257e-06,1.8133680724469798e-06,5.373521948437184e-07,2.3453626961299234e-07,3.7441219335150725e-08,7.549117823103727e-08
20250527-2500137366,Negative,123.1,68.5,0.5106748002430626,0.5043996717591698,0.08511743452250858,0.582697574555847,0.0016260162601626016,-5.978419822944215e-07,0.0003145531684816034,0.00015421467805498695,3.2247721716984383,4.296248988589953e-05,4.978014996562154e-06,5.865276107423496e-07,2.437791274904264e-07,4.1556464409624323e-07,1.751716236064418e-07,1.5048663080480367e-07
20250527-2500282200,Rest,-18.9,-28.2,0.5711958585917558,0.5267332674072221,0.056371498330617824,0.5777710907652839,0.0020530530478082634,-6.639250637434308e-05,0.018268644325562026,0.012819943849909575,1.9734424406537108,0.13579755819985065,0.10558359465745845,0.02476923027758307,0.021966146065266732,0.02807951468901113,0.005844396211070165,0.004218597903018747
20250527-2500282200,Positive,-19.6,-22.7,0.5817620990443726,0.5719125271484637,0.05348665215604065,0.6169040369987726,-0.00058774615433804,2.236467927419522e-05,0.047111849050199356,0.031183209127211065,1.4051007177976003,0.6954620367053063,0.4565704478958929,0.19462504031928068,0.1366602169736169,0.06890473411473962,0.02516242594603389,0.009307400003129617
20250527-2500282200,Neutral,-19.0,-25.1,0.5042581190337223,0.5324271543340523,0.05265844295287243,0.5797733329717133,0.0004283473209154381,1.3560264058028961e-05,0.028079128555282242,0.01751548967320441,8.025544792882426,0.1297865039411263,0.23604708009799866,0.26208772583583023,0.08233888137277941,0.013681775434373834,0.02474921488644224,0.009233449183671444
20250527-2500282200,Negative,-11.8,-20.0,0.6744603690802906,0.590865204193133,0.07223326161556821,0.649118595590791,0.002012648842316911,9.134229722948139e-06,0.014944558703513,0.008436566258536586,1.3199161891163653,0.2653660123687737,0.03985206455270123,0.042393884350555855,0.008101859723982745,0.003110898499062938,0.0069610786002159445,0.002886413319938976
20250527-2500335918,Rest,-23.1,-32.5,0.5450332654894534,0.5572842861390441,0.07310292962363868,0.6194099653711931,0.0028443467769699187,-1.2951197520940725e-06,0.02204100583230393,0.0125998804240295,0.8999973729697063,0.26823914441673086,0.07183349904354873,0.01165824531850506,0.013373757626896932,0.002417951598952125,0.00500268060905086,0.002113768676025603
20250527-2500335918,Positive,-19.7,-26.0,0.33784841435751406,0.3829024777017704,0.06283530110576749,0.45765664917700283,-0.0029008591234302755,2.971427589255975e-05,0.01965276765343253,0.012811343924534901,1.4235218075066984,0.050377552404949406,0.008881683811298058,0.003310178691896057,0.0019476007552912255,0.0004274305596198867,0.0001375657583326221,6.579537525059225e-05
20250527-2500335918,Neutral,-21.1,-26.7,0.5873277066880297,0.6083491736403065,0.033344704554525324,0.6351640903131797,-0.0006955649800859453,-1.346789938088215e-05,0.012592912847865515,0.005384721872717903,2.421388387293084,0.2139545502304525,0.021965920523981292,0.009995034154344665,0.0018631730674772765,0.0014271342727348246,0.0007864676573811316,0.0003932384604805301
20250527-2500335918,Negative,12.9,-20.3,0.5700352002902542,0.5582336613529766,0.03654227172387744,0.5900568552194163,0.000952398088901457,2.158150233481791e-05,0.018557751162761822,0.022196500504858066,1.4842040874709377,0.04584247567952236,0.02934272008142404,0.009179646508248795,0.0077980736149977714,0.006269971652226988,0.00120697265736343,0.0015522694935845823
