静息,正性,中性,负性
10:20:41,10:22:37,10:24:05,10:30:28
,,,
CTP266,88:4A:EA:8B:D1:E6,,
,,,
,,,
,,,
,,,
,,,
,,,
20250514,10:15:45,-49.7,
20250514,10:15:46,-50.1,
20250514,10:15:46,-50.3,
20250514,10:15:46,-50.5,
20250514,10:15:46,-50.9,
20250514,10:15:47,-51.1,
20250514,10:15:47,-51.5,
20250514,10:15:47,-51.7,
20250514,10:15:48,-52,
20250514,10:15:48,-52.2,
20250514,10:15:48,-52.5,
20250514,10:15:48,-52.8,
20250514,10:15:49,-53.1,
20250514,10:15:49,-53.6,
20250514,10:15:49,-53.9,
20250514,10:15:49,-54.2,
20250514,10:15:50,-54.5,
20250514,10:15:50,-54.6,
20250514,10:15:50,-54.9,
20250514,10:15:51,-55.1,
20250514,10:15:51,-55.4,
20250514,10:15:51,-55.4,
20250514,10:15:51,-55.7,
20250514,10:15:52,-55.8,
20250514,10:15:52,-56.1,
20250514,10:15:52,-56.2,
20250514,10:15:53,-56.4,
20250514,10:15:53,-56.7,
20250514,10:15:53,-56.8,
20250514,10:15:53,-57.1,
20250514,10:15:54,-57.2,
20250514,10:15:54,-57.5,
20250514,10:15:54,-57.8,
20250514,10:15:54,-58.1,
20250514,10:15:55,-58.3,
20250514,10:15:55,-58.6,
20250514,10:15:55,-58.8,
20250514,10:15:56,-59.1,
20250514,10:15:56,-59.4,
20250514,10:15:56,-59.6,
20250514,10:15:56,-59.7,
20250514,10:15:57,-59.9,
20250514,10:15:57,-60,
20250514,10:15:57,-60,
20250514,10:15:58,-60.2,
20250514,10:15:58,-60.3,
20250514,10:15:58,-60.5,
20250514,10:15:58,-60.5,
20250514,10:15:59,-60.6,
20250514,10:15:59,-60.9,
20250514,10:15:59,-61,
20250514,10:15:59,-61.1,
20250514,10:16:00,-61.3,
20250514,10:16:00,-61.3,
20250514,10:16:00,-61.4,
20250514,10:16:01,-61.7,
20250514,10:16:01,-62,
20250514,10:16:01,-62.2,
20250514,10:16:01,-62.6,
20250514,10:16:02,-62.9,
20250514,10:16:02,-63.1,
20250514,10:16:02,-63.1,
20250514,10:16:03,-63.1,
20250514,10:16:03,-63.1,
20250514,10:16:03,-63.2,
20250514,10:16:03,-63.3,
20250514,10:16:04,-63.1,
20250514,10:16:04,-63.2,
20250514,10:16:04,-63.3,
20250514,10:16:04,-63.5,
20250514,10:16:05,-63.6,
20250514,10:16:05,-63.8,
20250514,10:16:05,-63.9,
20250514,10:16:06,-64.1,
20250514,10:16:06,-64.3,
20250514,10:16:06,-64.2,
20250514,10:16:06,-64.1,
20250514,10:16:07,-64.2,
20250514,10:16:07,-64.1,
20250514,10:16:07,-64,
20250514,10:16:07,-64,
20250514,10:16:08,-64.1,
20250514,10:16:08,-64,
20250514,10:16:08,-64,
20250514,10:16:09,-64,
20250514,10:16:09,-64.1,
20250514,10:16:09,-64.2,
20250514,10:16:09,-64.3,
20250514,10:16:10,-64.4,
20250514,10:16:10,-64.1,
20250514,10:16:10,-64.1,
20250514,10:16:11,-64.2,
20250514,10:16:11,-64.5,
20250514,10:16:11,-64.6,
20250514,10:16:11,-64.6,
20250514,10:16:12,-64.8,
20250514,10:16:12,-64.9,
20250514,10:16:12,-65.1,
20250514,10:16:12,-65.2,
20250514,10:16:13,-65.3,
20250514,10:16:13,-65.5,
20250514,10:16:13,-65.4,
20250514,10:16:14,-65.5,
20250514,10:16:14,-65.5,
20250514,10:16:14,-65.6,
20250514,10:16:14,-65.6,
20250514,10:16:15,-65.6,
20250514,10:16:15,-65.6,
20250514,10:16:15,-65.6,
20250514,10:16:16,-65.7,
20250514,10:16:16,-65.7,
20250514,10:16:16,-65.7,
20250514,10:16:16,-65.7,
20250514,10:16:17,-65.7,
20250514,10:16:17,-65.7,
20250514,10:16:17,-65.7,
20250514,10:16:17,-65.8,
20250514,10:16:18,-65.8,
20250514,10:16:18,-65.8,
20250514,10:16:18,-65.6,
20250514,10:16:19,-65.7,
20250514,10:16:19,-65.7,
20250514,10:16:19,-65.7,
20250514,10:16:19,-65.8,
20250514,10:16:20,-65.7,
20250514,10:16:20,-65.6,
20250514,10:16:20,-65.6,
20250514,10:16:21,-65.6,
20250514,10:16:21,-65.6,
20250514,10:16:21,-65.6,
20250514,10:16:21,-65.6,
20250514,10:16:22,-65.6,
20250514,10:16:22,-65.5,
20250514,10:16:22,-65.6,
20250514,10:16:22,-65.5,
20250514,10:16:23,-65.5,
20250514,10:16:23,-65.5,
20250514,10:16:23,-65.5,
20250514,10:16:24,-65.4,
20250514,10:16:24,-65.5,
20250514,10:16:24,-65.4,
20250514,10:16:24,-65.4,
20250514,10:16:25,-65.5,
20250514,10:16:25,-65.4,
20250514,10:16:25,-65.3,
20250514,10:16:25,-65.3,
20250514,10:16:26,-65.4,
20250514,10:16:26,-65.4,
20250514,10:16:26,-65.5,
20250514,10:16:27,-65.4,
20250514,10:16:27,-65.4,
20250514,10:16:27,-65.3,
20250514,10:16:27,-65.3,
20250514,10:16:28,-65.2,
20250514,10:16:28,-65.2,
20250514,10:16:28,-65.1,
20250514,10:16:29,-65.1,
20250514,10:16:29,-65,
20250514,10:16:29,-64.9,
20250514,10:16:29,-64.9,
20250514,10:16:30,-64.8,
20250514,10:16:30,-64.8,
20250514,10:16:30,-64.8,
20250514,10:16:30,-64.8,
20250514,10:16:31,-64.8,
20250514,10:16:31,-64.9,
20250514,10:16:31,-65,
20250514,10:16:32,-65,
20250514,10:16:32,-65,
20250514,10:16:32,-65,
20250514,10:16:32,-65,
20250514,10:16:33,-64.9,
20250514,10:16:33,-64.9,
20250514,10:16:33,-64.8,
20250514,10:16:34,-64.9,
20250514,10:16:34,-64.8,
20250514,10:16:34,-64.8,
20250514,10:16:34,-64.8,
20250514,10:16:35,-64.9,
20250514,10:16:35,-65.1,
20250514,10:16:35,-65.3,
20250514,10:16:35,-65.4,
20250514,10:16:36,-65.4,
20250514,10:16:36,-65.4,
20250514,10:16:36,-65.4,
20250514,10:16:37,-65.3,
20250514,10:16:37,-65.3,
20250514,10:16:37,-65.2,
20250514,10:16:37,-65.2,
20250514,10:16:38,-65.2,
20250514,10:16:38,-65.1,
20250514,10:16:38,-65.1,
20250514,10:16:38,-65.1,
20250514,10:16:39,-65.2,
20250514,10:16:39,-65.1,
20250514,10:16:39,-65.2,
20250514,10:16:40,-65.2,
20250514,10:16:40,-65.2,
20250514,10:16:40,-65.2,
20250514,10:16:40,-65.2,
20250514,10:16:41,-65.3,
20250514,10:16:41,-65.3,
20250514,10:16:41,-65.3,
20250514,10:16:42,-65.3,
20250514,10:16:42,-65.2,
20250514,10:16:42,-65.3,
20250514,10:16:42,-65.3,
20250514,10:16:43,-65.3,
20250514,10:16:43,-65.2,
20250514,10:16:43,-65.2,
20250514,10:16:44,-65.3,
20250514,10:16:44,-65.2,
20250514,10:16:44,-65.2,
20250514,10:16:44,-65.2,
20250514,10:16:45,-65.1,
20250514,10:16:45,-65.1,
20250514,10:16:45,-65.1,
20250514,10:16:45,-65,
20250514,10:16:46,-65,
20250514,10:16:46,-65,
20250514,10:16:46,-65,
20250514,10:16:47,-65,
20250514,10:16:47,-64.9,
20250514,10:16:47,-64.8,
20250514,10:16:47,-64.8,
20250514,10:16:48,-64.8,
20250514,10:16:48,-64.7,
20250514,10:16:48,-64.7,
20250514,10:16:48,-64.6,
20250514,10:16:49,-64.6,
20250514,10:16:49,-64.6,
20250514,10:16:49,-64.6,
20250514,10:16:50,-64.5,
20250514,10:16:50,-64.4,
20250514,10:16:50,-64.4,
20250514,10:16:50,-64.3,
20250514,10:16:51,-64.3,
20250514,10:16:51,-64.2,
20250514,10:16:51,-64.2,
20250514,10:16:52,-64.2,
20250514,10:16:52,-64.1,
20250514,10:16:52,-64,
20250514,10:16:52,-64,
20250514,10:16:53,-63.9,
20250514,10:16:53,-63.9,
20250514,10:16:53,-63.9,
20250514,10:16:53,-63.8,
20250514,10:16:54,-63.8,
20250514,10:16:54,-63.6,
20250514,10:16:54,-63.7,
20250514,10:16:55,-63.5,
20250514,10:16:55,-63.7,
20250514,10:16:55,-64,
20250514,10:16:55,-64.5,
20250514,10:16:56,-64.7,
20250514,10:16:56,-64.8,
20250514,10:16:56,-65,
20250514,10:16:57,-64.9,
20250514,10:16:57,-64.9,
20250514,10:16:57,-64.8,
20250514,10:16:57,-64.9,
20250514,10:16:58,-64.8,
20250514,10:16:58,-64.8,
20250514,10:16:58,-64.8,
20250514,10:16:58,-64.8,
20250514,10:16:59,-64.9,
20250514,10:16:59,-64.9,
20250514,10:16:59,-64.9,
20250514,10:17:00,-64.9,
20250514,10:17:00,-64.9,
20250514,10:17:00,-65.1,
20250514,10:17:00,-65.6,
20250514,10:17:01,-65.8,
20250514,10:17:01,-66.1,
20250514,10:17:01,-66.3,
20250514,10:17:02,-66.1,
20250514,10:17:02,-65.8,
20250514,10:17:02,-65.8,
20250514,10:17:02,-65.6,
20250514,10:17:03,-65.7,
20250514,10:17:03,-65.2,
20250514,10:17:03,-65.2,
20250514,10:17:03,-65.3,
20250514,10:17:04,-65,
20250514,10:17:04,-64.8,
20250514,10:17:04,-64.7,
20250514,10:17:05,-64.6,
20250514,10:17:05,-64.5,
20250514,10:17:05,-64.5,
20250514,10:17:05,-64.6,
20250514,10:17:06,-64.6,
20250514,10:17:06,-64.7,
20250514,10:17:06,-64.8,
20250514,10:17:06,-64.6,
20250514,10:17:07,-64.8,
20250514,10:17:07,-64.8,
20250514,10:17:07,-64.9,
20250514,10:17:08,-65,
20250514,10:17:08,-65,
20250514,10:17:08,-65,
20250514,10:17:08,-64.9,
20250514,10:17:09,-65.2,
20250514,10:17:09,-65.2,
20250514,10:17:09,-65.1,
20250514,10:17:10,-64.8,
20250514,10:17:10,-64.8,
20250514,10:17:10,-64.7,
20250514,10:17:10,-64.4,
20250514,10:17:11,-64.4,
20250514,10:17:11,-64.2,
20250514,10:17:11,-64.1,
20250514,10:17:11,-64,
20250514,10:17:12,-64,
20250514,10:17:12,-64,
20250514,10:17:12,-64,
20250514,10:17:13,-63.9,
20250514,10:17:13,-63.9,
20250514,10:17:13,-63.9,
20250514,10:17:13,-63.9,
20250514,10:17:14,-63.9,
20250514,10:17:14,-63.9,
20250514,10:17:14,-63.9,
20250514,10:17:15,-63.9,
20250514,10:17:15,-63.9,
20250514,10:17:15,-63.9,
20250514,10:17:15,-63.8,
20250514,10:17:16,-63.7,
20250514,10:17:16,-63.7,
20250514,10:17:16,-63.6,
20250514,10:17:17,-63.6,
20250514,10:17:17,-63.5,
20250514,10:17:17,-63.5,
20250514,10:17:17,-63.4,
20250514,10:17:18,-63.3,
20250514,10:17:18,-63.3,
20250514,10:17:18,-63.2,
20250514,10:17:18,-63.2,
20250514,10:17:19,-63.1,
20250514,10:17:19,-63.1,
20250514,10:17:19,-63.1,
20250514,10:17:19,-63.1,
20250514,10:17:20,-63,
20250514,10:17:20,-63,
20250514,10:17:20,-63,
20250514,10:17:21,-63,
20250514,10:17:21,-62.9,
20250514,10:17:21,-62.9,
20250514,10:17:21,-62.9,
20250514,10:17:22,-62.8,
20250514,10:17:22,-62.8,
20250514,10:17:22,-62.8,
20250514,10:17:23,-62.8,
20250514,10:17:23,-62.7,
20250514,10:17:23,-62.7,
20250514,10:17:23,-62.6,
20250514,10:17:24,-62.6,
20250514,10:17:24,-62.8,
20250514,10:17:24,-62.8,
20250514,10:17:24,-62.9,
20250514,10:17:25,-63,
20250514,10:17:25,-63.1,
20250514,10:17:25,-63.1,
20250514,10:17:26,-63.2,
20250514,10:17:26,-63.2,
20250514,10:17:26,-63.3,
20250514,10:17:26,-63.3,
20250514,10:17:27,-63.3,
20250514,10:17:27,-63.2,
20250514,10:17:27,-63.3,
20250514,10:17:28,-63.3,
20250514,10:17:28,-63.3,
20250514,10:17:28,-63.3,
20250514,10:17:28,-63.4,
20250514,10:17:29,-63.5,
20250514,10:17:29,-63.4,
20250514,10:17:29,-63.5,
20250514,10:17:29,-63.7,
20250514,10:17:30,-63.9,
20250514,10:17:30,-64.1,
20250514,10:17:30,-64.4,
20250514,10:17:31,-64.4,
20250514,10:17:31,-64.5,
20250514,10:17:31,-64.5,
20250514,10:17:31,-64.5,
20250514,10:17:32,-64.4,
20250514,10:17:32,-64.5,
20250514,10:17:32,-64.4,
20250514,10:17:33,-64.4,
20250514,10:17:33,-64.4,
20250514,10:17:33,-64.6,
20250514,10:17:33,-64.9,
20250514,10:17:34,-65.3,
20250514,10:17:34,-65.4,
20250514,10:17:34,-65.2,
20250514,10:17:34,-64.8,
20250514,10:17:35,-64.3,
20250514,10:17:35,-64,
20250514,10:17:35,-63.7,
20250514,10:17:36,-63.5,
20250514,10:17:36,-63.4,
20250514,10:17:36,-63.3,
20250514,10:17:36,-63.3,
20250514,10:17:37,-63.4,
20250514,10:17:37,-63.5,
20250514,10:17:37,-63.6,
20250514,10:17:37,-63.7,
20250514,10:17:38,-63.8,
20250514,10:17:38,-63.9,
20250514,10:17:38,-63.9,
20250514,10:17:39,-64,
20250514,10:17:39,-64,
20250514,10:17:39,-64.1,
20250514,10:17:39,-64.1,
20250514,10:17:40,-64.2,
20250514,10:17:40,-64.2,
20250514,10:17:40,-64.2,
20250514,10:17:41,-64.3,
20250514,10:17:41,-64.2,
20250514,10:17:41,-64.3,
20250514,10:17:41,-64.4,
20250514,10:17:42,-64.4,
20250514,10:17:42,-64.5,
20250514,10:17:42,-64.4,
20250514,10:17:43,-64.4,
20250514,10:17:43,-64.4,
20250514,10:17:43,-64.4,
20250514,10:17:43,-64.4,
20250514,10:17:44,-64.4,
20250514,10:17:44,-64.3,
20250514,10:17:44,-64.2,
20250514,10:17:44,-64.3,
20250514,10:17:45,-64.1,
20250514,10:17:45,-64.2,
20250514,10:17:45,-64,
20250514,10:17:46,-64,
20250514,10:17:46,-64.1,
20250514,10:17:46,-64,
20250514,10:17:46,-64,
20250514,10:17:47,-63.9,
20250514,10:17:47,-63.9,
20250514,10:17:47,-63.9,
20250514,10:17:47,-63.9,
20250514,10:17:48,-63.9,
20250514,10:17:48,-63.9,
20250514,10:17:48,-64,
20250514,10:17:49,-64.3,
20250514,10:17:49,-64.5,
20250514,10:17:49,-64.8,
20250514,10:17:49,-64.8,
20250514,10:17:50,-65,
20250514,10:17:50,-64.9,
20250514,10:17:50,-65.1,
20250514,10:17:50,-65,
20250514,10:17:51,-65.1,
20250514,10:17:51,-65.1,
20250514,10:17:51,-65.1,
20250514,10:17:52,-65.1,
20250514,10:17:52,-65.1,
20250514,10:17:52,-65.1,
20250514,10:17:52,-65.2,
20250514,10:17:53,-65.1,
20250514,10:17:53,-65.2,
20250514,10:17:53,-65.3,
20250514,10:17:54,-65.3,
20250514,10:17:54,-65.3,
20250514,10:17:54,-65.4,
20250514,10:17:54,-65.3,
20250514,10:17:55,-65.2,
20250514,10:17:55,-65.3,
20250514,10:17:55,-65.3,
20250514,10:17:56,-65.3,
20250514,10:17:56,-65.4,
20250514,10:17:56,-65.3,
20250514,10:17:56,-65.3,
20250514,10:17:57,-65.4,
20250514,10:17:57,-65.3,
20250514,10:17:57,-65.2,
20250514,10:17:57,-65.2,
20250514,10:17:58,-65.2,
20250514,10:17:58,-65.2,
20250514,10:17:58,-65.2,
20250514,10:17:59,-65.1,
20250514,10:17:59,-65.2,
20250514,10:17:59,-65.2,
20250514,10:17:59,-65.2,
20250514,10:18:00,-65.3,
20250514,10:18:00,-65.3,
20250514,10:18:00,-65.3,
20250514,10:18:00,-65.4,
20250514,10:18:01,-65.4,
20250514,10:18:01,-65.4,
20250514,10:18:01,-65.3,
20250514,10:18:02,-65.3,
20250514,10:18:02,-65.3,
20250514,10:18:02,-65.4,
20250514,10:18:02,-65.3,
20250514,10:18:03,-65.3,
20250514,10:18:03,-65.2,
20250514,10:18:03,-65.3,
20250514,10:18:04,-65.2,
20250514,10:18:04,-65.3,
20250514,10:18:04,-65.3,
20250514,10:18:04,-65.1,
20250514,10:18:05,-65.2,
20250514,10:18:05,-65,
20250514,10:18:05,-64.9,
20250514,10:18:05,-64.9,
20250514,10:18:06,-64.9,
20250514,10:18:06,-64.9,
20250514,10:18:06,-64.8,
20250514,10:18:07,-64.8,
20250514,10:18:07,-64.8,
20250514,10:18:07,-64.8,
20250514,10:18:07,-64.8,
20250514,10:18:08,-64.7,
20250514,10:18:08,-64.6,
20250514,10:18:08,-64.6,
20250514,10:18:09,-64.5,
20250514,10:18:09,-64.5,
20250514,10:18:09,-64.4,
20250514,10:18:09,-64.3,
20250514,10:18:10,-64.3,
20250514,10:18:10,-64.3,
20250514,10:18:10,-64.2,
20250514,10:18:10,-64.1,
20250514,10:18:11,-64,
20250514,10:18:11,-63.9,
20250514,10:18:11,-63.9,
20250514,10:18:12,-63.8,
20250514,10:18:12,-63.8,
20250514,10:18:12,-63.7,
20250514,10:18:12,-63.7,
20250514,10:18:13,-63.7,
20250514,10:18:13,-63.8,
20250514,10:18:13,-63.9,
20250514,10:18:14,-63.9,
20250514,10:18:14,-63.9,
20250514,10:18:14,-63.9,
20250514,10:18:14,-63.9,
20250514,10:18:15,-63.9,
20250514,10:18:15,-63.9,
20250514,10:18:15,-63.9,
20250514,10:18:15,-63.9,
20250514,10:18:16,-63.9,
20250514,10:18:16,-63.9,
20250514,10:18:16,-63.9,
20250514,10:18:17,-63.9,
20250514,10:18:17,-63.8,
20250514,10:18:17,-63.9,
20250514,10:18:17,-63.9,
20250514,10:18:18,-63.9,
20250514,10:18:18,-63.9,
20250514,10:18:18,-63.9,
20250514,10:18:18,-63.9,
20250514,10:18:19,-63.9,
20250514,10:18:19,-63.9,
20250514,10:18:19,-63.9,
20250514,10:18:20,-63.9,
20250514,10:18:20,-63.9,
20250514,10:18:20,-63.9,
20250514,10:18:20,-63.9,
20250514,10:18:21,-63.9,
20250514,10:18:21,-64.1,
20250514,10:18:21,-64.3,
20250514,10:18:22,-64.7,
20250514,10:18:22,-64.9,
20250514,10:18:22,-65.1,
20250514,10:18:22,-65.3,
20250514,10:18:23,-65.4,
20250514,10:18:23,-65.4,
20250514,10:18:23,-65.5,
20250514,10:18:24,-65.5,
20250514,10:18:24,-65.6,
20250514,10:18:24,-65.6,
20250514,10:18:24,-65.7,
20250514,10:18:25,-65.7,
20250514,10:18:25,-65.8,
20250514,10:18:25,-65.9,
20250514,10:18:25,-65.9,
20250514,10:18:26,-66,
20250514,10:18:26,-66,
20250514,10:18:26,-66,
20250514,10:18:27,-66.2,
20250514,10:18:27,-66.3,
20250514,10:18:27,-66.5,
20250514,10:18:27,-66.5,
20250514,10:18:28,-66.6,
20250514,10:18:28,-66.7,
20250514,10:18:28,-66.7,
20250514,10:18:29,-66.8,
20250514,10:18:29,-66.8,
20250514,10:18:29,-66.9,
20250514,10:18:29,-66.9,
20250514,10:18:30,-66.9,
20250514,10:18:30,-67,
20250514,10:18:30,-67,
20250514,10:18:30,-66.9,
20250514,10:18:31,-67.1,
20250514,10:18:31,-67.2,
20250514,10:18:31,-67.2,
20250514,10:18:31,-67.2,
20250514,10:18:32,-67.2,
20250514,10:18:32,-67.3,
20250514,10:18:32,-67.3,
20250514,10:18:33,-67.3,
20250514,10:18:33,-67.3,
20250514,10:18:33,-67.2,
20250514,10:18:33,-67.2,
20250514,10:18:34,-67.2,
20250514,10:18:34,-67.3,
20250514,10:18:34,-67.3,
20250514,10:18:35,-67.1,
20250514,10:18:35,-67.1,
20250514,10:18:35,-67.3,
20250514,10:18:35,-67.3,
20250514,10:18:36,-67.3,
20250514,10:18:36,-67.3,
20250514,10:18:36,-67.3,
20250514,10:18:37,-67.3,
20250514,10:18:37,-67.1,
20250514,10:18:37,-67,
20250514,10:18:37,-67,
20250514,10:18:38,-67,
20250514,10:18:38,-67,
20250514,10:18:38,-67.1,
20250514,10:18:38,-67.1,
20250514,10:18:39,-67.2,
20250514,10:18:39,-67.3,
20250514,10:18:39,-67.2,
20250514,10:18:40,-67.2,
20250514,10:18:40,-67.2,
20250514,10:18:40,-67,
20250514,10:18:40,-67,
20250514,10:18:41,-67,
20250514,10:18:41,-67,
20250514,10:18:41,-66.8,
20250514,10:18:42,-66.8,
20250514,10:18:42,-66.8,
20250514,10:18:42,-66.7,
20250514,10:18:42,-66.7,
20250514,10:18:43,-66.6,
20250514,10:18:43,-66.5,
20250514,10:18:43,-66.5,
20250514,10:18:43,-66.4,
20250514,10:18:44,-66.3,
20250514,10:18:44,-66.3,
20250514,10:18:44,-66.1,
20250514,10:18:45,-66,
20250514,10:18:45,-65.9,
20250514,10:18:45,-65.8,
20250514,10:18:45,-65.7,
20250514,10:18:46,-65.6,
20250514,10:18:46,-65.6,
20250514,10:18:46,-65.6,
20250514,10:18:46,-65.6,
20250514,10:18:47,-65.6,
20250514,10:18:47,-65.6,
20250514,10:18:47,-65.5,
20250514,10:18:48,-65.5,
20250514,10:18:48,-65.5,
20250514,10:18:48,-65.6,
20250514,10:18:48,-65.7,
20250514,10:18:49,-66.1,
20250514,10:18:49,-66.5,
20250514,10:18:49,-66.6,
20250514,10:18:50,-66.9,
20250514,10:18:50,-66.9,
20250514,10:18:50,-66.8,
20250514,10:18:50,-66.5,
20250514,10:18:51,-66.4,
20250514,10:18:51,-66.3,
20250514,10:18:51,-66.1,
20250514,10:18:51,-66.1,
20250514,10:18:52,-66.1,
20250514,10:18:52,-66.2,
20250514,10:18:52,-66.2,
20250514,10:18:53,-66.3,
20250514,10:18:53,-66.4,
20250514,10:18:53,-66.5,
20250514,10:18:53,-66.5,
20250514,10:18:54,-66.5,
20250514,10:18:54,-66.5,
20250514,10:18:54,-66.6,
20250514,10:18:55,-66.6,
20250514,10:18:55,-66.8,
20250514,10:18:55,-66.9,
20250514,10:18:55,-67.2,
20250514,10:18:56,-67.3,
20250514,10:18:56,-67.6,
20250514,10:18:56,-67.8,
20250514,10:18:56,-67.7,
20250514,10:18:57,-67.6,
20250514,10:18:57,-67.3,
20250514,10:18:57,-66.8,
20250514,10:18:58,-66.5,
20250514,10:18:58,-66.3,
20250514,10:18:58,-66.2,
20250514,10:18:58,-66,
20250514,10:18:59,-66.1,
20250514,10:18:59,-66.1,
20250514,10:18:59,-66.2,
20250514,10:18:59,-66.2,
20250514,10:19:00,-66.4,
20250514,10:19:00,-66.5,
20250514,10:19:00,-66.5,
20250514,10:19:01,-66.5,
20250514,10:19:01,-66.6,
20250514,10:19:01,-66.6,
20250514,10:19:01,-66.6,
20250514,10:19:02,-66.5,
20250514,10:19:02,-66.5,
20250514,10:19:02,-66.5,
20250514,10:19:03,-66.5,
20250514,10:19:03,-66.5,
20250514,10:19:03,-66.5,
20250514,10:19:03,-66.5,
20250514,10:19:04,-66.5,
20250514,10:19:04,-66.5,
20250514,10:19:04,-66.4,
20250514,10:19:04,-66.2,
20250514,10:19:05,-66.2,
20250514,10:19:05,-66.2,
20250514,10:19:05,-66.1,
20250514,10:19:06,-66,
20250514,10:19:06,-66,
20250514,10:19:06,-66,
20250514,10:19:06,-65.9,
20250514,10:19:07,-66,
20250514,10:19:07,-65.9,
20250514,10:19:07,-66,
20250514,10:19:08,-66,
20250514,10:19:08,-66,
20250514,10:19:08,-66,
20250514,10:19:08,-66,
20250514,10:19:09,-66.1,
20250514,10:19:09,-66.1,
20250514,10:19:09,-66.2,
20250514,10:19:09,-66.3,
20250514,10:19:10,-66.4,
20250514,10:19:10,-66.4,
20250514,10:19:10,-66.5,
20250514,10:19:11,-66.5,
20250514,10:19:11,-66.4,
20250514,10:19:11,-66.5,
20250514,10:19:11,-66.5,
20250514,10:19:12,-66.5,
20250514,10:19:12,-66.5,
20250514,10:19:12,-66.5,
20250514,10:19:12,-66.6,
20250514,10:19:13,-66.6,
20250514,10:19:13,-66.7,
20250514,10:19:13,-66.6,
20250514,10:19:14,-66.6,
20250514,10:19:14,-66.6,
20250514,10:19:14,-66.7,
20250514,10:19:14,-66.7,
20250514,10:19:15,-66.6,
20250514,10:19:15,-66.7,
20250514,10:19:15,-66.7,
20250514,10:19:16,-66.8,
20250514,10:19:16,-67,
20250514,10:19:16,-67.1,
20250514,10:19:16,-67.3,
20250514,10:19:17,-67.4,
20250514,10:19:17,-67.4,
20250514,10:19:17,-67.4,
20250514,10:19:17,-67.5,
20250514,10:19:18,-67.5,
20250514,10:19:18,-67.4,
20250514,10:19:18,-67.4,
20250514,10:19:19,-67.3,
20250514,10:19:19,-67.3,
20250514,10:19:19,-67.3,
20250514,10:19:19,-67.3,
20250514,10:19:20,-67.3,
20250514,10:19:20,-67.3,
20250514,10:19:20,-67.2,
20250514,10:19:21,-67.3,
20250514,10:19:21,-67.3,
20250514,10:19:21,-67.4,
20250514,10:19:21,-67.4,
20250514,10:19:22,-67.5,
20250514,10:19:22,-67.4,
20250514,10:19:22,-67.4,
20250514,10:19:22,-67.4,
20250514,10:19:23,-67.5,
20250514,10:19:23,-67.5,
20250514,10:19:23,-67.4,
20250514,10:19:24,-67.5,
20250514,10:19:24,-67.6,
20250514,10:19:24,-67.7,
20250514,10:19:24,-67.9,
20250514,10:19:25,-67.9,
20250514,10:19:25,-67.9,
20250514,10:19:25,-68,
20250514,10:19:26,-68.1,
20250514,10:19:26,-68.2,
20250514,10:19:26,-68.5,
20250514,10:19:26,-68.9,
20250514,10:19:27,-68.7,
20250514,10:19:27,-68.1,
20250514,10:19:27,-67.2,
20250514,10:19:27,-66.5,
20250514,10:19:28,-66.1,
20250514,10:19:28,-65.6,
20250514,10:19:28,-65.4,
20250514,10:19:29,-65.4,
20250514,10:19:29,-65.3,
20250514,10:19:29,-65.5,
20250514,10:19:29,-65.6,
20250514,10:19:30,-65.8,
20250514,10:19:30,-66.1,
20250514,10:19:30,-66.3,
20250514,10:19:30,-66.5,
20250514,10:19:31,-66.8,
20250514,10:19:31,-67,
20250514,10:19:31,-67.3,
20250514,10:19:32,-67.5,
20250514,10:19:32,-67.7,
20250514,10:19:32,-67.9,
20250514,10:19:32,-68,
20250514,10:19:33,-68,
20250514,10:19:33,-68.1,
20250514,10:19:33,-68,
20250514,10:19:34,-68.1,
20250514,10:19:34,-68.1,
20250514,10:19:34,-68.2,
20250514,10:19:34,-68.2,
20250514,10:19:35,-68.3,
20250514,10:19:35,-68.4,
20250514,10:19:35,-68.5,
20250514,10:19:36,-68.4,
20250514,10:19:36,-68.5,
20250514,10:19:36,-68.6,
20250514,10:19:36,-68.5,
20250514,10:19:37,-68.5,
20250514,10:19:37,-68.5,
20250514,10:19:37,-68.5,
20250514,10:19:37,-68.5,
20250514,10:19:38,-68.6,
20250514,10:19:38,-68.6,
20250514,10:19:38,-68.6,
20250514,10:19:39,-68.7,
20250514,10:19:39,-68.8,
20250514,10:19:39,-68.7,
20250514,10:19:39,-68.7,
20250514,10:19:40,-68.6,
20250514,10:19:40,-68.5,
20250514,10:19:40,-68.5,
20250514,10:19:40,-68.4,
20250514,10:19:41,-68.5,
20250514,10:19:41,-68.4,
20250514,10:19:41,-68.3,
20250514,10:19:42,-68.3,
20250514,10:19:42,-68.3,
20250514,10:19:42,-68.3,
20250514,10:19:42,-68.3,
20250514,10:19:43,-68.5,
20250514,10:19:43,-68.6,
20250514,10:19:43,-68.7,
20250514,10:19:44,-68.8,
20250514,10:19:44,-68.8,
20250514,10:19:44,-68.7,
20250514,10:19:44,-68.6,
20250514,10:19:45,-68.5,
20250514,10:19:45,-68.5,
20250514,10:19:45,-68.5,
20250514,10:19:45,-68.5,
20250514,10:19:46,-68.5,
20250514,10:19:46,-68.6,
20250514,10:19:46,-68.6,
20250514,10:19:47,-68.7,
20250514,10:19:47,-68.6,
20250514,10:19:47,-68.5,
20250514,10:19:47,-68.3,
20250514,10:19:48,-68.2,
20250514,10:19:48,-68.2,
20250514,10:19:48,-68.2,
20250514,10:19:49,-68.2,
20250514,10:19:49,-68.1,
20250514,10:19:49,-68.1,
20250514,10:19:49,-68.1,
20250514,10:19:50,-68.1,
20250514,10:19:50,-68.1,
20250514,10:19:50,-68.2,
20250514,10:19:50,-68.2,
20250514,10:19:51,-68.2,
20250514,10:19:51,-68.2,
20250514,10:19:51,-68.2,
20250514,10:19:52,-68.1,
20250514,10:19:52,-67.9,
20250514,10:19:52,-67.8,
20250514,10:19:52,-67.8,
20250514,10:19:53,-67.8,
20250514,10:19:53,-67.9,
20250514,10:19:53,-67.9,
20250514,10:19:53,-67.9,
20250514,10:19:54,-67.9,
20250514,10:19:54,-67.9,
20250514,10:19:54,-67.9,
20250514,10:19:55,-67.9,
20250514,10:19:55,-67.9,
20250514,10:19:55,-68,
20250514,10:19:55,-67.9,
20250514,10:19:56,-68,
20250514,10:19:56,-67.9,
20250514,10:19:56,-68,
20250514,10:19:57,-68,
20250514,10:19:57,-68,
20250514,10:19:57,-67.9,
20250514,10:19:57,-68,
20250514,10:19:58,-68,
20250514,10:19:58,-68.1,
20250514,10:19:58,-68.2,
20250514,10:19:58,-68.3,
20250514,10:19:59,-68.5,
20250514,10:19:59,-68.7,
20250514,10:19:59,-68.9,
20250514,10:20:00,-68.9,
20250514,10:20:00,-68.9,
20250514,10:20:00,-68.8,
20250514,10:20:00,-68.8,
20250514,10:20:01,-68.8,
20250514,10:20:01,-68.7,
20250514,10:20:01,-68.7,
20250514,10:20:02,-68.7,
20250514,10:20:02,-68.7,
20250514,10:20:02,-68.7,
20250514,10:20:02,-68.7,
20250514,10:20:03,-68.8,
20250514,10:20:03,-68.7,
20250514,10:20:03,-68.7,
20250514,10:20:03,-68.7,
20250514,10:20:04,-68.8,
20250514,10:20:04,-68.8,
20250514,10:20:04,-68.9,
20250514,10:20:05,-69,
20250514,10:20:05,-69,
20250514,10:20:05,-69,
20250514,10:20:05,-69,
20250514,10:20:06,-69,
20250514,10:20:06,-69,
20250514,10:20:06,-69,
20250514,10:20:07,-69,
20250514,10:20:07,-69.1,
20250514,10:20:07,-69.1,
20250514,10:20:07,-69.1,
20250514,10:20:08,-69,
20250514,10:20:08,-69.1,
20250514,10:20:08,-69.1,
20250514,10:20:08,-69.1,
20250514,10:20:09,-69,
20250514,10:20:09,-69.1,
20250514,10:20:09,-69,
20250514,10:20:10,-69,
20250514,10:20:10,-69,
20250514,10:20:10,-69,
20250514,10:20:10,-69,
20250514,10:20:11,-69,
20250514,10:20:11,-69.1,
20250514,10:20:11,-69.1,
20250514,10:20:11,-69.3,
20250514,10:20:12,-69.4,
20250514,10:20:12,-69.6,
20250514,10:20:12,-69.8,
20250514,10:20:13,-69.9,
20250514,10:20:13,-69.9,
20250514,10:20:13,-70.2,
20250514,10:20:13,-70.3,
20250514,10:20:14,-70.5,
20250514,10:20:14,-70.6,
20250514,10:20:14,-70.6,
20250514,10:20:15,-70.5,
20250514,10:20:15,-70.4,
20250514,10:20:15,-70.5,
20250514,10:20:15,-70.3,
20250514,10:20:16,-70.3,
20250514,10:20:16,-70.3,
20250514,10:20:16,-70.2,
20250514,10:20:16,-70.2,
20250514,10:20:17,-70.3,
20250514,10:20:17,-70.3,
20250514,10:20:17,-70.4,
20250514,10:20:18,-70.5,
20250514,10:20:18,-70.6,
20250514,10:20:18,-70.8,
20250514,10:20:18,-70.9,
20250514,10:20:19,-70.8,
20250514,10:20:19,-71,
20250514,10:20:19,-71,
20250514,10:20:20,-70.9,
20250514,10:20:20,-70.9,
20250514,10:20:20,-70.8,
20250514,10:20:20,-71,
20250514,10:20:21,-71.4,
20250514,10:20:21,-71.8,
20250514,10:20:21,-71.7,
20250514,10:20:21,-70.9,
20250514,10:20:22,-70.1,
20250514,10:20:22,-68.9,
20250514,10:20:22,-67.9,
20250514,10:20:23,-67.1,
20250514,10:20:23,-66.5,
20250514,10:20:23,-65.8,
20250514,10:20:23,-65.7,
20250514,10:20:24,-65.2,
20250514,10:20:24,-64.9,
20250514,10:20:24,-64.7,
20250514,10:20:25,-64.5,
20250514,10:20:25,-64.5,
20250514,10:20:25,-64.5,
20250514,10:20:25,-64.6,
20250514,10:20:26,-64.8,
20250514,10:20:26,-64.9,
20250514,10:20:26,-65.1,
20250514,10:20:26,-65.3,
20250514,10:20:27,-65.6,
20250514,10:20:27,-65.8,
20250514,10:20:27,-65.8,
20250514,10:20:28,-66.1,
20250514,10:20:28,-66.2,
20250514,10:20:28,-66.4,
20250514,10:20:28,-66.5,
20250514,10:20:29,-66.6,
20250514,10:20:29,-66.7,
20250514,10:20:29,-66.8,
20250514,10:20:29,-66.9,
20250514,10:20:30,-67.1,
20250514,10:20:30,-67.3,
20250514,10:20:30,-67.3,
20250514,10:20:31,-67.6,
20250514,10:20:31,-67.6,
20250514,10:20:31,-67.8,
20250514,10:20:31,-67.7,
20250514,10:20:32,-67.8,
20250514,10:20:32,-67.8,
20250514,10:20:32,-67.9,
20250514,10:20:33,-68.1,
20250514,10:20:33,-68.1,
20250514,10:20:33,-68.2,
20250514,10:20:33,-68.3,
20250514,10:20:34,-68.3,
20250514,10:20:34,-68.4,
20250514,10:20:34,-68.3,
20250514,10:20:34,-68.4,
20250514,10:20:35,-68.3,
20250514,10:20:35,-68.4,
20250514,10:20:35,-68.3,
20250514,10:20:36,-68.3,
20250514,10:20:36,-68.3,
20250514,10:20:36,-68.3,
20250514,10:20:36,-68.3,
20250514,10:20:37,-68.3,
20250514,10:20:37,-68.5,
20250514,10:20:37,-69,
20250514,10:20:38,-69.6,
20250514,10:20:38,-69.8,
20250514,10:20:38,-69.1,
20250514,10:20:38,-67.9,
20250514,10:20:39,-66.5,
20250514,10:20:39,-65.4,
20250514,10:20:39,-64.3,
20250514,10:20:39,-63.3,
20250514,10:20:40,-62.4,
20250514,10:20:40,-61.9,
20250514,10:20:40,-61.4,
20250514,10:20:41,-61,
20250514,10:20:41,-60.7,
20250514,10:20:41,-60.6,
20250514,10:20:41,-60.7,
20250514,10:20:42,-60.8,
20250514,10:20:42,-60.9,
20250514,10:20:42,-61.2,
20250514,10:20:43,-61.4,
20250514,10:20:43,-61.7,
20250514,10:20:43,-62,
20250514,10:20:43,-62.2,
20250514,10:20:44,-62.5,
20250514,10:20:44,-62.8,
20250514,10:20:44,-63,
20250514,10:20:44,-63.1,
20250514,10:20:45,-63.3,
20250514,10:20:45,-63.6,
20250514,10:20:45,-63.9,
20250514,10:20:46,-64.3,
20250514,10:20:46,-64.4,
20250514,10:20:46,-64.5,
20250514,10:20:46,-64.6,
20250514,10:20:47,-64.7,
20250514,10:20:47,-64.7,
20250514,10:20:47,-64.5,
20250514,10:20:48,-64.2,
20250514,10:20:48,-63.9,
20250514,10:20:48,-63.4,
20250514,10:20:48,-63,
20250514,10:20:49,-62.7,
20250514,10:20:49,-62.3,
20250514,10:20:49,-62.2,
20250514,10:20:49,-62.1,
20250514,10:20:50,-62.1,
20250514,10:20:50,-62,
20250514,10:20:50,-62.1,
20250514,10:20:51,-62.2,
20250514,10:20:51,-62.2,
20250514,10:20:51,-62.2,
20250514,10:20:51,-62.2,
20250514,10:20:52,-62.3,
20250514,10:20:52,-62.4,
20250514,10:20:52,-62.4,
20250514,10:20:52,-62.5,
20250514,10:20:53,-62.6,
20250514,10:20:53,-62.7,
20250514,10:20:53,-62.9,
20250514,10:20:54,-63,
20250514,10:20:54,-63.1,
20250514,10:20:54,-63.1,
20250514,10:20:54,-63.1,
20250514,10:20:55,-63.2,
20250514,10:20:55,-63.3,
20250514,10:20:55,-63.4,
20250514,10:20:56,-63.5,
20250514,10:20:56,-63.6,
20250514,10:20:56,-63.7,
20250514,10:20:56,-63.9,
20250514,10:20:57,-64,
20250514,10:20:57,-64.3,
20250514,10:20:57,-64.5,
20250514,10:20:57,-64.7,
20250514,10:20:58,-64.8,
20250514,10:20:58,-64.8,
20250514,10:20:58,-64.9,
20250514,10:20:59,-65.2,
20250514,10:20:59,-65.5,
20250514,10:20:59,-65.6,
20250514,10:20:59,-65.7,
20250514,10:21:00,-65.7,
20250514,10:21:00,-65.7,
20250514,10:21:00,-65.6,
20250514,10:21:01,-65.6,
20250514,10:21:01,-65.6,
20250514,10:21:01,-65.6,
20250514,10:21:01,-65.6,
20250514,10:21:02,-65.7,
20250514,10:21:02,-65.8,
20250514,10:21:02,-66,
20250514,10:21:03,-66.1,
20250514,10:21:03,-66.2,
20250514,10:21:03,-66.3,
20250514,10:21:03,-66.5,
20250514,10:21:04,-66.5,
20250514,10:21:04,-66.6,
20250514,10:21:04,-66.7,
20250514,10:21:04,-66.9,
20250514,10:21:05,-66.9,
20250514,10:21:05,-67.1,
20250514,10:21:05,-67.2,
20250514,10:21:05,-67.3,
20250514,10:21:06,-67.3,
20250514,10:21:06,-67.4,
20250514,10:21:06,-67.5,
20250514,10:21:07,-67.6,
20250514,10:21:07,-67.7,
20250514,10:21:07,-67.9,
20250514,10:21:07,-68,
20250514,10:21:08,-68.1,
20250514,10:21:08,-68.2,
20250514,10:21:08,-68.3,
20250514,10:21:09,-68.5,
20250514,10:21:09,-68.8,
20250514,10:21:09,-69,
20250514,10:21:09,-69.3,
20250514,10:21:10,-69.5,
20250514,10:21:10,-69.7,
20250514,10:21:10,-69.8,
20250514,10:21:10,-69.8,
20250514,10:21:11,-69.9,
20250514,10:21:11,-69.8,
20250514,10:21:11,-69.9,
20250514,10:21:12,-69.9,
20250514,10:21:12,-69.9,
20250514,10:21:12,-69.9,
20250514,10:21:12,-70,
20250514,10:21:13,-70.1,
20250514,10:21:13,-70.6,
20250514,10:21:13,-71.3,
20250514,10:21:14,-71.5,
20250514,10:21:14,-70.6,
20250514,10:21:14,-69.1,
20250514,10:21:14,-67.9,
20250514,10:21:15,-66.7,
20250514,10:21:15,-65.8,
20250514,10:21:15,-65.1,
20250514,10:21:15,-64.5,
20250514,10:21:16,-64.1,
20250514,10:21:16,-63.9,
20250514,10:21:16,-63.9,
20250514,10:21:17,-63.9,
20250514,10:21:17,-64,
20250514,10:21:17,-64.3,
20250514,10:21:17,-64.6,
20250514,10:21:18,-64.8,
20250514,10:21:18,-65.2,
20250514,10:21:18,-65.6,
20250514,10:21:19,-65.8,
20250514,10:21:19,-66.1,
20250514,10:21:19,-66.4,
20250514,10:21:19,-66.6,
20250514,10:21:20,-66.9,
20250514,10:21:20,-67.1,
20250514,10:21:20,-67.3,
20250514,10:21:20,-67.5,
20250514,10:21:21,-67.7,
20250514,10:21:21,-68,
20250514,10:21:21,-68,
20250514,10:21:22,-68.2,
20250514,10:21:22,-68.4,
20250514,10:21:22,-68.6,
20250514,10:21:22,-68.8,
20250514,10:21:23,-68.9,
20250514,10:21:23,-69,
20250514,10:21:23,-69.1,
20250514,10:21:23,-69.3,
20250514,10:21:24,-69.3,
20250514,10:21:24,-69.5,
20250514,10:21:24,-69.5,
20250514,10:21:25,-69.7,
20250514,10:21:25,-69.6,
20250514,10:21:25,-69.8,
20250514,10:21:25,-69.9,
20250514,10:21:26,-70,
20250514,10:21:26,-70.1,
20250514,10:21:26,-70.2,
20250514,10:21:27,-70.3,
20250514,10:21:27,-70.4,
20250514,10:21:27,-70.5,
20250514,10:21:27,-70.6,
20250514,10:21:28,-70.7,
20250514,10:21:28,-71.1,
20250514,10:21:28,-71.6,
20250514,10:21:29,-71.9,
20250514,10:21:29,-71.9,
20250514,10:21:29,-71.6,
20250514,10:21:29,-71.2,
20250514,10:21:30,-70.8,
20250514,10:21:30,-70.4,
20250514,10:21:30,-70.1,
20250514,10:21:30,-69.9,
20250514,10:21:31,-69.7,
20250514,10:21:31,-69.7,
20250514,10:21:31,-69.7,
20250514,10:21:32,-69.8,
20250514,10:21:32,-69.8,
20250514,10:21:32,-69.9,
20250514,10:21:32,-70,
20250514,10:21:33,-70.2,
20250514,10:21:33,-70.3,
20250514,10:21:33,-70.4,
20250514,10:21:33,-70.5,
20250514,10:21:34,-70.7,
20250514,10:21:34,-70.8,
20250514,10:21:34,-70.9,
20250514,10:21:35,-71,
20250514,10:21:35,-71.1,
20250514,10:21:35,-71.2,
20250514,10:21:35,-71.2,
20250514,10:21:36,-71.3,
20250514,10:21:36,-71.4,
20250514,10:21:36,-71.5,
20250514,10:21:37,-71.6,
20250514,10:21:37,-71.6,
20250514,10:21:37,-71.7,
20250514,10:21:37,-72,
20250514,10:21:38,-72.2,
20250514,10:21:38,-72.4,
20250514,10:21:38,-72.5,
20250514,10:21:38,-72.6,
20250514,10:21:39,-72.7,
20250514,10:21:39,-72.7,
20250514,10:21:39,-72.6,
20250514,10:21:40,-72.6,
20250514,10:21:40,-72.6,
20250514,10:21:40,-72.6,
20250514,10:21:40,-72.7,
20250514,10:21:41,-73,
20250514,10:21:41,-73.2,
20250514,10:21:41,-73.2,
20250514,10:21:42,-73.1,
20250514,10:21:42,-73.1,
20250514,10:21:42,-72.9,
20250514,10:21:42,-72.7,
20250514,10:21:43,-72.6,
20250514,10:21:43,-72.5,
20250514,10:21:43,-72.5,
20250514,10:21:43,-72.5,
20250514,10:21:44,-72.5,
20250514,10:21:44,-72.5,
20250514,10:21:44,-72.5,
20250514,10:21:45,-72.5,
20250514,10:21:45,-72.5,
20250514,10:21:45,-72.6,
20250514,10:21:45,-72.6,
20250514,10:21:46,-72.7,
20250514,10:21:46,-72.7,
20250514,10:21:46,-72.9,
20250514,10:21:46,-72.8,
20250514,10:21:47,-72.9,
20250514,10:21:47,-72.8,
20250514,10:21:47,-72.9,
20250514,10:21:48,-73,
20250514,10:21:48,-73.1,
20250514,10:21:48,-73.3,
20250514,10:21:48,-73.7,
20250514,10:21:49,-73.7,
20250514,10:21:49,-73.9,
20250514,10:21:49,-74,
20250514,10:21:50,-73.9,
20250514,10:21:50,-73.7,
20250514,10:21:50,-73.6,
20250514,10:21:50,-73.4,
20250514,10:21:51,-73.4,
20250514,10:21:51,-73.3,
20250514,10:21:51,-73.3,
20250514,10:21:51,-73.3,
20250514,10:21:52,-73.4,
20250514,10:21:52,-73.4,
20250514,10:21:52,-73.3,
20250514,10:21:53,-73.4,
20250514,10:21:53,-73.4,
20250514,10:21:53,-73.4,
20250514,10:21:53,-73.5,
20250514,10:21:54,-73.4,
20250514,10:21:54,-73.5,
20250514,10:21:54,-73.6,
20250514,10:21:55,-73.6,
20250514,10:21:55,-73.8,
20250514,10:21:55,-73.9,
20250514,10:21:55,-73.8,
20250514,10:21:56,-73.8,
20250514,10:21:56,-73.7,
20250514,10:21:56,-73.7,
20250514,10:21:56,-73.5,
20250514,10:21:57,-73.5,
20250514,10:21:57,-73.5,
20250514,10:21:57,-73.4,
20250514,10:21:58,-73.4,
20250514,10:21:58,-73.4,
20250514,10:21:58,-73.4,
20250514,10:21:58,-73.3,
20250514,10:21:59,-73.4,
20250514,10:21:59,-73.3,
20250514,10:21:59,-73.3,
20250514,10:22:00,-73.3,
20250514,10:22:00,-73.3,
20250514,10:22:00,-73.3,
20250514,10:22:00,-73.3,
20250514,10:22:01,-73.2,
20250514,10:22:01,-73.2,
20250514,10:22:01,-73.3,
20250514,10:22:01,-73.2,
20250514,10:22:02,-73.3,
20250514,10:22:02,-73.3,
20250514,10:22:02,-73.3,
20250514,10:22:03,-73.4,
20250514,10:22:03,-73.4,
20250514,10:22:03,-73.4,
20250514,10:22:03,-73.5,
20250514,10:22:04,-73.5,
20250514,10:22:04,-73.4,
20250514,10:22:04,-73.4,
20250514,10:22:04,-73.3,
20250514,10:22:05,-73.3,
20250514,10:22:05,-73.4,
20250514,10:22:05,-73.4,
20250514,10:22:06,-73.8,
20250514,10:22:06,-74.2,
20250514,10:22:06,-74.4,
20250514,10:22:06,-74.4,
20250514,10:22:07,-74.2,
20250514,10:22:07,-73.8,
20250514,10:22:07,-73.4,
20250514,10:22:08,-73.3,
20250514,10:22:08,-73.1,
20250514,10:22:08,-73,
20250514,10:22:08,-72.9,
20250514,10:22:09,-72.3,
20250514,10:22:09,-71.3,
20250514,10:22:09,-70,
20250514,10:22:09,-69,
20250514,10:22:10,-68,
20250514,10:22:10,-67.2,
20250514,10:22:10,-66.6,
20250514,10:22:11,-66.2,
20250514,10:22:11,-65.9,
20250514,10:22:11,-65.7,
20250514,10:22:11,-65.7,
20250514,10:22:12,-65.8,
20250514,10:22:12,-65.9,
20250514,10:22:12,-66,
20250514,10:22:13,-66.2,
20250514,10:22:13,-66.5,
20250514,10:22:13,-66.7,
20250514,10:22:13,-67.1,
20250514,10:22:14,-67.3,
20250514,10:22:14,-67.4,
20250514,10:22:14,-67.6,
20250514,10:22:14,-67.8,
20250514,10:22:15,-68,
20250514,10:22:15,-68.2,
20250514,10:22:15,-68.2,
20250514,10:22:16,-68.2,
20250514,10:22:16,-68.4,
20250514,10:22:16,-68.4,
20250514,10:22:16,-68.4,
20250514,10:22:17,-68.4,
20250514,10:22:17,-68.4,
20250514,10:22:17,-68.4,
20250514,10:22:18,-68.5,
20250514,10:22:18,-68.5,
20250514,10:22:18,-68.6,
20250514,10:22:18,-68.6,
20250514,10:22:19,-68.6,
20250514,10:22:19,-68.5,
20250514,10:22:19,-68.6,
20250514,10:22:19,-68.7,
20250514,10:22:20,-68.6,
20250514,10:22:20,-68.7,
20250514,10:22:20,-68.6,
20250514,10:22:21,-68.6,
20250514,10:22:21,-68.5,
20250514,10:22:21,-68.5,
20250514,10:22:21,-68.5,
20250514,10:22:22,-68.5,
20250514,10:22:22,-68.5,
20250514,10:22:22,-68.5,
20250514,10:22:23,-68.5,
20250514,10:22:23,-68.5,
20250514,10:22:23,-68.5,
20250514,10:22:23,-68.5,
20250514,10:22:24,-68.5,
20250514,10:22:24,-68.5,
20250514,10:22:24,-68.5,
20250514,10:22:24,-68.6,
20250514,10:22:25,-68.5,
20250514,10:22:25,-68.5,
20250514,10:22:25,-68.5,
20250514,10:22:26,-68.5,
20250514,10:22:26,-68.5,
20250514,10:22:26,-68.6,
20250514,10:22:26,-68.6,
20250514,10:22:27,-68.6,
20250514,10:22:27,-68.8,
20250514,10:22:27,-68.8,
20250514,10:22:27,-68.9,
20250514,10:22:28,-69,
20250514,10:22:28,-69,
20250514,10:22:28,-69,
20250514,10:22:29,-69,
20250514,10:22:29,-69,
20250514,10:22:29,-69.2,
20250514,10:22:29,-69.1,
20250514,10:22:30,-69.2,
20250514,10:22:30,-69.1,
20250514,10:22:30,-69.1,
20250514,10:22:31,-69.1,
20250514,10:22:31,-69.2,
20250514,10:22:31,-69.1,
20250514,10:22:31,-69.1,
20250514,10:22:32,-69.1,
20250514,10:22:32,-69.1,
20250514,10:22:32,-69.2,
20250514,10:22:32,-69.3,
20250514,10:22:33,-69.3,
20250514,10:22:33,-69.4,
20250514,10:22:33,-69.3,
20250514,10:22:34,-69.4,
20250514,10:22:34,-69.3,
20250514,10:22:34,-69.4,
20250514,10:22:34,-69.3,
20250514,10:22:35,-69.4,
20250514,10:22:35,-69.3,
20250514,10:22:35,-69.4,
20250514,10:22:35,-69.3,
20250514,10:22:36,-69.3,
20250514,10:22:36,-69.3,
20250514,10:22:36,-69.3,
20250514,10:22:37,-69.3,
20250514,10:22:37,-69.3,
20250514,10:22:37,-69.3,
20250514,10:22:37,-69.3,
20250514,10:22:38,-69.3,
20250514,10:22:38,-69.4,
20250514,10:22:38,-69.3,
20250514,10:22:39,-69.4,
20250514,10:22:39,-69.4,
20250514,10:22:39,-69.3,
20250514,10:22:39,-69.4,
20250514,10:22:40,-69.5,
20250514,10:22:40,-69.5,
20250514,10:22:40,-69.6,
20250514,10:22:41,-69.6,
20250514,10:22:41,-69.6,
20250514,10:22:41,-69.6,
20250514,10:22:41,-69.7,
20250514,10:22:42,-69.6,
20250514,10:22:42,-69.6,
20250514,10:22:42,-69.6,
20250514,10:22:42,-69.6,
20250514,10:22:43,-69.5,
20250514,10:22:43,-69.5,
20250514,10:22:43,-69.5,
20250514,10:22:44,-69.4,
20250514,10:22:44,-69.4,
20250514,10:22:44,-69.4,
20250514,10:22:44,-69.4,
20250514,10:22:45,-69.3,
20250514,10:22:45,-69.3,
20250514,10:22:45,-69.2,
20250514,10:22:45,-69.3,
20250514,10:22:46,-69.2,
20250514,10:22:46,-69.1,
20250514,10:22:46,-69.1,
20250514,10:22:47,-69.2,
20250514,10:22:47,-69.2,
20250514,10:22:47,-69.4,
20250514,10:22:47,-69.7,
20250514,10:22:48,-69.9,
20250514,10:22:48,-70.1,
20250514,10:22:48,-70.3,
20250514,10:22:49,-70.4,
20250514,10:22:49,-70.5,
20250514,10:22:49,-70.6,
20250514,10:22:49,-70.6,
20250514,10:22:50,-70.6,
20250514,10:22:50,-70.6,
20250514,10:22:50,-70.6,
20250514,10:22:50,-70.6,
20250514,10:22:51,-70.7,
20250514,10:22:51,-70.8,
20250514,10:22:51,-70.8,
20250514,10:22:52,-70.9,
20250514,10:22:52,-71,
20250514,10:22:52,-70.9,
20250514,10:22:52,-70.9,
20250514,10:22:53,-70.9,
20250514,10:22:53,-70.9,
20250514,10:22:53,-70.9,
20250514,10:22:54,-70.8,
20250514,10:22:54,-70.8,
20250514,10:22:54,-70.8,
20250514,10:22:54,-70.8,
20250514,10:22:55,-70.8,
20250514,10:22:55,-70.8,
20250514,10:22:55,-70.8,
20250514,10:22:56,-70.8,
20250514,10:22:56,-70.8,
20250514,10:22:56,-70.8,
20250514,10:22:56,-70.7,
20250514,10:22:57,-70.6,
20250514,10:22:57,-70.6,
20250514,10:22:57,-70.5,
20250514,10:22:58,-70.5,
20250514,10:22:58,-70.5,
20250514,10:22:58,-70.3,
20250514,10:22:58,-70.3,
20250514,10:22:59,-70.3,
20250514,10:22:59,-70.2,
20250514,10:22:59,-70.1,
20250514,10:22:59,-70.1,
20250514,10:23:00,-70,
20250514,10:23:00,-70,
20250514,10:23:00,-69.9,
20250514,10:23:00,-69.9,
20250514,10:23:01,-69.9,
20250514,10:23:01,-69.9,
20250514,10:23:01,-69.8,
20250514,10:23:02,-69.6,
20250514,10:23:02,-69.6,
20250514,10:23:02,-69.4,
20250514,10:23:02,-69.4,
20250514,10:23:03,-69.3,
20250514,10:23:03,-69.3,
20250514,10:23:03,-69.4,
20250514,10:23:03,-69.8,
20250514,10:23:04,-70,
20250514,10:23:04,-70.3,
20250514,10:23:04,-70.6,
20250514,10:23:05,-70.8,
20250514,10:23:05,-70.8,
20250514,10:23:05,-70.9,
20250514,10:23:06,-70.9,
20250514,10:23:06,-70.9,
20250514,10:23:06,-71,
20250514,10:23:06,-70.9,
20250514,10:23:07,-70.9,
20250514,10:23:07,-70.9,
20250514,10:23:07,-70.8,
20250514,10:23:07,-70.9,
20250514,10:23:08,-70.9,
20250514,10:23:08,-70.8,
20250514,10:23:08,-70.8,
20250514,10:23:09,-70.8,
20250514,10:23:09,-70.7,
20250514,10:23:09,-70.5,
20250514,10:23:09,-70.6,
20250514,10:23:10,-70.6,
20250514,10:23:10,-70.5,
20250514,10:23:10,-70.5,
20250514,10:23:10,-70.4,
20250514,10:23:11,-70.3,
20250514,10:23:11,-70.3,
20250514,10:23:11,-70.2,
20250514,10:23:12,-70.1,
20250514,10:23:12,-70,
20250514,10:23:12,-70,
20250514,10:23:12,-70,
20250514,10:23:13,-69.9,
20250514,10:23:13,-69.9,
20250514,10:23:13,-69.9,
20250514,10:23:13,-69.8,
20250514,10:23:14,-69.8,
20250514,10:23:14,-69.7,
20250514,10:23:14,-69.7,
20250514,10:23:15,-69.7,
20250514,10:23:15,-69.6,
20250514,10:23:15,-69.5,
20250514,10:23:15,-69.4,
20250514,10:23:16,-69.4,
20250514,10:23:16,-69.4,
20250514,10:23:16,-69.1,
20250514,10:23:16,-69,
20250514,10:23:17,-69,
20250514,10:23:17,-69,
20250514,10:23:17,-68.8,
20250514,10:23:18,-68.7,
20250514,10:23:18,-68.6,
20250514,10:23:18,-68.4,
20250514,10:23:18,-68.3,
20250514,10:23:19,-68.3,
20250514,10:23:19,-68.2,
20250514,10:23:19,-68.1,
20250514,10:23:20,-67.9,
20250514,10:23:20,-67.7,
20250514,10:23:20,-67.6,
20250514,10:23:20,-67.6,
20250514,10:23:21,-67.5,
20250514,10:23:21,-67.3,
20250514,10:23:21,-67.3,
20250514,10:23:22,-67.3,
20250514,10:23:22,-67.2,
20250514,10:23:22,-67.2,
20250514,10:23:22,-67.2,
20250514,10:23:23,-67.1,
20250514,10:23:23,-67,
20250514,10:23:23,-67.3,
20250514,10:23:23,-67.3,
20250514,10:23:24,-67.6,
20250514,10:23:24,-67.9,
20250514,10:23:24,-68,
20250514,10:23:25,-68.2,
20250514,10:23:25,-68.2,
20250514,10:23:25,-68.2,
20250514,10:23:25,-68.2,
20250514,10:23:26,-68.2,
20250514,10:23:26,-68.2,
20250514,10:23:26,-68.2,
20250514,10:23:26,-68.2,
20250514,10:23:27,-68.2,
20250514,10:23:27,-68.2,
20250514,10:23:27,-68.2,
20250514,10:23:28,-68.2,
20250514,10:23:28,-68.2,
20250514,10:23:28,-68.1,
20250514,10:23:28,-68,
20250514,10:23:29,-67.9,
20250514,10:23:29,-67.8,
20250514,10:23:29,-67.8,
20250514,10:23:30,-67.6,
20250514,10:23:30,-67.6,
20250514,10:23:30,-67.5,
20250514,10:23:30,-67.3,
20250514,10:23:31,-67.4,
20250514,10:23:31,-67.3,
20250514,10:23:31,-67.3,
20250514,10:23:32,-67.1,
20250514,10:23:32,-67,
20250514,10:23:32,-66.9,
20250514,10:23:32,-66.8,
20250514,10:23:33,-66.6,
20250514,10:23:33,-66.5,
20250514,10:23:33,-66.5,
20250514,10:23:33,-66.5,
20250514,10:23:34,-66.4,
20250514,10:23:34,-66.5,
20250514,10:23:34,-66.9,
20250514,10:23:35,-67.3,
20250514,10:23:35,-67.3,
20250514,10:23:35,-67.6,
20250514,10:23:35,-67.8,
20250514,10:23:36,-67.9,
20250514,10:23:36,-67.9,
20250514,10:23:36,-68,
20250514,10:23:36,-68,
20250514,10:23:37,-68,
20250514,10:23:37,-68,
20250514,10:23:37,-68,
20250514,10:23:38,-68.2,
20250514,10:23:38,-68.7,
20250514,10:23:38,-69.2,
20250514,10:23:38,-69.4,
20250514,10:23:39,-69.3,
20250514,10:23:39,-69,
20250514,10:23:39,-68.7,
20250514,10:23:40,-68.4,
20250514,10:23:40,-68.2,
20250514,10:23:40,-68.2,
20250514,10:23:40,-68.2,
20250514,10:23:41,-68.3,
20250514,10:23:41,-68.4,
20250514,10:23:41,-68.6,
20250514,10:23:41,-68.9,
20250514,10:23:42,-69.1,
20250514,10:23:42,-69.3,
20250514,10:23:42,-69.6,
20250514,10:23:43,-69.8,
20250514,10:23:43,-69.9,
20250514,10:23:43,-70,
20250514,10:23:43,-70,
20250514,10:23:44,-70.2,
20250514,10:23:44,-70.2,
20250514,10:23:44,-70.2,
20250514,10:23:44,-70.2,
20250514,10:23:45,-70.2,
20250514,10:23:45,-70.1,
20250514,10:23:45,-70.1,
20250514,10:23:46,-70.2,
20250514,10:23:46,-70.2,
20250514,10:23:46,-70.3,
20250514,10:23:46,-70.5,
20250514,10:23:47,-70.8,
20250514,10:23:47,-71.1,
20250514,10:23:47,-71.3,
20250514,10:23:48,-71.4,
20250514,10:23:48,-71.3,
20250514,10:23:48,-71.1,
20250514,10:23:48,-70.9,
20250514,10:23:49,-70.9,
20250514,10:23:49,-70.8,
20250514,10:23:49,-70.8,
20250514,10:23:49,-70.7,
20250514,10:23:50,-70.6,
20250514,10:23:50,-70.5,
20250514,10:23:50,-70.4,
20250514,10:23:51,-70.4,
20250514,10:23:51,-70.3,
20250514,10:23:51,-70.3,
20250514,10:23:51,-70.3,
20250514,10:23:52,-70.2,
20250514,10:23:52,-70.2,
20250514,10:23:52,-70.2,
20250514,10:23:53,-70.2,
20250514,10:23:53,-70.1,
20250514,10:23:53,-70.1,
20250514,10:23:53,-70.2,
20250514,10:23:54,-70.2,
20250514,10:23:54,-70.5,
20250514,10:23:54,-70.8,
20250514,10:23:54,-71,
20250514,10:23:55,-70.5,
20250514,10:23:55,-69.2,
20250514,10:23:55,-67.9,
20250514,10:23:56,-66.7,
20250514,10:23:56,-65.9,
20250514,10:23:56,-65.3,
20250514,10:23:56,-64.9,
20250514,10:23:57,-64.8,
20250514,10:23:57,-64.8,
20250514,10:23:57,-64.9,
20250514,10:23:57,-65.1,
20250514,10:23:58,-65.4,
20250514,10:23:58,-65.7,
20250514,10:23:58,-66,
20250514,10:23:59,-66.3,
20250514,10:23:59,-66.6,
20250514,10:23:59,-66.8,
20250514,10:23:59,-67.1,
20250514,10:24:00,-67.3,
20250514,10:24:00,-67.3,
20250514,10:24:00,-67.6,
20250514,10:24:01,-67.6,
20250514,10:24:01,-67.7,
20250514,10:24:01,-67.7,
20250514,10:24:01,-67.8,
20250514,10:24:02,-67.9,
20250514,10:24:02,-67.8,
20250514,10:24:02,-67.8,
20250514,10:24:02,-67.8,
20250514,10:24:03,-67.7,
20250514,10:24:03,-67.7,
20250514,10:24:03,-67.7,
20250514,10:24:04,-67.6,
20250514,10:24:04,-67.6,
20250514,10:24:04,-67.4,
20250514,10:24:05,-67.5,
20250514,10:24:05,-67.5,
20250514,10:24:05,-67.6,
20250514,10:24:05,-67.7,
20250514,10:24:06,-67.8,
20250514,10:24:06,-67.8,
20250514,10:24:06,-67.9,
20250514,10:24:06,-67.9,
20250514,10:24:07,-67.8,
20250514,10:24:07,-67.9,
20250514,10:24:07,-67.8,
20250514,10:24:07,-67.7,
20250514,10:24:08,-67.7,
20250514,10:24:08,-67.6,
20250514,10:24:08,-67.5,
20250514,10:24:09,-67.3,
20250514,10:24:09,-67.3,
20250514,10:24:09,-67.3,
20250514,10:24:09,-67.2,
20250514,10:24:10,-67.3,
20250514,10:24:10,-67.2,
20250514,10:24:10,-67.1,
20250514,10:24:11,-67.1,
20250514,10:24:11,-67,
20250514,10:24:11,-66.9,
20250514,10:24:11,-67,
20250514,10:24:12,-66.8,
20250514,10:24:12,-66.8,
20250514,10:24:12,-66.8,
20250514,10:24:12,-66.8,
20250514,10:24:13,-66.8,
20250514,10:24:13,-66.8,
20250514,10:24:13,-66.8,
20250514,10:24:14,-66.7,
20250514,10:24:14,-66.6,
20250514,10:24:14,-66.6,
20250514,10:24:14,-66.6,
20250514,10:24:15,-66.5,
20250514,10:24:15,-66.5,
20250514,10:24:15,-66.5,
20250514,10:24:15,-66.5,
20250514,10:24:16,-66.8,
20250514,10:24:16,-67.4,
20250514,10:24:16,-68.1,
20250514,10:24:17,-68.5,
20250514,10:24:17,-68.6,
20250514,10:24:17,-68.4,
20250514,10:24:17,-68.4,
20250514,10:24:18,-68.3,
20250514,10:24:18,-68.3,
20250514,10:24:18,-68.2,
20250514,10:24:19,-68.1,
20250514,10:24:19,-67.5,
20250514,10:24:19,-67.1,
20250514,10:24:19,-66.6,
20250514,10:24:20,-66.2,
20250514,10:24:20,-65.8,
20250514,10:24:20,-65.6,
20250514,10:24:20,-65.6,
20250514,10:24:21,-65.6,
20250514,10:24:21,-65.6,
20250514,10:24:21,-65.9,
20250514,10:24:22,-66,
20250514,10:24:22,-66.4,
20250514,10:24:22,-66.6,
20250514,10:24:22,-66.8,
20250514,10:24:23,-67.1,
20250514,10:24:23,-67.3,
20250514,10:24:23,-67.4,
20250514,10:24:24,-67.7,
20250514,10:24:24,-67.9,
20250514,10:24:24,-68.1,
20250514,10:24:24,-68.2,
20250514,10:24:25,-68.3,
20250514,10:24:25,-68.5,
20250514,10:24:25,-68.7,
20250514,10:24:26,-68.8,
20250514,10:24:26,-69,
20250514,10:24:26,-69,
20250514,10:24:26,-69.1,
20250514,10:24:27,-69.3,
20250514,10:24:27,-69.2,
20250514,10:24:27,-69.4,
20250514,10:24:27,-69.9,
20250514,10:24:28,-70.6,
20250514,10:24:28,-70.8,
20250514,10:24:28,-70.8,
20250514,10:24:29,-70.5,
20250514,10:24:29,-70.1,
20250514,10:24:29,-69.8,
20250514,10:24:29,-69.4,
20250514,10:24:30,-69.1,
20250514,10:24:30,-69.1,
20250514,10:24:30,-69,
20250514,10:24:30,-69,
20250514,10:24:31,-69.1,
20250514,10:24:31,-69.1,
20250514,10:24:31,-69.3,
20250514,10:24:32,-69.5,
20250514,10:24:32,-69.6,
20250514,10:24:32,-69.6,
20250514,10:24:32,-69.8,
20250514,10:24:33,-69.9,
20250514,10:24:33,-70,
20250514,10:24:33,-69.9,
20250514,10:24:34,-70,
20250514,10:24:34,-70,
20250514,10:24:34,-70.1,
20250514,10:24:34,-70.2,
20250514,10:24:35,-70.3,
20250514,10:24:35,-70.3,
20250514,10:24:35,-70.5,
20250514,10:24:35,-70.3,
20250514,10:24:36,-70.5,
20250514,10:24:36,-70.5,
20250514,10:24:36,-70.5,
20250514,10:24:37,-70.5,
20250514,10:24:37,-70.5,
20250514,10:24:37,-70.6,
20250514,10:24:37,-70.5,
20250514,10:24:38,-70.6,
20250514,10:24:38,-70.6,
20250514,10:24:38,-70.7,
20250514,10:24:38,-70.7,
20250514,10:24:39,-70.8,
20250514,10:24:39,-71.3,
20250514,10:24:39,-72,
20250514,10:24:40,-72.7,
20250514,10:24:40,-72.7,
20250514,10:24:40,-72,
20250514,10:24:40,-71.1,
20250514,10:24:41,-70.2,
20250514,10:24:41,-69.5,
20250514,10:24:41,-68.9,
20250514,10:24:42,-68.6,
20250514,10:24:42,-68.4,
20250514,10:24:42,-68.4,
20250514,10:24:42,-68.6,
20250514,10:24:43,-68.7,
20250514,10:24:43,-68.9,
20250514,10:24:43,-69.1,
20250514,10:24:44,-69.5,
20250514,10:24:44,-69.8,
20250514,10:24:44,-70,
20250514,10:24:44,-70.5,
20250514,10:24:45,-70.8,
20250514,10:24:45,-70.9,
20250514,10:24:45,-70.8,
20250514,10:24:45,-70.7,
20250514,10:24:46,-70,
20250514,10:24:46,-68.6,
20250514,10:24:46,-68.2,
20250514,10:24:47,-67.8,
20250514,10:24:47,-66.2,
20250514,10:24:47,-66.8,
20250514,10:24:47,-67.1,
20250514,10:24:48,-66.5,
20250514,10:24:48,-65.7,
20250514,10:24:48,-64.8,
20250514,10:24:48,-63.9,
20250514,10:24:49,-63.2,
20250514,10:24:49,-62.6,
20250514,10:24:49,-62.2,
20250514,10:24:50,-61.9,
20250514,10:24:50,-61.4,
20250514,10:24:50,-60.2,
20250514,10:24:50,-57.9,
20250514,10:24:51,-55.5,
20250514,10:24:51,-53.2,
20250514,10:24:51,-50.8,
20250514,10:24:52,-48.4,
20250514,10:24:52,-46,
20250514,10:24:52,-44.2,
20250514,10:24:52,-42.8,
20250514,10:24:53,-41.7,
20250514,10:24:53,-40.9,
20250514,10:24:53,-40.3,
20250514,10:24:53,-39.7,
20250514,10:24:54,-39.3,
20250514,10:24:54,-39.1,
20250514,10:24:54,-39,
20250514,10:24:55,-38.7,
20250514,10:24:55,-38.6,
20250514,10:24:55,-38.5,
20250514,10:24:55,-38.6,
20250514,10:24:56,-38.6,
20250514,10:24:56,-38.8,
20250514,10:24:56,-39,
20250514,10:24:56,-39.2,
20250514,10:24:57,-39.2,
20250514,10:24:57,-39.5,
20250514,10:24:57,-39.9,
20250514,10:24:58,-40.3,
20250514,10:24:58,-40.9,
20250514,10:24:58,-41.4,
20250514,10:24:58,-41.5,
20250514,10:24:59,-41.2,
20250514,10:24:59,-41,
20250514,10:24:59,-40.9,
20250514,10:25:00,-40.9,
20250514,10:25:00,-41,
20250514,10:25:00,-41.3,
20250514,10:25:00,-41.5,
20250514,10:25:01,-41.8,
20250514,10:25:01,-42.1,
20250514,10:25:01,-41.9,
20250514,10:25:01,-41.5,
20250514,10:25:02,-41.1,
20250514,10:25:02,-40.7,
20250514,10:25:02,-40.4,
20250514,10:25:03,-40.1,
20250514,10:25:03,-40,
20250514,10:25:03,-39.7,
20250514,10:25:03,-39.5,
20250514,10:25:04,-39.3,
20250514,10:25:04,-39.3,
20250514,10:25:04,-39.3,
20250514,10:25:05,-39.4,
20250514,10:25:05,-39.4,
20250514,10:25:05,-39.7,
20250514,10:25:05,-40,
20250514,10:25:06,-40.1,
20250514,10:25:06,-40.3,
20250514,10:25:06,-40.7,
20250514,10:25:06,-40.9,
20250514,10:25:07,-40.9,
20250514,10:25:07,-40.9,
20250514,10:25:07,-40.9,
20250514,10:25:08,-41,
20250514,10:25:08,-41.1,
20250514,10:25:08,-41.1,
20250514,10:25:08,-41.1,
20250514,10:25:09,-40.9,
20250514,10:25:09,-40.6,
20250514,10:25:09,-40,
20250514,10:25:09,-39.8,
20250514,10:25:10,-39.3,
20250514,10:25:10,-39,
20250514,10:25:10,-38.7,
20250514,10:25:11,-38.5,
20250514,10:25:11,-38.5,
20250514,10:25:11,-38.5,
20250514,10:25:11,-38.7,
20250514,10:25:12,-38.8,
20250514,10:25:12,-39,
20250514,10:25:12,-39.2,
20250514,10:25:13,-39.5,
20250514,10:25:13,-39.7,
20250514,10:25:13,-40.1,
20250514,10:25:13,-40.4,
20250514,10:25:14,-40.9,
20250514,10:25:14,-41.3,
20250514,10:25:14,-41.6,
20250514,10:25:15,-41.7,
20250514,10:25:15,-42,
20250514,10:25:15,-42.1,
20250514,10:25:15,-42.2,
20250514,10:25:16,-42.4,
20250514,10:25:16,-42.7,
20250514,10:25:16,-43,
20250514,10:25:16,-43.4,
20250514,10:25:17,-43.4,
20250514,10:25:17,-43.3,
20250514,10:25:17,-43.1,
20250514,10:25:18,-42.9,
20250514,10:25:18,-42.7,
20250514,10:25:18,-42.6,
20250514,10:25:18,-42.6,
20250514,10:25:19,-42.6,
20250514,10:25:19,-42.7,
20250514,10:25:19,-42.9,
20250514,10:25:19,-43.1,
20250514,10:25:20,-43.4,
20250514,10:25:20,-43.9,
20250514,10:25:20,-44.3,
20250514,10:25:21,-44.7,
20250514,10:25:21,-44.9,
20250514,10:25:21,-45.2,
20250514,10:25:21,-45.7,
20250514,10:25:22,-46.2,
20250514,10:25:22,-46.5,
20250514,10:25:22,-47,
20250514,10:25:23,-47.6,
20250514,10:25:23,-47.8,
20250514,10:25:23,-48.4,
20250514,10:25:23,-48.6,
20250514,10:25:24,-49.1,
20250514,10:25:24,-49.5,
20250514,10:25:24,-49.7,
20250514,10:25:24,-50.1,
20250514,10:25:25,-50.4,
20250514,10:25:25,-50.6,
20250514,10:25:25,-50.9,
20250514,10:25:26,-51.2,
20250514,10:25:26,-51.7,
20250514,10:25:26,-52,
20250514,10:25:26,-52.2,
20250514,10:25:27,-52.5,
20250514,10:25:27,-52.8,
20250514,10:25:27,-53,
20250514,10:25:28,-53.3,
20250514,10:25:28,-53.6,
20250514,10:25:28,-53.8,
20250514,10:25:28,-54.2,
20250514,10:25:29,-54.5,
20250514,10:25:29,-54.7,
20250514,10:25:29,-55,
20250514,10:25:29,-55.3,
20250514,10:25:30,-55.4,
20250514,10:25:30,-55.6,
20250514,10:25:30,-55.8,
20250514,10:25:31,-55.9,
20250514,10:25:31,-56.1,
20250514,10:25:31,-56.2,
20250514,10:25:31,-56.2,
20250514,10:25:32,-56.4,
20250514,10:25:32,-56.5,
20250514,10:25:32,-56.6,
20250514,10:25:33,-56.8,
20250514,10:25:33,-57,
20250514,10:25:33,-57.1,
20250514,10:25:33,-57.4,
20250514,10:25:34,-57.5,
20250514,10:25:34,-57.7,
20250514,10:25:34,-57.9,
20250514,10:25:34,-58.1,
20250514,10:25:35,-58.4,
20250514,10:25:35,-58.8,
20250514,10:25:35,-59,
20250514,10:25:36,-59.2,
20250514,10:25:36,-59.3,
20250514,10:25:36,-59.4,
20250514,10:25:36,-59.4,
20250514,10:25:37,-59.4,
20250514,10:25:37,-59.4,
20250514,10:25:37,-59.4,
20250514,10:25:37,-59.5,
20250514,10:25:38,-59.6,
20250514,10:25:38,-59.7,
20250514,10:25:38,-59.8,
20250514,10:25:39,-60.1,
20250514,10:25:39,-60.4,
20250514,10:25:39,-60.7,
20250514,10:25:39,-60.9,
20250514,10:25:40,-61.1,
20250514,10:25:40,-61.4,
20250514,10:25:40,-61.4,
20250514,10:25:41,-61.5,
20250514,10:25:41,-61.6,
20250514,10:25:41,-61.8,
20250514,10:25:41,-61.9,
20250514,10:25:42,-62.1,
20250514,10:25:42,-62,
20250514,10:25:42,-61.9,
20250514,10:25:42,-62,
20250514,10:25:43,-62,
20250514,10:25:43,-61.1,
20250514,10:25:43,-60.7,
20250514,10:25:44,-59.6,
20250514,10:25:44,-59.6,
20250514,10:25:44,-58.8,
20250514,10:25:44,-59.4,
20250514,10:25:45,-59.4,
20250514,10:25:45,-60,
20250514,10:25:45,-60.7,
20250514,10:25:46,-61,
20250514,10:25:46,-61.3,
20250514,10:25:46,-61.7,
20250514,10:25:46,-62.2,
20250514,10:25:47,-62.5,
20250514,10:25:47,-62.9,
20250514,10:25:47,-63.1,
20250514,10:25:47,-63.4,
20250514,10:25:48,-63.6,
20250514,10:25:48,-63.8,
20250514,10:25:48,-63.9,
20250514,10:25:49,-64,
20250514,10:25:49,-64,
20250514,10:25:49,-64,
20250514,10:25:49,-63.9,
20250514,10:25:50,-63.5,
20250514,10:25:50,-62.9,
20250514,10:25:50,-61.7,
20250514,10:25:50,-60.4,
20250514,10:25:51,-58.5,
20250514,10:25:51,-56.9,
20250514,10:25:51,-55.8,
20250514,10:25:52,-55,
20250514,10:25:52,-54.1,
20250514,10:25:52,-53.5,
20250514,10:25:52,-52.8,
20250514,10:25:53,-52.3,
20250514,10:25:53,-52,
20250514,10:25:53,-51.6,
20250514,10:25:54,-51.3,
20250514,10:25:54,-51.1,
20250514,10:25:54,-50.8,
20250514,10:25:54,-50.6,
20250514,10:25:55,-50.4,
20250514,10:25:55,-50.3,
20250514,10:25:55,-50.2,
20250514,10:25:55,-50.2,
20250514,10:25:56,-50.1,
20250514,10:25:56,-50,
20250514,10:25:56,-49.9,
20250514,10:25:57,-49.8,
20250514,10:25:57,-49.7,
20250514,10:25:57,-49.6,
20250514,10:25:57,-49.5,
20250514,10:25:58,-49.4,
20250514,10:25:58,-49.4,
20250514,10:25:58,-49.3,
20250514,10:25:59,-49.2,
20250514,10:25:59,-49.2,
20250514,10:25:59,-49.3,
20250514,10:25:59,-49.2,
20250514,10:26:00,-49.2,
20250514,10:26:00,-49.1,
20250514,10:26:00,-49,
20250514,10:26:00,-48.9,
20250514,10:26:01,-48.9,
20250514,10:26:01,-48.9,
20250514,10:26:01,-49,
20250514,10:26:02,-49.2,
20250514,10:26:02,-49.4,
20250514,10:26:02,-49.7,
20250514,10:26:02,-50,
20250514,10:26:03,-50.3,
20250514,10:26:03,-50.6,
20250514,10:26:03,-51,
20250514,10:26:04,-51.4,
20250514,10:26:04,-52,
20250514,10:26:04,-52.6,
20250514,10:26:04,-53.2,
20250514,10:26:05,-53.9,
20250514,10:26:05,-54.5,
20250514,10:26:05,-55.1,
20250514,10:26:05,-55.5,
20250514,10:26:06,-56,
20250514,10:26:06,-56.3,
20250514,10:26:06,-56.7,
20250514,10:26:07,-57.1,
20250514,10:26:07,-57.3,
20250514,10:26:07,-57.5,
20250514,10:26:07,-57.7,
20250514,10:26:08,-57.9,
20250514,10:26:08,-57.9,
20250514,10:26:08,-57.9,
20250514,10:26:08,-58,
20250514,10:26:09,-57.9,
20250514,10:26:09,-57.9,
20250514,10:26:09,-57.9,
20250514,10:26:10,-57.8,
20250514,10:26:10,-57.8,
20250514,10:26:10,-57.7,
20250514,10:26:10,-57.7,
20250514,10:26:11,-57.5,
20250514,10:26:11,-57.3,
20250514,10:26:11,-57.3,
20250514,10:26:12,-57.4,
20250514,10:26:12,-57.6,
20250514,10:26:12,-57.9,
20250514,10:26:12,-58.1,
20250514,10:26:13,-58,
20250514,10:26:13,-57.8,
20250514,10:26:13,-57.4,
20250514,10:26:14,-56.6,
20250514,10:26:14,-55.7,
20250514,10:26:14,-54.5,
20250514,10:26:14,-53.2,
20250514,10:26:15,-52,
20250514,10:26:15,-50.7,
20250514,10:26:15,-48.6,
20250514,10:26:15,-47,
20250514,10:26:16,-44.4,
20250514,10:26:16,-41.9,
20250514,10:26:16,-38.8,
20250514,10:26:17,-36.6,
20250514,10:26:17,-35.2,
20250514,10:26:17,-34.2,
20250514,10:26:17,-33.6,
20250514,10:26:18,-33.2,
20250514,10:26:18,-32.2,
20250514,10:26:18,-30.7,
20250514,10:26:18,-29.9,
20250514,10:26:19,-29.5,
20250514,10:26:19,-29.4,
20250514,10:26:19,-29.3,
20250514,10:26:20,-29.4,
20250514,10:26:20,-29.4,
20250514,10:26:20,-29.3,
20250514,10:26:20,-29.1,
20250514,10:26:21,-29.1,
20250514,10:26:21,-29.2,
20250514,10:26:21,-29.4,
20250514,10:26:21,-29.8,
20250514,10:26:22,-30.3,
20250514,10:26:22,-30.6,
20250514,10:26:22,-31,
20250514,10:26:23,-31.3,
20250514,10:26:23,-31.5,
20250514,10:26:23,-31.6,
20250514,10:26:23,-31.6,
20250514,10:26:24,-31.4,
20250514,10:26:24,-31.3,
20250514,10:26:24,-31.5,
20250514,10:26:25,-32.3,
20250514,10:26:25,-33.1,
20250514,10:26:25,-33.9,
20250514,10:26:25,-34.3,
20250514,10:26:26,-34.7,
20250514,10:26:26,-34.8,
20250514,10:26:26,-34.7,
20250514,10:26:27,-34.5,
20250514,10:26:27,-34.3,
20250514,10:26:27,-34,
20250514,10:26:27,-33.7,
20250514,10:26:28,-33.2,
20250514,10:26:28,-32.8,
20250514,10:26:28,-32.4,
20250514,10:26:28,-32,
20250514,10:26:29,-31.7,
20250514,10:26:29,-31.4,
20250514,10:26:29,-31,
20250514,10:26:30,-30.6,
20250514,10:26:30,-30.4,
20250514,10:26:30,-30.2,
20250514,10:26:30,-29.8,
20250514,10:26:31,-29.6,
20250514,10:26:31,-29.3,
20250514,10:26:31,-28.9,
20250514,10:26:31,-28.7,
20250514,10:26:32,-28.2,
20250514,10:26:32,-27.8,
20250514,10:26:32,-27.4,
20250514,10:26:33,-27.1,
20250514,10:26:33,-26.7,
20250514,10:26:33,-26.3,
20250514,10:26:33,-26.1,
20250514,10:26:34,-25.8,
20250514,10:26:34,-25.6,
20250514,10:26:34,-25.5,
20250514,10:26:35,-25.2,
20250514,10:26:35,-25.1,
20250514,10:26:35,-25,
20250514,10:26:35,-24.8,
20250514,10:26:36,-24.6,
20250514,10:26:36,-24.4,
20250514,10:26:36,-24.3,
20250514,10:26:36,-24.4,
20250514,10:26:37,-24.6,
20250514,10:26:37,-24.9,
20250514,10:26:37,-25,
20250514,10:26:38,-25.1,
20250514,10:26:38,-25.2,
20250514,10:26:38,-25.4,
20250514,10:26:38,-25.5,
20250514,10:26:39,-25.5,
20250514,10:26:39,-25.5,
20250514,10:26:39,-25.5,
20250514,10:26:40,-25.5,
20250514,10:26:40,-25.6,
20250514,10:26:40,-25.6,
20250514,10:26:40,-25.6,
20250514,10:26:41,-25.5,
20250514,10:26:41,-25.5,
20250514,10:26:41,-25.4,
20250514,10:26:41,-25.3,
20250514,10:26:42,-25.2,
20250514,10:26:42,-25,
20250514,10:26:42,-24.9,
20250514,10:26:43,-24.7,
20250514,10:26:43,-24.6,
20250514,10:26:43,-24.5,
20250514,10:26:43,-24.4,
20250514,10:26:44,-24.4,
20250514,10:26:44,-24.2,
20250514,10:26:44,-23.9,
20250514,10:26:45,-23.6,
20250514,10:26:45,-23.6,
20250514,10:26:45,-24,
20250514,10:26:45,-24.6,
20250514,10:26:46,-25.2,
20250514,10:26:46,-25.4,
20250514,10:26:46,-25.4,
20250514,10:26:46,-25.2,
20250514,10:26:47,-25,
20250514,10:26:47,-24.7,
20250514,10:26:47,-24.4,
20250514,10:26:48,-23.9,
20250514,10:26:48,-23.4,
20250514,10:26:48,-22.4,
20250514,10:26:48,-22.1,
20250514,10:26:49,-22.2,
20250514,10:26:49,-22.1,
20250514,10:26:49,-20.8,
20250514,10:26:49,-20.3,
20250514,10:26:50,-20.1,
20250514,10:26:50,-20,
20250514,10:26:50,-19.9,
20250514,10:26:51,-20,
20250514,10:26:51,-20.4,
20250514,10:26:51,-20.6,
20250514,10:26:51,-20.7,
20250514,10:26:52,-21.2,
20250514,10:26:52,-21.6,
20250514,10:26:52,-21.6,
20250514,10:26:53,-21.7,
20250514,10:26:53,-21.1,
20250514,10:26:53,-20.6,
20250514,10:26:53,-20.6,
20250514,10:26:54,-20.8,
20250514,10:26:54,-20.9,
20250514,10:26:54,-21.2,
20250514,10:26:54,-21.6,
20250514,10:26:55,-21.8,
20250514,10:26:55,-22.1,
20250514,10:26:55,-22.1,
20250514,10:26:56,-22.2,
20250514,10:26:56,-22.1,
20250514,10:26:56,-22.1,
20250514,10:26:57,-21.9,
20250514,10:26:57,-21.6,
20250514,10:26:57,-21.4,
20250514,10:26:57,-21.2,
20250514,10:26:58,-21,
20250514,10:26:58,-20.5,
20250514,10:26:58,-20.4,
20250514,10:26:58,-20,
20250514,10:26:59,-19.8,
20250514,10:26:59,-19.5,
20250514,10:26:59,-18.9,
20250514,10:26:59,-18.7,
20250514,10:27:00,-18.3,
20250514,10:27:00,-17.9,
20250514,10:27:00,-17.6,
20250514,10:27:01,-17.1,
20250514,10:27:01,-16.8,
20250514,10:27:01,-16.4,
20250514,10:27:01,-16.1,
20250514,10:27:02,-15.9,
20250514,10:27:02,-15.6,
20250514,10:27:02,-15.4,
20250514,10:27:02,-15.1,
20250514,10:27:03,-14.9,
20250514,10:27:03,-14.8,
20250514,10:27:03,-14.7,
20250514,10:27:04,-14.5,
20250514,10:27:04,-14.6,
20250514,10:27:04,-14.7,
20250514,10:27:04,-14.8,
20250514,10:27:05,-15,
20250514,10:27:05,-15.2,
20250514,10:27:05,-15.3,
20250514,10:27:06,-15.4,
20250514,10:27:06,-15.3,
20250514,10:27:06,-15.4,
20250514,10:27:06,-15.4,
20250514,10:27:07,-15.6,
20250514,10:27:07,-15.7,
20250514,10:27:07,-16,
20250514,10:27:07,-16.2,
20250514,10:27:08,-16.5,
20250514,10:27:08,-16.8,
20250514,10:27:08,-16.9,
20250514,10:27:09,-16.9,
20250514,10:27:09,-17.1,
20250514,10:27:09,-17.3,
20250514,10:27:09,-17.3,
20250514,10:27:10,-17.4,
20250514,10:27:10,-17.4,
20250514,10:27:10,-17.5,
20250514,10:27:11,-17.6,
20250514,10:27:11,-17.8,
20250514,10:27:11,-17.9,
20250514,10:27:11,-18.2,
20250514,10:27:12,-18.6,
20250514,10:27:12,-18.8,
20250514,10:27:12,-18.8,
20250514,10:27:12,-18.9,
20250514,10:27:13,-18.9,
20250514,10:27:13,-19.1,
20250514,10:27:13,-19.5,
20250514,10:27:14,-20,
20250514,10:27:14,-20.3,
20250514,10:27:14,-20.5,
20250514,10:27:14,-20.5,
20250514,10:27:15,-20.4,
20250514,10:27:15,-19.9,
20250514,10:27:15,-19.5,
20250514,10:27:16,-19.2,
20250514,10:27:16,-18.9,
20250514,10:27:16,-18.7,
20250514,10:27:16,-18.5,
20250514,10:27:17,-18.3,
20250514,10:27:17,-18.1,
20250514,10:27:17,-17.9,
20250514,10:27:17,-17.8,
20250514,10:27:18,-17.6,
20250514,10:27:18,-17.4,
20250514,10:27:18,-17.1,
20250514,10:27:19,-16.9,
20250514,10:27:19,-16.9,
20250514,10:27:19,-16.8,
20250514,10:27:19,-16.8,
20250514,10:27:20,-16.7,
20250514,10:27:20,-16.5,
20250514,10:27:20,-16.5,
20250514,10:27:21,-16.3,
20250514,10:27:21,-16.3,
20250514,10:27:21,-16.1,
20250514,10:27:21,-16.1,
20250514,10:27:22,-16,
20250514,10:27:22,-16.1,
20250514,10:27:22,-16.1,
20250514,10:27:22,-16.2,
20250514,10:27:23,-16.3,
20250514,10:27:23,-16.3,
20250514,10:27:23,-16.4,
20250514,10:27:24,-16.2,
20250514,10:27:24,-16.1,
20250514,10:27:24,-16,
20250514,10:27:24,-16,
20250514,10:27:25,-15.7,
20250514,10:27:25,-15.6,
20250514,10:27:25,-15.5,
20250514,10:27:26,-15.3,
20250514,10:27:26,-15.2,
20250514,10:27:26,-15.1,
20250514,10:27:26,-15.1,
20250514,10:27:27,-15,
20250514,10:27:27,-15,
20250514,10:27:27,-15,
20250514,10:27:27,-14.9,
20250514,10:27:28,-15,
20250514,10:27:28,-15.1,
20250514,10:27:28,-15,
20250514,10:27:29,-15,
20250514,10:27:29,-15.2,
20250514,10:27:29,-15.2,
20250514,10:27:29,-15.2,
20250514,10:27:30,-15.2,
20250514,10:27:30,-15.3,
20250514,10:27:30,-15.4,
20250514,10:27:30,-15.5,
20250514,10:27:31,-15.6,
20250514,10:27:31,-15.8,
20250514,10:27:31,-16.2,
20250514,10:27:32,-16.7,
20250514,10:27:32,-17.2,
20250514,10:27:32,-17.6,
20250514,10:27:32,-17.9,
20250514,10:27:33,-18.1,
20250514,10:27:33,-18.4,
20250514,10:27:33,-18.4,
20250514,10:27:34,-18.5,
20250514,10:27:34,-18.6,
20250514,10:27:34,-18.6,
20250514,10:27:34,-18.6,
20250514,10:27:35,-18.5,
20250514,10:27:35,-18.5,
20250514,10:27:35,-18.4,
20250514,10:27:35,-18.2,
20250514,10:27:36,-18.4,
20250514,10:27:36,-18.4,
20250514,10:27:36,-18.6,
20250514,10:27:37,-18.6,
20250514,10:27:37,-19,
20250514,10:27:37,-19.5,
20250514,10:27:37,-19.7,
20250514,10:27:38,-19.8,
20250514,10:27:38,-19.8,
20250514,10:27:38,-19.6,
20250514,10:27:39,-19.3,
20250514,10:27:39,-19.2,
20250514,10:27:39,-19.1,
20250514,10:27:39,-19.1,
20250514,10:27:40,-19,
20250514,10:27:40,-18.8,
20250514,10:27:40,-18.7,
20250514,10:27:40,-18.7,
20250514,10:27:41,-18.7,
20250514,10:27:41,-18.6,
20250514,10:27:41,-18.4,
20250514,10:27:42,-18.3,
20250514,10:27:42,-18.2,
20250514,10:27:42,-18.2,
20250514,10:27:42,-18.3,
20250514,10:27:43,-18.6,
20250514,10:27:43,-18.7,
20250514,10:27:43,-18.8,
20250514,10:27:43,-19,
20250514,10:27:44,-19.2,
20250514,10:27:44,-19.4,
20250514,10:27:44,-19.5,
20250514,10:27:45,-19.4,
20250514,10:27:45,-19.3,
20250514,10:27:45,-19.2,
20250514,10:27:45,-19,
20250514,10:27:46,-19,
20250514,10:27:46,-19,
20250514,10:27:46,-19,
20250514,10:27:47,-19.1,
20250514,10:27:47,-19.2,
20250514,10:27:47,-19.3,
20250514,10:27:47,-19.5,
20250514,10:27:48,-19.6,
20250514,10:27:48,-19.7,
20250514,10:27:48,-19.8,
20250514,10:27:48,-19.9,
20250514,10:27:49,-19.9,
20250514,10:27:49,-19.9,
20250514,10:27:49,-19.7,
20250514,10:27:50,-19.8,
20250514,10:27:50,-19.8,
20250514,10:27:50,-19.8,
20250514,10:27:50,-19.8,
20250514,10:27:51,-19.9,
20250514,10:27:51,-20.3,
20250514,10:27:51,-21.4,
20250514,10:27:52,-23.4,
20250514,10:27:52,-24.6,
20250514,10:27:52,-24,
20250514,10:27:52,-21.7,
20250514,10:27:53,-19.3,
20250514,10:27:53,-17.3,
20250514,10:27:53,-16,
20250514,10:27:53,-15.1,
20250514,10:27:54,-15,
20250514,10:27:54,-15.1,
20250514,10:27:54,-15.3,
20250514,10:27:55,-15.8,
20250514,10:27:55,-16.1,
20250514,10:27:55,-16.6,
20250514,10:27:55,-17,
20250514,10:27:56,-17.7,
20250514,10:27:56,-18.3,
20250514,10:27:56,-18.8,
20250514,10:27:57,-19.5,
20250514,10:27:57,-20.4,
20250514,10:27:57,-21.1,
20250514,10:27:57,-21.8,
20250514,10:27:58,-22.3,
20250514,10:27:58,-22.9,
20250514,10:27:58,-23.7,
20250514,10:27:58,-24.1,
20250514,10:27:59,-24.5,
20250514,10:27:59,-24.7,
20250514,10:27:59,-25,
20250514,10:28:00,-25.3,
20250514,10:28:00,-25.5,
20250514,10:28:00,-25.6,
20250514,10:28:00,-25.8,
20250514,10:28:01,-25.8,
20250514,10:28:01,-25.9,
20250514,10:28:01,-26.1,
20250514,10:28:01,-26.2,
20250514,10:28:02,-26.3,
20250514,10:28:02,-26.3,
20250514,10:28:02,-26.4,
20250514,10:28:03,-26.5,
20250514,10:28:03,-26.4,
20250514,10:28:03,-26.6,
20250514,10:28:03,-26.5,
20250514,10:28:04,-26.5,
20250514,10:28:04,-26.6,
20250514,10:28:04,-26.6,
20250514,10:28:05,-26.5,
20250514,10:28:05,-26.5,
20250514,10:28:05,-26.5,
20250514,10:28:05,-26.7,
20250514,10:28:06,-27.1,
20250514,10:28:06,-27.2,
20250514,10:28:06,-27.3,
20250514,10:28:07,-27.5,
20250514,10:28:07,-27.6,
20250514,10:28:07,-27.7,
20250514,10:28:07,-27.6,
20250514,10:28:08,-27.6,
20250514,10:28:08,-27.6,
20250514,10:28:08,-27.6,
20250514,10:28:08,-27.5,
20250514,10:28:09,-27.5,
20250514,10:28:09,-27.4,
20250514,10:28:09,-27.4,
20250514,10:28:10,-27.5,
20250514,10:28:10,-27.7,
20250514,10:28:10,-27.8,
20250514,10:28:10,-28,
20250514,10:28:11,-28,
20250514,10:28:11,-28,
20250514,10:28:11,-28.3,
20250514,10:28:11,-28.3,
20250514,10:28:12,-28.4,
20250514,10:28:12,-28.4,
20250514,10:28:12,-28.5,
20250514,10:28:13,-28.5,
20250514,10:28:13,-28.5,
20250514,10:28:13,-28.4,
20250514,10:28:13,-28.5,
20250514,10:28:14,-28.5,
20250514,10:28:14,-28.6,
20250514,10:28:14,-28.6,
20250514,10:28:15,-28.6,
20250514,10:28:15,-28.6,
20250514,10:28:15,-28.6,
20250514,10:28:15,-28.6,
20250514,10:28:16,-28.5,
20250514,10:28:16,-28.5,
20250514,10:28:16,-28.4,
20250514,10:28:16,-28.3,
20250514,10:28:17,-28.4,
20250514,10:28:17,-28.3,
20250514,10:28:17,-28.3,
20250514,10:28:18,-28.3,
20250514,10:28:18,-28.4,
20250514,10:28:18,-28.4,
20250514,10:28:18,-28.5,
20250514,10:28:19,-28.5,
20250514,10:28:19,-28.6,
20250514,10:28:19,-28.8,
20250514,10:28:20,-28.9,
20250514,10:28:20,-29.1,
20250514,10:28:20,-29.2,
20250514,10:28:20,-29.2,
20250514,10:28:21,-29.3,
20250514,10:28:21,-29.7,
20250514,10:28:21,-29.8,
20250514,10:28:21,-29.9,
20250514,10:28:22,-30,
20250514,10:28:22,-30.1,
20250514,10:28:22,-30,
20250514,10:28:23,-29.9,
20250514,10:28:23,-29.8,
20250514,10:28:23,-29.5,
20250514,10:28:23,-29.3,
20250514,10:28:24,-29.2,
20250514,10:28:24,-29.3,
20250514,10:28:24,-29.3,
20250514,10:28:24,-29.2,
20250514,10:28:25,-29.1,
20250514,10:28:25,-29,
20250514,10:28:25,-28.9,
20250514,10:28:26,-28.9,
20250514,10:28:26,-28.7,
20250514,10:28:26,-28.3,
20250514,10:28:26,-28.1,
20250514,10:28:27,-28,
20250514,10:28:27,-27.9,
20250514,10:28:27,-28.1,
20250514,10:28:28,-28.3,
20250514,10:28:28,-28.7,
20250514,10:28:28,-28.9,
20250514,10:28:28,-29.2,
20250514,10:28:29,-29.5,
20250514,10:28:29,-29.7,
20250514,10:28:29,-29.9,
20250514,10:28:29,-30,
20250514,10:28:30,-30.2,
20250514,10:28:30,-30.1,
20250514,10:28:30,-30.2,
20250514,10:28:31,-30.2,
20250514,10:28:31,-30.2,
20250514,10:28:31,-30.2,
20250514,10:28:31,-30.1,
20250514,10:28:32,-30.1,
20250514,10:28:32,-30.2,
20250514,10:28:32,-30.2,
20250514,10:28:33,-30.2,
20250514,10:28:33,-30.3,
20250514,10:28:33,-30.3,
20250514,10:28:33,-30.4,
20250514,10:28:34,-30.7,
20250514,10:28:34,-31.4,
20250514,10:28:34,-32.4,
20250514,10:28:34,-32.9,
20250514,10:28:35,-33.2,
20250514,10:28:35,-32.9,
20250514,10:28:35,-32.6,
20250514,10:28:36,-32.3,
20250514,10:28:36,-32.3,
20250514,10:28:36,-32.2,
20250514,10:28:36,-32,
20250514,10:28:37,-31.9,
20250514,10:28:37,-31.8,
20250514,10:28:37,-31.7,
20250514,10:28:38,-31.7,
20250514,10:28:38,-31.8,
20250514,10:28:38,-32,
20250514,10:28:38,-32.3,
20250514,10:28:39,-32.5,
20250514,10:28:39,-32.9,
20250514,10:28:39,-33.1,
20250514,10:28:39,-33.3,
20250514,10:28:40,-33.5,
20250514,10:28:40,-33.7,
20250514,10:28:40,-33.8,
20250514,10:28:41,-34,
20250514,10:28:41,-34,
20250514,10:28:41,-34.2,
20250514,10:28:41,-34.3,
20250514,10:28:42,-34.4,
20250514,10:28:42,-34.5,
20250514,10:28:42,-34.7,
20250514,10:28:42,-34.6,
20250514,10:28:43,-34.7,
20250514,10:28:43,-34.6,
20250514,10:28:43,-34.7,
20250514,10:28:44,-34.8,
20250514,10:28:44,-34.7,
20250514,10:28:44,-34.8,
20250514,10:28:45,-34.7,
20250514,10:28:45,-34.8,
20250514,10:28:45,-34.9,
20250514,10:28:45,-34.9,
20250514,10:28:46,-35,
20250514,10:28:46,-35,
20250514,10:28:46,-35.1,
20250514,10:28:46,-35.2,
20250514,10:28:47,-35.3,
20250514,10:28:47,-35.4,
20250514,10:28:47,-35.5,
20250514,10:28:47,-35.5,
20250514,10:28:48,-35.5,
20250514,10:28:48,-35.7,
20250514,10:28:48,-35.7,
20250514,10:28:49,-36.2,
20250514,10:28:49,-36.6,
20250514,10:28:49,-37,
20250514,10:28:49,-37.3,
20250514,10:28:50,-37.2,
20250514,10:28:50,-37.3,
20250514,10:28:50,-37.1,
20250514,10:28:51,-37,
20250514,10:28:51,-37,
20250514,10:28:51,-36.9,
20250514,10:28:51,-36.9,
20250514,10:28:52,-36.9,
20250514,10:28:52,-36.9,
20250514,10:28:52,-36.9,
20250514,10:28:52,-36.9,
20250514,10:28:53,-37.1,
20250514,10:28:53,-37.3,
20250514,10:28:53,-37.3,
20250514,10:28:54,-37.4,
20250514,10:28:54,-37.5,
20250514,10:28:54,-37.5,
20250514,10:28:54,-37.5,
20250514,10:28:55,-37.6,
20250514,10:28:55,-37.4,
20250514,10:28:55,-37.4,
20250514,10:28:56,-37.4,
20250514,10:28:56,-37.4,
20250514,10:28:56,-37.4,
20250514,10:28:56,-37.4,
20250514,10:28:57,-37.6,
20250514,10:28:57,-37.7,
20250514,10:28:57,-38,
20250514,10:28:57,-38.4,
20250514,10:28:58,-39.2,
20250514,10:28:58,-39.6,
20250514,10:28:58,-39.9,
20250514,10:28:59,-39.9,
20250514,10:28:59,-39.8,
20250514,10:28:59,-39.6,
20250514,10:28:59,-39.3,
20250514,10:29:00,-39.1,
20250514,10:29:00,-39,
20250514,10:29:00,-38.9,
20250514,10:29:01,-38.9,
20250514,10:29:01,-38.9,
20250514,10:29:01,-38.9,
20250514,10:29:01,-39,
20250514,10:29:02,-39.1,
20250514,10:29:02,-39.1,
20250514,10:29:02,-39.2,
20250514,10:29:02,-39.2,
20250514,10:29:03,-39.1,
20250514,10:29:03,-39,
20250514,10:29:03,-38.9,
20250514,10:29:04,-38.9,
20250514,10:29:04,-38.9,
20250514,10:29:04,-38.8,
20250514,10:29:04,-38.8,
20250514,10:29:05,-38.8,
20250514,10:29:05,-38.8,
20250514,10:29:05,-38.7,
20250514,10:29:05,-38.8,
20250514,10:29:06,-38.8,
20250514,10:29:06,-39.1,
20250514,10:29:06,-39.4,
20250514,10:29:07,-39.8,
20250514,10:29:07,-40,
20250514,10:29:07,-40.3,
20250514,10:29:07,-40.4,
20250514,10:29:08,-40.3,
20250514,10:29:08,-40.4,
20250514,10:29:08,-40.3,
20250514,10:29:09,-40.2,
20250514,10:29:09,-40,
20250514,10:29:09,-40,
20250514,10:29:09,-39.9,
20250514,10:29:10,-39.8,
20250514,10:29:10,-39.7,
20250514,10:29:10,-39.6,
20250514,10:29:10,-39.7,
20250514,10:29:11,-39.6,
20250514,10:29:11,-39.5,
20250514,10:29:11,-39.4,
20250514,10:29:12,-39.4,
20250514,10:29:12,-39.4,
20250514,10:29:12,-39.3,
20250514,10:29:12,-39.4,
20250514,10:29:13,-39.3,
20250514,10:29:13,-39.3,
20250514,10:29:13,-39.2,
20250514,10:29:14,-39.2,
20250514,10:29:14,-39.2,
20250514,10:29:14,-39.2,
20250514,10:29:14,-39.3,
20250514,10:29:15,-39.2,
20250514,10:29:15,-39.3,
20250514,10:29:15,-39.2,
20250514,10:29:15,-39.2,
20250514,10:29:16,-39.3,
20250514,10:29:16,-39.4,
20250514,10:29:16,-39.5,
20250514,10:29:17,-39.6,
20250514,10:29:17,-39.6,
20250514,10:29:17,-39.7,
20250514,10:29:17,-39.7,
20250514,10:29:18,-39.8,
20250514,10:29:18,-39.7,
20250514,10:29:18,-39.7,
20250514,10:29:19,-39.7,
20250514,10:29:19,-39.6,
20250514,10:29:19,-39.5,
20250514,10:29:19,-39.5,
20250514,10:29:20,-39.5,
20250514,10:29:20,-39.4,
20250514,10:29:20,-39.2,
20250514,10:29:20,-39.2,
20250514,10:29:21,-39.2,
20250514,10:29:21,-39.1,
20250514,10:29:21,-39.1,
20250514,10:29:22,-39,
20250514,10:29:22,-39,
20250514,10:29:22,-38.8,
20250514,10:29:22,-38.8,
20250514,10:29:23,-38.7,
20250514,10:29:23,-38.7,
20250514,10:29:23,-38.7,
20250514,10:29:23,-38.5,
20250514,10:29:24,-38.5,
20250514,10:29:24,-38.5,
20250514,10:29:24,-38.5,
20250514,10:29:25,-38.4,
20250514,10:29:25,-38.3,
20250514,10:29:25,-38.3,
20250514,10:29:25,-38.2,
20250514,10:29:26,-38.1,
20250514,10:29:26,-38.1,
20250514,10:29:26,-38.2,
20250514,10:29:27,-38.4,
20250514,10:29:27,-38.6,
20250514,10:29:27,-38.8,
20250514,10:29:27,-39,
20250514,10:29:28,-39,
20250514,10:29:28,-38.9,
20250514,10:29:28,-38.9,
20250514,10:29:28,-38.9,
20250514,10:29:29,-38.7,
20250514,10:29:29,-38.7,
20250514,10:29:29,-38.6,
20250514,10:29:30,-38.4,
20250514,10:29:30,-38.4,
20250514,10:29:30,-38.3,
20250514,10:29:30,-38.6,
20250514,10:29:31,-38.7,
20250514,10:29:31,-38.5,
20250514,10:29:31,-38.3,
20250514,10:29:32,-38.3,
20250514,10:29:32,-38.3,
20250514,10:29:32,-38.3,
20250514,10:29:32,-38.3,
20250514,10:29:33,-38.3,
20250514,10:29:33,-38.3,
20250514,10:29:33,-38.3,
20250514,10:29:33,-38.2,
20250514,10:29:34,-38.1,
20250514,10:29:34,-38,
20250514,10:29:34,-37.8,
20250514,10:29:35,-37.7,
20250514,10:29:35,-37.5,
20250514,10:29:35,-37.4,
20250514,10:29:35,-37.4,
20250514,10:29:36,-37.2,
20250514,10:29:36,-37.1,
20250514,10:29:36,-36.9,
20250514,10:29:37,-36.9,
20250514,10:29:37,-36.7,
20250514,10:29:37,-36.6,
20250514,10:29:37,-36.6,
20250514,10:29:38,-36.5,
20250514,10:29:38,-36.4,
20250514,10:29:38,-36.3,
20250514,10:29:38,-36.1,
20250514,10:29:39,-36.1,
20250514,10:29:39,-36.1,
20250514,10:29:39,-36,
20250514,10:29:40,-35.8,
20250514,10:29:40,-35.8,
20250514,10:29:40,-35.7,
20250514,10:29:40,-35.5,
20250514,10:29:41,-35.4,
20250514,10:29:41,-35.3,
20250514,10:29:41,-35.3,
20250514,10:29:41,-35.2,
20250514,10:29:42,-35.1,
20250514,10:29:42,-35,
20250514,10:29:42,-35,
20250514,10:29:43,-35.1,
20250514,10:29:43,-35.3,
20250514,10:29:43,-35.7,
20250514,10:29:43,-35.8,
20250514,10:29:44,-36,
20250514,10:29:44,-36.1,
20250514,10:29:44,-36.1,
20250514,10:29:45,-36.2,
20250514,10:29:45,-36.2,
20250514,10:29:45,-36.1,
20250514,10:29:45,-35.9,
20250514,10:29:46,-35.8,
20250514,10:29:46,-35.7,
20250514,10:29:46,-35.5,
20250514,10:29:46,-35.4,
20250514,10:29:47,-35.3,
20250514,10:29:47,-35.3,
20250514,10:29:47,-35.4,
20250514,10:29:48,-35.5,
20250514,10:29:48,-35.7,
20250514,10:29:48,-35.7,
20250514,10:29:48,-35.7,
20250514,10:29:49,-35.7,
20250514,10:29:49,-35.7,
20250514,10:29:49,-35.7,
20250514,10:29:50,-35.6,
20250514,10:29:50,-35.5,
20250514,10:29:50,-35.6,
20250514,10:29:50,-35.9,
20250514,10:29:51,-36.9,
20250514,10:29:51,-38.4,
20250514,10:29:51,-39.6,
20250514,10:29:51,-40,
20250514,10:29:52,-39.8,
20250514,10:29:52,-39.2,
20250514,10:29:52,-38.7,
20250514,10:29:53,-38.4,
20250514,10:29:53,-38.3,
20250514,10:29:53,-38.4,
20250514,10:29:53,-38.7,
20250514,10:29:54,-39.1,
20250514,10:29:54,-39.4,
20250514,10:29:54,-40,
20250514,10:29:55,-40.4,
20250514,10:29:55,-40.9,
20250514,10:29:55,-41.3,
20250514,10:29:55,-41.7,
20250514,10:29:56,-41.9,
20250514,10:29:56,-42.1,
20250514,10:29:56,-42.3,
20250514,10:29:56,-42.3,
20250514,10:29:57,-42.3,
20250514,10:29:57,-42.3,
20250514,10:29:57,-42.2,
20250514,10:29:58,-42.2,
20250514,10:29:58,-42.3,
20250514,10:29:58,-42.3,
20250514,10:29:58,-42.4,
20250514,10:29:59,-42.3,
20250514,10:29:59,-42.2,
20250514,10:29:59,-42.1,
20250514,10:30:00,-42,
20250514,10:30:00,-41.8,
20250514,10:30:00,-41.8,
20250514,10:30:00,-41.9,
20250514,10:30:01,-42.3,
20250514,10:30:01,-43,
20250514,10:30:01,-43.7,
20250514,10:30:02,-43.7,
20250514,10:30:02,-42.7,
20250514,10:30:02,-41.1,
20250514,10:30:02,-39.5,
20250514,10:30:03,-38.2,
20250514,10:30:03,-37.3,
20250514,10:30:03,-36.7,
20250514,10:30:03,-36.7,
20250514,10:30:04,-37,
20250514,10:30:04,-37.6,
20250514,10:30:04,-38.3,
20250514,10:30:04,-39,
20250514,10:30:05,-39.7,
20250514,10:30:05,-40.4,
20250514,10:30:05,-40.9,
20250514,10:30:06,-41.4,
20250514,10:30:06,-41.7,
20250514,10:30:06,-42,
20250514,10:30:06,-42.2,
20250514,10:30:07,-42.4,
20250514,10:30:07,-42.4,
20250514,10:30:07,-42.5,
20250514,10:30:08,-42.5,
20250514,10:30:08,-42.5,
20250514,10:30:08,-42.5,
20250514,10:30:08,-42.5,
20250514,10:30:09,-42.5,
20250514,10:30:09,-42.5,
20250514,10:30:09,-42.5,
20250514,10:30:09,-42.4,
20250514,10:30:10,-42.2,
20250514,10:30:10,-42.1,
20250514,10:30:10,-41.9,
20250514,10:30:11,-41.8,
20250514,10:30:11,-42,
20250514,10:30:11,-42.3,
20250514,10:30:11,-42.8,
20250514,10:30:12,-43.2,
20250514,10:30:12,-43.4,
20250514,10:30:12,-43.5,
20250514,10:30:13,-43.6,
20250514,10:30:13,-43.7,
20250514,10:30:13,-43.5,
20250514,10:30:13,-43.4,
20250514,10:30:14,-43.4,
20250514,10:30:14,-43.2,
20250514,10:30:14,-43,
20250514,10:30:14,-42.8,
20250514,10:30:15,-42.8,
20250514,10:30:15,-42.8,
20250514,10:30:15,-42.8,
20250514,10:30:16,-42.7,
20250514,10:30:16,-42.7,
20250514,10:30:16,-42.7,
20250514,10:30:16,-42.7,
20250514,10:30:17,-43.2,
20250514,10:30:17,-44.1,
20250514,10:30:17,-44.6,
20250514,10:30:17,-43.4,
20250514,10:30:18,-41,
20250514,10:30:18,-38.7,
20250514,10:30:18,-37,
20250514,10:30:19,-35.6,
20250514,10:30:19,-34.8,
20250514,10:30:19,-34.4,
20250514,10:30:19,-34.1,
20250514,10:30:20,-33.3,
20250514,10:30:20,-32.1,
20250514,10:30:20,-30.6,
20250514,10:30:21,-29.4,
20250514,10:30:21,-28.4,
20250514,10:30:21,-27.5,
20250514,10:30:21,-26.9,
20250514,10:30:22,-26.4,
20250514,10:30:22,-26.3,
20250514,10:30:22,-26.3,
20250514,10:30:23,-26.7,
20250514,10:30:23,-27.2,
20250514,10:30:23,-28,
20250514,10:30:23,-28.8,
20250514,10:30:24,-29.6,
20250514,10:30:24,-30.4,
20250514,10:30:24,-31.3,
20250514,10:30:24,-32,
20250514,10:30:25,-32.8,
20250514,10:30:25,-33.3,
20250514,10:30:25,-34,
20250514,10:30:26,-34.7,
20250514,10:30:26,-35.2,
20250514,10:30:26,-35.7,
20250514,10:30:26,-36,
20250514,10:30:27,-36.3,
20250514,10:30:27,-36.6,
20250514,10:30:27,-36.6,
20250514,10:30:27,-36.8,
20250514,10:30:28,-37,
20250514,10:30:28,-37.2,
20250514,10:30:28,-37.4,
20250514,10:30:29,-37.4,
20250514,10:30:29,-37.5,
20250514,10:30:29,-37.7,
20250514,10:30:29,-37.8,
20250514,10:30:30,-37.9,
20250514,10:30:30,-38,
20250514,10:30:30,-38.2,
20250514,10:30:31,-38.3,
20250514,10:30:31,-38.6,
20250514,10:30:31,-38.8,
20250514,10:30:31,-39,
20250514,10:30:32,-39.2,
20250514,10:30:32,-39.4,
20250514,10:30:32,-39.8,
20250514,10:30:32,-39.9,
20250514,10:30:33,-40.2,
20250514,10:30:33,-40.3,
20250514,10:30:33,-40.3,
20250514,10:30:34,-40.7,
20250514,10:30:34,-40.9,
20250514,10:30:34,-40.4,
20250514,10:30:34,-38.8,
20250514,10:30:35,-36.7,
20250514,10:30:35,-34.6,
20250514,10:30:35,-32.6,
20250514,10:30:35,-31,
20250514,10:30:36,-29.6,
20250514,10:30:36,-28.3,
20250514,10:30:36,-27.2,
20250514,10:30:37,-26.1,
20250514,10:30:37,-25.2,
20250514,10:30:37,-24.5,
20250514,10:30:37,-23.9,
20250514,10:30:38,-23.6,
20250514,10:30:38,-23.3,
20250514,10:30:38,-23.2,
20250514,10:30:39,-23.2,
20250514,10:30:39,-23.3,
20250514,10:30:39,-23.5,
20250514,10:30:39,-23.7,
20250514,10:30:40,-24,
20250514,10:30:40,-24.4,
20250514,10:30:40,-24.9,
20250514,10:30:41,-25.5,
20250514,10:30:41,-26,
20250514,10:30:41,-26.5,
20250514,10:30:41,-27,
20250514,10:30:42,-27.6,
20250514,10:30:42,-27.9,
20250514,10:30:42,-28,
20250514,10:30:42,-27.9,
20250514,10:30:43,-27.7,
20250514,10:30:43,-27.5,
20250514,10:30:43,-27.3,
20250514,10:30:44,-27.2,
20250514,10:30:44,-27.2,
20250514,10:30:44,-27.3,
20250514,10:30:44,-27.4,
20250514,10:30:45,-27.5,
20250514,10:30:45,-27.9,
20250514,10:30:45,-28,
20250514,10:30:45,-28.4,
20250514,10:30:46,-28.9,
20250514,10:30:46,-29.2,
20250514,10:30:46,-29.6,
20250514,10:30:47,-29.9,
20250514,10:30:47,-30,
20250514,10:30:47,-30.1,
20250514,10:30:47,-30.3,
20250514,10:30:48,-30.4,
20250514,10:30:48,-30.5,
20250514,10:30:48,-30.5,
20250514,10:30:49,-30.6,
20250514,10:30:49,-30.7,
20250514,10:30:49,-31,
20250514,10:30:49,-31,
20250514,10:30:50,-31.2,
20250514,10:30:50,-31.4,
20250514,10:30:50,-31.5,
20250514,10:30:50,-30.6,
20250514,10:30:51,-28,
20250514,10:30:51,-25.4,
20250514,10:30:51,-22.9,
20250514,10:30:52,-21,
20250514,10:30:52,-19.5,
20250514,10:30:52,-18.6,
20250514,10:30:52,-18,
20250514,10:30:53,-17.8,
20250514,10:30:53,-17.8,
20250514,10:30:53,-18,
20250514,10:30:54,-17.6,
20250514,10:30:54,-16.6,
20250514,10:30:54,-15.2,
20250514,10:30:54,-13.9,
20250514,10:30:55,-12.7,
20250514,10:30:55,-11.8,
20250514,10:30:55,-11.1,
20250514,10:30:55,-10.8,
20250514,10:30:56,-10.6,
20250514,10:30:56,-10.6,
20250514,10:30:56,-10.6,
20250514,10:30:57,-10.8,
20250514,10:30:57,-11.1,
20250514,10:30:57,-11.7,
20250514,10:30:57,-12.3,
20250514,10:30:58,-12.9,
20250514,10:30:58,-13.9,
20250514,10:30:58,-15,
20250514,10:30:58,-16.1,
20250514,10:30:59,-16.9,
20250514,10:30:59,-17.8,
20250514,10:30:59,-18.7,
20250514,10:31:00,-19.5,
20250514,10:31:00,-20.4,
20250514,10:31:00,-21,
20250514,10:31:00,-21.6,
20250514,10:31:01,-22.1,
20250514,10:31:01,-22.7,
20250514,10:31:01,-23.1,
20250514,10:31:02,-23.6,
20250514,10:31:02,-24,
20250514,10:31:02,-24.5,
20250514,10:31:02,-24.8,
20250514,10:31:03,-25.1,
20250514,10:31:03,-25.5,
20250514,10:31:03,-25.8,
20250514,10:31:03,-26.2,
20250514,10:31:04,-26.5,
20250514,10:31:04,-26.9,
20250514,10:31:04,-27.2,
20250514,10:31:05,-27.4,
20250514,10:31:05,-27.8,
20250514,10:31:05,-28,
20250514,10:31:05,-28.5,
20250514,10:31:06,-28.9,
20250514,10:31:06,-29.3,
20250514,10:31:06,-29.6,
20250514,10:31:07,-29.9,
20250514,10:31:07,-30.1,
20250514,10:31:07,-30.5,
20250514,10:31:07,-30.8,
20250514,10:31:08,-31.4,
20250514,10:31:08,-31.7,
20250514,10:31:08,-31.7,
20250514,10:31:08,-31.6,
20250514,10:31:09,-31.4,
20250514,10:31:09,-31.1,
20250514,10:31:10,-30.8,
20250514,10:31:10,-30.6,
20250514,10:31:10,-30.7,
20250514,10:31:10,-30.7,
20250514,10:31:10,-31,
20250514,10:31:11,-31.3,
20250514,10:31:11,-31.7,
20250514,10:31:11,-32.3,
20250514,10:31:12,-32.9,
20250514,10:31:12,-33.1,
20250514,10:31:12,-32.9,
20250514,10:31:12,-32.5,
20250514,10:31:13,-32.2,
20250514,10:31:13,-31.8,
20250514,10:31:13,-31.5,
20250514,10:31:13,-31.5,
20250514,10:31:14,-31.5,
20250514,10:31:14,-31.6,
20250514,10:31:14,-32.1,
20250514,10:31:15,-32.3,
20250514,10:31:15,-32.4,
20250514,10:31:15,-32.5,
20250514,10:31:15,-32.8,
20250514,10:31:16,-32.9,
20250514,10:31:16,-33.2,
20250514,10:31:16,-33.5,
20250514,10:31:16,-33.8,
20250514,10:31:17,-34,
20250514,10:31:17,-34.2,
20250514,10:31:17,-34.2,
20250514,10:31:18,-34.5,
20250514,10:31:18,-34.6,
20250514,10:31:18,-34.8,
20250514,10:31:18,-34.9,
20250514,10:31:19,-34.9,
20250514,10:31:19,-35,
20250514,10:31:19,-35,
20250514,10:31:20,-34.9,
20250514,10:31:20,-35,
20250514,10:31:20,-35,
20250514,10:31:20,-35,
20250514,10:31:21,-35,
20250514,10:31:21,-35.1,
20250514,10:31:21,-35,
20250514,10:31:22,-35.2,
20250514,10:31:22,-35.3,
20250514,10:31:22,-35.7,
20250514,10:31:22,-36,
20250514,10:31:23,-36.2,
20250514,10:31:23,-35.6,
20250514,10:31:23,-34.3,
20250514,10:31:23,-32.4,
20250514,10:31:24,-29.9,
20250514,10:31:24,-27.4,
20250514,10:31:24,-25.1,
20250514,10:31:25,-23,
20250514,10:31:25,-21.8,
20250514,10:31:25,-20.9,
20250514,10:31:25,-20.5,
20250514,10:31:26,-20.4,
20250514,10:31:26,-20.7,
20250514,10:31:26,-21.1,
20250514,10:31:26,-21.7,
20250514,10:31:27,-22.5,
20250514,10:31:27,-23.2,
20250514,10:31:27,-23.9,
20250514,10:31:28,-24.6,
20250514,10:31:28,-25.2,
20250514,10:31:28,-25.6,
20250514,10:31:28,-26,
20250514,10:31:29,-26.4,
20250514,10:31:29,-26.8,
20250514,10:31:29,-27.2,
20250514,10:31:30,-27.5,
20250514,10:31:30,-27.8,
20250514,10:31:30,-28.1,
20250514,10:31:30,-28.6,
20250514,10:31:31,-28.9,
20250514,10:31:31,-29.2,
20250514,10:31:31,-29.4,
20250514,10:31:31,-29.5,
20250514,10:31:32,-29.6,
20250514,10:31:32,-29.8,
20250514,10:31:32,-29.9,
20250514,10:31:33,-29.9,
20250514,10:31:33,-30.2,
20250514,10:31:33,-30.3,
20250514,10:31:33,-30.4,
20250514,10:31:34,-30.6,
20250514,10:31:34,-30.7,
20250514,10:31:34,-30.7,
20250514,10:31:35,-30.9,
20250514,10:31:35,-30.9,
20250514,10:31:35,-31.1,
20250514,10:31:35,-31,
20250514,10:31:36,-31.2,
20250514,10:31:36,-31.2,
20250514,10:31:36,-31.2,
20250514,10:31:36,-31.4,
20250514,10:31:37,-31.5,
20250514,10:31:37,-31.7,
20250514,10:31:37,-31.8,
20250514,10:31:38,-31.9,
20250514,10:31:38,-32,
20250514,10:31:38,-32,
20250514,10:31:38,-32,
20250514,10:31:39,-32,
20250514,10:31:39,-32.2,
20250514,10:31:39,-32.1,
20250514,10:31:39,-32.3,
20250514,10:31:40,-32.3,
20250514,10:31:40,-32.5,
20250514,10:31:40,-32.7,
20250514,10:31:41,-33.1,
20250514,10:31:41,-33.2,
20250514,10:31:41,-33.5,
20250514,10:31:41,-33.7,
20250514,10:31:42,-33.7,
20250514,10:31:42,-33.8,
20250514,10:31:42,-33.6,
20250514,10:31:43,-33.7,
20250514,10:31:43,-33.5,
20250514,10:31:43,-33.5,
20250514,10:31:43,-33.3,
20250514,10:31:44,-33.2,
20250514,10:31:44,-33.2,
20250514,10:31:44,-33.2,
20250514,10:31:44,-33.2,
20250514,10:31:45,-33.2,
20250514,10:31:45,-33.3,
20250514,10:31:45,-33.4,
20250514,10:31:46,-33.5,
20250514,10:31:46,-33.7,
20250514,10:31:46,-33.8,
20250514,10:31:46,-34,
20250514,10:31:47,-34,
20250514,10:31:47,-33.9,
20250514,10:31:47,-34,
20250514,10:31:48,-33.8,
20250514,10:31:48,-33.5,
20250514,10:31:48,-33.5,
20250514,10:31:48,-33.6,
20250514,10:31:49,-33.6,
20250514,10:31:49,-33.6,
20250514,10:31:49,-33.6,
20250514,10:31:49,-33.8,
20250514,10:31:50,-33.9,
20250514,10:31:50,-34,
20250514,10:31:50,-34,
20250514,10:31:51,-34.1,
20250514,10:31:51,-34,
20250514,10:31:51,-34,
20250514,10:31:51,-33.9,
20250514,10:31:52,-34,
20250514,10:31:52,-34.2,
20250514,10:31:52,-34.7,
20250514,10:31:53,-34.9,
20250514,10:31:53,-35.7,
20250514,10:31:53,-35.7,
20250514,10:31:53,-35.6,
20250514,10:31:54,-35.3,
20250514,10:31:54,-34.9,
20250514,10:31:54,-34.8,
20250514,10:31:54,-34.5,
20250514,10:31:55,-34.5,
20250514,10:31:55,-34.3,
20250514,10:31:55,-34,
20250514,10:31:56,-34.1,
20250514,10:31:56,-34,
20250514,10:31:56,-34,
20250514,10:31:56,-33.9,
20250514,10:31:57,-33.9,
20250514,10:31:57,-33.9,
20250514,10:31:57,-34,
20250514,10:31:57,-34,
20250514,10:31:58,-34.1,
20250514,10:31:58,-34.2,
20250514,10:31:58,-34.2,
20250514,10:31:59,-34.3,
20250514,10:31:59,-34.4,
20250514,10:31:59,-34.4,
20250514,10:31:59,-34.6,
20250514,10:32:00,-34.6,
20250514,10:32:00,-34.7,
20250514,10:32:00,-34.7,
20250514,10:32:01,-34.8,
20250514,10:32:01,-35.2,
20250514,10:32:01,-35.2,
20250514,10:32:01,-34.9,
20250514,10:32:02,-34.7,
20250514,10:32:02,-34.6,
20250514,10:32:02,-34.5,
20250514,10:32:03,-34.3,
20250514,10:32:03,-34.5,
20250514,10:32:03,-34.8,
20250514,10:32:03,-35,
20250514,10:32:04,-34.4,
20250514,10:32:04,-33.3,
20250514,10:32:04,-31.5,
20250514,10:32:04,-29.9,
20250514,10:32:05,-28.6,
20250514,10:32:05,-27.7,
20250514,10:32:05,-27,
20250514,10:32:06,-26.5,
20250514,10:32:06,-26.3,
20250514,10:32:06,-26.3,
20250514,10:32:06,-26.4,
20250514,10:32:07,-26.5,
20250514,10:32:07,-26.7,
20250514,10:32:07,-26.9,
20250514,10:32:07,-27.2,
20250514,10:32:08,-27.2,
20250514,10:32:08,-27.2,
20250514,10:32:08,-27.3,
20250514,10:32:09,-27.4,
20250514,10:32:09,-27.5,
20250514,10:32:09,-27.7,
20250514,10:32:09,-28,
20250514,10:32:10,-28.2,
20250514,10:32:10,-28.3,
20250514,10:32:10,-28.4,
20250514,10:32:11,-28.3,
20250514,10:32:11,-28.4,
20250514,10:32:11,-28.4,
20250514,10:32:11,-28.4,
20250514,10:32:12,-28.6,
20250514,10:32:12,-28.8,
20250514,10:32:12,-29.1,
20250514,10:32:12,-29.6,
20250514,10:32:13,-29.9,
20250514,10:32:13,-30,
20250514,10:32:13,-30,
20250514,10:32:14,-29.9,
20250514,10:32:14,-29.9,
20250514,10:32:14,-29.9,
20250514,10:32:14,-29.9,
20250514,10:32:15,-29.9,
20250514,10:32:15,-30,
20250514,10:32:15,-30.2,
20250514,10:32:16,-30.3,
20250514,10:32:16,-30.5,
20250514,10:32:16,-30.5,
20250514,10:32:16,-30.4,
20250514,10:32:17,-30.4,
20250514,10:32:17,-30.3,
20250514,10:32:17,-30.3,
20250514,10:32:17,-30.3,
20250514,10:32:18,-30.2,
20250514,10:32:18,-30.2,
20250514,10:32:18,-30.2,
20250514,10:32:19,-30.3,
20250514,10:32:19,-30.5,
20250514,10:32:19,-30.6,
20250514,10:32:19,-30.6,
20250514,10:32:20,-30.6,
20250514,10:32:20,-30.7,
20250514,10:32:20,-30.8,
20250514,10:32:21,-30.9,
20250514,10:32:21,-31.1,
20250514,10:32:21,-31.2,
20250514,10:32:21,-31.1,
20250514,10:32:22,-31.3,
20250514,10:32:22,-31.3,
20250514,10:32:22,-31.3,
20250514,10:32:22,-31.3,
20250514,10:32:23,-31.3,
20250514,10:32:23,-31.4,
20250514,10:32:23,-31.4,
20250514,10:32:24,-31.4,
20250514,10:32:24,-31.5,
20250514,10:32:24,-31.5,
20250514,10:32:24,-31.5,
20250514,10:32:25,-31.5,
20250514,10:32:25,-31.3,
20250514,10:32:25,-31.2,
20250514,10:32:25,-31.2,
20250514,10:32:26,-31.2,
20250514,10:32:26,-31.4,
20250514,10:32:26,-31.5,
20250514,10:32:27,-31.8,
20250514,10:32:27,-31.9,
20250514,10:32:27,-32,
20250514,10:32:27,-32,
20250514,10:32:28,-31.9,
20250514,10:32:28,-31.8,
20250514,10:32:28,-31.7,
20250514,10:32:29,-31.7,
20250514,10:32:29,-31.7,
20250514,10:32:29,-31.6,
20250514,10:32:29,-31.6,
20250514,10:32:30,-31.6,
20250514,10:32:30,-31.5,
20250514,10:32:30,-31.5,
20250514,10:32:30,-31.5,
20250514,10:32:31,-31.5,
20250514,10:32:31,-31.5,
20250514,10:32:31,-31.6,
20250514,10:32:32,-31.5,
20250514,10:32:32,-31.6,
20250514,10:32:32,-31.6,
20250514,10:32:32,-31.5,
20250514,10:32:33,-31.5,
20250514,10:32:33,-31.5,
20250514,10:32:33,-31.5,
20250514,10:32:34,-31.5,
20250514,10:32:34,-31.5,
20250514,10:32:34,-31.4,
20250514,10:32:34,-31.5,
20250514,10:32:35,-31.4,
20250514,10:32:35,-31.5,
20250514,10:32:35,-31.5,
20250514,10:32:35,-31.5,
20250514,10:32:36,-31.5,
20250514,10:32:36,-31.6,
20250514,10:32:36,-31.7,
20250514,10:32:37,-31.8,
20250514,10:32:37,-31.5,
20250514,10:32:37,-31.2,
20250514,10:32:37,-30.6,
20250514,10:32:38,-29.9,
20250514,10:32:38,-29.3,
20250514,10:32:38,-28.9,
20250514,10:32:38,-28.3,
20250514,10:32:39,-28,
20250514,10:32:39,-27.9,
20250514,10:32:39,-27.8,
20250514,10:32:40,-27.9,
20250514,10:32:40,-28.1,
20250514,10:32:40,-28.2,
20250514,10:32:40,-28.3,
20250514,10:32:41,-28.3,
20250514,10:32:41,-28.1,
20250514,10:32:41,-28,
20250514,10:32:42,-27.9,
20250514,10:32:42,-27.8,
20250514,10:32:42,-27.7,
20250514,10:32:42,-27.7,
20250514,10:32:43,-27.5,
20250514,10:32:43,-27.5,
20250514,10:32:43,-27.6,
20250514,10:32:43,-27.6,
20250514,10:32:44,-27.6,
20250514,10:32:44,-27.6,
20250514,10:32:44,-27.6,
20250514,10:32:45,-27.7,
20250514,10:32:45,-27.6,
20250514,10:32:45,-27.7,
20250514,10:32:45,-27.7,
20250514,10:32:46,-28,
20250514,10:32:46,-28.6,
20250514,10:32:46,-29.1,
20250514,10:32:47,-29.7,
20250514,10:32:47,-30,
20250514,10:32:47,-30.2,
20250514,10:32:47,-30.4,
20250514,10:32:48,-30.5,
20250514,10:32:48,-30.4,
20250514,10:32:48,-30.3,
20250514,10:32:48,-30.4,
20250514,10:32:49,-30.4,
20250514,10:32:49,-30.4,
20250514,10:32:49,-30.3,
20250514,10:32:50,-30.4,
20250514,10:32:50,-30.4,
20250514,10:32:50,-30.3,
20250514,10:32:50,-30.3,
20250514,10:32:51,-30.3,
20250514,10:32:51,-30.3,
20250514,10:32:51,-30.3,
20250514,10:32:52,-30.5,
20250514,10:32:52,-30.9,
20250514,10:32:52,-31.5,
20250514,10:32:52,-32.1,
20250514,10:32:53,-32.3,
20250514,10:32:53,-32.1,
20250514,10:32:53,-31.9,
20250514,10:32:53,-31.5,
20250514,10:32:54,-31.2,
20250514,10:32:54,-30.9,
20250514,10:32:54,-30.9,
20250514,10:32:55,-30.8,
20250514,10:32:55,-30.8,
20250514,10:32:55,-30.9,
20250514,10:32:55,-31.1,
20250514,10:32:56,-31.2,
20250514,10:32:56,-31.3,
20250514,10:32:56,-31.4,
20250514,10:32:57,-31.5,
20250514,10:32:57,-31.4,
20250514,10:32:57,-31.4,
20250514,10:32:57,-31.4,
20250514,10:32:58,-31.3,
20250514,10:32:58,-31.2,
20250514,10:32:58,-31.2,
20250514,10:32:58,-31.1,
20250514,10:32:59,-31.1,
20250514,10:32:59,-31,
20250514,10:32:59,-30.9,
20250514,10:33:00,-30.8,
20250514,10:33:00,-30.8,
20250514,10:33:00,-30.8,
20250514,10:33:00,-30.8,
20250514,10:33:01,-31,
20250514,10:33:01,-31.6,
20250514,10:33:01,-32.3,
20250514,10:33:01,-32.9,
20250514,10:33:02,-33.3,
20250514,10:33:02,-33.6,
20250514,10:33:02,-33.7,
20250514,10:33:03,-33.8,
20250514,10:33:03,-33.7,
20250514,10:33:03,-33.6,
20250514,10:33:03,-33.4,
20250514,10:33:04,-33.3,
20250514,10:33:04,-33.2,
20250514,10:33:04,-33.2,
20250514,10:33:05,-33.1,
20250514,10:33:05,-32.9,
20250514,10:33:05,-32.9,
20250514,10:33:05,-32.7,
20250514,10:33:06,-32.6,
20250514,10:33:06,-32.5,
20250514,10:33:06,-32.4,
20250514,10:33:06,-32.4,
20250514,10:33:07,-32.3,
20250514,10:33:07,-32.3,
20250514,10:33:07,-32.3,
20250514,10:33:08,-32.2,
20250514,10:33:08,-32.1,
20250514,10:33:08,-32,
20250514,10:33:08,-32,
20250514,10:33:09,-31.8,
20250514,10:33:09,-31.8,
20250514,10:33:09,-31.7,
20250514,10:33:10,-31.6,
20250514,10:33:10,-31.6,
20250514,10:33:10,-31.6,
20250514,10:33:10,-31.5,
20250514,10:33:11,-31.6,
20250514,10:33:11,-31.6,
20250514,10:33:11,-31.5,
20250514,10:33:11,-31.5,
20250514,10:33:12,-31.5,
20250514,10:33:12,-31.4,
20250514,10:33:12,-31.4,
20250514,10:33:13,-31.3,
20250514,10:33:13,-31.3,
20250514,10:33:13,-31.3,
20250514,10:33:13,-31.3,
20250514,10:33:14,-31.4,
20250514,10:33:14,-31.4,
20250514,10:33:14,-31.4,
20250514,10:33:15,-31.4,
20250514,10:33:15,-31.3,
20250514,10:33:15,-31.3,
20250514,10:33:15,-31.2,
20250514,10:33:16,-31.1,
20250514,10:33:16,-31,
20250514,10:33:16,-30.9,
20250514,10:33:16,-30.7,
20250514,10:33:17,-30.7,
20250514,10:33:17,-30.6,
20250514,10:33:17,-30.5,
20250514,10:33:18,-30.3,
20250514,10:33:18,-30.2,
20250514,10:33:18,-30.2,
20250514,10:33:18,-30.1,
20250514,10:33:19,-30,
20250514,10:33:19,-30.1,
20250514,10:33:19,-30.1,
20250514,10:33:19,-30.5,
20250514,10:33:20,-30.9,
20250514,10:33:20,-31.4,
20250514,10:33:20,-31.8,
20250514,10:33:21,-32.1,
20250514,10:33:21,-32.3,
20250514,10:33:21,-32.4,
20250514,10:33:21,-32.6,
20250514,10:33:22,-32.6,
20250514,10:33:22,-32.6,
20250514,10:33:22,-32.9,
20250514,10:33:23,-33.2,
20250514,10:33:23,-33.7,
20250514,10:33:23,-34.1,
20250514,10:33:23,-34.3,
20250514,10:33:24,-34.4,
20250514,10:33:24,-34.4,
20250514,10:33:24,-34.6,
20250514,10:33:24,-34.9,
20250514,10:33:25,-35.1,
20250514,10:33:25,-34.4,
20250514,10:33:25,-32.6,
20250514,10:33:26,-29.9,
20250514,10:33:26,-27.6,
20250514,10:33:26,-25.8,
20250514,10:33:26,-24.4,
20250514,10:33:27,-23.5,
20250514,10:33:27,-23.2,
20250514,10:33:27,-23.4,
20250514,10:33:28,-23.8,
20250514,10:33:28,-24.4,
20250514,10:33:28,-25.1,
20250514,10:33:28,-25.8,
20250514,10:33:29,-26.4,
20250514,10:33:29,-27.1,
20250514,10:33:29,-27.6,
20250514,10:33:29,-28,
20250514,10:33:30,-28.2,
20250514,10:33:30,-28.4,
20250514,10:33:30,-28.5,
20250514,10:33:31,-28.6,
20250514,10:33:31,-28.5,
20250514,10:33:31,-28.6,
20250514,10:33:31,-28.6,
20250514,10:33:32,-28.7,
20250514,10:33:32,-28.8,
20250514,10:33:32,-28.8,
20250514,10:33:33,-28.8,
20250514,10:33:33,-28.8,
20250514,10:33:33,-28.9,
20250514,10:33:33,-28.9,
20250514,10:33:34,-28.9,
20250514,10:33:34,-28.9,
20250514,10:33:34,-28.9,
20250514,10:33:34,-28.9,
20250514,10:33:35,-29,
20250514,10:33:35,-29,
20250514,10:33:35,-29,
20250514,10:33:36,-29,
20250514,10:33:36,-29,
20250514,10:33:36,-28.9,
20250514,10:33:36,-28.9,
20250514,10:33:37,-28.9,
20250514,10:33:37,-28.9,
20250514,10:33:37,-28.9,
20250514,10:33:37,-28.9,
20250514,10:33:38,-28.9,
20250514,10:33:38,-29,
20250514,10:33:38,-29,
20250514,10:33:39,-29.1,
20250514,10:33:39,-29.2,
20250514,10:33:39,-29.2,
20250514,10:33:39,-29.2,
20250514,10:33:40,-29.3,
20250514,10:33:40,-29.1,
20250514,10:33:40,-29.1,
20250514,10:33:41,-29.1,
20250514,10:33:41,-29,
20250514,10:33:41,-29,
20250514,10:33:41,-28.9,
20250514,10:33:42,-29,
20250514,10:33:42,-28.9,
20250514,10:33:42,-28.9,
20250514,10:33:42,-29,
20250514,10:33:43,-29.4,
20250514,10:33:43,-30,
20250514,10:33:43,-30.6,
20250514,10:33:44,-31,
20250514,10:33:44,-31.4,
20250514,10:33:44,-31.5,
20250514,10:33:44,-31.6,
20250514,10:33:45,-31.6,
20250514,10:33:45,-31.5,
20250514,10:33:45,-31.5,
20250514,10:33:46,-31.4,
20250514,10:33:46,-31.3,
20250514,10:33:46,-31.3,
20250514,10:33:46,-31.2,
20250514,10:33:47,-31.1,
20250514,10:33:47,-31.2,
20250514,10:33:47,-31.1,
20250514,10:33:48,-31.2,
20250514,10:33:48,-31.2,
20250514,10:33:48,-31.2,
20250514,10:33:48,-31.2,
20250514,10:33:49,-31,
20250514,10:33:49,-30.9,
20250514,10:33:49,-30.8,
20250514,10:33:49,-30.8,
20250514,10:33:50,-30.9,
20250514,10:33:50,-30.9,
20250514,10:33:50,-30.9,
20250514,10:33:50,-31,
20250514,10:33:51,-31.1,
20250514,10:33:51,-31.2,
20250514,10:33:51,-31.2,
20250514,10:33:52,-31.2,
20250514,10:33:52,-31.2,
20250514,10:33:52,-31.2,
20250514,10:33:52,-31.1,
20250514,10:33:53,-31.1,
20250514,10:33:53,-31,
20250514,10:33:53,-31,
20250514,10:33:54,-31.1,
20250514,10:33:54,-31.2,
20250514,10:33:54,-31.2,
20250514,10:33:54,-31.2,
20250514,10:33:55,-31.1,
20250514,10:33:55,-31.2,
20250514,10:33:55,-31.1,
20250514,10:33:56,-31,
20250514,10:33:56,-30.7,
20250514,10:33:56,-30.9,
20250514,10:33:56,-30.7,
20250514,10:33:57,-30.6,
20250514,10:33:57,-30.6,
20250514,10:33:57,-30.6,
20250514,10:33:57,-30.5,
20250514,10:33:58,-30.4,
20250514,10:33:58,-30.2,
20250514,10:33:58,-30.3,
20250514,10:33:59,-30.1,
20250514,10:33:59,-30,
20250514,10:33:59,-30.1,
20250514,10:33:59,-30,
20250514,10:34:00,-30.2,
20250514,10:34:00,-30.3,
20250514,10:34:00,-30.3,
20250514,10:34:00,-30.2,
20250514,10:34:01,-30.4,
20250514,10:34:01,-30.4,
20250514,10:34:01,-30.4,
20250514,10:34:02,-30.3,
20250514,10:34:02,-30.3,
20250514,10:34:02,-30.1,
20250514,10:34:02,-30.2,
20250514,10:34:03,-30.3,
20250514,10:34:03,-30.4,
20250514,10:34:03,-30.4,
20250514,10:34:04,-30.3,
20250514,10:34:04,-30.4,
20250514,10:34:04,-30.5,
20250514,10:34:04,-30.5,
20250514,10:34:05,-30.4,
20250514,10:34:05,-30.4,
20250514,10:34:05,-30.4,
20250514,10:34:05,-30.2,
20250514,10:34:06,-30.1,
20250514,10:34:06,-30.1,
20250514,10:34:06,-29.9,
20250514,10:34:07,-29.8,
20250514,10:34:07,-29.8,
20250514,10:34:07,-29.8,
20250514,10:34:07,-29.6,
20250514,10:34:08,-29.7,
20250514,10:34:08,-29.7,
20250514,10:34:08,-29.7,
20250514,10:34:09,-29.8,
20250514,10:34:09,-29.9,
20250514,10:34:09,-30.1,
20250514,10:34:09,-30.3,
20250514,10:34:10,-30.3,
20250514,10:34:10,-30.6,
20250514,10:34:10,-30.6,
20250514,10:34:10,-30.7,
20250514,10:34:11,-30.6,
20250514,10:34:11,-30.6,
20250514,10:34:11,-30.6,
20250514,10:34:12,-30.6,
20250514,10:34:12,-30.6,
20250514,10:34:12,-30.7,
20250514,10:34:12,-30.7,
20250514,10:34:13,-30.5,
20250514,10:34:13,-30.5,
20250514,10:34:13,-30.2,
20250514,10:34:13,-30.1,
20250514,10:34:14,-30,
20250514,10:34:14,-30,
20250514,10:34:14,-29.8,
20250514,10:34:15,-29.7,
20250514,10:34:15,-29.6,
20250514,10:34:15,-29.4,
20250514,10:34:15,-29.3,
20250514,10:34:16,-29.3,
20250514,10:34:16,-29.1,
20250514,10:34:16,-29.1,
20250514,10:34:17,-28.9,
20250514,10:34:17,-28.9,
20250514,10:34:17,-28.9,
20250514,10:34:17,-28.8,
20250514,10:34:18,-28.8,
20250514,10:34:18,-28.8,
20250514,10:34:18,-29,
20250514,10:34:18,-29.2,
20250514,10:34:19,-29.8,
20250514,10:34:19,-29.9,
20250514,10:34:19,-30.2,
20250514,10:34:20,-30.4,
20250514,10:34:20,-30.5,
20250514,10:34:20,-30.5,
20250514,10:34:20,-30.6,
20250514,10:34:21,-30.6,
20250514,10:34:21,-30.6,
20250514,10:34:21,-30.7,
20250514,10:34:22,-30.9,
20250514,10:34:22,-31.1,
20250514,10:34:22,-31.1,
20250514,10:34:22,-31,
20250514,10:34:23,-31.1,
20250514,10:34:23,-31.2,
20250514,10:34:23,-31.3,
20250514,10:34:23,-31.3,
20250514,10:34:24,-31.2,
20250514,10:34:24,-31.2,
20250514,10:34:24,-31.2,
20250514,10:34:25,-31,
20250514,10:34:25,-31.2,
20250514,10:34:25,-31.7,
20250514,10:34:25,-32.3,
20250514,10:34:26,-32.7,
20250514,10:34:26,-33.1,
20250514,10:34:26,-33.2,
20250514,10:34:27,-33.2,
20250514,10:34:27,-33.2,
20250514,10:34:27,-33.2,
20250514,10:34:27,-33.2,
20250514,10:34:28,-33.2,
20250514,10:34:28,-33.2,
20250514,10:34:28,-33.4,
20250514,10:34:28,-33.5,
20250514,10:34:29,-33.6,
20250514,10:34:29,-33.7,
20250514,10:34:29,-33.8,
20250514,10:34:30,-33.8,
20250514,10:34:30,-33.8,
20250514,10:34:30,-33.9,
20250514,10:34:30,-33.9,
20250514,10:34:31,-34,
20250514,10:34:31,-34,
20250514,10:34:31,-34,
20250514,10:34:31,-33.9,
20250514,10:34:32,-33.8,
20250514,10:34:32,-33.8,
20250514,10:34:32,-33.7,
20250514,10:34:33,-33.7,
20250514,10:34:33,-33.7,
20250514,10:34:33,-33.6,
20250514,10:34:33,-33.7,
20250514,10:34:34,-34,
20250514,10:34:34,-34.3,
20250514,10:34:34,-34.7,
20250514,10:34:35,-34.9,
20250514,10:34:35,-35.3,
20250514,10:34:35,-35.4,
20250514,10:34:35,-35.4,
20250514,10:34:36,-35.4,
20250514,10:34:36,-35.3,
20250514,10:34:36,-35.2,
20250514,10:34:37,-35,
20250514,10:34:37,-35,
20250514,10:34:37,-34.9,
20250514,10:34:37,-34.8,
20250514,10:34:38,-34.6,
20250514,10:34:38,-34.5,
20250514,10:34:38,-34.5,
20250514,10:34:38,-34.3,
20250514,10:34:39,-34.3,
20250514,10:34:39,-34.2,
20250514,10:34:39,-34.2,
20250514,10:34:40,-34.2,
20250514,10:34:40,-34.4,
20250514,10:34:40,-34.4,
20250514,10:34:40,-34.5,
20250514,10:34:41,-34.4,
20250514,10:34:41,-34.4,
20250514,10:34:41,-34.2,
20250514,10:34:41,-34.2,
20250514,10:34:42,-34,
20250514,10:34:42,-34,
20250514,10:34:42,-34,
20250514,10:34:43,-33.9,
20250514,10:34:43,-33.9,
20250514,10:34:43,-33.9,
20250514,10:34:43,-34,
20250514,10:34:44,-33.8,
20250514,10:34:44,-33.7,
20250514,10:34:44,-33.5,
20250514,10:34:45,-33.5,
20250514,10:34:45,-33.4,
20250514,10:34:45,-33.2,
20250514,10:34:45,-33.2,
20250514,10:34:46,-33,
20250514,10:34:46,-32.9,
20250514,10:34:46,-32.8,
20250514,10:34:46,-32.6,
20250514,10:34:47,-32.5,
20250514,10:34:47,-32.3,
20250514,10:34:47,-32.3,
20250514,10:34:48,-32.2,
20250514,10:34:48,-32.2,
20250514,10:34:48,-32.1,
20250514,10:34:48,-32,
20250514,10:34:49,-31.9,
20250514,10:34:49,-32,
20250514,10:34:49,-31.9,
20250514,10:34:50,-32.1,
20250514,10:34:50,-32.2,
20250514,10:34:50,-32.2,
20250514,10:34:50,-32.3,
20250514,10:34:51,-32.3,
20250514,10:34:51,-32.4,
20250514,10:34:51,-32.4,
20250514,10:34:51,-32.5,
20250514,10:34:52,-32.4,
20250514,10:34:52,-32.3,
20250514,10:34:52,-32.3,
20250514,10:34:53,-32.2,
20250514,10:34:53,-32,
20250514,10:34:53,-31.8,
20250514,10:34:53,-31.8,
20250514,10:34:54,-31.6,
20250514,10:34:54,-31.7,
20250514,10:34:54,-31.8,
20250514,10:34:54,-32,
20250514,10:34:55,-32.2,
20250514,10:34:55,-32.3,
20250514,10:34:55,-32.4,
20250514,10:34:56,-32.4,
20250514,10:34:56,-32.3,
20250514,10:34:56,-32.3,
20250514,10:34:56,-32.2,
20250514,10:34:57,-32,
20250514,10:34:57,-31.9,
20250514,10:34:57,-31.8,
20250514,10:34:58,-31.7,
20250514,10:34:58,-31.6,
20250514,10:34:58,-31.5,
20250514,10:34:58,-31.4,
20250514,10:34:59,-31.4,
20250514,10:34:59,-31.4,
20250514,10:34:59,-31.5,
20250514,10:34:59,-31.7,
20250514,10:35:00,-31.7,
20250514,10:35:00,-32,
20250514,10:35:00,-32.1,
20250514,10:35:01,-32.3,
20250514,10:35:01,-32.3,
20250514,10:35:01,-32.5,
20250514,10:35:01,-32.7,
20250514,10:35:02,-32.7,
20250514,10:35:02,-32.9,
20250514,10:35:02,-32.9,
20250514,10:35:03,-33.1,
20250514,10:35:03,-33.2,
20250514,10:35:03,-34.1,
20250514,10:35:03,-35,
20250514,10:35:04,-35.5,
20250514,10:35:04,-35.1,
20250514,10:35:04,-34.2,
20250514,10:35:04,-33.2,
20250514,10:35:05,-32.4,
20250514,10:35:05,-31.9,
20250514,10:35:05,-31.6,
20250514,10:35:06,-31.7,
20250514,10:35:06,-31.9,
20250514,10:35:06,-32.3,
20250514,10:35:06,-32.8,
20250514,10:35:07,-33.3,
20250514,10:35:07,-34,
20250514,10:35:07,-34.5,
20250514,10:35:08,-35,
20250514,10:35:08,-35.4,
20250514,10:35:08,-35.7,
20250514,10:35:08,-35.8,
20250514,10:35:09,-36,
20250514,10:35:09,-36.1,
20250514,10:35:09,-36.1,
20250514,10:35:09,-35.9,
20250514,10:35:10,-35.7,
20250514,10:35:10,-35.5,
20250514,10:35:10,-35.4,
20250514,10:35:11,-35.2,
20250514,10:35:11,-35.1,
20250514,10:35:11,-35,
20250514,10:35:11,-34.9,
20250514,10:35:12,-34.9,
20250514,10:35:12,-34.7,
20250514,10:35:12,-34.7,
20250514,10:35:12,-34.6,
20250514,10:35:13,-34.6,
20250514,10:35:13,-34.6,
20250514,10:35:13,-34.7,
20250514,10:35:14,-34.6,
20250514,10:35:14,-34.6,
20250514,10:35:14,-34.5,
20250514,10:35:14,-34.5,
20250514,10:35:15,-34.4,
20250514,10:35:15,-34.3,
20250514,10:35:15,-34.1,
20250514,10:35:16,-34,
20250514,10:35:16,-34,
20250514,10:35:16,-33.9,
20250514,10:35:16,-33.8,
20250514,10:35:17,-33.8,
20250514,10:35:17,-33.8,
20250514,10:35:17,-33.6,
20250514,10:35:17,-33.6,
20250514,10:35:18,-33.6,
20250514,10:35:18,-33.5,
20250514,10:35:18,-33.6,
20250514,10:35:19,-34.2,
20250514,10:35:19,-35.3,
20250514,10:35:19,-36.2,
20250514,10:35:19,-36.4,
20250514,10:35:20,-36,
20250514,10:35:20,-35.3,
20250514,10:35:20,-34.6,
20250514,10:35:21,-34,
20250514,10:35:21,-33.6,
20250514,10:35:21,-33.5,
20250514,10:35:21,-33.6,
20250514,10:35:22,-33.8,
20250514,10:35:22,-34,
20250514,10:35:22,-34.1,
20250514,10:35:22,-34.3,
20250514,10:35:23,-34.5,
20250514,10:35:23,-34.5,
20250514,10:35:23,-34.5,
20250514,10:35:24,-34.5,
20250514,10:35:24,-34.4,
20250514,10:35:24,-34.4,
20250514,10:35:24,-34.3,
20250514,10:35:25,-34.3,
20250514,10:35:25,-34.1,
20250514,10:35:25,-34.1,
20250514,10:35:26,-34,
20250514,10:35:26,-34,
20250514,10:35:26,-34,
20250514,10:35:26,-34.2,
20250514,10:35:27,-34.4,
20250514,10:35:27,-34.7,
20250514,10:35:27,-34.9,
20250514,10:35:27,-35,
20250514,10:35:28,-35.5,
20250514,10:35:28,-35.8,
20250514,10:35:28,-36.1,
20250514,10:35:29,-36.2,
20250514,10:35:29,-36.2,
20250514,10:35:29,-36,
20250514,10:35:29,-35.9,
20250514,10:35:30,-35.7,
20250514,10:35:30,-35.8,
20250514,10:35:30,-35.8,
20250514,10:35:31,-35.9,
20250514,10:35:31,-36,
20250514,10:35:31,-36,
20250514,10:35:31,-35.9,
20250514,10:35:32,-35.9,
20250514,10:35:32,-35.8,
20250514,10:35:32,-35.7,
20250514,10:35:32,-35.7,
20250514,10:35:33,-35.6,
20250514,10:35:33,-35.4,
20250514,10:35:33,-35.3,
20250514,10:35:34,-35.1,
20250514,10:35:34,-35,
20250514,10:35:34,-34.9,
20250514,10:35:34,-34.8,
20250514,10:35:35,-34.7,
20250514,10:35:35,-34.6,
20250514,10:35:35,-34.5,
20250514,10:35:35,-34.4,
20250514,10:35:36,-34.3,
20250514,10:35:36,-34.2,
20250514,10:35:36,-34.1,
20250514,10:35:37,-34,
20250514,10:35:37,-34,
20250514,10:35:37,-33.9,
20250514,10:35:37,-33.8,
20250514,10:35:38,-33.7,
20250514,10:35:38,-33.6,
20250514,10:35:38,-33.4,
20250514,10:35:39,-33.5,
20250514,10:35:39,-33.5,
20250514,10:35:39,-33.5,
20250514,10:35:39,-33.5,
20250514,10:35:40,-33.6,
20250514,10:35:40,-33.7,
20250514,10:35:40,-33.8,
20250514,10:35:40,-33.8,
20250514,10:35:41,-33.8,
20250514,10:35:41,-33.7,
20250514,10:35:41,-33.6,
20250514,10:35:42,-33.7,
20250514,10:35:42,-33.7,
20250514,10:35:42,-33.7,
20250514,10:35:42,-33.7,
20250514,10:35:43,-33.7,
20250514,10:35:43,-33.6,
20250514,10:35:43,-33.4,
20250514,10:35:44,-33.2,
20250514,10:35:44,-33.2,
20250514,10:35:44,-33.2,
20250514,10:35:44,-33,
20250514,10:35:45,-32.9,
20250514,10:35:45,-32.9,
20250514,10:35:45,-32.7,
20250514,10:35:45,-32.6,
20250514,10:35:46,-32.6,
20250514,10:35:46,-32.4,
20250514,10:35:46,-32.3,
20250514,10:35:47,-32.3,
20250514,10:35:47,-32.2,
20250514,10:35:47,-32.1,
20250514,10:35:47,-31.9,
20250514,10:35:48,-31.9,
20250514,10:35:48,-31.8,
20250514,10:35:48,-31.7,
20250514,10:35:49,-31.5,
20250514,10:35:49,-31.5,
20250514,10:35:49,-31.5,
20250514,10:35:49,-31.4,
20250514,10:35:50,-31.3,
20250514,10:35:50,-31.3,
20250514,10:35:50,-31.5,
20250514,10:35:50,-32.1,
20250514,10:35:51,-33.1,
20250514,10:35:51,-34.3,
20250514,10:35:51,-35,
20250514,10:35:52,-35.4,
20250514,10:35:52,-35.6,
20250514,10:35:52,-35.5,
20250514,10:35:52,-35.6,
20250514,10:35:53,-35.7,
20250514,10:35:53,-35.7,
20250514,10:35:53,-35.8,
20250514,10:35:53,-35.9,
20250514,10:35:54,-36.1,
20250514,10:35:54,-36.1,
20250514,10:35:54,-36.4,
20250514,10:35:55,-36.4,
20250514,10:35:55,-36.5,
20250514,10:35:55,-36.6,
20250514,10:35:55,-36.5,
20250514,10:35:56,-36.3,
20250514,10:35:56,-36.4,
20250514,10:35:56,-36.6,
20250514,10:35:57,-36.8,
20250514,10:35:57,-37.2,
20250514,10:35:57,-37.4,
20250514,10:35:57,-37.5,
20250514,10:35:58,-37.4,
20250514,10:35:58,-37.3,
20250514,10:35:58,-37.1,
20250514,10:35:58,-36.8,
20250514,10:35:59,-36.6,
20250514,10:35:59,-36.6,
20250514,10:35:59,-36.4,
20250514,10:36:00,-36.3,
20250514,10:36:00,-36.5,
20250514,10:36:00,-36.6,
20250514,10:36:00,-36.6,
20250514,10:36:01,-36.8,
20250514,10:36:01,-36.8,
20250514,10:36:01,-36.8,
20250514,10:36:02,-36.8,
20250514,10:36:02,-36.7,
20250514,10:36:02,-36.6,
20250514,10:36:02,-36.6,
20250514,10:36:03,-36.4,
20250514,10:36:03,-36.3,
20250514,10:36:03,-36.1,
20250514,10:36:03,-36.1,
20250514,10:36:04,-36,
20250514,10:36:04,-35.9,
20250514,10:36:04,-35.9,
20250514,10:36:05,-36,
20250514,10:36:05,-35.9,
20250514,10:36:05,-35.9,
20250514,10:36:05,-35.9,
20250514,10:36:06,-35.8,
20250514,10:36:06,-35.8,
20250514,10:36:06,-35.8,
20250514,10:36:07,-35.7,
20250514,10:36:07,-35.5,
20250514,10:36:07,-35.5,
20250514,10:36:07,-35.4,
20250514,10:36:08,-35.1,
20250514,10:36:08,-35,
20250514,10:36:08,-35,
20250514,10:36:08,-34.8,
20250514,10:36:09,-34.7,
20250514,10:36:09,-34.5,
20250514,10:36:09,-34.4,
20250514,10:36:10,-34.3,
20250514,10:36:10,-34.2,
20250514,10:36:10,-34,
20250514,10:36:10,-33.9,
20250514,10:36:11,-33.9,
20250514,10:36:11,-33.6,
20250514,10:36:11,-33.4,
20250514,10:36:11,-33.3,
20250514,10:36:12,-33.2,
20250514,10:36:12,-33.1,
20250514,10:36:12,-32.9,
20250514,10:36:13,-32.4,
20250514,10:36:13,-32.4,
20250514,10:36:13,-32.4,
20250514,10:36:13,-32.5,
20250514,10:36:14,-32.7,
20250514,10:36:14,-32.7,
20250514,10:36:14,-32.6,
20250514,10:36:15,-32.8,
20250514,10:36:15,-33,
20250514,10:36:15,-33,
20250514,10:36:15,-33.2,
20250514,10:36:16,-33.4,
20250514,10:36:16,-34,
20250514,10:36:16,-34.5,
20250514,10:36:16,-34.9,
20250514,10:36:17,-35.5,
20250514,10:36:17,-35.7,
20250514,10:36:17,-35.9,
20250514,10:36:18,-36.1,
20250514,10:36:18,-36,
20250514,10:36:18,-35.9,
20250514,10:36:18,-36,
20250514,10:36:19,-36,
20250514,10:36:19,-35.9,
20250514,10:36:19,-35.7,
20250514,10:36:20,-35.6,
20250514,10:36:20,-35.4,
20250514,10:36:20,-35.3,
20250514,10:36:20,-35.1,
20250514,10:36:21,-35,
20250514,10:36:21,-34.9,
20250514,10:36:21,-34.4,
20250514,10:36:21,-34.8,
20250514,10:36:22,-34.9,
20250514,10:36:22,-35,
20250514,10:36:22,-35.2,
20250514,10:36:23,-35.1,
20250514,10:36:23,-35.2,
20250514,10:36:23,-35.2,
20250514,10:36:23,-35,
20250514,10:36:24,-35.1,
20250514,10:36:24,-35,
20250514,10:36:24,-35.1,
20250514,10:36:24,-35.1,
20250514,10:36:25,-35,
20250514,10:36:25,-34.9,
20250514,10:36:25,-34.8,
20250514,10:36:26,-34.8,
20250514,10:36:26,-34.8,
20250514,10:36:26,-34.6,
