静息,正,中,负
12:51:19,12:53:13,12:54:32,12:56:53
,,,
CTP208 ,D4:F5:13:0B:7B:1B,,
,,,
,,,
,,,
,,,
,,,
,,,
20250425,12:13:39,-12.2,
20250425,12:13:39,-12,
20250425,12:13:39,-12,
20250425,12:13:40,-12.3,
20250425,12:13:40,-12.9,
20250425,12:13:40,-13.7,
20250425,12:13:40,-14.1,
20250425,12:13:41,-14.4,
20250425,12:13:41,-14.4,
20250425,12:13:41,-14.1,
20250425,12:13:42,-13.4,
20250425,12:13:42,-12.5,
20250425,12:13:42,-11.9,
20250425,12:13:42,-11.2,
20250425,12:13:43,-10.6,
20250425,12:13:43,-10.3,
20250425,12:13:43,-10,
20250425,12:13:43,-9.6,
20250425,12:13:44,-8.9,
20250425,12:13:44,-8.3,
20250425,12:13:44,-7.8,
20250425,12:13:45,-7.7,
20250425,12:13:45,-7.6,
20250425,12:13:45,-7.6,
20250425,12:13:45,-7.8,
20250425,12:13:46,-8.3,
20250425,12:13:46,-8.7,
20250425,12:13:46,-9.4,
20250425,12:13:46,-10.1,
20250425,12:13:47,-10.8,
20250425,12:13:47,-11.1,
20250425,12:13:47,-10.9,
20250425,12:13:48,-10.4,
20250425,12:13:48,-9.9,
20250425,12:13:48,-9.4,
20250425,12:13:48,-8.7,
20250425,12:13:49,-8.3,
20250425,12:13:49,-8,
20250425,12:13:49,-8.1,
20250425,12:13:50,-8.3,
20250425,12:13:50,-8.6,
20250425,12:13:50,-8.7,
20250425,12:13:50,-8.7,
20250425,12:13:51,-8.8,
20250425,12:13:51,-8.9,
20250425,12:13:51,-9.2,
20250425,12:13:51,-9.4,
20250425,12:13:52,-9.8,
20250425,12:13:52,-10.3,
20250425,12:13:52,-10.8,
20250425,12:13:53,-11.4,
20250425,12:13:53,-12,
20250425,12:13:53,-12.5,
20250425,12:13:53,-12.9,
20250425,12:13:54,-13.3,
20250425,12:13:54,-13.5,
20250425,12:13:54,-13.7,
20250425,12:13:54,-13.7,
20250425,12:13:55,-13.7,
20250425,12:13:55,-13.7,
20250425,12:13:55,-13.7,
20250425,12:13:56,-13.7,
20250425,12:13:56,-13.7,
20250425,12:13:56,-13.8,
20250425,12:13:56,-13.9,
20250425,12:13:57,-13.9,
20250425,12:13:57,-14,
20250425,12:13:57,-14.1,
20250425,12:13:58,-14.1,
20250425,12:13:58,-14.2,
20250425,12:13:58,-14.1,
20250425,12:13:58,-14,
20250425,12:13:59,-13.9,
20250425,12:13:59,-14,
20250425,12:13:59,-14.3,
20250425,12:13:59,-14.7,
20250425,12:14:00,-14.9,
20250425,12:14:00,-14.7,
20250425,12:14:00,-14.4,
20250425,12:14:01,-14,
20250425,12:14:01,-13.6,
20250425,12:14:01,-13.1,
20250425,12:14:01,-12.9,
20250425,12:14:02,-12.7,
20250425,12:14:02,-12.3,
20250425,12:14:02,-11.8,
20250425,12:14:03,-11.4,
20250425,12:14:03,-11.2,
20250425,12:14:03,-11.2,
20250425,12:14:03,-11.2,
20250425,12:14:04,-11.4,
20250425,12:14:04,-11.7,
20250425,12:14:04,-12,
20250425,12:14:04,-12.1,
20250425,12:14:05,-12.3,
20250425,12:14:05,-12.5,
20250425,12:14:05,-12.7,
20250425,12:14:06,-12.9,
20250425,12:14:06,-13.1,
20250425,12:14:06,-13.2,
20250425,12:14:06,-13.3,
20250425,12:14:07,-13.3,
20250425,12:14:07,-13.1,
20250425,12:14:07,-13,
20250425,12:14:07,-13,
20250425,12:14:08,-12.9,
20250425,12:14:08,-12.9,
20250425,12:14:08,-13,
20250425,12:14:09,-12.9,
20250425,12:14:09,-13,
20250425,12:14:09,-12.9,
20250425,12:14:09,-12.9,
20250425,12:14:10,-13.1,
20250425,12:14:10,-13.3,
20250425,12:14:10,-13.2,
20250425,12:14:11,-13.5,
20250425,12:14:11,-13.3,
20250425,12:14:11,-13.1,
20250425,12:14:11,-13,
20250425,12:14:12,-12.8,
20250425,12:14:12,-12.5,
20250425,12:14:12,-12.4,
20250425,12:14:12,-12.4,
20250425,12:14:13,-12.3,
20250425,12:14:13,-12.4,
20250425,12:14:13,-12.6,
20250425,12:14:14,-12.7,
20250425,12:14:14,-12.6,
20250425,12:14:14,-12.8,
20250425,12:14:14,-12.7,
20250425,12:14:15,-12.2,
20250425,12:14:15,-11.6,
20250425,12:14:15,-11.1,
20250425,12:14:16,-10.6,
20250425,12:14:16,-10.4,
20250425,12:14:16,-10.5,
20250425,12:14:16,-10.6,
20250425,12:14:17,-10.3,
20250425,12:14:17,-10.4,
20250425,12:14:17,-10,
20250425,12:14:17,-9.5,
20250425,12:14:18,-9.6,
20250425,12:14:18,-9.6,
20250425,12:14:18,-9.7,
20250425,12:14:19,-10.3,
20250425,12:14:19,-10.8,
20250425,12:14:19,-11.1,
20250425,12:14:19,-11.5,
20250425,12:14:20,-11.7,
20250425,12:14:20,-12,
20250425,12:14:20,-12.3,
20250425,12:14:21,-12.7,
20250425,12:14:21,-13,
20250425,12:14:21,-13.1,
20250425,12:14:21,-13.2,
20250425,12:14:22,-13.2,
20250425,12:14:22,-13.1,
20250425,12:14:22,-13,
20250425,12:14:22,-12.9,
20250425,12:14:23,-12.6,
20250425,12:14:23,-12.3,
20250425,12:14:23,-11.9,
20250425,12:14:24,-11.8,
20250425,12:14:24,-11.6,
20250425,12:14:24,-11.6,
20250425,12:14:24,-11.7,
20250425,12:14:25,-12,
20250425,12:14:25,-12.1,
20250425,12:14:25,-12.5,
20250425,12:14:25,-12.8,
20250425,12:14:26,-12.8,
20250425,12:14:26,-12.9,
20250425,12:14:26,-13,
20250425,12:14:27,-13.4,
20250425,12:14:27,-13.7,
20250425,12:14:27,-13.8,
20250425,12:14:27,-13.7,
20250425,12:14:28,-13.4,
20250425,12:14:28,-13,
20250425,12:14:28,-12.5,
20250425,12:14:29,-12.2,
20250425,12:14:29,-12,
20250425,12:14:29,-12,
20250425,12:14:29,-12.1,
20250425,12:14:30,-12.4,
20250425,12:14:30,-12.7,
20250425,12:14:30,-12.8,
20250425,12:14:30,-12.8,
20250425,12:14:31,-12.9,
20250425,12:14:31,-13,
20250425,12:14:31,-13.1,
20250425,12:14:32,-13.1,
20250425,12:14:32,-13.1,
20250425,12:14:32,-13.1,
20250425,12:14:32,-13.2,
20250425,12:14:33,-13.2,
20250425,12:14:33,-13.2,
20250425,12:14:33,-13.1,
20250425,12:14:34,-13.1,
20250425,12:14:34,-13,
20250425,12:14:34,-12.9,
20250425,12:14:34,-12.9,
20250425,12:14:35,-12.8,
20250425,12:14:35,-12.9,
20250425,12:14:35,-13.1,
20250425,12:14:35,-13.3,
20250425,12:14:36,-13.1,
20250425,12:14:36,-12.8,
20250425,12:14:36,-12.4,
20250425,12:14:37,-12.1,
20250425,12:14:37,-12,
20250425,12:14:37,-11.9,
20250425,12:14:37,-12,
20250425,12:14:38,-11.9,
20250425,12:14:38,-11.7,
20250425,12:14:38,-11.5,
20250425,12:14:39,-11.4,
20250425,12:14:39,-11.4,
20250425,12:14:39,-11.7,
20250425,12:14:39,-12.2,
20250425,12:14:40,-12.7,
20250425,12:14:40,-13,
20250425,12:14:40,-13,
20250425,12:14:40,-12.8,
20250425,12:14:41,-12.7,
20250425,12:14:41,-12,
20250425,12:14:41,-11.1,
20250425,12:14:42,-10.2,
20250425,12:14:42,-9.5,
20250425,12:14:42,-9.4,
20250425,12:14:42,-9.4,
20250425,12:14:43,-9.6,
20250425,12:14:43,-10,
20250425,12:14:43,-10.4,
20250425,12:14:43,-10.9,
20250425,12:14:44,-11.3,
20250425,12:14:44,-11.6,
20250425,12:14:44,-11.9,
20250425,12:14:45,-12,
20250425,12:14:45,-12.2,
20250425,12:14:45,-12.3,
20250425,12:14:45,-12.4,
20250425,12:14:46,-12.5,
20250425,12:14:46,-12.7,
20250425,12:14:46,-13.1,
20250425,12:14:47,-13.5,
20250425,12:14:47,-13.7,
20250425,12:14:47,-13.8,
20250425,12:14:47,-13.8,
20250425,12:14:48,-13.7,
20250425,12:14:48,-13.7,
20250425,12:14:48,-13.6,
20250425,12:14:48,-13.5,
20250425,12:14:49,-13.6,
20250425,12:14:49,-13.5,
20250425,12:14:49,-13.4,
20250425,12:14:50,-13.5,
20250425,12:14:50,-13.4,
20250425,12:14:50,-13.5,
20250425,12:14:50,-13.9,
20250425,12:14:51,-14.5,
20250425,12:14:51,-15.2,
20250425,12:14:51,-15.4,
20250425,12:14:51,-15.4,
20250425,12:14:52,-15.2,
20250425,12:14:52,-15,
20250425,12:14:52,-14.7,
20250425,12:14:53,-14.6,
20250425,12:14:53,-14.5,
20250425,12:14:53,-14.5,
20250425,12:14:53,-14.3,
20250425,12:14:54,-14.2,
20250425,12:14:54,-14.1,
20250425,12:14:54,-14.1,
20250425,12:14:55,-14.3,
20250425,12:14:55,-14.8,
20250425,12:14:55,-15.3,
20250425,12:14:55,-15.4,
20250425,12:14:56,-15,
20250425,12:14:56,-14.5,
20250425,12:14:56,-14.2,
20250425,12:14:56,-13.9,
20250425,12:14:57,-13.7,
20250425,12:14:57,-13.6,
20250425,12:14:57,-13.6,
20250425,12:14:58,-13.6,
20250425,12:14:58,-13.7,
20250425,12:14:58,-13.7,
20250425,12:14:58,-13.7,
20250425,12:14:59,-13.7,
20250425,12:14:59,-13.8,
20250425,12:14:59,-13.8,
20250425,12:15:00,-13.9,
20250425,12:15:00,-13.9,
20250425,12:15:00,-14,
20250425,12:15:00,-14,
20250425,12:15:01,-13.9,
20250425,12:15:01,-13.8,
20250425,12:15:01,-13.7,
20250425,12:15:01,-13.7,
20250425,12:15:02,-13.7,
20250425,12:15:02,-13.7,
20250425,12:15:02,-13.7,
20250425,12:15:03,-13.7,
20250425,12:15:03,-13.7,
20250425,12:15:03,-13.7,
20250425,12:15:03,-13.9,
20250425,12:15:04,-13.9,
20250425,12:15:04,-13.8,
20250425,12:15:04,-13.6,
20250425,12:15:05,-13.3,
20250425,12:15:05,-13,
20250425,12:15:05,-12.8,
20250425,12:15:05,-12.6,
20250425,12:15:06,-12.6,
20250425,12:15:06,-12.6,
20250425,12:15:06,-12.7,
20250425,12:15:06,-13,
20250425,12:15:07,-13.7,
20250425,12:15:07,-14.5,
20250425,12:15:07,-14.8,
20250425,12:15:08,-14.8,
20250425,12:15:08,-14.5,
20250425,12:15:08,-14.3,
20250425,12:15:08,-14,
20250425,12:15:09,-14.1,
20250425,12:15:09,-14.4,
20250425,12:15:09,-14.6,
20250425,12:15:09,-14.1,
20250425,12:15:10,-12.6,
20250425,12:15:10,-11,
20250425,12:15:10,-9.9,
20250425,12:15:11,-9.3,
20250425,12:15:11,-9.2,
20250425,12:15:11,-9.5,
20250425,12:15:11,-10.1,
20250425,12:15:12,-10.7,
20250425,12:15:12,-11.2,
20250425,12:15:12,-11.8,
20250425,12:15:13,-12.2,
20250425,12:15:13,-12.6,
20250425,12:15:13,-12.9,
20250425,12:15:13,-13.2,
20250425,12:15:14,-13.9,
20250425,12:15:14,-14.6,
20250425,12:15:14,-15.2,
20250425,12:15:14,-15,
20250425,12:15:15,-14.5,
20250425,12:15:15,-13.7,
20250425,12:15:15,-12.9,
20250425,12:15:16,-12.3,
20250425,12:15:16,-12,
20250425,12:15:16,-12,
20250425,12:15:16,-11.7,
20250425,12:15:17,-11.3,
20250425,12:15:17,-10.9,
20250425,12:15:17,-10.7,
20250425,12:15:18,-10.4,
20250425,12:15:18,-10.3,
20250425,12:15:18,-10.2,
20250425,12:15:18,-10.1,
20250425,12:15:19,-10.2,
20250425,12:15:19,-10.3,
20250425,12:15:19,-10.5,
20250425,12:15:19,-10.8,
20250425,12:15:20,-10.9,
20250425,12:15:20,-11.3,
20250425,12:15:20,-11.6,
20250425,12:15:21,-12,
20250425,12:15:21,-12.8,
20250425,12:15:21,-13.6,
20250425,12:15:21,-14.1,
20250425,12:15:22,-14,
20250425,12:15:22,-13.5,
20250425,12:15:22,-12.9,
20250425,12:15:22,-12.5,
20250425,12:15:23,-12.2,
20250425,12:15:23,-11.9,
20250425,12:15:23,-12,
20250425,12:15:24,-12,
20250425,12:15:24,-12,
20250425,12:15:24,-11.9,
20250425,12:15:24,-11.6,
20250425,12:15:25,-11.5,
20250425,12:15:25,-11.3,
20250425,12:15:25,-11.2,
20250425,12:15:26,-11.1,
20250425,12:15:26,-10.9,
20250425,12:15:26,-10.6,
20250425,12:15:26,-9.8,
20250425,12:15:27,-9.4,
20250425,12:15:27,-8.9,
20250425,12:15:27,-8.8,
20250425,12:15:27,-8.8,
20250425,12:15:28,-8.8,
20250425,12:15:28,-9.2,
20250425,12:15:28,-9.4,
20250425,12:15:29,-9.8,
20250425,12:15:29,-10.2,
20250425,12:15:29,-10.7,
20250425,12:15:29,-11.4,
20250425,12:15:30,-12.1,
20250425,12:15:30,-12.3,
20250425,12:15:30,-12.3,
20250425,12:15:31,-12,
20250425,12:15:31,-12.1,
20250425,12:15:31,-11.9,
20250425,12:15:31,-12,
20250425,12:15:32,-12,
20250425,12:15:32,-12.3,
20250425,12:15:32,-12.5,
20250425,12:15:32,-12.6,
20250425,12:15:33,-12.6,
20250425,12:15:33,-12.5,
20250425,12:15:33,-12.3,
20250425,12:15:34,-11.8,
20250425,12:15:34,-11,
20250425,12:15:34,-10.2,
20250425,12:15:34,-9.3,
20250425,12:15:35,-8.6,
20250425,12:15:35,-8.2,
20250425,12:15:35,-7.7,
20250425,12:15:35,-7.2,
20250425,12:15:36,-6.7,
20250425,12:15:36,-6,
20250425,12:15:36,-5.5,
20250425,12:15:37,-5,
20250425,12:15:37,-4.5,
20250425,12:15:37,-4.3,
20250425,12:15:37,-4,
20250425,12:15:38,-3.7,
20250425,12:15:38,-3.5,
20250425,12:15:38,-3.6,
20250425,12:15:39,-3.9,
20250425,12:15:39,-4.2,
20250425,12:15:39,-4,
20250425,12:15:39,-3.6,
20250425,12:15:40,-3.2,
20250425,12:15:40,-2.7,
20250425,12:15:40,-2.5,
20250425,12:15:40,-2.5,
20250425,12:15:41,-2.7,
20250425,12:15:41,-3.2,
20250425,12:15:41,-3.8,
20250425,12:15:42,-4.5,
20250425,12:15:42,-5.3,
20250425,12:15:42,-6.1,
20250425,12:15:42,-6.9,
20250425,12:15:43,-7.7,
20250425,12:15:43,-8,
20250425,12:15:43,-8.1,
20250425,12:15:43,-8.1,
20250425,12:15:44,-8.2,
20250425,12:15:44,-8.5,
20250425,12:15:44,-8.7,
20250425,12:15:45,-8.9,
20250425,12:15:45,-8.6,
20250425,12:15:45,-8.2,
20250425,12:15:45,-7.8,
20250425,12:15:46,-7.7,
20250425,12:15:46,-7.7,
20250425,12:15:46,-7.9,
20250425,12:15:47,-8.2,
20250425,12:15:47,-8.6,
20250425,12:15:47,-8.9,
20250425,12:15:47,-9,
20250425,12:15:48,-9.1,
20250425,12:15:48,-8.7,
20250425,12:15:48,-8.7,
20250425,12:15:48,-8.6,
20250425,12:15:49,-8.2,
20250425,12:15:49,-7.7,
20250425,12:15:49,-7.1,
20250425,12:15:50,-6.2,
20250425,12:15:50,-5.4,
20250425,12:15:50,-4.5,
20250425,12:15:50,-4.2,
20250425,12:15:51,-3.5,
20250425,12:15:51,-3.1,
20250425,12:15:51,-2.5,
20250425,12:15:51,-2,
20250425,12:15:52,-1.7,
20250425,12:15:52,-1.5,
20250425,12:15:52,-1.3,
20250425,12:15:53,-1.3,
20250425,12:15:53,-0.9,
20250425,12:15:53,-0.7,
20250425,12:15:53,-0.2,
20250425,12:15:54,0.1,
20250425,12:15:54,0.8,
20250425,12:15:54,1.1,
20250425,12:15:55,1.3,
20250425,12:15:55,1.3,
20250425,12:15:55,1.3,
20250425,12:15:55,1.2,
20250425,12:15:56,0.9,
20250425,12:15:56,0.6,
20250425,12:15:56,0,
20250425,12:15:56,-0.2,
20250425,12:15:57,-0.3,
20250425,12:15:57,-0.1,
20250425,12:15:57,0.1,
20250425,12:15:58,0.4,
20250425,12:15:58,0.8,
20250425,12:15:58,1,
20250425,12:15:58,1.2,
20250425,12:15:59,1.2,
20250425,12:15:59,0.8,
20250425,12:15:59,0.5,
20250425,12:15:59,0,
20250425,12:16:00,-0.1,
20250425,12:16:00,-0.1,
20250425,12:16:00,0,
20250425,12:16:01,0,
20250425,12:16:01,-0.2,
20250425,12:16:01,-0.5,
20250425,12:16:01,-0.7,
20250425,12:16:02,-0.8,
20250425,12:16:02,-0.7,
20250425,12:16:02,-0.7,
20250425,12:16:02,-0.6,
20250425,12:16:03,-0.5,
20250425,12:16:03,-0.7,
20250425,12:16:03,-1,
20250425,12:16:04,-1.4,
20250425,12:16:04,-1.5,
20250425,12:16:04,-1.3,
20250425,12:16:04,-0.9,
20250425,12:16:05,-0.4,
20250425,12:16:05,0,
20250425,12:16:05,0.1,
20250425,12:16:06,0.2,
20250425,12:16:06,0.4,
20250425,12:16:06,0.7,
20250425,12:16:06,0.8,
20250425,12:16:07,0.7,
20250425,12:16:07,0.6,
20250425,12:16:07,0,
20250425,12:16:07,-0.5,
20250425,12:16:08,-1.1,
20250425,12:16:08,-1.7,
20250425,12:16:08,-2.3,
20250425,12:16:09,-2.7,
20250425,12:16:09,-3.2,
20250425,12:16:09,-3.6,
20250425,12:16:09,-4.1,
20250425,12:16:10,-4.7,
20250425,12:16:10,-5.1,
20250425,12:16:10,-5.7,
20250425,12:16:10,-6,
20250425,12:16:11,-5.9,
20250425,12:16:11,-5.7,
20250425,12:16:11,-5.3,
20250425,12:16:12,-5,
20250425,12:16:12,-4.8,
20250425,12:16:12,-4.8,
20250425,12:16:12,-5,
20250425,12:16:13,-5.1,
20250425,12:16:13,-5.4,
20250425,12:16:13,-5.7,
20250425,12:16:14,-6.1,
20250425,12:16:14,-6.3,
20250425,12:16:14,-6.7,
20250425,12:16:14,-6.8,
20250425,12:16:15,-6.9,
20250425,12:16:15,-7,
20250425,12:16:15,-7.1,
20250425,12:16:15,-7.4,
20250425,12:16:16,-7.9,
20250425,12:16:16,-8.4,
20250425,12:16:16,-8.6,
20250425,12:16:17,-8.6,
20250425,12:16:17,-8.5,
20250425,12:16:17,-8.2,
20250425,12:16:17,-7.9,
20250425,12:16:18,-7.6,
20250425,12:16:18,-7.2,
20250425,12:16:18,-6.9,
20250425,12:16:18,-6.8,
20250425,12:16:19,-6.6,
20250425,12:16:19,-6.3,
20250425,12:16:19,-6.1,
20250425,12:16:20,-5.9,
20250425,12:16:20,-5.6,
20250425,12:16:20,-5.1,
20250425,12:16:20,-4.7,
20250425,12:16:21,-4.5,
20250425,12:16:21,-4.5,
20250425,12:16:21,-4.6,
20250425,12:16:21,-4.7,
20250425,12:16:22,-4.7,
20250425,12:16:22,-4.5,
20250425,12:16:22,-4.3,
20250425,12:16:23,-4.3,
20250425,12:16:23,-4.3,
20250425,12:16:23,-4.4,
20250425,12:16:23,-4.4,
20250425,12:16:24,-4.2,
20250425,12:16:24,-3.6,
20250425,12:16:24,-3.2,
20250425,12:16:25,-2.6,
20250425,12:16:25,-2.1,
20250425,12:16:25,-1.7,
20250425,12:16:25,-1.6,
20250425,12:16:26,-1.6,
20250425,12:16:26,-1.5,
20250425,12:16:26,-1.5,
20250425,12:16:26,-1.6,
20250425,12:16:27,-1.7,
20250425,12:16:27,-1.9,
20250425,12:16:27,-2.2,
20250425,12:16:28,-2.4,
20250425,12:16:28,-2.6,
20250425,12:16:28,-2.9,
20250425,12:16:28,-3.4,
20250425,12:16:29,-3.5,
20250425,12:16:29,-3.6,
20250425,12:16:29,-3.5,
20250425,12:16:29,-3.4,
20250425,12:16:30,-3.4,
20250425,12:16:30,-3.4,
20250425,12:16:30,-3.6,
20250425,12:16:31,-3.9,
20250425,12:16:31,-4.3,
20250425,12:16:31,-4.8,
20250425,12:16:31,-5.2,
20250425,12:16:32,-5.3,
20250425,12:16:32,-5.5,
20250425,12:16:32,-5.6,
20250425,12:16:33,-5.7,
20250425,12:16:33,-5.9,
20250425,12:16:33,-6,
20250425,12:16:33,-6.1,
20250425,12:16:34,-6.3,
20250425,12:16:34,-6.5,
20250425,12:16:34,-6.6,
20250425,12:16:34,-6.8,
20250425,12:16:35,-6.9,
20250425,12:16:35,-7.1,
20250425,12:16:35,-7.4,
20250425,12:16:36,-7.7,
20250425,12:16:36,-7.7,
20250425,12:16:36,-7.7,
20250425,12:16:36,-7.7,
20250425,12:16:37,-7.6,
20250425,12:16:37,-7.3,
20250425,12:16:37,-6.9,
20250425,12:16:37,-6.7,
20250425,12:16:38,-6.6,
20250425,12:16:38,-6.7,
20250425,12:16:38,-6.9,
20250425,12:16:39,-7.1,
20250425,12:16:39,-7.2,
20250425,12:16:39,-7.2,
20250425,12:16:39,-7.3,
20250425,12:16:40,-7.4,
20250425,12:16:40,-7.6,
20250425,12:16:40,-7.5,
20250425,12:16:41,-7.4,
20250425,12:16:41,-7.3,
20250425,12:16:41,-7.4,
20250425,12:16:41,-7.4,
20250425,12:16:42,-7.2,
20250425,12:16:42,-6.9,
20250425,12:16:42,-6.4,
20250425,12:16:42,-6,
20250425,12:16:43,-5.7,
20250425,12:16:43,-5.6,
20250425,12:16:43,-5.5,
20250425,12:16:44,-5.8,
20250425,12:16:44,-6,
20250425,12:16:44,-6.4,
20250425,12:16:44,-6.7,
20250425,12:16:45,-7,
20250425,12:16:45,-7.3,
20250425,12:16:45,-7.7,
20250425,12:16:45,-7.8,
20250425,12:16:46,-7.9,
20250425,12:16:46,-7.8,
20250425,12:16:46,-7.7,
20250425,12:16:47,-7.7,
20250425,12:16:47,-7.7,
20250425,12:16:47,-7.7,
20250425,12:16:47,-7.7,
20250425,12:16:48,-8,
20250425,12:16:48,-8.1,
20250425,12:16:48,-8.1,
20250425,12:16:49,-8,
20250425,12:16:49,-8,
20250425,12:16:49,-8.1,
20250425,12:16:49,-8.5,
20250425,12:16:50,-8.6,
20250425,12:16:50,-8.5,
20250425,12:16:50,-7.9,
20250425,12:16:50,-7.1,
20250425,12:16:51,-6.3,
20250425,12:16:51,-5.7,
20250425,12:16:51,-5.2,
20250425,12:16:52,-4.9,
20250425,12:16:52,-4.7,
20250425,12:16:52,-4.3,
20250425,12:16:52,-4,
20250425,12:16:53,-3.8,
20250425,12:16:53,-3.6,
20250425,12:16:53,-3.7,
20250425,12:16:53,-4,
20250425,12:16:54,-4.5,
20250425,12:16:54,-4.9,
20250425,12:16:54,-5.3,
20250425,12:16:55,-5.9,
20250425,12:16:55,-6.5,
20250425,12:16:55,-6.8,
20250425,12:16:55,-7,
20250425,12:16:56,-7.1,
20250425,12:16:56,-7,
20250425,12:16:56,-7.1,
20250425,12:16:57,-7,
20250425,12:16:57,-7.3,
20250425,12:16:57,-7.5,
20250425,12:16:57,-7.9,
20250425,12:16:58,-8.4,
20250425,12:16:58,-8.6,
20250425,12:16:58,-8.6,
20250425,12:16:58,-8.6,
20250425,12:16:59,-8.7,
20250425,12:16:59,-8.9,
20250425,12:16:59,-8.8,
20250425,12:17:00,-8.6,
20250425,12:17:00,-8.5,
20250425,12:17:00,-8.2,
20250425,12:17:00,-7.7,
20250425,12:17:01,-7.1,
20250425,12:17:01,-6.6,
20250425,12:17:01,-6,
20250425,12:17:01,-5.6,
20250425,12:17:02,-5.4,
20250425,12:17:02,-5.5,
20250425,12:17:02,-5.9,
20250425,12:17:03,-6.3,
20250425,12:17:03,-6.7,
20250425,12:17:03,-6.8,
20250425,12:17:03,-7,
20250425,12:17:04,-7,
20250425,12:17:04,-6.9,
20250425,12:17:04,-6.8,
20250425,12:17:04,-6.8,
20250425,12:17:05,-6.5,
20250425,12:17:05,-6.2,
20250425,12:17:05,-6,
20250425,12:17:06,-6,
20250425,12:17:06,-6,
20250425,12:17:06,-5.9,
20250425,12:17:06,-6,
20250425,12:17:07,-6.1,
20250425,12:17:07,-6.3,
20250425,12:17:07,-6.3,
20250425,12:17:08,-6.2,
20250425,12:17:08,-6,
20250425,12:17:08,-5.9,
20250425,12:17:08,-5.8,
20250425,12:17:09,-5.8,
20250425,12:17:09,-6,
20250425,12:17:09,-6,
20250425,12:17:09,-6.3,
20250425,12:17:10,-6.4,
20250425,12:17:10,-6.5,
20250425,12:17:10,-6.6,
20250425,12:17:11,-6.5,
20250425,12:17:11,-6.5,
20250425,12:17:11,-6.6,
20250425,12:17:11,-6.7,
20250425,12:17:12,-7,
20250425,12:17:12,-7.2,
20250425,12:17:12,-6.8,
20250425,12:17:12,-6,
20250425,12:17:13,-5.1,
20250425,12:17:13,-4.3,
20250425,12:17:13,-3.7,
20250425,12:17:14,-3.4,
20250425,12:17:14,-3.3,
20250425,12:17:14,-3.4,
20250425,12:17:14,-3.6,
20250425,12:17:15,-3.9,
20250425,12:17:15,-4.3,
20250425,12:17:15,-4.6,
20250425,12:17:16,-5,
20250425,12:17:16,-5.3,
20250425,12:17:16,-5.9,
20250425,12:17:16,-6.2,
20250425,12:17:17,-6.6,
20250425,12:17:17,-6.8,
20250425,12:17:17,-6.8,
20250425,12:17:17,-6.8,
20250425,12:17:18,-6.9,
20250425,12:17:18,-7,
20250425,12:17:18,-7.2,
20250425,12:17:19,-7.4,
20250425,12:17:19,-7.6,
20250425,12:17:19,-7.7,
20250425,12:17:19,-7.7,
20250425,12:17:20,-7.6,
20250425,12:17:20,-7.4,
20250425,12:17:20,-7.3,
20250425,12:17:20,-7.4,
20250425,12:17:21,-7.4,
20250425,12:17:21,-7.6,
20250425,12:17:21,-7.7,
20250425,12:17:22,-7.9,
20250425,12:17:22,-8.1,
20250425,12:17:22,-8.1,
20250425,12:17:22,-8.3,
20250425,12:17:23,-8.4,
20250425,12:17:23,-8.5,
20250425,12:17:23,-8.5,
20250425,12:17:24,-8.6,
20250425,12:17:24,-8.6,
20250425,12:17:24,-8.8,
20250425,12:17:24,-8.9,
20250425,12:17:25,-8.9,
20250425,12:17:25,-8.9,
20250425,12:17:25,-8.9,
20250425,12:17:25,-8.9,
20250425,12:17:26,-8.9,
20250425,12:17:26,-8.9,
20250425,12:17:26,-9,
20250425,12:17:27,-9.1,
20250425,12:17:27,-9.2,
20250425,12:17:27,-9.2,
20250425,12:17:27,-9.1,
20250425,12:17:28,-9.1,
20250425,12:17:28,-9.1,
20250425,12:17:28,-9.1,
20250425,12:17:28,-9.1,
20250425,12:17:29,-9.2,
20250425,12:17:29,-9.3,
20250425,12:17:29,-9.4,
20250425,12:17:30,-9.4,
20250425,12:17:30,-9.2,
20250425,12:17:30,-9,
20250425,12:17:30,-8.7,
20250425,12:17:31,-8.6,
20250425,12:17:31,-8.6,
20250425,12:17:31,-8.7,
20250425,12:17:32,-8.9,
20250425,12:17:32,-9,
20250425,12:17:32,-9.4,
20250425,12:17:32,-10,
20250425,12:17:33,-10.4,
20250425,12:17:33,-10.7,
20250425,12:17:33,-10.8,
20250425,12:17:33,-10.7,
20250425,12:17:34,-10.6,
20250425,12:17:34,-10.4,
20250425,12:17:34,-10.4,
20250425,12:17:35,-10.3,
20250425,12:17:35,-10.3,
20250425,12:17:35,-10.2,
20250425,12:17:35,-10.2,
20250425,12:17:36,-10.1,
20250425,12:17:36,-10,
20250425,12:17:36,-9.9,
20250425,12:17:36,-9.8,
20250425,12:17:37,-9.6,
20250425,12:17:37,-9.7,
20250425,12:17:37,-9.7,
20250425,12:17:38,-9.7,
20250425,12:17:38,-9.6,
20250425,12:17:38,-9.7,
20250425,12:17:38,-9.8,
20250425,12:17:39,-9.9,
20250425,12:17:39,-10,
20250425,12:17:39,-10.1,
20250425,12:17:40,-10.2,
20250425,12:17:40,-10.1,
20250425,12:17:40,-9.9,
20250425,12:17:40,-9.7,
20250425,12:17:41,-9.6,
20250425,12:17:41,-9.5,
20250425,12:17:41,-9.4,
20250425,12:17:41,-9.4,
20250425,12:17:42,-9.4,
20250425,12:17:42,-9.3,
20250425,12:17:42,-9.2,
20250425,12:17:43,-9.2,
20250425,12:17:43,-9.2,
20250425,12:17:43,-9.4,
20250425,12:17:43,-9.5,
20250425,12:17:44,-9.6,
20250425,12:17:44,-9.8,
20250425,12:17:44,-9.9,
20250425,12:17:44,-9.8,
20250425,12:17:45,-9.5,
20250425,12:17:45,-9.2,
20250425,12:17:45,-9,
20250425,12:17:46,-8.9,
20250425,12:17:46,-8.7,
20250425,12:17:46,-8.9,
20250425,12:17:46,-8.9,
20250425,12:17:47,-9.2,
20250425,12:17:47,-9.3,
20250425,12:17:47,-9.4,
20250425,12:17:48,-9.7,
20250425,12:17:48,-9.8,
20250425,12:17:48,-10.1,
20250425,12:17:48,-10.2,
20250425,12:17:49,-10.3,
20250425,12:17:49,-10.1,
20250425,12:17:49,-10,
20250425,12:17:49,-9.8,
20250425,12:17:50,-9.6,
20250425,12:17:50,-9.5,
20250425,12:17:50,-9.3,
20250425,12:17:51,-8.8,
20250425,12:17:51,-8.6,
20250425,12:17:51,-8.5,
20250425,12:17:51,-8.6,
20250425,12:17:52,-8.6,
20250425,12:17:52,-8.8,
20250425,12:17:52,-8.9,
20250425,12:17:52,-9.1,
20250425,12:17:53,-9.3,
20250425,12:17:53,-9.4,
20250425,12:17:53,-9.6,
20250425,12:17:54,-9.6,
20250425,12:17:54,-9.5,
20250425,12:17:54,-9.4,
20250425,12:17:54,-9.2,
20250425,12:17:55,-9,
20250425,12:17:55,-9,
20250425,12:17:55,-8.9,
20250425,12:17:56,-8.8,
20250425,12:17:56,-9,
20250425,12:17:56,-9,
20250425,12:17:56,-9,
20250425,12:17:57,-9.1,
20250425,12:17:57,-9.4,
20250425,12:17:57,-10,
20250425,12:17:57,-10.5,
20250425,12:17:58,-10.9,
20250425,12:17:58,-11,
20250425,12:17:58,-11,
20250425,12:17:59,-10.7,
20250425,12:17:59,-10.8,
20250425,12:17:59,-10.8,
20250425,12:17:59,-10.6,
20250425,12:18:00,-10.4,
20250425,12:18:00,-9.9,
20250425,12:18:00,-9.4,
20250425,12:18:01,-9.2,
20250425,12:18:01,-8.9,
20250425,12:18:01,-9,
20250425,12:18:01,-9.5,
20250425,12:18:02,-10.1,
20250425,12:18:02,-10.4,
20250425,12:18:02,-10.3,
20250425,12:18:02,-10.1,
20250425,12:18:03,-9.7,
20250425,12:18:03,-9.6,
20250425,12:18:03,-9.3,
20250425,12:18:04,-8.6,
20250425,12:18:04,-8,
20250425,12:18:04,-7.7,
20250425,12:18:04,-7.5,
20250425,12:18:05,-7.7,
20250425,12:18:05,-7.8,
20250425,12:18:05,-8.2,
20250425,12:18:05,-8.6,
20250425,12:18:06,-9.2,
20250425,12:18:06,-9.6,
20250425,12:18:06,-9.9,
20250425,12:18:07,-10.3,
20250425,12:18:07,-10.4,
20250425,12:18:07,-10.6,
20250425,12:18:07,-10.5,
20250425,12:18:08,-10.3,
20250425,12:18:08,-10.4,
20250425,12:18:08,-10.5,
20250425,12:18:09,-10.8,
20250425,12:18:09,-11,
20250425,12:18:09,-11,
20250425,12:18:09,-11.2,
20250425,12:18:10,-11.2,
20250425,12:18:10,-11.1,
20250425,12:18:10,-11,
20250425,12:18:10,-10.8,
20250425,12:18:11,-10.4,
20250425,12:18:11,-10.3,
20250425,12:18:11,-10.1,
20250425,12:18:12,-10.3,
20250425,12:18:12,-10.4,
20250425,12:18:12,-10.5,
20250425,12:18:12,-10.7,
20250425,12:18:13,-10.9,
20250425,12:18:13,-10.9,
20250425,12:18:13,-10.9,
20250425,12:18:14,-11,
20250425,12:18:14,-11,
20250425,12:18:14,-10.9,
20250425,12:18:14,-11,
20250425,12:18:15,-11.1,
20250425,12:18:15,-11.3,
20250425,12:18:15,-11.4,
20250425,12:18:15,-11.4,
20250425,12:18:16,-11.2,
20250425,12:18:16,-11.1,
20250425,12:18:16,-11,
20250425,12:18:17,-11,
20250425,12:18:17,-10.9,
20250425,12:18:17,-10.5,
20250425,12:18:17,-10.3,
20250425,12:18:18,-10.1,
20250425,12:18:18,-10.1,
20250425,12:18:18,-10.2,
20250425,12:18:18,-10.4,
20250425,12:18:19,-10.7,
20250425,12:18:19,-10.9,
20250425,12:18:19,-10.9,
20250425,12:18:20,-10.7,
20250425,12:18:20,-10.5,
20250425,12:18:20,-10.3,
20250425,12:18:20,-10,
20250425,12:18:21,-9.9,
20250425,12:18:21,-9.9,
20250425,12:18:21,-9.9,
20250425,12:18:22,-9.9,
20250425,12:18:22,-9.9,
20250425,12:18:22,-10,
20250425,12:18:22,-10,
20250425,12:18:23,-9.9,
20250425,12:18:23,-9.5,
20250425,12:18:23,-9.2,
20250425,12:18:23,-8.8,
20250425,12:18:24,-8.5,
20250425,12:18:24,-8.3,
20250425,12:18:24,-8.4,
20250425,12:18:25,-8.4,
20250425,12:18:25,-8.6,
20250425,12:18:25,-8.6,
20250425,12:18:25,-8.9,
20250425,12:18:26,-9.2,
20250425,12:18:26,-9.2,
20250425,12:18:26,-8.9,
20250425,12:18:26,-8.8,
20250425,12:18:27,-8.6,
20250425,12:18:27,-8.6,
20250425,12:18:27,-8.6,
20250425,12:18:28,-8.7,
20250425,12:18:28,-8.8,
20250425,12:18:28,-8.9,
20250425,12:18:28,-9.1,
20250425,12:18:29,-9.2,
20250425,12:18:29,-9.3,
20250425,12:18:29,-9.4,
20250425,12:18:30,-9.3,
20250425,12:18:30,-9.3,
20250425,12:18:30,-9.1,
20250425,12:18:30,-8.8,
20250425,12:18:31,-8.5,
20250425,12:18:31,-8.2,
20250425,12:18:31,-8,
20250425,12:18:31,-7.9,
20250425,12:18:32,-7.9,
20250425,12:18:32,-7.9,
20250425,12:18:32,-7.8,
20250425,12:18:33,-7.8,
20250425,12:18:33,-8,
20250425,12:18:33,-8.3,
20250425,12:18:33,-8.6,
20250425,12:18:34,-8.6,
20250425,12:18:34,-8.8,
20250425,12:18:34,-8.8,
20250425,12:18:34,-9,
20250425,12:18:35,-9.1,
20250425,12:18:35,-9.3,
20250425,12:18:35,-9.3,
20250425,12:18:36,-9.4,
20250425,12:18:36,-9.4,
20250425,12:18:36,-9.3,
20250425,12:18:36,-9.3,
20250425,12:18:37,-9.1,
20250425,12:18:37,-9,
20250425,12:18:37,-8.8,
20250425,12:18:38,-8.7,
20250425,12:18:38,-8.7,
20250425,12:18:38,-8.9,
20250425,12:18:38,-9.4,
20250425,12:18:39,-10.3,
20250425,12:18:39,-10.9,
20250425,12:18:39,-11.1,
20250425,12:18:39,-10.7,
20250425,12:18:40,-10.3,
20250425,12:18:40,-9.7,
20250425,12:18:40,-9.4,
20250425,12:18:41,-9.1,
20250425,12:18:41,-9,
20250425,12:18:41,-9,
20250425,12:18:41,-9.2,
20250425,12:18:42,-9.2,
20250425,12:18:42,-9.4,
20250425,12:18:42,-9.4,
20250425,12:18:42,-9.4,
20250425,12:18:43,-9.2,
20250425,12:18:43,-9.1,
20250425,12:18:43,-8.9,
20250425,12:18:44,-8.7,
20250425,12:18:44,-8.7,
20250425,12:18:44,-8.6,
20250425,12:18:44,-8.6,
20250425,12:18:45,-8.8,
20250425,12:18:45,-8.9,
20250425,12:18:45,-9.2,
20250425,12:18:46,-9.2,
20250425,12:18:46,-9.1,
20250425,12:18:46,-9,
20250425,12:18:46,-8.8,
20250425,12:18:47,-8.7,
20250425,12:18:47,-8.7,
20250425,12:18:47,-8.8,
20250425,12:18:47,-9.1,
20250425,12:18:48,-9.4,
20250425,12:18:48,-10,
20250425,12:18:48,-10.4,
20250425,12:18:49,-10.6,
20250425,12:18:49,-10.6,
20250425,12:18:49,-10.4,
20250425,12:18:49,-10.3,
20250425,12:18:50,-9.9,
20250425,12:18:50,-9.7,
20250425,12:18:50,-9.4,
20250425,12:18:50,-9.4,
20250425,12:18:51,-9.4,
20250425,12:18:51,-9.4,
20250425,12:18:51,-9.4,
20250425,12:18:52,-9.6,
20250425,12:18:52,-9.7,
20250425,12:18:52,-9.8,
20250425,12:18:52,-9.9,
20250425,12:18:53,-9.8,
20250425,12:18:53,-9.8,
20250425,12:18:53,-9.7,
20250425,12:18:54,-9.7,
20250425,12:18:54,-9.7,
20250425,12:18:54,-9.5,
20250425,12:18:54,-9.4,
20250425,12:18:55,-9.4,
20250425,12:18:55,-9.2,
20250425,12:18:55,-9,
20250425,12:18:55,-9.1,
20250425,12:18:56,-9.2,
20250425,12:18:56,-9.3,
20250425,12:18:56,-9.4,
20250425,12:18:57,-9.4,
20250425,12:18:57,-9.5,
20250425,12:18:57,-9.4,
20250425,12:18:57,-9.4,
20250425,12:18:58,-9.4,
20250425,12:18:58,-9.3,
20250425,12:18:58,-9.3,
20250425,12:18:58,-9.5,
20250425,12:18:59,-9.8,
20250425,12:18:59,-9.8,
20250425,12:18:59,-9.8,
20250425,12:19:00,-9.8,
20250425,12:19:00,-9.7,
20250425,12:19:00,-9.6,
20250425,12:19:00,-9.5,
20250425,12:19:01,-9.5,
20250425,12:19:01,-9.4,
20250425,12:19:01,-9.4,
20250425,12:19:02,-9.4,
20250425,12:19:02,-9.4,
20250425,12:19:02,-9.2,
20250425,12:19:02,-9.4,
20250425,12:19:03,-9.4,
20250425,12:19:03,-9.4,
20250425,12:19:03,-9.4,
20250425,12:19:03,-9.4,
20250425,12:19:04,-9.4,
20250425,12:19:04,-9.6,
20250425,12:19:04,-10.1,
20250425,12:19:05,-10.2,
20250425,12:19:05,-10.2,
20250425,12:19:05,-10,
20250425,12:19:05,-10,
20250425,12:19:06,-9.8,
20250425,12:19:06,-9.8,
20250425,12:19:06,-9.8,
20250425,12:19:06,-9.9,
20250425,12:19:07,-9.9,
20250425,12:19:07,-10.2,
20250425,12:19:07,-10.2,
20250425,12:19:08,-10.5,
20250425,12:19:08,-10.6,
20250425,12:19:08,-10.7,
20250425,12:19:08,-10.8,
20250425,12:19:09,-10.7,
20250425,12:19:09,-10.5,
20250425,12:19:09,-10.3,
20250425,12:19:10,-10.3,
20250425,12:19:10,-10.4,
20250425,12:19:10,-10.4,
20250425,12:19:10,-10.6,
20250425,12:19:11,-10.8,
20250425,12:19:11,-10.9,
20250425,12:19:11,-11,
20250425,12:19:11,-10.8,
20250425,12:19:12,-10.7,
20250425,12:19:12,-10.6,
20250425,12:19:12,-10.4,
20250425,12:19:13,-10.3,
20250425,12:19:13,-10.3,
20250425,12:19:13,-10,
20250425,12:19:13,-9.8,
20250425,12:19:14,-9.6,
20250425,12:19:14,-9.4,
20250425,12:19:14,-9.4,
20250425,12:19:14,-9.4,
20250425,12:19:15,-9.4,
20250425,12:19:15,-9.5,
20250425,12:19:15,-9.5,
20250425,12:19:16,-9.8,
20250425,12:19:16,-10.4,
20250425,12:19:16,-11.1,
20250425,12:19:16,-11.3,
20250425,12:19:17,-11.4,
20250425,12:19:17,-11.1,
20250425,12:19:17,-11,
20250425,12:19:18,-10.7,
20250425,12:19:18,-10.6,
20250425,12:19:18,-10.5,
20250425,12:19:18,-10.4,
20250425,12:19:19,-10.3,
20250425,12:19:19,-10.3,
20250425,12:19:19,-10.2,
20250425,12:19:19,-10.1,
20250425,12:19:20,-10,
20250425,12:19:20,-9.9,
20250425,12:19:20,-9.8,
20250425,12:19:21,-9.7,
20250425,12:19:21,-9.4,
20250425,12:19:21,-9.3,
20250425,12:19:21,-9.1,
20250425,12:19:22,-9,
20250425,12:19:22,-8.9,
20250425,12:19:22,-9,
20250425,12:19:22,-9,
20250425,12:19:23,-9.2,
20250425,12:19:23,-9.2,
20250425,12:19:23,-9.3,
20250425,12:19:24,-9.3,
20250425,12:19:24,-9.3,
20250425,12:19:24,-9.3,
20250425,12:19:24,-9.2,
20250425,12:19:25,-9.2,
20250425,12:19:25,-9.1,
20250425,12:19:25,-9.1,
20250425,12:19:26,-9,
20250425,12:19:26,-9,
20250425,12:19:26,-8.9,
20250425,12:19:26,-8.8,
20250425,12:19:27,-8.8,
20250425,12:19:27,-8.8,
20250425,12:19:27,-8.5,
20250425,12:19:27,-8.2,
20250425,12:19:28,-8.1,
20250425,12:19:28,-8.1,
20250425,12:19:28,-8.5,
20250425,12:19:29,-8.8,
20250425,12:19:29,-9.1,
20250425,12:19:29,-9.3,
20250425,12:19:29,-9.4,
20250425,12:19:30,-9.4,
20250425,12:19:30,-9.4,
20250425,12:19:30,-9.4,
20250425,12:19:31,-9.4,
20250425,12:19:31,-9.3,
20250425,12:19:31,-9.3,
20250425,12:19:31,-9.3,
20250425,12:19:32,-9.2,
20250425,12:19:32,-9.1,
20250425,12:19:32,-9,
20250425,12:19:32,-9,
20250425,12:19:33,-8.9,
20250425,12:19:33,-9.2,
20250425,12:19:33,-9.6,
20250425,12:19:34,-10.2,
20250425,12:19:34,-10.5,
20250425,12:19:34,-10.6,
20250425,12:19:34,-10.6,
20250425,12:19:35,-10.4,
20250425,12:19:35,-10.4,
20250425,12:19:35,-10.7,
20250425,12:19:35,-11,
20250425,12:19:36,-10.9,
20250425,12:19:36,-10.4,
20250425,12:19:36,-10.1,
20250425,12:19:37,-9.7,
20250425,12:19:37,-9.5,
20250425,12:19:37,-9.4,
20250425,12:19:37,-9.4,
20250425,12:19:38,-9.3,
20250425,12:19:38,-9.3,
20250425,12:19:38,-9.4,
20250425,12:19:39,-9.4,
20250425,12:19:39,-9.6,
20250425,12:19:39,-9.8,
20250425,12:19:39,-9.9,
20250425,12:19:40,-10.3,
20250425,12:19:40,-10.3,
20250425,12:19:40,-10.5,
20250425,12:19:40,-10.8,
20250425,12:19:41,-10.8,
20250425,12:19:41,-10.9,
20250425,12:19:41,-10.9,
20250425,12:19:42,-10.9,
20250425,12:19:42,-10.9,
20250425,12:19:42,-10.8,
20250425,12:19:42,-10.7,
20250425,12:19:43,-10.6,
20250425,12:19:43,-10.6,
20250425,12:19:43,-10.4,
20250425,12:19:43,-10.3,
20250425,12:19:44,-10.2,
20250425,12:19:44,-10.1,
20250425,12:19:44,-10.2,
20250425,12:19:45,-10.3,
20250425,12:19:45,-10.6,
20250425,12:19:45,-10.8,
20250425,12:19:45,-10.8,
20250425,12:19:46,-10.7,
20250425,12:19:46,-10.6,
20250425,12:19:46,-10.5,
20250425,12:19:47,-10.3,
20250425,12:19:47,-10.3,
20250425,12:19:47,-10.4,
20250425,12:19:47,-10.7,
20250425,12:19:48,-11.1,
20250425,12:19:48,-11.6,
20250425,12:19:48,-11.9,
20250425,12:19:48,-11.8,
20250425,12:19:49,-11.4,
20250425,12:19:49,-11,
20250425,12:19:49,-10.6,
20250425,12:19:50,-10.5,
20250425,12:19:50,-10.7,
20250425,12:19:50,-10.8,
20250425,12:19:50,-11,
20250425,12:19:51,-11.1,
20250425,12:19:51,-11.3,
20250425,12:19:51,-11.3,
20250425,12:19:52,-11.3,
20250425,12:19:52,-11.5,
20250425,12:19:52,-11.5,
20250425,12:19:52,-11.5,
20250425,12:19:53,-11.5,
20250425,12:19:53,-11.5,
20250425,12:19:53,-11.5,
20250425,12:19:53,-11.4,
20250425,12:19:54,-11.4,
20250425,12:19:54,-11.4,
20250425,12:19:54,-11.5,
20250425,12:19:55,-11.7,
20250425,12:19:55,-12,
20250425,12:19:55,-12.2,
20250425,12:19:55,-12.2,
20250425,12:19:56,-12.2,
20250425,12:19:56,-12.1,
20250425,12:19:56,-12,
20250425,12:19:57,-12,
20250425,12:19:57,-11.8,
20250425,12:19:57,-11.6,
20250425,12:19:57,-11.3,
20250425,12:19:58,-11,
20250425,12:19:58,-10.6,
20250425,12:19:58,-10.4,
20250425,12:19:58,-10.3,
20250425,12:19:59,-10.3,
20250425,12:19:59,-10.3,
20250425,12:19:59,-10.6,
20250425,12:20:00,-11,
20250425,12:20:00,-11.2,
20250425,12:20:00,-11.1,
20250425,12:20:00,-11,
20250425,12:20:01,-11,
20250425,12:20:01,-11,
20250425,12:20:01,-11.1,
20250425,12:20:01,-11.1,
20250425,12:20:02,-11.1,
20250425,12:20:02,-11,
20250425,12:20:02,-10.8,
20250425,12:20:03,-10.7,
20250425,12:20:03,-10.7,
20250425,12:20:03,-10.7,
20250425,12:20:03,-10.7,
20250425,12:20:04,-10.8,
20250425,12:20:04,-10.8,
20250425,12:20:04,-10.8,
20250425,12:20:05,-10.7,
20250425,12:20:05,-10.6,
20250425,12:20:05,-10.6,
20250425,12:20:05,-10.4,
20250425,12:20:06,-10.4,
20250425,12:20:06,-10.3,
20250425,12:20:06,-10.3,
20250425,12:20:06,-10.3,
20250425,12:20:07,-10.3,
20250425,12:20:07,-10.2,
20250425,12:20:07,-10.1,
20250425,12:20:08,-10,
20250425,12:20:08,-10,
20250425,12:20:08,-9.9,
20250425,12:20:08,-9.8,
20250425,12:20:09,-9.7,
20250425,12:20:09,-9.7,
20250425,12:20:09,-9.6,
20250425,12:20:10,-9.6,
20250425,12:20:10,-9.4,
20250425,12:20:10,-9.4,
20250425,12:20:10,-9.4,
20250425,12:20:11,-9.3,
20250425,12:20:11,-9.3,
20250425,12:20:11,-9.2,
20250425,12:20:11,-9,
20250425,12:20:12,-9.1,
20250425,12:20:12,-8.9,
20250425,12:20:12,-8.8,
20250425,12:20:13,-8.7,
20250425,12:20:13,-8.7,
20250425,12:20:13,-8.6,
20250425,12:20:13,-8.6,
20250425,12:20:14,-8.5,
20250425,12:20:14,-8.5,
20250425,12:20:14,-8.6,
20250425,12:20:14,-8.6,
20250425,12:20:15,-8.5,
20250425,12:20:15,-8.5,
20250425,12:20:15,-8.4,
20250425,12:20:16,-8.3,
20250425,12:20:16,-8.3,
20250425,12:20:16,-8.1,
20250425,12:20:16,-8,
20250425,12:20:17,-8,
20250425,12:20:17,-8,
20250425,12:20:17,-8,
20250425,12:20:18,-7.9,
20250425,12:20:18,-7.8,
20250425,12:20:18,-7.7,
20250425,12:20:18,-7.7,
20250425,12:20:19,-7.6,
20250425,12:20:19,-7.5,
20250425,12:20:19,-7.4,
20250425,12:20:19,-7.2,
20250425,12:20:20,-7.1,
20250425,12:20:20,-6.9,
20250425,12:20:20,-6.8,
20250425,12:20:21,-6.7,
20250425,12:20:21,-6.8,
20250425,12:20:21,-7,
20250425,12:20:21,-7.2,
20250425,12:20:22,-7.4,
20250425,12:20:22,-7.6,
20250425,12:20:22,-7.7,
20250425,12:20:22,-7.7,
20250425,12:20:23,-7.7,
20250425,12:20:23,-7.6,
20250425,12:20:23,-7.6,
20250425,12:20:24,-7.6,
20250425,12:20:24,-7.5,
20250425,12:20:24,-7.4,
20250425,12:20:24,-7.4,
20250425,12:20:25,-7.4,
20250425,12:20:25,-7.3,
20250425,12:20:25,-7.1,
20250425,12:20:26,-7,
20250425,12:20:26,-6.9,
20250425,12:20:26,-6.8,
20250425,12:20:26,-6.8,
20250425,12:20:27,-6.7,
20250425,12:20:27,-6.6,
20250425,12:20:27,-6.6,
20250425,12:20:27,-6.6,
20250425,12:20:28,-6.7,
20250425,12:20:28,-6.6,
20250425,12:20:28,-6.5,
20250425,12:20:29,-6.5,
20250425,12:20:29,-6.4,
20250425,12:20:29,-6.2,
20250425,12:20:29,-6,
20250425,12:20:30,-5.7,
20250425,12:20:30,-5.3,
20250425,12:20:30,-5.1,
20250425,12:20:30,-5.1,
20250425,12:20:31,-5.1,
20250425,12:20:31,-5.3,
20250425,12:20:31,-5.5,
20250425,12:20:32,-5.7,
20250425,12:20:32,-5.7,
20250425,12:20:32,-5.6,
20250425,12:20:32,-5.4,
20250425,12:20:33,-5.2,
20250425,12:20:33,-5.2,
20250425,12:20:33,-5.4,
20250425,12:20:33,-5.6,
20250425,12:20:34,-5.8,
20250425,12:20:34,-6,
20250425,12:20:34,-6.2,
20250425,12:20:35,-6.3,
20250425,12:20:35,-6.4,
20250425,12:20:35,-6.4,
20250425,12:20:35,-6.4,
20250425,12:20:36,-6.4,
20250425,12:20:36,-6.6,
20250425,12:20:36,-6.9,
20250425,12:20:37,-7.2,
20250425,12:20:37,-7.2,
20250425,12:20:37,-7.4,
20250425,12:20:37,-7.5,
20250425,12:20:38,-7.6,
20250425,12:20:38,-7.7,
20250425,12:20:38,-7.7,
20250425,12:20:38,-7.9,
20250425,12:20:39,-8.1,
20250425,12:20:39,-8.5,
20250425,12:20:39,-8.7,
20250425,12:20:40,-8.9,
20250425,12:20:40,-9,
20250425,12:20:40,-8.9,
20250425,12:20:40,-8.8,
20250425,12:20:41,-8.8,
20250425,12:20:41,-8.8,
20250425,12:20:41,-8.8,
20250425,12:20:41,-8.8,
20250425,12:20:42,-8.6,
20250425,12:20:42,-8.3,
20250425,12:20:42,-7.9,
20250425,12:20:43,-7.7,
20250425,12:20:43,-7.5,
20250425,12:20:43,-7.5,
20250425,12:20:43,-7.9,
20250425,12:20:44,-8.9,
20250425,12:20:44,-9.4,
20250425,12:20:44,-9.5,
20250425,12:20:45,-9.7,
20250425,12:20:45,-9.5,
20250425,12:20:45,-8.7,
20250425,12:20:45,-8,
20250425,12:20:46,-7.7,
20250425,12:20:46,-7.6,
20250425,12:20:46,-7.8,
20250425,12:20:46,-8.5,
20250425,12:20:47,-9.2,
20250425,12:20:47,-9.9,
20250425,12:20:47,-10.5,
20250425,12:20:48,-10.8,
20250425,12:20:48,-11.1,
20250425,12:20:48,-11.6,
20250425,12:20:48,-12.3,
20250425,12:20:49,-13,
20250425,12:20:49,-13.4,
20250425,12:20:49,-13.6,
20250425,12:20:50,-13.6,
20250425,12:20:50,-13.7,
20250425,12:20:50,-14.1,
20250425,12:20:50,-14.2,
20250425,12:20:51,-13.7,
20250425,12:20:51,-12.9,
20250425,12:20:51,-12.1,
20250425,12:20:51,-11.8,
20250425,12:20:52,-11.5,
20250425,12:20:52,-11.5,
20250425,12:20:52,-11.6,
20250425,12:20:53,-11.9,
20250425,12:20:53,-12.2,
20250425,12:20:53,-12.6,
20250425,12:20:53,-13,
20250425,12:20:54,-13.3,
20250425,12:20:54,-13.7,
20250425,12:20:54,-13.9,
20250425,12:20:54,-14,
20250425,12:20:55,-13.9,
20250425,12:20:55,-13.9,
20250425,12:20:55,-13.9,
20250425,12:20:56,-14,
20250425,12:20:56,-14.1,
20250425,12:20:56,-14.2,
20250425,12:20:56,-14.3,
20250425,12:20:57,-14.2,
20250425,12:20:57,-14,
20250425,12:20:57,-13.8,
20250425,12:20:58,-13.7,
20250425,12:20:58,-13.6,
20250425,12:20:58,-13.5,
20250425,12:20:58,-13.7,
20250425,12:20:59,-13.7,
20250425,12:20:59,-13.7,
20250425,12:20:59,-13.7,
20250425,12:20:59,-13.7,
20250425,12:21:00,-13.5,
20250425,12:21:00,-13.4,
20250425,12:21:00,-13.4,
20250425,12:21:01,-13.4,
20250425,12:21:01,-13.6,
20250425,12:21:01,-13.6,
20250425,12:21:01,-13.6,
20250425,12:21:02,-13.7,
20250425,12:21:02,-13.6,
20250425,12:21:02,-13.5,
20250425,12:21:03,-13.3,
20250425,12:21:03,-13.1,
20250425,12:21:03,-12.9,
20250425,12:21:03,-13,
20250425,12:21:04,-12.9,
20250425,12:21:04,-12.8,
20250425,12:21:04,-12.7,
20250425,12:21:04,-12.4,
20250425,12:21:05,-12.1,
20250425,12:21:05,-12,
20250425,12:21:05,-11.9,
20250425,12:21:06,-11.8,
20250425,12:21:06,-11.7,
20250425,12:21:06,-11.7,
20250425,12:21:06,-11.7,
20250425,12:21:07,-11.7,
20250425,12:21:07,-11.7,
20250425,12:21:07,-11.6,
20250425,12:21:07,-11.6,
20250425,12:21:08,-11.3,
20250425,12:21:08,-11.3,
20250425,12:21:08,-11.3,
20250425,12:21:09,-11.2,
20250425,12:21:09,-11.3,
20250425,12:21:09,-11.3,
20250425,12:21:09,-11.2,
20250425,12:21:10,-11.1,
20250425,12:21:10,-11.1,
20250425,12:21:10,-11,
20250425,12:21:11,-10.8,
20250425,12:21:11,-10.7,
20250425,12:21:11,-10.5,
20250425,12:21:11,-10.4,
20250425,12:21:12,-10.2,
20250425,12:21:12,-10.1,
20250425,12:21:12,-9.9,
20250425,12:21:12,-9.7,
20250425,12:21:13,-9.6,
20250425,12:21:13,-9.5,
20250425,12:21:13,-9.4,
20250425,12:21:14,-9.4,
20250425,12:21:14,-9.3,
20250425,12:21:14,-9.2,
20250425,12:21:14,-9.1,
20250425,12:21:15,-9,
20250425,12:21:15,-8.8,
20250425,12:21:15,-8.7,
20250425,12:21:15,-8.6,
20250425,12:21:16,-8.5,
20250425,12:21:16,-8.3,
20250425,12:21:16,-8.2,
20250425,12:21:17,-8.3,
20250425,12:21:17,-8.3,
20250425,12:21:17,-8.4,
20250425,12:21:17,-8.3,
20250425,12:21:18,-8.3,
20250425,12:21:18,-8.3,
20250425,12:21:18,-8.2,
20250425,12:21:19,-8.2,
20250425,12:21:19,-8.1,
20250425,12:21:19,-8,
20250425,12:21:19,-8,
20250425,12:21:20,-7.7,
20250425,12:21:20,-7.7,
20250425,12:21:20,-7.7,
20250425,12:21:20,-7.5,
20250425,12:21:21,-7.4,
20250425,12:21:21,-7.4,
20250425,12:21:21,-7.3,
20250425,12:21:22,-7.3,
20250425,12:21:22,-7.2,
20250425,12:21:22,-7.2,
20250425,12:21:22,-7,
20250425,12:21:23,-6.9,
20250425,12:21:23,-6.7,
20250425,12:21:23,-6.6,
20250425,12:21:23,-6.4,
20250425,12:21:24,-6.2,
20250425,12:21:24,-6.1,
20250425,12:21:24,-6.1,
20250425,12:21:25,-6.1,
20250425,12:21:25,-6.2,
20250425,12:21:25,-6.1,
20250425,12:21:25,-6.1,
20250425,12:21:26,-6.1,
20250425,12:21:26,-6,
20250425,12:21:26,-6,
20250425,12:21:27,-6,
20250425,12:21:27,-5.9,
20250425,12:21:27,-5.8,
20250425,12:21:27,-5.6,
20250425,12:21:28,-5.4,
20250425,12:21:28,-5.1,
20250425,12:21:28,-5,
20250425,12:21:28,-4.8,
20250425,12:21:29,-4.6,
20250425,12:21:29,-4.6,
20250425,12:21:29,-4.7,
20250425,12:21:30,-4.8,
20250425,12:21:30,-4.9,
20250425,12:21:30,-5,
20250425,12:21:30,-5.1,
20250425,12:21:31,-5.1,
20250425,12:21:31,-5.1,
20250425,12:21:31,-5.1,
20250425,12:21:31,-5.3,
20250425,12:21:32,-5.5,
20250425,12:21:32,-5.8,
20250425,12:21:32,-6,
20250425,12:21:33,-6,
20250425,12:21:33,-6,
20250425,12:21:33,-6,
20250425,12:21:33,-6.2,
20250425,12:21:34,-6.7,
20250425,12:21:34,-7.3,
20250425,12:21:34,-7.8,
20250425,12:21:35,-8.3,
20250425,12:21:35,-8.6,
20250425,12:21:35,-9,
20250425,12:21:35,-9,
20250425,12:21:36,-9.3,
20250425,12:21:36,-9.4,
20250425,12:21:36,-9.6,
20250425,12:21:36,-10,
20250425,12:21:37,-10.6,
20250425,12:21:37,-11,
20250425,12:21:37,-11.1,
20250425,12:21:38,-11.1,
20250425,12:21:38,-11.2,
20250425,12:21:38,-11.3,
20250425,12:21:38,-11.1,
20250425,12:21:39,-11.2,
20250425,12:21:39,-11.2,
20250425,12:21:39,-11.6,
20250425,12:21:40,-11.9,
20250425,12:21:40,-12.1,
20250425,12:21:40,-12.4,
20250425,12:21:40,-12.5,
20250425,12:21:41,-12.5,
20250425,12:21:41,-12.5,
20250425,12:21:41,-12.5,
20250425,12:21:41,-12.6,
20250425,12:21:42,-12.7,
20250425,12:21:42,-12.8,
20250425,12:21:42,-13.1,
20250425,12:21:43,-13.2,
20250425,12:21:43,-13,
20250425,12:21:43,-12.8,
20250425,12:21:43,-12.5,
20250425,12:21:44,-12.3,
20250425,12:21:44,-12.1,
20250425,12:21:44,-12.2,
20250425,12:21:44,-12.3,
20250425,12:21:45,-12.4,
20250425,12:21:45,-12.6,
20250425,12:21:45,-12.9,
20250425,12:21:46,-13,
20250425,12:21:46,-12.9,
20250425,12:21:46,-12.9,
20250425,12:21:46,-12.6,
20250425,12:21:47,-12.3,
20250425,12:21:47,-12,
20250425,12:21:47,-11.8,
20250425,12:21:48,-11.7,
20250425,12:21:48,-11.6,
20250425,12:21:48,-11.7,
20250425,12:21:48,-11.8,
20250425,12:21:49,-12,
20250425,12:21:49,-12.2,
20250425,12:21:49,-12.2,
20250425,12:21:49,-12.7,
20250425,12:21:50,-13.1,
20250425,12:21:50,-13.5,
20250425,12:21:50,-13.9,
20250425,12:21:51,-14.2,
20250425,12:21:51,-14.2,
20250425,12:21:51,-14.1,
20250425,12:21:51,-14,
20250425,12:21:52,-13.6,
20250425,12:21:52,-13.2,
20250425,12:21:52,-12.7,
20250425,12:21:53,-12.2,
20250425,12:21:53,-11.9,
20250425,12:21:53,-11.9,
20250425,12:21:53,-12,
20250425,12:21:54,-12,
20250425,12:21:54,-11.9,
20250425,12:21:54,-11.4,
20250425,12:21:54,-11.2,
20250425,12:21:55,-11.6,
20250425,12:21:55,-11.6,
20250425,12:21:55,-11.7,
20250425,12:21:56,-12,
20250425,12:21:56,-12,
20250425,12:21:56,-11.9,
20250425,12:21:56,-11.4,
20250425,12:21:57,-11.3,
20250425,12:21:57,-11.2,
20250425,12:21:57,-11.3,
20250425,12:21:57,-11.4,
20250425,12:21:58,-11.7,
20250425,12:21:58,-11.7,
20250425,12:21:58,-11.7,
20250425,12:21:59,-11.3,
20250425,12:21:59,-11.1,
20250425,12:21:59,-11,
20250425,12:21:59,-11.1,
20250425,12:22:00,-11.3,
20250425,12:22:00,-11.7,
20250425,12:22:00,-11.9,
20250425,12:22:01,-12.3,
20250425,12:22:01,-12.7,
20250425,12:22:01,-12.8,
20250425,12:22:01,-13,
20250425,12:22:02,-13.3,
20250425,12:22:02,-13.4,
20250425,12:22:02,-13.6,
20250425,12:22:02,-13.7,
20250425,12:22:03,-13.9,
20250425,12:22:03,-13.8,
20250425,12:22:03,-14.2,
20250425,12:22:04,-14.6,
20250425,12:22:04,-15.1,
20250425,12:22:04,-15.5,
20250425,12:22:04,-15.4,
20250425,12:22:05,-14.7,
20250425,12:22:05,-13.7,
20250425,12:22:05,-12.7,
20250425,12:22:06,-11.8,
20250425,12:22:06,-11.1,
20250425,12:22:06,-10.3,
20250425,12:22:06,-9.4,
20250425,12:22:07,-8.6,
20250425,12:22:07,-8.3,
20250425,12:22:07,-8.1,
20250425,12:22:07,-8.5,
20250425,12:22:08,-8.9,
20250425,12:22:08,-9.4,
20250425,12:22:08,-10.2,
20250425,12:22:09,-11.1,
20250425,12:22:09,-11.7,
20250425,12:22:09,-11.9,
20250425,12:22:09,-11.5,
20250425,12:22:10,-10.9,
20250425,12:22:10,-10.6,
20250425,12:22:10,-10.3,
20250425,12:22:11,-10.3,
20250425,12:22:11,-10.5,
20250425,12:22:11,-10.6,
20250425,12:22:11,-11,
20250425,12:22:12,-11.5,
20250425,12:22:12,-11.7,
20250425,12:22:12,-12.2,
20250425,12:22:12,-12.8,
20250425,12:22:13,-13.7,
20250425,12:22:13,-14.2,
20250425,12:22:13,-13.9,
20250425,12:22:14,-13,
20250425,12:22:14,-12.5,
20250425,12:22:14,-11.7,
20250425,12:22:14,-11.7,
20250425,12:22:15,-11.2,
20250425,12:22:15,-11.6,
20250425,12:22:15,-11.9,
20250425,12:22:15,-12.3,
20250425,12:22:16,-12.7,
20250425,12:22:16,-13.2,
20250425,12:22:16,-13.5,
20250425,12:22:17,-12.9,
20250425,12:22:17,-12.3,
20250425,12:22:17,-11.4,
20250425,12:22:17,-10.7,
20250425,12:22:18,-9.9,
20250425,12:22:18,-9.4,
20250425,12:22:18,-9.2,
20250425,12:22:19,-8.8,
20250425,12:22:19,-8.5,
20250425,12:22:19,-8.5,
20250425,12:22:19,-8.6,
20250425,12:22:20,-8.9,
20250425,12:22:20,-9.4,
20250425,12:22:20,-9.6,
20250425,12:22:20,-10.2,
20250425,12:22:21,-10.7,
20250425,12:22:21,-11.3,
20250425,12:22:21,-12,
20250425,12:22:22,-12.7,
20250425,12:22:22,-12.9,
20250425,12:22:22,-12.6,
20250425,12:22:22,-12.1,
20250425,12:22:23,-11.4,
20250425,12:22:23,-11.2,
20250425,12:22:23,-11.1,
20250425,12:22:24,-11.3,
20250425,12:22:24,-11.8,
20250425,12:22:24,-11.7,
20250425,12:22:24,-12.2,
20250425,12:22:25,-12.2,
20250425,12:22:25,-12.3,
20250425,12:22:25,-12.6,
20250425,12:22:25,-12.7,
20250425,12:22:26,-12.8,
20250425,12:22:26,-12.8,
20250425,12:22:26,-12.8,
20250425,12:22:27,-12.8,
20250425,12:22:27,-12.5,
20250425,12:22:27,-12.5,
20250425,12:22:27,-12.5,
20250425,12:22:28,-12.5,
20250425,12:22:28,-12.5,
20250425,12:22:28,-12.5,
20250425,12:22:28,-12.9,
20250425,12:22:29,-12.9,
20250425,12:22:29,-13.1,
20250425,12:22:29,-13.2,
20250425,12:22:30,-13.4,
20250425,12:22:30,-13.4,
20250425,12:22:30,-13.6,
20250425,12:22:30,-13.4,
20250425,12:22:31,-13.5,
20250425,12:22:31,-13.6,
20250425,12:22:31,-13.5,
20250425,12:22:32,-13.4,
20250425,12:22:32,-13.3,
20250425,12:22:32,-13.3,
20250425,12:22:32,-13.1,
20250425,12:22:33,-12.9,
20250425,12:22:33,-12.8,
20250425,12:22:33,-12.5,
20250425,12:22:33,-12.6,
20250425,12:22:34,-12.5,
20250425,12:22:34,-12.6,
20250425,12:22:34,-12.3,
20250425,12:22:35,-12.2,
20250425,12:22:35,-12.1,
20250425,12:22:35,-12.1,
20250425,12:22:35,-12,
20250425,12:22:36,-12,
20250425,12:22:36,-12,
20250425,12:22:36,-12,
20250425,12:22:37,-12.1,
20250425,12:22:37,-12.1,
20250425,12:22:37,-12,
20250425,12:22:37,-12,
20250425,12:22:38,-11.6,
20250425,12:22:38,-11.5,
20250425,12:22:38,-11.5,
20250425,12:22:38,-11.8,
20250425,12:22:39,-11.8,
20250425,12:22:39,-11.9,
20250425,12:22:39,-11.9,
20250425,12:22:40,-11.9,
20250425,12:22:40,-11.9,
20250425,12:22:40,-11.8,
20250425,12:22:40,-11.8,
20250425,12:22:41,-11.8,
20250425,12:22:41,-12,
20250425,12:22:41,-11.9,
20250425,12:22:41,-12,
20250425,12:22:42,-11.9,
20250425,12:22:42,-11.5,
20250425,12:22:42,-11.1,
20250425,12:22:43,-10.8,
20250425,12:22:43,-10.4,
20250425,12:22:43,-10.3,
20250425,12:22:43,-10.3,
20250425,12:22:44,-10.3,
20250425,12:22:44,-10.3,
20250425,12:22:44,-10.5,
20250425,12:22:45,-10.7,
20250425,12:22:45,-10.8,
20250425,12:22:45,-10.9,
20250425,12:22:45,-10.9,
20250425,12:22:46,-10.9,
20250425,12:22:46,-11,
20250425,12:22:46,-11,
20250425,12:22:46,-10.9,
20250425,12:22:47,-10.8,
20250425,12:22:47,-10.7,
20250425,12:22:47,-10.6,
20250425,12:22:48,-10.4,
20250425,12:22:48,-10.3,
20250425,12:22:48,-10.3,
20250425,12:22:48,-10.3,
20250425,12:22:49,-10.3,
20250425,12:22:49,-10.3,
20250425,12:22:49,-10.4,
20250425,12:22:50,-10.7,
20250425,12:22:50,-10.9,
20250425,12:22:50,-11,
20250425,12:22:50,-11.1,
20250425,12:22:51,-10.8,
20250425,12:22:51,-10.6,
20250425,12:22:51,-10.4,
20250425,12:22:51,-10.3,
20250425,12:22:52,-10.2,
20250425,12:22:52,-10.2,
20250425,12:22:52,-10.1,
20250425,12:22:53,-10.1,
20250425,12:22:53,-10.1,
20250425,12:22:53,-10,
20250425,12:22:53,-10,
20250425,12:22:54,-9.7,
20250425,12:22:54,-9.6,
20250425,12:22:54,-9.3,
20250425,12:22:54,-9.2,
20250425,12:22:55,-9.1,
20250425,12:22:55,-9.1,
20250425,12:22:55,-9.1,
20250425,12:22:56,-9.2,
20250425,12:22:56,-9.2,
20250425,12:22:56,-9.3,
20250425,12:22:56,-9.3,
20250425,12:22:57,-9.3,
20250425,12:22:57,-9.3,
20250425,12:22:57,-9.3,
20250425,12:22:58,-9.2,
20250425,12:22:58,-9.2,
20250425,12:22:58,-8.9,
20250425,12:22:58,-8.8,
20250425,12:22:59,-8.7,
20250425,12:22:59,-8.6,
20250425,12:22:59,-8.6,
20250425,12:22:59,-8.6,
20250425,12:23:00,-8.5,
20250425,12:23:00,-8.6,
20250425,12:23:00,-8.6,
20250425,12:23:01,-8.6,
20250425,12:23:01,-8.6,
20250425,12:23:01,-8.6,
20250425,12:23:01,-8.6,
20250425,12:23:02,-8.6,
20250425,12:23:02,-8.6,
20250425,12:23:02,-8.5,
20250425,12:23:02,-8.6,
20250425,12:23:03,-8.7,
20250425,12:23:03,-8.9,
20250425,12:23:03,-9,
20250425,12:23:04,-9.5,
20250425,12:23:04,-10.3,
20250425,12:23:04,-10.9,
20250425,12:23:04,-11.1,
20250425,12:23:05,-11.2,
20250425,12:23:05,-11.2,
20250425,12:23:05,-11.1,
20250425,12:23:06,-11,
20250425,12:23:06,-11,
20250425,12:23:06,-11,
20250425,12:23:06,-11,
20250425,12:23:07,-11,
20250425,12:23:07,-11.1,
20250425,12:23:07,-11,
20250425,12:23:07,-10.9,
20250425,12:23:08,-10.7,
20250425,12:23:08,-10.6,
20250425,12:23:08,-10.3,
20250425,12:23:09,-10.2,
20250425,12:23:09,-10.1,
20250425,12:23:09,-10,
20250425,12:23:09,-9.9,
20250425,12:23:10,-9.9,
20250425,12:23:10,-10.1,
20250425,12:23:10,-10.3,
20250425,12:23:11,-10.6,
20250425,12:23:11,-10.6,
20250425,12:23:11,-10.5,
20250425,12:23:11,-10.5,
20250425,12:23:12,-10.4,
20250425,12:23:12,-10.2,
20250425,12:23:12,-9.9,
20250425,12:23:12,-9.5,
20250425,12:23:13,-9.3,
20250425,12:23:13,-8.9,
20250425,12:23:13,-8.8,
20250425,12:23:14,-8.8,
20250425,12:23:14,-8.9,
20250425,12:23:14,-9,
20250425,12:23:14,-9.3,
20250425,12:23:15,-9.7,
20250425,12:23:15,-10.3,
20250425,12:23:15,-10.7,
20250425,12:23:15,-11,
20250425,12:23:16,-11,
20250425,12:23:16,-10.9,
20250425,12:23:16,-10.9,
20250425,12:23:17,-10.8,
20250425,12:23:17,-10.7,
20250425,12:23:17,-10.5,
20250425,12:23:17,-10.3,
20250425,12:23:18,-10,
20250425,12:23:18,-9.8,
20250425,12:23:18,-9.6,
20250425,12:23:19,-9.6,
20250425,12:23:19,-9.6,
20250425,12:23:19,-9.7,
20250425,12:23:19,-9.9,
20250425,12:23:20,-9.8,
20250425,12:23:20,-9.9,
20250425,12:23:20,-10.1,
20250425,12:23:20,-10.6,
20250425,12:23:21,-11.1,
20250425,12:23:21,-11.4,
20250425,12:23:21,-11.5,
20250425,12:23:22,-11.2,
20250425,12:23:22,-10.9,
20250425,12:23:22,-10.5,
20250425,12:23:22,-10.3,
20250425,12:23:23,-10.1,
20250425,12:23:23,-9.9,
20250425,12:23:23,-9.9,
20250425,12:23:24,-10,
20250425,12:23:24,-10.2,
20250425,12:23:24,-10.5,
20250425,12:23:24,-10.9,
20250425,12:23:25,-11.1,
20250425,12:23:25,-11.2,
20250425,12:23:25,-11.3,
20250425,12:23:25,-11.2,
20250425,12:23:26,-11.2,
20250425,12:23:26,-11.1,
20250425,12:23:26,-11.2,
20250425,12:23:27,-11.6,
20250425,12:23:27,-11.8,
20250425,12:23:27,-11.9,
20250425,12:23:27,-11.9,
20250425,12:23:28,-11.8,
20250425,12:23:28,-11.7,
20250425,12:23:28,-11.5,
20250425,12:23:28,-11.1,
20250425,12:23:29,-10.9,
20250425,12:23:29,-10.6,
20250425,12:23:29,-10.5,
20250425,12:23:30,-10.3,
20250425,12:23:30,-10.3,
20250425,12:23:30,-10.3,
20250425,12:23:30,-10.4,
20250425,12:23:31,-10.7,
20250425,12:23:31,-11,
20250425,12:23:31,-11.1,
20250425,12:23:32,-11.2,
20250425,12:23:32,-11.2,
20250425,12:23:32,-11.2,
20250425,12:23:32,-11.3,
20250425,12:23:33,-11.3,
20250425,12:23:33,-11.2,
20250425,12:23:33,-11.2,
20250425,12:23:33,-11.2,
20250425,12:23:34,-11.1,
20250425,12:23:34,-11,
20250425,12:23:34,-11,
20250425,12:23:35,-10.9,
20250425,12:23:35,-10.9,
20250425,12:23:35,-11.2,
20250425,12:23:35,-11.7,
20250425,12:23:36,-12,
20250425,12:23:36,-12.3,
20250425,12:23:36,-12.6,
20250425,12:23:37,-12.6,
20250425,12:23:37,-12.1,
20250425,12:23:37,-11.8,
20250425,12:23:37,-11.5,
20250425,12:23:38,-11.2,
20250425,12:23:38,-11,
20250425,12:23:38,-11,
20250425,12:23:38,-11,
20250425,12:23:39,-11,
20250425,12:23:39,-10.9,
20250425,12:23:39,-11,
20250425,12:23:40,-11.1,
20250425,12:23:40,-11.2,
20250425,12:23:40,-11.3,
20250425,12:23:40,-11,
20250425,12:23:41,-10.6,
20250425,12:23:41,-10.4,
20250425,12:23:41,-10.3,
20250425,12:23:42,-10.1,
20250425,12:23:42,-9.5,
20250425,12:23:42,-9,
20250425,12:23:42,-8.6,
20250425,12:23:43,-8.4,
20250425,12:23:43,-8.4,
20250425,12:23:43,-8.6,
20250425,12:23:43,-8.8,
20250425,12:23:44,-9,
20250425,12:23:44,-9.1,
20250425,12:23:44,-9.4,
20250425,12:23:45,-9.8,
20250425,12:23:45,-10.3,
20250425,12:23:45,-10.6,
20250425,12:23:45,-10.6,
20250425,12:23:46,-10.5,
20250425,12:23:46,-10.3,
20250425,12:23:46,-10.3,
20250425,12:23:46,-10.3,
20250425,12:23:47,-10.4,
20250425,12:23:47,-10.5,
20250425,12:23:47,-10.7,
20250425,12:23:48,-10.8,
20250425,12:23:48,-10.7,
20250425,12:23:48,-10.6,
20250425,12:23:48,-10.4,
20250425,12:23:49,-10.5,
20250425,12:23:49,-11.1,
20250425,12:23:49,-11.8,
20250425,12:23:50,-11.2,
20250425,12:23:50,-9.5,
20250425,12:23:50,-7.9,
20250425,12:23:50,-6.8,
20250425,12:23:51,-5.9,
20250425,12:23:51,-4.3,
20250425,12:23:51,-3.5,
20250425,12:23:51,-3,
20250425,12:23:52,-2.9,
20250425,12:23:52,-3,
20250425,12:23:52,-3.3,
20250425,12:23:53,-3.4,
20250425,12:23:53,-3.7,
20250425,12:23:53,-3.9,
20250425,12:23:53,-4.2,
20250425,12:23:54,-4.4,
20250425,12:23:54,-4.7,
20250425,12:23:54,-4.8,
20250425,12:23:54,-4.9,
20250425,12:23:55,-5,
20250425,12:23:55,-4.8,
20250425,12:23:55,-4.9,
20250425,12:23:56,-4.9,
20250425,12:23:56,-5,
20250425,12:23:56,-5.3,
20250425,12:23:56,-5.9,
20250425,12:23:57,-6.4,
20250425,12:23:57,-7,
20250425,12:23:57,-7.9,
20250425,12:23:58,-8.6,
20250425,12:23:58,-8.8,
20250425,12:23:58,-8.9,
20250425,12:23:58,-8.9,
20250425,12:23:59,-8.8,
20250425,12:23:59,-8.8,
20250425,12:23:59,-9,
20250425,12:23:59,-8.9,
20250425,12:24:00,-8.6,
20250425,12:24:00,-8.3,
20250425,12:24:00,-7.7,
20250425,12:24:01,-7.4,
20250425,12:24:01,-7.5,
20250425,12:24:01,-6.9,
20250425,12:24:01,-6.7,
20250425,12:24:02,-6.3,
20250425,12:24:02,-5.2,
20250425,12:24:02,-4.1,
20250425,12:24:02,-2.6,
20250425,12:24:03,-1.6,
20250425,12:24:03,-0.9,
20250425,12:24:03,-0.6,
20250425,12:24:04,-0.6,
20250425,12:24:04,-0.9,
20250425,12:24:04,-1.3,
20250425,12:24:04,-1.8,
20250425,12:24:05,-2.2,
20250425,12:24:05,-2.6,
20250425,12:24:05,-2.7,
20250425,12:24:06,-3.1,
20250425,12:24:06,-3.4,
20250425,12:24:06,-3.9,
20250425,12:24:06,-4.2,
20250425,12:24:07,-4.2,
20250425,12:24:07,-4.3,
20250425,12:24:07,-4.4,
20250425,12:24:07,-4.5,
20250425,12:24:08,-4.9,
20250425,12:24:08,-5.2,
20250425,12:24:08,-5.6,
20250425,12:24:09,-6.1,
20250425,12:24:09,-6.6,
20250425,12:24:09,-7,
20250425,12:24:09,-7.5,
20250425,12:24:10,-7.7,
20250425,12:24:10,-8.2,
20250425,12:24:10,-8.6,
20250425,12:24:10,-9.1,
20250425,12:24:11,-9.4,
20250425,12:24:11,-9.7,
20250425,12:24:11,-9.8,
20250425,12:24:12,-9.8,
20250425,12:24:12,-9.7,
20250425,12:24:12,-9.8,
20250425,12:24:12,-9.8,
20250425,12:24:13,-9.9,
20250425,12:24:13,-10,
20250425,12:24:13,-9.9,
20250425,12:24:14,-9.6,
20250425,12:24:14,-9.4,
20250425,12:24:14,-9.2,
20250425,12:24:14,-9,
20250425,12:24:15,-8.8,
20250425,12:24:15,-8.6,
20250425,12:24:15,-8.6,
20250425,12:24:15,-8.7,
20250425,12:24:16,-8.7,
20250425,12:24:16,-8.7,
20250425,12:24:16,-8.8,
20250425,12:24:17,-8.9,
20250425,12:24:17,-9,
20250425,12:24:17,-9,
20250425,12:24:17,-9.2,
20250425,12:24:18,-9.3,
20250425,12:24:18,-9.5,
20250425,12:24:18,-9.8,
20250425,12:24:18,-10.2,
20250425,12:24:19,-10.3,
20250425,12:24:19,-10.3,
20250425,12:24:19,-10.3,
20250425,12:24:20,-10,
20250425,12:24:20,-9.6,
20250425,12:24:20,-9.4,
20250425,12:24:20,-9.3,
20250425,12:24:21,-9.3,
20250425,12:24:21,-9.4,
20250425,12:24:21,-9.6,
20250425,12:24:22,-9.9,
20250425,12:24:22,-9.8,
20250425,12:24:22,-9.6,
20250425,12:24:22,-9.3,
20250425,12:24:23,-8.9,
20250425,12:24:23,-8.9,
20250425,12:24:23,-8.8,
20250425,12:24:23,-9,
20250425,12:24:24,-9.1,
20250425,12:24:24,-9.4,
20250425,12:24:24,-9.7,
20250425,12:24:25,-9.9,
20250425,12:24:25,-10.2,
20250425,12:24:25,-10.3,
20250425,12:24:25,-10.7,
20250425,12:24:26,-10.8,
20250425,12:24:26,-10.9,
20250425,12:24:26,-10.8,
20250425,12:24:26,-11,
20250425,12:24:27,-11.2,
20250425,12:24:27,-11.9,
20250425,12:24:27,-12.5,
20250425,12:24:28,-12.5,
20250425,12:24:28,-11.6,
20250425,12:24:28,-11.6,
20250425,12:24:28,-11.6,
20250425,12:24:29,-11.6,
20250425,12:24:29,-11.3,
20250425,12:24:29,-11.2,
20250425,12:24:30,-11.1,
20250425,12:24:30,-10.8,
20250425,12:24:30,-10.5,
20250425,12:24:30,-10.3,
20250425,12:24:31,-10.2,
20250425,12:24:31,-10.2,
20250425,12:24:31,-10.3,
20250425,12:24:31,-10.4,
20250425,12:24:32,-10.5,
20250425,12:24:32,-10.8,
20250425,12:24:32,-11.2,
20250425,12:24:33,-11.5,
20250425,12:24:33,-11.8,
20250425,12:24:33,-11.9,
20250425,12:24:33,-12,
20250425,12:24:34,-11.8,
20250425,12:24:34,-11.8,
20250425,12:24:34,-11.6,
20250425,12:24:35,-11.6,
20250425,12:24:35,-11.7,
20250425,12:24:35,-11.8,
20250425,12:24:35,-12,
20250425,12:24:36,-12.6,
20250425,12:24:36,-12.9,
20250425,12:24:36,-12.8,
20250425,12:24:36,-12.3,
20250425,12:24:37,-11.9,
20250425,12:24:37,-11.5,
20250425,12:24:37,-11.5,
20250425,12:24:38,-11.5,
20250425,12:24:38,-11.3,
20250425,12:24:38,-11.1,
20250425,12:24:38,-10.8,
20250425,12:24:39,-10.6,
20250425,12:24:39,-10.4,
20250425,12:24:39,-10.3,
20250425,12:24:39,-10.1,
20250425,12:24:40,-9.9,
20250425,12:24:40,-9.9,
20250425,12:24:40,-9.9,
20250425,12:24:41,-10,
20250425,12:24:41,-10.3,
20250425,12:24:41,-10.5,
20250425,12:24:41,-10.5,
20250425,12:24:42,-10.3,
20250425,12:24:42,-10.1,
20250425,12:24:42,-9.8,
20250425,12:24:43,-9.5,
20250425,12:24:43,-9.5,
20250425,12:24:43,-9.7,
20250425,12:24:43,-9.7,
20250425,12:24:44,-9.8,
20250425,12:24:44,-10,
20250425,12:24:44,-10.2,
20250425,12:24:44,-10.3,
20250425,12:24:45,-10.6,
20250425,12:24:45,-10.6,
20250425,12:24:45,-10.5,
20250425,12:24:46,-10.3,
20250425,12:24:46,-10.3,
20250425,12:24:46,-10.2,
20250425,12:24:46,-10.2,
20250425,12:24:47,-10.3,
20250425,12:24:47,-10.4,
20250425,12:24:47,-10.6,
20250425,12:24:48,-11.1,
20250425,12:24:48,-11.4,
20250425,12:24:48,-11.3,
20250425,12:24:48,-11,
20250425,12:24:49,-10.6,
20250425,12:24:49,-10.2,
20250425,12:24:49,-10,
20250425,12:24:49,-9.5,
20250425,12:24:50,-8.6,
20250425,12:24:50,-7.7,
20250425,12:24:50,-7.1,
20250425,12:24:51,-6.6,
20250425,12:24:51,-6.2,
20250425,12:24:51,-6.2,
20250425,12:24:51,-6.4,
20250425,12:24:52,-6.6,
20250425,12:24:52,-6.8,
20250425,12:24:52,-7.1,
20250425,12:24:52,-7.4,
20250425,12:24:53,-7.6,
20250425,12:24:53,-7.7,
20250425,12:24:53,-7.7,
20250425,12:24:54,-7.7,
20250425,12:24:54,-7.7,
20250425,12:24:54,-7.7,
20250425,12:24:54,-7.7,
20250425,12:24:55,-7.8,
20250425,12:24:55,-7.9,
20250425,12:24:55,-8.2,
20250425,12:24:56,-8.2,
20250425,12:24:56,-8.1,
20250425,12:24:56,-7.7,
20250425,12:24:56,-7.3,
20250425,12:24:57,-6.8,
20250425,12:24:57,-6.7,
20250425,12:24:57,-6.5,
20250425,12:24:57,-6.5,
20250425,12:24:58,-6.7,
20250425,12:24:58,-6.9,
20250425,12:24:58,-7.2,
20250425,12:24:59,-7.4,
20250425,12:24:59,-7.7,
20250425,12:24:59,-7.9,
20250425,12:24:59,-8.1,
20250425,12:25:00,-8.4,
20250425,12:25:00,-8.6,
20250425,12:25:00,-8.8,
20250425,12:25:00,-9.3,
20250425,12:25:01,-9.9,
20250425,12:25:01,-10.3,
20250425,12:25:01,-10.3,
20250425,12:25:02,-10,
20250425,12:25:02,-9.6,
20250425,12:25:02,-9.3,
20250425,12:25:02,-8.9,
20250425,12:25:03,-8.7,
20250425,12:25:03,-8.6,
20250425,12:25:03,-8.6,
20250425,12:25:04,-8.6,
20250425,12:25:04,-8.6,
20250425,12:25:04,-8.6,
20250425,12:25:04,-8.7,
20250425,12:25:05,-8.8,
20250425,12:25:05,-8.7,
20250425,12:25:05,-8.9,
20250425,12:25:05,-9,
20250425,12:25:06,-9.1,
20250425,12:25:06,-8.7,
20250425,12:25:06,-8.4,
20250425,12:25:07,-7.9,
20250425,12:25:07,-7.6,
20250425,12:25:07,-7.6,
20250425,12:25:07,-7.7,
20250425,12:25:08,-7.9,
20250425,12:25:08,-8.4,
20250425,12:25:08,-8.7,
20250425,12:25:08,-8.9,
20250425,12:25:09,-9,
20250425,12:25:09,-9.1,
20250425,12:25:09,-9,
20250425,12:25:10,-9.1,
20250425,12:25:10,-9.1,
20250425,12:25:10,-9.1,
20250425,12:25:10,-9.2,
20250425,12:25:11,-9,
20250425,12:25:11,-8.6,
20250425,12:25:11,-8.4,
20250425,12:25:12,-8.1,
20250425,12:25:12,-8.3,
20250425,12:25:12,-8.8,
20250425,12:25:12,-8.2,
20250425,12:25:13,-8.3,
20250425,12:25:13,-8.6,
20250425,12:25:13,-8.7,
20250425,12:25:13,-9,
20250425,12:25:14,-9.2,
20250425,12:25:14,-9.4,
20250425,12:25:14,-9.8,
20250425,12:25:15,-10.3,
20250425,12:25:15,-10.4,
20250425,12:25:15,-10.2,
20250425,12:25:15,-9.9,
20250425,12:25:16,-9.5,
20250425,12:25:16,-9.2,
20250425,12:25:16,-9.1,
20250425,12:25:16,-9.2,
20250425,12:25:17,-9.3,
20250425,12:25:17,-9.4,
20250425,12:25:17,-9.8,
20250425,12:25:18,-10.3,
20250425,12:25:18,-10.6,
20250425,12:25:18,-10.5,
20250425,12:25:18,-10.1,
20250425,12:25:19,-9.6,
20250425,12:25:19,-9.2,
20250425,12:25:19,-8.9,
20250425,12:25:20,-8.5,
20250425,12:25:20,-8.3,
20250425,12:25:20,-8.4,
20250425,12:25:20,-8.6,
20250425,12:25:21,-8.7,
20250425,12:25:21,-8.6,
20250425,12:25:21,-8.5,
20250425,12:25:21,-8.2,
20250425,12:25:22,-8.1,
20250425,12:25:22,-8.1,
20250425,12:25:22,-8.2,
20250425,12:25:23,-8.6,
20250425,12:25:23,-8.9,
20250425,12:25:23,-9,
20250425,12:25:23,-9.2,
20250425,12:25:24,-9.1,
20250425,12:25:24,-9.1,
20250425,12:25:24,-9,
20250425,12:25:24,-9,
20250425,12:25:25,-9.1,
20250425,12:25:25,-9.2,
20250425,12:25:25,-9.4,
20250425,12:25:26,-9.4,
20250425,12:25:26,-9.4,
20250425,12:25:26,-9.4,
20250425,12:25:26,-9.4,
20250425,12:25:27,-9.5,
20250425,12:25:27,-9.4,
20250425,12:25:27,-9.5,
20250425,12:25:28,-9.4,
20250425,12:25:28,-9.6,
20250425,12:25:28,-9.7,
20250425,12:25:28,-9.8,
20250425,12:25:29,-10.1,
20250425,12:25:29,-10.3,
20250425,12:25:29,-10.4,
20250425,12:25:29,-10.4,
20250425,12:25:30,-10.4,
20250425,12:25:30,-10.6,
20250425,12:25:30,-10.7,
20250425,12:25:31,-10.8,
20250425,12:25:31,-10.9,
20250425,12:25:31,-10.8,
20250425,12:25:31,-10.5,
20250425,12:25:32,-10.2,
20250425,12:25:32,-9.8,
20250425,12:25:32,-9.5,
20250425,12:25:32,-9.3,
20250425,12:25:33,-9.1,
20250425,12:25:33,-9,
20250425,12:25:33,-9.1,
20250425,12:25:34,-9.2,
20250425,12:25:34,-9.4,
20250425,12:25:34,-9.6,
20250425,12:25:34,-9.8,
20250425,12:25:35,-10.1,
20250425,12:25:35,-10.3,
20250425,12:25:35,-10.5,
20250425,12:25:36,-10.7,
20250425,12:25:36,-10.7,
20250425,12:25:36,-10.7,
20250425,12:25:36,-10.6,
20250425,12:25:37,-10.4,
20250425,12:25:37,-10.3,
20250425,12:25:37,-10.5,
20250425,12:25:37,-10.9,
20250425,12:25:38,-11.1,
20250425,12:25:38,-11.2,
20250425,12:25:38,-11.1,
20250425,12:25:39,-10.7,
20250425,12:25:39,-10.4,
20250425,12:25:39,-10.2,
20250425,12:25:39,-10.1,
20250425,12:25:40,-9.9,
20250425,12:25:40,-9.8,
20250425,12:25:40,-9.8,
20250425,12:25:41,-9.9,
20250425,12:25:41,-9.8,
20250425,12:25:41,-9.7,
20250425,12:25:41,-9.4,
20250425,12:25:42,-9.3,
20250425,12:25:42,-9,
20250425,12:25:42,-8.9,
20250425,12:25:42,-9,
20250425,12:25:43,-9.2,
20250425,12:25:43,-9.5,
20250425,12:25:43,-9.5,
20250425,12:25:44,-9.4,
20250425,12:25:44,-9.1,
20250425,12:25:44,-8.6,
20250425,12:25:44,-8.4,
20250425,12:25:45,-8,
20250425,12:25:45,-7.8,
20250425,12:25:45,-7.7,
20250425,12:25:45,-7.7,
20250425,12:25:46,-7.7,
20250425,12:25:46,-7.8,
20250425,12:25:46,-7.9,
20250425,12:25:47,-8.2,
20250425,12:25:47,-8.4,
20250425,12:25:47,-8.6,
20250425,12:25:47,-8.9,
20250425,12:25:48,-9.1,
20250425,12:25:48,-9.1,
20250425,12:25:48,-9.2,
20250425,12:25:49,-8.8,
20250425,12:25:49,-8.6,
20250425,12:25:49,-8.5,
20250425,12:25:49,-8.5,
20250425,12:25:50,-8.6,
20250425,12:25:50,-8.8,
20250425,12:25:50,-9.3,
20250425,12:25:50,-9.6,
20250425,12:25:51,-9.8,
20250425,12:25:51,-9.7,
20250425,12:25:51,-9.6,
20250425,12:25:52,-9.5,
20250425,12:25:52,-9.4,
20250425,12:25:52,-9.3,
20250425,12:25:52,-9.3,
20250425,12:25:53,-9.2,
20250425,12:25:53,-9.2,
20250425,12:25:53,-9.3,
20250425,12:25:53,-9.3,
20250425,12:25:54,-9.1,
20250425,12:25:54,-8.7,
20250425,12:25:54,-8.3,
20250425,12:25:55,-7.7,
20250425,12:25:55,-7.1,
20250425,12:25:55,-6.9,
20250425,12:25:55,-6.8,
20250425,12:25:56,-6.8,
20250425,12:25:56,-7,
20250425,12:25:56,-7.2,
20250425,12:25:56,-7.5,
20250425,12:25:57,-7.7,
20250425,12:25:57,-8,
20250425,12:25:57,-8.4,
20250425,12:25:58,-8.6,
20250425,12:25:58,-8.9,
20250425,12:25:58,-9.2,
20250425,12:25:58,-9.4,
20250425,12:25:59,-9.4,
20250425,12:25:59,-9.4,
20250425,12:25:59,-9.4,
20250425,12:26:00,-9.3,
20250425,12:26:00,-9.5,
20250425,12:26:00,-9.7,
20250425,12:26:00,-9.6,
20250425,12:26:01,-9.2,
20250425,12:26:01,-8.5,
20250425,12:26:01,-7.7,
20250425,12:26:01,-7,
20250425,12:26:02,-6.6,
20250425,12:26:02,-6.4,
20250425,12:26:02,-6.5,
20250425,12:26:03,-6.7,
20250425,12:26:03,-7,
20250425,12:26:03,-7.5,
20250425,12:26:03,-7.9,
20250425,12:26:04,-8.5,
20250425,12:26:04,-8.8,
20250425,12:26:04,-9,
20250425,12:26:04,-9.3,
20250425,12:26:05,-9.4,
20250425,12:26:05,-9.4,
20250425,12:26:05,-9.3,
20250425,12:26:06,-9.1,
20250425,12:26:06,-8.9,
20250425,12:26:06,-8.7,
20250425,12:26:06,-8.7,
20250425,12:26:07,-8.6,
20250425,12:26:07,-8.7,
20250425,12:26:07,-8.7,
20250425,12:26:08,-8.7,
20250425,12:26:08,-8.7,
20250425,12:26:08,-8.8,
20250425,12:26:08,-9,
20250425,12:26:09,-9.1,
20250425,12:26:09,-8.8,
20250425,12:26:09,-8.6,
20250425,12:26:09,-8.1,
20250425,12:26:10,-8.1,
20250425,12:26:10,-8.3,
20250425,12:26:10,-8.6,
20250425,12:26:11,-8,
20250425,12:26:11,-7.5,
20250425,12:26:11,-7.3,
20250425,12:26:11,-7.6,
20250425,12:26:12,-7.7,
20250425,12:26:12,-7.8,
20250425,12:26:12,-8,
20250425,12:26:12,-8.5,
20250425,12:26:13,-8.6,
20250425,12:26:13,-8.8,
20250425,12:26:13,-8.7,
20250425,12:26:14,-8.1,
20250425,12:26:14,-7.7,
20250425,12:26:14,-7,
20250425,12:26:14,-6.8,
20250425,12:26:15,-6.6,
20250425,12:26:15,-6.5,
20250425,12:26:15,-6.8,
20250425,12:26:16,-7,
20250425,12:26:16,-7.1,
20250425,12:26:16,-7.4,
20250425,12:26:16,-7.7,
20250425,12:26:17,-7.6,
20250425,12:26:17,-7.5,
20250425,12:26:17,-7.2,
20250425,12:26:17,-7,
20250425,12:26:18,-7.1,
20250425,12:26:18,-7.2,
20250425,12:26:18,-7.5,
20250425,12:26:19,-7.7,
20250425,12:26:19,-8,
20250425,12:26:19,-8.3,
20250425,12:26:19,-8.6,
20250425,12:26:20,-8.9,
20250425,12:26:20,-9.2,
20250425,12:26:20,-9.4,
20250425,12:26:20,-9.4,
20250425,12:26:21,-9.4,
20250425,12:26:21,-9.4,
20250425,12:26:21,-9.2,
20250425,12:26:22,-8.9,
20250425,12:26:22,-8.7,
20250425,12:26:22,-8.5,
20250425,12:26:22,-8.3,
20250425,12:26:23,-8.3,
20250425,12:26:23,-8.4,
20250425,12:26:23,-8.7,
20250425,12:26:24,-9.1,
20250425,12:26:24,-9.3,
20250425,12:26:24,-9.3,
20250425,12:26:24,-9.4,
20250425,12:26:25,-9.4,
20250425,12:26:25,-9.4,
20250425,12:26:25,-9.4,
20250425,12:26:25,-9.3,
20250425,12:26:26,-8.8,
20250425,12:26:26,-8.2,
20250425,12:26:26,-7.6,
20250425,12:26:27,-7,
20250425,12:26:27,-6.8,
20250425,12:26:27,-6.7,
20250425,12:26:27,-6.7,
20250425,12:26:28,-6.8,
20250425,12:26:28,-6.9,
20250425,12:26:28,-7,
20250425,12:26:28,-7.2,
20250425,12:26:29,-7.3,
20250425,12:26:29,-7.5,
20250425,12:26:29,-7.7,
20250425,12:26:30,-7.8,
20250425,12:26:30,-8.2,
20250425,12:26:30,-8.6,
20250425,12:26:30,-9.1,
20250425,12:26:31,-9.6,
20250425,12:26:31,-9.8,
20250425,12:26:31,-9.8,
20250425,12:26:32,-9.7,
20250425,12:26:32,-9.6,
20250425,12:26:32,-9.4,
20250425,12:26:32,-9.2,
20250425,12:26:33,-8.8,
20250425,12:26:33,-8.5,
20250425,12:26:33,-8.2,
20250425,12:26:33,-7.9,
20250425,12:26:34,-7.7,
20250425,12:26:34,-7.7,
20250425,12:26:34,-7.7,
20250425,12:26:35,-8,
20250425,12:26:35,-8.2,
20250425,12:26:35,-8.5,
20250425,12:26:35,-8.8,
20250425,12:26:36,-8.9,
20250425,12:26:36,-9.2,
20250425,12:26:36,-9.3,
20250425,12:26:36,-9.4,
20250425,12:26:37,-9.5,
20250425,12:26:37,-9.6,
20250425,12:26:37,-9.8,
20250425,12:26:38,-9.9,
20250425,12:26:38,-10.1,
20250425,12:26:38,-10.2,
20250425,12:26:38,-10.4,
20250425,12:26:39,-10.8,
20250425,12:26:39,-10.9,
20250425,12:26:39,-10.8,
20250425,12:26:40,-10.6,
20250425,12:26:40,-10.4,
20250425,12:26:40,-10.4,
20250425,12:26:40,-10.4,
20250425,12:26:41,-10.3,
20250425,12:26:41,-9.9,
20250425,12:26:41,-9.4,
20250425,12:26:41,-8.9,
20250425,12:26:42,-8.5,
20250425,12:26:42,-8,
20250425,12:26:42,-7.7,
20250425,12:26:43,-7.7,
20250425,12:26:43,-7.6,
20250425,12:26:43,-7.6,
20250425,12:26:43,-7.7,
20250425,12:26:44,-8.1,
20250425,12:26:44,-8.5,
20250425,12:26:44,-8.8,
20250425,12:26:44,-9.2,
20250425,12:26:45,-9.3,
20250425,12:26:45,-9.4,
20250425,12:26:45,-9.4,
20250425,12:26:46,-9.5,
20250425,12:26:46,-9.7,
20250425,12:26:46,-9.8,
20250425,12:26:46,-9.9,
20250425,12:26:47,-9.8,
20250425,12:26:47,-9.5,
20250425,12:26:47,-9.4,
20250425,12:26:48,-9.3,
20250425,12:26:48,-9.3,
20250425,12:26:48,-9.3,
20250425,12:26:48,-9.4,
20250425,12:26:49,-9.4,
20250425,12:26:49,-9.7,
20250425,12:26:49,-9.9,
20250425,12:26:49,-10.3,
20250425,12:26:50,-10.4,
20250425,12:26:50,-10.8,
20250425,12:26:50,-11.1,
20250425,12:26:51,-11.5,
20250425,12:26:51,-11.6,
20250425,12:26:51,-11.4,
20250425,12:26:51,-11.1,
20250425,12:26:52,-11,
20250425,12:26:52,-10.8,
20250425,12:26:52,-10.6,
20250425,12:26:52,-10.3,
20250425,12:26:53,-10,
20250425,12:26:53,-9.7,
20250425,12:26:53,-9.5,
20250425,12:26:54,-9.4,
20250425,12:26:54,-9.2,
20250425,12:26:54,-8.8,
20250425,12:26:54,-8.2,
20250425,12:26:55,-7.6,
20250425,12:26:55,-7,
20250425,12:26:55,-6.8,
20250425,12:26:56,-6.7,
20250425,12:26:56,-6.8,
20250425,12:26:56,-6.9,
20250425,12:26:56,-7.2,
20250425,12:26:57,-7.5,
20250425,12:26:57,-7.8,
20250425,12:26:57,-7.9,
20250425,12:26:57,-8,
20250425,12:26:58,-7.9,
20250425,12:26:58,-7.9,
20250425,12:26:58,-7.9,
20250425,12:26:59,-7.9,
20250425,12:26:59,-7.8,
20250425,12:26:59,-7.8,
20250425,12:26:59,-7.7,
20250425,12:27:00,-7.7,
20250425,12:27:00,-7.9,
20250425,12:27:00,-7.9,
20250425,12:27:00,-8,
20250425,12:27:01,-8.2,
20250425,12:27:01,-8.3,
20250425,12:27:01,-8.5,
20250425,12:27:02,-8.7,
20250425,12:27:02,-8.7,
20250425,12:27:02,-8.6,
20250425,12:27:02,-8.4,
20250425,12:27:03,-8,
20250425,12:27:03,-7.7,
20250425,12:27:03,-7.7,
20250425,12:27:04,-7.8,
20250425,12:27:04,-8,
20250425,12:27:04,-8.3,
20250425,12:27:04,-8.6,
20250425,12:27:05,-8.6,
20250425,12:27:05,-8.8,
20250425,12:27:05,-8.9,
20250425,12:27:05,-8.9,
20250425,12:27:06,-9,
20250425,12:27:06,-9.1,
20250425,12:27:06,-9.3,
20250425,12:27:07,-9.4,
20250425,12:27:07,-9.4,
20250425,12:27:07,-9.5,
20250425,12:27:07,-9.7,
20250425,12:27:08,-9.8,
20250425,12:27:08,-10,
20250425,12:27:08,-10.2,
20250425,12:27:08,-10.3,
20250425,12:27:09,-10.3,
20250425,12:27:09,-10.6,
20250425,12:27:09,-11,
20250425,12:27:10,-11.1,
20250425,12:27:10,-11,
20250425,12:27:10,-10.8,
20250425,12:27:10,-10.6,
20250425,12:27:11,-10.3,
20250425,12:27:11,-10,
20250425,12:27:11,-9.8,
20250425,12:27:12,-9.7,
20250425,12:27:12,-9.8,
20250425,12:27:12,-9.8,
20250425,12:27:12,-9.9,
20250425,12:27:13,-10,
20250425,12:27:13,-10,
20250425,12:27:13,-10.1,
20250425,12:27:13,-10.2,
20250425,12:27:14,-9.9,
20250425,12:27:14,-10.6,
20250425,12:27:14,-11,
20250425,12:27:15,-11.1,
20250425,12:27:15,-14.8,
20250425,12:27:15,-17.4,
20250425,12:27:15,-17,
20250425,12:27:16,-17,
20250425,12:27:16,-16.4,
20250425,12:27:16,-17.5,
20250425,12:27:17,-14.8,
20250425,12:27:17,-14.7,
20250425,12:27:17,-14,
20250425,12:27:17,-13.9,
20250425,12:27:18,-13.6,
20250425,12:27:18,-13.5,
20250425,12:27:18,-13.3,
20250425,12:27:18,-13.1,
20250425,12:27:19,-12.9,
20250425,12:27:19,-12.8,
20250425,12:27:19,-12.6,
20250425,12:27:20,-12.4,
20250425,12:27:20,-12.2,
20250425,12:27:20,-12,
20250425,12:27:20,-11.9,
20250425,12:27:21,-11.7,
20250425,12:27:21,-11.5,
20250425,12:27:21,-11.3,
20250425,12:27:21,-11.2,
20250425,12:27:22,-11.1,
20250425,12:27:22,-10.8,
20250425,12:27:22,-10.6,
20250425,12:27:23,-10.4,
20250425,12:27:23,-10.3,
20250425,12:27:23,-10.2,
20250425,12:27:23,-10,
20250425,12:27:24,-9.9,
20250425,12:27:24,-9.7,
,,,
,,,
,,,
,,,
,,,
,,,
,,,
,,,
,,,
,,,
20250425,12:45:53,-113,
20250425,12:45:53,-113,
20250425,12:45:53,-113,
20250425,12:45:53,-113,
20250425,12:45:54,-113,
20250425,12:45:54,-113,
20250425,12:45:54,-113,
20250425,12:45:54,-113,
20250425,12:45:55,-113,
20250425,12:45:55,-113.1,
20250425,12:45:55,-113,
20250425,12:45:56,-113,
20250425,12:45:56,-113,
20250425,12:45:56,-113,
20250425,12:45:56,-113.1,
20250425,12:45:57,-113.1,
20250425,12:45:57,-95.1,
20250425,12:45:57,-99.7,
20250425,12:45:57,-92.9,
20250425,12:45:58,-86.1,
20250425,12:45:58,-111.9,
20250425,12:45:58,-89.5,
20250425,12:45:59,-109.4,
20250425,12:45:59,-46.1,
20250425,12:45:59,-82.3,
20250425,12:45:59,-112.5,
20250425,12:46:00,-99.2,
20250425,12:46:00,-88.8,
20250425,12:46:00,-110.1,
20250425,12:46:00,-81.1,
20250425,12:46:01,-94.3,
20250425,12:46:01,-91.4,
20250425,12:46:01,-87.7,
20250425,12:46:02,-105.5,
20250425,12:46:02,-106.2,
20250425,12:46:02,-106.8,
20250425,12:46:02,-113.6,
20250425,12:46:03,-98.8,
20250425,12:46:03,-101.3,
20250425,12:46:03,-92.6,
20250425,12:46:04,-85.2,
20250425,12:46:04,-82.7,
20250425,12:46:04,-99.4,
20250425,12:46:04,-96.5,
20250425,12:46:05,-95.4,
20250425,12:46:05,-96.4,
20250425,12:46:05,-91.1,
20250425,12:46:05,-84.7,
20250425,12:46:06,-96.1,
20250425,12:46:06,-51.5,
20250425,12:46:06,-100.9,
20250425,12:46:07,-84.6,
20250425,12:46:07,-113.2,
20250425,12:46:07,-113,
20250425,12:46:07,-89.9,
20250425,12:46:08,-84.3,
20250425,12:46:08,-93.4,
20250425,12:46:08,-65.7,
20250425,12:46:09,-89.7,
20250425,12:46:09,-113.4,
20250425,12:46:09,-93.7,
20250425,12:46:09,-88.3,
20250425,12:46:10,-109.2,
20250425,12:46:10,-91.1,
20250425,12:46:10,-94.1,
20250425,12:46:10,-98.4,
20250425,12:46:11,-99.4,
20250425,12:46:11,-91.3,
20250425,12:46:11,-89.7,
20250425,12:46:12,-91.7,
20250425,12:46:12,-91.7,
20250425,12:46:12,-94.1,
20250425,12:46:12,-104.1,
20250425,12:46:13,-80.4,
20250425,12:46:13,-77.2,
20250425,12:46:13,-92.3,
20250425,12:46:14,-86.2,
20250425,12:46:14,-73.5,
20250425,12:46:14,-87.1,
20250425,12:46:14,-78.8,
20250425,12:46:15,-106.8,
20250425,12:46:15,-97.3,
20250425,12:46:15,-72.3,
20250425,12:46:15,-92.7,
20250425,12:46:16,-93,
20250425,12:46:16,-96.5,
20250425,12:46:16,-97.7,
20250425,12:46:17,-106,
20250425,12:46:17,-113.4,
20250425,12:46:17,-113.2,
20250425,12:46:17,-113.2,
20250425,12:46:18,-113.1,
20250425,12:46:18,-113.2,
20250425,12:46:18,-113.1,
20250425,12:46:19,-113,
20250425,12:46:19,-113,
20250425,12:46:19,-112.7,
20250425,12:46:19,-112.7,
20250425,12:46:20,-112.7,
20250425,12:46:20,-112.7,
20250425,12:46:20,-112.7,
20250425,12:46:20,-112.7,
20250425,12:46:21,-112.7,
20250425,12:46:21,-112.7,
20250425,12:46:21,-112.7,
20250425,12:46:22,-112.7,
20250425,12:46:22,-112.7,
20250425,12:46:22,-113,
20250425,12:46:22,-4.9,
20250425,12:46:23,-2.6,
20250425,12:46:23,-4.3,
20250425,12:46:23,-6.6,
20250425,12:46:24,-6.8,
20250425,12:46:24,-8.8,
20250425,12:46:24,-9.9,
20250425,12:46:24,-9.6,
20250425,12:46:25,-8.8,
20250425,12:46:25,-8,
20250425,12:46:25,-7.8,
20250425,12:46:25,-7.9,
20250425,12:46:26,-7.9,
20250425,12:46:26,-8.2,
20250425,12:46:26,-7.6,
,,,
,,,
,,,
,,,
,,,
,,,
,,,
,,,
,,,
,,,
20250425,12:46:35,-5.3,
20250425,12:46:35,-5.3,
20250425,12:46:36,-5.1,
20250425,12:46:36,-5.1,
20250425,12:46:36,-5.1,
20250425,12:46:36,-5,
20250425,12:46:37,-5,
20250425,12:46:37,-4.9,
20250425,12:46:37,-4.9,
20250425,12:46:38,-4.9,
20250425,12:46:38,-5,
20250425,12:46:38,-5.1,
20250425,12:46:38,-5.1,
20250425,12:46:39,-5.1,
20250425,12:46:39,-5.1,
20250425,12:46:39,-5.1,
20250425,12:46:39,-5.2,
20250425,12:46:40,-5.2,
20250425,12:46:40,-5.3,
20250425,12:46:40,-5.4,
20250425,12:46:41,-5.3,
20250425,12:46:41,-5.4,
20250425,12:46:41,-5.4,
20250425,12:46:41,-5.5,
20250425,12:46:42,-5.5,
20250425,12:46:42,-5.4,
20250425,12:46:42,-5.5,
20250425,12:46:43,-5.5,
20250425,12:46:43,-5.4,
20250425,12:46:43,-5.4,
20250425,12:46:43,-5.4,
20250425,12:46:44,-5.6,
20250425,12:46:44,-5.5,
20250425,12:46:44,-5.4,
20250425,12:46:44,-5.2,
20250425,12:46:45,-5.1,
20250425,12:46:45,-4.9,
20250425,12:46:45,-4.9,
20250425,12:46:46,-4.9,
20250425,12:46:46,-4.9,
20250425,12:46:46,-4.9,
20250425,12:46:46,-4.9,
20250425,12:46:47,-5,
20250425,12:46:47,-5.1,
20250425,12:46:47,-5.2,
20250425,12:46:47,-5.3,
20250425,12:46:48,-5.4,
20250425,12:46:48,-5.4,
20250425,12:46:48,-5.5,
20250425,12:46:49,-5.5,
20250425,12:46:49,-5.5,
20250425,12:46:49,-5.9,
20250425,12:46:49,-6.3,
20250425,12:46:50,-6.8,
20250425,12:46:50,-6.9,
20250425,12:46:50,-7.1,
20250425,12:46:51,-7,
20250425,12:46:51,-6.9,
20250425,12:46:51,-6.8,
20250425,12:46:51,-6.6,
20250425,12:46:52,-6.4,
20250425,12:46:52,-6.3,
20250425,12:46:52,-6.3,
20250425,12:46:52,-6.3,
20250425,12:46:53,-6.4,
20250425,12:46:53,-6.4,
20250425,12:46:53,-6.4,
20250425,12:46:54,-6.3,
20250425,12:46:54,-6.3,
20250425,12:46:54,-6.3,
20250425,12:46:54,-6.3,
20250425,12:46:55,-6.3,
20250425,12:46:55,-6.5,
20250425,12:46:55,-6.6,
20250425,12:46:55,-6.6,
20250425,12:46:56,-6.7,
20250425,12:46:56,-6.8,
20250425,12:46:56,-6.8,
20250425,12:46:57,-6.8,
20250425,12:46:57,-6.9,
20250425,12:46:57,-6.9,
20250425,12:46:57,-7,
20250425,12:46:58,-7.2,
20250425,12:46:58,-7.3,
20250425,12:46:58,-7.7,
20250425,12:46:59,-7.8,
20250425,12:46:59,-7.7,
20250425,12:46:59,-7.7,
20250425,12:46:59,-7.7,
20250425,12:47:00,-7.3,
20250425,12:47:00,-7,
20250425,12:47:00,-6.8,
20250425,12:47:00,-6.6,
20250425,12:47:01,-6.3,
20250425,12:47:01,-6,
20250425,12:47:01,-6,
20250425,12:47:02,-6,
20250425,12:47:02,-5.9,
20250425,12:47:02,-6.1,
20250425,12:47:02,-6.3,
20250425,12:47:03,-6.5,
20250425,12:47:03,-6.5,
20250425,12:47:03,-6.5,
20250425,12:47:03,-6.5,
20250425,12:47:04,-6.6,
20250425,12:47:04,-6.7,
20250425,12:47:04,-6.8,
20250425,12:47:05,-6.8,
20250425,12:47:05,-7,
20250425,12:47:05,-7.2,
20250425,12:47:05,-7.3,
20250425,12:47:06,-7.4,
20250425,12:47:06,-7.5,
20250425,12:47:06,-7.5,
20250425,12:47:07,-7.5,
20250425,12:47:07,-7.5,
20250425,12:47:07,-7.5,
20250425,12:47:07,-7.4,
20250425,12:47:08,-7.3,
20250425,12:47:08,-7.3,
20250425,12:47:08,-7.3,
20250425,12:47:08,-7.3,
20250425,12:47:09,-7.3,
20250425,12:47:09,-7.3,
20250425,12:47:09,-7.2,
20250425,12:47:10,-7.1,
20250425,12:47:10,-7.1,
20250425,12:47:10,-6.9,
20250425,12:47:10,-6.8,
20250425,12:47:11,-6.8,
20250425,12:47:11,-6.8,
20250425,12:47:11,-6.7,
20250425,12:47:11,-6.7,
20250425,12:47:12,-6.7,
20250425,12:47:12,-6.8,
20250425,12:47:12,-6.8,
20250425,12:47:13,-6.8,
20250425,12:47:13,-6.8,
20250425,12:47:13,-6.8,
20250425,12:47:13,-6.8,
20250425,12:47:14,-6.7,
20250425,12:47:14,-6.8,
20250425,12:47:14,-6.7,
20250425,12:47:15,-6.8,
20250425,12:47:15,-7,
20250425,12:47:15,-7.3,
20250425,12:47:15,-7.6,
20250425,12:47:16,-7.7,
20250425,12:47:16,-7.6,
20250425,12:47:16,-7.5,
20250425,12:47:16,-7.4,
20250425,12:47:17,-7.1,
20250425,12:47:17,-7,
20250425,12:47:17,-6.9,
20250425,12:47:18,-6.8,
20250425,12:47:18,-6.8,
20250425,12:47:18,-6.8,
20250425,12:47:18,-6.7,
20250425,12:47:19,-6.8,
20250425,12:47:19,-6.8,
20250425,12:47:19,-6.8,
20250425,12:47:19,-7.1,
20250425,12:47:20,-7.3,
20250425,12:47:20,-7.4,
20250425,12:47:20,-7.5,
20250425,12:47:21,-7.4,
20250425,12:47:21,-7,
20250425,12:47:21,-6.8,
20250425,12:47:21,-6.4,
20250425,12:47:22,-6.1,
20250425,12:47:22,-6.1,
20250425,12:47:22,-6.1,
20250425,12:47:22,-6.1,
20250425,12:47:23,-6.1,
20250425,12:47:23,-6.1,
20250425,12:47:23,-6.2,
20250425,12:47:24,-6.2,
20250425,12:47:24,-6.2,
20250425,12:47:24,-6.2,
20250425,12:47:24,-6.2,
20250425,12:47:25,-6.1,
20250425,12:47:25,-6,
20250425,12:47:25,-6,
20250425,12:47:26,-6.1,
20250425,12:47:26,-6.2,
20250425,12:47:26,-6.6,
20250425,12:47:26,-6.7,
20250425,12:47:27,-6.7,
20250425,12:47:27,-6.5,
20250425,12:47:27,-6.4,
20250425,12:47:27,-6.3,
20250425,12:47:28,-6.2,
20250425,12:47:28,-6.2,
20250425,12:47:28,-6.3,
20250425,12:47:29,-6.3,
20250425,12:47:29,-6.1,
20250425,12:47:29,-5.9,
20250425,12:47:29,-5.4,
20250425,12:47:30,-5.1,
20250425,12:47:30,-5,
20250425,12:47:30,-5,
20250425,12:47:30,-5,
20250425,12:47:31,-5.1,
20250425,12:47:31,-5.1,
20250425,12:47:31,-5.3,
20250425,12:47:32,-5.4,
20250425,12:47:32,-5.6,
20250425,12:47:32,-6,
20250425,12:47:32,-6.3,
20250425,12:47:33,-6.5,
20250425,12:47:33,-6.6,
20250425,12:47:33,-6.5,
20250425,12:47:34,-6.4,
20250425,12:47:34,-6.3,
20250425,12:47:34,-6.2,
20250425,12:47:34,-6.1,
20250425,12:47:35,-6,
20250425,12:47:35,-6,
20250425,12:47:35,-6,
20250425,12:47:35,-6.2,
20250425,12:47:36,-6.5,
20250425,12:47:36,-6.5,
20250425,12:47:36,-6.1,
20250425,12:47:37,-5.6,
20250425,12:47:37,-5.1,
20250425,12:47:37,-4.6,
20250425,12:47:37,-4.4,
20250425,12:47:38,-4.3,
20250425,12:47:38,-4.3,
20250425,12:47:38,-4.4,
20250425,12:47:39,-4.6,
20250425,12:47:39,-4.8,
20250425,12:47:39,-5.1,
20250425,12:47:39,-5.2,
20250425,12:47:40,-5.2,
20250425,12:47:40,-5.1,
20250425,12:47:40,-4.9,
20250425,12:47:40,-4.6,
20250425,12:47:41,-4.4,
20250425,12:47:41,-4.4,
20250425,12:47:41,-4.5,
20250425,12:47:42,-4.5,
20250425,12:47:42,-4.7,
20250425,12:47:42,-4.9,
20250425,12:47:42,-5,
20250425,12:47:43,-5.1,
20250425,12:47:43,-5.1,
20250425,12:47:43,-5.1,
20250425,12:47:43,-5.1,
20250425,12:47:44,-4.9,
20250425,12:47:44,-4.7,
20250425,12:47:44,-4.6,
20250425,12:47:45,-4.4,
20250425,12:47:45,-4.3,
20250425,12:47:45,-4.2,
20250425,12:47:45,-4.2,
20250425,12:47:46,-4.2,
20250425,12:47:46,-4.2,
20250425,12:47:46,-4.2,
20250425,12:47:46,-4.3,
20250425,12:47:47,-4.3,
20250425,12:47:47,-4.6,
20250425,12:47:47,-4.4,
20250425,12:47:48,-4.5,
20250425,12:47:48,-4.3,
20250425,12:47:48,-4.2,
20250425,12:47:48,-4.1,
20250425,12:47:49,-4,
20250425,12:47:49,-4,
20250425,12:47:49,-4,
20250425,12:47:50,-4.2,
20250425,12:47:50,-4.2,
20250425,12:47:50,-4.3,
20250425,12:47:50,-4.3,
20250425,12:47:51,-4.4,
20250425,12:47:51,-4.5,
20250425,12:47:51,-4.5,
20250425,12:47:51,-4.5,
20250425,12:47:52,-4.5,
20250425,12:47:52,-4.4,
20250425,12:47:52,-4.5,
20250425,12:47:53,-4.8,
20250425,12:47:53,-4.9,
20250425,12:47:53,-4.9,
20250425,12:47:53,-4.7,
20250425,12:47:54,-4.5,
20250425,12:47:54,-4.3,
20250425,12:47:54,-4.1,
20250425,12:47:54,-3.9,
20250425,12:47:55,-3.9,
20250425,12:47:55,-4.1,
20250425,12:47:55,-4.1,
20250425,12:47:56,-4.1,
20250425,12:47:56,-4.1,
20250425,12:47:56,-4.2,
20250425,12:47:56,-4.4,
20250425,12:47:57,-4.3,
20250425,12:47:57,-4.3,
20250425,12:47:57,-4,
20250425,12:47:58,-3.8,
20250425,12:47:58,-3.7,
20250425,12:47:58,-3.5,
20250425,12:47:58,-3.5,
20250425,12:47:59,-3.5,
20250425,12:47:59,-3.5,
20250425,12:47:59,-3.9,
20250425,12:47:59,-3.8,
20250425,12:48:00,-3.8,
20250425,12:48:00,-3.9,
20250425,12:48:00,-4,
20250425,12:48:01,-4.2,
20250425,12:48:01,-4.4,
20250425,12:48:01,-4.7,
20250425,12:48:01,-4.6,
20250425,12:48:02,-4.7,
20250425,12:48:02,-4.6,
20250425,12:48:02,-4.5,
20250425,12:48:02,-4.4,
20250425,12:48:03,-4.2,
20250425,12:48:03,-4.1,
20250425,12:48:03,-4.2,
20250425,12:48:04,-4.2,
20250425,12:48:04,-4.1,
20250425,12:48:04,-4.1,
20250425,12:48:04,-4.1,
20250425,12:48:05,-4.2,
20250425,12:48:05,-4.3,
20250425,12:48:05,-4.2,
20250425,12:48:06,-3.8,
20250425,12:48:06,-3.4,
20250425,12:48:06,-3.3,
20250425,12:48:06,-3,
20250425,12:48:07,-2.9,
20250425,12:48:07,-2.9,
20250425,12:48:07,-2.8,
20250425,12:48:07,-2.7,
20250425,12:48:08,-2.7,
20250425,12:48:08,-2.7,
20250425,12:48:08,-2.7,
20250425,12:48:09,-2.7,
20250425,12:48:09,-2.8,
20250425,12:48:09,-2.9,
20250425,12:48:09,-2.9,
20250425,12:48:10,-3,
20250425,12:48:10,-3.2,
20250425,12:48:10,-3.2,
20250425,12:48:10,-3.2,
20250425,12:48:11,-3.2,
20250425,12:48:11,-3.1,
20250425,12:48:11,-3.1,
20250425,12:48:12,-3.1,
20250425,12:48:12,-3.2,
20250425,12:48:12,-3.3,
20250425,12:48:12,-3.3,
20250425,12:48:13,-3.4,
20250425,12:48:13,-3.3,
20250425,12:48:13,-3.3,
20250425,12:48:14,-3.3,
20250425,12:48:14,-3.4,
20250425,12:48:14,-3.4,
20250425,12:48:14,-3.4,
20250425,12:48:15,-3.4,
20250425,12:48:15,-3.4,
20250425,12:48:15,-3.4,
20250425,12:48:15,-3.4,
20250425,12:48:16,-3.4,
20250425,12:48:16,-3.3,
20250425,12:48:16,-3.3,
20250425,12:48:17,-3.3,
20250425,12:48:17,-3.2,
20250425,12:48:17,-3.2,
20250425,12:48:17,-3.2,
20250425,12:48:18,-3.1,
20250425,12:48:18,-3,
20250425,12:48:18,-3.1,
20250425,12:48:18,-3.1,
20250425,12:48:19,-3.1,
20250425,12:48:19,-3.2,
20250425,12:48:19,-3.2,
20250425,12:48:20,-3.2,
20250425,12:48:20,-3.3,
20250425,12:48:20,-3.2,
20250425,12:48:20,-3.2,
20250425,12:48:21,-3.1,
20250425,12:48:21,-3,
20250425,12:48:21,-2.9,
20250425,12:48:22,-2.9,
20250425,12:48:22,-2.9,
20250425,12:48:22,-3,
20250425,12:48:22,-3.2,
20250425,12:48:23,-3.3,
20250425,12:48:23,-3.4,
20250425,12:48:23,-3.4,
20250425,12:48:23,-3.4,
20250425,12:48:24,-3.3,
20250425,12:48:24,-3.2,
20250425,12:48:24,-3,
20250425,12:48:25,-2.7,
20250425,12:48:25,-2.5,
20250425,12:48:25,-2.6,
20250425,12:48:25,-2.4,
20250425,12:48:26,-2,
20250425,12:48:26,-1.9,
20250425,12:48:26,-1.9,
20250425,12:48:26,-1.8,
20250425,12:48:27,-1.8,
20250425,12:48:27,-1.9,
20250425,12:48:27,-2.1,
20250425,12:48:28,-2.2,
20250425,12:48:28,-2.3,
20250425,12:48:28,-2.6,
20250425,12:48:28,-2.4,
20250425,12:48:29,-2.5,
20250425,12:48:29,-2.4,
20250425,12:48:29,-2.4,
20250425,12:48:29,-2.4,
20250425,12:48:30,-2.5,
20250425,12:48:30,-2.6,
20250425,12:48:30,-2.6,
20250425,12:48:31,-2.6,
20250425,12:48:31,-2.9,
20250425,12:48:31,-3.2,
20250425,12:48:31,-3.6,
20250425,12:48:32,-3.8,
20250425,12:48:32,-4,
20250425,12:48:32,-4,
20250425,12:48:33,-4,
20250425,12:48:33,-3.9,
20250425,12:48:33,-3.7,
20250425,12:48:33,-3.6,
20250425,12:48:34,-3.6,
20250425,12:48:34,-3.7,
20250425,12:48:34,-3.7,
20250425,12:48:34,-3.7,
20250425,12:48:35,-3.6,
20250425,12:48:35,-3.4,
20250425,12:48:35,-3.4,
20250425,12:48:36,-3.3,
20250425,12:48:36,-3.3,
20250425,12:48:36,-3.3,
20250425,12:48:36,-3.1,
20250425,12:48:37,-3.1,
20250425,12:48:37,-3.2,
20250425,12:48:37,-3.3,
20250425,12:48:37,-3.3,
20250425,12:48:38,-3.1,
20250425,12:48:38,-2.7,
20250425,12:48:38,-2.5,
20250425,12:48:39,-2.2,
20250425,12:48:39,-2.2,
20250425,12:48:39,-1.9,
20250425,12:48:39,-1.7,
20250425,12:48:40,-1.5,
20250425,12:48:40,-1.3,
20250425,12:48:40,-1.4,
20250425,12:48:41,-1.4,
20250425,12:48:41,-1.6,
20250425,12:48:41,-1.7,
20250425,12:48:41,-2,
20250425,12:48:42,-2.4,
20250425,12:48:42,-2.6,
20250425,12:48:42,-2.7,
20250425,12:48:42,-2.7,
20250425,12:48:43,-2.6,
20250425,12:48:43,-2.5,
20250425,12:48:43,-2.4,
20250425,12:48:44,-2.2,
20250425,12:48:44,-2.2,
20250425,12:48:44,-2.1,
20250425,12:48:44,-2.2,
20250425,12:48:45,-2.3,
20250425,12:48:45,-2.4,
20250425,12:48:45,-2.6,
20250425,12:48:45,-2.6,
20250425,12:48:46,-2.6,
20250425,12:48:46,-2.6,
20250425,12:48:46,-2.6,
20250425,12:48:47,-2.6,
20250425,12:48:47,-2.6,
20250425,12:48:47,-2.4,
20250425,12:48:47,-2.2,
20250425,12:48:48,-1.9,
20250425,12:48:48,-1.7,
20250425,12:48:48,-1.7,
20250425,12:48:49,-1.7,
20250425,12:48:49,-1.7,
20250425,12:48:49,-1.8,
20250425,12:48:49,-1.8,
20250425,12:48:50,-1.8,
20250425,12:48:50,-1.9,
20250425,12:48:50,-1.9,
20250425,12:48:50,-1.9,
20250425,12:48:51,-1.9,
20250425,12:48:51,-1.7,
20250425,12:48:51,-1.6,
20250425,12:48:52,-1.5,
20250425,12:48:52,-1.4,
20250425,12:48:52,-1.3,
20250425,12:48:52,-1.3,
20250425,12:48:53,-1.3,
20250425,12:48:53,-1.3,
20250425,12:48:53,-1.3,
20250425,12:48:53,-1.5,
20250425,12:48:54,-1.5,
20250425,12:48:54,-1.3,
20250425,12:48:54,-1.1,
20250425,12:48:55,-0.9,
20250425,12:48:55,-0.9,
20250425,12:48:55,-0.8,
20250425,12:48:55,-0.9,
20250425,12:48:56,-0.9,
20250425,12:48:56,-0.9,
20250425,12:48:56,-0.8,
20250425,12:48:57,-0.7,
20250425,12:48:57,-0.8,
20250425,12:48:57,-0.8,
20250425,12:48:57,-0.8,
20250425,12:48:58,-0.9,
20250425,12:48:58,-1,
20250425,12:48:58,-1,
20250425,12:48:58,-0.9,
20250425,12:48:59,-0.6,
20250425,12:48:59,-0.2,
20250425,12:48:59,0,
20250425,12:49:00,0,
20250425,12:49:00,0,
20250425,12:49:00,-0.1,
20250425,12:49:00,-0.2,
20250425,12:49:01,-0.3,
20250425,12:49:01,-0.5,
20250425,12:49:01,-0.6,
20250425,12:49:01,-0.8,
20250425,12:49:02,-0.7,
20250425,12:49:02,-0.4,
20250425,12:49:02,-0.2,
20250425,12:49:03,0,
20250425,12:49:03,0,
20250425,12:49:03,0,
20250425,12:49:03,0,
20250425,12:49:04,-0.1,
20250425,12:49:04,-0.1,
20250425,12:49:04,-0.2,
20250425,12:49:05,-0.2,
20250425,12:49:05,-0.3,
20250425,12:49:05,-0.3,
20250425,12:49:05,-0.2,
20250425,12:49:06,0,
20250425,12:49:06,0.3,
20250425,12:49:06,0.4,
20250425,12:49:06,0.5,
20250425,12:49:07,0.4,
20250425,12:49:07,0.5,
20250425,12:49:07,0.8,
20250425,12:49:08,0.9,
20250425,12:49:08,1.1,
20250425,12:49:08,1.2,
20250425,12:49:08,1.1,
20250425,12:49:09,1.1,
20250425,12:49:09,0.9,
20250425,12:49:09,0.8,
20250425,12:49:09,0.8,
20250425,12:49:10,0.5,
20250425,12:49:10,0.6,
20250425,12:49:10,0.7,
20250425,12:49:11,0.7,
20250425,12:49:11,0.8,
20250425,12:49:11,0.8,
20250425,12:49:11,0.7,
20250425,12:49:12,0.8,
20250425,12:49:12,0.9,
20250425,12:49:12,0.9,
20250425,12:49:12,0.9,
20250425,12:49:13,0.9,
20250425,12:49:13,0.8,
20250425,12:49:13,0.8,
20250425,12:49:14,0.8,
20250425,12:49:14,0.8,
20250425,12:49:14,0.9,
20250425,12:49:14,0.8,
20250425,12:49:15,0.9,
20250425,12:49:15,0.9,
20250425,12:49:15,0.7,
20250425,12:49:15,0.1,
20250425,12:49:16,-0.4,
20250425,12:49:16,-0.7,
20250425,12:49:16,-0.7,
20250425,12:49:17,-0.4,
20250425,12:49:17,0,
20250425,12:49:17,0.1,
20250425,12:49:17,0.4,
20250425,12:49:18,0.3,
20250425,12:49:18,0.1,
20250425,12:49:18,0,
20250425,12:49:19,-0.1,
20250425,12:49:19,-0.1,
20250425,12:49:19,-0.1,
20250425,12:49:19,0,
20250425,12:49:20,0.1,
20250425,12:49:20,0.3,
20250425,12:49:20,0.2,
20250425,12:49:20,0.4,
20250425,12:49:21,0.3,
20250425,12:49:21,0.3,
20250425,12:49:21,0.5,
20250425,12:49:22,0.7,
20250425,12:49:22,0.8,
20250425,12:49:22,0.9,
20250425,12:49:22,1,
20250425,12:49:23,0.9,
20250425,12:49:23,0.7,
20250425,12:49:23,0.1,
20250425,12:49:23,-0.3,
20250425,12:49:24,-0.5,
20250425,12:49:24,-0.4,
20250425,12:49:24,-0.4,
20250425,12:49:25,-0.1,
20250425,12:49:25,0,
20250425,12:49:25,0,
20250425,12:49:25,0,
20250425,12:49:26,0,
20250425,12:49:26,0,
20250425,12:49:26,-0.1,
20250425,12:49:26,0,
20250425,12:49:27,0,
20250425,12:49:27,-0.1,
20250425,12:49:27,-0.1,
20250425,12:49:28,-0.1,
20250425,12:49:28,0,
20250425,12:49:28,0.2,
20250425,12:49:28,0.5,
20250425,12:49:29,0.7,
20250425,12:49:29,0.7,
20250425,12:49:29,0.7,
20250425,12:49:30,0.7,
20250425,12:49:30,0.6,
20250425,12:49:30,0.3,
20250425,12:49:30,0.2,
20250425,12:49:31,0,
20250425,12:49:31,0,
20250425,12:49:31,0,
20250425,12:49:31,0.2,
20250425,12:49:32,0.5,
20250425,12:49:32,0.6,
20250425,12:49:32,0.8,
20250425,12:49:33,0.8,
20250425,12:49:33,0.8,
20250425,12:49:33,0.7,
20250425,12:49:33,0.6,
20250425,12:49:34,0.5,
20250425,12:49:34,0.5,
20250425,12:49:34,0.4,
20250425,12:49:34,0.4,
20250425,12:49:35,0.3,
20250425,12:49:35,0.4,
20250425,12:49:35,0.4,
20250425,12:49:36,0.4,
20250425,12:49:36,0.4,
20250425,12:49:36,0.7,
20250425,12:49:36,0.8,
20250425,12:49:37,1.1,
20250425,12:49:37,1.4,
20250425,12:49:37,1.6,
20250425,12:49:37,1.6,
20250425,12:49:38,1.6,
20250425,12:49:38,1.5,
20250425,12:49:38,1.4,
20250425,12:49:39,1.2,
20250425,12:49:39,1.1,
20250425,12:49:39,1,
20250425,12:49:39,1,
20250425,12:49:40,1.2,
20250425,12:49:40,1.5,
20250425,12:49:40,1.7,
20250425,12:49:41,1.9,
20250425,12:49:41,1.9,
20250425,12:49:41,2,
20250425,12:49:41,2,
20250425,12:49:42,2,
20250425,12:49:42,1.9,
20250425,12:49:42,1.9,
20250425,12:49:42,1.8,
20250425,12:49:43,1.7,
20250425,12:49:43,1.7,
20250425,12:49:43,1.6,
20250425,12:49:44,1.5,
20250425,12:49:44,1.6,
20250425,12:49:44,1.8,
20250425,12:49:44,2.2,
20250425,12:49:45,2.5,
20250425,12:49:45,2.7,
20250425,12:49:45,2.8,
20250425,12:49:45,2.7,
20250425,12:49:46,2.6,
20250425,12:49:46,2.5,
20250425,12:49:46,2.4,
20250425,12:49:47,2.3,
20250425,12:49:47,2.3,
20250425,12:49:47,2.2,
20250425,12:49:47,2.2,
20250425,12:49:48,2.3,
20250425,12:49:48,2.3,
20250425,12:49:48,2.3,
20250425,12:49:48,2.3,
20250425,12:49:49,2.2,
20250425,12:49:49,2.2,
20250425,12:49:49,2.3,
20250425,12:49:50,2.3,
20250425,12:49:50,2.7,
20250425,12:49:50,2.9,
20250425,12:49:50,3,
20250425,12:49:51,3,
20250425,12:49:51,3.1,
20250425,12:49:51,3,
20250425,12:49:51,3,
20250425,12:49:52,3,
20250425,12:49:52,2.9,
20250425,12:49:52,3,
20250425,12:49:53,3.2,
20250425,12:49:53,3.4,
20250425,12:49:53,3.6,
20250425,12:49:53,3.9,
20250425,12:49:54,3.9,
20250425,12:49:54,3.8,
20250425,12:49:54,3.8,
20250425,12:49:55,3.6,
20250425,12:49:55,3.4,
20250425,12:49:55,3.5,
20250425,12:49:55,3.4,
20250425,12:49:56,3.4,
20250425,12:49:56,3.4,
20250425,12:49:56,3.4,
20250425,12:49:56,3.3,
20250425,12:49:57,3.2,
20250425,12:49:57,3,
20250425,12:49:57,2.7,
20250425,12:49:58,2.6,
20250425,12:49:58,2.5,
20250425,12:49:58,2.6,
20250425,12:49:58,3,
20250425,12:49:59,3.2,
20250425,12:49:59,3.4,
20250425,12:49:59,3.4,
20250425,12:49:59,3.3,
20250425,12:50:00,3.3,
20250425,12:50:00,3.1,
20250425,12:50:00,3.1,
20250425,12:50:01,3.1,
20250425,12:50:01,3.3,
20250425,12:50:01,3.4,
20250425,12:50:01,3.4,
20250425,12:50:02,3.5,
20250425,12:50:02,3.5,
20250425,12:50:02,3.4,
20250425,12:50:02,3.3,
20250425,12:50:03,3.3,
20250425,12:50:03,3.2,
20250425,12:50:03,3.2,
20250425,12:50:04,3.4,
20250425,12:50:04,3.6,
20250425,12:50:04,4,
20250425,12:50:04,4.2,
20250425,12:50:05,4.3,
20250425,12:50:05,4.2,
20250425,12:50:05,4,
20250425,12:50:05,3.9,
20250425,12:50:06,3.8,
20250425,12:50:06,3.5,
20250425,12:50:06,3.4,
20250425,12:50:07,3.4,
20250425,12:50:07,3.3,
20250425,12:50:07,3.2,
20250425,12:50:07,3.1,
20250425,12:50:08,3.1,
20250425,12:50:08,3,
20250425,12:50:08,2.9,
20250425,12:50:09,2.9,
20250425,12:50:09,2.7,
20250425,12:50:09,2.6,
20250425,12:50:09,2.5,
20250425,12:50:10,2.6,
20250425,12:50:10,2.7,
20250425,12:50:10,2.8,
20250425,12:50:10,2.9,
20250425,12:50:11,3,
20250425,12:50:11,3,
20250425,12:50:11,3.1,
20250425,12:50:12,3.1,
20250425,12:50:12,3.2,
20250425,12:50:12,3.2,
20250425,12:50:12,3.2,
20250425,12:50:13,3.1,
20250425,12:50:13,3.2,
20250425,12:50:13,3.2,
20250425,12:50:13,3.3,
20250425,12:50:14,3.4,
20250425,12:50:14,3.5,
20250425,12:50:14,3.6,
20250425,12:50:15,3.6,
20250425,12:50:15,3.7,
20250425,12:50:15,3.6,
20250425,12:50:15,3.5,
20250425,12:50:16,3.4,
20250425,12:50:16,3.4,
20250425,12:50:16,3.3,
20250425,12:50:16,3.2,
20250425,12:50:17,3.1,
20250425,12:50:17,3,
20250425,12:50:17,3,
20250425,12:50:18,2.9,
20250425,12:50:18,2.9,
20250425,12:50:18,2.9,
20250425,12:50:18,2.8,
20250425,12:50:19,2.8,
20250425,12:50:19,2.6,
20250425,12:50:19,2.5,
20250425,12:50:19,2.3,
20250425,12:50:20,2.1,
20250425,12:50:20,2,
20250425,12:50:20,2,
20250425,12:50:21,2.1,
20250425,12:50:21,2.1,
20250425,12:50:21,2.1,
20250425,12:50:21,2.2,
20250425,12:50:22,2.2,
20250425,12:50:22,2.2,
20250425,12:50:22,2.1,
20250425,12:50:23,2.1,
20250425,12:50:23,2.1,
20250425,12:50:23,2,
20250425,12:50:23,2.1,
20250425,12:50:24,1.9,
20250425,12:50:24,1.9,
20250425,12:50:24,1.9,
20250425,12:50:24,1.8,
20250425,12:50:25,1.7,
20250425,12:50:25,1.7,
20250425,12:50:25,1.7,
20250425,12:50:26,1.7,
20250425,12:50:26,1.7,
20250425,12:50:26,1.7,
20250425,12:50:26,1.8,
20250425,12:50:27,1.8,
20250425,12:50:27,1.7,
20250425,12:50:27,1.7,
20250425,12:50:27,1.7,
20250425,12:50:28,1.7,
20250425,12:50:28,1.7,
20250425,12:50:28,1.6,
20250425,12:50:29,1.5,
20250425,12:50:29,1.4,
20250425,12:50:29,1.3,
20250425,12:50:29,1.3,
20250425,12:50:30,1.2,
20250425,12:50:30,1.4,
20250425,12:50:30,1.6,
20250425,12:50:30,1.6,
20250425,12:50:31,1.6,
20250425,12:50:31,1.7,
20250425,12:50:31,1.7,
20250425,12:50:32,1.7,
20250425,12:50:32,1.7,
20250425,12:50:32,1.8,
20250425,12:50:32,1.9,
20250425,12:50:33,1.8,
20250425,12:50:33,2,
20250425,12:50:33,1.9,
20250425,12:50:33,2,
20250425,12:50:34,1.8,
20250425,12:50:34,1.8,
20250425,12:50:34,1.8,
20250425,12:50:35,1.8,
20250425,12:50:35,1.9,
20250425,12:50:35,1.8,
20250425,12:50:35,1.9,
20250425,12:50:36,1.9,
20250425,12:50:36,1.9,
20250425,12:50:36,1.9,
20250425,12:50:37,1.8,
20250425,12:50:37,1.8,
20250425,12:50:37,1.8,
20250425,12:50:37,1.9,
20250425,12:50:38,2,
20250425,12:50:38,2.2,
20250425,12:50:38,2.3,
20250425,12:50:38,2.4,
20250425,12:50:39,2.4,
20250425,12:50:39,2.6,
20250425,12:50:39,2.8,
20250425,12:50:40,3.1,
20250425,12:50:40,3.2,
20250425,12:50:40,3.4,
20250425,12:50:40,3.4,
20250425,12:50:41,3.3,
20250425,12:50:41,3.2,
20250425,12:50:41,3.2,
20250425,12:50:41,3.1,
20250425,12:50:42,3.1,
20250425,12:50:42,3.1,
20250425,12:50:42,3.2,
20250425,12:50:43,3.2,
20250425,12:50:43,3.2,
20250425,12:50:43,3.1,
20250425,12:50:43,3.2,
20250425,12:50:44,3.1,
20250425,12:50:44,3.1,
20250425,12:50:44,3,
20250425,12:50:44,3,
20250425,12:50:45,2.9,
20250425,12:50:45,2.9,
20250425,12:50:45,2.9,
20250425,12:50:46,2.8,
20250425,12:50:46,2.9,
20250425,12:50:46,2.8,
20250425,12:50:46,2.9,
20250425,12:50:47,2.9,
20250425,12:50:47,3,
20250425,12:50:47,3.3,
20250425,12:50:47,3.4,
20250425,12:50:48,3.4,
20250425,12:50:48,3.4,
20250425,12:50:48,3.4,
20250425,12:50:49,3.4,
20250425,12:50:49,3.4,
20250425,12:50:49,3.4,
20250425,12:50:49,3.4,
20250425,12:50:50,3.3,
20250425,12:50:50,3.4,
20250425,12:50:50,3.2,
20250425,12:50:51,3.2,
20250425,12:50:51,3.1,
20250425,12:50:51,3.1,
20250425,12:50:51,3.1,
20250425,12:50:52,3.1,
20250425,12:50:52,3,
20250425,12:50:52,3.2,
20250425,12:50:52,3.4,
20250425,12:50:53,3.6,
20250425,12:50:53,3.9,
20250425,12:50:53,4.1,
20250425,12:50:54,4.2,
20250425,12:50:54,4.2,
20250425,12:50:54,4.1,
20250425,12:50:54,4,
20250425,12:50:55,3.9,
20250425,12:50:55,3.8,
20250425,12:50:55,3.6,
20250425,12:50:55,3.5,
20250425,12:50:56,3.4,
20250425,12:50:56,3.4,
20250425,12:50:56,4,
20250425,12:50:57,4,
20250425,12:50:57,3.4,
20250425,12:50:57,2.9,
20250425,12:50:57,2.8,
20250425,12:50:58,2.7,
20250425,12:50:58,2.5,
20250425,12:50:58,2.3,
20250425,12:50:58,2,
20250425,12:50:59,1.4,
20250425,12:50:59,0.8,
20250425,12:50:59,0.3,
20250425,12:51:00,0,
20250425,12:51:00,0.1,
20250425,12:51:00,0.4,
20250425,12:51:00,0.7,
20250425,12:51:01,0.9,
20250425,12:51:01,0.9,
20250425,12:51:01,0.9,
20250425,12:51:02,1,
20250425,12:51:02,1,
20250425,12:51:02,0.9,
20250425,12:51:02,0.8,
20250425,12:51:03,0.7,
20250425,12:51:03,0.7,
20250425,12:51:03,0.8,
20250425,12:51:03,1.1,
20250425,12:51:04,1.4,
20250425,12:51:04,1.7,
20250425,12:51:04,1.8,
20250425,12:51:05,1.9,
20250425,12:51:05,1.9,
20250425,12:51:05,1.8,
20250425,12:51:05,1.8,
20250425,12:51:06,1.8,
20250425,12:51:06,2,
20250425,12:51:06,2.2,
20250425,12:51:06,2.5,
20250425,12:51:07,2.5,
20250425,12:51:07,2.6,
20250425,12:51:07,2.6,
20250425,12:51:08,2.6,
20250425,12:51:08,2.5,
20250425,12:51:08,2.5,
20250425,12:51:08,2.5,
20250425,12:51:09,2.3,
20250425,12:51:09,2.3,
20250425,12:51:09,2.3,
20250425,12:51:09,2.4,
20250425,12:51:10,2.5,
20250425,12:51:10,2.5,
20250425,12:51:10,2.5,
20250425,12:51:11,2.5,
20250425,12:51:11,2.5,
20250425,12:51:11,2.6,
20250425,12:51:11,2.5,
20250425,12:51:12,2.5,
20250425,12:51:12,2.5,
20250425,12:51:12,2.5,
20250425,12:51:12,2.5,
20250425,12:51:13,2.3,
20250425,12:51:13,2.3,
20250425,12:51:13,2.3,
20250425,12:51:14,2.2,
20250425,12:51:14,2.2,
20250425,12:51:14,2.1,
20250425,12:51:14,2.2,
20250425,12:51:15,2.2,
20250425,12:51:15,2.3,
20250425,12:51:15,2.4,
20250425,12:51:16,2.4,
20250425,12:51:16,2.5,
20250425,12:51:16,2.5,
20250425,12:51:16,2.5,
20250425,12:51:17,2.5,
20250425,12:51:17,2.6,
20250425,12:51:17,2.7,
20250425,12:51:17,2.8,
20250425,12:51:18,2.8,
20250425,12:51:18,2.9,
20250425,12:51:18,2.8,
20250425,12:51:19,2.8,
20250425,12:51:19,2.7,
20250425,12:51:19,2.6,
20250425,12:51:19,2.6,
20250425,12:51:20,2.5,
20250425,12:51:20,2.5,
20250425,12:51:20,2.4,
20250425,12:51:20,2.3,
20250425,12:51:21,2.3,
20250425,12:51:21,2.3,
20250425,12:51:21,2.3,
20250425,12:51:22,2.2,
20250425,12:51:22,2.1,
20250425,12:51:22,2.1,
20250425,12:51:22,2,
20250425,12:51:23,1.9,
20250425,12:51:23,1.8,
20250425,12:51:23,1.8,
20250425,12:51:23,1.9,
20250425,12:51:24,2.2,
20250425,12:51:24,2.4,
20250425,12:51:24,2.5,
20250425,12:51:25,2.6,
20250425,12:51:25,2.7,
20250425,12:51:25,2.6,
20250425,12:51:25,2.5,
20250425,12:51:26,2.3,
20250425,12:51:26,2.1,
20250425,12:51:26,1.9,
20250425,12:51:26,1.8,
20250425,12:51:27,1.7,
20250425,12:51:27,1.7,
20250425,12:51:27,1.7,
20250425,12:51:28,1.7,
20250425,12:51:28,1.7,
20250425,12:51:28,1.7,
20250425,12:51:28,1.7,
20250425,12:51:29,1.7,
20250425,12:51:29,1.7,
20250425,12:51:29,1.7,
20250425,12:51:30,1.7,
20250425,12:51:30,1.7,
20250425,12:51:30,1.7,
20250425,12:51:30,1.7,
20250425,12:51:31,1.7,
20250425,12:51:31,1.7,
20250425,12:51:31,1.7,
20250425,12:51:31,1.9,
20250425,12:51:32,2.1,
20250425,12:51:32,2.4,
20250425,12:51:32,2.5,
20250425,12:51:33,2.6,
20250425,12:51:33,2.7,
20250425,12:51:33,2.7,
20250425,12:51:33,2.6,
20250425,12:51:34,2.6,
20250425,12:51:34,2.5,
20250425,12:51:34,2.4,
20250425,12:51:34,2.2,
20250425,12:51:35,2.1,
20250425,12:51:35,2,
20250425,12:51:35,1.9,
20250425,12:51:36,1.8,
20250425,12:51:36,1.8,
20250425,12:51:36,1.8,
20250425,12:51:36,1.8,
20250425,12:51:37,1.8,
20250425,12:51:37,1.9,
20250425,12:51:37,2,
20250425,12:51:37,2.1,
20250425,12:51:38,2.1,
20250425,12:51:38,2.3,
20250425,12:51:38,2.4,
20250425,12:51:39,2.4,
20250425,12:51:39,2.3,
20250425,12:51:39,2.3,
20250425,12:51:39,2.4,
20250425,12:51:40,2.3,
20250425,12:51:40,2.3,
20250425,12:51:40,2.3,
20250425,12:51:40,2.1,
20250425,12:51:41,2.1,
20250425,12:51:41,2,
20250425,12:51:41,2.1,
20250425,12:51:42,2.2,
20250425,12:51:42,2.3,
20250425,12:51:42,2.5,
20250425,12:51:42,2.7,
20250425,12:51:43,2.9,
20250425,12:51:43,3,
20250425,12:51:43,3,
20250425,12:51:44,2.9,
20250425,12:51:44,2.8,
20250425,12:51:44,2.7,
20250425,12:51:44,2.7,
20250425,12:51:45,2.6,
20250425,12:51:45,2.5,
20250425,12:51:45,2.5,
20250425,12:51:45,2.4,
20250425,12:51:46,2.4,
20250425,12:51:46,2.3,
20250425,12:51:46,2.3,
20250425,12:51:47,2.2,
20250425,12:51:47,2.2,
20250425,12:51:47,2.2,
20250425,12:51:47,2.1,
20250425,12:51:48,2,
20250425,12:51:48,2.1,
20250425,12:51:48,2,
20250425,12:51:48,2.1,
20250425,12:51:49,2,
20250425,12:51:49,1.9,
20250425,12:51:49,2,
20250425,12:51:50,1.9,
20250425,12:51:50,1.8,
20250425,12:51:50,1.9,
20250425,12:51:50,1.9,
20250425,12:51:51,2,
20250425,12:51:51,1.9,
20250425,12:51:51,1.9,
20250425,12:51:51,2,
20250425,12:51:52,2,
20250425,12:51:52,2,
20250425,12:51:52,1.8,
20250425,12:51:53,1.9,
20250425,12:51:53,1.7,
20250425,12:51:53,1.9,
20250425,12:51:53,2,
20250425,12:51:54,2.1,
20250425,12:51:54,2.3,
20250425,12:51:54,2.5,
20250425,12:51:54,3,
20250425,12:51:55,3,
20250425,12:51:55,3.1,
20250425,12:51:55,3.2,
20250425,12:51:56,3.3,
20250425,12:51:56,3.2,
20250425,12:51:56,3.4,
20250425,12:51:56,3.4,
20250425,12:51:57,3.6,
20250425,12:51:57,3.7,
20250425,12:51:57,3.7,
20250425,12:51:58,3.7,
20250425,12:51:58,3.7,
20250425,12:51:58,3.7,
20250425,12:51:58,3.5,
20250425,12:51:59,3.5,
20250425,12:51:59,3.8,
20250425,12:51:59,4,
20250425,12:51:59,4.2,
20250425,12:52:00,4.2,
20250425,12:52:00,4.3,
20250425,12:52:00,4.3,
20250425,12:52:01,4.3,
20250425,12:52:01,4.2,
20250425,12:52:01,4.1,
20250425,12:52:01,4.1,
20250425,12:52:02,4.3,
20250425,12:52:02,4.4,
20250425,12:52:02,4.6,
20250425,12:52:02,4.7,
20250425,12:52:03,4.7,
20250425,12:52:03,4.7,
20250425,12:52:03,4.6,
20250425,12:52:04,4.6,
20250425,12:52:04,4.8,
20250425,12:52:04,4.9,
20250425,12:52:04,4.9,
20250425,12:52:05,5.1,
20250425,12:52:05,5.1,
20250425,12:52:05,4.9,
20250425,12:52:05,4.9,
20250425,12:52:06,4.8,
20250425,12:52:06,4.8,
20250425,12:52:06,4.7,
20250425,12:52:07,4.8,
20250425,12:52:07,5.1,
20250425,12:52:07,5.5,
20250425,12:52:07,5.8,
20250425,12:52:08,6,
20250425,12:52:08,6,
20250425,12:52:08,6,
20250425,12:52:09,6,
20250425,12:52:09,5.9,
20250425,12:52:09,5.9,
20250425,12:52:09,5.7,
20250425,12:52:10,5.7,
20250425,12:52:10,5.5,
20250425,12:52:10,5.5,
20250425,12:52:10,5.4,
20250425,12:52:11,5.3,
20250425,12:52:11,5.3,
20250425,12:52:11,5.5,
20250425,12:52:12,5.7,
20250425,12:52:12,6,
20250425,12:52:12,6,
20250425,12:52:12,6.2,
20250425,12:52:13,6.2,
20250425,12:52:13,6.2,
20250425,12:52:13,6.2,
20250425,12:52:13,6.4,
20250425,12:52:14,6.6,
20250425,12:52:14,6.6,
20250425,12:52:14,6.7,
20250425,12:52:15,6.6,
20250425,12:52:15,6.5,
20250425,12:52:15,6.5,
20250425,12:52:15,6.5,
20250425,12:52:16,6.6,
20250425,12:52:16,6.8,
20250425,12:52:16,6.8,
20250425,12:52:16,7,
20250425,12:52:17,7,
20250425,12:52:17,6.9,
20250425,12:52:17,6.8,
20250425,12:52:18,6.8,
20250425,12:52:18,6.8,
20250425,12:52:18,6.7,
20250425,12:52:18,6.6,
20250425,12:52:19,6.6,
20250425,12:52:19,6.7,
20250425,12:52:19,6.8,
20250425,12:52:19,7.2,
20250425,12:52:20,7.5,
20250425,12:52:20,7.7,
20250425,12:52:20,7.9,
20250425,12:52:21,7.9,
20250425,12:52:21,7.9,
20250425,12:52:21,7.8,
20250425,12:52:21,7.7,
20250425,12:52:22,7.6,
20250425,12:52:22,7.5,
20250425,12:52:22,7.3,
20250425,12:52:23,7.3,
20250425,12:52:23,7.1,
20250425,12:52:23,7.1,
20250425,12:52:23,6.9,
20250425,12:52:24,6.9,
20250425,12:52:24,6.9,
20250425,12:52:24,6.8,
20250425,12:52:24,6.7,
20250425,12:52:25,6.8,
20250425,12:52:25,6.8,
20250425,12:52:25,6.9,
20250425,12:52:26,7.2,
20250425,12:52:26,7.4,
20250425,12:52:26,7.6,
20250425,12:52:26,7.7,
20250425,12:52:27,7.7,
20250425,12:52:27,7.7,
20250425,12:52:27,7.9,
20250425,12:52:27,8.2,
20250425,12:52:28,8.4,
20250425,12:52:28,8.4,
20250425,12:52:28,8.5,
20250425,12:52:29,8.4,
20250425,12:52:29,8.2,
20250425,12:52:29,8.1,
20250425,12:52:29,7.9,
20250425,12:52:30,7.9,
20250425,12:52:30,7.8,
20250425,12:52:30,7.7,
20250425,12:52:30,7.7,
20250425,12:52:31,7.7,
20250425,12:52:31,7.8,
20250425,12:52:31,8.1,
20250425,12:52:32,8.4,
20250425,12:52:32,8.6,
20250425,12:52:32,8.6,
20250425,12:52:32,8.6,
20250425,12:52:33,8.6,
20250425,12:52:33,8.5,
20250425,12:52:33,8.5,
20250425,12:52:33,8.3,
20250425,12:52:34,8.2,
20250425,12:52:34,8.1,
20250425,12:52:34,8.1,
20250425,12:52:35,8.2,
20250425,12:52:35,8.2,
20250425,12:52:35,8.1,
20250425,12:52:35,8.2,
20250425,12:52:36,8.2,
20250425,12:52:36,8.4,
20250425,12:52:36,8.6,
20250425,12:52:37,8.9,
20250425,12:52:37,9.2,
20250425,12:52:37,9.4,
20250425,12:52:37,9.4,
20250425,12:52:38,9.4,
20250425,12:52:38,9.4,
20250425,12:52:38,9.3,
20250425,12:52:38,9.2,
20250425,12:52:39,9.1,
20250425,12:52:39,9.1,
20250425,12:52:39,8.9,
20250425,12:52:40,8.8,
20250425,12:52:40,8.7,
20250425,12:52:40,8.6,
20250425,12:52:40,8.7,
20250425,12:52:41,8.6,
20250425,12:52:41,8.5,
20250425,12:52:41,8.5,
20250425,12:52:41,8.5,
20250425,12:52:42,8.6,
20250425,12:52:42,8.5,
20250425,12:52:42,8.5,
20250425,12:52:43,8.6,
20250425,12:52:43,8.6,
20250425,12:52:43,8.6,
20250425,12:52:43,8.6,
20250425,12:52:44,8.6,
20250425,12:52:44,8.6,
20250425,12:52:44,8.5,
20250425,12:52:44,8.6,
20250425,12:52:45,8.6,
20250425,12:52:45,8.7,
20250425,12:52:45,8.7,
20250425,12:52:46,8.8,
20250425,12:52:46,9,
20250425,12:52:46,9.2,
20250425,12:52:46,9.4,
20250425,12:52:47,9.7,
20250425,12:52:47,9.8,
20250425,12:52:47,9.8,
20250425,12:52:47,9.7,
20250425,12:52:48,9.7,
20250425,12:52:48,9.6,
20250425,12:52:48,9.5,
20250425,12:52:49,9.5,
20250425,12:52:49,9.6,
20250425,12:52:49,9.8,
20250425,12:52:49,9.9,
20250425,12:52:50,10,
20250425,12:52:50,10,
20250425,12:52:50,9.9,
20250425,12:52:51,9.8,
20250425,12:52:51,9.8,
20250425,12:52:51,9.7,
20250425,12:52:51,9.7,
20250425,12:52:52,9.8,
20250425,12:52:52,9.9,
20250425,12:52:52,10.2,
20250425,12:52:52,10.3,
20250425,12:52:53,10.4,
20250425,12:52:53,10.4,
20250425,12:52:53,10.3,
20250425,12:52:54,10.3,
20250425,12:52:54,10.2,
20250425,12:52:54,10.2,
20250425,12:52:54,10.2,
20250425,12:52:55,10.2,
20250425,12:52:55,10.2,
20250425,12:52:55,10.2,
20250425,12:52:55,10.1,
20250425,12:52:56,10.1,
20250425,12:52:56,10.1,
20250425,12:52:56,10,
20250425,12:52:57,10,
20250425,12:52:57,10,
20250425,12:52:57,10.2,
20250425,12:52:57,10.4,
20250425,12:52:58,10.8,
20250425,12:52:58,11,
20250425,12:52:58,11.1,
20250425,12:52:59,11.1,
20250425,12:52:59,10.9,
20250425,12:52:59,10.9,
20250425,12:52:59,11.1,
20250425,12:53:00,11.2,
20250425,12:53:00,11.4,
20250425,12:53:00,11.5,
20250425,12:53:00,11.6,
20250425,12:53:01,11.4,
20250425,12:53:01,11.3,
20250425,12:53:01,11.1,
20250425,12:53:02,11,
20250425,12:53:02,10.9,
20250425,12:53:02,10.8,
20250425,12:53:02,10.7,
20250425,12:53:03,10.9,
20250425,12:53:03,10.9,
20250425,12:53:03,10.9,
20250425,12:53:03,10.7,
20250425,12:53:04,10.4,
20250425,12:53:04,10.2,
20250425,12:53:04,10.2,
20250425,12:53:05,10.1,
20250425,12:53:05,10,
20250425,12:53:05,9.8,
20250425,12:53:05,9.6,
20250425,12:53:06,9.4,
20250425,12:53:06,9.2,
20250425,12:53:06,9,
20250425,12:53:06,8.7,
20250425,12:53:07,8.5,
20250425,12:53:07,8.5,
20250425,12:53:07,8.3,
20250425,12:53:08,8.2,
20250425,12:53:08,8.1,
20250425,12:53:08,8.1,
20250425,12:53:08,7.9,
20250425,12:53:09,7.9,
20250425,12:53:09,7.9,
20250425,12:53:09,7.8,
20250425,12:53:10,7.8,
20250425,12:53:10,7.9,
20250425,12:53:10,7.9,
20250425,12:53:10,8,
20250425,12:53:11,8.2,
20250425,12:53:11,8.4,
20250425,12:53:11,8.5,
20250425,12:53:11,8.6,
20250425,12:53:12,8.7,
20250425,12:53:12,8.7,
20250425,12:53:12,8.7,
20250425,12:53:13,8.6,
20250425,12:53:13,8.5,
20250425,12:53:13,8.5,
20250425,12:53:13,8.4,
20250425,12:53:14,8.3,
20250425,12:53:14,8.3,
20250425,12:53:14,8.3,
20250425,12:53:14,8.2,
20250425,12:53:15,8.1,
20250425,12:53:15,8.2,
20250425,12:53:15,8.1,
20250425,12:53:16,8,
20250425,12:53:16,8.1,
20250425,12:53:16,8.1,
20250425,12:53:16,8.3,
20250425,12:53:17,8.3,
20250425,12:53:17,8.4,
20250425,12:53:17,8.3,
20250425,12:53:17,8.4,
20250425,12:53:18,8.5,
20250425,12:53:18,8.5,
20250425,12:53:18,8.5,
20250425,12:53:19,8.5,
20250425,12:53:19,8.6,
20250425,12:53:19,8.6,
20250425,12:53:19,8.7,
20250425,12:53:20,8.7,
20250425,12:53:20,8.6,
20250425,12:53:20,8.5,
20250425,12:53:20,8.6,
20250425,12:53:21,8.6,
20250425,12:53:21,8.6,
20250425,12:53:21,8.6,
20250425,12:53:22,8.6,
20250425,12:53:22,8.6,
20250425,12:53:22,8.6,
20250425,12:53:22,8.8,
20250425,12:53:23,9,
20250425,12:53:23,9,
20250425,12:53:23,9.1,
20250425,12:53:24,9.2,
20250425,12:53:24,9.4,
20250425,12:53:24,9.3,
20250425,12:53:24,9.3,
20250425,12:53:25,9.3,
20250425,12:53:25,9.3,
20250425,12:53:25,9.4,
20250425,12:53:25,9.4,
20250425,12:53:26,9.4,
20250425,12:53:26,9.4,
20250425,12:53:26,9.4,
20250425,12:53:27,9.4,
20250425,12:53:27,9.4,
20250425,12:53:27,9.4,
20250425,12:53:27,9.4,
20250425,12:53:28,9.4,
20250425,12:53:28,9.4,
20250425,12:53:28,9.4,
20250425,12:53:28,9.4,
20250425,12:53:29,9.5,
20250425,12:53:29,9.4,
20250425,12:53:29,9.5,
20250425,12:53:30,9.5,
20250425,12:53:30,9.7,
20250425,12:53:30,9.9,
20250425,12:53:30,10.5,
20250425,12:53:31,11,
20250425,12:53:31,11.3,
20250425,12:53:31,11.6,
20250425,12:53:31,11.6,
20250425,12:53:32,11.5,
20250425,12:53:32,11.4,
20250425,12:53:32,11.3,
20250425,12:53:33,11.4,
20250425,12:53:33,11.5,
20250425,12:53:33,11.5,
20250425,12:53:33,11.4,
20250425,12:53:34,11.4,
20250425,12:53:34,11.3,
20250425,12:53:34,11.2,
20250425,12:53:35,11.1,
20250425,12:53:35,11,
20250425,12:53:35,10.9,
20250425,12:53:35,11,
20250425,12:53:36,11.2,
20250425,12:53:36,11.4,
20250425,12:53:36,11.5,
20250425,12:53:36,11.7,
20250425,12:53:37,11.6,
20250425,12:53:37,11.6,
20250425,12:53:37,11.5,
20250425,12:53:38,11.5,
20250425,12:53:38,11.5,
20250425,12:53:38,11.8,
20250425,12:53:38,12.1,
20250425,12:53:39,12.3,
20250425,12:53:39,12.5,
20250425,12:53:39,12.5,
20250425,12:53:39,12.4,
20250425,12:53:40,12.3,
20250425,12:53:40,12.1,
20250425,12:53:40,11.9,
20250425,12:53:41,11.8,
20250425,12:53:41,11.7,
20250425,12:53:41,11.6,
20250425,12:53:41,11.5,
20250425,12:53:42,11.4,
20250425,12:53:42,11.2,
20250425,12:53:42,11.2,
20250425,12:53:43,11.2,
20250425,12:53:43,11.1,
20250425,12:53:43,11.1,
20250425,12:53:43,11.1,
20250425,12:53:44,11.1,
20250425,12:53:44,11.1,
20250425,12:53:44,10.9,
20250425,12:53:44,10.9,
20250425,12:53:45,10.9,
20250425,12:53:45,10.8,
20250425,12:53:45,10.9,
20250425,12:53:46,11,
20250425,12:53:46,11.1,
20250425,12:53:46,11.1,
20250425,12:53:46,11.2,
20250425,12:53:47,11.2,
20250425,12:53:47,11.3,
20250425,12:53:47,11.2,
20250425,12:53:47,11.2,
20250425,12:53:48,11.2,
20250425,12:53:48,11.1,
20250425,12:53:48,11.1,
20250425,12:53:49,11.1,
20250425,12:53:49,11,
20250425,12:53:49,10.9,
20250425,12:53:49,11,
20250425,12:53:50,11,
20250425,12:53:50,11,
20250425,12:53:50,11,
20250425,12:53:51,11.1,
20250425,12:53:51,11.4,
20250425,12:53:51,11.7,
20250425,12:53:51,11.9,
20250425,12:53:52,11.9,
20250425,12:53:52,11.9,
20250425,12:53:52,11.9,
20250425,12:53:52,11.7,
20250425,12:53:53,11.8,
20250425,12:53:53,11.6,
20250425,12:53:53,11.6,
20250425,12:53:54,11.6,
20250425,12:53:54,11.5,
20250425,12:53:54,11.4,
20250425,12:53:54,11.3,
20250425,12:53:55,11.2,
20250425,12:53:55,11.2,
20250425,12:53:55,11.1,
20250425,12:53:55,11.1,
20250425,12:53:56,11.1,
20250425,12:53:56,11.1,
20250425,12:53:56,11.1,
20250425,12:53:57,11.1,
20250425,12:53:57,11.1,
20250425,12:53:57,10.9,
20250425,12:53:57,11,
20250425,12:53:58,10.9,
20250425,12:53:58,10.9,
20250425,12:53:58,10.8,
20250425,12:53:59,10.9,
20250425,12:53:59,10.8,
20250425,12:53:59,11.1,
20250425,12:53:59,11.1,
20250425,12:54:00,11.1,
20250425,12:54:00,11.1,
20250425,12:54:00,11.2,
20250425,12:54:00,11.3,
20250425,12:54:01,11.3,
20250425,12:54:01,11.1,
20250425,12:54:01,11.1,
20250425,12:54:02,11.1,
20250425,12:54:02,11.1,
20250425,12:54:02,11,
20250425,12:54:02,11,
20250425,12:54:03,11,
20250425,12:54:03,10.9,
20250425,12:54:03,10.8,
20250425,12:54:03,10.9,
20250425,12:54:04,10.7,
20250425,12:54:04,10.7,
20250425,12:54:04,10.9,
20250425,12:54:05,11.1,
20250425,12:54:05,11.4,
20250425,12:54:05,11.6,
20250425,12:54:05,11.8,
20250425,12:54:06,11.7,
20250425,12:54:06,11.7,
20250425,12:54:06,11.7,
20250425,12:54:07,11.5,
20250425,12:54:07,11.5,
20250425,12:54:07,11.2,
20250425,12:54:07,11.2,
20250425,12:54:08,11.1,
20250425,12:54:08,11.1,
20250425,12:54:08,11,
20250425,12:54:08,11,
20250425,12:54:09,10.9,
20250425,12:54:09,10.8,
20250425,12:54:09,10.7,
20250425,12:54:10,10.7,
20250425,12:54:10,10.6,
20250425,12:54:10,10.6,
20250425,12:54:10,10.6,
20250425,12:54:11,10.8,
20250425,12:54:11,11.1,
20250425,12:54:11,11.3,
20250425,12:54:11,11.7,
20250425,12:54:12,11.7,
20250425,12:54:12,11.8,
20250425,12:54:12,11.8,
20250425,12:54:13,11.7,
20250425,12:54:13,11.6,
20250425,12:54:13,11.5,
20250425,12:54:13,11.3,
20250425,12:54:14,11.1,
20250425,12:54:14,11.1,
20250425,12:54:14,11,
20250425,12:54:15,11,
20250425,12:54:15,10.9,
20250425,12:54:15,10.8,
20250425,12:54:15,10.6,
20250425,12:54:16,10.6,
20250425,12:54:16,10.6,
20250425,12:54:16,10.5,
20250425,12:54:16,10.5,
20250425,12:54:17,10.5,
20250425,12:54:17,10.6,
20250425,12:54:17,10.6,
20250425,12:54:18,10.5,
20250425,12:54:18,10.5,
20250425,12:54:18,10.5,
20250425,12:54:18,10.5,
20250425,12:54:19,10.6,
20250425,12:54:19,10.7,
20250425,12:54:19,10.7,
20250425,12:54:19,10.8,
20250425,12:54:20,10.9,
20250425,12:54:20,10.9,
20250425,12:54:20,10.9,
20250425,12:54:21,10.8,
20250425,12:54:21,10.8,
20250425,12:54:21,10.8,
20250425,12:54:21,10.9,
20250425,12:54:22,11.1,
20250425,12:54:22,11.1,
20250425,12:54:22,11.3,
20250425,12:54:22,11.3,
20250425,12:54:23,11.3,
20250425,12:54:23,11.3,
20250425,12:54:23,11.2,
20250425,12:54:24,11.1,
20250425,12:54:24,11.1,
20250425,12:54:24,10.9,
20250425,12:54:24,10.9,
20250425,12:54:25,10.9,
20250425,12:54:25,11.1,
20250425,12:54:25,11.2,
20250425,12:54:26,11.3,
20250425,12:54:26,11.5,
20250425,12:54:26,11.4,
20250425,12:54:26,11.4,
20250425,12:54:27,11.3,
20250425,12:54:27,11.3,
20250425,12:54:27,11.2,
20250425,12:54:27,11.1,
20250425,12:54:28,11,
20250425,12:54:28,11,
20250425,12:54:28,10.9,
20250425,12:54:29,11,
20250425,12:54:29,11,
20250425,12:54:29,11,
20250425,12:54:29,11,
20250425,12:54:30,11,
20250425,12:54:30,10.9,
20250425,12:54:30,10.8,
20250425,12:54:30,10.8,
20250425,12:54:31,10.9,
20250425,12:54:31,10.9,
20250425,12:54:31,11,
20250425,12:54:32,11,
20250425,12:54:32,11.1,
20250425,12:54:32,11.1,
20250425,12:54:32,11.4,
20250425,12:54:33,11.4,
20250425,12:54:33,11.5,
20250425,12:54:33,11.5,
20250425,12:54:34,11.5,
20250425,12:54:34,11.5,
20250425,12:54:34,11.6,
20250425,12:54:34,11.8,
20250425,12:54:35,11.9,
20250425,12:54:35,11.9,
20250425,12:54:35,11.9,
20250425,12:54:35,11.9,
20250425,12:54:36,11.9,
20250425,12:54:36,11.9,
20250425,12:54:36,12.2,
20250425,12:54:37,12.5,
20250425,12:54:37,12.6,
20250425,12:54:37,12.5,
20250425,12:54:37,12.3,
20250425,12:54:38,12.2,
20250425,12:54:38,12,
20250425,12:54:38,11.9,
20250425,12:54:38,11.7,
20250425,12:54:39,11.5,
20250425,12:54:39,11.4,
20250425,12:54:39,11.2,
20250425,12:54:40,11.2,
20250425,12:54:40,11.1,
20250425,12:54:40,11.1,
20250425,12:54:40,11.1,
20250425,12:54:41,11.1,
20250425,12:54:41,11.1,
20250425,12:54:41,11,
20250425,12:54:42,10.9,
20250425,12:54:42,10.9,
20250425,12:54:42,10.8,
20250425,12:54:42,10.7,
20250425,12:54:43,10.7,
20250425,12:54:43,10.7,
20250425,12:54:43,11,
20250425,12:54:43,11.2,
20250425,12:54:44,11.6,
20250425,12:54:44,11.9,
20250425,12:54:44,11.9,
20250425,12:54:45,11.9,
20250425,12:54:45,11.9,
20250425,12:54:45,11.8,
20250425,12:54:45,11.6,
20250425,12:54:46,11.5,
20250425,12:54:46,11.3,
20250425,12:54:46,11.2,
20250425,12:54:46,11.1,
20250425,12:54:47,11.1,
20250425,12:54:47,11.1,
20250425,12:54:47,11.1,
20250425,12:54:48,11.2,
20250425,12:54:48,11.3,
20250425,12:54:48,11.6,
20250425,12:54:48,11.6,
20250425,12:54:49,11.6,
20250425,12:54:49,11.6,
20250425,12:54:49,11.5,
20250425,12:54:50,11.4,
20250425,12:54:50,11.3,
20250425,12:54:50,11.2,
20250425,12:54:50,11.1,
20250425,12:54:51,11.1,
20250425,12:54:51,11.1,
20250425,12:54:51,11,
20250425,12:54:51,11,
20250425,12:54:52,11,
20250425,12:54:52,11.1,
20250425,12:54:52,11.1,
20250425,12:54:53,11.1,
20250425,12:54:53,11.1,
20250425,12:54:53,11.1,
20250425,12:54:53,11,
20250425,12:54:54,11,
20250425,12:54:54,10.9,
20250425,12:54:54,10.8,
20250425,12:54:54,10.7,
20250425,12:54:55,10.6,
20250425,12:54:55,10.6,
20250425,12:54:55,10.6,
20250425,12:54:56,10.6,
20250425,12:54:56,10.5,
20250425,12:54:56,10.4,
20250425,12:54:56,10.2,
20250425,12:54:57,10.2,
20250425,12:54:57,10.1,
20250425,12:54:57,10,
20250425,12:54:58,9.9,
20250425,12:54:58,9.8,
20250425,12:54:58,9.8,
20250425,12:54:58,9.7,
20250425,12:54:59,9.8,
20250425,12:54:59,9.6,
20250425,12:54:59,9.5,
20250425,12:54:59,9.4,
20250425,12:55:00,9.4,
20250425,12:55:00,9.3,
20250425,12:55:00,9.3,
20250425,12:55:01,9.2,
20250425,12:55:01,9.1,
20250425,12:55:01,9.2,
20250425,12:55:01,9.3,
20250425,12:55:02,9.3,
20250425,12:55:02,9.3,
20250425,12:55:02,9.3,
20250425,12:55:02,9.2,
20250425,12:55:03,9.1,
20250425,12:55:03,9.1,
20250425,12:55:03,9.1,
20250425,12:55:04,9.2,
20250425,12:55:04,9.3,
20250425,12:55:04,9.3,
20250425,12:55:04,9.3,
20250425,12:55:05,9.3,
20250425,12:55:05,9.3,
20250425,12:55:05,9.2,
20250425,12:55:05,9.2,
20250425,12:55:06,9.4,
20250425,12:55:06,9.5,
20250425,12:55:06,9.7,
20250425,12:55:07,9.8,
20250425,12:55:07,9.8,
20250425,12:55:07,10,
20250425,12:55:07,10,
20250425,12:55:08,10,
20250425,12:55:08,10,
20250425,12:55:08,10,
20250425,12:55:09,10,
20250425,12:55:09,9.9,
20250425,12:55:09,9.8,
20250425,12:55:09,9.7,
20250425,12:55:10,9.7,
20250425,12:55:10,9.6,
20250425,12:55:10,9.6,
20250425,12:55:10,9.6,
20250425,12:55:11,9.6,
20250425,12:55:11,9.7,
20250425,12:55:11,9.6,
20250425,12:55:12,9.6,
20250425,12:55:12,9.7,
20250425,12:55:12,9.8,
20250425,12:55:12,10,
20250425,12:55:13,10.1,
20250425,12:55:13,10,
20250425,12:55:13,10.1,
20250425,12:55:13,9.9,
20250425,12:55:14,9.8,
20250425,12:55:14,9.6,
20250425,12:55:14,9.5,
20250425,12:55:15,9.4,
20250425,12:55:15,9.4,
20250425,12:55:15,9.3,
20250425,12:55:15,9.3,
20250425,12:55:16,9.2,
20250425,12:55:16,9.3,
20250425,12:55:16,9.3,
20250425,12:55:16,9.4,
20250425,12:55:17,9.5,
20250425,12:55:17,9.7,
20250425,12:55:17,9.7,
20250425,12:55:18,9.6,
20250425,12:55:18,9.6,
20250425,12:55:18,9.8,
20250425,12:55:18,10.2,
20250425,12:55:19,10.7,
20250425,12:55:19,10.9,
20250425,12:55:19,11,
20250425,12:55:20,11,
20250425,12:55:20,10.9,
20250425,12:55:20,10.7,
20250425,12:55:20,10.5,
20250425,12:55:21,10.4,
20250425,12:55:21,10.4,
20250425,12:55:21,10.5,
20250425,12:55:21,10.5,
20250425,12:55:22,10.6,
20250425,12:55:22,10.6,
20250425,12:55:22,10.6,
20250425,12:55:23,10.5,
20250425,12:55:23,10.5,
20250425,12:55:23,10.2,
20250425,12:55:23,10.2,
20250425,12:55:24,10.2,
20250425,12:55:24,10.2,
20250425,12:55:24,10.2,
20250425,12:55:24,10.2,
20250425,12:55:25,10.4,
20250425,12:55:25,10.4,
20250425,12:55:25,10.3,
20250425,12:55:26,10.3,
20250425,12:55:26,10.2,
20250425,12:55:26,10.2,
20250425,12:55:26,10.3,
20250425,12:55:27,10.2,
20250425,12:55:27,10.2,
20250425,12:55:27,10.3,
20250425,12:55:28,10.5,
20250425,12:55:28,10.7,
20250425,12:55:28,10.8,
20250425,12:55:28,10.8,
20250425,12:55:29,10.9,
20250425,12:55:29,10.9,
20250425,12:55:29,10.8,
20250425,12:55:29,10.6,
20250425,12:55:30,10.6,
20250425,12:55:30,10.7,
20250425,12:55:30,11,
20250425,12:55:31,11.1,
20250425,12:55:31,11.4,
20250425,12:55:31,11.3,
20250425,12:55:31,11.2,
20250425,12:55:32,11.1,
20250425,12:55:32,10.9,
20250425,12:55:32,10.7,
20250425,12:55:32,10.6,
20250425,12:55:33,10.5,
20250425,12:55:33,10.4,
20250425,12:55:33,10.4,
20250425,12:55:34,10.3,
20250425,12:55:34,10.2,
20250425,12:55:34,10.2,
20250425,12:55:34,10.1,
20250425,12:55:35,10.2,
20250425,12:55:35,10,
20250425,12:55:35,10,
20250425,12:55:35,9.8,
20250425,12:55:36,9.9,
20250425,12:55:36,9.7,
20250425,12:55:36,9.8,
20250425,12:55:37,9.7,
20250425,12:55:37,9.6,
20250425,12:55:37,9.7,
20250425,12:55:37,9.8,
20250425,12:55:38,9.6,
20250425,12:55:38,9.6,
20250425,12:55:38,9.5,
20250425,12:55:39,9.7,
20250425,12:55:39,9.6,
20250425,12:55:39,9.7,
20250425,12:55:39,9.7,
20250425,12:55:40,9.7,
20250425,12:55:40,9.6,
20250425,12:55:40,9.6,
20250425,12:55:40,9.7,
20250425,12:55:41,9.7,
20250425,12:55:41,9.4,
20250425,12:55:41,9.4,
20250425,12:55:42,9.3,
20250425,12:55:42,9.4,
20250425,12:55:42,9.4,
20250425,12:55:42,9.7,
20250425,12:55:43,9.6,
20250425,12:55:43,9.8,
20250425,12:55:43,10,
20250425,12:55:43,10.1,
20250425,12:55:44,10,
20250425,12:55:44,9.9,
20250425,12:55:44,9.9,
20250425,12:55:45,9.8,
20250425,12:55:45,9.8,
20250425,12:55:45,9.9,
20250425,12:55:45,10.2,
20250425,12:55:46,10.3,
20250425,12:55:46,10.5,
20250425,12:55:46,10.6,
20250425,12:55:46,10.6,
20250425,12:55:47,10.5,
20250425,12:55:47,10.4,
20250425,12:55:47,10.4,
20250425,12:55:48,10.8,
20250425,12:55:48,11.2,
20250425,12:55:48,11.5,
20250425,12:55:48,11.8,
20250425,12:55:49,11.9,
20250425,12:55:49,11.9,
20250425,12:55:49,11.8,
20250425,12:55:50,11.7,
20250425,12:55:50,11.4,
20250425,12:55:50,11.2,
20250425,12:55:50,11.1,
20250425,12:55:51,11.1,
20250425,12:55:51,10.9,
20250425,12:55:51,10.8,
20250425,12:55:51,10.7,
20250425,12:55:52,10.7,
20250425,12:55:52,10.6,
20250425,12:55:52,10.7,
20250425,12:55:53,10.7,
20250425,12:55:53,10.6,
20250425,12:55:53,10.6,
20250425,12:55:53,10.5,
20250425,12:55:54,10.6,
20250425,12:55:54,10.7,
20250425,12:55:54,10.4,
20250425,12:55:54,10.4,
20250425,12:55:55,10.3,
20250425,12:55:55,10.2,
20250425,12:55:55,10.2,
20250425,12:55:56,10.3,
20250425,12:55:56,10.3,
20250425,12:55:56,10.5,
20250425,12:55:56,10.6,
20250425,12:55:57,10.7,
20250425,12:55:57,10.7,
20250425,12:55:57,10.9,
20250425,12:55:58,11,
20250425,12:55:58,11,
20250425,12:55:58,11.1,
20250425,12:55:58,11.1,
20250425,12:55:59,11,
20250425,12:55:59,11.1,
20250425,12:55:59,11,
20250425,12:55:59,11,
20250425,12:56:00,10.9,
20250425,12:56:00,10.8,
20250425,12:56:00,10.8,
20250425,12:56:01,10.8,
20250425,12:56:01,10.9,
20250425,12:56:01,11,
20250425,12:56:01,11.1,
20250425,12:56:02,11.1,
20250425,12:56:02,11.1,
20250425,12:56:02,11.2,
20250425,12:56:02,11.1,
20250425,12:56:03,11.1,
20250425,12:56:03,11.1,
20250425,12:56:03,11.1,
20250425,12:56:04,11.1,
20250425,12:56:04,11.1,
20250425,12:56:04,11.1,
20250425,12:56:04,11.1,
20250425,12:56:05,11.1,
20250425,12:56:05,11.1,
20250425,12:56:05,11.1,
20250425,12:56:06,11.1,
20250425,12:56:06,11.1,
20250425,12:56:06,11.1,
20250425,12:56:06,11.1,
20250425,12:56:07,11.5,
20250425,12:56:07,11.7,
20250425,12:56:07,11.9,
20250425,12:56:07,11.9,
20250425,12:56:08,11.9,
20250425,12:56:08,11.9,
20250425,12:56:08,11.7,
20250425,12:56:09,11.6,
20250425,12:56:09,11.5,
20250425,12:56:09,11.3,
20250425,12:56:09,11.3,
20250425,12:56:10,11.3,
20250425,12:56:10,11.3,
20250425,12:56:10,11.4,
20250425,12:56:10,11.5,
20250425,12:56:11,11.4,
20250425,12:56:11,11.4,
20250425,12:56:11,11.5,
20250425,12:56:12,11.7,
20250425,12:56:12,11.8,
20250425,12:56:12,11.9,
20250425,12:56:12,11.9,
20250425,12:56:13,11.9,
20250425,12:56:13,11.8,
20250425,12:56:13,11.7,
20250425,12:56:14,11.6,
20250425,12:56:14,11.6,
20250425,12:56:14,11.8,
20250425,12:56:14,11.9,
20250425,12:56:15,12.2,
20250425,12:56:15,12.2,
20250425,12:56:15,12.3,
20250425,12:56:15,12.3,
20250425,12:56:16,12.1,
20250425,12:56:16,12,
20250425,12:56:16,11.9,
20250425,12:56:17,11.9,
20250425,12:56:17,11.6,
20250425,12:56:17,11.6,
20250425,12:56:17,11.5,
20250425,12:56:18,11.4,
20250425,12:56:18,11.2,
20250425,12:56:18,11.2,
20250425,12:56:18,11.1,
20250425,12:56:19,11.1,
20250425,12:56:19,11.1,
20250425,12:56:19,11.1,
20250425,12:56:20,11,
20250425,12:56:20,11,
20250425,12:56:20,10.8,
20250425,12:56:20,10.8,
20250425,12:56:21,10.8,
20250425,12:56:21,11,
20250425,12:56:21,11.1,
20250425,12:56:22,11.3,
20250425,12:56:22,11.4,
20250425,12:56:22,11.4,
20250425,12:56:22,11.4,
20250425,12:56:23,11.4,
20250425,12:56:23,11.3,
20250425,12:56:23,11.2,
20250425,12:56:23,11.1,
20250425,12:56:24,11.1,
20250425,12:56:24,11.1,
20250425,12:56:24,11.1,
20250425,12:56:25,11.1,
20250425,12:56:25,11.1,
20250425,12:56:25,11,
20250425,12:56:25,11.1,
20250425,12:56:26,11,
20250425,12:56:26,10.9,
20250425,12:56:26,10.7,
20250425,12:56:26,10.6,
20250425,12:56:27,10.7,
20250425,12:56:27,10.7,
20250425,12:56:27,10.8,
20250425,12:56:28,10.8,
20250425,12:56:28,10.9,
20250425,12:56:28,11,
20250425,12:56:28,11,
20250425,12:56:29,11,
20250425,12:56:29,11,
20250425,12:56:29,11,
20250425,12:56:29,10.9,
20250425,12:56:30,10.8,
20250425,12:56:30,10.8,
20250425,12:56:30,10.6,
20250425,12:56:31,10.6,
20250425,12:56:31,10.4,
20250425,12:56:31,10.3,
20250425,12:56:31,10.2,
20250425,12:56:32,10.2,
20250425,12:56:32,10.1,
20250425,12:56:32,10,
20250425,12:56:33,10.1,
20250425,12:56:33,10,
20250425,12:56:33,10,
20250425,12:56:33,10,
20250425,12:56:34,9.9,
20250425,12:56:34,10,
20250425,12:56:34,9.9,
20250425,12:56:34,9.8,
20250425,12:56:35,9.9,
20250425,12:56:35,9.8,
20250425,12:56:35,9.8,
20250425,12:56:36,9.8,
20250425,12:56:36,9.7,
20250425,12:56:36,9.7,
20250425,12:56:36,9.7,
20250425,12:56:37,9.7,
20250425,12:56:37,9.6,
20250425,12:56:37,9.6,
20250425,12:56:37,9.5,
20250425,12:56:38,9.4,
20250425,12:56:38,9.4,
20250425,12:56:38,9.3,
20250425,12:56:39,9.3,
20250425,12:56:39,9.3,
20250425,12:56:39,9.2,
20250425,12:56:39,9.1,
20250425,12:56:40,9,
20250425,12:56:40,8.9,
20250425,12:56:40,8.9,
20250425,12:56:41,9,
20250425,12:56:41,9.1,
20250425,12:56:41,9.2,
20250425,12:56:41,9.2,
20250425,12:56:42,9.1,
20250425,12:56:42,9,
20250425,12:56:42,9,
20250425,12:56:42,8.8,
20250425,12:56:43,8.7,
20250425,12:56:43,8.7,
20250425,12:56:43,8.6,
20250425,12:56:44,8.5,
20250425,12:56:44,8.5,
20250425,12:56:44,8.5,
20250425,12:56:44,8.4,
20250425,12:56:45,8.3,
20250425,12:56:45,8.2,
20250425,12:56:45,8.2,
20250425,12:56:45,8.1,
20250425,12:56:46,8,
20250425,12:56:46,8,
20250425,12:56:46,8,
20250425,12:56:47,8.1,
20250425,12:56:47,8.1,
20250425,12:56:47,8.2,
20250425,12:56:47,8.1,
20250425,12:56:48,8.2,
20250425,12:56:48,8.2,
20250425,12:56:48,8.2,
20250425,12:56:48,8.2,
20250425,12:56:49,8.2,
20250425,12:56:49,8.3,
20250425,12:56:49,8.4,
20250425,12:56:50,8.4,
20250425,12:56:50,8.4,
20250425,12:56:50,8.5,
20250425,12:56:50,8.5,
20250425,12:56:51,8.4,
20250425,12:56:51,8.4,
20250425,12:56:51,8.4,
20250425,12:56:51,8.2,
20250425,12:56:52,8.2,
20250425,12:56:52,8.2,
20250425,12:56:52,8.2,
20250425,12:56:53,8.2,
20250425,12:56:53,8.2,
20250425,12:56:53,8.2,
20250425,12:56:53,8.3,
20250425,12:56:54,8.2,
20250425,12:56:54,8.2,
20250425,12:56:54,8.3,
20250425,12:56:54,8.4,
20250425,12:56:55,8.5,
20250425,12:56:55,8.6,
20250425,12:56:55,8.9,
20250425,12:56:56,9.2,
20250425,12:56:56,9.3,
20250425,12:56:56,9.3,
20250425,12:56:56,9.1,
20250425,12:56:57,8.6,
20250425,12:56:57,8.3,
20250425,12:56:57,8.1,
20250425,12:56:58,7.7,
20250425,12:56:58,7.5,
20250425,12:56:58,7.4,
20250425,12:56:58,7.4,
20250425,12:56:59,7.5,
20250425,12:56:59,7.5,
20250425,12:56:59,7.6,
20250425,12:56:59,7.7,
20250425,12:57:00,7.6,
20250425,12:57:00,7.7,
20250425,12:57:00,7.5,
20250425,12:57:01,7.6,
20250425,12:57:01,7.5,
20250425,12:57:01,7.2,
20250425,12:57:01,6.9,
20250425,12:57:02,6.8,
20250425,12:57:02,6.7,
20250425,12:57:02,6.7,
20250425,12:57:02,6.6,
20250425,12:57:03,6.5,
20250425,12:57:03,6.2,
20250425,12:57:03,6,
20250425,12:57:04,5.7,
20250425,12:57:04,5.5,
20250425,12:57:04,5.1,
20250425,12:57:04,5,
20250425,12:57:05,5,
20250425,12:57:05,4.7,
20250425,12:57:05,4.5,
20250425,12:57:05,4.3,
20250425,12:57:06,4.2,
20250425,12:57:06,3.9,
20250425,12:57:06,3.8,
20250425,12:57:07,4.3,
20250425,12:57:07,5,
20250425,12:57:07,5.5,
20250425,12:57:07,5.8,
20250425,12:57:08,5.8,
20250425,12:57:08,5.7,
20250425,12:57:08,5.5,
20250425,12:57:09,5.2,
20250425,12:57:09,4.9,
20250425,12:57:09,4.6,
20250425,12:57:09,4.3,
20250425,12:57:10,4,
20250425,12:57:10,3.6,
20250425,12:57:10,3.2,
20250425,12:57:10,2.6,
20250425,12:57:11,2.1,
20250425,12:57:11,1.4,
20250425,12:57:11,0.8,
20250425,12:57:12,0.7,
20250425,12:57:12,0.9,
20250425,12:57:12,1.7,
20250425,12:57:12,2,
20250425,12:57:13,2.1,
20250425,12:57:13,2,
20250425,12:57:13,1.7,
20250425,12:57:13,1.4,
20250425,12:57:14,1.1,
20250425,12:57:14,1,
20250425,12:57:14,1.2,
20250425,12:57:15,1.4,
20250425,12:57:15,1.5,
20250425,12:57:15,1.5,
20250425,12:57:15,1.6,
20250425,12:57:16,1.4,
20250425,12:57:16,1.2,
20250425,12:57:16,1.1,
20250425,12:57:16,0.8,
20250425,12:57:17,0.6,
20250425,12:57:17,0,
20250425,12:57:17,-0.2,
20250425,12:57:18,-0.4,
20250425,12:57:18,-0.5,
20250425,12:57:18,-0.6,
20250425,12:57:18,-0.7,
20250425,12:57:19,-0.9,
20250425,12:57:19,-1.4,
20250425,12:57:19,-1.7,
20250425,12:57:19,-2.1,
20250425,12:57:20,-2.6,
20250425,12:57:20,-2.9,
20250425,12:57:20,-2.9,
20250425,12:57:21,-2.8,
20250425,12:57:21,-2.6,
20250425,12:57:21,-2.4,
20250425,12:57:21,-2.5,
20250425,12:57:22,-2.5,
20250425,12:57:22,-2.2,
20250425,12:57:22,-1.7,
20250425,12:57:23,-1.3,
20250425,12:57:23,-1.1,
20250425,12:57:23,-1.3,
20250425,12:57:23,-1.7,
20250425,12:57:24,-2.1,
20250425,12:57:24,-2.4,
20250425,12:57:24,-2.7,
20250425,12:57:24,-3,
20250425,12:57:25,-3.4,
20250425,12:57:25,-3.5,
20250425,12:57:25,-3.8,
20250425,12:57:26,-3.9,
20250425,12:57:26,-4.2,
20250425,12:57:26,-4.1,
20250425,12:57:26,-4.1,
20250425,12:57:27,-3.8,
20250425,12:57:27,-3.7,
20250425,12:57:27,-3.6,
20250425,12:57:27,-3.6,
20250425,12:57:28,-3.6,
20250425,12:57:28,-3.7,
20250425,12:57:28,-3.8,
20250425,12:57:29,-3.9,
20250425,12:57:29,-4.1,
20250425,12:57:29,-4.7,
20250425,12:57:29,-5,
20250425,12:57:30,-4.5,
20250425,12:57:30,-3.4,
20250425,12:57:30,-2.6,
20250425,12:57:31,-2.1,
20250425,12:57:31,-1.8,
20250425,12:57:31,-2,
20250425,12:57:31,-2.2,
20250425,12:57:32,-2.6,
20250425,12:57:32,-3,
20250425,12:57:32,-3.3,
20250425,12:57:32,-3.6,
20250425,12:57:33,-4,
20250425,12:57:33,-4.3,
20250425,12:57:33,-4.4,
20250425,12:57:34,-4.6,
20250425,12:57:34,-4.8,
20250425,12:57:34,-4.9,
20250425,12:57:34,-4.9,
20250425,12:57:35,-4.8,
20250425,12:57:35,-4.9,
20250425,12:57:35,-4.9,
20250425,12:57:35,-5,
20250425,12:57:36,-5.1,
20250425,12:57:36,-5.7,
20250425,12:57:36,-6,
20250425,12:57:37,-5.5,
20250425,12:57:37,-4.5,
20250425,12:57:37,-3.8,
20250425,12:57:37,-3.3,
20250425,12:57:38,-3.1,
20250425,12:57:38,-3.4,
20250425,12:57:38,-3.6,
20250425,12:57:39,-4,
20250425,12:57:39,-4.3,
20250425,12:57:39,-4.7,
20250425,12:57:39,-5,
20250425,12:57:40,-5.2,
20250425,12:57:40,-5.5,
20250425,12:57:40,-5.6,
20250425,12:57:40,-5.6,
20250425,12:57:41,-5.4,
20250425,12:57:41,-4.9,
20250425,12:57:41,-4.3,
20250425,12:57:42,-3.9,
20250425,12:57:42,-3.6,
20250425,12:57:42,-3.6,
20250425,12:57:42,-3.6,
20250425,12:57:43,-3.8,
20250425,12:57:43,-4,
20250425,12:57:43,-4.2,
20250425,12:57:43,-4.3,
20250425,12:57:44,-4.4,
20250425,12:57:44,-4.5,
20250425,12:57:44,-4.7,
20250425,12:57:45,-4.7,
20250425,12:57:45,-4.8,
20250425,12:57:45,-4.8,
20250425,12:57:45,-5,
20250425,12:57:46,-5.1,
20250425,12:57:46,-5.1,
20250425,12:57:46,-5.2,
20250425,12:57:47,-5.2,
20250425,12:57:47,-5.3,
20250425,12:57:47,-5.2,
20250425,12:57:47,-5.3,
20250425,12:57:48,-5.5,
20250425,12:57:48,-5.9,
20250425,12:57:48,-6.1,
20250425,12:57:48,-5.7,
20250425,12:57:49,-4.5,
20250425,12:57:49,-3.6,
20250425,12:57:49,-3,
20250425,12:57:50,-2.7,
20250425,12:57:50,-2.7,
20250425,12:57:50,-2.8,
20250425,12:57:50,-3.1,
20250425,12:57:51,-3.4,
20250425,12:57:51,-4,
20250425,12:57:51,-4.4,
20250425,12:57:51,-4.4,
20250425,12:57:52,-4.2,
20250425,12:57:52,-3.6,
20250425,12:57:52,-3.4,
20250425,12:57:53,-3.4,
20250425,12:57:53,-3.1,
20250425,12:57:53,-2.7,
20250425,12:57:53,-2.4,
20250425,12:57:54,-2.2,
20250425,12:57:54,-2.2,
20250425,12:57:54,-2.4,
20250425,12:57:55,-2.6,
20250425,12:57:55,-2.9,
20250425,12:57:55,-3.4,
20250425,12:57:55,-3.6,
20250425,12:57:56,-3.8,
20250425,12:57:56,-4,
20250425,12:57:56,-4.2,
20250425,12:57:56,-4.3,
20250425,12:57:57,-4.3,
20250425,12:57:57,-4.3,
20250425,12:57:57,-4.3,
20250425,12:57:58,-4.2,
20250425,12:57:58,-4.2,
20250425,12:57:58,-4.1,
20250425,12:57:58,-4.2,
20250425,12:57:59,-4.2,
20250425,12:57:59,-4.3,
20250425,12:57:59,-4.3,
20250425,12:57:59,-4.3,
20250425,12:58:00,-4.5,
20250425,12:58:00,-4.6,
20250425,12:58:00,-4.7,
20250425,12:58:01,-4.5,
20250425,12:58:01,-4.1,
20250425,12:58:01,-3.6,
20250425,12:58:01,-3.3,
20250425,12:58:02,-3.2,
20250425,12:58:02,-3.2,
20250425,12:58:02,-2.8,
20250425,12:58:03,-2.4,
20250425,12:58:03,-2,
20250425,12:58:03,-1.7,
20250425,12:58:03,-1.4,
20250425,12:58:04,-0.9,
20250425,12:58:04,-0.4,
20250425,12:58:04,0,
20250425,12:58:04,0.1,
20250425,12:58:05,0,
20250425,12:58:05,0,
20250425,12:58:05,-0.2,
20250425,12:58:06,-0.4,
20250425,12:58:06,-0.6,
20250425,12:58:06,-0.8,
20250425,12:58:06,-0.9,
20250425,12:58:07,-1.1,
20250425,12:58:07,-1.5,
20250425,12:58:07,-1.7,
20250425,12:58:07,-2.2,
20250425,12:58:08,-2.6,
20250425,12:58:08,-2.9,
20250425,12:58:08,-2.8,
20250425,12:58:09,-2.6,
20250425,12:58:09,-2.6,
20250425,12:58:09,-2.2,
20250425,12:58:09,-1.8,
20250425,12:58:10,-1.4,
20250425,12:58:10,-0.9,
20250425,12:58:10,-0.3,
20250425,12:58:11,0.2,
20250425,12:58:11,0.6,
20250425,12:58:11,0.7,
20250425,12:58:11,0.8,
20250425,12:58:12,0.7,
20250425,12:58:12,0.7,
20250425,12:58:12,0.6,
20250425,12:58:12,0.5,
20250425,12:58:13,0.2,
20250425,12:58:13,0.1,
20250425,12:58:13,0,
20250425,12:58:14,0,
20250425,12:58:14,-0.1,
20250425,12:58:14,-0.5,
20250425,12:58:14,-0.8,
20250425,12:58:15,-1.1,
20250425,12:58:15,-1.3,
20250425,12:58:15,-1.6,
20250425,12:58:15,-1.7,
20250425,12:58:16,-1.7,
20250425,12:58:16,-1.7,
20250425,12:58:16,-1.6,
20250425,12:58:17,-1.7,
20250425,12:58:17,-1.8,
20250425,12:58:17,-2.1,
20250425,12:58:17,-2.2,
20250425,12:58:18,-2.1,
20250425,12:58:18,-2,
20250425,12:58:18,-1.9,
20250425,12:58:18,-1.8,
20250425,12:58:19,-1.9,
20250425,12:58:19,-2,
20250425,12:58:19,-2.1,
20250425,12:58:20,-2.2,
20250425,12:58:20,-2.3,
20250425,12:58:20,-2.2,
20250425,12:58:20,-2.3,
20250425,12:58:21,-2.5,
20250425,12:58:21,-2.6,
20250425,12:58:21,-2.7,
20250425,12:58:22,-2.7,
20250425,12:58:22,-2.7,
20250425,12:58:22,-2.8,
20250425,12:58:22,-2.8,
20250425,12:58:23,-2.9,
20250425,12:58:23,-3.2,
20250425,12:58:23,-2.9,
20250425,12:58:23,-2,
20250425,12:58:24,-0.9,
20250425,12:58:24,-0.3,
20250425,12:58:24,0,
20250425,12:58:25,0,
20250425,12:58:25,-0.3,
20250425,12:58:25,-0.7,
20250425,12:58:25,-0.7,
20250425,12:58:26,-0.5,
20250425,12:58:26,-0.3,
20250425,12:58:26,-0.1,
20250425,12:58:26,-0.2,
20250425,12:58:27,-0.3,
20250425,12:58:27,-0.6,
20250425,12:58:27,-0.9,
20250425,12:58:28,-1.1,
20250425,12:58:28,-1.4,
20250425,12:58:28,-1.7,
20250425,12:58:28,-1.8,
20250425,12:58:29,-1.9,
20250425,12:58:29,-2.1,
20250425,12:58:29,-2.3,
20250425,12:58:30,-2.4,
20250425,12:58:30,-2.4,
20250425,12:58:30,-2.4,
20250425,12:58:30,-2.5,
20250425,12:58:31,-2.3,
20250425,12:58:31,-2.3,
20250425,12:58:31,-2.4,
20250425,12:58:31,-2.3,
20250425,12:58:32,-2.3,
20250425,12:58:32,-2,
20250425,12:58:32,-1.9,
20250425,12:58:33,-1.9,
20250425,12:58:33,-2.3,
20250425,12:58:33,-2.5,
20250425,12:58:33,-1.9,
20250425,12:58:34,-1.1,
20250425,12:58:34,-0.4,
20250425,12:58:34,0.1,
20250425,12:58:34,0.2,
20250425,12:58:35,0.4,
20250425,12:58:35,0.8,
20250425,12:58:35,1.1,
20250425,12:58:36,1.3,
20250425,12:58:36,1.4,
20250425,12:58:36,1.3,
20250425,12:58:36,1.1,
20250425,12:58:37,0.8,
20250425,12:58:37,0.5,
20250425,12:58:37,0.2,
20250425,12:58:38,-0.2,
20250425,12:58:38,-0.4,
20250425,12:58:38,-0.6,
20250425,12:58:38,-0.6,
20250425,12:58:39,-0.3,
20250425,12:58:39,0,
20250425,12:58:39,0.3,
20250425,12:58:39,0.4,
20250425,12:58:40,0.6,
20250425,12:58:40,0.5,
20250425,12:58:40,0.3,
20250425,12:58:41,0.1,
20250425,12:58:41,-0.1,
20250425,12:58:41,-0.3,
20250425,12:58:41,-0.4,
20250425,12:58:42,-0.6,
20250425,12:58:42,-0.7,
20250425,12:58:42,-0.8,
20250425,12:58:42,-0.8,
20250425,12:58:43,-0.9,
20250425,12:58:43,-0.9,
20250425,12:58:43,-1,
20250425,12:58:44,-1,
20250425,12:58:44,-1.1,
20250425,12:58:44,-1.2,
20250425,12:58:44,-1.4,
20250425,12:58:45,-1.7,
20250425,12:58:45,-1.7,
20250425,12:58:45,-1.2,
20250425,12:58:45,-0.6,
20250425,12:58:46,0,
20250425,12:58:46,0.4,
20250425,12:58:46,0.5,
20250425,12:58:47,0.5,
20250425,12:58:47,0.2,
20250425,12:58:47,0,
20250425,12:58:47,-0.3,
20250425,12:58:48,-0.6,
20250425,12:58:48,-1.2,
20250425,12:58:48,-1.3,
20250425,12:58:49,-1.2,
20250425,12:58:49,-0.9,
20250425,12:58:49,-0.4,
20250425,12:58:49,0,
20250425,12:58:50,0.5,
20250425,12:58:50,0.8,
20250425,12:58:50,0.9,
20250425,12:58:50,0.8,
20250425,12:58:51,0.8,
20250425,12:58:51,0.8,
20250425,12:58:51,0.6,
20250425,12:58:52,0.1,
20250425,12:58:52,-0.1,
20250425,12:58:52,-0.4,
20250425,12:58:52,-0.8,
20250425,12:58:53,-1,
20250425,12:58:53,-1.1,
20250425,12:58:53,-1.1,
20250425,12:58:53,-1.3,
20250425,12:58:54,-1.5,
20250425,12:58:54,-1.2,
20250425,12:58:54,-0.3,
20250425,12:58:55,0.7,
20250425,12:58:55,1.4,
20250425,12:58:55,1.9,
20250425,12:58:55,2.1,
20250425,12:58:56,2,
20250425,12:58:56,1.7,
20250425,12:58:56,1.6,
20250425,12:58:57,1.1,
20250425,12:58:57,0.8,
20250425,12:58:57,0.6,
20250425,12:58:57,0.2,
20250425,12:58:58,0,
20250425,12:58:58,-0.3,
20250425,12:58:58,-0.4,
20250425,12:58:58,-0.6,
20250425,12:58:59,-0.6,
20250425,12:58:59,-0.8,
20250425,12:58:59,-0.9,
20250425,12:59:00,-0.9,
20250425,12:59:00,-1.1,
20250425,12:59:00,-1.2,
20250425,12:59:00,-1.2,
20250425,12:59:01,-1.3,
20250425,12:59:01,-1.5,
20250425,12:59:01,-1.5,
20250425,12:59:01,-1.5,
20250425,12:59:02,-1.5,
20250425,12:59:02,-1.6,
20250425,12:59:02,-1.7,
20250425,12:59:03,-1.7,
20250425,12:59:03,-1.7,
20250425,12:59:03,-1.5,
20250425,12:59:03,-1.6,
20250425,12:59:04,-1.6,
20250425,12:59:04,-1.6,
20250425,12:59:04,-1.6,
20250425,12:59:04,-1.6,
20250425,12:59:05,-1.6,
20250425,12:59:05,-1.6,
20250425,12:59:05,-1.6,
20250425,12:59:06,-1.7,
20250425,12:59:06,-1.7,
20250425,12:59:06,-1.7,
20250425,12:59:06,-1.7,
20250425,12:59:07,-1.7,
20250425,12:59:07,-1.7,
20250425,12:59:07,-1.7,
20250425,12:59:08,-1.7,
20250425,12:59:08,-1.7,
20250425,12:59:08,-1.7,
20250425,12:59:08,-1.7,
20250425,12:59:09,-1.7,
20250425,12:59:09,-1.8,
20250425,12:59:09,-1.7,
20250425,12:59:09,-1.7,
20250425,12:59:10,-1.7,
20250425,12:59:10,-1.8,
20250425,12:59:10,-1.8,
20250425,12:59:11,-1.7,
20250425,12:59:11,-1.7,
20250425,12:59:11,-1.7,
20250425,12:59:11,-1.7,
20250425,12:59:12,-1.7,
20250425,12:59:12,-1.7,
20250425,12:59:12,-1.7,
20250425,12:59:12,-1.7,
20250425,12:59:13,-1.7,
20250425,12:59:13,-1.7,
20250425,12:59:13,-1.8,
20250425,12:59:14,-1.7,
20250425,12:59:14,-1.8,
20250425,12:59:14,-1.7,
20250425,12:59:14,-1.9,
20250425,12:59:15,-2,
20250425,12:59:15,-1.9,
20250425,12:59:15,-2,
20250425,12:59:16,-2,
20250425,12:59:16,-2.1,
20250425,12:59:16,-2.1,
20250425,12:59:16,-2.1,
20250425,12:59:17,-2.1,
20250425,12:59:17,-2,
20250425,12:59:17,-2,
20250425,12:59:17,-2,
20250425,12:59:18,-1.8,
20250425,12:59:18,-1.8,
20250425,12:59:18,-1.7,
20250425,12:59:19,-1.7,
20250425,12:59:19,-1.5,
20250425,12:59:19,-1.3,
20250425,12:59:19,-1.4,
20250425,12:59:20,-1.3,
20250425,12:59:20,-1.4,
20250425,12:59:20,-1.6,
20250425,12:59:20,-1.5,
20250425,12:59:21,-1.5,
20250425,12:59:21,-1.6,
20250425,12:59:21,-1.6,
20250425,12:59:22,-1.6,
20250425,12:59:22,-1.6,
20250425,12:59:22,-1.6,
20250425,12:59:22,-1.6,
20250425,12:59:23,-1.5,
20250425,12:59:23,-1.5,
20250425,12:59:23,-1.4,
20250425,12:59:24,-1.5,
20250425,12:59:24,-1.5,
20250425,12:59:24,-1.6,
20250425,12:59:24,-1.6,
20250425,12:59:25,-1.6,
20250425,12:59:25,-1.6,
20250425,12:59:25,-1.7,
20250425,12:59:25,-1.7,
20250425,12:59:26,-1.7,
20250425,12:59:26,-1.6,
20250425,12:59:26,-1.7,
20250425,12:59:27,-1.6,
20250425,12:59:27,-1.7,
20250425,12:59:27,-2.1,
20250425,12:59:27,-2.3,
20250425,12:59:28,-2.4,
20250425,12:59:28,-1.7,
20250425,12:59:28,-0.9,
20250425,12:59:28,-0.4,
20250425,12:59:29,0,
20250425,12:59:29,0,
20250425,12:59:29,0,