静息,正,中,负
,,,
,,,
CTP208 ,D4:F5:13:0B:7B:1B,,
,,,
,,,
,,,
,,,
,,,
,,,
20250409,14:02:21,11.5,
20250409,14:02:22,11.5,
20250409,14:02:22,11.6,
20250409,14:02:22,11.7,
20250409,14:02:22,11.7,
20250409,14:02:23,11.9,
20250409,14:02:23,12.1,
20250409,14:02:23,12.4,
20250409,14:02:23,12.6,
20250409,14:02:24,12.6,
20250409,14:02:24,12.4,
20250409,14:02:24,12.1,
20250409,14:02:24,11.9,
20250409,14:02:25,11.6,
20250409,14:02:25,12,
20250409,14:02:25,11.3,
20250409,14:02:26,11.2,
20250409,14:02:26,11.3,
20250409,14:02:26,11.1,
20250409,14:02:26,11.3,
20250409,14:02:27,11.8,
20250409,14:02:27,12.1,
20250409,14:02:27,12.7,
20250409,14:02:28,12.7,
20250409,14:02:28,12.7,
20250409,14:02:28,12.1,
20250409,14:02:28,10.7,
20250409,14:02:29,10.4,
20250409,14:02:29,11.3,
20250409,14:02:29,11.4,
20250409,14:02:29,11.9,
20250409,14:02:30,11.9,
20250409,14:02:30,11.5,
20250409,14:02:30,11.1,
20250409,14:02:31,11.3,
20250409,14:02:31,11.2,
20250409,14:02:31,11.3,
20250409,14:02:31,11.7,
20250409,14:02:32,11.6,
20250409,14:02:32,11.7,
20250409,14:02:32,11.1,
20250409,14:02:32,10.1,
20250409,14:02:33,9.9,
20250409,14:02:33,10,
20250409,14:02:33,10.2,
20250409,14:02:34,10.9,
20250409,14:02:34,11.7,
20250409,14:02:34,12.7,
20250409,14:02:34,13.1,
20250409,14:02:35,13.1,
20250409,14:02:35,12.9,
20250409,14:02:35,12.7,
20250409,14:02:36,12.5,
20250409,14:02:36,12.5,
20250409,14:02:36,12.7,
20250409,14:02:36,12.8,
20250409,14:02:37,12.9,
20250409,14:02:37,13.2,
20250409,14:02:37,12.8,
20250409,14:02:37,12.6,
20250409,14:02:38,12.4,
20250409,14:02:38,12.1,
20250409,14:02:38,11.9,
20250409,14:02:39,11.9,
20250409,14:02:39,11.7,
20250409,14:02:39,11.8,
20250409,14:02:39,11.9,
20250409,14:02:40,12,
20250409,14:02:40,12.2,
20250409,14:02:40,12.3,
20250409,14:02:40,12.6,
20250409,14:02:41,12.9,
20250409,14:02:41,13.2,
20250409,14:02:41,13.4,
20250409,14:02:42,13.5,
20250409,14:02:42,13.6,
20250409,14:02:42,13.6,
20250409,14:02:42,13.6,
20250409,14:02:43,13.9,
20250409,14:02:43,14.1,
20250409,14:02:43,14.2,
20250409,14:02:44,14.5,
20250409,14:02:44,14.5,
20250409,14:02:44,14.5,
20250409,14:02:44,14.4,
20250409,14:02:45,14.2,
20250409,14:02:45,14.1,
20250409,14:02:45,13.8,
20250409,14:02:45,13.8,
20250409,14:02:46,13.9,
20250409,14:02:46,14,
20250409,14:02:46,14,
20250409,14:02:47,14.1,
20250409,14:02:47,13.9,
20250409,14:02:47,13.6,
20250409,14:02:47,13.8,
20250409,14:02:48,13.9,
20250409,14:02:48,14.1,
20250409,14:02:48,14.2,
20250409,14:02:48,14.3,
20250409,14:02:49,14.3,
20250409,14:02:49,14.3,
20250409,14:02:49,14.3,
20250409,14:02:50,14.5,
20250409,14:02:50,14.5,
20250409,14:02:50,14.5,
20250409,14:02:50,14.4,
20250409,14:02:51,14.1,
20250409,14:02:51,13.8,
20250409,14:02:51,13.7,
20250409,14:02:51,13.6,
20250409,14:02:52,13,
20250409,14:02:52,13.1,
20250409,14:02:52,13.1,
20250409,14:02:53,13.1,
20250409,14:02:53,13.3,
20250409,14:02:53,13.2,
20250409,14:02:53,13.1,
20250409,14:02:54,13.5,
20250409,14:02:54,14.1,
20250409,14:02:54,14.3,
20250409,14:02:55,14.4,
20250409,14:02:55,14.1,
20250409,14:02:55,13.6,
20250409,14:02:55,13.1,
20250409,14:02:56,12.5,
20250409,14:02:56,13.2,
20250409,14:02:56,13.2,
20250409,14:02:56,12.9,
20250409,14:02:57,11.7,
20250409,14:02:57,12.5,
20250409,14:02:57,12.5,
20250409,14:02:58,12.8,
20250409,14:02:58,13,
20250409,14:02:58,13,
20250409,14:02:58,13,
20250409,14:02:59,13.3,
20250409,14:02:59,13,
20250409,14:02:59,12.6,
20250409,14:02:59,12.3,
20250409,14:03:00,11.9,
20250409,14:03:00,11.9,
20250409,14:03:00,11.6,
20250409,14:03:01,11.4,
20250409,14:03:01,11.7,
20250409,14:03:01,12,
20250409,14:03:01,12.4,
20250409,14:03:02,12.7,
20250409,14:03:02,12.8,
20250409,14:03:02,12.8,
20250409,14:03:03,13,
20250409,14:03:03,13,
20250409,14:03:03,13.1,
20250409,14:03:03,13.2,
20250409,14:03:04,13.2,
20250409,14:03:04,13.2,
20250409,14:03:04,13.2,
20250409,14:03:04,13,
20250409,14:03:05,13,
20250409,14:03:05,12.8,
20250409,14:03:05,13.2,
20250409,14:03:06,13.4,
20250409,14:03:06,13.3,
20250409,14:03:06,12.6,
20250409,14:03:06,12.4,
20250409,14:03:07,12.3,
20250409,14:03:07,12.5,
20250409,14:03:07,13,
20250409,14:03:07,13.8,
20250409,14:03:08,14.4,
20250409,14:03:08,14.3,
20250409,14:03:08,14.5,
20250409,14:03:09,14.3,
20250409,14:03:09,13.6,
20250409,14:03:09,13.2,
20250409,14:03:09,13.3,
20250409,14:03:10,12.9,
20250409,14:03:10,12.8,
20250409,14:03:10,12.7,
20250409,14:03:11,12.8,
20250409,14:03:11,12.9,
20250409,14:03:11,13.1,
20250409,14:03:11,13.5,
20250409,14:03:12,13.6,
20250409,14:03:12,13.6,
20250409,14:03:12,13.6,
20250409,14:03:12,13.6,
20250409,14:03:13,13.5,
20250409,14:03:13,13.3,
20250409,14:03:13,13.3,
20250409,14:03:14,13.1,
20250409,14:03:14,13.2,
20250409,14:03:14,12.9,
20250409,14:03:14,13.2,
20250409,14:03:15,13.6,
20250409,14:03:15,13.7,
20250409,14:03:15,13.9,
20250409,14:03:15,13.9,
20250409,14:03:16,13.8,
20250409,14:03:16,13.7,
20250409,14:03:16,13.6,
20250409,14:03:17,13.4,
20250409,14:03:17,13.3,
20250409,14:03:17,13.2,
20250409,14:03:17,13.2,
20250409,14:03:18,13.1,
20250409,14:03:18,13.3,
20250409,14:03:18,13.2,
20250409,14:03:19,13.4,
20250409,14:03:19,13.7,
20250409,14:03:19,14.3,
20250409,14:03:19,14.6,
20250409,14:03:20,14.8,
20250409,14:03:20,14.5,
20250409,14:03:20,14.3,
20250409,14:03:20,14.1,
20250409,14:03:21,13.6,
20250409,14:03:21,13.6,
20250409,14:03:21,13.3,
20250409,14:03:22,13.4,
20250409,14:03:22,13.5,
20250409,14:03:22,13.5,
20250409,14:03:22,13.6,
20250409,14:03:23,13.5,
20250409,14:03:23,13.6,
20250409,14:03:23,13.6,
20250409,14:03:23,13.6,
20250409,14:03:24,13.6,
20250409,14:03:24,13.6,
20250409,14:03:24,13.7,
20250409,14:03:25,13.8,
20250409,14:03:25,14,
20250409,14:03:25,14,
20250409,14:03:25,14.3,
20250409,14:03:26,14.5,
20250409,14:03:26,14.9,
20250409,14:03:26,15.1,
20250409,14:03:27,15.3,
20250409,14:03:27,15.4,
20250409,14:03:27,15.3,
20250409,14:03:27,15.1,
20250409,14:03:28,15.1,
20250409,14:03:28,15,
20250409,14:03:28,14.9,
20250409,14:03:28,14.9,
20250409,14:03:29,15.1,
20250409,14:03:29,15.2,
20250409,14:03:29,15.4,
20250409,14:03:30,15.4,
20250409,14:03:30,15.5,
20250409,14:03:30,15.4,
20250409,14:03:30,15.5,
20250409,14:03:31,15.6,
20250409,14:03:31,15.5,
20250409,14:03:31,15.5,
20250409,14:03:31,15.5,
20250409,14:03:32,15.4,
20250409,14:03:32,15.4,
20250409,14:03:32,15.7,
20250409,14:03:33,16.2,
20250409,14:03:33,16.7,
20250409,14:03:33,17.1,
20250409,14:03:33,16.8,
20250409,14:03:34,16.2,
20250409,14:03:34,15.7,
20250409,14:03:34,15.3,
20250409,14:03:34,15.1,
20250409,14:03:35,15,
20250409,14:03:35,15.1,
20250409,14:03:35,15.4,
20250409,14:03:36,15.4,
20250409,14:03:36,15.5,
20250409,14:03:36,15.6,
20250409,14:03:36,15.6,
20250409,14:03:37,15.5,
20250409,14:03:37,15.5,
20250409,14:03:37,15.3,
20250409,14:03:38,15.4,
20250409,14:03:38,16,
20250409,14:03:38,16.5,
20250409,14:03:38,16.8,
20250409,14:03:39,17.1,
20250409,14:03:39,16.8,
20250409,14:03:39,16.6,
20250409,14:03:39,16.4,
20250409,14:03:40,16.3,
20250409,14:03:40,16.3,
20250409,14:03:40,16.2,
20250409,14:03:41,15.8,
20250409,14:03:41,15.6,
20250409,14:03:41,15.8,
20250409,14:03:41,15.7,
20250409,14:03:42,15.4,
20250409,14:03:42,15.6,
20250409,14:03:42,15.5,
20250409,14:03:42,14.5,
20250409,14:03:43,15,
20250409,14:03:43,15.2,
20250409,14:03:43,15.3,
20250409,14:03:44,15.2,
20250409,14:03:44,15.3,
20250409,14:03:44,15.2,
20250409,14:03:44,15.1,
20250409,14:03:45,15,
20250409,14:03:45,15.1,
20250409,14:03:45,15.1,
20250409,14:03:46,15.4,
20250409,14:03:46,15.4,
20250409,14:03:46,15.4,
20250409,14:03:46,15.4,
20250409,14:03:47,15.3,
20250409,14:03:47,15.1,
20250409,14:03:47,14.9,
20250409,14:03:47,14.7,
20250409,14:03:48,14.5,
20250409,14:03:48,14.3,
20250409,14:03:48,14.1,
20250409,14:03:49,13.9,
20250409,14:03:49,13.7,
20250409,14:03:49,13.7,
20250409,14:03:49,13.6,
20250409,14:03:50,13.6,
20250409,14:03:50,13.6,
20250409,14:03:50,13.9,
20250409,14:03:50,14.1,
20250409,14:03:51,14.2,
20250409,14:03:51,14.3,
20250409,14:03:51,14.4,
20250409,14:03:52,14.4,
20250409,14:03:52,14.5,
20250409,14:03:52,14.5,
20250409,14:03:52,14.5,
20250409,14:03:53,14.4,
20250409,14:03:53,13.9,
20250409,14:03:53,13.6,
20250409,14:03:54,13.6,
20250409,14:03:54,13.8,
20250409,14:03:54,13.9,
20250409,14:03:54,13.8,
20250409,14:03:55,13.9,
20250409,14:03:55,13.9,
20250409,14:03:55,14.4,
20250409,14:03:55,14.5,
20250409,14:03:56,14.7,
20250409,14:03:56,14.6,
20250409,14:03:56,14.4,
20250409,14:03:57,14.1,
20250409,14:03:57,13.9,
20250409,14:03:57,13.6,
20250409,14:03:57,13.4,
20250409,14:03:58,13.3,
20250409,14:03:58,13.4,
20250409,14:03:58,13.2,
20250409,14:03:58,13,
20250409,14:03:59,13,
20250409,14:03:59,12.8,
20250409,14:03:59,12.6,
20250409,14:04:00,12.7,
20250409,14:04:00,13,
20250409,14:04:00,13.6,
20250409,14:04:00,13.7,
20250409,14:04:01,13.7,
20250409,14:04:01,13.6,
20250409,14:04:01,13.2,
20250409,14:04:02,13.1,
20250409,14:04:02,12.9,
20250409,14:04:02,12.6,
20250409,14:04:02,12.4,
20250409,14:04:03,12.5,
20250409,14:04:03,12.7,
20250409,14:04:03,12.8,
20250409,14:04:03,12.8,
20250409,14:04:04,12.8,
20250409,14:04:04,12.6,
20250409,14:04:04,12.6,
20250409,14:04:05,12.6,
20250409,14:04:05,13.2,
20250409,14:04:05,13.6,
20250409,14:04:05,14.1,
20250409,14:04:06,14.4,
20250409,14:04:06,13.8,
20250409,14:04:06,13.6,
20250409,14:04:06,13.2,
20250409,14:04:07,13.1,
20250409,14:04:07,12.8,
20250409,14:04:07,12.7,
20250409,14:04:08,12.5,
20250409,14:04:08,12.3,
20250409,14:04:08,12,
20250409,14:04:08,11.5,
20250409,14:04:09,11.5,
20250409,14:04:09,11.9,
20250409,14:04:09,12.4,
20250409,14:04:09,12.4,
20250409,14:04:10,12.4,
20250409,14:04:10,12.4,
20250409,14:04:10,11.9,
20250409,14:04:11,10.6,
20250409,14:04:11,10.3,
20250409,14:04:11,10.3,
20250409,14:04:11,10.7,
20250409,14:04:12,10.6,
20250409,14:04:12,10.4,
20250409,14:04:12,10.6,
20250409,14:04:13,10.5,
20250409,14:04:13,10.4,
20250409,14:04:13,10.4,
20250409,14:04:13,10.7,
20250409,14:04:14,11.1,
20250409,14:04:14,11.9,
20250409,14:04:14,12.2,
20250409,14:04:14,12.4,
20250409,14:04:15,12.3,
20250409,14:04:15,11.9,
20250409,14:04:15,11.6,
20250409,14:04:16,11.1,
20250409,14:04:16,11.1,
20250409,14:04:16,11.1,
20250409,14:04:16,11.2,
20250409,14:04:17,11.6,
20250409,14:04:17,11.7,
20250409,14:04:17,12,
20250409,14:04:17,12,
20250409,14:04:18,11.9,
20250409,14:04:18,11.5,
20250409,14:04:18,11.5,
20250409,14:04:19,11.1,
20250409,14:04:19,11,
20250409,14:04:19,11.1,
20250409,14:04:19,11.1,
20250409,14:04:20,11.1,
20250409,14:04:20,11.1,
20250409,14:04:20,11.5,
20250409,14:04:21,11.9,
20250409,14:04:21,12.3,
20250409,14:04:21,12.7,
20250409,14:04:21,13.1,
20250409,14:04:22,12.7,
20250409,14:04:22,12.2,
20250409,14:04:22,11.2,
20250409,14:04:22,11,
20250409,14:04:23,11.2,
20250409,14:04:23,11.2,
20250409,14:04:23,11.3,
20250409,14:04:24,11.5,
20250409,14:04:24,11.1,
20250409,14:04:24,11.1,
20250409,14:04:24,11.3,
20250409,14:04:25,11.7,
20250409,14:04:25,13.1,
20250409,14:04:25,14.1,
20250409,14:04:25,14.3,
20250409,14:04:26,14,
20250409,14:04:26,13.6,
20250409,14:04:26,13,
20250409,14:04:27,12.8,
20250409,14:04:27,12.6,
20250409,14:04:27,12.1,
20250409,14:04:27,11.7,
20250409,14:04:28,11.5,
20250409,14:04:28,11.1,
20250409,14:04:28,10.9,
20250409,14:04:29,10.7,
20250409,14:04:29,10.5,
20250409,14:04:29,10.3,
20250409,14:04:29,10.2,
20250409,14:04:30,10,
20250409,14:04:30,10.2,
20250409,14:04:30,10.2,
20250409,14:04:30,10.2,
20250409,14:04:31,10.1,
20250409,14:04:31,10,
20250409,14:04:31,10,
20250409,14:04:32,9.9,
20250409,14:04:32,9.9,
20250409,14:04:32,9.8,
20250409,14:04:32,9.8,
20250409,14:04:33,9.9,
20250409,14:04:33,9.9,
20250409,14:04:33,9.8,
20250409,14:04:33,9.7,
20250409,14:04:34,9.8,
20250409,14:04:34,9.9,
20250409,14:04:34,9.9,
20250409,14:04:35,10.1,
20250409,14:04:35,10.2,
20250409,14:04:35,10.2,
20250409,14:04:35,10.3,
20250409,14:04:36,10.2,
20250409,14:04:36,10.2,
20250409,14:04:36,10.1,
20250409,14:04:36,10.2,
20250409,14:04:37,10.2,
20250409,14:04:37,10.3,
20250409,14:04:37,10.3,
20250409,14:04:38,10.9,
20250409,14:04:38,10.4,
20250409,14:04:38,10.3,
20250409,14:04:38,10.6,
20250409,14:04:39,10.9,
20250409,14:04:39,11.1,
20250409,14:04:39,11.5,
20250409,14:04:40,11.3,
20250409,14:04:40,11.1,
20250409,14:04:40,10.9,
20250409,14:04:40,10.7,
20250409,14:04:41,10.4,
20250409,14:04:41,10.2,
20250409,14:04:41,10.2,
20250409,14:04:41,10.2,
20250409,14:04:42,10.8,
20250409,14:04:42,11.3,
20250409,14:04:42,12,
20250409,14:04:43,12.4,
20250409,14:04:43,12.4,
20250409,14:04:43,12.1,
20250409,14:04:43,11.9,
20250409,14:04:44,11.6,
20250409,14:04:44,11.1,
20250409,14:04:44,11.2,
20250409,14:04:44,11.4,
20250409,14:04:45,11.5,
20250409,14:04:45,11.5,
20250409,14:04:45,11.4,
20250409,14:04:46,11.1,
20250409,14:04:46,10.5,
20250409,14:04:46,10.3,
20250409,14:04:46,10.3,
20250409,14:04:47,10.6,
20250409,14:04:47,10.7,
20250409,14:04:47,10.9,
20250409,14:04:48,11,
20250409,14:04:48,10.8,
20250409,14:04:48,10.7,
20250409,14:04:48,10.4,
20250409,14:04:49,10.2,
20250409,14:04:49,10,
20250409,14:04:49,9.8,
20250409,14:04:49,9.7,
20250409,14:04:50,9.6,
20250409,14:04:50,9.6,
20250409,14:04:50,9.5,
20250409,14:04:51,9.4,
20250409,14:04:51,9.4,
20250409,14:04:51,9.4,
20250409,14:04:51,9.2,
20250409,14:04:52,9.2,
20250409,14:04:52,9,
20250409,14:04:52,9.1,
20250409,14:04:52,9.5,
20250409,14:04:53,10.1,
20250409,14:04:53,10.4,
20250409,14:04:53,10.3,
20250409,14:04:54,10.2,
20250409,14:04:54,9.8,
20250409,14:04:54,9.5,
20250409,14:04:54,9.2,
20250409,14:04:55,8.9,
20250409,14:04:55,8.9,
20250409,14:04:55,9.7,
20250409,14:04:55,9.5,
20250409,14:04:56,9.4,
20250409,14:04:56,9.8,
20250409,14:04:56,10.2,
20250409,14:04:57,10.1,
20250409,14:04:57,10.2,
20250409,14:04:57,10.3,
20250409,14:04:57,10.6,
20250409,14:04:58,10.4,
20250409,14:04:58,10.8,
20250409,14:04:58,10.9,
20250409,14:04:59,11.1,
20250409,14:04:59,11.4,
20250409,14:04:59,11.9,
20250409,14:04:59,12.2,
20250409,14:05:00,12.2,
20250409,14:05:00,12,
20250409,14:05:00,11.8,
20250409,14:05:00,11.5,
20250409,14:05:01,11.1,
20250409,14:05:01,11.1,
20250409,14:05:01,11,
20250409,14:05:02,11,
20250409,14:05:02,11,
20250409,14:05:02,11,
20250409,14:05:02,10.9,
20250409,14:05:03,10.9,
20250409,14:05:03,11,
20250409,14:05:03,11.1,
20250409,14:05:03,11.7,
20250409,14:05:04,12.2,
20250409,14:05:04,12.5,
20250409,14:05:04,12.5,
20250409,14:05:05,12.1,
20250409,14:05:05,11.7,
20250409,14:05:05,11.4,
20250409,14:05:05,11.1,
20250409,14:05:06,11,
20250409,14:05:06,10.8,
20250409,14:05:06,10.6,
20250409,14:05:07,10.7,
20250409,14:05:07,10.7,
20250409,14:05:07,10.6,
20250409,14:05:07,10.6,
20250409,14:05:08,10.6,
20250409,14:05:08,10.7,
20250409,14:05:08,10.7,
20250409,14:05:08,10.6,
20250409,14:05:09,10.5,
20250409,14:05:09,10.5,
20250409,14:05:09,10.6,
20250409,14:05:10,11.1,
20250409,14:05:10,11.5,
20250409,14:05:10,11.7,
20250409,14:05:10,11.9,
20250409,14:05:11,11.7,
20250409,14:05:11,11.7,
20250409,14:05:11,11.7,
20250409,14:05:11,11.4,
20250409,14:05:12,11.6,
20250409,14:05:12,11.8,
20250409,14:05:12,11.9,
20250409,14:05:13,12,
20250409,14:05:13,12,
20250409,14:05:13,11.9,
20250409,14:05:13,11.9,
20250409,14:05:14,11.8,
20250409,14:05:14,11.8,
20250409,14:05:14,11.7,
20250409,14:05:15,11.7,
20250409,14:05:15,11.6,
20250409,14:05:15,11.7,
20250409,14:05:15,11.9,
20250409,14:05:16,12.1,
20250409,14:05:16,12.4,
20250409,14:05:16,12.5,
20250409,14:05:16,12.7,
20250409,14:05:17,12.6,
20250409,14:05:17,12.7,
20250409,14:05:17,12.8,
20250409,14:05:18,12.6,
20250409,14:05:18,12.6,
20250409,14:05:18,12.8,
20250409,14:05:18,13.5,
20250409,14:05:19,13.3,
20250409,14:05:19,13.3,
20250409,14:05:19,13.4,
20250409,14:05:19,13.1,
20250409,14:05:20,12.4,
20250409,14:05:20,11.8,
20250409,14:05:20,11.9,
20250409,14:05:21,12,
20250409,14:05:21,12.1,
20250409,14:05:21,12.2,
20250409,14:05:21,12.2,
20250409,14:05:22,12.1,
20250409,14:05:22,11.8,
20250409,14:05:22,11.7,
20250409,14:05:22,11.8,
20250409,14:05:23,12,
20250409,14:05:23,12.5,
20250409,14:05:23,12.9,
20250409,14:05:24,12.8,
20250409,14:05:24,12.6,
20250409,14:05:24,12.4,
20250409,14:05:24,12.2,
20250409,14:05:25,11.9,
20250409,14:05:25,11.8,
20250409,14:05:25,11.9,
20250409,14:05:26,11.5,
20250409,14:05:26,11.7,
20250409,14:05:26,11.9,
20250409,14:05:26,11.9,
20250409,14:05:27,11.8,
20250409,14:05:27,12,
20250409,14:05:27,11.9,
20250409,14:05:27,12,
20250409,14:05:28,11.3,
20250409,14:05:28,11.1,
20250409,14:05:28,11.1,
20250409,14:05:29,11.1,
20250409,14:05:29,11.5,
20250409,14:05:29,11.9,
20250409,14:05:29,12,
20250409,14:05:30,12.1,
20250409,14:05:30,12,
20250409,14:05:30,11.9,
20250409,14:05:30,11.8,
20250409,14:05:31,11.7,
20250409,14:05:31,11.7,
20250409,14:05:31,11.7,
20250409,14:05:32,11.6,
20250409,14:05:32,11.6,
20250409,14:05:32,11.6,
20250409,14:05:32,11.5,
20250409,14:05:33,11.4,
20250409,14:05:33,11.4,
20250409,14:05:33,11.5,
20250409,14:05:34,11.5,
20250409,14:05:34,11.5,
20250409,14:05:34,11.6,
20250409,14:05:34,11.7,
20250409,14:05:35,12,
20250409,14:05:35,12.3,
20250409,14:05:35,12.6,
20250409,14:05:35,12.7,
20250409,14:05:36,12.8,
20250409,14:05:36,12.8,
20250409,14:05:36,12.7,
20250409,14:05:37,12.4,
20250409,14:05:37,12.1,
20250409,14:05:37,11.7,
20250409,14:05:37,11.4,
20250409,14:05:38,11.1,
20250409,14:05:38,11,
20250409,14:05:38,10.9,
20250409,14:05:38,10.9,
20250409,14:05:39,11.1,
20250409,14:05:39,11.1,
20250409,14:05:39,11.1,
20250409,14:05:40,11.1,
20250409,14:05:40,11.4,
20250409,14:05:40,11.9,
20250409,14:05:40,12.2,
20250409,14:05:41,12.1,
20250409,14:05:41,11.9,
20250409,14:05:41,11.6,
20250409,14:05:42,11.3,
20250409,14:05:42,11.2,
20250409,14:05:42,10.7,
20250409,14:05:42,11,
20250409,14:05:43,10.8,
20250409,14:05:43,10.9,
20250409,14:05:43,11,
20250409,14:05:43,10.7,
20250409,14:05:44,10.7,
20250409,14:05:44,11,
20250409,14:05:44,10.9,
20250409,14:05:45,10.8,
20250409,14:05:45,11.1,
20250409,14:05:45,11.1,
20250409,14:05:45,11.2,
20250409,14:05:46,11.9,
20250409,14:05:46,12.5,
20250409,14:05:46,12.8,
20250409,14:05:46,12.8,
20250409,14:05:47,12.6,
20250409,14:05:47,12.4,
20250409,14:05:47,12.1,
20250409,14:05:48,11.9,
20250409,14:05:48,11.7,
20250409,14:05:48,11.7,
20250409,14:05:48,11.6,
20250409,14:05:49,11.5,
20250409,14:05:49,11.5,
20250409,14:05:49,11.4,
20250409,14:05:50,11.2,
20250409,14:05:50,11.2,
20250409,14:05:50,11.3,
20250409,14:05:50,11.1,
20250409,14:05:51,11.1,
20250409,14:05:51,11.2,
20250409,14:05:51,11.1,
20250409,14:05:51,11.1,
20250409,14:05:52,10.3,
20250409,14:05:52,10,
20250409,14:05:52,10.2,
20250409,14:05:53,10.7,
20250409,14:05:53,10.8,
20250409,14:05:53,11.1,
20250409,14:05:53,10.7,
20250409,14:05:54,10.7,
20250409,14:05:54,10.7,
20250409,14:05:54,10.6,
20250409,14:05:54,11,
20250409,14:05:55,11.6,
20250409,14:05:55,12,
20250409,14:05:55,12.4,
20250409,14:05:56,12.4,
20250409,14:05:56,12.2,
20250409,14:05:56,12,
20250409,14:05:56,11.7,
20250409,14:05:57,11.5,
20250409,14:05:57,11.4,
20250409,14:05:57,11.2,
20250409,14:05:57,11.1,
20250409,14:05:58,11.2,
20250409,14:05:58,11.1,
20250409,14:05:58,11.2,
20250409,14:05:59,11.4,
20250409,14:05:59,11.4,
20250409,14:05:59,11.4,
20250409,14:05:59,11.3,
20250409,14:06:00,11.2,
20250409,14:06:00,11.1,
20250409,14:06:00,11.1,
20250409,14:06:01,11,
20250409,14:06:01,10.8,
20250409,14:06:01,10.8,
20250409,14:06:01,10.7,
20250409,14:06:02,10.7,
20250409,14:06:02,11,
20250409,14:06:02,11.2,
20250409,14:06:02,11.6,
20250409,14:06:03,11.8,
20250409,14:06:03,11.8,
20250409,14:06:03,11.7,
20250409,14:06:04,11.5,
20250409,14:06:04,11.2,
20250409,14:06:04,11.2,
20250409,14:06:04,11.3,
20250409,14:06:05,10.2,
20250409,14:06:05,9.7,
20250409,14:06:05,10.2,
20250409,14:06:06,10.9,
20250409,14:06:06,11.1,
20250409,14:06:06,11,
20250409,14:06:06,11.1,
20250409,14:06:07,11.1,
20250409,14:06:07,11.1,
20250409,14:06:07,11.1,
20250409,14:06:07,11.1,
20250409,14:06:08,11.5,
20250409,14:06:08,11.6,
20250409,14:06:08,11.9,
20250409,14:06:09,11.9,
20250409,14:06:09,12,
20250409,14:06:09,11.8,
20250409,14:06:09,11.6,
20250409,14:06:10,11.4,
20250409,14:06:10,11.2,
20250409,14:06:10,11.2,
20250409,14:06:10,11.1,
20250409,14:06:11,11,
20250409,14:06:11,11,
20250409,14:06:11,10.9,
20250409,14:06:12,10.9,
20250409,14:06:12,10.8,
20250409,14:06:12,10.8,
20250409,14:06:12,10.8,
20250409,14:06:13,10.8,
20250409,14:06:13,11,
20250409,14:06:13,11.1,
20250409,14:06:13,11.2,
20250409,14:06:14,11.1,
20250409,14:06:14,11.2,
20250409,14:06:14,11.2,
20250409,14:06:15,11.1,
20250409,14:06:15,11.1,
20250409,14:06:15,11,
20250409,14:06:15,10.9,
20250409,14:06:16,10.9,
20250409,14:06:16,10.8,
20250409,14:06:16,10.8,
20250409,14:06:17,10.7,
20250409,14:06:17,10.6,
20250409,14:06:17,10.7,
20250409,14:06:17,10.9,
20250409,14:06:18,11.4,
20250409,14:06:18,11.9,
20250409,14:06:18,12.1,
20250409,14:06:18,12,
20250409,14:06:19,11.8,
20250409,14:06:19,11.4,
20250409,14:06:19,11.1,
20250409,14:06:20,10.8,
20250409,14:06:20,10.5,
20250409,14:06:20,10.3,
20250409,14:06:20,10.2,
20250409,14:06:21,10.4,
20250409,14:06:21,10.5,
20250409,14:06:21,10.7,
20250409,14:06:21,10.8,
20250409,14:06:22,10.8,
20250409,14:06:22,10.8,
20250409,14:06:22,10.6,
20250409,14:06:23,10.4,
20250409,14:06:23,10.1,
20250409,14:06:23,9.8,
20250409,14:06:23,9.6,
20250409,14:06:24,9.8,
20250409,14:06:24,9.6,
20250409,14:06:24,9.7,
20250409,14:06:25,10,
20250409,14:06:25,10.2,
20250409,14:06:25,10.5,
20250409,14:06:25,10.7,
20250409,14:06:26,10.9,
20250409,14:06:26,11.1,
20250409,14:06:26,11.3,
20250409,14:06:26,11.4,
20250409,14:06:27,11.2,
20250409,14:06:27,10.9,
20250409,14:06:27,10.5,
20250409,14:06:28,10.1,
20250409,14:06:28,9.6,
20250409,14:06:28,9.4,
20250409,14:06:28,9.2,
20250409,14:06:29,9.4,
20250409,14:06:29,9.6,
20250409,14:06:29,9.7,
20250409,14:06:29,9.6,
20250409,14:06:30,9.4,
20250409,14:06:30,8.9,
20250409,14:06:30,8.5,
20250409,14:06:31,8.4,
20250409,14:06:31,8.4,
20250409,14:06:31,8.4,
20250409,14:06:31,8.3,
20250409,14:06:32,8.2,
20250409,14:06:32,8.1,
20250409,14:06:32,8.2,
20250409,14:06:32,8.4,
20250409,14:06:33,8.5,
20250409,14:06:33,8.5,
20250409,14:06:33,9.2,
20250409,14:06:34,11,
20250409,14:06:34,13,
20250409,14:06:34,14.3,
20250409,14:06:34,14.4,
20250409,14:06:35,14,
20250409,14:06:35,13.1,
20250409,14:06:35,12.1,
20250409,14:06:36,11.3,
20250409,14:06:36,10.8,
20250409,14:06:36,11.1,
20250409,14:06:36,11.6,
20250409,14:06:37,12.3,
20250409,14:06:37,12.6,
20250409,14:06:37,12.7,
20250409,14:06:37,12.7,
20250409,14:06:38,12.8,
20250409,14:06:38,12.8,
20250409,14:06:38,12.9,
20250409,14:06:39,12.9,
20250409,14:06:39,12.8,
20250409,14:06:39,12.6,
20250409,14:06:39,12.3,
20250409,14:06:40,11.8,
20250409,14:06:40,11.3,
20250409,14:06:40,11.1,
20250409,14:06:40,10.9,
20250409,14:06:41,10.7,
20250409,14:06:41,10.6,
20250409,14:06:41,10.2,
20250409,14:06:42,9.7,
20250409,14:06:42,9.4,
20250409,14:06:42,9.1,
20250409,14:06:42,8.7,
20250409,14:06:43,8.5,
20250409,14:06:43,8.5,
20250409,14:06:43,8.2,
20250409,14:06:44,7.8,
20250409,14:06:44,7.3,
20250409,14:06:44,6.5,
20250409,14:06:44,6.3,
20250409,14:06:45,6,
20250409,14:06:45,5.8,
20250409,14:06:45,5.5,
20250409,14:06:45,5.3,
20250409,14:06:46,5.1,
20250409,14:06:46,5.1,
20250409,14:06:46,5.5,
20250409,14:06:47,6.1,
20250409,14:06:47,7,
20250409,14:06:47,7.8,
20250409,14:06:47,8.5,
20250409,14:06:48,8.9,
20250409,14:06:48,9.2,
20250409,14:06:48,9.4,
20250409,14:06:48,8.9,
20250409,14:06:49,8.7,
20250409,14:06:49,7.7,
20250409,14:06:49,6.8,
20250409,14:06:50,6.4,
20250409,14:06:50,6.6,
20250409,14:06:50,6.8,
20250409,14:06:50,7.2,
20250409,14:06:51,7.2,
20250409,14:06:51,7,
20250409,14:06:51,7,
20250409,14:06:51,6.8,
20250409,14:06:52,6.8,
20250409,14:06:52,6.8,
20250409,14:06:52,7.2,
20250409,14:06:53,7.6,
20250409,14:06:53,7.9,
20250409,14:06:53,7.8,
20250409,14:06:53,7.9,
20250409,14:06:54,8.3,
20250409,14:06:54,9.3,
20250409,14:06:54,10.7,
20250409,14:06:54,11.8,
20250409,14:06:55,12.2,
20250409,14:06:55,12,
20250409,14:06:55,11.4,
20250409,14:06:56,10.8,
20250409,14:06:56,10.3,
20250409,14:06:56,9.8,
20250409,14:06:56,9.3,
20250409,14:06:57,8.8,
20250409,14:06:57,8.5,
20250409,14:06:57,8,
20250409,14:06:58,7.7,
20250409,14:06:58,7.8,
20250409,14:06:58,8.2,
20250409,14:06:58,8.5,
20250409,14:06:59,8.8,
20250409,14:06:59,8.8,
20250409,14:06:59,8.6,
20250409,14:06:59,8.5,
20250409,14:07:00,8.1,
20250409,14:07:00,7.9,
20250409,14:07:00,7.8,
20250409,14:07:01,8,
20250409,14:07:01,8.4,
20250409,14:07:01,8.8,
20250409,14:07:01,9.4,
20250409,14:07:02,10.1,
20250409,14:07:02,10.2,
20250409,14:07:02,10.3,
20250409,14:07:02,10,
20250409,14:07:03,9.6,
20250409,14:07:03,9.4,
20250409,14:07:03,9,
20250409,14:07:04,8.6,
20250409,14:07:04,8.3,
20250409,14:07:04,8.1,
20250409,14:07:04,7.7,
20250409,14:07:05,7.5,
20250409,14:07:05,7.2,
20250409,14:07:05,7.6,
20250409,14:07:05,8.4,
20250409,14:07:06,9.3,
20250409,14:07:06,10.1,
20250409,14:07:06,10.2,
20250409,14:07:07,10.2,
20250409,14:07:07,10.1,
20250409,14:07:07,9.8,
20250409,14:07:07,9.4,
20250409,14:07:08,9.1,
20250409,14:07:08,8.8,
20250409,14:07:08,8.5,
20250409,14:07:09,8.2,
20250409,14:07:09,7.9,
20250409,14:07:09,7.7,
20250409,14:07:09,7.5,
20250409,14:07:10,7.2,
20250409,14:07:10,7,
20250409,14:07:10,6.8,
20250409,14:07:10,6.8,
20250409,14:07:11,6.6,
20250409,14:07:11,6.4,
20250409,14:07:11,6.4,
20250409,14:07:12,6.1,
20250409,14:07:12,6.1,
20250409,14:07:12,6,
20250409,14:07:12,6,
20250409,14:07:13,5.8,
20250409,14:07:13,5.8,
20250409,14:07:13,5.9,
20250409,14:07:13,6,
20250409,14:07:14,6.1,
20250409,14:07:14,6.1,
20250409,14:07:14,6.2,
20250409,14:07:15,6.2,
20250409,14:07:15,6.2,
20250409,14:07:15,6.2,
20250409,14:07:15,6.2,
20250409,14:07:16,6.2,
20250409,14:07:16,6.2,
20250409,14:07:16,6.2,
20250409,14:07:16,6.2,
20250409,14:07:17,6.1,
20250409,14:07:17,6.1,
20250409,14:07:17,6,
20250409,14:07:18,6,
20250409,14:07:18,6,
20250409,14:07:18,6,
20250409,14:07:18,6,
20250409,14:07:19,6,
20250409,14:07:19,6,
20250409,14:07:19,6,
20250409,14:07:19,6,
20250409,14:07:20,6,
20250409,14:07:20,6,
20250409,14:07:20,6,
20250409,14:07:21,6,
20250409,14:07:21,6,
20250409,14:07:21,6.1,
20250409,14:07:21,6.1,
20250409,14:07:22,6,
20250409,14:07:22,6,
20250409,14:07:22,5.8,
20250409,14:07:22,5.4,
20250409,14:07:23,5.4,
20250409,14:07:23,5.6,
20250409,14:07:23,5.8,
20250409,14:07:24,6.1,
20250409,14:07:24,6.5,
20250409,14:07:24,6.9,
20250409,14:07:24,7.2,
20250409,14:07:25,7.4,
20250409,14:07:25,7.5,
20250409,14:07:25,7.4,
20250409,14:07:26,7.3,
20250409,14:07:26,7,
20250409,14:07:26,6.8,
20250409,14:07:26,6.8,
20250409,14:07:27,6.8,
20250409,14:07:27,6.7,
20250409,14:07:27,6.4,
20250409,14:07:27,6.2,
20250409,14:07:28,5.9,
20250409,14:07:28,6,
20250409,14:07:28,7,
20250409,14:07:29,8.7,
20250409,14:07:29,10.1,
20250409,14:07:29,10.6,
20250409,14:07:29,10.3,
20250409,14:07:30,9.9,
20250409,14:07:30,9.3,
20250409,14:07:30,8.7,
20250409,14:07:30,8.1,
20250409,14:07:31,7.8,
20250409,14:07:31,7.5,
20250409,14:07:31,7.3,
20250409,14:07:32,7,
20250409,14:07:32,6.8,
20250409,14:07:32,6.4,
20250409,14:07:32,6.1,
20250409,14:07:33,6.2,
20250409,14:07:33,6.1,
20250409,14:07:33,6,
20250409,14:07:33,6,
20250409,14:07:34,6,
20250409,14:07:34,5.8,
20250409,14:07:34,5.6,
20250409,14:07:35,5.2,
20250409,14:07:35,5.1,
20250409,14:07:35,5.7,
20250409,14:07:35,7.4,
20250409,14:07:36,9.5,
20250409,14:07:36,11.4,
20250409,14:07:36,12.3,
20250409,14:07:37,12.7,
20250409,14:07:37,12.4,
20250409,14:07:37,12,
20250409,14:07:37,11.4,
20250409,14:07:38,10.8,
20250409,14:07:38,10.2,
20250409,14:07:38,9.6,
20250409,14:07:38,9.2,
20250409,14:07:39,8.6,
20250409,14:07:39,8.2,
20250409,14:07:39,7.8,
20250409,14:07:40,7.7,
20250409,14:07:40,7.5,
20250409,14:07:40,7.3,
20250409,14:07:40,7.1,
20250409,14:07:41,6.8,
20250409,14:07:41,6.8,
20250409,14:07:41,7,
20250409,14:07:41,7.7,
20250409,14:07:42,8.2,
20250409,14:07:42,8.6,
20250409,14:07:42,8.9,
20250409,14:07:43,8.8,
20250409,14:07:43,8.6,
20250409,14:07:43,8.3,
20250409,14:07:43,7.9,
20250409,14:07:44,7.6,
20250409,14:07:44,7.2,
20250409,14:07:44,7,
20250409,14:07:44,6.8,
20250409,14:07:45,6.6,
20250409,14:07:45,6.3,
20250409,14:07:45,6.1,
20250409,14:07:46,6.1,
20250409,14:07:46,6.2,
20250409,14:07:46,6.2,
20250409,14:07:46,6.3,
20250409,14:07:47,6.4,
20250409,14:07:47,6.1,
20250409,14:07:47,6.1,
20250409,14:07:47,6,
20250409,14:07:48,5.8,
20250409,14:07:48,5.8,
20250409,14:07:48,5.7,
20250409,14:07:49,5.8,
20250409,14:07:49,6,
20250409,14:07:49,6.1,
20250409,14:07:49,6.2,
20250409,14:07:50,6.3,
20250409,14:07:50,6.3,
20250409,14:07:50,6.2,
20250409,14:07:51,6.5,
20250409,14:07:51,6.6,
20250409,14:07:51,6.8,
20250409,14:07:51,6.8,
20250409,14:07:52,6.8,
20250409,14:07:52,6.8,
20250409,14:07:52,6.6,
20250409,14:07:52,6.5,
20250409,14:07:53,6.4,
20250409,14:07:53,6.2,
20250409,14:07:53,6,
20250409,14:07:54,6,
20250409,14:07:54,5.9,
20250409,14:07:54,5.9,
20250409,14:07:54,5.8,
20250409,14:07:55,5.7,
20250409,14:07:55,5.6,
20250409,14:07:55,5.6,
20250409,14:07:55,5.5,
20250409,14:07:56,5.5,
20250409,14:07:56,5.5,
20250409,14:07:56,5.7,
20250409,14:07:57,5.9,
20250409,14:07:57,6,
20250409,14:07:57,6.3,
20250409,14:07:57,6.3,
20250409,14:07:58,6.3,
20250409,14:07:58,6.3,
20250409,14:07:58,6.4,
20250409,14:07:58,6.6,
20250409,14:07:59,6.6,
20250409,14:07:59,6.6,
20250409,14:07:59,6.5,
20250409,14:08:00,6.2,
20250409,14:08:00,6.3,
20250409,14:08:00,6.3,
20250409,14:08:00,6.2,
20250409,14:08:01,6.2,
20250409,14:08:01,6.1,
20250409,14:08:01,6.1,
20250409,14:08:01,6,
20250409,14:08:02,5.8,
20250409,14:08:02,5.8,
20250409,14:08:02,6,
20250409,14:08:03,6.3,
20250409,14:08:03,6.7,
20250409,14:08:03,6.8,
20250409,14:08:03,6.9,
20250409,14:08:04,6.9,
20250409,14:08:04,6.8,
20250409,14:08:04,6.8,
20250409,14:08:05,6.5,
20250409,14:08:05,6.4,
20250409,14:08:05,6.1,
20250409,14:08:05,6.1,
20250409,14:08:06,6,
20250409,14:08:06,6,
20250409,14:08:06,5.9,
20250409,14:08:06,6,
20250409,14:08:07,6,
20250409,14:08:07,6,
20250409,14:08:07,6,
20250409,14:08:08,5.9,
20250409,14:08:08,5.9,
20250409,14:08:08,5.7,
20250409,14:08:08,5.7,
20250409,14:08:09,5.6,
20250409,14:08:09,5.6,
20250409,14:08:09,5.7,
20250409,14:08:09,5.5,
20250409,14:08:10,5.5,
20250409,14:08:10,5.4,
20250409,14:08:10,5.4,
20250409,14:08:11,5.4,
20250409,14:08:11,5.3,
20250409,14:08:11,5.3,
20250409,14:08:11,5.3,
20250409,14:08:12,5.3,
20250409,14:08:12,5.1,
20250409,14:08:12,5,
20250409,14:08:12,4.8,
20250409,14:08:13,5,
20250409,14:08:13,5.3,
20250409,14:08:13,5.8,
20250409,14:08:14,6,
20250409,14:08:14,6,
20250409,14:08:14,5.9,
20250409,14:08:14,5.8,
20250409,14:08:15,5.9,
20250409,14:08:15,6.1,
20250409,14:08:15,6.2,
20250409,14:08:15,6,
20250409,14:08:16,5.9,
20250409,14:08:16,5.5,
20250409,14:08:16,5.4,
20250409,14:08:17,5.2,
20250409,14:08:17,5.2,
20250409,14:08:17,5.1,
20250409,14:08:17,5,
20250409,14:08:18,4.8,
20250409,14:08:18,4.6,
20250409,14:08:18,4.4,
20250409,14:08:19,4.3,
20250409,14:08:19,4.6,
20250409,14:08:19,4.8,
20250409,14:08:19,5,
20250409,14:08:20,5.1,
20250409,14:08:20,5.3,
20250409,14:08:20,5.3,
20250409,14:08:20,5.3,
20250409,14:08:21,5.1,
20250409,14:08:21,5,
20250409,14:08:21,4.8,
20250409,14:08:22,4.6,
20250409,14:08:22,4.5,
20250409,14:08:22,4.3,
20250409,14:08:22,4.2,
20250409,14:08:23,4.2,
20250409,14:08:23,4.2,
20250409,14:08:23,4.3,
20250409,14:08:23,4.3,
20250409,14:08:24,4.4,
20250409,14:08:24,4.5,
20250409,14:08:24,4.5,
20250409,14:08:25,4.4,
20250409,14:08:25,4.4,
20250409,14:08:25,4.3,
20250409,14:08:25,4.5,
20250409,14:08:26,4.6,
20250409,14:08:26,4.6,
20250409,14:08:26,4.6,
20250409,14:08:26,4.6,
20250409,14:08:27,4.4,
20250409,14:08:27,4.4,
20250409,14:08:27,4.3,
20250409,14:08:28,4.2,
20250409,14:08:28,4.1,
20250409,14:08:28,4.1,
20250409,14:08:28,4.3,
20250409,14:08:29,4.7,
20250409,14:08:29,4.8,
20250409,14:08:29,4.8,
20250409,14:08:29,4.8,
20250409,14:08:30,4.7,
20250409,14:08:30,4.6,
20250409,14:08:30,4.5,
20250409,14:08:31,4.4,
20250409,14:08:31,4.4,
20250409,14:08:31,4.3,
20250409,14:08:31,4.3,
20250409,14:08:32,4.3,
20250409,14:08:32,4.3,
20250409,14:08:32,4.2,
20250409,14:08:33,4.2,
20250409,14:08:33,4.2,
20250409,14:08:33,4.1,
20250409,14:08:33,4.1,
20250409,14:08:34,4,
20250409,14:08:34,4,
20250409,14:08:34,4,
20250409,14:08:34,3.9,
20250409,14:08:35,3.8,
20250409,14:08:35,3.6,
20250409,14:08:35,3.6,
20250409,14:08:36,3.6,
20250409,14:08:36,3.5,
20250409,14:08:36,3.4,
20250409,14:08:36,3.6,
20250409,14:08:37,3.9,
20250409,14:08:37,4.3,
20250409,14:08:37,5,
20250409,14:08:37,5.3,
20250409,14:08:38,5.6,
20250409,14:08:38,5.7,
20250409,14:08:38,5.6,
20250409,14:08:39,5.5,
20250409,14:08:39,5.3,
20250409,14:08:39,5.2,
20250409,14:08:39,5,
20250409,14:08:40,4.8,
20250409,14:08:40,4.7,
20250409,14:08:40,4.6,
20250409,14:08:40,4.5,
20250409,14:08:41,4.4,
20250409,14:08:41,4.4,
20250409,14:08:41,4.4,
20250409,14:08:42,4.3,
20250409,14:08:42,4.3,
20250409,14:08:42,4.4,
20250409,14:08:42,4.5,
20250409,14:08:43,4.5,
20250409,14:08:43,4.6,
20250409,14:08:43,4.8,
20250409,14:08:43,4.7,
20250409,14:08:44,4.7,
20250409,14:08:44,4.8,
20250409,14:08:44,4.7,
20250409,14:08:45,4.4,
20250409,14:08:45,4.1,
20250409,14:08:45,4.1,
20250409,14:08:45,4.7,
20250409,14:08:46,5.6,
20250409,14:08:46,6.4,
20250409,14:08:46,6.6,
20250409,14:08:47,6.4,
20250409,14:08:47,6,
20250409,14:08:47,5.4,
20250409,14:08:47,5.1,
20250409,14:08:48,4.7,
20250409,14:08:48,4.3,
20250409,14:08:48,4.2,
20250409,14:08:48,4.2,
20250409,14:08:49,3.9,
20250409,14:08:49,3.7,
20250409,14:08:49,4,
20250409,14:08:50,4.3,
20250409,14:08:50,4.5,
20250409,14:08:50,4.9,
20250409,14:08:50,5,
20250409,14:08:51,4.9,
20250409,14:08:51,4.7,
20250409,14:08:51,4.6,
20250409,14:08:51,4.8,
20250409,14:08:52,5,
20250409,14:08:52,5.1,
20250409,14:08:52,5.2,
20250409,14:08:53,5.3,
20250409,14:08:53,5.3,
20250409,14:08:53,5.2,
20250409,14:08:53,5,
20250409,14:08:54,5,
20250409,14:08:54,5,
20250409,14:08:54,4.9,
20250409,14:08:54,5,
20250409,14:08:55,5,
20250409,14:08:55,4.9,
20250409,14:08:55,4.9,
20250409,14:08:56,4.8,
20250409,14:08:56,4.8,
20250409,14:08:56,4.6,
20250409,14:08:56,4.6,
20250409,14:08:57,4.7,
20250409,14:08:57,4.6,
20250409,14:08:57,4.7,
20250409,14:08:57,4.9,
20250409,14:08:58,4.8,
20250409,14:08:58,4.7,
20250409,14:08:58,4.6,
20250409,14:08:59,4.5,
20250409,14:08:59,4.4,
20250409,14:08:59,4.4,
20250409,14:08:59,4.4,
20250409,14:09:00,4.6,
20250409,14:09:00,5,
20250409,14:09:00,5.2,
20250409,14:09:01,5.3,
20250409,14:09:01,5.4,
20250409,14:09:01,5.4,
20250409,14:09:01,5.3,
20250409,14:09:02,5.3,
20250409,14:09:02,5.1,
20250409,14:09:02,5.1,
20250409,14:09:02,5.1,
20250409,14:09:03,5,
20250409,14:09:03,5.1,
20250409,14:09:03,5.2,
20250409,14:09:04,5.4,
20250409,14:09:04,5.4,
20250409,14:09:04,5.5,
20250409,14:09:04,5.7,
20250409,14:09:05,5.6,
20250409,14:09:05,5.6,
20250409,14:09:05,5.5,
20250409,14:09:05,5.1,
20250409,14:09:06,4.8,
20250409,14:09:06,4.7,
20250409,14:09:06,4.6,
20250409,14:09:07,4.4,
20250409,14:09:07,4.5,
20250409,14:09:07,4.5,
20250409,14:09:07,4.6,
20250409,14:09:08,5,
20250409,14:09:08,5.3,
20250409,14:09:08,5.7,
20250409,14:09:08,5.9,
20250409,14:09:09,6,
20250409,14:09:09,6,
20250409,14:09:09,5.7,
20250409,14:09:10,5.5,
20250409,14:09:10,5.5,
20250409,14:09:10,5.4,
20250409,14:09:10,5.6,
20250409,14:09:11,5.5,
20250409,14:09:11,5.5,
20250409,14:09:11,5.6,
20250409,14:09:11,5.6,
20250409,14:09:12,5.5,
20250409,14:09:12,5.3,
20250409,14:09:12,5.2,
20250409,14:09:13,5.1,
20250409,14:09:13,5,
20250409,14:09:13,5,
20250409,14:09:13,4.8,
20250409,14:09:14,4.8,
20250409,14:09:14,4.7,
20250409,14:09:14,4.7,
20250409,14:09:15,4.6,
20250409,14:09:15,4.6,
20250409,14:09:15,4.6,
20250409,14:09:15,4.5,
20250409,14:09:16,4.5,
20250409,14:09:16,4.6,
20250409,14:09:16,4.5,
20250409,14:09:16,4.5,
20250409,14:09:17,4.4,
20250409,14:09:17,4.4,
20250409,14:09:17,4.4,
20250409,14:09:18,4.5,
20250409,14:09:18,4.4,
20250409,14:09:18,4.4,
20250409,14:09:18,4.4,
20250409,14:09:19,4.4,
20250409,14:09:19,4.5,
20250409,14:09:19,4.5,
20250409,14:09:19,4.5,
20250409,14:09:20,4.6,
20250409,14:09:20,4.7,
20250409,14:09:20,4.7,
20250409,14:09:21,4.7,
20250409,14:09:21,4.6,
20250409,14:09:21,4.7,
20250409,14:09:21,4.8,
20250409,14:09:22,4.8,
20250409,14:09:22,4.9,
20250409,14:09:22,4.9,
20250409,14:09:22,5.1,
20250409,14:09:23,5.1,
20250409,14:09:23,5.1,
20250409,14:09:23,5.1,
20250409,14:09:24,5.1,
20250409,14:09:24,5.1,
20250409,14:09:24,5.4,
20250409,14:09:24,5.8,
20250409,14:09:25,6.2,
20250409,14:09:25,6.6,
20250409,14:09:25,6.8,
20250409,14:09:26,6.8,
20250409,14:09:26,6.9,
20250409,14:09:26,7,
20250409,14:09:26,6.7,
20250409,14:09:27,6.6,
20250409,14:09:27,6.2,
20250409,14:09:27,6.2,
20250409,14:09:27,6.5,
20250409,14:09:28,6.8,
20250409,14:09:28,6.8,
20250409,14:09:28,7,
20250409,14:09:29,7.1,
20250409,14:09:29,7.3,
20250409,14:09:29,7.5,
20250409,14:09:29,7.2,
20250409,14:09:30,6.6,
20250409,14:09:30,6.6,
20250409,14:09:30,7,
20250409,14:09:30,7.2,
20250409,14:09:31,7.3,
20250409,14:09:31,7.2,
20250409,14:09:31,7.1,
20250409,14:09:32,7.2,
20250409,14:09:32,7.2,
20250409,14:09:32,7.2,
20250409,14:09:32,7.2,
20250409,14:09:33,7.1,
20250409,14:09:33,7.1,
20250409,14:09:33,7.1,
20250409,14:09:33,7.1,
20250409,14:09:34,7,
20250409,14:09:34,7,
20250409,14:09:34,7.1,
20250409,14:09:35,7,
20250409,14:09:35,7.1,
20250409,14:09:35,7.2,
20250409,14:09:35,7.2,
20250409,14:09:36,7.2,
20250409,14:09:36,7.4,
20250409,14:09:36,7.3,
20250409,14:09:36,7.5,
20250409,14:09:37,7.6,
20250409,14:09:37,7.6,
20250409,14:09:37,7.8,
20250409,14:09:38,8,
20250409,14:09:38,8.1,
20250409,14:09:38,8.1,
20250409,14:09:38,8.2,
20250409,14:09:39,8.2,
20250409,14:09:39,8,
20250409,14:09:39,8,
20250409,14:09:39,8,
20250409,14:09:40,7.9,
20250409,14:09:40,7.8,
20250409,14:09:40,7.7,
20250409,14:09:41,7.8,
20250409,14:09:41,7.9,
20250409,14:09:41,8.3,
20250409,14:09:41,8.7,
20250409,14:09:42,9.1,
20250409,14:09:42,9.2,
20250409,14:09:42,9.2,
20250409,14:09:43,9.2,
20250409,14:09:43,9,
20250409,14:09:43,8.9,
20250409,14:09:43,8.7,
20250409,14:09:44,8.5,
20250409,14:09:44,8.4,
20250409,14:09:44,8.4,
20250409,14:09:44,8.4,
20250409,14:09:45,8.5,
20250409,14:09:45,8.5,
20250409,14:09:45,8.5,
20250409,14:09:46,8.6,
20250409,14:09:46,8.6,
20250409,14:09:46,8.5,
20250409,14:09:46,8.6,
20250409,14:09:47,8.4,
20250409,14:09:47,8.2,
20250409,14:09:47,7.9,
20250409,14:09:47,7.8,
20250409,14:09:48,7.7,
20250409,14:09:48,7.7,
20250409,14:09:48,7.5,
20250409,14:09:49,7.2,
20250409,14:09:49,7.2,
20250409,14:09:49,7.2,
20250409,14:09:49,7.1,
20250409,14:09:50,7.1,
20250409,14:09:50,7.1,
20250409,14:09:50,7,
20250409,14:09:50,7,
20250409,14:09:51,7,
20250409,14:09:51,6.9,
20250409,14:09:51,6.9,
20250409,14:09:52,6.9,
20250409,14:09:52,6.9,
20250409,14:09:52,6.9,
20250409,14:09:52,6.8,
20250409,14:09:53,6.9,
20250409,14:09:53,6.8,
20250409,14:09:53,6.8,
20250409,14:09:53,6.8,
20250409,14:09:54,6.8,
20250409,14:09:54,6.9,
20250409,14:09:54,7.1,
20250409,14:09:55,7.4,
20250409,14:09:55,7.5,
20250409,14:09:55,7.7,
20250409,14:09:55,7.7,
20250409,14:09:56,7.5,
20250409,14:09:56,7.4,
20250409,14:09:56,7.2,
20250409,14:09:57,7.1,
20250409,14:09:57,7,
20250409,14:09:57,6.9,
20250409,14:09:57,7,
20250409,14:09:58,6.9,
20250409,14:09:58,6.8,
20250409,14:09:58,6.5,
20250409,14:09:58,6.2,
20250409,14:09:59,6,
20250409,14:09:59,5.9,
20250409,14:09:59,5.9,
20250409,14:10:00,5.8,
20250409,14:10:00,5.8,
20250409,14:10:00,5.9,
20250409,14:10:00,6,
20250409,14:10:01,6.2,
20250409,14:10:01,6.4,
20250409,14:10:01,6.8,
20250409,14:10:01,6.8,
20250409,14:10:02,6.9,
20250409,14:10:02,7,
20250409,14:10:02,6.9,
20250409,14:10:03,6.8,
20250409,14:10:03,6.6,
20250409,14:10:03,6.6,
20250409,14:10:03,6.4,
20250409,14:10:04,6.2,
20250409,14:10:04,6.1,
20250409,14:10:04,6.1,
20250409,14:10:04,6.2,
20250409,14:10:05,6.4,
20250409,14:10:05,6.7,
20250409,14:10:05,7,
20250409,14:10:06,7.3,
20250409,14:10:06,7.6,
20250409,14:10:06,7.5,
20250409,14:10:06,7.1,
20250409,14:10:07,6.7,
20250409,14:10:07,6.3,
20250409,14:10:07,6.3,
20250409,14:10:07,6.4,
20250409,14:10:08,6.4,
20250409,14:10:08,6.3,
20250409,14:10:08,6.3,
20250409,14:10:09,6.2,
20250409,14:10:09,5.7,
20250409,14:10:09,5.6,
20250409,14:10:09,6.1,
20250409,14:10:10,6.1,
20250409,14:10:10,6.8,
20250409,14:10:10,8.4,
20250409,14:10:11,9.4,
20250409,14:10:11,9.8,
20250409,14:10:11,9.5,
20250409,14:10:11,9.1,
20250409,14:10:12,8.5,
20250409,14:10:12,7.8,
20250409,14:10:12,7.6,
20250409,14:10:12,8,
20250409,14:10:13,9.1,
20250409,14:10:13,9.7,
20250409,14:10:13,10,
20250409,14:10:14,9.7,
20250409,14:10:14,9.3,
20250409,14:10:14,8.7,
20250409,14:10:14,8.4,
20250409,14:10:15,8,
20250409,14:10:15,7.8,
20250409,14:10:15,7.6,
20250409,14:10:15,7.3,
20250409,14:10:16,7.1,
20250409,14:10:16,6.8,
20250409,14:10:16,6.7,
20250409,14:10:17,6.5,
20250409,14:10:17,6.4,
20250409,14:10:17,6.2,
20250409,14:10:17,6.1,
20250409,14:10:18,6.3,
20250409,14:10:18,6.8,
20250409,14:10:18,7,
20250409,14:10:18,7.3,
20250409,14:10:19,7.4,
20250409,14:10:19,7.4,
20250409,14:10:19,7.2,
20250409,14:10:20,7.1,
20250409,14:10:20,7.3,
20250409,14:10:20,7.4,
20250409,14:10:20,7.5,
20250409,14:10:21,7.6,
20250409,14:10:21,7.5,
20250409,14:10:21,7.4,
20250409,14:10:21,7.3,
20250409,14:10:22,7,
20250409,14:10:22,6.8,
20250409,14:10:22,6.6,
20250409,14:10:23,6.3,
20250409,14:10:23,6,
20250409,14:10:23,5.8,
20250409,14:10:23,5.5,
20250409,14:10:24,5.2,
20250409,14:10:24,5.1,
20250409,14:10:24,5.1,
20250409,14:10:25,5.4,
20250409,14:10:25,6,
20250409,14:10:25,6.7,
20250409,14:10:25,7.1,
20250409,14:10:26,7.4,
20250409,14:10:26,7.4,
20250409,14:10:26,7.2,
20250409,14:10:26,7.2,
20250409,14:10:27,7.2,
20250409,14:10:27,7.1,
20250409,14:10:27,7.2,
20250409,14:10:28,7.3,
20250409,14:10:28,7.5,
20250409,14:10:28,7.5,
20250409,14:10:28,7.4,
20250409,14:10:29,7.5,
20250409,14:10:29,8.5,
20250409,14:10:29,10,
20250409,14:10:29,10.9,
20250409,14:10:30,11,
20250409,14:10:30,10.6,
20250409,14:10:30,10.1,
20250409,14:10:31,9.5,
20250409,14:10:31,9.3,
20250409,14:10:31,9.1,
20250409,14:10:31,9,
20250409,14:10:32,8.7,
20250409,14:10:32,8.6,
20250409,14:10:32,8.5,
20250409,14:10:32,8.4,
20250409,14:10:33,8.3,
20250409,14:10:33,8.2,
20250409,14:10:33,8.3,
20250409,14:10:34,8.4,
20250409,14:10:34,8.3,
20250409,14:10:34,8.1,
20250409,14:10:34,7.8,
20250409,14:10:35,7.6,
20250409,14:10:35,7.2,
20250409,14:10:35,6.9,
20250409,14:10:35,6.7,
20250409,14:10:36,6.4,
20250409,14:10:36,6.2,
20250409,14:10:36,6,
20250409,14:10:37,5.8,
20250409,14:10:37,5.6,
20250409,14:10:37,5.5,
20250409,14:10:37,5.3,
20250409,14:10:38,5.2,
20250409,14:10:38,5,
20250409,14:10:38,5,
20250409,14:10:39,4.9,
20250409,14:10:39,4.7,
20250409,14:10:39,4.7,
20250409,14:10:39,4.7,
20250409,14:10:40,4.5,
20250409,14:10:40,4.4,
20250409,14:10:40,4.4,
20250409,14:10:40,4.3,
20250409,14:10:41,4.4,
20250409,14:10:41,4.3,
20250409,14:10:41,4.4,
20250409,14:10:42,4.4,
20250409,14:10:42,4.5,
20250409,14:10:42,4.5,
20250409,14:10:42,4.5,
20250409,14:10:43,4.6,
20250409,14:10:43,4.6,
20250409,14:10:43,4.6,
20250409,14:10:43,4.6,
20250409,14:10:44,4.6,
20250409,14:10:44,4.6,
20250409,14:10:44,4.5,
20250409,14:10:45,4.5,
20250409,14:10:45,4.5,
20250409,14:10:45,4.5,
20250409,14:10:45,4.5,
20250409,14:10:46,4.5,
20250409,14:10:46,4.5,
20250409,14:10:46,4.5,
20250409,14:10:46,4.5,
20250409,14:10:47,4.5,
20250409,14:10:47,4.4,
20250409,14:10:47,4.4,
20250409,14:10:48,4.4,
20250409,14:10:48,4.5,
20250409,14:10:48,4.6,
20250409,14:10:48,5,
20250409,14:10:49,5.1,
20250409,14:10:49,5.3,
20250409,14:10:49,5.4,
20250409,14:10:49,5.4,
20250409,14:10:50,5.5,
20250409,14:10:50,5.4,
20250409,14:10:50,5.4,
20250409,14:10:51,5.3,
20250409,14:10:51,5.3,
20250409,14:10:51,5.3,
20250409,14:10:51,5.3,
20250409,14:10:52,5.3,
20250409,14:10:52,5.3,
20250409,14:10:52,5.3,
20250409,14:10:53,5.3,
20250409,14:10:53,5.3,
20250409,14:10:53,5.3,
20250409,14:10:53,5.2,
20250409,14:10:54,5.3,
20250409,14:10:54,5.3,
20250409,14:10:54,5.4,
20250409,14:10:54,5.5,
20250409,14:10:55,5.5,
20250409,14:10:55,5.5,
20250409,14:10:55,5.5,
20250409,14:10:56,5.5,
20250409,14:10:56,5.5,
20250409,14:10:56,5.5,
20250409,14:10:56,5.6,
20250409,14:10:57,5.8,
20250409,14:10:57,6,
20250409,14:10:57,6.2,
20250409,14:10:57,6.4,
20250409,14:10:58,6.6,
20250409,14:10:58,6.6,
20250409,14:10:58,6.7,
20250409,14:10:59,6.7,
20250409,14:10:59,6.7,
20250409,14:10:59,6.8,
20250409,14:10:59,6.7,
20250409,14:11:00,6.7,
20250409,14:11:00,6.7,
20250409,14:11:00,6.7,
20250409,14:11:00,6.7,
20250409,14:11:01,6.7,
20250409,14:11:01,6.7,
20250409,14:11:01,6.7,
20250409,14:11:02,6.6,
20250409,14:11:02,6.6,
20250409,14:11:02,6.7,
20250409,14:11:02,6.7,
20250409,14:11:03,7,
20250409,14:11:03,7.4,
20250409,14:11:03,7.5,
20250409,14:11:03,7.4,
20250409,14:11:04,7.3,
20250409,14:11:04,7.3,
20250409,14:11:04,7.4,
20250409,14:11:05,7.7,
20250409,14:11:05,8.2,
20250409,14:11:05,8.3,
20250409,14:11:05,8.3,
20250409,14:11:06,8.2,
20250409,14:11:06,8.2,
20250409,14:11:06,8.2,
20250409,14:11:07,8,
20250409,14:11:07,7.8,
20250409,14:11:07,7.8,
20250409,14:11:07,7.8,
20250409,14:11:08,7.9,
20250409,14:11:08,7.9,
20250409,14:11:08,8,
20250409,14:11:08,8.1,
20250409,14:11:09,8.5,
20250409,14:11:09,8.6,
20250409,14:11:09,8.5,
20250409,14:11:10,8.3,
20250409,14:11:10,8.3,
20250409,14:11:10,8,
20250409,14:11:10,7.9,
20250409,14:11:11,7.7,
20250409,14:11:11,7.7,
20250409,14:11:11,7.7,
20250409,14:11:11,7.7,
20250409,14:11:12,7.7,
20250409,14:11:12,7.9,
20250409,14:11:12,8.3,
20250409,14:11:13,8.5,
20250409,14:11:13,8.6,
20250409,14:11:13,8.6,
20250409,14:11:13,8.6,
20250409,14:11:14,8.5,
20250409,14:11:14,8.5,
20250409,14:11:14,8.3,
20250409,14:11:14,8.3,
20250409,14:11:15,8.5,
20250409,14:11:15,8.5,
20250409,14:11:15,8.6,
20250409,14:11:16,8.5,
20250409,14:11:16,8.6,
20250409,14:11:16,8.5,
20250409,14:11:16,8.4,
20250409,14:11:17,8.3,
20250409,14:11:17,8.3,
20250409,14:11:17,8.2,
20250409,14:11:17,8.1,
20250409,14:11:18,8.1,
20250409,14:11:18,8.2,
20250409,14:11:18,8.3,
20250409,14:11:19,8.4,
20250409,14:11:19,8.5,
20250409,14:11:19,8.5,
20250409,14:11:19,8.7,
20250409,14:11:20,8.6,
20250409,14:11:20,8.8,
20250409,14:11:20,9,
20250409,14:11:21,9.4,
20250409,14:11:21,9.5,
20250409,14:11:21,9.5,
20250409,14:11:21,9.4,
20250409,14:11:22,9.4,
20250409,14:11:22,9.2,
20250409,14:11:22,9,
20250409,14:11:22,9,
20250409,14:11:23,8.9,
20250409,14:11:23,8.9,
20250409,14:11:23,8.9,
20250409,14:11:24,8.8,
20250409,14:11:24,8.8,
20250409,14:11:24,8.8,
20250409,14:11:24,8.8,
20250409,14:11:25,8.7,
20250409,14:11:25,8.7,
20250409,14:11:25,8.7,
20250409,14:11:25,8.8,
20250409,14:11:26,8.7,
20250409,14:11:26,8.7,
20250409,14:11:26,8.7,
20250409,14:11:27,8.7,
20250409,14:11:27,8.8,
20250409,14:11:27,8.7,
20250409,14:11:27,8.8,
20250409,14:11:28,8.7,
20250409,14:11:28,8.7,
20250409,14:11:28,8.7,
20250409,14:11:28,8.8,
20250409,14:11:29,8.7,
20250409,14:11:29,8.7,
20250409,14:11:29,8.7,
20250409,14:11:30,8.7,
20250409,14:11:30,8.7,
20250409,14:11:30,8.7,
20250409,14:11:30,8.7,
20250409,14:11:31,8.6,
20250409,14:11:31,8.5,
20250409,14:11:31,8.6,
20250409,14:11:31,8.6,
20250409,14:11:32,8.7,
20250409,14:11:32,9,
20250409,14:11:32,9.2,
20250409,14:11:33,9.4,
20250409,14:11:33,9.4,
20250409,14:11:33,9.3,
20250409,14:11:33,8.7,
20250409,14:11:34,8.1,
20250409,14:11:34,7.8,
20250409,14:11:34,8,
20250409,14:11:35,8.1,
20250409,14:11:35,8.2,
20250409,14:11:35,8.1,
20250409,14:11:35,8,
20250409,14:11:36,7.9,
20250409,14:11:36,7.8,
20250409,14:11:36,7.7,
20250409,14:11:36,7.7,
20250409,14:11:37,7.6,
20250409,14:11:37,7.6,
20250409,14:11:37,7.5,
20250409,14:11:38,7.5,
20250409,14:11:38,7.5,
20250409,14:11:38,7.4,
20250409,14:11:38,7.5,
20250409,14:11:39,7.4,
20250409,14:11:39,7.4,
20250409,14:11:39,7.5,
20250409,14:11:39,7.6,
20250409,14:11:40,8,
20250409,14:11:40,8.5,
20250409,14:11:40,8.9,
20250409,14:11:41,9.1,
20250409,14:11:41,9.1,
20250409,14:11:41,9.1,
20250409,14:11:41,8.9,
20250409,14:11:42,8.7,
20250409,14:11:42,8.6,
20250409,14:11:42,8.2,
20250409,14:11:42,8.3,
20250409,14:11:43,7.7,
20250409,14:11:43,7.6,
20250409,14:11:43,7.6,
20250409,14:11:44,7.5,
20250409,14:11:44,7.1,
20250409,14:11:44,6.4,
20250409,14:11:44,6,
20250409,14:11:45,6,
20250409,14:11:45,6,
20250409,14:11:45,5.8,
20250409,14:11:45,6,
20250409,14:11:46,6.6,
20250409,14:11:46,7.2,
20250409,14:11:46,7.3,
20250409,14:11:47,7.2,
20250409,14:11:47,7.1,
20250409,14:11:47,7.1,
20250409,14:11:47,7.8,
20250409,14:11:48,8.1,
20250409,14:11:48,8.4,
20250409,14:11:48,8.4,
20250409,14:11:48,8.1,
20250409,14:11:49,8,
20250409,14:11:49,7.9,
20250409,14:11:49,7.9,
20250409,14:11:50,8,
20250409,14:11:50,8,
20250409,14:11:50,8,
20250409,14:11:50,8,
20250409,14:11:51,8,
20250409,14:11:51,8,
20250409,14:11:51,8.2,
20250409,14:11:52,8.3,
20250409,14:11:52,8.4,
20250409,14:11:52,8.5,
20250409,14:11:52,8.6,
20250409,14:11:53,8.7,
20250409,14:11:53,8.7,
20250409,14:11:53,9.2,
20250409,14:11:53,8.8,
20250409,14:11:54,9,
20250409,14:11:54,9.3,
20250409,14:11:54,8.9,
20250409,14:11:55,8.8,
20250409,14:11:55,8.8,
20250409,14:11:55,8.5,
20250409,14:11:55,8,
20250409,14:11:56,7.8,
20250409,14:11:56,7.8,
20250409,14:11:56,7.8,
20250409,14:11:56,7.7,
20250409,14:11:57,7.6,
20250409,14:11:57,7.5,
20250409,14:11:57,7.4,
20250409,14:11:58,7.4,
20250409,14:11:58,7.4,
20250409,14:11:58,7.6,
20250409,14:11:58,7.6,
20250409,14:11:59,7.7,
20250409,14:11:59,7.7,
20250409,14:11:59,7.9,
20250409,14:11:59,8.2,
20250409,14:12:00,8.4,
20250409,14:12:00,8.6,
20250409,14:12:00,8.7,
20250409,14:12:01,8.7,
20250409,14:12:01,8.6,
20250409,14:12:01,8.5,
20250409,14:12:01,8.5,
20250409,14:12:02,8.5,
20250409,14:12:02,8.5,
20250409,14:12:02,8.5,
20250409,14:12:03,8.5,
20250409,14:12:03,8.4,
20250409,14:12:03,8.5,
20250409,14:12:03,8.5,
20250409,14:12:04,8.6,
20250409,14:12:04,8.7,
20250409,14:12:04,8.8,
20250409,14:12:04,8.8,
20250409,14:12:05,8.7,
20250409,14:12:05,8.8,
20250409,14:12:05,8.9,
20250409,14:12:06,9.1,
20250409,14:12:06,9.6,
20250409,14:12:06,9.9,
20250409,14:12:06,9.7,
20250409,14:12:07,9.4,
20250409,14:12:07,9.4,
20250409,14:12:07,9.4,
20250409,14:12:07,9.5,
20250409,14:12:08,9.3,
20250409,14:12:08,8.9,
20250409,14:12:08,8.8,
20250409,14:12:09,8.9,
20250409,14:12:09,9.2,
20250409,14:12:09,9.4,
20250409,14:12:09,9.5,
20250409,14:12:10,9.4,
20250409,14:12:10,9.3,
20250409,14:12:10,9.1,
20250409,14:12:10,9,
20250409,14:12:11,8.8,
20250409,14:12:11,8.6,
20250409,14:12:11,8.6,
20250409,14:12:12,8.5,
20250409,14:12:12,8.7,
20250409,14:12:12,8.9,
20250409,14:12:12,9,
20250409,14:12:13,9.1,
20250409,14:12:13,9.2,
20250409,14:12:13,9.2,
20250409,14:12:13,9.2,
20250409,14:12:14,9.1,
20250409,14:12:14,9,
20250409,14:12:14,8.9,
20250409,14:12:15,8.8,
20250409,14:12:15,8.7,
20250409,14:12:15,8.7,
20250409,14:12:15,8.6,
20250409,14:12:16,8.7,
20250409,14:12:16,8.6,
20250409,14:12:16,8.6,
20250409,14:12:17,8.8,
20250409,14:12:17,8.9,
20250409,14:12:17,8.9,
20250409,14:12:17,8.9,
20250409,14:12:18,8.9,
20250409,14:12:18,9.1,
20250409,14:12:18,9.1,
20250409,14:12:18,9.1,
20250409,14:12:19,9.2,
20250409,14:12:19,9.3,
20250409,14:12:19,9.4,
20250409,14:12:20,9.3,
20250409,14:12:20,9.3,
20250409,14:12:20,9.2,
20250409,14:12:20,9.1,
20250409,14:12:21,9,
20250409,14:12:21,9,
20250409,14:12:21,9,
20250409,14:12:21,9,
20250409,14:12:22,8.9,
20250409,14:12:22,8.7,
20250409,14:12:22,8.4,
20250409,14:12:23,8.6,
20250409,14:12:23,9.4,
20250409,14:12:23,9.6,
20250409,14:12:23,9.5,
20250409,14:12:24,9.4,
20250409,14:12:24,9.4,
20250409,14:12:24,9.3,
20250409,14:12:24,8.9,
20250409,14:12:25,8.7,
20250409,14:12:25,8.6,
20250409,14:12:25,8.6,
20250409,14:12:26,8.5,
20250409,14:12:26,8.6,
20250409,14:12:26,8.6,
20250409,14:12:26,8.6,
20250409,14:12:27,8.5,
20250409,14:12:27,8.4,
20250409,14:12:27,8.5,
20250409,14:12:27,8.4,
20250409,14:12:28,8.1,
20250409,14:12:28,8,
20250409,14:12:28,8,
20250409,14:12:29,8.1,
20250409,14:12:29,8.5,
20250409,14:12:29,8.8,
20250409,14:12:29,9.2,
20250409,14:12:30,9.4,
20250409,14:12:30,9.4,
20250409,14:12:30,9.2,
20250409,14:12:31,9.1,
20250409,14:12:31,8.8,
20250409,14:12:31,8.7,
20250409,14:12:31,8.6,
20250409,14:12:32,8.6,
20250409,14:12:32,8.5,
20250409,14:12:32,8.5,
20250409,14:12:32,8.5,
20250409,14:12:33,8.5,
20250409,14:12:33,8.5,
20250409,14:12:33,8.5,
20250409,14:12:34,8.6,
20250409,14:12:34,9,
20250409,14:12:34,9.5,
20250409,14:12:34,10,
20250409,14:12:35,10.1,
20250409,14:12:35,9.8,
20250409,14:12:35,9.4,
20250409,14:12:35,9.1,
20250409,14:12:36,8.9,
20250409,14:12:36,8.9,
20250409,14:12:36,8.9,
20250409,14:12:37,8.9,
20250409,14:12:37,8.9,
20250409,14:12:37,8.9,
20250409,14:12:37,8.8,
20250409,14:12:38,8.6,
20250409,14:12:38,8.5,
20250409,14:12:38,8.5,
20250409,14:12:38,8.5,
20250409,14:12:39,8.6,
20250409,14:12:39,8.6,
20250409,14:12:39,8.7,
20250409,14:12:40,8.6,
20250409,14:12:40,8.8,
20250409,14:12:40,9,
20250409,14:12:40,9.3,
20250409,14:12:41,9.5,
20250409,14:12:41,9.6,
20250409,14:12:41,9.6,
20250409,14:12:41,9.5,
20250409,14:12:42,9.4,
20250409,14:12:42,9.4,
20250409,14:12:42,9.3,
20250409,14:12:43,9.1,
20250409,14:12:43,9.1,
20250409,14:12:43,9.1,
20250409,14:12:43,9.1,
20250409,14:12:44,9.3,
20250409,14:12:44,9.4,
20250409,14:12:44,9.4,
20250409,14:12:45,9.5,
20250409,14:12:45,9.5,
20250409,14:12:45,9.6,
20250409,14:12:45,9.7,
20250409,14:12:46,9.8,
20250409,14:12:46,9.5,
20250409,14:12:46,8.8,
20250409,14:12:46,9.3,
20250409,14:12:47,9.3,
20250409,14:12:47,9.2,
20250409,14:12:47,8.2,
20250409,14:12:48,8.5,
20250409,14:12:48,9.4,
20250409,14:12:48,9.6,
20250409,14:12:48,9.5,
20250409,14:12:49,9.7,
20250409,14:12:49,9.8,
20250409,14:12:49,9.9,
20250409,14:12:49,10,
20250409,14:12:50,10.2,
20250409,14:12:50,10.4,
20250409,14:12:50,10.9,
20250409,14:12:51,10.9,
20250409,14:12:51,11.1,
20250409,14:12:51,10.2,
20250409,14:12:51,10,
20250409,14:12:52,9.8,
20250409,14:12:52,9.9,
20250409,14:12:52,10,
20250409,14:12:52,9.9,
20250409,14:12:53,10,
20250409,14:12:53,10.1,
20250409,14:12:53,10.2,
20250409,14:12:54,10.2,
20250409,14:12:54,10.2,
20250409,14:12:54,10.2,
20250409,14:12:54,10.2,
20250409,14:12:55,10.3,
20250409,14:12:55,10.3,
20250409,14:12:55,10.3,
20250409,14:12:56,10.3,
20250409,14:12:56,10.3,
20250409,14:12:56,10.3,
20250409,14:12:56,10.3,
20250409,14:12:57,10.3,
20250409,14:12:57,10.3,
20250409,14:12:57,10.3,
20250409,14:12:57,10.2,
20250409,14:12:58,10.2,
20250409,14:12:58,10.2,
20250409,14:12:58,10.3,
20250409,14:12:59,10.2,
20250409,14:12:59,10.2,
20250409,14:12:59,10.2,
20250409,14:12:59,10,
20250409,14:13:00,9.8,
20250409,14:13:00,9.7,
20250409,14:13:00,9.7,
20250409,14:13:00,9.8,
20250409,14:13:01,9.7,
20250409,14:13:01,9.7,
20250409,14:13:01,9.8,
20250409,14:13:02,9.8,
20250409,14:13:02,9.8,
20250409,14:13:02,9.8,
20250409,14:13:02,9.9,
20250409,14:13:03,9.9,
20250409,14:13:03,9.9,
20250409,14:13:03,9.9,
20250409,14:13:03,9.9,
20250409,14:13:04,10,
20250409,14:13:04,10,
20250409,14:13:04,10,
20250409,14:13:05,9.9,
20250409,14:13:05,10,
20250409,14:13:05,10.1,
20250409,14:13:05,10.2,
20250409,14:13:06,10.2,
20250409,14:13:06,10.2,
20250409,14:13:06,10.2,
20250409,14:13:07,10.1,
20250409,14:13:07,10.1,
20250409,14:13:07,10.2,
20250409,14:13:07,10.4,
20250409,14:13:08,10.9,
20250409,14:13:08,10.9,
20250409,14:13:08,11.1,
20250409,14:13:08,10.8,
20250409,14:13:09,10.9,
20250409,14:13:09,11.1,
20250409,14:13:09,11.1,
20250409,14:13:10,11,
20250409,14:13:10,10.9,
20250409,14:13:10,10.9,
20250409,14:13:10,11,
20250409,14:13:11,11,
20250409,14:13:11,10.9,
20250409,14:13:11,10.5,
20250409,14:13:11,10.5,
20250409,14:13:12,10.6,
20250409,14:13:12,10.5,
20250409,14:13:12,10.7,
20250409,14:13:13,10.9,
20250409,14:13:13,11.1,
20250409,14:13:13,11.2,
20250409,14:13:13,11.1,
20250409,14:13:14,11.1,
20250409,14:13:14,10.9,
20250409,14:13:14,10.1,
20250409,14:13:15,9.8,
20250409,14:13:15,9.7,
20250409,14:13:15,9.7,
20250409,14:13:15,9.4,
20250409,14:13:16,9.4,
20250409,14:13:16,9.4,
20250409,14:13:16,9.3,
20250409,14:13:16,9.2,
20250409,14:13:17,9.2,
20250409,14:13:17,9.1,
20250409,14:13:17,9,
20250409,14:13:18,8.8,
20250409,14:13:18,8.6,
20250409,14:13:18,8.6,
20250409,14:13:18,8.5,
20250409,14:13:19,8.5,
20250409,14:13:19,8.5,
20250409,14:13:19,8.7,
20250409,14:13:19,9.1,
20250409,14:13:20,9.6,
20250409,14:13:20,9.9,
20250409,14:13:20,10.2,
20250409,14:13:21,10.2,
20250409,14:13:21,10.1,
20250409,14:13:21,10,
20250409,14:13:21,9.8,
20250409,14:13:22,9.6,
20250409,14:13:22,9.5,
20250409,14:13:22,9.4,
20250409,14:13:22,9.3,
20250409,14:13:23,9.3,
20250409,14:13:23,9.4,
20250409,14:13:23,9.6,
20250409,14:13:24,9.8,
20250409,14:13:24,9.9,
20250409,14:13:24,9.9,
20250409,14:13:24,9.9,
20250409,14:13:25,9.8,
20250409,14:13:25,9.7,
20250409,14:13:25,9.5,
20250409,14:13:26,9.4,
20250409,14:13:26,9.4,
20250409,14:13:26,9.4,
20250409,14:13:26,9.5,
20250409,14:13:27,9.6,
20250409,14:13:27,9.7,
20250409,14:13:27,9.7,
20250409,14:13:27,9.8,
20250409,14:13:28,9.6,
20250409,14:13:28,9.4,
20250409,14:13:28,9.4,
20250409,14:13:29,9.3,
20250409,14:13:29,9.3,
20250409,14:13:29,9.2,
20250409,14:13:29,9.1,
20250409,14:13:30,9.2,
20250409,14:13:30,9.2,
20250409,14:13:30,9.2,
20250409,14:13:30,9,
20250409,14:13:31,9.4,
20250409,14:13:31,9.4,
20250409,14:13:31,9.5,
20250409,14:13:32,9.6,
20250409,14:13:32,9.9,
20250409,14:13:32,10,
20250409,14:13:32,10.2,
20250409,14:13:33,10.2,
20250409,14:13:33,10.4,
20250409,14:13:33,10.4,
20250409,14:13:33,10.5,
20250409,14:13:34,10.6,
20250409,14:13:34,10.7,
20250409,14:13:34,10.8,
20250409,14:13:35,10.8,
20250409,14:13:35,10.8,
20250409,14:13:35,10.8,
20250409,14:13:35,10.7,
20250409,14:13:36,10.6,
20250409,14:13:36,10.5,
20250409,14:13:36,10.5,
20250409,14:13:36,10.5,
20250409,14:13:37,10.5,
20250409,14:13:37,10.7,
20250409,14:13:37,10.6,
20250409,14:13:38,10.8,
20250409,14:13:38,11.1,
20250409,14:13:38,11.6,
20250409,14:13:38,11.9,
20250409,14:13:39,12,
20250409,14:13:39,12,
20250409,14:13:39,11.9,
20250409,14:13:40,11.8,
20250409,14:13:40,11.6,
20250409,14:13:40,11.4,
20250409,14:13:40,11.4,
20250409,14:13:41,11.3,
20250409,14:13:41,11.2,
20250409,14:13:41,11.1,
20250409,14:13:41,11.1,
20250409,14:13:42,11.1,
20250409,14:13:42,11.1,
20250409,14:13:42,11.1,
20250409,14:13:43,11.1,
20250409,14:13:43,11.1,
20250409,14:13:43,11,
20250409,14:13:43,10.9,
20250409,14:13:44,10.8,
20250409,14:13:44,10.7,
20250409,14:13:44,10.6,
20250409,14:13:44,10.5,
20250409,14:13:45,10.4,
20250409,14:13:45,10.2,
20250409,14:13:45,10.1,
20250409,14:13:46,10,
20250409,14:13:46,10,
20250409,14:13:46,9.9,
20250409,14:13:46,9.9,
20250409,14:13:47,9.8,
20250409,14:13:47,9.7,
20250409,14:13:47,9.8,
20250409,14:13:48,9.8,
20250409,14:13:48,9.7,
20250409,14:13:48,9.7,
20250409,14:13:48,9.7,
20250409,14:13:49,10,
20250409,14:13:49,9.9,
20250409,14:13:49,9.9,
20250409,14:13:49,9.9,
20250409,14:13:50,9.8,
20250409,14:13:50,10.1,
20250409,14:13:50,10.5,
20250409,14:13:51,10.9,
20250409,14:13:51,11.1,
20250409,14:13:51,11.2,
20250409,14:13:51,11.3,
20250409,14:13:52,11.4,
20250409,14:13:52,11.3,
20250409,14:13:52,11.3,
20250409,14:13:52,11.3,
20250409,14:13:53,11.7,
20250409,14:13:53,12,
20250409,14:13:53,12.3,
20250409,14:13:54,12.5,
20250409,14:13:54,12.6,
20250409,14:13:54,12.6,
20250409,14:13:54,12.6,
20250409,14:13:55,12.6,
20250409,14:13:55,12.3,
20250409,14:13:55,12.3,
20250409,14:13:56,12.4,
20250409,14:13:56,12.7,
20250409,14:13:56,13,
20250409,14:13:56,13.3,
20250409,14:13:57,13.3,
20250409,14:13:57,13.3,
20250409,14:13:57,13.3,
20250409,14:13:57,13.1,
20250409,14:13:58,12.9,
20250409,14:13:58,12.8,
20250409,14:13:58,11.3,
20250409,14:13:59,10.6,
20250409,14:13:59,11.8,
20250409,14:13:59,12.3,
20250409,14:13:59,12.4,
20250409,14:14:00,12.7,
20250409,14:14:00,12.6,
20250409,14:14:00,12.2,
20250409,14:14:00,12,
20250409,14:14:01,11.7,
20250409,14:14:01,11.5,
20250409,14:14:01,11.9,
20250409,14:14:02,11.3,
20250409,14:14:02,12.2,
20250409,14:14:02,12.7,
20250409,14:14:02,12.6,
20250409,14:14:03,12.6,
20250409,14:14:03,12.4,
20250409,14:14:03,12.3,
20250409,14:14:03,12.1,
20250409,14:14:04,12.1,
20250409,14:14:04,11.9,
20250409,14:14:04,11.9,
20250409,14:14:05,11.9,
20250409,14:14:05,11.9,
20250409,14:14:05,11.9,
20250409,14:14:05,11.9,
20250409,14:14:06,11.9,
20250409,14:14:06,11.9,
20250409,14:14:06,11.9,
20250409,14:14:07,11.5,
20250409,14:14:07,11.2,
20250409,14:14:07,11.1,
20250409,14:14:07,10.9,
20250409,14:14:08,10.8,
20250409,14:14:08,10.8,
20250409,14:14:08,10.9,
20250409,14:14:08,10.9,
20250409,14:14:09,10.8,
20250409,14:14:09,10.6,
20250409,14:14:09,10.4,
20250409,14:14:10,10.4,
20250409,14:14:10,10.2,
20250409,14:14:10,10.4,
20250409,14:14:10,10.3,
20250409,14:14:11,10.6,
20250409,14:14:11,10.9,
20250409,14:14:11,10.9,
20250409,14:14:11,10.9,
20250409,14:14:12,11.1,
20250409,14:14:12,11,
20250409,14:14:12,11,
20250409,14:14:13,10.9,
20250409,14:14:13,11,
20250409,14:14:13,10.9,
20250409,14:14:13,11.2,
20250409,14:14:14,11.3,
20250409,14:14:14,11.5,
20250409,14:14:14,11.6,
20250409,14:14:15,11.7,
20250409,14:14:15,11.7,
20250409,14:14:15,11.6,
20250409,14:14:15,11.5,
20250409,14:14:16,11.6,
20250409,14:14:16,11.7,
20250409,14:14:16,11.9,
20250409,14:14:16,11.9,
20250409,14:14:17,12,
20250409,14:14:17,11.9,
20250409,14:14:17,11.9,
20250409,14:14:18,11.7,
20250409,14:14:18,11.7,
20250409,14:14:18,11.6,
20250409,14:14:18,11.6,
20250409,14:14:19,11.5,
20250409,14:14:19,11.3,
20250409,14:14:19,11.2,
20250409,14:14:19,11.1,
20250409,14:14:20,11.1,
20250409,14:14:20,11,
20250409,14:14:20,11,
20250409,14:14:21,11.1,
20250409,14:14:21,11.1,
20250409,14:14:21,11.1,
20250409,14:14:21,10.9,
20250409,14:14:22,11.1,
20250409,14:14:22,10.9,
20250409,14:14:22,11,
20250409,14:14:23,11,
20250409,14:14:23,10.9,
20250409,14:14:23,11.1,
20250409,14:14:23,11.4,
20250409,14:14:24,11.9,
20250409,14:14:24,12.5,
20250409,14:14:24,12.6,
20250409,14:14:24,12.2,
20250409,14:14:25,12.6,
20250409,14:14:25,12.3,
20250409,14:14:25,12,
20250409,14:14:26,11.7,
20250409,14:14:26,11.6,
20250409,14:14:26,11.6,
20250409,14:14:26,11.7,
20250409,14:14:27,11.8,
20250409,14:14:27,11.8,
20250409,14:14:27,11.9,
20250409,14:14:27,11.9,
20250409,14:14:28,11.7,
20250409,14:14:28,11.2,
20250409,14:14:28,10.2,
20250409,14:14:29,10,
20250409,14:14:29,10.7,
20250409,14:14:29,11.3,
20250409,14:14:29,11.3,
20250409,14:14:30,11,
20250409,14:14:30,11,
20250409,14:14:30,10.7,
20250409,14:14:31,10.7,
20250409,14:14:31,10.8,
20250409,14:14:31,10.9,
20250409,14:14:31,10.9,
20250409,14:14:32,10.8,
20250409,14:14:32,11,
20250409,14:14:32,10.4,
20250409,14:14:32,10.7,
20250409,14:14:33,10.8,
20250409,14:14:33,10.9,
20250409,14:14:33,11.2,
20250409,14:14:34,11.4,
20250409,14:14:34,11.5,
20250409,14:14:34,11.6,
20250409,14:14:34,11.8,
20250409,14:14:35,11.8,
20250409,14:14:35,11.6,
20250409,14:14:35,11.6,
20250409,14:14:35,11.6,
20250409,14:14:36,11.7,
20250409,14:14:36,11.6,
20250409,14:14:36,11.7,
20250409,14:14:37,11.9,
20250409,14:14:37,11.9,
20250409,14:14:37,11.9,
20250409,14:14:37,11.9,
20250409,14:14:38,11.7,
20250409,14:14:38,11.4,
20250409,14:14:38,11.3,
20250409,14:14:39,11.3,
20250409,14:14:39,11.1,
20250409,14:14:39,11.1,
20250409,14:14:39,10.8,
20250409,14:14:40,10.9,
20250409,14:14:40,10.9,
20250409,14:14:40,10.9,
20250409,14:14:40,10.9,
20250409,14:14:41,10.9,
20250409,14:14:41,10.8,
20250409,14:14:41,10.7,
20250409,14:14:42,10.6,
20250409,14:14:42,10.6,
20250409,14:14:42,10.5,
20250409,14:14:42,10.4,
20250409,14:14:43,10.4,
20250409,14:14:43,10.4,
20250409,14:14:43,10.4,
20250409,14:14:43,10.2,
20250409,14:14:44,10.5,
20250409,14:14:44,10.7,
20250409,14:14:44,10.5,
20250409,14:14:45,9.8,
20250409,14:14:45,9.7,
20250409,14:14:45,10.2,
20250409,14:14:45,10.4,
20250409,14:14:46,10,
20250409,14:14:46,10,
20250409,14:14:46,9.4,
20250409,14:14:46,9.8,
20250409,14:14:47,10.1,
20250409,14:14:47,10.4,
20250409,14:14:47,10.8,
20250409,14:14:48,10.6,
20250409,14:14:48,10.5,
20250409,14:14:48,10.4,
20250409,14:14:48,10.7,
20250409,14:14:49,10.4,
20250409,14:14:49,9.9,
20250409,14:14:49,9.7,
20250409,14:14:50,9.8,
20250409,14:14:50,9.9,
20250409,14:14:50,10.6,
20250409,14:14:50,10.3,
20250409,14:14:51,10.1,
20250409,14:14:51,10.1,
20250409,14:14:51,9.7,
20250409,14:14:51,9.4,
20250409,14:14:52,9.9,
20250409,14:14:52,10.2,
20250409,14:14:52,10.8,
20250409,14:14:53,11.2,
20250409,14:14:53,11.3,
20250409,14:14:53,12,
20250409,14:14:53,12.2,
20250409,14:14:54,12,
20250409,14:14:54,12,
20250409,14:14:54,11.7,
20250409,14:14:54,10.4,
20250409,14:14:55,10.7,
20250409,14:14:55,10.5,
20250409,14:14:55,10.2,
20250409,14:14:56,10.2,
20250409,14:14:56,10.2,
20250409,14:14:56,10.1,
20250409,14:14:56,10.2,
20250409,14:14:57,10.2,
20250409,14:14:57,9.7,
20250409,14:14:57,9.4,
20250409,14:14:58,9.8,
20250409,14:14:58,9.7,
20250409,14:14:58,9.7,
20250409,14:14:58,9.8,
20250409,14:14:59,9.8,
20250409,14:14:59,9.9,
20250409,14:14:59,10,
20250409,14:14:59,10.3,
20250409,14:15:00,10.4,
20250409,14:15:00,10.5,
20250409,14:15:00,10.4,
20250409,14:15:01,10.7,
20250409,14:15:01,10.7,
20250409,14:15:01,10.8,
20250409,14:15:01,11,
20250409,14:15:02,11.2,
20250409,14:15:02,11.1,
20250409,14:15:02,11.3,
20250409,14:15:02,11.3,
20250409,14:15:03,11.2,
20250409,14:15:03,11.2,
20250409,14:15:03,11.3,
20250409,14:15:04,11.2,
20250409,14:15:04,11.3,
20250409,14:15:04,11.2,
20250409,14:15:04,11.3,
20250409,14:15:05,11.5,
20250409,14:15:05,11.7,
20250409,14:15:05,11.9,
20250409,14:15:06,12,
20250409,14:15:06,12,
20250409,14:15:06,12,
20250409,14:15:06,11.9,
20250409,14:15:07,11.7,
20250409,14:15:07,11.4,
20250409,14:15:07,11.1,
20250409,14:15:07,11.1,
20250409,14:15:08,11.1,
20250409,14:15:08,11.2,
20250409,14:15:08,11.1,
20250409,14:15:09,11.1,
20250409,14:15:09,11.5,
20250409,14:15:09,11.6,
20250409,14:15:09,11.6,
20250409,14:15:10,11.7,
20250409,14:15:10,11.9,
20250409,14:15:10,12,
20250409,14:15:10,11.8,
20250409,14:15:11,11.4,
20250409,14:15:11,11.4,
20250409,14:15:11,11.4,
20250409,14:15:12,11.3,
20250409,14:15:12,10.5,
20250409,14:15:12,0.9,
20250409,14:15:12,1.2,
20250409,14:15:13,1.8,
20250409,14:15:13,2,
20250409,14:15:13,2.4,
20250409,14:15:13,3.1,
20250409,14:15:14,3.3,
20250409,14:15:14,4,
20250409,14:15:14,3.9,
20250409,14:15:15,4.2,
20250409,14:15:15,4.3,
20250409,14:15:15,4.3,
20250409,14:15:15,4.4,
20250409,14:15:16,4.7,
20250409,14:15:16,4.9,
20250409,14:15:16,5,
20250409,14:15:17,5.1,
20250409,14:15:17,5.4,
20250409,14:15:17,5.6,
20250409,14:15:17,6,
20250409,14:15:18,6.2,
20250409,14:15:18,6.3,
20250409,14:15:18,6.7,
20250409,14:15:18,6.8,
20250409,14:15:19,6.9,
20250409,14:15:19,7.1,
20250409,14:15:19,7.7,
20250409,14:15:20,7.8,
20250409,14:15:20,8.5,
20250409,14:15:20,8.3,
20250409,14:15:20,8.3,
20250409,14:15:21,8.6,
20250409,14:15:21,8.9,
20250409,14:15:21,9.2,
20250409,14:15:21,9.4,
20250409,14:15:22,9.7,
20250409,14:15:22,10.2,
20250409,14:15:22,10.2,
20250409,14:15:23,10.5,
20250409,14:15:23,10.9,
20250409,14:15:23,11.2,
20250409,14:15:23,11.5,
20250409,14:15:24,11.9,
20250409,14:15:24,12.1,
20250409,14:15:24,12.4,
20250409,14:15:24,12.8,
20250409,14:15:25,12.9,
20250409,14:15:25,13.3,
20250409,14:15:25,13.7,
20250409,14:15:26,13.9,
20250409,14:15:26,14.2,
20250409,14:15:26,14.5,
20250409,14:15:26,14.8,
20250409,14:15:27,15.1,
20250409,14:15:27,15.4,
20250409,14:15:27,15.6,
20250409,14:15:28,16,
20250409,14:15:28,16.3,
20250409,14:15:28,16.6,
20250409,14:15:28,17.1,
20250409,14:15:29,17.3,
20250409,14:15:29,17.8,
20250409,14:15:29,18,
20250409,14:15:29,18.2,
20250409,14:15:30,18.4,
20250409,14:15:30,18.8,
20250409,14:15:30,19.2,
20250409,14:15:31,19.4,
20250409,14:15:31,19.6,
20250409,14:15:31,20,
20250409,14:15:31,20.5,
20250409,14:15:32,21.6,
20250409,14:15:32,21.2,
20250409,14:15:32,20.4,
20250409,14:15:32,21.2,
20250409,14:15:33,21.3,
20250409,14:15:33,21.2,
20250409,14:15:33,21.2,
20250409,14:15:34,21.4,
20250409,14:15:34,21.8,
20250409,14:15:34,22.1,
20250409,14:15:34,22.4,
20250409,14:15:35,23,
20250409,14:15:35,23.4,
20250409,14:15:35,25.5,
20250409,14:15:36,25.3,
20250409,14:15:36,25.3,
20250409,14:15:36,24.6,
20250409,14:15:36,23.8,
20250409,14:15:37,25.1,
20250409,14:15:37,25.2,
20250409,14:15:37,25.9,
20250409,14:15:37,26.2,
20250409,14:15:38,26.4,
20250409,14:15:38,26.7,
20250409,14:15:38,27.6,
20250409,14:15:39,27.9,
20250409,14:15:39,28.3,
20250409,14:15:39,28.9,
20250409,14:15:39,29.1,
20250409,14:15:40,29.5,
20250409,14:15:40,29.8,
20250409,14:15:40,30,
20250409,14:15:40,30.5,
20250409,14:15:41,31,
20250409,14:15:41,31.4,
20250409,14:15:41,31.8,
20250409,14:15:42,32.1,
20250409,14:15:42,32.3,
20250409,14:15:42,32.5,
20250409,14:15:42,32.8,
20250409,14:15:43,33.3,
20250409,14:15:43,33.4,
20250409,14:15:43,33.7,
20250409,14:15:43,34.1,
20250409,14:15:44,34.4,
20250409,14:15:44,34.7,
20250409,14:15:44,35,
20250409,14:15:45,35.4,
20250409,14:15:45,35.7,
20250409,14:15:45,35.9,
20250409,14:15:45,36.4,
20250409,14:15:46,36.8,
20250409,14:15:46,38.9,
20250409,14:15:46,39.4,
20250409,14:15:47,39.9,
20250409,14:15:47,40.5,
20250409,14:15:47,41.3,
20250409,14:15:47,41.5,
20250409,14:15:48,41.8,
20250409,14:15:48,42.3,
20250409,14:15:48,42.6,
20250409,14:15:48,42.9,
20250409,14:15:49,43.3,
20250409,14:15:49,43.6,
20250409,14:15:49,44,
20250409,14:15:50,44.3,
20250409,14:15:50,44.6,
20250409,14:15:50,45,
20250409,14:15:50,45.3,
20250409,14:15:51,45.7,
20250409,14:15:51,46.1,
20250409,14:15:51,46.3,
20250409,14:15:51,46.7,
20250409,14:15:52,47,
20250409,14:15:52,47.4,
20250409,14:15:52,47.7,
20250409,14:15:53,47.9,
20250409,14:15:53,48.2,
20250409,14:15:53,48.7,
20250409,14:15:53,48.9,
20250409,14:15:54,49.3,
20250409,14:15:54,49.5,
20250409,14:15:54,49.9,
20250409,14:15:55,50.4,
20250409,14:15:55,50.7,
20250409,14:15:55,51.1,
20250409,14:15:55,51.4,
20250409,14:15:56,51.8,
20250409,14:15:56,52.1,
20250409,14:15:56,52.4,
20250409,14:15:56,52.8,
20250409,14:15:57,53.1,
20250409,14:15:57,53.5,
20250409,14:15:57,53.8,
20250409,14:15:58,54.1,
20250409,14:15:58,54.6,
20250409,14:15:58,54.8,
20250409,14:15:58,55.2,
20250409,14:15:59,55.5,
20250409,14:15:59,55.8,
20250409,14:15:59,56.3,
20250409,14:15:59,56.6,
20250409,14:16:00,56.9,
20250409,14:16:00,57.2,
20250409,14:16:00,57.6,
20250409,14:16:01,57.9,
20250409,14:16:01,58.3,
20250409,14:16:01,58.6,
20250409,14:16:01,58.9,
20250409,14:16:02,59.3,
20250409,14:16:02,59.7,
20250409,14:16:02,59.9,
20250409,14:16:03,60.3,
20250409,14:16:03,60.6,
20250409,14:16:03,61,
20250409,14:16:03,61.3,
20250409,14:16:04,61.6,
20250409,14:16:04,61.9,
20250409,14:16:04,62.3,
20250409,14:16:04,62.6,
20250409,14:16:05,63,
20250409,14:16:05,63.3,
20250409,14:16:05,63.6,
20250409,14:16:06,64,
20250409,14:16:06,64.3,
20250409,14:16:06,64.7,
20250409,14:16:06,65,
20250409,14:16:07,65.4,
20250409,14:16:07,65.7,
20250409,14:16:07,66,
20250409,14:16:07,66.4,
20250409,14:16:08,66.7,
20250409,14:16:08,67.1,
20250409,14:16:08,67.5,
20250409,14:16:09,67.4,
20250409,14:16:09,68.8,
20250409,14:16:09,70.3,
20250409,14:16:09,70.5,
20250409,14:16:10,69.2,
20250409,14:16:10,70.4,
20250409,14:16:10,71.7,
20250409,14:16:11,69.8,
20250409,14:16:11,68.4,
20250409,14:16:11,69.9,
20250409,14:16:11,74.3,
20250409,14:16:12,79.1,
20250409,14:16:12,80.1,
20250409,14:16:12,83.9,
20250409,14:16:12,78.7,
20250409,14:16:13,76.1,
20250409,14:16:13,78.7,
20250409,14:16:13,80.3,
20250409,14:16:14,77.3,
20250409,14:16:14,77.4,
20250409,14:16:14,76.4,
20250409,14:16:14,77,
20250409,14:16:15,77.9,
20250409,14:16:15,78.6,
20250409,14:16:15,86.9,
20250409,14:16:15,87.1,
20250409,14:16:16,86.8,
20250409,14:16:16,86.4,
20250409,14:16:16,86.2,
20250409,14:16:17,86.2,
20250409,14:16:17,86.2,
20250409,14:16:17,86.2,
20250409,14:16:17,86.2,
20250409,14:16:18,86.3,
20250409,14:16:18,86.4,
20250409,14:16:18,86.7,
20250409,14:16:19,86.8,
20250409,14:16:19,86.9,
20250409,14:16:19,87.1,
20250409,14:16:19,87.2,
20250409,14:16:20,87.4,
20250409,14:16:20,87.6,
20250409,14:16:20,87.9,
20250409,14:16:20,88,
20250409,14:16:21,88.2,
20250409,14:16:21,88,
20250409,14:16:21,88.2,
20250409,14:16:22,88.8,
20250409,14:16:22,89,
20250409,14:16:22,89.3,
20250409,14:16:22,89.5,
20250409,14:16:23,89.7,
20250409,14:16:23,90,
20250409,14:16:23,90.3,
20250409,14:16:23,90.5,
20250409,14:16:24,90.7,
20250409,14:16:24,91.1,
20250409,14:16:24,91.3,
20250409,14:16:25,91.6,
20250409,14:16:25,91.8,
20250409,14:16:25,92.2,
20250409,14:16:25,92.4,
20250409,14:16:26,92.7,
20250409,14:16:26,93,
20250409,14:16:26,93.2,
20250409,14:16:27,93.5,
20250409,14:16:27,93.9,
20250409,14:16:27,94.1,
20250409,14:16:27,94.4,
20250409,14:16:28,94.7,
20250409,14:16:28,95.2,
20250409,14:16:28,92.5,
20250409,14:16:28,93.3,
20250409,14:16:29,96.8,
20250409,14:16:29,98.9,
20250409,14:16:29,98.2,
20250409,14:16:30,98.1,
20250409,14:16:30,99.1,
20250409,14:16:30,99.7,
20250409,14:16:30,99.9,
20250409,14:16:31,102.2,
20250409,14:16:31,103,
20250409,14:16:31,100.6,
20250409,14:16:31,98.6,
20250409,14:16:32,98.5,
20250409,14:16:32,99.8,
20250409,14:16:32,100.8,
20250409,14:16:33,101.1,
20250409,14:16:33,101.6,
20250409,14:16:33,102.2,
20250409,14:16:33,102.5,
20250409,14:16:34,102.8,
20250409,14:16:34,103.1,
20250409,14:16:34,103.3,
20250409,14:16:35,103.3,
20250409,14:16:35,103.2,
20250409,14:16:35,103.7,
20250409,14:16:35,103.3,
20250409,14:16:36,100,
20250409,14:16:36,99.5,
20250409,14:16:36,99.4,
20250409,14:16:36,99.4,
20250409,14:16:37,99.8,
20250409,14:16:37,100.3,
20250409,14:16:37,100.2,
20250409,14:16:38,100.4,
20250409,14:16:38,100.6,
20250409,14:16:38,101.6,
20250409,14:16:38,102.4,
20250409,14:16:39,102.8,
20250409,14:16:39,102.6,
20250409,14:16:39,103.1,
20250409,14:16:39,103.6,
20250409,14:16:40,104.1,
20250409,14:16:40,104.8,
20250409,14:16:40,105,
20250409,14:16:41,104.1,
20250409,14:16:41,105.8,
20250409,14:16:41,107.5,
20250409,14:16:41,107.3,
20250409,14:16:42,107.6,
20250409,14:16:42,108,
20250409,14:16:42,108,
20250409,14:16:43,107.5,
20250409,14:16:43,105.4,
20250409,14:16:43,103.5,
20250409,14:16:43,105.7,
20250409,14:16:44,106.5,
20250409,14:16:44,106.8,
20250409,14:16:44,107.2,
20250409,14:16:44,107.6,
20250409,14:16:45,107.8,
20250409,14:16:45,108.2,
20250409,14:16:45,108.6,
20250409,14:16:46,108.9,
20250409,14:16:46,109.4,
20250409,14:16:46,109.8,
20250409,14:16:46,110.2,
20250409,14:16:47,110.5,
20250409,14:16:47,110.7,
20250409,14:16:47,111,
20250409,14:16:48,111.2,
20250409,14:16:48,111.5,
20250409,14:16:48,111.9,
20250409,14:16:48,111.9,
20250409,14:16:49,112.1,
20250409,14:16:49,112.4,
20250409,14:16:49,112.7,
20250409,14:16:49,113,
20250409,14:16:50,113.3,
20250409,14:16:50,113.6,
20250409,14:16:50,113.9,
20250409,14:16:51,114.2,
20250409,14:16:51,114.6,
20250409,14:16:51,114.8,
20250409,14:16:51,115.2,
20250409,14:16:52,115.5,
20250409,14:16:52,115.8,
20250409,14:16:52,116.1,
20250409,14:16:52,116.4,
20250409,14:16:53,116.6,
20250409,14:16:53,117,
20250409,14:16:53,117.2,
20250409,14:16:54,117.6,
20250409,14:16:54,117.8,
20250409,14:16:54,118.2,
20250409,14:16:54,118.5,
20250409,14:16:55,118.8,
20250409,14:16:55,119.1,
20250409,14:16:55,119.4,
20250409,14:16:56,119.7,
20250409,14:16:56,120,
20250409,14:16:56,120.3,
20250409,14:16:56,120.5,
20250409,14:16:57,120.8,
20250409,14:16:57,121.2,
20250409,14:16:57,121.5,
20250409,14:16:57,121.8,
20250409,14:16:58,122.1,
20250409,14:16:58,122.4,
20250409,14:16:58,122.6,
20250409,14:16:59,123,
20250409,14:16:59,123.3,
20250409,14:16:59,123.7,
20250409,14:16:59,123.9,
20250409,14:17:00,124.2,
20250409,14:17:00,124.7,
20250409,14:17:00,124.9,
20250409,14:17:01,125.3,
20250409,14:17:01,125.6,
20250409,14:17:01,124.3,
20250409,14:17:01,123.7,
20250409,14:17:02,123.7,
20250409,14:17:02,120.3,
20250409,14:17:02,120.3,
20250409,14:17:02,122.3,
20250409,14:17:03,123,
20250409,14:17:03,123,
20250409,14:17:03,123.3,
20250409,14:17:04,123.5,
20250409,14:17:04,124.2,
20250409,14:17:04,124.8,
20250409,14:17:04,125.2,
20250409,14:17:05,126,
20250409,14:17:05,125.5,
20250409,14:17:05,126.6,
20250409,14:17:05,127.1,
20250409,14:17:06,127.5,
20250409,14:17:06,127,
20250409,14:17:06,128.7,
20250409,14:17:07,129.4,
20250409,14:17:07,130,
20250409,14:17:07,130.7,
20250409,14:17:07,127.2,
20250409,14:17:08,123.4,
20250409,14:17:08,98,
20250409,14:17:08,92.4,
20250409,14:17:09,94.7,
20250409,14:17:09,120.1,
20250409,14:17:09,127.3,
20250409,14:17:09,125.4,
20250409,14:17:10,128.7,
20250409,14:17:10,128,
20250409,14:17:10,127.7,
20250409,14:17:10,127.1,
20250409,14:17:11,127.4,
20250409,14:17:11,128.8,
20250409,14:17:11,128.5,
20250409,14:17:12,129.7,
20250409,14:17:12,129.5,
20250409,14:17:12,129.7,
20250409,14:17:12,132.4,
20250409,14:17:13,156.5,
20250409,14:17:13,179.9,
20250409,14:17:13,183.6,
20250409,14:17:14,183.6,
20250409,14:17:14,183.6,
20250409,14:17:14,183.6,
20250409,14:17:14,183.6,
20250409,14:17:15,183.6,
20250409,14:17:15,183.6,
20250409,14:17:15,183.6,
20250409,14:17:15,183.6,
20250409,14:17:16,183.6,
20250409,14:17:16,183.6,
20250409,14:17:16,183.6,
20250409,14:17:17,183.6,
20250409,14:17:17,183.6,
20250409,14:17:17,183.6,
20250409,14:17:17,183.6,
20250409,14:17:18,183.6,
20250409,14:17:18,183.6,
20250409,14:17:18,183.6,
20250409,14:17:19,183.6,
20250409,14:17:19,183.6,
20250409,14:17:19,183.6,
20250409,14:17:19,183.6,
20250409,14:17:20,183.6,
20250409,14:17:20,183.6,
20250409,14:17:20,183.6,
20250409,14:17:20,183.6,
20250409,14:17:21,183.6,
20250409,14:17:21,183.6,
20250409,14:17:21,183.6,
20250409,14:17:22,183.6,
20250409,14:17:22,183.6,
20250409,14:17:22,183.6,
20250409,14:17:22,183.6,
20250409,14:17:23,183.6,
20250409,14:17:23,183.6,
20250409,14:17:23,183.6,
20250409,14:17:23,183.6,
20250409,14:17:24,183.6,
20250409,14:17:24,183.6,
20250409,14:17:24,183.6,
20250409,14:17:25,183.6,
20250409,14:17:25,183.6,
20250409,14:17:25,183.6,
20250409,14:17:25,183.6,
20250409,14:17:26,183.6,
20250409,14:17:26,183.6,
20250409,14:17:26,183.6,
20250409,14:17:27,183.6,
20250409,14:17:27,183.6,
20250409,14:17:27,183.6,
20250409,14:17:27,183.6,
20250409,14:17:28,183.6,
20250409,14:17:28,183.6,
20250409,14:17:28,183.6,
20250409,14:17:28,183.6,
20250409,14:17:29,183.6,
20250409,14:17:29,183.6,
20250409,14:17:29,183.6,
20250409,14:17:30,183.6,
20250409,14:17:30,183.6,
20250409,14:17:30,183.6,
20250409,14:17:30,183.6,
20250409,14:17:31,183.6,
20250409,14:17:31,183.6,
20250409,14:17:31,183.6,
20250409,14:17:32,183.6,
20250409,14:17:32,183.6,
20250409,14:17:32,183.6,
20250409,14:17:32,183.6,
20250409,14:17:33,183.6,
20250409,14:17:33,183.6,
20250409,14:17:33,183.6,
20250409,14:17:33,183.6,
20250409,14:17:34,183.6,
20250409,14:17:34,183.6,
20250409,14:17:34,183.6,
20250409,14:17:35,183.6,
20250409,14:17:35,183.6,
20250409,14:17:35,183.6,
20250409,14:17:35,183.6,
20250409,14:17:36,183.6,
20250409,14:17:36,183.6,
20250409,14:17:36,183.6,
20250409,14:17:37,183.6,
20250409,14:17:37,183.6,
20250409,14:17:37,183.6,
20250409,14:17:37,183.6,
20250409,14:17:38,183.6,
20250409,14:17:38,183.6,
20250409,14:17:38,183.6,
20250409,14:17:38,183.6,
20250409,14:17:39,183.6,
20250409,14:17:39,183.6,
20250409,14:17:39,183.6,
20250409,14:17:40,183.6,
20250409,14:17:40,183.6,
20250409,14:17:40,183.6,
20250409,14:17:40,183.6,
20250409,14:17:41,183.6,
20250409,14:17:41,183.6,
20250409,14:17:41,183.6,
20250409,14:17:41,183.6,
20250409,14:17:42,183.6,
20250409,14:17:42,183.6,
20250409,14:17:42,183.6,
20250409,14:17:43,183.6,
20250409,14:17:43,183.6,
20250409,14:17:43,183.6,
20250409,14:17:43,183.6,
20250409,14:17:44,183.6,
20250409,14:17:44,183.6,
20250409,14:17:44,183.6,
20250409,14:17:45,183.6,
20250409,14:17:45,183.6,
20250409,14:17:45,183.6,
20250409,14:17:45,183.6,
20250409,14:17:46,183.6,
20250409,14:17:46,183.6,
20250409,14:17:46,183.6,
20250409,14:17:46,183.6,
20250409,14:17:47,183.6,
20250409,14:17:47,183.6,
20250409,14:17:47,183.6,
20250409,14:17:48,183.6,
20250409,14:17:48,183.6,
20250409,14:17:48,183.6,
20250409,14:17:48,183.6,
20250409,14:17:49,183.6,
20250409,14:17:49,183.6,
20250409,14:17:49,183.6,
20250409,14:17:50,183.6,
20250409,14:17:50,183.6,
20250409,14:17:50,183.6,
20250409,14:17:50,183.6,
20250409,14:17:51,183.6,
20250409,14:17:51,183.6,
20250409,14:17:51,183.6,
20250409,14:17:51,183.6,
20250409,14:17:52,183.6,
20250409,14:17:52,183.6,
20250409,14:17:52,183.6,
20250409,14:17:53,183.6,
20250409,14:17:53,183.6,
20250409,14:17:53,183.6,
20250409,14:17:53,183.6,
20250409,14:17:54,183.6,
20250409,14:17:54,183.6,
20250409,14:17:54,183.6,
20250409,14:17:54,183.6,
20250409,14:17:55,183.6,
20250409,14:17:55,183.6,
20250409,14:17:55,183.6,
20250409,14:17:56,183.6,
20250409,14:17:56,183.6,
20250409,14:17:56,183.6,
20250409,14:17:56,183.6,
20250409,14:17:57,183.6,
20250409,14:17:57,183.6,
20250409,14:17:57,183.6,
20250409,14:17:58,183.6,
20250409,14:17:58,183.6,
20250409,14:17:58,183.6,
20250409,14:17:58,183.6,
20250409,14:17:59,183.6,
20250409,14:17:59,183.6,
20250409,14:17:59,183.6,
20250409,14:17:59,183.6,
20250409,14:18:00,183.6,
20250409,14:18:00,183.6,
20250409,14:18:00,183.6,
20250409,14:18:01,183.6,
20250409,14:18:01,183.6,
20250409,14:18:01,183.6,
20250409,14:18:01,183.6,
20250409,14:18:02,183.6,
20250409,14:18:02,183.6,
20250409,14:18:02,183.6,
20250409,14:18:03,183.6,
20250409,14:18:03,183.6,
20250409,14:18:03,183.6,
20250409,14:18:03,183.6,
20250409,14:18:04,183.6,
20250409,14:18:04,183.6,
20250409,14:18:04,183.6,
20250409,14:18:04,183.6,
20250409,14:18:05,183.6,
20250409,14:18:05,183.6,
20250409,14:18:05,183.6,
20250409,14:18:06,183.6,
20250409,14:18:06,183.6,
20250409,14:18:06,183.6,
20250409,14:18:06,183.6,
20250409,14:18:07,183.6,
20250409,14:18:07,183.6,
20250409,14:18:07,183.6,
20250409,14:18:07,183.6,
20250409,14:18:08,183.6,
20250409,14:18:08,183.6,
20250409,14:18:08,183.6,
20250409,14:18:09,183.6,
20250409,14:18:09,183.6,
20250409,14:18:09,183.6,
20250409,14:18:09,183.6,
20250409,14:18:10,183.6,
20250409,14:18:10,183.6,
20250409,14:18:10,183.6,
20250409,14:18:11,183.6,
20250409,14:18:11,183.6,
20250409,14:18:11,183.6,
20250409,14:18:11,183.6,
20250409,14:18:12,183.6,
20250409,14:18:12,183.6,
20250409,14:18:12,183.6,
20250409,14:18:12,183.6,
20250409,14:18:13,183.6,
20250409,14:18:13,183.6,
20250409,14:18:13,183.6,
20250409,14:18:14,183.6,
20250409,14:18:14,183.6,
20250409,14:18:14,183.6,
20250409,14:18:14,183.6,
20250409,14:18:15,183.6,
20250409,14:18:15,183.6,
20250409,14:18:15,183.6,
20250409,14:18:16,183.6,
20250409,14:18:16,183.6,
20250409,14:18:16,183.6,
20250409,14:18:16,183.6,
20250409,14:18:17,183.6,
20250409,14:18:17,183.6,
20250409,14:18:17,183.6,
20250409,14:18:17,183.6,
20250409,14:18:18,183.6,
20250409,14:18:18,183.6,
20250409,14:18:18,183.6,
20250409,14:18:19,183.6,
20250409,14:18:19,183.6,
20250409,14:18:19,183.6,
20250409,14:18:19,183.6,
20250409,14:18:20,183.6,
20250409,14:18:20,183.6,
20250409,14:18:20,183.6,
20250409,14:18:21,183.6,
20250409,14:18:21,183.6,
20250409,14:18:21,183.6,
20250409,14:18:21,183.6,
20250409,14:18:22,183.6,
20250409,14:18:22,183.6,
20250409,14:18:22,183.6,
20250409,14:18:22,183.6,
20250409,14:18:23,183.6,
20250409,14:18:23,183.6,
20250409,14:18:23,183.6,
20250409,14:18:24,183.6,
20250409,14:18:24,183.6,
20250409,14:18:24,183.6,
20250409,14:18:24,183.6,
20250409,14:18:25,183.6,
20250409,14:18:25,183.6,
20250409,14:18:25,183.6,
20250409,14:18:25,183.6,
20250409,14:18:26,183.6,
20250409,14:18:26,183.6,
20250409,14:18:26,183.6,
20250409,14:18:27,183.6,
20250409,14:18:27,183.6,
20250409,14:18:27,183.6,
20250409,14:18:27,183.6,
20250409,14:18:28,183.6,
20250409,14:18:28,183.6,
20250409,14:18:28,183.6,
20250409,14:18:29,183.6,
20250409,14:18:29,183.6,
20250409,14:18:29,183.6,
20250409,14:18:29,183.6,
20250409,14:18:30,183.6,
20250409,14:18:30,183.6,
20250409,14:18:30,183.6,
20250409,14:18:30,183.6,
20250409,14:18:31,183.6,
20250409,14:18:31,183.6,
20250409,14:18:31,183.6,
20250409,14:18:32,183.6,
20250409,14:18:32,183.6,
20250409,14:18:32,183.6,
20250409,14:18:32,183.6,
20250409,14:18:33,183.6,
20250409,14:18:33,183.6,
20250409,14:18:33,183.6,
20250409,14:18:34,183.6,
20250409,14:18:34,183.6,
20250409,14:18:34,183.6,
20250409,14:18:34,183.6,
20250409,14:18:35,183.6,
20250409,14:18:35,183.6,
20250409,14:18:35,183.6,
20250409,14:18:35,183.6,
20250409,14:18:36,183.6,
20250409,14:18:36,183.6,
20250409,14:18:36,183.6,
20250409,14:18:37,183.6,
20250409,14:18:37,183.6,
20250409,14:18:37,183.6,
20250409,14:18:37,183.6,
20250409,14:18:38,183.6,
20250409,14:18:38,183.6,
20250409,14:18:38,183.6,
20250409,14:18:39,183.6,
20250409,14:18:39,183.6,
20250409,14:18:39,183.6,
20250409,14:18:39,183.6,
20250409,14:18:40,183.6,
20250409,14:18:40,183.6,
20250409,14:18:40,183.6,
20250409,14:18:40,183.6,
20250409,14:18:41,183.6,
20250409,14:18:41,183.6,
20250409,14:18:41,183.6,
20250409,14:18:42,183.6,
20250409,14:18:42,183.6,
20250409,14:18:42,183.6,
20250409,14:18:42,183.6,
20250409,14:18:43,183.6,
20250409,14:18:43,183.6,
20250409,14:18:43,183.6,
20250409,14:18:43,183.6,
20250409,14:18:44,183.6,
20250409,14:18:44,183.6,
20250409,14:18:44,183.6,
20250409,14:18:45,183.6,
20250409,14:18:45,183.6,
20250409,14:18:45,183.6,
20250409,14:18:45,183.6,
20250409,14:18:46,183.6,
20250409,14:18:46,183.6,
20250409,14:18:46,183.6,
20250409,14:18:47,183.6,
20250409,14:18:47,183.6,
20250409,14:18:47,183.6,
20250409,14:18:47,183.6,
20250409,14:18:48,183.6,
20250409,14:18:48,183.6,
20250409,14:18:48,183.6,
20250409,14:18:48,183.6,
20250409,14:18:49,183.6,
20250409,14:18:49,183.6,
20250409,14:18:49,183.6,
20250409,14:18:50,183.6,
20250409,14:18:50,183.6,
20250409,14:18:50,183.6,
20250409,14:18:50,183.6,
20250409,14:18:51,183.6,
20250409,14:18:51,183.6,
20250409,14:18:51,183.6,
20250409,14:18:52,183.6,
20250409,14:18:52,183.6,
20250409,14:18:52,183.6,
20250409,14:18:52,183.6,
20250409,14:18:53,183.6,
20250409,14:18:53,183.6,
20250409,14:18:53,183.6,
20250409,14:18:53,183.6,
20250409,14:18:54,183.6,
20250409,14:18:54,183.6,
20250409,14:18:54,183.6,
20250409,14:18:55,183.6,
20250409,14:18:55,183.6,
20250409,14:18:55,183.6,
20250409,14:18:55,183.6,
20250409,14:18:56,183.6,
20250409,14:18:56,183.6,
20250409,14:18:56,183.6,
20250409,14:18:56,183.6,
20250409,14:18:57,183.6,
20250409,14:18:57,183.6,
20250409,14:18:57,183.6,
20250409,14:18:58,183.6,
20250409,14:18:58,183.6,
20250409,14:18:58,183.6,
20250409,14:18:58,183.6,
20250409,14:18:59,183.6,
20250409,14:18:59,183.6,
20250409,14:18:59,183.6,
20250409,14:19:00,183.6,
20250409,14:19:00,183.6,
20250409,14:19:00,183.6,
20250409,14:19:00,183.6,
20250409,14:19:01,183.6,
20250409,14:19:01,183.6,
20250409,14:19:01,183.6,
20250409,14:19:01,183.6,
20250409,14:19:02,183.6,
20250409,14:19:02,183.6,
20250409,14:19:02,183.6,
20250409,14:19:03,183.6,
20250409,14:19:03,183.6,
20250409,14:19:03,183.6,
20250409,14:19:03,183.6,
20250409,14:19:04,183.6,
20250409,14:19:04,183.6,
20250409,14:19:04,183.6,
20250409,14:19:05,183.6,
20250409,14:19:05,183.6,
20250409,14:19:05,183.6,
20250409,14:19:05,183.6,
20250409,14:19:06,183.6,
20250409,14:19:06,183.6,
20250409,14:19:06,183.6,
20250409,14:19:06,183.6,
20250409,14:19:07,183.6,
20250409,14:19:07,183.6,
20250409,14:19:07,183.6,
20250409,14:19:08,183.6,
20250409,14:19:08,183.6,
20250409,14:19:08,183.6,
20250409,14:19:08,183.6,
20250409,14:19:09,183.6,
20250409,14:19:09,183.6,
20250409,14:19:09,183.6,
20250409,14:19:10,183.6,
20250409,14:19:10,183.6,
20250409,14:19:10,183.6,
20250409,14:19:10,183.6,
20250409,14:19:11,183.6,
20250409,14:19:11,183.6,
20250409,14:19:11,183.6,
20250409,14:19:11,183.6,
20250409,14:19:12,183.6,
20250409,14:19:12,183.6,
20250409,14:19:12,183.6,
20250409,14:19:13,183.6,
20250409,14:19:13,183.6,
20250409,14:19:13,183.6,
20250409,14:19:13,183.6,
20250409,14:19:14,183.6,
20250409,14:19:14,183.6,
20250409,14:19:14,183.6,
20250409,14:19:14,183.6,
20250409,14:19:15,183.6,
20250409,14:19:15,183.6,
20250409,14:19:15,183.6,
20250409,14:19:16,183.6,
20250409,14:19:16,183.6,
20250409,14:19:16,183.6,
20250409,14:19:16,183.6,
20250409,14:19:17,183.6,
20250409,14:19:17,183.6,
20250409,14:19:17,183.6,
20250409,14:19:18,183.6,
20250409,14:19:18,183.6,
20250409,14:19:18,183.6,
20250409,14:19:18,183.6,
20250409,14:19:19,183.6,
20250409,14:19:19,183.6,
20250409,14:19:19,183.6,
20250409,14:19:19,183.6,
20250409,14:19:20,183.6,
20250409,14:19:20,183.6,
20250409,14:19:20,183.6,
20250409,14:19:21,183.6,
20250409,14:19:21,183.6,
20250409,14:19:21,183.6,
20250409,14:19:21,183.6,
20250409,14:19:22,183.6,
20250409,14:19:22,183.6,
20250409,14:19:22,183.6,
20250409,14:19:23,183.6,
20250409,14:19:23,183.6,
20250409,14:19:23,183.6,
20250409,14:19:23,183.6,
20250409,14:19:24,183.6,
20250409,14:19:24,183.6,
20250409,14:19:24,183.6,
20250409,14:19:24,183.6,
20250409,14:19:25,183.6,
20250409,14:19:25,183.6,
20250409,14:19:25,183.6,
20250409,14:19:26,183.6,
20250409,14:19:26,183.6,
20250409,14:19:26,183.6,
20250409,14:19:26,183.6,
20250409,14:19:27,183.6,
20250409,14:19:27,183.6,
20250409,14:19:27,183.6,
20250409,14:19:27,183.6,
20250409,14:19:28,183.6,
20250409,14:19:28,183.6,
20250409,14:19:28,183.6,
20250409,14:19:29,183.6,
20250409,14:19:29,183.6,
20250409,14:19:29,183.6,
20250409,14:19:29,183.6,
20250409,14:19:30,183.6,
20250409,14:19:30,183.6,
20250409,14:19:30,183.6,
20250409,14:19:31,183.6,
20250409,14:19:31,183.6,
20250409,14:19:31,183.6,
20250409,14:19:31,183.6,
20250409,14:19:32,183.6,
20250409,14:19:32,183.6,
20250409,14:19:32,183.6,
20250409,14:19:32,183.6,
20250409,14:19:33,183.6,
20250409,14:19:33,183.6,
20250409,14:19:33,183.6,
20250409,14:19:34,183.6,
20250409,14:19:34,183.6,
20250409,14:19:34,183.6,
20250409,14:19:34,183.6,
20250409,14:19:35,183.6,
20250409,14:19:35,183.6,
20250409,14:19:35,183.6,
20250409,14:19:36,183.6,
20250409,14:19:36,183.6,
20250409,14:19:36,183.6,
20250409,14:19:36,183.6,
20250409,14:19:37,183.6,
20250409,14:19:37,183.6,
20250409,14:19:37,183.6,
20250409,14:19:37,183.6,
20250409,14:19:38,183.6,
20250409,14:19:38,183.6,
20250409,14:19:38,183.6,
20250409,14:19:39,183.6,
20250409,14:19:39,183.6,
20250409,14:19:39,183.6,
20250409,14:19:39,183.6,
20250409,14:19:40,183.6,
20250409,14:19:40,183.6,
20250409,14:19:40,183.6,
20250409,14:19:41,183.6,
20250409,14:19:41,183.6,
20250409,14:19:41,183.6,
20250409,14:19:41,183.6,
20250409,14:19:42,183.6,
20250409,14:19:42,183.6,
20250409,14:19:42,183.6,
20250409,14:19:42,183.6,
20250409,14:19:43,183.6,
20250409,14:19:43,183.6,
20250409,14:19:43,183.6,
20250409,14:19:44,183.6,
20250409,14:19:44,183.6,
20250409,14:19:44,183.6,
20250409,14:19:44,183.6,
20250409,14:19:45,183.6,
20250409,14:19:45,183.6,
20250409,14:19:45,183.6,
20250409,14:19:45,183.6,
20250409,14:19:46,183.6,
20250409,14:19:46,183.6,
20250409,14:19:46,183.6,
20250409,14:19:47,183.6,
20250409,14:19:47,183.6,
20250409,14:19:47,183.6,
20250409,14:19:47,183.6,
20250409,14:19:48,183.6,
20250409,14:19:48,183.6,
20250409,14:19:48,183.6,
20250409,14:19:49,183.6,
20250409,14:19:49,183.6,
20250409,14:19:49,183.6,
20250409,14:19:49,183.6,
20250409,14:19:50,183.6,
20250409,14:19:50,183.6,
20250409,14:19:50,183.6,
20250409,14:19:50,183.6,
20250409,14:19:51,183.6,
20250409,14:19:51,183.6,
20250409,14:19:51,183.6,
20250409,14:19:52,183.6,
20250409,14:19:52,183.6,
20250409,14:19:52,183.6,
20250409,14:19:52,183.6,
20250409,14:19:53,183.6,
20250409,14:19:53,183.6,
20250409,14:19:53,183.6,
20250409,14:19:54,183.6,
20250409,14:19:54,183.6,
20250409,14:19:54,183.6,
20250409,14:19:54,183.6,
20250409,14:19:55,183.6,
20250409,14:19:55,183.6,
20250409,14:19:55,183.6,
20250409,14:19:55,183.6,
20250409,14:19:56,183.6,
20250409,14:19:56,183.6,
20250409,14:19:56,183.6,
20250409,14:19:57,183.6,
20250409,14:19:57,183.6,
20250409,14:19:57,183.6,
20250409,14:19:57,183.6,
20250409,14:19:58,183.6,
20250409,14:19:58,183.6,
20250409,14:19:58,183.6,
20250409,14:19:59,183.6,
20250409,14:19:59,183.6,
20250409,14:19:59,183.6,
20250409,14:19:59,183.6,
20250409,14:20:00,183.6,
20250409,14:20:00,183.6,
20250409,14:20:00,183.6,
20250409,14:20:00,183.6,
20250409,14:20:01,183.6,
20250409,14:20:01,183.6,
20250409,14:20:01,183.6,
20250409,14:20:02,183.6,
20250409,14:20:02,183.6,
20250409,14:20:02,183.6,
20250409,14:20:02,183.6,
20250409,14:20:03,183.6,
20250409,14:20:03,183.6,
20250409,14:20:03,183.6,
20250409,14:20:03,183.6,
20250409,14:20:04,183.6,
20250409,14:20:04,183.6,
20250409,14:20:04,183.6,
20250409,14:20:05,183.6,
20250409,14:20:05,183.6,
20250409,14:20:05,183.6,
20250409,14:20:05,183.6,
20250409,14:20:06,183.6,
20250409,14:20:06,183.6,
20250409,14:20:06,183.6,
20250409,14:20:07,183.6,
20250409,14:20:07,183.6,
20250409,14:20:07,183.6,
20250409,14:20:07,183.6,
20250409,14:20:08,183.6,
20250409,14:20:08,183.6,
20250409,14:20:08,183.6,
20250409,14:20:08,183.6,
20250409,14:20:09,183.6,
20250409,14:20:09,183.6,
20250409,14:20:09,183.6,
20250409,14:20:10,183.6,
20250409,14:20:10,183.6,
20250409,14:20:10,183.6,
20250409,14:20:10,183.6,
20250409,14:20:11,183.6,
20250409,14:20:11,183.6,
20250409,14:20:11,183.6,
20250409,14:20:12,183.6,
20250409,14:20:12,183.6,
20250409,14:20:12,183.6,
20250409,14:20:12,183.6,
20250409,14:20:13,183.6,
20250409,14:20:13,183.6,
20250409,14:20:13,183.6,
20250409,14:20:13,183.6,
20250409,14:20:14,183.6,
20250409,14:20:14,183.6,
20250409,14:20:14,183.6,
20250409,14:20:15,183.6,
20250409,14:20:15,183.6,
20250409,14:20:15,183.6,
20250409,14:20:15,183.6,
20250409,14:20:16,183.6,
20250409,14:20:16,183.6,
20250409,14:20:16,183.6,
20250409,14:20:16,183.6,
20250409,14:20:17,183.6,
20250409,14:20:17,183.6,
20250409,14:20:17,183.6,
20250409,14:20:18,183.6,
20250409,14:20:18,183.6,
20250409,14:20:18,183.6,
20250409,14:20:18,183.6,
20250409,14:20:19,183.6,
20250409,14:20:19,183.6,
20250409,14:20:19,183.6,
20250409,14:20:20,183.6,
20250409,14:20:20,183.6,
20250409,14:20:20,183.6,
20250409,14:20:20,183.6,
20250409,14:20:21,183.6,
20250409,14:20:21,183.6,
20250409,14:20:21,183.6,
20250409,14:20:21,183.6,
20250409,14:20:22,183.6,
20250409,14:20:22,183.6,
20250409,14:20:22,183.6,
20250409,14:20:23,183.6,
20250409,14:20:23,183.6,
20250409,14:20:23,183.6,
20250409,14:20:23,183.6,
20250409,14:20:24,183.6,
20250409,14:20:24,183.6,
20250409,14:20:24,183.6,
20250409,14:20:25,183.6,
20250409,14:20:25,183.6,
20250409,14:20:25,183.6,
20250409,14:20:25,183.6,
20250409,14:20:26,183.6,
20250409,14:20:26,183.6,
20250409,14:20:26,183.6,
20250409,14:20:26,183.6,
20250409,14:20:27,183.6,
20250409,14:20:27,183.6,
20250409,14:20:27,183.6,
20250409,14:20:28,183.6,
20250409,14:20:28,183.6,
20250409,14:20:28,183.6,
20250409,14:20:28,183.6,
20250409,14:20:29,183.6,
20250409,14:20:29,183.6,
20250409,14:20:29,183.6,
20250409,14:20:30,183.6,
20250409,14:20:30,183.6,
20250409,14:20:30,183.6,
20250409,14:20:30,183.6,
20250409,14:20:31,183.6,
20250409,14:20:31,183.6,
20250409,14:20:31,183.6,
20250409,14:20:31,183.6,
20250409,14:20:32,183.6,
20250409,14:20:32,183.6,
20250409,14:20:32,183.6,
20250409,14:20:33,183.6,
20250409,14:20:33,183.6,
20250409,14:20:33,183.6,
20250409,14:20:33,183.6,
20250409,14:20:34,183.6,
20250409,14:20:34,183.6,
20250409,14:20:34,183.6,
20250409,14:20:34,183.6,
20250409,14:20:35,183.6,
20250409,14:20:35,183.6,
20250409,14:20:35,183.6,
20250409,14:20:36,183.6,
20250409,14:20:36,183.6,
20250409,14:20:36,183.6,
20250409,14:20:36,183.6,
20250409,14:20:37,183.6,
20250409,14:20:37,183.6,
20250409,14:20:37,183.6,
20250409,14:20:38,183.6,
20250409,14:20:38,183.6,
20250409,14:20:38,183.6,
20250409,14:20:38,183.6,
20250409,14:20:39,183.6,
20250409,14:20:39,183.6,
20250409,14:20:39,183.6,
20250409,14:20:39,183.6,
20250409,14:20:40,183.6,
20250409,14:20:40,183.6,
20250409,14:20:40,183.6,
20250409,14:20:41,183.6,
20250409,14:20:41,183.6,
20250409,14:20:41,183.6,
20250409,14:20:41,183.6,
20250409,14:20:42,183.6,
20250409,14:20:42,183.6,
20250409,14:20:42,183.6,
20250409,14:20:43,183.6,
20250409,14:20:43,183.6,
20250409,14:20:43,183.6,
20250409,14:20:43,183.6,
20250409,14:20:44,183.6,
20250409,14:20:44,183.6,
20250409,14:20:44,183.6,
20250409,14:20:44,183.6,
20250409,14:20:45,183.6,
20250409,14:20:45,183.6,
20250409,14:20:45,183.6,
20250409,14:20:46,183.6,
20250409,14:20:46,183.6,
20250409,14:20:46,183.6,
20250409,14:20:46,183.6,
20250409,14:20:47,183.6,
20250409,14:20:47,183.6,
20250409,14:20:47,183.6,
20250409,14:20:47,183.6,
20250409,14:20:48,183.6,
20250409,14:20:48,183.6,
20250409,14:20:48,183.6,
20250409,14:20:49,183.6,
20250409,14:20:49,183.6,
20250409,14:20:49,183.6,
20250409,14:20:49,183.6,
20250409,14:20:50,183.6,
20250409,14:20:50,183.6,
20250409,14:20:50,183.6,
20250409,14:20:51,183.6,
20250409,14:20:51,183.6,
20250409,14:20:51,183.6,
20250409,14:20:51,183.6,
20250409,14:20:52,183.6,
20250409,14:20:52,183.6,
20250409,14:20:52,183.6,
20250409,14:20:52,183.6,
20250409,14:20:53,183.6,
20250409,14:20:53,183.6,
20250409,14:20:53,183.6,
20250409,14:20:54,183.6,
20250409,14:20:54,183.6,
20250409,14:20:54,183.6,
20250409,14:20:54,183.6,
20250409,14:20:55,183.6,
20250409,14:20:55,183.6,
20250409,14:20:55,183.6,
20250409,14:20:56,183.6,
20250409,14:20:56,183.6,
20250409,14:20:56,183.6,
20250409,14:20:56,183.6,
20250409,14:20:57,183.6,
20250409,14:20:57,183.6,
20250409,14:20:57,183.6,
20250409,14:20:57,183.6,
20250409,14:20:58,183.6,
20250409,14:20:58,183.6,
20250409,14:20:58,183.6,
20250409,14:20:59,183.6,
20250409,14:20:59,183.6,
20250409,14:20:59,183.6,
20250409,14:20:59,183.6,
20250409,14:21:00,183.6,
20250409,14:21:00,183.6,
20250409,14:21:00,183.6,
20250409,14:21:01,183.6,
20250409,14:21:01,183.6,
20250409,14:21:01,183.6,
20250409,14:21:01,183.6,
20250409,14:21:02,183.6,
20250409,14:21:02,183.6,
20250409,14:21:02,183.6,
20250409,14:21:02,183.6,
20250409,14:21:03,183.6,
20250409,14:21:03,183.6,
20250409,14:21:03,183.6,
20250409,14:21:04,183.6,
20250409,14:21:04,183.6,
20250409,14:21:04,183.6,
20250409,14:21:04,183.6,
20250409,14:21:05,183.6,
20250409,14:21:05,183.6,
20250409,14:21:05,183.6,
20250409,14:21:05,183.6,
20250409,14:21:06,183.6,
20250409,14:21:06,183.6,
20250409,14:21:06,183.6,
20250409,14:21:07,183.6,
20250409,14:21:07,183.6,
20250409,14:21:07,183.6,
20250409,14:21:07,183.6,
20250409,14:21:08,183.6,
20250409,14:21:08,183.6,
20250409,14:21:08,183.6,
20250409,14:21:09,183.6,
20250409,14:21:09,183.6,
20250409,14:21:09,183.6,
20250409,14:21:09,183.6,
20250409,14:21:10,183.6,
20250409,14:21:10,183.6,
20250409,14:21:10,183.6,
20250409,14:21:10,183.6,
20250409,14:21:11,183.6,
20250409,14:21:11,183.6,
20250409,14:21:11,183.6,
20250409,14:21:12,183.6,
20250409,14:21:12,183.6,
20250409,14:21:12,183.6,
20250409,14:21:12,183.6,
20250409,14:21:13,183.6,
20250409,14:21:13,183.6,
20250409,14:21:13,183.6,
20250409,14:21:14,183.6,
20250409,14:21:14,183.6,
20250409,14:21:14,183.6,
20250409,14:21:14,183.6,
20250409,14:21:15,183.6,
20250409,14:21:15,183.6,
20250409,14:21:15,183.6,
20250409,14:21:15,183.6,
20250409,14:21:16,183.6,
20250409,14:21:16,183.6,
20250409,14:21:16,183.6,
20250409,14:21:17,183.6,
20250409,14:21:17,183.6,
20250409,14:21:17,183.6,
20250409,14:21:17,183.6,
20250409,14:21:18,183.6,
20250409,14:21:18,183.6,
20250409,14:21:18,183.6,
20250409,14:21:18,183.6,
20250409,14:21:19,183.6,
20250409,14:21:19,183.6,
20250409,14:21:19,183.6,
20250409,14:21:20,183.6,
20250409,14:21:20,183.6,
20250409,14:21:20,183.6,
20250409,14:21:20,183.6,
20250409,14:21:21,183.6,
20250409,14:21:21,183.6,
20250409,14:21:21,183.6,
20250409,14:21:22,183.6,
20250409,14:21:22,183.6,
20250409,14:21:22,183.6,
20250409,14:21:22,183.6,
20250409,14:21:23,183.6,
20250409,14:21:23,183.6,
20250409,14:21:23,183.6,
20250409,14:21:23,183.6,
20250409,14:21:24,183.6,
20250409,14:21:24,183.6,
20250409,14:21:24,183.6,
20250409,14:21:25,183.6,
20250409,14:21:25,183.6,
20250409,14:21:25,183.6,
20250409,14:21:25,183.6,
20250409,14:21:26,183.6,
20250409,14:21:26,183.6,
20250409,14:21:26,183.6,
20250409,14:21:27,183.6,
20250409,14:21:27,183.6,
20250409,14:21:27,183.6,
20250409,14:21:27,183.6,
20250409,14:21:28,183.6,
20250409,14:21:28,183.6,
20250409,14:21:28,183.6,
20250409,14:21:28,183.6,
20250409,14:21:29,183.6,
20250409,14:21:29,183.6,
20250409,14:21:29,183.6,
20250409,14:21:30,183.6,
20250409,14:21:30,183.6,
20250409,14:21:30,183.6,
20250409,14:21:30,183.6,
20250409,14:21:31,183.6,
20250409,14:21:31,183.6,
20250409,14:21:31,183.6,
20250409,14:21:32,183.6,
20250409,14:21:32,183.6,
20250409,14:21:32,183.6,
20250409,14:21:32,183.6,
20250409,14:21:33,183.6,
20250409,14:21:33,183.6,
20250409,14:21:33,183.6,
20250409,14:21:33,183.6,
20250409,14:21:34,183.6,
20250409,14:21:34,183.6,
20250409,14:21:34,183.6,
20250409,14:21:35,183.6,
20250409,14:21:35,183.6,
20250409,14:21:35,183.6,
20250409,14:21:35,183.6,
20250409,14:21:36,183.6,
20250409,14:21:36,183.6,
20250409,14:21:36,183.6,
20250409,14:21:36,183.6,
20250409,14:21:37,183.6,
20250409,14:21:37,183.6,
20250409,14:21:37,183.6,
20250409,14:21:38,183.6,
20250409,14:21:38,183.6,
20250409,14:21:38,183.6,
20250409,14:21:38,183.6,
20250409,14:21:39,183.6,
20250409,14:21:39,183.6,
20250409,14:21:39,183.6,
20250409,14:21:40,183.6,
20250409,14:21:40,183.6,
20250409,14:21:40,183.6,
20250409,14:21:40,183.6,
20250409,14:21:41,183.6,
20250409,14:21:41,183.6,
20250409,14:21:41,183.6,
20250409,14:21:41,183.6,
20250409,14:21:42,183.6,
20250409,14:21:42,183.6,
20250409,14:21:42,183.6,
20250409,14:21:43,183.6,
20250409,14:21:43,183.6,
20250409,14:21:43,183.6,
20250409,14:21:43,183.6,
20250409,14:21:44,183.6,
20250409,14:21:44,183.6,
20250409,14:21:44,183.6,
20250409,14:21:45,183.6,
20250409,14:21:45,183.6,
20250409,14:21:45,183.6,
20250409,14:21:45,183.6,
20250409,14:21:46,183.6,
20250409,14:21:46,183.6,
20250409,14:21:46,183.6,
20250409,14:21:46,183.6,
20250409,14:21:47,183.6,
20250409,14:21:47,183.6,
20250409,14:21:47,183.6,
20250409,14:21:48,183.6,
20250409,14:21:48,183.6,
20250409,14:21:48,183.6,
20250409,14:21:48,183.6,
20250409,14:21:49,183.6,
20250409,14:21:49,183.6,
20250409,14:21:49,183.6,
20250409,14:21:49,183.6,
20250409,14:21:50,183.6,
20250409,14:21:50,183.6,
20250409,14:21:50,183.6,
20250409,14:21:51,183.6,
20250409,14:21:51,183.6,
20250409,14:21:51,183.6,
20250409,14:21:51,183.6,
20250409,14:21:52,183.6,
20250409,14:21:52,183.6,
20250409,14:21:52,183.6,
20250409,14:21:53,183.6,
20250409,14:21:53,183.6,
20250409,14:21:53,183.6,
20250409,14:21:53,183.6,
20250409,14:21:54,183.6,
20250409,14:21:54,183.6,
20250409,14:21:54,183.6,
20250409,14:21:54,183.6,
20250409,14:21:55,183.6,
20250409,14:21:55,183.6,
20250409,14:21:55,183.6,
20250409,14:21:56,183.6,
20250409,14:21:56,183.6,
20250409,14:21:56,183.6,
20250409,14:21:56,183.6,
20250409,14:21:57,183.6,
20250409,14:21:57,183.6,
20250409,14:21:57,183.6,
20250409,14:21:58,183.6,
20250409,14:21:58,183.6,
20250409,14:21:58,183.6,
20250409,14:21:58,183.6,
20250409,14:21:59,183.6,
20250409,14:21:59,183.6,
20250409,14:21:59,183.6,
20250409,14:21:59,183.6,
20250409,14:22:00,183.6,
20250409,14:22:00,183.6,
20250409,14:22:00,183.6,
20250409,14:22:01,183.6,
20250409,14:22:01,183.6,
20250409,14:22:01,183.6,
20250409,14:22:01,183.6,
20250409,14:22:02,183.6,
20250409,14:22:02,183.6,
20250409,14:22:02,183.6,
20250409,14:22:03,183.6,
20250409,14:22:03,183.6,
20250409,14:22:03,183.6,
20250409,14:22:03,183.6,
20250409,14:22:04,183.6,
20250409,14:22:04,183.6,
20250409,14:22:04,183.6,
20250409,14:22:04,183.6,
20250409,14:22:05,183.6,
20250409,14:22:05,183.6,
20250409,14:22:05,183.6,
20250409,14:22:06,183.6,
20250409,14:22:06,183.6,
20250409,14:22:06,183.6,
20250409,14:22:06,183.6,
20250409,14:22:07,183.6,
20250409,14:22:07,183.6,
20250409,14:22:07,183.6,
20250409,14:22:07,183.6,
20250409,14:22:08,183.6,
20250409,14:22:08,183.6,
20250409,14:22:08,183.6,
20250409,14:22:09,183.6,
20250409,14:22:09,183.6,
20250409,14:22:09,183.6,
20250409,14:22:09,183.6,
20250409,14:22:10,183.6,
20250409,14:22:10,183.6,
20250409,14:22:10,183.6,
20250409,14:22:11,183.6,
20250409,14:22:11,183.6,
20250409,14:22:11,183.6,
20250409,14:22:11,183.6,
20250409,14:22:12,183.6,
20250409,14:22:12,183.6,
20250409,14:22:12,183.6,
20250409,14:22:12,183.6,
20250409,14:22:13,183.6,
20250409,14:22:13,183.6,
20250409,14:22:13,183.6,
20250409,14:22:14,183.6,
20250409,14:22:14,183.6,
20250409,14:22:14,183.6,
20250409,14:22:14,183.6,
20250409,14:22:15,183.6,
20250409,14:22:15,183.6,
20250409,14:22:15,183.6,
20250409,14:22:16,183.6,
20250409,14:22:16,183.6,
20250409,14:22:16,183.6,
20250409,14:22:16,183.6,
20250409,14:22:17,183.6,
20250409,14:22:17,183.6,
20250409,14:22:17,183.6,
20250409,14:22:17,183.6,
20250409,14:22:18,183.6,
20250409,14:22:18,183.6,
20250409,14:22:18,183.6,
20250409,14:22:19,183.6,
20250409,14:22:19,183.6,
20250409,14:22:19,183.6,
20250409,14:22:19,183.6,
20250409,14:22:20,183.6,
20250409,14:22:20,183.6,
20250409,14:22:20,183.6,
20250409,14:22:20,183.6,
20250409,14:22:21,183.6,
20250409,14:22:21,183.6,
20250409,14:22:21,183.6,
20250409,14:22:22,183.6,
20250409,14:22:22,183.6,
20250409,14:22:22,183.6,
20250409,14:22:22,183.6,
20250409,14:22:23,183.6,
20250409,14:22:23,183.6,
20250409,14:22:23,183.6,
20250409,14:22:24,183.6,
20250409,14:22:24,183.6,
20250409,14:22:24,183.6,
20250409,14:22:24,183.6,
20250409,14:22:25,183.6,
20250409,14:22:25,183.6,
20250409,14:22:25,183.6,
20250409,14:22:25,183.6,
20250409,14:22:26,183.6,
20250409,14:22:26,183.6,
20250409,14:22:26,183.6,
20250409,14:22:27,183.6,
20250409,14:22:27,183.6,
20250409,14:22:27,183.6,
20250409,14:22:27,183.6,
20250409,14:22:28,183.6,
20250409,14:22:28,183.6,
20250409,14:22:28,183.6,
20250409,14:22:29,183.6,
20250409,14:22:29,183.6,
20250409,14:22:29,183.6,
20250409,14:22:29,183.6,
20250409,14:22:30,183.6,
20250409,14:22:30,183.6,
20250409,14:22:30,183.6,
20250409,14:22:30,183.6,
20250409,14:22:31,183.6,
20250409,14:22:31,183.6,
20250409,14:22:31,183.6,
20250409,14:22:32,183.6,
20250409,14:22:32,183.6,
20250409,14:22:32,183.6,
20250409,14:22:32,183.6,
20250409,14:22:33,183.6,
20250409,14:22:33,183.6,
20250409,14:22:33,183.6,
20250409,14:22:34,183.6,
20250409,14:22:34,183.6,
20250409,14:22:34,183.6,
20250409,14:22:34,183.6,
20250409,14:22:35,183.6,
20250409,14:22:35,183.6,
20250409,14:22:35,183.6,
20250409,14:22:35,183.6,
20250409,14:22:36,183.6,
20250409,14:22:36,183.6,
20250409,14:22:36,183.6,
20250409,14:22:37,183.6,
20250409,14:22:37,183.6,
20250409,14:22:37,183.6,
20250409,14:22:37,183.6,
20250409,14:22:38,183.6,
20250409,14:22:38,183.6,
20250409,14:22:38,183.6,
20250409,14:22:38,183.6,
20250409,14:22:39,183.6,
20250409,14:22:39,183.6,
20250409,14:22:39,183.6,
20250409,14:22:40,183.6,
20250409,14:22:40,183.6,
20250409,14:22:40,183.6,
20250409,14:22:40,183.6,
20250409,14:22:41,183.6,
20250409,14:22:41,183.6,
20250409,14:22:41,183.6,
20250409,14:22:42,183.6,
20250409,14:22:42,183.6,
20250409,14:22:42,183.6,
20250409,14:22:42,183.6,
20250409,14:22:43,183.6,
20250409,14:22:43,183.6,
20250409,14:22:43,183.6,
20250409,14:22:43,183.6,
20250409,14:22:44,183.6,
20250409,14:22:44,183.6,
20250409,14:22:44,183.6,
20250409,14:22:45,183.6,
20250409,14:22:45,183.6,
20250409,14:22:45,183.6,
20250409,14:22:45,183.6,
20250409,14:22:46,183.6,
20250409,14:22:46,183.6,
20250409,14:22:46,183.6,
20250409,14:22:47,183.6,
20250409,14:22:47,183.6,
20250409,14:22:47,183.6,
20250409,14:22:47,183.6,
20250409,14:22:48,183.6,
20250409,14:22:48,183.6,
20250409,14:22:48,183.6,
20250409,14:22:48,183.6,
20250409,14:22:49,183.6,
20250409,14:22:49,183.6,
20250409,14:22:49,183.6,
20250409,14:22:50,183.6,
20250409,14:22:50,183.6,
20250409,14:22:50,183.6,
20250409,14:22:50,183.6,
20250409,14:22:51,183.6,
20250409,14:22:51,183.6,
20250409,14:22:51,183.6,
20250409,14:22:52,183.6,
20250409,14:22:52,183.6,
20250409,14:22:52,183.6,
20250409,14:22:52,183.6,
20250409,14:22:53,183.6,
20250409,14:22:53,183.6,
20250409,14:22:53,183.6,
20250409,14:22:53,183.6,
20250409,14:22:54,183.6,
20250409,14:22:54,183.6,
20250409,14:22:54,183.6,
20250409,14:22:55,183.6,
20250409,14:22:55,183.6,
20250409,14:22:55,183.6,
20250409,14:22:55,183.6,
20250409,14:22:56,183.6,
20250409,14:22:56,183.6,
20250409,14:22:56,183.6,
20250409,14:22:56,183.6,
20250409,14:22:57,183.6,
20250409,14:22:57,183.6,
20250409,14:22:57,183.6,
20250409,14:22:58,183.6,
20250409,14:22:58,183.6,
20250409,14:22:58,183.6,
20250409,14:22:58,183.6,
20250409,14:22:59,183.6,
20250409,14:22:59,183.6,
20250409,14:22:59,183.6,
20250409,14:23:00,183.6,
20250409,14:23:00,183.6,
20250409,14:23:00,183.6,
20250409,14:23:00,183.6,
20250409,14:23:01,183.6,
20250409,14:23:01,183.6,
20250409,14:23:01,183.6,
20250409,14:23:01,183.6,
20250409,14:23:02,183.6,
20250409,14:23:02,183.6,
20250409,14:23:02,183.6,
20250409,14:23:03,183.6,
20250409,14:23:03,183.6,
20250409,14:23:03,183.6,
20250409,14:23:03,183.6,
20250409,14:23:04,183.6,
20250409,14:23:04,183.6,
20250409,14:23:04,183.6,
20250409,14:23:05,183.6,
20250409,14:23:05,183.6,
20250409,14:23:05,183.6,
20250409,14:23:05,183.6,
20250409,14:23:06,183.6,
20250409,14:23:06,183.6,
20250409,14:23:06,183.6,
20250409,14:23:06,183.6,
20250409,14:23:07,183.6,
20250409,14:23:07,183.6,
20250409,14:23:07,183.6,
20250409,14:23:08,183.6,
20250409,14:23:08,183.6,
20250409,14:23:08,183.6,
20250409,14:23:08,183.6,
20250409,14:23:09,183.6,
20250409,14:23:09,183.6,
20250409,14:23:09,183.6,
20250409,14:23:09,183.6,
20250409,14:23:10,183.6,
20250409,14:23:10,183.6,
20250409,14:23:10,183.6,
20250409,14:23:11,183.6,
20250409,14:23:11,183.6,
20250409,14:23:11,183.6,
20250409,14:23:11,183.6,
20250409,14:23:12,183.6,
20250409,14:23:12,183.6,
20250409,14:23:12,183.6,
20250409,14:23:13,183.6,
20250409,14:23:13,183.6,
20250409,14:23:13,183.6,
20250409,14:23:13,183.6,
20250409,14:23:14,183.6,
20250409,14:23:14,183.6,
20250409,14:23:14,183.6,
20250409,14:23:14,183.6,
20250409,14:23:15,183.6,
20250409,14:23:15,183.6,
20250409,14:23:15,183.6,
20250409,14:23:16,183.6,
20250409,14:23:16,183.6,
20250409,14:23:16,183.6,
20250409,14:23:16,183.6,
20250409,14:23:17,183.6,
20250409,14:23:17,183.6,
20250409,14:23:17,183.6,
20250409,14:23:18,183.6,
20250409,14:23:18,183.6,
20250409,14:23:18,183.6,
20250409,14:23:18,183.6,