静息,正性,中性,负性
11:31:37,11:33:15,11:34:55,11:40:37
,,,
CTP266,88:4A:EA:8B:D1:E6,,
,,,
,,,
,,,
,,,
,,,
,,,
20250430,11:27:28,-19.9,
20250430,11:27:28,-20.3,
20250430,11:27:28,-20.6,
20250430,11:27:28,-21,
20250430,11:27:29,-21.2,
20250430,11:27:29,-21.7,
20250430,11:27:29,-22,
20250430,11:27:30,-22.6,
20250430,11:27:30,-22.3,
20250430,11:27:30,-22.5,
20250430,11:27:30,-21.9,
20250430,11:27:31,-21,
20250430,11:27:31,-19.7,
20250430,11:27:31,-18.9,
20250430,11:27:32,-18.3,
20250430,11:27:32,-17.6,
20250430,11:27:32,-17.3,
20250430,11:27:32,-17.2,
20250430,11:27:33,-17.5,
20250430,11:27:33,-18,
20250430,11:27:33,-18.4,
20250430,11:27:34,-18.7,
20250430,11:27:34,-19.4,
20250430,11:27:34,-19.8,
20250430,11:27:34,-19.9,
20250430,11:27:35,-20,
20250430,11:27:35,-20.6,
20250430,11:27:35,-21,
20250430,11:27:35,-21.5,
20250430,11:27:36,-22,
20250430,11:27:36,-22.1,
20250430,11:27:36,-21.9,
20250430,11:27:37,-21.7,
20250430,11:27:37,-21.5,
20250430,11:27:37,-21.4,
20250430,11:27:37,-21.4,
20250430,11:27:38,-21.6,
20250430,11:27:38,-21.7,
20250430,11:27:38,-21.8,
20250430,11:27:39,-22.1,
20250430,11:27:39,-22.2,
20250430,11:27:39,-22.3,
20250430,11:27:39,-22.3,
20250430,11:27:40,-22.5,
20250430,11:27:40,-22.6,
20250430,11:27:40,-22.7,
20250430,11:27:40,-22.8,
20250430,11:27:41,-22.9,
20250430,11:27:41,-22.9,
20250430,11:27:41,-22.9,
20250430,11:27:42,-22.9,
20250430,11:27:42,-23,
20250430,11:27:42,-23,
20250430,11:27:42,-23,
20250430,11:27:43,-23,
20250430,11:27:43,-23.1,
20250430,11:27:43,-23.1,
20250430,11:27:43,-22.9,
20250430,11:27:44,-22.9,
20250430,11:27:44,-23,
20250430,11:27:44,-23.1,
20250430,11:27:45,-23.2,
20250430,11:27:45,-23.2,
20250430,11:27:45,-23.3,
20250430,11:27:45,-23.4,
20250430,11:27:46,-23.6,
20250430,11:27:46,-23.7,
20250430,11:27:46,-23.8,
20250430,11:27:47,-23.8,
20250430,11:27:47,-23.8,
20250430,11:27:47,-23.8,
20250430,11:27:47,-23.8,
20250430,11:27:48,-23.7,
20250430,11:27:48,-23.8,
20250430,11:27:48,-23.7,
20250430,11:27:48,-23.8,
20250430,11:27:49,-23.7,
20250430,11:27:49,-23.7,
20250430,11:27:49,-23.7,
20250430,11:27:50,-23.5,
20250430,11:27:50,-23.4,
20250430,11:27:50,-23.4,
20250430,11:27:50,-23.3,
20250430,11:27:51,-23.2,
20250430,11:27:51,-23.2,
20250430,11:27:51,-23.2,
20250430,11:27:51,-23.3,
20250430,11:27:52,-23.3,
20250430,11:27:52,-23.4,
20250430,11:27:52,-23.5,
20250430,11:27:53,-23.4,
20250430,11:27:53,-23.4,
20250430,11:27:53,-23.3,
20250430,11:27:53,-23.4,
20250430,11:27:54,-23.7,
20250430,11:27:54,-24,
20250430,11:27:54,-24.1,
20250430,11:27:55,-24.3,
20250430,11:27:55,-24.5,
20250430,11:27:55,-24.6,
20250430,11:27:55,-25.1,
20250430,11:27:56,-25.7,
20250430,11:27:56,-26.1,
20250430,11:27:56,-26.3,
20250430,11:27:56,-26.3,
20250430,11:27:57,-26.3,
20250430,11:27:57,-26.1,
20250430,11:27:57,-25.7,
20250430,11:27:58,-25.5,
20250430,11:27:58,-25.3,
20250430,11:27:58,-25.2,
20250430,11:27:58,-25.3,
20250430,11:27:59,-25.3,
20250430,11:27:59,-25.5,
20250430,11:27:59,-25.5,
20250430,11:28:00,-25.7,
20250430,11:28:00,-25.8,
20250430,11:28:00,-26,
20250430,11:28:00,-26.1,
20250430,11:28:01,-26.1,
20250430,11:28:01,-26.2,
20250430,11:28:01,-26.2,
20250430,11:28:01,-26.3,
20250430,11:28:02,-26.2,
20250430,11:28:02,-26.2,
20250430,11:28:02,-26.3,
20250430,11:28:03,-26.2,
20250430,11:28:03,-26.2,
20250430,11:28:03,-26.1,
20250430,11:28:03,-26.1,
20250430,11:28:04,-26,
20250430,11:28:04,-25.9,
20250430,11:28:04,-25.9,
20250430,11:28:05,-25.8,
20250430,11:28:05,-25.6,
20250430,11:28:05,-25.5,
20250430,11:28:05,-25.5,
20250430,11:28:06,-25.4,
20250430,11:28:06,-25.3,
20250430,11:28:06,-25.2,
20250430,11:28:06,-25.2,
20250430,11:28:07,-25.1,
20250430,11:28:07,-25.1,
20250430,11:28:07,-25.1,
20250430,11:28:08,-25.1,
20250430,11:28:08,-25.1,
20250430,11:28:08,-25,
20250430,11:28:08,-25.1,
20250430,11:28:09,-25.2,
20250430,11:28:09,-25.2,
20250430,11:28:09,-25.3,
20250430,11:28:09,-25.3,
20250430,11:28:10,-25.3,
20250430,11:28:10,-25.3,
20250430,11:28:10,-25.2,
20250430,11:28:11,-25.2,
20250430,11:28:11,-25.2,
20250430,11:28:11,-25.1,
20250430,11:28:11,-25.1,
20250430,11:28:12,-25.1,
20250430,11:28:12,-25,
20250430,11:28:12,-25,
20250430,11:28:13,-25.1,
20250430,11:28:13,-25.1,
20250430,11:28:13,-25.1,
20250430,11:28:13,-25,
20250430,11:28:14,-25,
20250430,11:28:14,-25,
20250430,11:28:14,-25,
20250430,11:28:14,-24.9,
20250430,11:28:15,-24.9,
20250430,11:28:15,-24.8,
20250430,11:28:15,-24.7,
20250430,11:28:16,-24.7,
20250430,11:28:16,-24.6,
20250430,11:28:16,-24.6,
20250430,11:28:16,-24.5,
20250430,11:28:17,-24.6,
20250430,11:28:17,-24.6,
20250430,11:28:17,-24.5,
20250430,11:28:18,-24.5,
20250430,11:28:18,-24.5,
20250430,11:28:18,-24.4,
20250430,11:28:18,-24.5,
20250430,11:28:19,-24.5,
20250430,11:28:19,-24.5,
20250430,11:28:19,-24.5,
20250430,11:28:19,-24.5,
20250430,11:28:20,-24.7,
20250430,11:28:20,-24.6,
20250430,11:28:20,-24.6,
20250430,11:28:21,-24.5,
20250430,11:28:21,-24.5,
20250430,11:28:21,-24.4,
20250430,11:28:21,-24.4,
20250430,11:28:22,-24.3,
20250430,11:28:22,-24.3,
20250430,11:28:22,-24.2,
20250430,11:28:22,-24.1,
20250430,11:28:23,-24,
20250430,11:28:23,-24,
20250430,11:28:23,-23.9,
20250430,11:28:24,-24,
20250430,11:28:24,-24,
20250430,11:28:24,-23.9,
20250430,11:28:24,-23.9,
20250430,11:28:25,-23.9,
20250430,11:28:25,-23.9,
20250430,11:28:25,-23.8,
20250430,11:28:26,-23.8,
20250430,11:28:26,-23.8,
20250430,11:28:26,-23.7,
20250430,11:28:26,-23.7,
20250430,11:28:27,-23.6,
20250430,11:28:27,-23.6,
20250430,11:28:27,-23.7,
20250430,11:28:28,-23.8,
20250430,11:28:28,-23.8,
20250430,11:28:28,-23.7,
20250430,11:28:28,-23.6,
20250430,11:28:29,-23.6,
20250430,11:28:29,-23.5,
20250430,11:28:29,-23.2,
20250430,11:28:29,-23.1,
20250430,11:28:30,-22.9,
20250430,11:28:30,-22.9,
20250430,11:28:30,-22.8,
20250430,11:28:31,-22.8,
20250430,11:28:31,-22.7,
20250430,11:28:31,-22.7,
20250430,11:28:31,-22.7,
20250430,11:28:32,-22.7,
20250430,11:28:32,-22.7,
20250430,11:28:32,-22.7,
20250430,11:28:32,-22.8,
20250430,11:28:33,-22.8,
20250430,11:28:33,-22.8,
20250430,11:28:33,-22.7,
20250430,11:28:34,-22.6,
20250430,11:28:34,-22.4,
20250430,11:28:34,-22.4,
20250430,11:28:34,-22.2,
20250430,11:28:35,-22.3,
20250430,11:28:35,-22,
20250430,11:28:35,-21.9,
20250430,11:28:36,-21.8,
20250430,11:28:36,-21.7,
20250430,11:28:36,-21.8,
20250430,11:28:36,-21.6,
20250430,11:28:37,-21.3,
20250430,11:28:37,-21.2,
20250430,11:28:37,-21.3,
20250430,11:28:37,-21.4,
20250430,11:28:38,-21.4,
20250430,11:28:38,-21.3,
20250430,11:28:38,-21.2,
20250430,11:28:39,-21.2,
20250430,11:28:39,-21.1,
20250430,11:28:39,-21,
20250430,11:28:39,-21.1,
20250430,11:28:40,-21,
20250430,11:28:40,-21,
20250430,11:28:40,-21.1,
20250430,11:28:41,-21.2,
20250430,11:28:41,-21.4,
20250430,11:28:41,-21.6,
20250430,11:28:41,-21.7,
20250430,11:28:42,-21.8,
20250430,11:28:42,-21.8,
20250430,11:28:42,-21.8,
20250430,11:28:42,-21.9,
20250430,11:28:43,-22.1,
20250430,11:28:43,-23,
20250430,11:28:43,-24.3,
20250430,11:28:44,-25.3,
20250430,11:28:44,-25.9,
20250430,11:28:44,-26.5,
20250430,11:28:44,-27,
20250430,11:28:45,-27.3,
20250430,11:28:45,-27.6,
20250430,11:28:45,-28,
20250430,11:28:46,-28.2,
20250430,11:28:46,-28.4,
20250430,11:28:46,-28.4,
20250430,11:28:46,-28.5,
20250430,11:28:47,-28.6,
20250430,11:28:47,-28.7,
20250430,11:28:47,-28.8,
20250430,11:28:47,-28.8,
20250430,11:28:48,-28.8,
20250430,11:28:48,-28.9,
20250430,11:28:48,-28.9,
20250430,11:28:49,-28.9,
20250430,11:28:49,-28.8,
20250430,11:28:49,-28.7,
20250430,11:28:49,-28.9,
20250430,11:28:50,-28.8,
20250430,11:28:50,-28.7,
20250430,11:28:50,-28.6,
20250430,11:28:50,-28.6,
20250430,11:28:51,-28.4,
20250430,11:28:51,-28.4,
20250430,11:28:51,-28.2,
20250430,11:28:52,-28,
20250430,11:28:52,-28,
20250430,11:28:52,-27.8,
20250430,11:28:52,-27.3,
20250430,11:28:53,-27.1,
20250430,11:28:53,-27,
20250430,11:28:53,-26.7,
20250430,11:28:54,-26.6,
20250430,11:28:54,-26.5,
20250430,11:28:54,-26.5,
20250430,11:28:54,-26.7,
20250430,11:28:55,-26.7,
20250430,11:28:55,-26.6,
20250430,11:28:55,-26.3,
20250430,11:28:55,-26.4,
20250430,11:28:56,-26.4,
20250430,11:28:56,-26.3,
20250430,11:28:56,-26.3,
20250430,11:28:57,-26.3,
20250430,11:28:57,-26.3,
20250430,11:28:57,-26.3,
20250430,11:28:57,-26.5,
20250430,11:28:58,-26.8,
20250430,11:28:58,-26.9,
20250430,11:28:58,-27.2,
20250430,11:28:59,-27.2,
20250430,11:28:59,-27.2,
20250430,11:28:59,-27.2,
20250430,11:28:59,-27.2,
20250430,11:29:00,-27.1,
20250430,11:29:00,-27,
20250430,11:29:00,-26.9,
20250430,11:29:00,-26.7,
20250430,11:29:01,-26.6,
20250430,11:29:01,-26.4,
20250430,11:29:01,-26.4,
20250430,11:29:02,-26.3,
20250430,11:29:02,-26.3,
20250430,11:29:02,-26.1,
20250430,11:29:02,-26,
20250430,11:29:03,-25.9,
20250430,11:29:03,-25.8,
20250430,11:29:03,-25.7,
20250430,11:29:04,-25.5,
20250430,11:29:04,-25.5,
20250430,11:29:04,-25.4,
20250430,11:29:04,-25.3,
20250430,11:29:05,-25,
20250430,11:29:05,-24.6,
20250430,11:29:05,-24.7,
20250430,11:29:05,-25.4,
20250430,11:29:06,-26.2,
20250430,11:29:06,-27.1,
20250430,11:29:06,-27.6,
20250430,11:29:07,-28.1,
20250430,11:29:07,-28.4,
20250430,11:29:07,-28.6,
20250430,11:29:07,-28.7,
20250430,11:29:08,-28.6,
20250430,11:29:08,-28.8,
20250430,11:29:08,-28.7,
20250430,11:29:08,-28.7,
20250430,11:29:09,-28.4,
20250430,11:29:09,-28.5,
20250430,11:29:09,-28.4,
20250430,11:29:10,-28.6,
20250430,11:29:10,-28.9,
20250430,11:29:10,-29,
20250430,11:29:10,-29,
20250430,11:29:11,-29.1,
20250430,11:29:11,-29.1,
20250430,11:29:11,-29.1,
20250430,11:29:12,-29.1,
20250430,11:29:12,-29.2,
20250430,11:29:12,-29.4,
20250430,11:29:12,-29.5,
20250430,11:29:13,-29.8,
20250430,11:29:13,-30.4,
20250430,11:29:13,-31.1,
20250430,11:29:14,-31.5,
20250430,11:29:14,-31.2,
20250430,11:29:14,-30.8,
20250430,11:29:14,-30.6,
20250430,11:29:15,-30.5,
20250430,11:29:15,-30.2,
20250430,11:29:15,-29.7,
20250430,11:29:15,-29.5,
20250430,11:29:16,-29.3,
20250430,11:29:16,-29.3,
20250430,11:29:16,-29.3,
20250430,11:29:17,-29.3,
20250430,11:29:17,-29.5,
20250430,11:29:17,-29.6,
20250430,11:29:17,-29.9,
20250430,11:29:18,-30.2,
20250430,11:29:18,-30.9,
20250430,11:29:18,-31.5,
20250430,11:29:18,-32.3,
20250430,11:29:19,-32.9,
20250430,11:29:19,-33.4,
20250430,11:29:19,-34,
20250430,11:29:20,-34.6,
20250430,11:29:20,-35.2,
20250430,11:29:20,-36,
20250430,11:29:20,-36.6,
20250430,11:29:21,-36.8,
20250430,11:29:21,-35.9,
20250430,11:29:21,-34,
20250430,11:29:21,-31.2,
20250430,11:29:22,-28.7,
20250430,11:29:22,-26.8,
20250430,11:29:22,-25.8,
20250430,11:29:23,-25.5,
20250430,11:29:23,-25.5,
20250430,11:29:23,-26.1,
20250430,11:29:23,-27.9,
20250430,11:29:24,-29.1,
20250430,11:29:24,-29.9,
20250430,11:29:24,-30.5,
20250430,11:29:25,-30.9,
20250430,11:29:25,-31.3,
20250430,11:29:25,-32,
20250430,11:29:25,-32.4,
20250430,11:29:26,-32.9,
20250430,11:29:26,-33.3,
20250430,11:29:26,-33.6,
20250430,11:29:27,-33.9,
20250430,11:29:27,-34.1,
20250430,11:29:27,-34.4,
20250430,11:29:27,-34.5,
20250430,11:29:28,-34.6,
20250430,11:29:28,-34.7,
20250430,11:29:28,-34.4,
20250430,11:29:28,-33.7,
20250430,11:29:29,-32.7,
20250430,11:29:29,-31.7,
20250430,11:29:29,-31,
20250430,11:29:30,-30.4,
20250430,11:29:30,-30,
20250430,11:29:30,-30.1,
20250430,11:29:30,-30.2,
20250430,11:29:31,-30.2,
20250430,11:29:31,-30.4,
20250430,11:29:31,-30.4,
20250430,11:29:32,-30.5,
20250430,11:29:32,-30.6,
20250430,11:29:32,-30.5,
20250430,11:29:32,-30.4,
20250430,11:29:33,-30.1,
20250430,11:29:33,-30,
20250430,11:29:33,-29.8,
20250430,11:29:33,-29.7,
20250430,11:29:34,-29.6,
20250430,11:29:34,-29.5,
20250430,11:29:34,-29.6,
20250430,11:29:35,-29.3,
20250430,11:29:35,-29.2,
20250430,11:29:35,-28.9,
20250430,11:29:35,-28.7,
20250430,11:29:36,-28.5,
20250430,11:29:36,-28.5,
20250430,11:29:36,-28.8,
20250430,11:29:36,-28.9,
20250430,11:29:37,-28.6,
20250430,11:29:37,-28.1,
20250430,11:29:37,-27.7,
20250430,11:29:38,-27.4,
20250430,11:29:38,-27.3,
20250430,11:29:38,-27.2,
20250430,11:29:38,-27.4,
20250430,11:29:39,-27.6,
20250430,11:29:39,-27.9,
20250430,11:29:39,-28,
20250430,11:29:40,-28.3,
20250430,11:29:40,-28.5,
20250430,11:29:40,-28.6,
20250430,11:29:40,-28.6,
20250430,11:29:41,-28.3,
20250430,11:29:41,-28,
20250430,11:29:41,-27.7,
20250430,11:29:41,-27.6,
20250430,11:29:42,-27.8,
20250430,11:29:42,-28.1,
20250430,11:29:42,-28.5,
20250430,11:29:43,-28.5,
20250430,11:29:43,-28.5,
20250430,11:29:43,-28.4,
20250430,11:29:43,-28.5,
20250430,11:29:44,-28.6,
20250430,11:29:44,-28.6,
20250430,11:29:44,-28.3,
20250430,11:29:44,-28.2,
20250430,11:29:45,-28,
20250430,11:29:45,-28.1,
20250430,11:29:45,-28,
20250430,11:29:46,-28.2,
20250430,11:29:46,-28.9,
20250430,11:29:46,-29.3,
20250430,11:29:46,-29.3,
20250430,11:29:47,-28.9,
20250430,11:29:47,-28,
20250430,11:29:47,-27.4,
20250430,11:29:48,-27.2,
20250430,11:29:48,-27.1,
20250430,11:29:48,-26.9,
20250430,11:29:48,-27.1,
20250430,11:29:49,-27.2,
20250430,11:29:49,-27.4,
20250430,11:29:49,-27.9,
20250430,11:29:49,-28.1,
20250430,11:29:50,-28.2,
20250430,11:29:50,-28.4,
20250430,11:29:50,-28.5,
20250430,11:29:51,-28.3,
20250430,11:29:51,-28.2,
20250430,11:29:51,-28.3,
20250430,11:29:51,-28.4,
20250430,11:29:52,-28.3,
20250430,11:29:52,-28.5,
20250430,11:29:52,-28.4,
20250430,11:29:53,-28.4,
20250430,11:29:53,-28.5,
20250430,11:29:53,-28.8,
20250430,11:29:53,-28.8,
20250430,11:29:54,-28.9,
20250430,11:29:54,-28.7,
20250430,11:29:54,-28.8,
20250430,11:29:54,-28.7,
20250430,11:29:55,-28.6,
20250430,11:29:55,-28.7,
20250430,11:29:55,-28.7,
20250430,11:29:56,-28.7,
20250430,11:29:56,-28.8,
20250430,11:29:56,-28.9,
20250430,11:29:56,-29,
20250430,11:29:57,-29.4,
20250430,11:29:57,-30,
20250430,11:29:57,-30.4,
20250430,11:29:58,-30.5,
20250430,11:29:58,-30.4,
20250430,11:29:58,-30.3,
20250430,11:29:58,-30,
20250430,11:29:59,-30,
20250430,11:29:59,-30.1,
20250430,11:29:59,-30.4,
20250430,11:30:00,-30.8,
20250430,11:30:00,-31.2,
20250430,11:30:00,-31.3,
20250430,11:30:00,-31.4,
20250430,11:30:01,-31.5,
20250430,11:30:01,-31.4,
20250430,11:30:01,-31.1,
20250430,11:30:01,-31.1,
20250430,11:30:02,-31.2,
20250430,11:30:02,-31.3,
20250430,11:30:02,-31.6,
20250430,11:30:03,-32.1,
20250430,11:30:03,-32.3,
20250430,11:30:03,-32.6,
20250430,11:30:03,-32.8,
20250430,11:30:04,-33,
20250430,11:30:04,-32.9,
20250430,11:30:04,-32.7,
20250430,11:30:04,-32.4,
20250430,11:30:05,-32,
20250430,11:30:05,-31.9,
20250430,11:30:05,-31.9,
20250430,11:30:06,-31.9,
20250430,11:30:06,-32.1,
20250430,11:30:06,-32,
20250430,11:30:06,-32.2,
20250430,11:30:07,-32.3,
20250430,11:30:07,-32.5,
20250430,11:30:07,-32.7,
20250430,11:30:08,-32.6,
20250430,11:30:08,-32.6,
20250430,11:30:08,-32.3,
20250430,11:30:08,-32.2,
20250430,11:30:09,-32.1,
20250430,11:30:09,-32.1,
20250430,11:30:09,-31.9,
20250430,11:30:09,-31.9,
20250430,11:30:10,-32,
20250430,11:30:10,-32.1,
20250430,11:30:10,-32.2,
20250430,11:30:11,-32.3,
20250430,11:30:11,-32.8,
20250430,11:30:11,-33.1,
20250430,11:30:11,-33.2,
20250430,11:30:12,-33.3,
20250430,11:30:12,-33.1,
20250430,11:30:12,-33.1,
20250430,11:30:12,-32.9,
20250430,11:30:13,-32.8,
20250430,11:30:13,-32.5,
20250430,11:30:13,-32.6,
20250430,11:30:14,-32.5,
20250430,11:30:14,-32.4,
20250430,11:30:14,-32.4,
20250430,11:30:14,-32.4,
20250430,11:30:15,-32.5,
20250430,11:30:15,-32.6,
20250430,11:30:15,-32.5,
20250430,11:30:16,-32.5,
20250430,11:30:16,-32.6,
20250430,11:30:16,-32.4,
20250430,11:30:16,-32.3,
20250430,11:30:17,-32.3,
20250430,11:30:17,-32.3,
20250430,11:30:17,-32.4,
20250430,11:30:17,-32.5,
20250430,11:30:18,-32.9,
20250430,11:30:18,-33.3,
20250430,11:30:18,-33.8,
20250430,11:30:19,-34,
20250430,11:30:19,-34.1,
20250430,11:30:19,-34,
20250430,11:30:19,-33.6,
20250430,11:30:20,-33.3,
20250430,11:30:20,-33.2,
20250430,11:30:20,-33,
20250430,11:30:21,-32.9,
20250430,11:30:21,-32.9,
20250430,11:30:21,-32.9,
20250430,11:30:21,-32.9,
20250430,11:30:22,-32.8,
20250430,11:30:22,-32.7,
20250430,11:30:22,-32.7,
20250430,11:30:22,-32.8,
20250430,11:30:23,-32.7,
20250430,11:30:23,-32.7,
20250430,11:30:23,-32.7,
20250430,11:30:24,-32.5,
20250430,11:30:24,-32.4,
20250430,11:30:24,-32.5,
20250430,11:30:24,-32.4,
20250430,11:30:25,-32.3,
20250430,11:30:25,-32.3,
20250430,11:30:25,-32.3,
20250430,11:30:25,-32.6,
20250430,11:30:26,-33,
20250430,11:30:26,-33.3,
20250430,11:30:26,-33.6,
20250430,11:30:27,-33.5,
20250430,11:30:27,-33.3,
20250430,11:30:27,-33.4,
20250430,11:30:27,-33.5,
20250430,11:30:28,-33.9,
20250430,11:30:28,-34,
20250430,11:30:28,-34,
20250430,11:30:29,-34,
20250430,11:30:29,-34,
20250430,11:30:29,-34,
20250430,11:30:29,-33.7,
20250430,11:30:30,-33.1,
20250430,11:30:30,-32.3,
20250430,11:30:30,-31.5,
20250430,11:30:31,-31,
20250430,11:30:31,-30.7,
20250430,11:30:31,-30.6,
20250430,11:30:31,-31,
20250430,11:30:32,-31.2,
20250430,11:30:32,-31.6,
20250430,11:30:32,-32.1,
20250430,11:30:32,-32.6,
20250430,11:30:33,-33,
20250430,11:30:33,-33.2,
20250430,11:30:33,-33.2,
20250430,11:30:34,-33.3,
20250430,11:30:34,-33.3,
20250430,11:30:34,-33.2,
20250430,11:30:34,-33.3,
20250430,11:30:35,-33.3,
20250430,11:30:35,-33.4,
20250430,11:30:35,-33.3,
20250430,11:30:35,-33.2,
20250430,11:30:36,-33.1,
20250430,11:30:36,-32.9,
20250430,11:30:36,-32.9,
20250430,11:30:37,-32.8,
20250430,11:30:37,-32.6,
20250430,11:30:37,-32.5,
20250430,11:30:37,-32.4,
20250430,11:30:38,-32.3,
20250430,11:30:38,-32.2,
20250430,11:30:38,-32.1,
20250430,11:30:39,-32.1,
20250430,11:30:39,-32,
20250430,11:30:39,-32,
20250430,11:30:39,-31.9,
20250430,11:30:40,-32,
20250430,11:30:40,-32.3,
20250430,11:30:40,-32.5,
20250430,11:30:40,-32.6,
20250430,11:30:41,-32.6,
20250430,11:30:41,-32.4,
20250430,11:30:41,-32.3,
20250430,11:30:42,-32.2,
20250430,11:30:42,-32.1,
20250430,11:30:42,-31.8,
20250430,11:30:42,-31.8,
20250430,11:30:43,-31.6,
20250430,11:30:43,-31.6,
20250430,11:30:43,-31.5,
20250430,11:30:44,-31.5,
20250430,11:30:44,-31.5,
20250430,11:30:44,-31.4,
20250430,11:30:44,-31.4,
20250430,11:30:45,-31.3,
20250430,11:30:45,-31.2,
20250430,11:30:45,-31,
20250430,11:30:45,-30.7,
20250430,11:30:46,-30.6,
20250430,11:30:46,-30.4,
20250430,11:30:46,-30.3,
20250430,11:30:47,-30.1,
20250430,11:30:47,-30.1,
20250430,11:30:47,-30,
20250430,11:30:47,-29.9,
20250430,11:30:48,-29.9,
20250430,11:30:48,-29.8,
20250430,11:30:48,-29.9,
20250430,11:30:49,-30,
20250430,11:30:49,-30,
20250430,11:30:49,-30.1,
20250430,11:30:49,-30.1,
20250430,11:30:50,-30.1,
20250430,11:30:50,-30.2,
20250430,11:30:50,-30.3,
20250430,11:30:50,-30.3,
20250430,11:30:51,-30.4,
20250430,11:30:51,-30.4,
20250430,11:30:51,-30.3,
20250430,11:30:52,-30.2,
20250430,11:30:52,-30,
20250430,11:30:52,-29.9,
20250430,11:30:52,-29.8,
20250430,11:30:53,-29.8,
20250430,11:30:53,-29.6,
20250430,11:30:53,-29.5,
20250430,11:30:53,-29.4,
20250430,11:30:54,-29.2,
20250430,11:30:54,-29.2,
20250430,11:30:54,-29,
20250430,11:30:55,-29,
20250430,11:30:55,-28.9,
20250430,11:30:55,-28.9,
20250430,11:30:55,-28.7,
20250430,11:30:56,-28.7,
20250430,11:30:56,-28.6,
20250430,11:30:56,-28.4,
20250430,11:30:57,-28.2,
20250430,11:30:57,-28,
20250430,11:30:57,-27.9,
20250430,11:30:57,-27.9,
20250430,11:30:58,-27.8,
20250430,11:30:58,-27.7,
20250430,11:30:58,-27.7,
20250430,11:30:58,-27.7,
20250430,11:30:59,-27.8,
20250430,11:30:59,-27.9,
20250430,11:30:59,-27.9,
20250430,11:31:00,-27.9,
20250430,11:31:00,-27.9,
20250430,11:31:00,-27.8,
20250430,11:31:00,-27.7,
20250430,11:31:01,-27.6,
20250430,11:31:01,-27.5,
20250430,11:31:01,-27.5,
20250430,11:31:02,-27.4,
20250430,11:31:02,-27.3,
20250430,11:31:02,-27.3,
20250430,11:31:02,-27.2,
20250430,11:31:03,-27.3,
20250430,11:31:03,-27.3,
20250430,11:31:03,-27.3,
20250430,11:31:03,-27.3,
20250430,11:31:04,-27.3,
20250430,11:31:04,-27.6,
20250430,11:31:04,-27.7,
20250430,11:31:05,-27.7,
20250430,11:31:05,-27.8,
20250430,11:31:05,-27.7,
20250430,11:31:05,-27.7,
20250430,11:31:06,-27.6,
20250430,11:31:06,-27.5,
20250430,11:31:06,-27.4,
20250430,11:31:06,-27.6,
20250430,11:31:07,-27.8,
20250430,11:31:07,-28,
20250430,11:31:07,-28,
20250430,11:31:08,-28,
20250430,11:31:08,-28,
20250430,11:31:08,-27.9,
20250430,11:31:08,-27.8,
20250430,11:31:09,-27.7,
20250430,11:31:09,-27.6,
20250430,11:31:09,-27.5,
20250430,11:31:10,-27.3,
20250430,11:31:10,-27.2,
20250430,11:31:10,-27.2,
20250430,11:31:10,-27.2,
20250430,11:31:11,-27.2,
20250430,11:31:11,-27.3,
20250430,11:31:11,-27.4,
20250430,11:31:11,-27.8,
20250430,11:31:12,-28.3,
20250430,11:31:12,-28.9,
20250430,11:31:12,-29,
20250430,11:31:13,-29.2,
20250430,11:31:13,-29.2,
20250430,11:31:13,-29.1,
20250430,11:31:13,-29.1,
20250430,11:31:14,-28.9,
20250430,11:31:14,-29,
20250430,11:31:14,-28.9,
20250430,11:31:15,-28.8,
20250430,11:31:15,-28.6,
20250430,11:31:15,-28.5,
20250430,11:31:15,-28.7,
20250430,11:31:16,-28.6,
20250430,11:31:16,-28.5,
20250430,11:31:16,-28.3,
20250430,11:31:16,-27.6,
20250430,11:31:17,-27.3,
20250430,11:31:17,-27.7,
20250430,11:31:17,-28.6,
20250430,11:31:18,-28.6,
20250430,11:31:18,-28.5,
20250430,11:31:18,-28.3,
20250430,11:31:18,-28.1,
20250430,11:31:19,-28,
20250430,11:31:19,-27.6,
20250430,11:31:19,-27.3,
20250430,11:31:20,-27.3,
20250430,11:31:20,-27.4,
20250430,11:31:20,-27.5,
20250430,11:31:20,-27.4,
20250430,11:31:21,-27.4,
20250430,11:31:21,-27.3,
20250430,11:31:21,-27.3,
20250430,11:31:21,-27.1,
20250430,11:31:22,-27.1,
20250430,11:31:22,-26.9,
20250430,11:31:22,-26.7,
20250430,11:31:23,-26.4,
20250430,11:31:23,-26.3,
20250430,11:31:23,-26.3,
20250430,11:31:23,-26.1,
20250430,11:31:24,-26,
20250430,11:31:24,-26,
20250430,11:31:24,-25.9,
20250430,11:31:25,-26,
20250430,11:31:25,-26,
20250430,11:31:25,-26.1,
20250430,11:31:25,-26.1,
20250430,11:31:26,-26.1,
20250430,11:31:26,-26.2,
20250430,11:31:26,-26.3,
20250430,11:31:26,-26.5,
20250430,11:31:27,-27.2,
20250430,11:31:27,-28,
20250430,11:31:27,-29.2,
20250430,11:31:28,-30.5,
20250430,11:31:28,-31.5,
20250430,11:31:28,-32,
20250430,11:31:28,-32.2,
20250430,11:31:29,-32.3,
20250430,11:31:29,-32.4,
20250430,11:31:29,-32.6,
20250430,11:31:30,-32.8,
20250430,11:31:30,-33,
20250430,11:31:30,-33.1,
20250430,11:31:30,-33.2,
20250430,11:31:31,-33.2,
20250430,11:31:31,-33.3,
20250430,11:31:31,-33.3,
20250430,11:31:31,-33.3,
20250430,11:31:32,-33.2,
20250430,11:31:32,-33.1,
20250430,11:31:32,-33,
20250430,11:31:33,-32.9,
20250430,11:31:33,-32.7,
20250430,11:31:33,-32.6,
20250430,11:31:33,-32.5,
20250430,11:31:34,-32.4,
20250430,11:31:34,-32.3,
20250430,11:31:34,-32.1,
20250430,11:31:34,-32,
20250430,11:31:35,-31.9,
20250430,11:31:35,-31.8,
20250430,11:31:35,-31.7,
20250430,11:31:36,-31.5,
20250430,11:31:36,-31.4,
20250430,11:31:36,-31.2,
20250430,11:31:36,-31.1,
20250430,11:31:37,-31.1,
20250430,11:31:37,-31,
20250430,11:31:37,-30.6,
20250430,11:31:38,-30.4,
20250430,11:31:38,-30.1,
20250430,11:31:38,-30,
20250430,11:31:38,-30.2,
20250430,11:31:39,-30.9,
20250430,11:31:39,-31.8,
20250430,11:31:39,-32.8,
20250430,11:31:39,-33.3,
20250430,11:31:40,-33.5,
20250430,11:31:40,-33.5,
20250430,11:31:40,-33.4,
20250430,11:31:41,-33.3,
20250430,11:31:41,-33.1,
20250430,11:31:41,-33,
20250430,11:31:41,-32.9,
20250430,11:31:42,-32.8,
20250430,11:31:42,-32.6,
20250430,11:31:42,-32.6,
20250430,11:31:43,-32.4,
20250430,11:31:43,-32.3,
20250430,11:31:43,-32.3,
20250430,11:31:43,-32.2,
20250430,11:31:44,-32,
20250430,11:31:44,-31.8,
20250430,11:31:44,-31.6,
20250430,11:31:44,-31.5,
20250430,11:31:45,-31.3,
20250430,11:31:45,-31.2,
20250430,11:31:45,-31,
20250430,11:31:46,-30.9,
20250430,11:31:46,-30.7,
20250430,11:31:46,-30.6,
20250430,11:31:46,-30.4,
20250430,11:31:47,-30.4,
20250430,11:31:47,-30.2,
20250430,11:31:47,-30,
20250430,11:31:48,-29.8,
20250430,11:31:48,-29.8,
20250430,11:31:48,-29.6,
20250430,11:31:48,-29.5,
20250430,11:31:49,-29.3,
20250430,11:31:49,-29.2,
20250430,11:31:49,-29.1,
20250430,11:31:49,-29.1,
20250430,11:31:50,-28.9,
20250430,11:31:50,-28.9,
20250430,11:31:50,-28.7,
20250430,11:31:51,-28.5,
20250430,11:31:51,-28.4,
20250430,11:31:51,-28.3,
20250430,11:31:51,-28.2,
20250430,11:31:52,-28,
20250430,11:31:52,-28,
20250430,11:31:52,-27.8,
20250430,11:31:52,-27.6,
20250430,11:31:53,-27.5,
20250430,11:31:53,-27.3,
20250430,11:31:53,-27.2,
20250430,11:31:54,-27,
20250430,11:31:54,-26.7,
20250430,11:31:54,-26.3,
20250430,11:31:55,-26.2,
20250430,11:31:55,-25.9,
20250430,11:31:55,-25.7,
20250430,11:31:55,-25.6,
20250430,11:31:56,-25.7,
20250430,11:31:56,-26.2,
20250430,11:31:56,-26.8,
20250430,11:31:56,-27.3,
20250430,11:31:57,-27.7,
20250430,11:31:57,-28,
20250430,11:31:57,-28,
20250430,11:31:57,-28,
20250430,11:31:58,-27.8,
20250430,11:31:58,-27.7,
20250430,11:31:58,-27.5,
20250430,11:31:59,-27.3,
20250430,11:31:59,-27.1,
20250430,11:31:59,-27,
20250430,11:31:59,-26.8,
20250430,11:32:00,-26.7,
20250430,11:32:00,-26.5,
20250430,11:32:00,-26.3,
20250430,11:32:01,-26.3,
20250430,11:32:01,-26.2,
20250430,11:32:01,-26,
20250430,11:32:01,-25.9,
20250430,11:32:02,-25.7,
20250430,11:32:02,-25.7,
20250430,11:32:02,-25.5,
20250430,11:32:02,-25.5,
20250430,11:32:03,-25.3,
20250430,11:32:03,-25.1,
20250430,11:32:03,-25.1,
20250430,11:32:04,-24.9,
20250430,11:32:04,-24.7,
20250430,11:32:04,-24.6,
20250430,11:32:04,-24.4,
20250430,11:32:05,-24.2,
20250430,11:32:05,-24,
20250430,11:32:05,-23.8,
20250430,11:32:05,-23.8,
20250430,11:32:06,-23.5,
20250430,11:32:06,-23.4,
20250430,11:32:06,-23.2,
20250430,11:32:07,-23.1,
20250430,11:32:07,-23,
20250430,11:32:07,-23,
20250430,11:32:07,-22.9,
20250430,11:32:08,-23,
20250430,11:32:08,-23.1,
20250430,11:32:08,-23.2,
20250430,11:32:09,-23.3,
20250430,11:32:09,-23.3,
20250430,11:32:09,-23.3,
20250430,11:32:09,-23.2,
20250430,11:32:10,-23.2,
20250430,11:32:10,-23.1,
20250430,11:32:10,-23,
20250430,11:32:11,-22.9,
20250430,11:32:11,-23,
20250430,11:32:11,-22.9,
20250430,11:32:11,-23,
20250430,11:32:12,-22.9,
20250430,11:32:12,-22.9,
20250430,11:32:12,-22.8,
20250430,11:32:12,-22.8,
20250430,11:32:13,-22.6,
20250430,11:32:13,-22.6,
20250430,11:32:13,-22.8,
20250430,11:32:14,-23.4,
20250430,11:32:14,-24.6,
20250430,11:32:14,-25.8,
20250430,11:32:14,-26.9,
20250430,11:32:15,-27.8,
20250430,11:32:15,-28.4,
20250430,11:32:15,-28.7,
20250430,11:32:15,-28.7,
20250430,11:32:16,-28.5,
20250430,11:32:16,-28.1,
20250430,11:32:16,-27.6,
20250430,11:32:17,-27.9,
20250430,11:32:17,-28.3,
20250430,11:32:17,-28.9,
20250430,11:32:17,-29.6,
20250430,11:32:18,-30.2,
20250430,11:32:18,-30.9,
20250430,11:32:18,-31.5,
20250430,11:32:19,-32.2,
20250430,11:32:19,-32.6,
20250430,11:32:19,-33.1,
20250430,11:32:19,-33.6,
20250430,11:32:20,-34,
20250430,11:32:20,-34.2,
20250430,11:32:20,-34.5,
20250430,11:32:20,-34.6,
20250430,11:32:21,-34.7,
20250430,11:32:21,-34.7,
20250430,11:32:21,-34.6,
20250430,11:32:22,-34.5,
20250430,11:32:22,-34.3,
20250430,11:32:22,-34,
20250430,11:32:22,-33.8,
20250430,11:32:23,-33.5,
20250430,11:32:23,-33.3,
20250430,11:32:23,-33,
20250430,11:32:24,-32.8,
20250430,11:32:24,-32.5,
20250430,11:32:24,-32.3,
20250430,11:32:24,-32,
20250430,11:32:25,-31.7,
20250430,11:32:25,-31.5,
20250430,11:32:25,-31.4,
20250430,11:32:25,-31.2,
20250430,11:32:26,-31,
20250430,11:32:26,-30.8,
20250430,11:32:26,-30.6,
20250430,11:32:27,-30.4,
20250430,11:32:27,-30.1,
20250430,11:32:27,-29.9,
20250430,11:32:27,-29.7,
20250430,11:32:28,-29.5,
20250430,11:32:28,-29.2,
20250430,11:32:28,-29,
20250430,11:32:28,-28.8,
20250430,11:32:29,-28.5,
20250430,11:32:29,-28.3,
20250430,11:32:29,-28,
20250430,11:32:30,-27.9,
20250430,11:32:30,-27.6,
20250430,11:32:30,-27.4,
20250430,11:32:30,-27.2,
20250430,11:32:31,-27,
20250430,11:32:31,-26.8,
20250430,11:32:31,-26.6,
20250430,11:32:32,-26.4,
20250430,11:32:32,-26.3,
20250430,11:32:32,-26.1,
20250430,11:32:32,-25.9,
20250430,11:32:33,-25.7,
20250430,11:32:33,-25.5,
20250430,11:32:33,-25.3,
20250430,11:32:33,-25.1,
20250430,11:32:34,-25,
20250430,11:32:34,-24.8,
20250430,11:32:34,-24.6,
20250430,11:32:35,-24.5,
20250430,11:32:35,-24.3,
20250430,11:32:35,-24.1,
20250430,11:32:35,-24,
20250430,11:32:36,-23.8,
20250430,11:32:36,-23.7,
20250430,11:32:36,-23.6,
20250430,11:32:37,-23.4,
20250430,11:32:37,-23.3,
20250430,11:32:37,-23.1,
20250430,11:32:37,-22.9,
20250430,11:32:38,-22.8,
20250430,11:32:38,-22.7,
20250430,11:32:38,-22.5,
20250430,11:32:38,-22.4,
20250430,11:32:39,-22.2,
20250430,11:32:39,-22.1,
20250430,11:32:39,-22,
20250430,11:32:40,-21.9,
20250430,11:32:40,-21.8,
20250430,11:32:40,-21.6,
20250430,11:32:40,-21.5,
20250430,11:32:41,-21.4,
20250430,11:32:41,-21.2,
20250430,11:32:41,-21.2,
20250430,11:32:42,-21.1,
20250430,11:32:42,-20.9,
20250430,11:32:42,-20.8,
20250430,11:32:42,-20.7,
20250430,11:32:43,-20.6,
20250430,11:32:43,-20.5,
20250430,11:32:43,-20.4,
20250430,11:32:43,-20.4,
20250430,11:32:44,-20.3,
20250430,11:32:44,-20.2,
20250430,11:32:44,-20.1,
20250430,11:32:45,-20,
20250430,11:32:45,-19.9,
20250430,11:32:45,-19.8,
20250430,11:32:45,-19.7,
20250430,11:32:46,-19.6,
20250430,11:32:46,-19.5,
20250430,11:32:46,-19.4,
20250430,11:32:46,-19.3,
20250430,11:32:47,-19.3,
20250430,11:32:47,-19.2,
20250430,11:32:47,-19.2,
20250430,11:32:48,-19,
20250430,11:32:48,-19,
20250430,11:32:48,-18.9,
20250430,11:32:48,-18.9,
20250430,11:32:49,-18.8,
20250430,11:32:49,-18.7,
20250430,11:32:49,-18.7,
20250430,11:32:50,-18.7,
20250430,11:32:50,-18.6,
20250430,11:32:50,-18.5,
20250430,11:32:50,-18.5,
20250430,11:32:51,-18.4,
20250430,11:32:51,-18.3,
20250430,11:32:51,-18.2,
20250430,11:32:52,-18.1,
20250430,11:32:52,-18,
20250430,11:32:52,-17.7,
20250430,11:32:52,-17.3,
20250430,11:32:53,-17.1,
20250430,11:32:53,-16.9,
20250430,11:32:53,-16.9,
20250430,11:32:53,-16.8,
20250430,11:32:54,-16.8,
20250430,11:32:54,-16.8,
20250430,11:32:54,-16.7,
20250430,11:32:55,-16.7,
20250430,11:32:55,-16.7,
20250430,11:32:55,-16.8,
20250430,11:32:55,-16.9,
20250430,11:32:56,-17,
20250430,11:32:56,-17.3,
20250430,11:32:56,-17.5,
20250430,11:32:56,-17.7,
20250430,11:32:57,-17.8,
20250430,11:32:57,-17.9,
20250430,11:32:57,-18,
20250430,11:32:58,-18.1,
20250430,11:32:58,-18.1,
20250430,11:32:58,-18.1,
20250430,11:32:58,-18.1,
20250430,11:32:59,-18.1,
20250430,11:32:59,-18,
20250430,11:32:59,-18,
20250430,11:32:59,-17.9,
20250430,11:33:00,-17.9,
20250430,11:33:00,-17.8,
20250430,11:33:00,-17.8,
20250430,11:33:01,-17.8,
20250430,11:33:01,-17.8,
20250430,11:33:01,-17.9,
20250430,11:33:01,-17.8,
20250430,11:33:02,-17.8,
20250430,11:33:02,-17.8,
20250430,11:33:02,-17.8,
20250430,11:33:03,-17.8,
20250430,11:33:03,-17.8,
20250430,11:33:03,-17.8,
20250430,11:33:03,-18,
20250430,11:33:04,-18.1,
20250430,11:33:04,-18.3,
20250430,11:33:04,-18.4,
20250430,11:33:05,-18.5,
20250430,11:33:05,-18.5,
20250430,11:33:05,-18.4,
20250430,11:33:05,-18.5,
20250430,11:33:06,-18.5,
20250430,11:33:06,-18.5,
20250430,11:33:06,-18.4,
20250430,11:33:06,-18.4,
20250430,11:33:07,-18.3,
20250430,11:33:07,-18.4,
20250430,11:33:07,-18.4,
20250430,11:33:08,-18.3,
20250430,11:33:08,-18.3,
20250430,11:33:08,-18.3,
20250430,11:33:08,-18.3,
20250430,11:33:09,-18.3,
20250430,11:33:09,-18.2,
20250430,11:33:09,-18.3,
20250430,11:33:09,-18.2,
20250430,11:33:10,-18.2,
20250430,11:33:10,-18.2,
20250430,11:33:10,-18.1,
20250430,11:33:11,-18,
20250430,11:33:11,-17.9,
20250430,11:33:11,-17.8,
20250430,11:33:11,-17.4,
20250430,11:33:12,-17.5,
20250430,11:33:12,-17.6,
20250430,11:33:12,-17.6,
20250430,11:33:13,-17.7,
20250430,11:33:13,-17.6,
20250430,11:33:13,-17.7,
20250430,11:33:13,-17.7,
20250430,11:33:14,-17.7,
20250430,11:33:14,-17.7,
20250430,11:33:14,-17.6,
20250430,11:33:14,-17.5,
20250430,11:33:15,-17.4,
20250430,11:33:15,-17.6,
20250430,11:33:15,-18,
20250430,11:33:16,-18.8,
20250430,11:33:16,-19.9,
20250430,11:33:16,-21.2,
20250430,11:33:16,-22.3,
20250430,11:33:17,-23.2,
20250430,11:33:17,-23.8,
20250430,11:33:17,-24.2,
20250430,11:33:18,-24.7,
20250430,11:33:18,-25.3,
20250430,11:33:18,-25.9,
20250430,11:33:18,-26.5,
20250430,11:33:19,-27.2,
20250430,11:33:19,-27.6,
20250430,11:33:19,-28.1,
20250430,11:33:19,-28.6,
20250430,11:33:20,-28.9,
20250430,11:33:20,-29.2,
20250430,11:33:20,-29.5,
20250430,11:33:21,-29.8,
20250430,11:33:21,-29.9,
20250430,11:33:21,-30.2,
20250430,11:33:21,-30.3,
20250430,11:33:22,-30.4,
20250430,11:33:22,-30.5,
20250430,11:33:22,-30.8,
20250430,11:33:23,-31.3,
20250430,11:33:23,-31.9,
20250430,11:33:23,-32.3,
20250430,11:33:23,-32.4,
20250430,11:33:24,-32.4,
20250430,11:33:24,-32.3,
20250430,11:33:24,-32.2,
20250430,11:33:24,-32.1,
20250430,11:33:25,-32,
20250430,11:33:25,-31.9,
20250430,11:33:25,-31.8,
20250430,11:33:26,-31.7,
20250430,11:33:26,-31.6,
20250430,11:33:26,-31.5,
20250430,11:33:26,-31.5,
20250430,11:33:27,-31.4,
20250430,11:33:27,-31.2,
20250430,11:33:27,-31.1,
20250430,11:33:28,-30.8,
20250430,11:33:28,-30.6,
20250430,11:33:28,-30.5,
20250430,11:33:28,-30.3,
20250430,11:33:29,-30.2,
20250430,11:33:29,-30,
20250430,11:33:29,-29.8,
20250430,11:33:29,-29.6,
20250430,11:33:30,-29.4,
20250430,11:33:30,-29.2,
20250430,11:33:30,-29.1,
20250430,11:33:31,-28.9,
20250430,11:33:31,-28.8,
20250430,11:33:31,-28.5,
20250430,11:33:31,-28.2,
20250430,11:33:32,-28,
20250430,11:33:32,-27.8,
20250430,11:33:32,-27.5,
20250430,11:33:33,-27.2,
20250430,11:33:33,-27,
20250430,11:33:33,-26.6,
20250430,11:33:33,-26.4,
20250430,11:33:34,-26.3,
20250430,11:33:34,-26.3,
20250430,11:33:34,-26.2,
20250430,11:33:34,-26.1,
20250430,11:33:35,-25.9,
20250430,11:33:35,-25.8,
20250430,11:33:35,-25.5,
20250430,11:33:36,-25.5,
20250430,11:33:36,-25.3,
20250430,11:33:36,-25.1,
20250430,11:33:36,-24.8,
20250430,11:33:37,-24.7,
20250430,11:33:37,-24.6,
20250430,11:33:37,-24.5,
20250430,11:33:37,-24.3,
20250430,11:33:38,-24.1,
20250430,11:33:38,-23.9,
20250430,11:33:38,-23.8,
20250430,11:33:39,-23.7,
20250430,11:33:39,-23.5,
20250430,11:33:39,-23.2,
20250430,11:33:39,-23,
20250430,11:33:40,-22.9,
20250430,11:33:40,-22.9,
20250430,11:33:40,-22.8,
20250430,11:33:41,-22.6,
20250430,11:33:41,-22.6,
20250430,11:33:41,-22.3,
20250430,11:33:41,-22,
20250430,11:33:42,-21.8,
20250430,11:33:42,-21.6,
20250430,11:33:42,-21.4,
20250430,11:33:42,-21.4,
20250430,11:33:43,-21.2,
20250430,11:33:43,-21,
20250430,11:33:43,-20.7,
20250430,11:33:44,-20.6,
20250430,11:33:44,-20.5,
20250430,11:33:44,-20.4,
20250430,11:33:44,-20.3,
20250430,11:33:45,-20.3,
20250430,11:33:45,-20.3,
20250430,11:33:45,-20.2,
20250430,11:33:46,-20.3,
20250430,11:33:46,-20.4,
20250430,11:33:46,-20.4,
20250430,11:33:46,-20.6,
20250430,11:33:47,-20.8,
20250430,11:33:47,-21,
20250430,11:33:47,-21.1,
20250430,11:33:47,-21,
20250430,11:33:48,-20.9,
20250430,11:33:48,-20.8,
20250430,11:33:48,-20.7,
20250430,11:33:49,-20.6,
20250430,11:33:49,-20.5,
20250430,11:33:49,-20.5,
20250430,11:33:49,-20.4,
20250430,11:33:50,-20.4,
20250430,11:33:50,-20.4,
20250430,11:33:50,-20.3,
20250430,11:33:50,-20.2,
20250430,11:33:51,-20.2,
20250430,11:33:51,-20.1,
20250430,11:33:51,-20.1,
20250430,11:33:52,-20.1,
20250430,11:33:52,-20.3,
20250430,11:33:52,-20.5,
20250430,11:33:52,-21,
20250430,11:33:53,-21.5,
20250430,11:33:53,-21.9,
20250430,11:33:53,-22.1,
20250430,11:33:54,-22.3,
20250430,11:33:54,-22.4,
20250430,11:33:54,-22.3,
20250430,11:33:54,-22.3,
20250430,11:33:55,-22.2,
20250430,11:33:55,-22.1,
20250430,11:33:55,-22.1,
20250430,11:33:55,-22.1,
20250430,11:33:56,-22,
20250430,11:33:56,-21.9,
20250430,11:33:56,-22,
20250430,11:33:57,-22.1,
20250430,11:33:57,-22,
20250430,11:33:57,-21.9,
20250430,11:33:57,-21.9,
20250430,11:33:58,-21.9,
20250430,11:33:58,-21.8,
20250430,11:33:58,-21.7,
20250430,11:33:59,-21.6,
20250430,11:33:59,-21.6,
20250430,11:33:59,-21.5,
20250430,11:33:59,-21.4,
20250430,11:34:00,-21.3,
20250430,11:34:00,-21.3,
20250430,11:34:00,-21.3,
20250430,11:34:00,-21.2,
20250430,11:34:01,-21.2,
20250430,11:34:01,-21.2,
20250430,11:34:01,-21,
20250430,11:34:02,-21.1,
20250430,11:34:02,-21,
20250430,11:34:02,-21,
20250430,11:34:02,-21,
20250430,11:34:03,-21.1,
20250430,11:34:03,-21.2,
20250430,11:34:03,-21.5,
20250430,11:34:04,-22.1,
20250430,11:34:04,-23,
20250430,11:34:04,-24.3,
20250430,11:34:04,-25.6,
20250430,11:34:05,-26.8,
20250430,11:34:05,-27.7,
20250430,11:34:05,-28.3,
20250430,11:34:05,-28.9,
20250430,11:34:06,-29.4,
20250430,11:34:06,-29.7,
20250430,11:34:06,-29.8,
20250430,11:34:07,-30.1,
20250430,11:34:07,-30.7,
20250430,11:34:07,-31.3,
20250430,11:34:07,-31.8,
20250430,11:34:08,-32.3,
20250430,11:34:08,-32.7,
20250430,11:34:08,-33,
20250430,11:34:09,-33.4,
20250430,11:34:09,-34.1,
20250430,11:34:09,-34.8,
20250430,11:34:09,-35.6,
20250430,11:34:10,-36.5,
20250430,11:34:10,-37.4,
20250430,11:34:10,-38.3,
20250430,11:34:10,-39.1,
20250430,11:34:11,-39.8,
20250430,11:34:11,-40.5,
20250430,11:34:11,-41.1,
20250430,11:34:12,-41.8,
20250430,11:34:12,-42.3,
20250430,11:34:12,-42.5,
20250430,11:34:12,-42.3,
20250430,11:34:13,-42.2,
20250430,11:34:13,-41.9,
20250430,11:34:13,-41.8,
20250430,11:34:14,-41.7,
20250430,11:34:14,-41.5,
20250430,11:34:14,-41.3,
20250430,11:34:14,-40.9,
20250430,11:34:15,-40.7,
20250430,11:34:15,-40.5,
20250430,11:34:15,-40.2,
20250430,11:34:15,-40.1,
20250430,11:34:16,-39.9,
20250430,11:34:16,-39.6,
20250430,11:34:16,-39.3,
20250430,11:34:17,-39,
20250430,11:34:17,-38.8,
20250430,11:34:17,-38.6,
20250430,11:34:17,-38.4,
20250430,11:34:18,-38.2,
20250430,11:34:18,-38.1,
20250430,11:34:18,-37.8,
20250430,11:34:18,-37.5,
20250430,11:34:19,-37.4,
20250430,11:34:19,-37.2,
20250430,11:34:19,-36.8,
20250430,11:34:20,-36.6,
20250430,11:34:20,-36.4,
20250430,11:34:20,-36.1,
20250430,11:34:20,-35.9,
20250430,11:34:21,-35.7,
20250430,11:34:21,-35.4,
20250430,11:34:21,-35.1,
20250430,11:34:21,-34.9,
20250430,11:34:22,-34.7,
20250430,11:34:22,-34.6,
20250430,11:34:22,-34.3,
20250430,11:34:23,-34.1,
20250430,11:34:23,-33.9,
20250430,11:34:23,-33.7,
20250430,11:34:23,-33.5,
20250430,11:34:24,-33.2,
20250430,11:34:24,-33.1,
20250430,11:34:24,-32.9,
20250430,11:34:25,-32.7,
20250430,11:34:25,-32.5,
20250430,11:34:25,-32.3,
20250430,11:34:25,-32.3,
20250430,11:34:26,-32.2,
20250430,11:34:26,-32.2,
20250430,11:34:26,-32.2,
20250430,11:34:27,-32.2,
20250430,11:34:27,-32.1,
20250430,11:34:27,-31.9,
20250430,11:34:27,-31.7,
20250430,11:34:28,-31.6,
20250430,11:34:28,-31.6,
20250430,11:34:28,-31.6,
20250430,11:34:28,-31.5,
20250430,11:34:29,-31.5,
20250430,11:34:29,-31.4,
20250430,11:34:29,-31.3,
20250430,11:34:30,-31.1,
20250430,11:34:30,-30.9,
20250430,11:34:30,-30.7,
20250430,11:34:30,-30.6,
20250430,11:34:31,-30.4,
20250430,11:34:31,-30.3,
20250430,11:34:31,-30.3,
20250430,11:34:31,-30.4,
20250430,11:34:32,-30.5,
20250430,11:34:32,-30.5,
20250430,11:34:32,-30.4,
20250430,11:34:33,-30.5,
20250430,11:34:33,-30.3,
20250430,11:34:33,-30.1,
20250430,11:34:33,-29.9,
20250430,11:34:34,-29.8,
20250430,11:34:34,-29.8,
20250430,11:34:34,-29.6,
20250430,11:34:35,-29.5,
20250430,11:34:35,-29.3,
20250430,11:34:35,-29.1,
20250430,11:34:35,-29,
20250430,11:34:36,-28.9,
20250430,11:34:36,-28.7,
20250430,11:34:36,-28.6,
20250430,11:34:36,-28.4,
20250430,11:34:37,-28.3,
20250430,11:34:37,-28.1,
20250430,11:34:37,-28,
20250430,11:34:38,-28,
20250430,11:34:38,-28.1,
20250430,11:34:38,-28.1,
20250430,11:34:38,-28.1,
20250430,11:34:39,-28,
20250430,11:34:39,-28,
20250430,11:34:39,-27.9,
20250430,11:34:40,-27.7,
20250430,11:34:40,-27.6,
20250430,11:34:40,-27.4,
20250430,11:34:40,-27.2,
20250430,11:34:41,-27.2,
20250430,11:34:41,-27.1,
20250430,11:34:41,-26.9,
20250430,11:34:41,-26.7,
20250430,11:34:42,-26.6,
20250430,11:34:42,-26.5,
20250430,11:34:42,-26.4,
20250430,11:34:43,-26.3,
20250430,11:34:43,-26.1,
20250430,11:34:43,-25.9,
20250430,11:34:43,-25.7,
20250430,11:34:44,-25.5,
20250430,11:34:44,-25.2,
20250430,11:34:44,-25.1,
20250430,11:34:45,-24.9,
20250430,11:34:45,-24.8,
20250430,11:34:45,-24.8,
20250430,11:34:45,-24.8,
20250430,11:34:46,-24.7,
20250430,11:34:46,-24.6,
20250430,11:34:46,-24.5,
20250430,11:34:46,-24.4,
20250430,11:34:47,-24.3,
20250430,11:34:47,-24.1,
20250430,11:34:47,-23.9,
20250430,11:34:48,-23.8,
20250430,11:34:48,-23.7,
20250430,11:34:48,-23.7,
20250430,11:34:48,-23.5,
20250430,11:34:49,-23.4,
20250430,11:34:49,-23.3,
20250430,11:34:49,-23,
20250430,11:34:49,-22.9,
20250430,11:34:50,-22.8,
20250430,11:34:50,-22.7,
20250430,11:34:50,-22.8,
20250430,11:34:51,-23.2,
20250430,11:34:51,-23.9,
20250430,11:34:51,-25,
20250430,11:34:51,-26.3,
20250430,11:34:52,-27.9,
20250430,11:34:52,-29.1,
20250430,11:34:52,-30,
20250430,11:34:53,-30.9,
20250430,11:34:53,-31.4,
20250430,11:34:53,-32,
20250430,11:34:53,-32.4,
20250430,11:34:54,-32.9,
20250430,11:34:54,-33,
20250430,11:34:54,-33.2,
20250430,11:34:54,-33.1,
20250430,11:34:55,-33.1,
20250430,11:34:55,-33,
20250430,11:34:55,-33.2,
20250430,11:34:56,-33.3,
20250430,11:34:56,-33.8,
20250430,11:34:56,-34.4,
20250430,11:34:56,-34.8,
20250430,11:34:57,-34.9,
20250430,11:34:57,-35,
20250430,11:34:57,-34.9,
20250430,11:34:58,-34.8,
20250430,11:34:58,-34.6,
20250430,11:34:58,-34.4,
20250430,11:34:58,-34.3,
20250430,11:34:59,-34.1,
20250430,11:34:59,-34,
20250430,11:34:59,-33.9,
20250430,11:34:59,-33.7,
20250430,11:35:00,-33.6,
20250430,11:35:00,-33.5,
20250430,11:35:00,-33.3,
20250430,11:35:01,-33.1,
20250430,11:35:01,-32.9,
20250430,11:35:01,-32.6,
20250430,11:35:01,-32.5,
20250430,11:35:02,-32.3,
20250430,11:35:02,-32.1,
20250430,11:35:02,-31.9,
20250430,11:35:02,-31.6,
20250430,11:35:03,-31.4,
20250430,11:35:03,-31.3,
20250430,11:35:03,-31,
20250430,11:35:04,-30.8,
20250430,11:35:04,-30.7,
20250430,11:35:04,-30.6,
20250430,11:35:04,-30.4,
20250430,11:35:05,-30.2,
20250430,11:35:05,-30.1,
20250430,11:35:05,-30,
20250430,11:35:06,-29.8,
20250430,11:35:06,-29.7,
20250430,11:35:06,-29.5,
20250430,11:35:06,-29.4,
20250430,11:35:07,-29.2,
20250430,11:35:07,-28.9,
20250430,11:35:07,-28.8,
20250430,11:35:08,-28.4,
20250430,11:35:08,-28,
20250430,11:35:08,-27.4,
20250430,11:35:08,-27.1,
20250430,11:35:09,-26.8,
20250430,11:35:09,-26.6,
20250430,11:35:09,-26.5,
20250430,11:35:09,-26.3,
20250430,11:35:10,-26.3,
20250430,11:35:10,-26.3,
20250430,11:35:10,-26.3,
20250430,11:35:11,-26.3,
20250430,11:35:11,-26.2,
20250430,11:35:11,-26.1,
20250430,11:35:11,-26,
20250430,11:35:12,-25.9,
20250430,11:35:12,-25.8,
20250430,11:35:12,-25.9,
20250430,11:35:12,-25.8,
20250430,11:35:13,-25.8,
20250430,11:35:13,-25.6,
20250430,11:35:13,-25.5,
20250430,11:35:14,-25.4,
20250430,11:35:14,-25.3,
20250430,11:35:14,-25.1,
20250430,11:35:14,-25,
20250430,11:35:15,-24.7,
20250430,11:35:15,-24.6,
20250430,11:35:15,-24.4,
20250430,11:35:16,-24.3,
20250430,11:35:16,-24.2,
20250430,11:35:16,-24,
20250430,11:35:16,-23.9,
20250430,11:35:17,-23.8,
20250430,11:35:17,-23.7,
20250430,11:35:17,-23.6,
20250430,11:35:17,-23.3,
20250430,11:35:18,-23.1,
20250430,11:35:18,-23.1,
20250430,11:35:18,-22.9,
20250430,11:35:19,-22.9,
20250430,11:35:19,-22.7,
20250430,11:35:19,-22.6,
20250430,11:35:19,-22.4,
20250430,11:35:20,-22.4,
20250430,11:35:20,-22.2,
20250430,11:35:20,-22.1,
20250430,11:35:21,-22.1,
20250430,11:35:21,-21.9,
20250430,11:35:21,-21.9,
20250430,11:35:21,-21.7,
20250430,11:35:22,-21.6,
20250430,11:35:22,-21.4,
20250430,11:35:22,-21.4,
20250430,11:35:22,-21.2,
20250430,11:35:23,-21.1,
20250430,11:35:23,-21,
20250430,11:35:23,-20.9,
20250430,11:35:24,-20.8,
20250430,11:35:24,-20.7,
20250430,11:35:24,-20.6,
20250430,11:35:24,-20.5,
20250430,11:35:25,-20.4,
20250430,11:35:25,-20.3,
20250430,11:35:25,-20.3,
20250430,11:35:26,-20.1,
20250430,11:35:26,-20.1,
20250430,11:35:26,-19.9,
20250430,11:35:26,-19.7,
20250430,11:35:27,-19.7,
20250430,11:35:27,-19.5,
20250430,11:35:27,-19.5,
20250430,11:35:27,-19.4,
20250430,11:35:28,-19.3,
20250430,11:35:28,-19.2,
20250430,11:35:28,-19.1,
20250430,11:35:29,-19.1,
20250430,11:35:29,-19,
20250430,11:35:29,-18.9,
20250430,11:35:29,-18.8,
20250430,11:35:30,-18.8,
20250430,11:35:30,-18.8,
20250430,11:35:30,-18.7,
20250430,11:35:30,-18.6,
20250430,11:35:31,-18.5,
20250430,11:35:31,-18.4,
20250430,11:35:31,-18.3,
20250430,11:35:32,-18.1,
20250430,11:35:32,-18,
20250430,11:35:32,-17.8,
20250430,11:35:32,-17.7,
20250430,11:35:33,-17.5,
20250430,11:35:33,-17.3,
20250430,11:35:33,-17.1,
20250430,11:35:34,-17,
20250430,11:35:34,-16.9,
20250430,11:35:34,-16.9,
20250430,11:35:34,-16.9,
20250430,11:35:35,-16.9,
20250430,11:35:35,-16.8,
20250430,11:35:35,-16.5,
20250430,11:35:35,-16.1,
20250430,11:35:36,-15.8,
20250430,11:35:36,-15.7,
20250430,11:35:36,-15.6,
20250430,11:35:37,-15.6,
20250430,11:35:37,-15.6,
20250430,11:35:37,-15.7,
20250430,11:35:37,-16,
20250430,11:35:38,-16.1,
20250430,11:35:38,-16.1,
20250430,11:35:38,-16.1,
20250430,11:35:39,-16.2,
20250430,11:35:39,-16.4,
20250430,11:35:39,-16.4,
20250430,11:35:39,-16.5,
20250430,11:35:40,-16.5,
20250430,11:35:40,-16.5,
20250430,11:35:40,-16.5,
20250430,11:35:40,-16.5,
20250430,11:35:41,-16.5,
20250430,11:35:41,-16.6,
20250430,11:35:41,-16.6,
20250430,11:35:42,-16.6,
20250430,11:35:42,-16.7,
20250430,11:35:42,-16.7,
20250430,11:35:42,-16.7,
20250430,11:35:43,-16.8,
20250430,11:35:43,-16.8,
20250430,11:35:43,-16.9,
20250430,11:35:43,-16.9,
20250430,11:35:44,-16.9,
20250430,11:35:44,-16.9,
20250430,11:35:44,-16.9,
20250430,11:35:45,-16.9,
20250430,11:35:45,-16.9,
20250430,11:35:45,-17,
20250430,11:35:45,-17,
20250430,11:35:46,-17,
20250430,11:35:46,-16.9,
20250430,11:35:46,-16.8,
20250430,11:35:47,-16.5,
20250430,11:35:47,-16.2,
20250430,11:35:47,-16.1,
20250430,11:35:47,-16.1,
20250430,11:35:48,-16,
20250430,11:35:48,-16.1,
20250430,11:35:48,-16.1,
20250430,11:35:48,-16,
20250430,11:35:49,-16.1,
20250430,11:35:49,-16.4,
20250430,11:35:49,-16.8,
20250430,11:35:50,-17.1,
20250430,11:35:50,-17.5,
20250430,11:35:50,-17.8,
20250430,11:35:50,-17.9,
20250430,11:35:51,-18.1,
20250430,11:35:51,-18.1,
20250430,11:35:51,-18.3,
20250430,11:35:52,-18.7,
20250430,11:35:52,-19.2,
20250430,11:35:52,-19.5,
20250430,11:35:52,-19.3,
20250430,11:35:53,-19.5,
20250430,11:35:53,-19.9,
20250430,11:35:53,-20.2,
20250430,11:35:53,-20.5,
20250430,11:35:54,-20.9,
20250430,11:35:54,-21,
20250430,11:35:54,-21.3,
20250430,11:35:55,-21.6,
20250430,11:35:55,-21.9,
20250430,11:35:55,-22.1,
20250430,11:35:55,-22.1,
20250430,11:35:56,-22.3,
20250430,11:35:56,-22.4,
20250430,11:35:56,-22.5,
20250430,11:35:57,-22.5,
20250430,11:35:57,-22.6,
20250430,11:35:57,-22.6,
20250430,11:35:57,-22.8,
20250430,11:35:58,-23.1,
20250430,11:35:58,-23.7,
20250430,11:35:58,-23.9,
20250430,11:35:59,-24.1,
20250430,11:35:59,-24.1,
20250430,11:35:59,-24,
20250430,11:35:59,-23.8,
20250430,11:36:00,-23.8,
20250430,11:36:00,-23.8,
20250430,11:36:00,-23.8,
20250430,11:36:00,-24,
20250430,11:36:01,-24,
20250430,11:36:01,-24,
20250430,11:36:01,-24,
20250430,11:36:02,-23.8,
20250430,11:36:02,-23.2,
20250430,11:36:02,-22.6,
20250430,11:36:02,-22.1,
20250430,11:36:03,-21.9,
20250430,11:36:03,-21.8,
20250430,11:36:03,-21.7,
20250430,11:36:03,-21.5,
20250430,11:36:04,-21.4,
20250430,11:36:04,-21.3,
20250430,11:36:04,-21.4,
20250430,11:36:05,-21.3,
20250430,11:36:05,-21.2,
20250430,11:36:05,-20.9,
20250430,11:36:05,-20.6,
20250430,11:36:06,-20.4,
20250430,11:36:06,-20.3,
20250430,11:36:06,-20.3,
20250430,11:36:07,-20.3,
20250430,11:36:07,-20.4,
20250430,11:36:07,-20.5,
20250430,11:36:07,-20.9,
20250430,11:36:08,-21.2,
20250430,11:36:08,-21.2,
20250430,11:36:08,-21.2,
20250430,11:36:08,-21,
20250430,11:36:09,-20.8,
20250430,11:36:09,-20.8,
20250430,11:36:09,-20.9,
20250430,11:36:10,-20.6,
20250430,11:36:10,-20.4,
20250430,11:36:10,-20.4,
20250430,11:36:10,-20.2,
20250430,11:36:11,-20.2,
20250430,11:36:11,-20.2,
20250430,11:36:11,-20.4,
20250430,11:36:11,-20.4,
20250430,11:36:12,-20.3,
20250430,11:36:12,-20.2,
20250430,11:36:12,-20.4,
20250430,11:36:13,-20.6,
20250430,11:36:13,-21.1,
20250430,11:36:13,-21.4,
20250430,11:36:13,-21.4,
20250430,11:36:14,-21.4,
20250430,11:36:14,-21.3,
20250430,11:36:14,-21.2,
20250430,11:36:15,-21.2,
20250430,11:36:15,-21.5,
20250430,11:36:15,-21.5,
20250430,11:36:15,-21.7,
20250430,11:36:16,-21.8,
20250430,11:36:16,-21.7,
20250430,11:36:16,-21.7,
20250430,11:36:16,-21.6,
20250430,11:36:17,-21.4,
20250430,11:36:17,-21.4,
20250430,11:36:17,-21.3,
20250430,11:36:18,-21.2,
20250430,11:36:18,-21.2,
20250430,11:36:18,-21.2,
20250430,11:36:18,-21.2,
20250430,11:36:19,-20.9,
20250430,11:36:19,-20.7,
20250430,11:36:19,-20.7,
20250430,11:36:20,-20.7,
20250430,11:36:20,-20.6,
20250430,11:36:20,-20.7,
20250430,11:36:20,-20.9,
20250430,11:36:21,-20.8,
20250430,11:36:21,-20.9,
20250430,11:36:21,-20.7,
20250430,11:36:21,-20.6,
20250430,11:36:22,-20.6,
20250430,11:36:22,-20.5,
20250430,11:36:22,-20.5,
20250430,11:36:23,-20.6,
20250430,11:36:23,-20.6,
20250430,11:36:23,-20.7,
20250430,11:36:23,-20.7,
20250430,11:36:24,-20.6,
20250430,11:36:24,-20.5,
20250430,11:36:24,-20.4,
20250430,11:36:24,-20.4,
20250430,11:36:25,-20.4,
20250430,11:36:25,-20.5,
20250430,11:36:25,-20.5,
20250430,11:36:26,-20.5,
20250430,11:36:26,-20.6,
20250430,11:36:26,-20.5,
20250430,11:36:26,-20.4,
20250430,11:36:27,-20.4,
20250430,11:36:27,-20.1,
20250430,11:36:27,-20.1,
20250430,11:36:28,-20.1,
20250430,11:36:28,-20.1,
20250430,11:36:28,-20,
20250430,11:36:28,-20,
20250430,11:36:29,-20.1,
20250430,11:36:29,-20.2,
20250430,11:36:29,-20.2,
20250430,11:36:29,-20.2,
20250430,11:36:30,-20.1,
20250430,11:36:30,-20,
20250430,11:36:30,-19.9,
20250430,11:36:31,-19.9,
20250430,11:36:31,-19.7,
20250430,11:36:31,-19.7,
20250430,11:36:31,-20,
20250430,11:36:32,-20.2,
20250430,11:36:32,-20.4,
20250430,11:36:32,-20.4,
20250430,11:36:33,-20.4,
20250430,11:36:33,-20.4,
20250430,11:36:33,-20.4,
20250430,11:36:33,-20.4,
20250430,11:36:34,-20.4,
20250430,11:36:34,-20.5,
20250430,11:36:34,-20.4,
20250430,11:36:34,-20.3,
20250430,11:36:35,-20.1,
20250430,11:36:35,-19.3,
20250430,11:36:35,-18.5,
20250430,11:36:36,-17.8,
20250430,11:36:36,-17.5,
20250430,11:36:36,-17.6,
20250430,11:36:36,-17.8,
20250430,11:36:37,-18.1,
20250430,11:36:37,-18.4,
20250430,11:36:37,-18.5,
20250430,11:36:38,-18.6,
20250430,11:36:38,-18.5,
20250430,11:36:38,-18.4,
20250430,11:36:38,-18.3,
20250430,11:36:39,-18,
20250430,11:36:39,-17.8,
20250430,11:36:39,-17.8,
20250430,11:36:39,-17.7,
20250430,11:36:40,-17.7,
20250430,11:36:40,-17.5,
20250430,11:36:40,-17.4,
20250430,11:36:41,-17.3,
20250430,11:36:41,-17.1,
20250430,11:36:41,-17.2,
20250430,11:36:41,-17.4,
20250430,11:36:42,-17.7,
20250430,11:36:42,-17.8,
20250430,11:36:42,-17.5,
20250430,11:36:42,-16.6,
20250430,11:36:43,-15.3,
20250430,11:36:43,-14.3,
20250430,11:36:43,-13.6,
20250430,11:36:44,-13.3,
20250430,11:36:44,-13.1,
20250430,11:36:44,-13.2,
20250430,11:36:44,-13.5,
20250430,11:36:45,-13.6,
20250430,11:36:45,-13.7,
20250430,11:36:45,-13.8,
20250430,11:36:46,-14,
20250430,11:36:46,-14.2,
20250430,11:36:46,-14.3,
20250430,11:36:46,-14.4,
20250430,11:36:47,-14.4,
20250430,11:36:47,-14.4,
20250430,11:36:47,-14.3,
20250430,11:36:48,-14.2,
20250430,11:36:48,-14.3,
20250430,11:36:48,-14.5,
20250430,11:36:48,-14.5,
20250430,11:36:49,-14.4,
20250430,11:36:49,-14.2,
20250430,11:36:49,-13.8,
20250430,11:36:49,-13.4,
20250430,11:36:50,-13.2,
20250430,11:36:50,-13.1,
20250430,11:36:50,-13.1,
20250430,11:36:51,-12.9,
20250430,11:36:51,-12.5,
20250430,11:36:51,-12.5,
20250430,11:36:51,-12.4,
20250430,11:36:52,-12.3,
20250430,11:36:52,-12.2,
20250430,11:36:52,-12.4,
20250430,11:36:53,-12.4,
20250430,11:36:53,-12.5,
20250430,11:36:53,-12.4,
20250430,11:36:53,-12.3,
20250430,11:36:54,-11.9,
20250430,11:36:54,-11.9,
20250430,11:36:54,-11.9,
20250430,11:36:54,-12.1,
20250430,11:36:55,-12.2,
20250430,11:36:55,-11.9,
20250430,11:36:55,-11.8,
20250430,11:36:56,-11.6,
20250430,11:36:56,-11.3,
20250430,11:36:56,-11.1,
20250430,11:36:56,-10.9,
20250430,11:36:57,-11,
20250430,11:36:57,-11.2,
20250430,11:36:57,-11.4,
20250430,11:36:57,-11.7,
20250430,11:36:58,-11.8,
20250430,11:36:58,-12,
20250430,11:36:58,-11.9,
20250430,11:36:59,-11.9,
20250430,11:36:59,-11.8,
20250430,11:36:59,-11.9,
20250430,11:36:59,-12.1,
20250430,11:37:00,-12.4,
20250430,11:37:00,-12.3,
20250430,11:37:00,-12.5,
20250430,11:37:01,-12.6,
20250430,11:37:01,-12.8,
20250430,11:37:01,-12.8,
20250430,11:37:01,-12.8,
20250430,11:37:02,-12.3,
20250430,11:37:02,-11.7,
20250430,11:37:02,-11.3,
20250430,11:37:03,-11.2,
20250430,11:37:03,-11,
20250430,11:37:03,-11,
20250430,11:37:03,-11.1,
20250430,11:37:04,-11.1,
20250430,11:37:04,-11.3,
20250430,11:37:04,-11.4,
20250430,11:37:04,-11.8,
20250430,11:37:05,-11.9,
20250430,11:37:05,-12,
20250430,11:37:05,-11.8,
20250430,11:37:05,-11.5,
20250430,11:37:06,-11.4,
20250430,11:37:06,-11.2,
20250430,11:37:06,-11.2,
20250430,11:37:07,-11.3,
20250430,11:37:07,-11.4,
20250430,11:37:07,-11.4,
20250430,11:37:07,-11.4,
20250430,11:37:08,-11.6,
20250430,11:37:08,-11.9,
20250430,11:37:08,-12.3,
20250430,11:37:09,-12.6,
20250430,11:37:09,-12.7,
20250430,11:37:09,-12.8,
20250430,11:37:09,-13,
20250430,11:37:10,-13.1,
20250430,11:37:10,-13.1,
20250430,11:37:10,-13.2,
20250430,11:37:10,-13.3,
20250430,11:37:11,-13.3,
20250430,11:37:11,-13.1,
20250430,11:37:11,-13.3,
20250430,11:37:12,-13.4,
20250430,11:37:12,-13.5,
20250430,11:37:12,-13.5,
20250430,11:37:12,-13.5,
20250430,11:37:13,-13.4,
20250430,11:37:13,-13.4,
20250430,11:37:13,-13.3,
20250430,11:37:14,-13.3,
20250430,11:37:14,-13.3,
20250430,11:37:14,-13.3,
20250430,11:37:14,-13.2,
20250430,11:37:15,-13.4,
20250430,11:37:15,-13.3,
20250430,11:37:15,-13.5,
20250430,11:37:15,-13.4,
20250430,11:37:16,-13.5,
20250430,11:37:16,-13.5,
20250430,11:37:16,-13.5,
20250430,11:37:17,-13.6,
20250430,11:37:17,-13.6,
20250430,11:37:17,-13.7,
20250430,11:37:17,-13.8,
20250430,11:37:18,-13.7,
20250430,11:37:18,-13.5,
20250430,11:37:18,-13.5,
20250430,11:37:19,-13.4,
20250430,11:37:19,-13.5,
20250430,11:37:19,-13.4,
20250430,11:37:19,-13.4,
20250430,11:37:20,-13.6,
20250430,11:37:20,-14,
20250430,11:37:20,-14.7,
20250430,11:37:20,-15.2,
20250430,11:37:21,-15.6,
20250430,11:37:21,-15.9,
20250430,11:37:21,-16.1,
20250430,11:37:22,-16.1,
20250430,11:37:22,-16.2,
20250430,11:37:22,-16.2,
20250430,11:37:22,-16.5,
20250430,11:37:23,-16.8,
20250430,11:37:23,-17.5,
20250430,11:37:23,-18.2,
20250430,11:37:23,-18.7,
20250430,11:37:24,-18.7,
20250430,11:37:24,-18.4,
20250430,11:37:24,-18.1,
20250430,11:37:25,-17.8,
20250430,11:37:25,-17.8,
20250430,11:37:25,-17.8,
20250430,11:37:25,-17.8,
20250430,11:37:26,-17.9,
20250430,11:37:26,-18,
20250430,11:37:26,-18,
20250430,11:37:27,-18,
20250430,11:37:27,-17.8,
20250430,11:37:27,-17.8,
20250430,11:37:27,-18.3,
20250430,11:37:28,-18.8,
20250430,11:37:28,-19.1,
20250430,11:37:28,-19.4,
20250430,11:37:29,-19.4,
20250430,11:37:29,-19.3,
20250430,11:37:29,-19.1,
20250430,11:37:29,-19.2,
20250430,11:37:30,-19,
20250430,11:37:30,-19,
20250430,11:37:30,-18.9,
20250430,11:37:30,-18.8,
20250430,11:37:31,-18.9,
20250430,11:37:31,-18.9,
20250430,11:37:31,-19.1,
20250430,11:37:32,-19.5,
20250430,11:37:32,-19.8,
20250430,11:37:32,-19.7,
20250430,11:37:32,-19.7,
20250430,11:37:33,-19.5,
20250430,11:37:33,-19.4,
20250430,11:37:33,-19.4,
20250430,11:37:33,-19.4,
20250430,11:37:34,-18.9,
20250430,11:37:34,-18.6,
20250430,11:37:34,-18,
20250430,11:37:35,-17.6,
20250430,11:37:35,-17.3,
20250430,11:37:35,-17.3,
20250430,11:37:35,-17.3,
20250430,11:37:36,-17.3,
20250430,11:37:36,-17.1,
20250430,11:37:36,-17.1,
20250430,11:37:36,-17,
20250430,11:37:37,-16.9,
20250430,11:37:37,-16.9,
20250430,11:37:37,-16.8,
20250430,11:37:38,-16.6,
20250430,11:37:38,-16.7,
20250430,11:37:38,-16.7,
20250430,11:37:38,-16.5,
20250430,11:37:39,-16.5,
20250430,11:37:39,-16.3,
20250430,11:37:39,-16.3,
20250430,11:37:40,-16.2,
20250430,11:37:40,-16.2,
20250430,11:37:40,-16.2,
20250430,11:37:40,-16.1,
20250430,11:37:41,-16.1,
20250430,11:37:41,-16.1,
20250430,11:37:41,-16,
20250430,11:37:42,-15.9,
20250430,11:37:42,-15.9,
20250430,11:37:42,-15.7,
20250430,11:37:42,-15.7,
20250430,11:37:43,-15.7,
20250430,11:37:43,-15.6,
20250430,11:37:43,-15.7,
20250430,11:37:43,-15.6,
20250430,11:37:44,-15.5,
20250430,11:37:44,-15.4,
20250430,11:37:44,-15.5,
20250430,11:37:45,-15.3,
20250430,11:37:45,-15.3,
20250430,11:37:45,-15.3,
20250430,11:37:45,-15.4,
20250430,11:37:46,-15.4,
20250430,11:37:46,-15.4,
20250430,11:37:46,-15.4,
20250430,11:37:46,-15.4,
20250430,11:37:47,-15.3,
20250430,11:37:47,-15.4,
20250430,11:37:47,-15.5,
20250430,11:37:48,-15.5,
20250430,11:37:48,-15.5,
20250430,11:37:48,-15.6,
20250430,11:37:48,-15.6,
20250430,11:37:49,-15.6,
20250430,11:37:49,-15.5,
20250430,11:37:49,-15.4,
20250430,11:37:50,-16,
20250430,11:37:50,-16.9,
20250430,11:37:50,-17.8,
20250430,11:37:50,-18.3,
20250430,11:37:51,-18.3,
20250430,11:37:51,-18.2,
20250430,11:37:51,-18,
20250430,11:37:51,-17.7,
20250430,11:37:52,-17.6,
20250430,11:37:52,-17.4,
20250430,11:37:52,-17.1,
20250430,11:37:53,-17,
20250430,11:37:53,-17.1,
20250430,11:37:53,-17.7,
20250430,11:37:53,-18.1,
20250430,11:37:54,-18.7,
20250430,11:37:54,-19.2,
20250430,11:37:54,-19.8,
20250430,11:37:55,-20.4,
20250430,11:37:55,-20.8,
20250430,11:37:55,-21.1,
20250430,11:37:55,-21.2,
20250430,11:37:56,-21.3,
20250430,11:37:56,-21.5,
20250430,11:37:56,-21.6,
20250430,11:37:57,-21.7,
20250430,11:37:57,-21.7,
20250430,11:37:57,-21.5,
20250430,11:37:57,-21.5,
20250430,11:37:58,-21.5,
20250430,11:37:58,-21.5,
20250430,11:37:58,-21.5,
20250430,11:37:58,-21.4,
20250430,11:37:59,-21.3,
20250430,11:37:59,-21.2,
20250430,11:37:59,-21.2,
20250430,11:38:00,-21.1,
20250430,11:38:00,-21.1,
20250430,11:38:00,-20.8,
20250430,11:38:00,-20.7,
20250430,11:38:01,-20.6,
20250430,11:38:01,-20.4,
20250430,11:38:01,-20.3,
20250430,11:38:01,-20,
20250430,11:38:02,-19.9,
20250430,11:38:02,-19.8,
20250430,11:38:02,-19.6,
20250430,11:38:03,-19.5,
20250430,11:38:03,-19.5,
20250430,11:38:03,-19.3,
20250430,11:38:03,-19.3,
20250430,11:38:04,-19.1,
20250430,11:38:04,-18.9,
20250430,11:38:04,-18.9,
20250430,11:38:04,-18.7,
20250430,11:38:05,-18.6,
20250430,11:38:05,-18.5,
20250430,11:38:05,-18.3,
20250430,11:38:06,-18.1,
20250430,11:38:06,-18.1,
20250430,11:38:06,-17.9,
20250430,11:38:06,-17.8,
20250430,11:38:07,-17.8,
20250430,11:38:07,-17.4,
20250430,11:38:07,-17.1,
20250430,11:38:08,-16.9,
20250430,11:38:08,-16.7,
20250430,11:38:08,-16.8,
20250430,11:38:08,-16.8,
20250430,11:38:09,-16.7,
20250430,11:38:09,-16.3,
20250430,11:38:09,-16,
20250430,11:38:10,-15.8,
20250430,11:38:10,-15.5,
20250430,11:38:10,-15.4,
20250430,11:38:10,-15.5,
20250430,11:38:11,-15.6,
20250430,11:38:11,-15.4,
20250430,11:38:11,-15.4,
20250430,11:38:11,-15.3,
20250430,11:38:12,-15.2,
20250430,11:38:12,-15.3,
20250430,11:38:12,-15.4,
20250430,11:38:13,-15.6,
20250430,11:38:13,-15.8,
20250430,11:38:13,-15.9,
20250430,11:38:13,-15.9,
20250430,11:38:14,-15.9,
20250430,11:38:14,-15.8,
20250430,11:38:14,-15.9,
20250430,11:38:14,-15.8,
20250430,11:38:15,-15.7,
20250430,11:38:15,-15.5,
20250430,11:38:15,-15.5,
20250430,11:38:16,-15.4,
20250430,11:38:16,-15.5,
20250430,11:38:16,-15.7,
20250430,11:38:16,-16,
20250430,11:38:17,-16.1,
20250430,11:38:17,-16.3,
20250430,11:38:17,-16.4,
20250430,11:38:17,-16.4,
20250430,11:38:18,-16.3,
20250430,11:38:18,-16.3,
20250430,11:38:18,-16.1,
20250430,11:38:19,-16,
20250430,11:38:19,-15.8,
20250430,11:38:19,-15.7,
20250430,11:38:19,-15.6,
20250430,11:38:20,-15.5,
20250430,11:38:20,-15.8,
20250430,11:38:20,-16.1,
20250430,11:38:21,-16.6,
20250430,11:38:21,-17,
20250430,11:38:21,-17.4,
20250430,11:38:21,-17.8,
20250430,11:38:22,-17.9,
20250430,11:38:22,-17.8,
20250430,11:38:22,-17.8,
20250430,11:38:23,-17.7,
20250430,11:38:23,-17.5,
20250430,11:38:23,-17.4,
20250430,11:38:23,-17.3,
20250430,11:38:24,-17.4,
20250430,11:38:24,-17.6,
20250430,11:38:24,-18.1,
20250430,11:38:24,-18.8,
20250430,11:38:25,-19.7,
20250430,11:38:25,-19.7,
20250430,11:38:25,-18.9,
20250430,11:38:26,-18.1,
20250430,11:38:26,-17.3,
20250430,11:38:26,-17.2,
20250430,11:38:26,-17.2,
20250430,11:38:27,-17.7,
20250430,11:38:27,-17.8,
20250430,11:38:27,-17.9,
20250430,11:38:27,-17.6,
20250430,11:38:28,-17.3,
20250430,11:38:28,-17.1,
20250430,11:38:28,-17.4,
20250430,11:38:29,-17.7,
20250430,11:38:29,-18.1,
20250430,11:38:29,-18.5,
20250430,11:38:29,-18.7,
20250430,11:38:30,-19.1,
20250430,11:38:30,-19.5,
20250430,11:38:30,-19.5,
20250430,11:38:31,-19.6,
20250430,11:38:31,-19.6,
20250430,11:38:31,-19.5,
20250430,11:38:31,-19.4,
20250430,11:38:32,-19.3,
20250430,11:38:32,-19.3,
20250430,11:38:32,-19,
20250430,11:38:33,-19.1,
20250430,11:38:33,-18.9,
20250430,11:38:33,-18.7,
20250430,11:38:33,-18.7,
20250430,11:38:34,-18.7,
20250430,11:38:34,-18.7,
20250430,11:38:34,-18.7,
20250430,11:38:34,-18.5,
20250430,11:38:35,-18.5,
20250430,11:38:35,-18.5,
20250430,11:38:35,-18.3,
20250430,11:38:36,-18.1,
20250430,11:38:36,-18.1,
20250430,11:38:36,-18,
20250430,11:38:36,-18,
20250430,11:38:37,-18,
20250430,11:38:37,-17.9,
20250430,11:38:37,-17.8,
20250430,11:38:37,-17.8,
20250430,11:38:38,-17.8,
20250430,11:38:38,-17.7,
20250430,11:38:38,-17.7,
20250430,11:38:39,-17.6,
20250430,11:38:39,-17.5,
20250430,11:38:39,-17.5,
20250430,11:38:39,-17.4,
20250430,11:38:40,-17.4,
20250430,11:38:40,-17.4,
20250430,11:38:40,-17.2,
20250430,11:38:41,-17.2,
20250430,11:38:41,-17.2,
20250430,11:38:41,-17.2,
20250430,11:38:41,-17.2,
20250430,11:38:42,-17.3,
20250430,11:38:42,-17.2,
20250430,11:38:42,-17.2,
20250430,11:38:42,-17.2,
20250430,11:38:43,-16.9,
20250430,11:38:43,-16.9,
20250430,11:38:43,-16.9,
20250430,11:38:44,-16.8,
20250430,11:38:44,-16.9,
20250430,11:38:44,-16.9,
20250430,11:38:44,-16.9,
20250430,11:38:45,-16.8,
20250430,11:38:45,-16.7,
20250430,11:38:45,-16.7,
20250430,11:38:45,-16.7,
20250430,11:38:46,-16.7,
20250430,11:38:46,-16.7,
20250430,11:38:46,-16.7,
20250430,11:38:47,-16.7,
20250430,11:38:47,-16.8,
20250430,11:38:47,-16.9,
20250430,11:38:47,-16.9,
20250430,11:38:48,-16.9,
20250430,11:38:48,-17.1,
20250430,11:38:48,-17.3,
20250430,11:38:49,-17.3,
20250430,11:38:49,-17.3,
20250430,11:38:49,-17.3,
20250430,11:38:49,-17.3,
20250430,11:38:50,-17.3,
20250430,11:38:50,-17.3,
20250430,11:38:50,-17.3,
20250430,11:38:51,-17.4,
20250430,11:38:51,-17.4,
20250430,11:38:51,-17.4,
20250430,11:38:51,-17.4,
20250430,11:38:52,-17.3,
20250430,11:38:52,-17.3,
20250430,11:38:52,-17.3,
20250430,11:38:52,-17.4,
20250430,11:38:53,-17.6,
20250430,11:38:53,-17.8,
20250430,11:38:53,-17.9,
20250430,11:38:54,-18,
20250430,11:38:54,-18.2,
20250430,11:38:54,-18.5,
20250430,11:38:54,-18.4,
20250430,11:38:55,-18.5,
20250430,11:38:55,-18.5,
20250430,11:38:55,-18.5,
20250430,11:38:55,-18.4,
20250430,11:38:56,-18.3,
20250430,11:38:56,-18.4,
20250430,11:38:56,-18.4,
20250430,11:38:57,-18.5,
20250430,11:38:57,-18.6,
20250430,11:38:57,-18.7,
20250430,11:38:57,-19.4,
20250430,11:38:58,-20.4,
20250430,11:38:58,-20.8,
20250430,11:38:58,-20.4,
20250430,11:38:58,-19.4,
20250430,11:38:59,-18.3,
20250430,11:38:59,-17.6,
20250430,11:38:59,-17.2,
20250430,11:39:00,-16.9,
20250430,11:39:00,-16.4,
20250430,11:39:00,-15.9,
20250430,11:39:00,-15.2,
20250430,11:39:01,-14.1,
20250430,11:39:01,-13.3,
20250430,11:39:01,-12.9,
20250430,11:39:02,-13.1,
20250430,11:39:02,-13.6,
20250430,11:39:02,-14.4,
20250430,11:39:02,-15.3,
20250430,11:39:03,-15.9,
20250430,11:39:03,-16,
20250430,11:39:03,-15.8,
20250430,11:39:04,-16,
20250430,11:39:04,-16.2,
20250430,11:39:04,-16.7,
20250430,11:39:04,-17.8,
20250430,11:39:05,-18.9,
20250430,11:39:05,-20.1,
20250430,11:39:05,-21.1,
20250430,11:39:05,-22.3,
20250430,11:39:06,-23.7,
20250430,11:39:06,-24.7,
20250430,11:39:06,-25.5,
20250430,11:39:07,-26,
20250430,11:39:07,-26.4,
20250430,11:39:07,-27,
20250430,11:39:07,-27.2,
20250430,11:39:08,-27.6,
20250430,11:39:08,-28,
20250430,11:39:08,-28.3,
20250430,11:39:09,-28.4,
20250430,11:39:09,-28.4,
20250430,11:39:09,-28.4,
20250430,11:39:09,-28.4,
20250430,11:39:10,-28.4,
20250430,11:39:10,-28.2,
20250430,11:39:10,-28,
20250430,11:39:10,-27.8,
20250430,11:39:11,-27.6,
20250430,11:39:11,-27.5,
20250430,11:39:11,-27.4,
20250430,11:39:12,-27.1,
20250430,11:39:12,-26.6,
20250430,11:39:12,-26.3,
20250430,11:39:12,-25.9,
20250430,11:39:13,-25.5,
20250430,11:39:13,-25.4,
20250430,11:39:13,-25.3,
20250430,11:39:13,-25.1,
20250430,11:39:14,-24.7,
20250430,11:39:14,-24.5,
20250430,11:39:14,-24.4,
20250430,11:39:15,-24.2,
20250430,11:39:15,-24,
20250430,11:39:15,-23.8,
20250430,11:39:15,-23.7,
20250430,11:39:16,-23.6,
20250430,11:39:16,-23.6,
20250430,11:39:16,-23.6,
20250430,11:39:17,-23.4,
20250430,11:39:17,-23.2,
20250430,11:39:17,-23.1,
20250430,11:39:17,-22.9,
20250430,11:39:18,-22.6,
20250430,11:39:18,-22.5,
20250430,11:39:18,-22.5,
20250430,11:39:18,-22.7,
20250430,11:39:19,-22.8,
20250430,11:39:19,-22.9,
20250430,11:39:19,-22.9,
20250430,11:39:20,-22.7,
20250430,11:39:20,-22.4,
20250430,11:39:20,-22.4,
20250430,11:39:20,-22.4,
20250430,11:39:21,-22.5,
20250430,11:39:21,-22.6,
20250430,11:39:21,-22.6,
20250430,11:39:22,-22.8,
20250430,11:39:22,-23.3,
20250430,11:39:22,-23.6,
20250430,11:39:22,-23.8,
20250430,11:39:23,-23.8,
20250430,11:39:23,-23.8,
20250430,11:39:23,-23.9,
20250430,11:39:23,-24,
20250430,11:39:24,-24,
20250430,11:39:24,-24.1,
20250430,11:39:24,-24.1,
20250430,11:39:25,-24.1,
20250430,11:39:25,-24.1,
20250430,11:39:25,-24.3,
20250430,11:39:25,-24.4,
20250430,11:39:26,-24.6,
20250430,11:39:26,-24.6,
20250430,11:39:26,-24.7,
20250430,11:39:27,-24.9,
20250430,11:39:27,-25,
20250430,11:39:27,-25,
20250430,11:39:27,-24.9,
20250430,11:39:28,-25,
20250430,11:39:28,-24.9,
20250430,11:39:28,-24.9,
20250430,11:39:29,-25,
20250430,11:39:29,-25.1,
20250430,11:39:29,-25.1,
20250430,11:39:29,-25.2,
20250430,11:39:30,-25.2,
20250430,11:39:30,-25.2,
20250430,11:39:30,-25.3,
20250430,11:39:30,-25.2,
20250430,11:39:31,-25.3,
20250430,11:39:31,-25.2,
20250430,11:39:31,-25.2,
20250430,11:39:32,-25.2,
20250430,11:39:32,-25.2,
20250430,11:39:32,-25.3,
20250430,11:39:32,-25.5,
20250430,11:39:33,-25.6,
20250430,11:39:33,-26,
20250430,11:39:33,-26.2,
20250430,11:39:33,-26.3,
20250430,11:39:34,-26.3,
20250430,11:39:34,-26.3,
20250430,11:39:34,-26.3,
20250430,11:39:35,-26.3,
20250430,11:39:35,-26.3,
20250430,11:39:35,-26.5,
20250430,11:39:35,-26.9,
20250430,11:39:36,-27.2,
20250430,11:39:36,-27.2,
20250430,11:39:36,-27.3,
20250430,11:39:36,-27.3,
20250430,11:39:37,-27.3,
20250430,11:39:37,-27.3,
20250430,11:39:37,-27.3,
20250430,11:39:38,-27.2,
20250430,11:39:38,-27.2,
20250430,11:39:38,-27.1,
20250430,11:39:38,-27.1,
20250430,11:39:39,-26.9,
20250430,11:39:39,-26.9,
20250430,11:39:39,-26.9,
20250430,11:39:39,-26.9,
20250430,11:39:40,-26.9,
20250430,11:39:40,-27,
20250430,11:39:40,-27,
20250430,11:39:41,-27,
20250430,11:39:41,-27.1,
20250430,11:39:41,-27.2,
20250430,11:39:41,-27.2,
20250430,11:39:42,-27.2,
20250430,11:39:42,-27.2,
20250430,11:39:42,-27.2,
20250430,11:39:43,-27.1,
20250430,11:39:43,-27.2,
20250430,11:39:43,-27.1,
20250430,11:39:43,-26.9,
20250430,11:39:44,-26.8,
20250430,11:39:44,-26.7,
20250430,11:39:44,-26.6,
20250430,11:39:45,-26.5,
20250430,11:39:45,-26.5,
20250430,11:39:45,-26.5,
20250430,11:39:45,-26.4,
20250430,11:39:46,-26.5,
20250430,11:39:46,-26.5,
20250430,11:39:46,-26.5,
20250430,11:39:46,-26.6,
20250430,11:39:47,-26.6,
20250430,11:39:47,-26.7,
20250430,11:39:47,-26.6,
20250430,11:39:48,-26.7,
20250430,11:39:48,-26.6,
20250430,11:39:48,-26.5,
20250430,11:39:48,-26.5,
20250430,11:39:49,-26.4,
20250430,11:39:49,-26.3,
20250430,11:39:49,-26.3,
20250430,11:39:49,-26.1,
20250430,11:39:50,-26,
20250430,11:39:50,-26,
20250430,11:39:50,-26,
20250430,11:39:51,-25.9,
20250430,11:39:51,-25.9,
20250430,11:39:51,-25.8,
20250430,11:39:51,-25.9,
20250430,11:39:52,-26.1,
20250430,11:39:52,-26.3,
20250430,11:39:52,-26.4,
20250430,11:39:53,-26.5,
20250430,11:39:53,-26.4,
20250430,11:39:53,-26.4,
20250430,11:39:53,-26.3,
20250430,11:39:54,-26.3,
20250430,11:39:54,-26.1,
20250430,11:39:54,-26,
20250430,11:39:54,-25.8,
20250430,11:39:55,-25.8,
20250430,11:39:55,-25.7,
20250430,11:39:55,-25.7,
20250430,11:39:56,-25.7,
20250430,11:39:56,-25.5,
20250430,11:39:56,-25.3,
20250430,11:39:56,-25,
20250430,11:39:57,-24.7,
20250430,11:39:57,-24.6,
20250430,11:39:57,-24.6,
20250430,11:39:58,-24.6,
20250430,11:39:58,-24.6,
20250430,11:39:58,-24.6,
20250430,11:39:58,-24.5,
20250430,11:39:59,-24.5,
20250430,11:39:59,-24.4,
20250430,11:39:59,-24.4,
20250430,11:39:59,-24.5,
20250430,11:40:00,-24.4,
20250430,11:40:00,-24.2,
20250430,11:40:00,-24.2,
20250430,11:40:01,-24.2,
20250430,11:40:01,-24.4,
20250430,11:40:01,-24.4,
20250430,11:40:01,-24.2,
20250430,11:40:02,-24.1,
20250430,11:40:02,-24,
20250430,11:40:02,-24,
20250430,11:40:03,-23.9,
20250430,11:40:03,-23.8,
20250430,11:40:03,-23.8,
20250430,11:40:03,-23.8,
20250430,11:40:04,-23.8,
20250430,11:40:04,-23.7,
20250430,11:40:04,-23.7,
20250430,11:40:04,-23.5,
20250430,11:40:05,-23.5,
20250430,11:40:05,-23.6,
20250430,11:40:05,-23.5,
20250430,11:40:06,-23.4,
20250430,11:40:06,-23.4,
20250430,11:40:06,-23.4,
20250430,11:40:06,-23.4,
20250430,11:40:07,-23.4,
20250430,11:40:07,-23.3,
20250430,11:40:07,-23.4,
20250430,11:40:07,-23.4,
20250430,11:40:08,-23.7,
20250430,11:40:08,-23.8,
20250430,11:40:08,-24,
20250430,11:40:09,-24.4,
20250430,11:40:09,-24.5,
20250430,11:40:09,-24.6,
20250430,11:40:09,-24.6,
20250430,11:40:10,-24.6,
20250430,11:40:10,-24.6,
20250430,11:40:10,-24.5,
20250430,11:40:11,-24.2,
20250430,11:40:11,-23.8,
20250430,11:40:11,-23.8,
20250430,11:40:12,-23.8,
20250430,11:40:12,-23.8,
20250430,11:40:12,-23.9,
20250430,11:40:12,-23.9,
20250430,11:40:13,-24.4,
20250430,11:40:13,-24.6,
20250430,11:40:13,-24.8,
20250430,11:40:13,-24.9,
20250430,11:40:14,-25.2,
20250430,11:40:14,-25.2,
20250430,11:40:14,-25.4,
20250430,11:40:14,-25.4,
20250430,11:40:15,-25.4,
20250430,11:40:15,-25.3,
20250430,11:40:15,-25.5,
20250430,11:40:16,-25.8,
20250430,11:40:16,-26.3,
20250430,11:40:16,-26.4,
20250430,11:40:16,-26.5,
20250430,11:40:17,-26.6,
20250430,11:40:17,-26.6,
20250430,11:40:17,-26.5,
20250430,11:40:17,-26.5,
20250430,11:40:18,-26.5,
20250430,11:40:18,-26.4,
20250430,11:40:18,-26.4,
20250430,11:40:19,-26.3,
20250430,11:40:19,-26.3,
20250430,11:40:19,-26.2,
20250430,11:40:19,-26,
20250430,11:40:20,-25.9,
20250430,11:40:20,-25.6,
20250430,11:40:20,-25.4,
20250430,11:40:20,-25.4,
20250430,11:40:21,-25.4,
20250430,11:40:21,-25.3,
20250430,11:40:21,-25.4,
20250430,11:40:22,-25.5,
20250430,11:40:22,-25.7,
20250430,11:40:22,-25.8,
20250430,11:40:22,-26,
20250430,11:40:23,-26.1,
20250430,11:40:23,-26.2,
20250430,11:40:23,-26.1,
20250430,11:40:24,-26.1,
20250430,11:40:24,-26.1,
20250430,11:40:24,-26,
20250430,11:40:24,-25.9,
20250430,11:40:25,-25.9,
20250430,11:40:25,-25.9,
20250430,11:40:25,-25.8,
20250430,11:40:25,-25.8,
20250430,11:40:26,-25.5,
20250430,11:40:26,-25.4,
20250430,11:40:26,-25.1,
20250430,11:40:27,-24.8,
20250430,11:40:27,-24.6,
20250430,11:40:27,-24.2,
20250430,11:40:27,-24.1,
20250430,11:40:28,-24.4,
20250430,11:40:28,-24.5,
20250430,11:40:28,-24.6,
20250430,11:40:29,-24.5,
20250430,11:40:29,-24,
20250430,11:40:29,-23.4,
20250430,11:40:29,-22.8,
20250430,11:40:30,-22.3,
20250430,11:40:30,-21.9,
20250430,11:40:30,-21.8,
20250430,11:40:30,-21.8,
20250430,11:40:31,-21.9,
20250430,11:40:31,-22.2,
20250430,11:40:31,-22.9,
20250430,11:40:32,-23.7,
20250430,11:40:32,-24.5,
20250430,11:40:32,-25.2,
20250430,11:40:32,-25.7,
20250430,11:40:33,-26.3,
20250430,11:40:33,-26.6,
20250430,11:40:33,-26.6,
20250430,11:40:34,-27.3,
20250430,11:40:34,-27.6,
20250430,11:40:34,-28.1,
20250430,11:40:34,-28.3,
20250430,11:40:35,-28.2,
20250430,11:40:35,-28.1,
20250430,11:40:35,-28.1,
20250430,11:40:35,-28,
20250430,11:40:36,-27.9,
20250430,11:40:36,-27.9,
20250430,11:40:36,-27.4,
20250430,11:40:37,-27.2,
20250430,11:40:37,-27.2,
20250430,11:40:37,-26.9,
20250430,11:40:37,-26.9,
20250430,11:40:38,-26.7,
20250430,11:40:38,-26.6,
20250430,11:40:38,-26.6,
20250430,11:40:38,-26.8,
20250430,11:40:39,-26.9,
20250430,11:40:39,-27.1,
20250430,11:40:39,-27.1,
20250430,11:40:40,-27,
20250430,11:40:40,-26.8,
20250430,11:40:40,-26.6,
20250430,11:40:40,-26.4,
20250430,11:40:41,-26.3,
20250430,11:40:41,-26.3,
20250430,11:40:41,-26.4,
20250430,11:40:42,-26.8,
20250430,11:40:42,-26.7,
20250430,11:40:42,-25.3,
20250430,11:40:42,-23,
20250430,11:40:43,-21.1,
20250430,11:40:43,-19.7,
20250430,11:40:43,-19,
20250430,11:40:44,-18.8,
20250430,11:40:44,-19.1,
20250430,11:40:44,-19.7,
20250430,11:40:44,-20.6,
20250430,11:40:45,-21.4,
20250430,11:40:45,-22.2,
20250430,11:40:45,-23.2,
20250430,11:40:45,-23.8,
20250430,11:40:46,-24.3,
20250430,11:40:46,-24.7,
20250430,11:40:46,-25,
20250430,11:40:47,-25.5,
20250430,11:40:47,-25.5,
20250430,11:40:47,-25.6,
20250430,11:40:47,-25.6,
20250430,11:40:48,-25.6,
20250430,11:40:48,-25.5,
20250430,11:40:48,-25.4,
20250430,11:40:48,-25.1,
20250430,11:40:49,-24.9,
20250430,11:40:49,-24.9,
20250430,11:40:49,-25.3,
20250430,11:40:50,-25.4,
20250430,11:40:50,-25.5,
20250430,11:40:50,-25.3,
20250430,11:40:50,-25,
20250430,11:40:51,-24.6,
20250430,11:40:51,-24.6,
20250430,11:40:51,-24.6,
20250430,11:40:52,-24.9,
20250430,11:40:52,-25.5,
20250430,11:40:52,-25.5,
20250430,11:40:52,-25.4,
20250430,11:40:53,-25.1,
20250430,11:40:53,-25.1,
20250430,11:40:53,-25.3,
20250430,11:40:54,-25.3,
20250430,11:40:54,-25.5,
20250430,11:40:54,-25.5,
20250430,11:40:54,-25.1,
20250430,11:40:55,-24.6,
20250430,11:40:55,-24.4,
20250430,11:40:55,-24.4,
20250430,11:40:55,-24.9,
20250430,11:40:56,-25.4,
20250430,11:40:56,-25.5,
20250430,11:40:56,-25.4,
20250430,11:40:57,-25.8,
20250430,11:40:57,-25.9,
20250430,11:40:57,-26,
20250430,11:40:57,-26.2,
20250430,11:40:58,-26.3,
20250430,11:40:58,-26.3,
20250430,11:40:58,-26.3,
20250430,11:40:58,-27.1,
20250430,11:40:59,-27.7,
20250430,11:40:59,-26.9,
20250430,11:40:59,-23.9,
20250430,11:41:00,-21.4,
20250430,11:41:00,-19.8,
20250430,11:41:00,-18.9,
20250430,11:41:00,-18.8,
20250430,11:41:01,-19.1,
20250430,11:41:01,-19.8,
20250430,11:41:01,-20.6,
20250430,11:41:02,-21.4,
20250430,11:41:02,-22.2,
20250430,11:41:02,-23.2,
20250430,11:41:02,-24,
20250430,11:41:03,-24.8,
20250430,11:41:03,-25.2,
20250430,11:41:03,-25.6,
20250430,11:41:03,-25.9,
20250430,11:41:04,-26.1,
20250430,11:41:04,-26.4,
20250430,11:41:04,-26.7,
20250430,11:41:05,-27,
20250430,11:41:05,-27.3,
20250430,11:41:05,-27.6,
20250430,11:41:05,-27.6,
20250430,11:41:06,-27.8,
20250430,11:41:06,-27.9,
20250430,11:41:06,-27.9,
20250430,11:41:06,-27.9,
20250430,11:41:07,-28,
20250430,11:41:07,-28.2,
20250430,11:41:07,-28.1,
20250430,11:41:08,-28,
20250430,11:41:08,-27.9,
20250430,11:41:08,-27.9,
20250430,11:41:08,-27.8,
20250430,11:41:09,-27.8,
20250430,11:41:09,-27.7,
20250430,11:41:09,-27.9,
20250430,11:41:10,-27.9,
20250430,11:41:10,-27.9,
20250430,11:41:10,-27.8,
20250430,11:41:10,-27.9,
20250430,11:41:11,-27.8,
20250430,11:41:11,-27.9,
20250430,11:41:11,-27.9,
20250430,11:41:12,-27.9,
20250430,11:41:12,-27.9,
20250430,11:41:12,-27.9,
20250430,11:41:12,-28.1,
20250430,11:41:13,-28,
20250430,11:41:13,-28.1,
20250430,11:41:13,-28.3,
20250430,11:41:13,-28.3,
20250430,11:41:14,-28,
20250430,11:41:14,-27.8,
20250430,11:41:14,-27.3,
20250430,11:41:15,-27,
20250430,11:41:15,-26.9,
20250430,11:41:15,-26.7,
20250430,11:41:15,-26.8,
20250430,11:41:16,-26.8,
20250430,11:41:16,-26.9,
20250430,11:41:16,-27.2,
20250430,11:41:16,-27.3,
20250430,11:41:17,-27.5,
20250430,11:41:17,-27.6,
20250430,11:41:17,-27.6,
20250430,11:41:18,-27.2,
20250430,11:41:18,-26.6,
20250430,11:41:18,-26.1,
20250430,11:41:18,-25.7,
20250430,11:41:19,-25.8,
20250430,11:41:19,-26,
20250430,11:41:19,-26.3,
20250430,11:41:19,-26.4,
20250430,11:41:20,-26.9,
20250430,11:41:20,-27.2,
20250430,11:41:20,-27.3,
20250430,11:41:21,-27.6,
20250430,11:41:21,-27.7,
20250430,11:41:21,-27.9,
20250430,11:41:21,-28,
20250430,11:41:22,-28,
20250430,11:41:22,-28.1,
20250430,11:41:22,-28.1,
20250430,11:41:23,-28,
20250430,11:41:23,-28,
20250430,11:41:23,-28,
20250430,11:41:23,-28,
20250430,11:41:24,-28.1,
20250430,11:41:24,-28,
20250430,11:41:24,-28,
20250430,11:41:25,-28.1,
20250430,11:41:25,-28.1,
20250430,11:41:25,-28,
20250430,11:41:25,-28,
20250430,11:41:26,-28.1,
20250430,11:41:26,-28.1,
20250430,11:41:26,-28.1,
20250430,11:41:26,-28,
20250430,11:41:27,-28.1,
20250430,11:41:27,-28,
20250430,11:41:27,-27.9,
20250430,11:41:28,-27.9,
20250430,11:41:28,-27.8,
20250430,11:41:28,-27.8,
20250430,11:41:28,-28,
20250430,11:41:29,-28,
20250430,11:41:29,-27.7,
20250430,11:41:29,-27.7,
20250430,11:41:29,-27.6,
20250430,11:41:30,-27.5,
20250430,11:41:30,-27.5,
20250430,11:41:30,-27.8,
20250430,11:41:31,-28.5,
20250430,11:41:31,-29,
20250430,11:41:31,-29.4,
20250430,11:41:31,-29.2,
20250430,11:41:32,-28.9,
20250430,11:41:32,-28.6,
20250430,11:41:32,-28.5,
20250430,11:41:32,-28.5,
20250430,11:41:33,-28.5,
20250430,11:41:33,-28.6,
20250430,11:41:33,-28.7,
20250430,11:41:34,-29,
20250430,11:41:34,-29.3,
20250430,11:41:34,-29.5,
20250430,11:41:34,-29.6,
20250430,11:41:35,-29.7,
20250430,11:41:35,-29.6,
20250430,11:41:35,-29.6,
20250430,11:41:36,-29.6,
20250430,11:41:36,-29.6,
20250430,11:41:36,-29.6,
20250430,11:41:36,-29.8,
20250430,11:41:37,-29.7,
20250430,11:41:37,-29.9,
20250430,11:41:37,-29.9,
20250430,11:41:38,-30.1,
20250430,11:41:38,-30.6,
20250430,11:41:38,-31.2,
20250430,11:41:38,-31.5,
20250430,11:41:39,-31.7,
20250430,11:41:39,-31.6,
20250430,11:41:39,-31.4,
20250430,11:41:39,-31.4,
20250430,11:41:40,-31.2,
20250430,11:41:40,-30.9,
20250430,11:41:40,-31,
20250430,11:41:41,-31,
20250430,11:41:41,-30.9,
20250430,11:41:41,-31,
20250430,11:41:41,-30.7,
20250430,11:41:42,-30.6,
20250430,11:41:42,-30.5,
20250430,11:41:42,-30.4,
20250430,11:41:43,-30.4,
20250430,11:41:43,-30.3,
20250430,11:41:43,-30.2,
20250430,11:41:43,-30.2,
20250430,11:41:44,-30.3,
20250430,11:41:44,-30.2,
20250430,11:41:44,-30.1,
20250430,11:41:44,-30.2,
20250430,11:41:45,-30,
20250430,11:41:45,-30.1,
20250430,11:41:45,-30,
20250430,11:41:46,-30,
20250430,11:41:46,-29.9,
20250430,11:41:46,-30,
20250430,11:41:46,-30,
20250430,11:41:47,-30.1,
20250430,11:41:47,-30,
20250430,11:41:47,-30.1,
20250430,11:41:47,-30,
20250430,11:41:48,-30.1,
20250430,11:41:48,-30.2,
20250430,11:41:48,-30.2,
20250430,11:41:49,-30.2,
20250430,11:41:49,-30,
20250430,11:41:49,-30.1,
20250430,11:41:49,-30.1,
20250430,11:41:50,-30.1,
20250430,11:41:50,-29.9,
20250430,11:41:50,-29.9,
20250430,11:41:51,-29.9,
20250430,11:41:51,-29.9,
20250430,11:41:51,-29.9,
20250430,11:41:51,-30,
20250430,11:41:52,-30,
20250430,11:41:52,-29.9,
20250430,11:41:52,-29.9,
20250430,11:41:52,-29.8,
20250430,11:41:53,-29.8,
20250430,11:41:53,-29.8,
20250430,11:41:53,-29.9,
20250430,11:41:54,-30.4,
20250430,11:41:54,-30.9,
20250430,11:41:54,-31.3,
20250430,11:41:54,-31.5,
20250430,11:41:55,-31.5,
20250430,11:41:55,-31.5,
20250430,11:41:55,-31.4,
20250430,11:41:56,-31.4,
20250430,11:41:56,-31.3,
20250430,11:41:56,-31.4,
20250430,11:41:56,-31.3,
20250430,11:41:57,-31.2,
20250430,11:41:57,-31.2,
20250430,11:41:57,-31.2,
20250430,11:41:57,-31.1,
20250430,11:41:58,-30.8,
20250430,11:41:58,-30.7,
20250430,11:41:58,-30.6,
20250430,11:41:59,-30.5,
20250430,11:41:59,-30.5,
20250430,11:41:59,-30.4,
20250430,11:41:59,-30.5,
20250430,11:42:00,-30.5,
20250430,11:42:00,-30.4,
20250430,11:42:00,-30.8,
20250430,11:42:00,-31.4,
20250430,11:42:01,-32.3,
20250430,11:42:01,-32.8,
20250430,11:42:01,-33.2,
20250430,11:42:02,-33.2,
20250430,11:42:02,-33.1,
20250430,11:42:02,-33.2,
20250430,11:42:02,-33.5,
20250430,11:42:03,-33.8,
20250430,11:42:03,-33.9,
20250430,11:42:03,-33.7,
20250430,11:42:04,-33.7,
20250430,11:42:04,-33.4,
20250430,11:42:04,-33.3,
20250430,11:42:04,-33.2,
20250430,11:42:05,-33.4,
20250430,11:42:05,-33.6,
20250430,11:42:05,-33.9,
20250430,11:42:06,-34.3,
20250430,11:42:06,-34.6,
20250430,11:42:06,-34.7,
20250430,11:42:06,-34.8,
20250430,11:42:07,-34.9,
20250430,11:42:07,-34.9,
20250430,11:42:07,-35.1,
20250430,11:42:07,-35.1,
20250430,11:42:08,-35,
20250430,11:42:08,-34.9,
20250430,11:42:08,-34.9,
20250430,11:42:09,-34.7,
20250430,11:42:09,-34.4,
20250430,11:42:09,-34.3,
20250430,11:42:09,-34.3,
20250430,11:42:10,-34.4,
20250430,11:42:10,-34.6,
20250430,11:42:10,-34.7,
20250430,11:42:10,-34.7,
20250430,11:42:11,-34.7,
20250430,11:42:11,-34.7,
20250430,11:42:11,-34.5,
20250430,11:42:12,-34.3,
20250430,11:42:12,-34.2,
20250430,11:42:12,-34.2,
20250430,11:42:12,-34.2,
20250430,11:42:13,-33.9,
20250430,11:42:13,-33.9,
20250430,11:42:13,-33.8,
20250430,11:42:13,-33.4,
20250430,11:42:14,-33.5,
20250430,11:42:14,-33.4,
20250430,11:42:14,-33.3,
20250430,11:42:15,-33.2,
20250430,11:42:15,-33.3,
20250430,11:42:15,-33.2,
20250430,11:42:15,-33.2,
20250430,11:42:16,-33.1,
20250430,11:42:16,-33.1,
20250430,11:42:16,-33.1,
20250430,11:42:17,-32.9,
20250430,11:42:17,-32.9,
20250430,11:42:17,-32.9,
20250430,11:42:17,-32.9,
20250430,11:42:18,-33.2,
20250430,11:42:18,-33.7,
20250430,11:42:18,-34,
20250430,11:42:19,-34.1,
20250430,11:42:19,-34.1,
20250430,11:42:19,-34.1,
20250430,11:42:19,-34.2,
20250430,11:42:20,-34.4,
20250430,11:42:20,-34.5,
20250430,11:42:20,-34.3,
20250430,11:42:21,-34.1,
20250430,11:42:21,-34,
20250430,11:42:21,-33.9,
20250430,11:42:21,-33.9,
20250430,11:42:22,-34.1,
20250430,11:42:22,-34.5,
20250430,11:42:22,-34.9,
20250430,11:42:22,-34.8,
20250430,11:42:23,-34.9,
20250430,11:42:23,-34.7,
20250430,11:42:23,-34.7,
20250430,11:42:24,-34.8,
20250430,11:42:24,-34.9,
20250430,11:42:24,-34.9,
20250430,11:42:24,-35.1,
20250430,11:42:25,-35.4,
20250430,11:42:25,-35.5,
20250430,11:42:25,-35.4,
20250430,11:42:25,-35.2,
20250430,11:42:26,-34.9,
20250430,11:42:26,-34.9,
20250430,11:42:26,-34.9,
20250430,11:42:27,-35.1,
20250430,11:42:27,-35.2,
20250430,11:42:27,-35.4,
20250430,11:42:27,-35.5,
20250430,11:42:28,-35.6,
20250430,11:42:28,-35.7,
20250430,11:42:28,-35.8,
20250430,11:42:28,-35.8,
20250430,11:42:29,-36,
20250430,11:42:29,-36,
20250430,11:42:29,-35.9,
20250430,11:42:30,-35.7,
20250430,11:42:30,-35.6,
20250430,11:42:30,-35.5,
20250430,11:42:30,-35.5,
20250430,11:42:31,-35.3,
20250430,11:42:31,-35.3,
20250430,11:42:31,-35.4,
20250430,11:42:32,-35.2,
20250430,11:42:32,-35.1,
20250430,11:42:32,-35.1,
20250430,11:42:32,-35,
20250430,11:42:33,-34.9,
20250430,11:42:33,-34.5,
20250430,11:42:33,-34.2,
20250430,11:42:33,-34.2,
20250430,11:42:34,-34.1,
20250430,11:42:34,-34,
20250430,11:42:34,-34,
20250430,11:42:35,-34,
20250430,11:42:35,-34,
20250430,11:42:35,-33.8,
20250430,11:42:35,-33.5,
20250430,11:42:36,-33.3,
20250430,11:42:36,-33.1,
20250430,11:42:36,-32.9,
20250430,11:42:37,-32.7,
20250430,11:42:37,-32.6,
20250430,11:42:37,-32.6,
20250430,11:42:37,-32.5,
20250430,11:42:38,-32.4,
20250430,11:42:38,-32.4,
20250430,11:42:38,-32.3,
20250430,11:42:38,-32.3,
20250430,11:42:39,-32.4,
20250430,11:42:39,-32.4,
20250430,11:42:39,-32.4,
20250430,11:42:40,-32.4,
20250430,11:42:40,-32.3,
20250430,11:42:40,-32.3,
20250430,11:42:40,-32.3,
20250430,11:42:41,-32.3,
20250430,11:42:41,-32.2,
20250430,11:42:41,-31.8,
20250430,11:42:42,-31.5,
20250430,11:42:42,-31.3,
20250430,11:42:42,-31.1,
20250430,11:42:42,-31.3,
20250430,11:42:43,-31.7,
20250430,11:42:43,-32.6,
20250430,11:42:43,-33.4,
20250430,11:42:43,-33.7,
20250430,11:42:44,-33.7,
20250430,11:42:44,-33.5,
20250430,11:42:44,-33.3,
20250430,11:42:45,-33.2,
20250430,11:42:45,-33,
20250430,11:42:45,-33.1,
20250430,11:42:45,-33,
20250430,11:42:46,-33,
20250430,11:42:46,-33.1,
20250430,11:42:46,-33,
20250430,11:42:47,-33.2,
20250430,11:42:47,-33,
20250430,11:42:47,-33,
20250430,11:42:47,-32.9,
20250430,11:42:48,-32.8,
20250430,11:42:48,-32.7,
20250430,11:42:48,-32.7,
20250430,11:42:48,-32.6,
20250430,11:42:49,-32.5,
20250430,11:42:49,-32.6,
20250430,11:42:49,-32.5,
20250430,11:42:50,-32.5,
20250430,11:42:50,-32.4,
20250430,11:42:50,-32.4,
20250430,11:42:50,-32.6,
20250430,11:42:51,-32.9,
20250430,11:42:51,-32.9,
20250430,11:42:51,-33.1,
20250430,11:42:52,-33.2,
20250430,11:42:52,-33.5,
20250430,11:42:52,-33.6,
20250430,11:42:52,-33.3,
20250430,11:42:53,-33.1,
20250430,11:42:53,-32.5,
20250430,11:42:53,-32.2,
20250430,11:42:53,-32.1,
20250430,11:42:54,-32,
20250430,11:42:54,-31.8,
20250430,11:42:54,-31.9,
20250430,11:42:54,-32,
20250430,11:42:55,-31.9,
20250430,11:42:55,-31.8,
20250430,11:42:55,-31.6,
20250430,11:42:56,-31.5,
20250430,11:42:56,-31.5,
20250430,11:42:56,-31.8,
20250430,11:42:56,-32.4,
20250430,11:42:57,-33,
20250430,11:42:57,-33.4,
20250430,11:42:57,-33.5,
20250430,11:42:58,-33.3,
20250430,11:42:58,-33.1,
20250430,11:42:58,-33,
20250430,11:42:58,-32.8,
20250430,11:42:59,-32.6,
20250430,11:42:59,-32.4,
20250430,11:42:59,-32.6,
20250430,11:43:00,-32.6,
20250430,11:43:00,-32.8,
20250430,11:43:00,-32.9,
20250430,11:43:00,-32.8,
20250430,11:43:01,-32.8,
20250430,11:43:01,-32.7,
20250430,11:43:01,-32.7,
20250430,11:43:01,-32.6,
20250430,11:43:02,-32.6,
20250430,11:43:02,-32.7,
20250430,11:43:02,-32.8,
20250430,11:43:03,-33.1,
20250430,11:43:03,-33.2,
20250430,11:43:03,-32.9,
20250430,11:43:03,-31.8,
20250430,11:43:04,-30.6,
20250430,11:43:04,-29.4,
20250430,11:43:04,-28.6,
20250430,11:43:05,-28.4,
20250430,11:43:05,-28.3,
20250430,11:43:05,-28.4,
20250430,11:43:05,-28.5,
20250430,11:43:06,-28.6,
20250430,11:43:06,-28.8,
20250430,11:43:06,-28.9,
20250430,11:43:06,-29.1,
20250430,11:43:07,-29.5,
20250430,11:43:07,-29.7,
20250430,11:43:07,-29.8,
20250430,11:43:08,-29.8,
20250430,11:43:08,-29.6,
20250430,11:43:08,-29.6,
20250430,11:43:08,-29.5,
20250430,11:43:09,-29.5,
20250430,11:43:09,-29.4,
20250430,11:43:09,-29.4,
20250430,11:43:09,-29.3,
20250430,11:43:10,-29.3,
20250430,11:43:10,-29.2,
20250430,11:43:10,-29.2,
20250430,11:43:11,-29.2,
20250430,11:43:11,-29.1,
20250430,11:43:11,-29.1,
20250430,11:43:11,-29,
20250430,11:43:12,-29,
20250430,11:43:12,-29.2,
20250430,11:43:12,-29.6,
20250430,11:43:13,-29.9,
20250430,11:43:13,-30.3,
20250430,11:43:13,-30.3,
20250430,11:43:13,-30.3,
20250430,11:43:14,-30.1,
20250430,11:43:14,-30,
20250430,11:43:14,-29.9,
20250430,11:43:14,-29.9,
20250430,11:43:15,-29.8,
20250430,11:43:15,-29.6,
20250430,11:43:15,-29.5,
20250430,11:43:16,-29.4,
20250430,11:43:16,-29.2,
20250430,11:43:16,-29.2,
20250430,11:43:16,-29.1,
20250430,11:43:17,-29.2,
20250430,11:43:17,-29.1,
20250430,11:43:17,-29.1,
20250430,11:43:18,-29,
20250430,11:43:18,-29,
20250430,11:43:18,-29,
20250430,11:43:18,-29.1,
20250430,11:43:19,-29.2,
20250430,11:43:19,-29.2,
20250430,11:43:19,-29.2,
20250430,11:43:19,-29.2,
20250430,11:43:20,-29.2,
20250430,11:43:20,-29.3,
20250430,11:43:20,-29.5,
20250430,11:43:21,-29.7,
20250430,11:43:21,-29.8,
20250430,11:43:21,-30.1,
20250430,11:43:21,-30,
20250430,11:43:22,-30.1,
20250430,11:43:22,-30.1,
20250430,11:43:22,-30,
20250430,11:43:22,-30,
20250430,11:43:23,-29.9,
20250430,11:43:23,-29.8,
20250430,11:43:23,-30,
20250430,11:43:24,-30.2,
20250430,11:43:24,-30.3,
20250430,11:43:24,-30.3,
20250430,11:43:24,-30.1,
20250430,11:43:25,-29.9,
20250430,11:43:25,-29.9,
20250430,11:43:25,-29.8,
20250430,11:43:26,-29.7,
20250430,11:43:26,-29.9,
20250430,11:43:26,-30.6,
20250430,11:43:26,-31.8,
20250430,11:43:27,-32.7,
20250430,11:43:27,-32.7,
20250430,11:43:27,-32.3,
20250430,11:43:28,-31.8,
20250430,11:43:28,-31.6,
20250430,11:43:28,-31.5,
20250430,11:43:28,-31.6,
20250430,11:43:29,-31.8,
20250430,11:43:29,-32.1,
20250430,11:43:29,-32.3,
20250430,11:43:29,-32.3,
20250430,11:43:30,-32.5,
20250430,11:43:30,-32.5,
20250430,11:43:30,-32.7,
20250430,11:43:31,-32.6,
20250430,11:43:31,-32.7,
20250430,11:43:31,-32.8,
20250430,11:43:31,-32.9,
20250430,11:43:32,-32.9,
20250430,11:43:32,-32.9,
20250430,11:43:32,-32.9,
20250430,11:43:32,-32.9,
20250430,11:43:33,-32.9,
20250430,11:43:33,-32.8,
20250430,11:43:33,-32.7,
20250430,11:43:34,-32.6,
20250430,11:43:34,-32.6,
20250430,11:43:34,-32.6,
20250430,11:43:34,-32.5,
20250430,11:43:35,-32.5,
20250430,11:43:35,-32.4,
20250430,11:43:35,-32.5,
20250430,11:43:35,-32.5,
20250430,11:43:36,-32.5,
20250430,11:43:36,-32.6,
20250430,11:43:36,-32.5,
20250430,11:43:37,-32.5,
20250430,11:43:37,-32.5,
20250430,11:43:37,-32.5,
20250430,11:43:37,-32.4,
20250430,11:43:38,-32.3,
20250430,11:43:38,-32.3,
20250430,11:43:38,-32.2,
20250430,11:43:39,-32.2,
20250430,11:43:39,-32.1,
20250430,11:43:39,-32.1,
20250430,11:43:39,-32,
20250430,11:43:40,-32,
20250430,11:43:40,-31.9,
20250430,11:43:40,-31.9,
20250430,11:43:41,-31.9,
20250430,11:43:41,-31.9,
20250430,11:43:41,-31.9,
20250430,11:43:41,-31.8,
20250430,11:43:42,-31.8,
20250430,11:43:42,-31.7,
20250430,11:43:42,-31.6,
20250430,11:43:42,-31.7,
20250430,11:43:43,-31.6,
20250430,11:43:43,-31.7,
20250430,11:43:43,-31.6,
20250430,11:43:44,-31.6,
20250430,11:43:44,-31.5,
20250430,11:43:44,-31.5,
20250430,11:43:44,-31.3,
20250430,11:43:45,-31.3,
20250430,11:43:45,-31.2,
20250430,11:43:45,-31.1,
20250430,11:43:45,-31.1,
20250430,11:43:46,-31.2,
20250430,11:43:46,-31.2,
20250430,11:43:46,-31.2,
20250430,11:43:47,-31.2,
20250430,11:43:47,-31.8,
20250430,11:43:47,-32.3,
20250430,11:43:47,-33,
20250430,11:43:48,-33.4,
20250430,11:43:48,-33.6,
20250430,11:43:48,-33.7,
20250430,11:43:49,-33.8,
20250430,11:43:49,-33.8,
20250430,11:43:49,-34,
20250430,11:43:49,-34,
20250430,11:43:50,-34,
20250430,11:43:50,-34,
20250430,11:43:50,-34,
20250430,11:43:51,-34.3,
20250430,11:43:51,-34.7,
20250430,11:43:51,-35,
20250430,11:43:51,-35.1,
20250430,11:43:52,-35.1,
20250430,11:43:52,-34.9,
20250430,11:43:52,-34.9,
20250430,11:43:52,-34.9,
20250430,11:43:53,-34.8,
20250430,11:43:53,-34.7,
20250430,11:43:53,-34.7,
20250430,11:43:54,-34.7,
20250430,11:43:54,-34.6,
20250430,11:43:54,-34.7,
20250430,11:43:54,-35.1,
20250430,11:43:55,-35.7,
20250430,11:43:55,-35.9,
20250430,11:43:55,-36.4,
20250430,11:43:55,-36.6,
20250430,11:43:56,-36.6,
20250430,11:43:56,-36.6,
20250430,11:43:56,-36.7,
20250430,11:43:57,-36.6,
20250430,11:43:57,-36.6,
20250430,11:43:57,-36.5,
20250430,11:43:57,-36.5,
20250430,11:43:58,-36.5,
20250430,11:43:58,-36.6,
20250430,11:43:58,-36.6,
20250430,11:43:59,-36.5,
20250430,11:43:59,-36.4,
20250430,11:43:59,-36.3,
20250430,11:43:59,-36.2,
20250430,11:44:00,-36.2,
20250430,11:44:00,-36.1,
20250430,11:44:00,-36.2,
20250430,11:44:00,-36.2,
20250430,11:44:01,-36.1,
20250430,11:44:01,-36.1,
20250430,11:44:01,-36,
20250430,11:44:02,-36,
20250430,11:44:02,-35.9,
20250430,11:44:02,-35.7,
20250430,11:44:02,-35.7,
20250430,11:44:03,-35.6,
20250430,11:44:03,-35.4,
20250430,11:44:03,-35.2,
20250430,11:44:03,-35.2,
20250430,11:44:04,-35.2,
20250430,11:44:04,-35.2,
20250430,11:44:04,-35.5,
20250430,11:44:05,-35.8,
20250430,11:44:05,-36.3,
20250430,11:44:05,-36.6,
20250430,11:44:05,-36.9,
20250430,11:44:06,-37,
20250430,11:44:06,-36.9,
20250430,11:44:06,-36.7,
20250430,11:44:07,-36.6,
20250430,11:44:07,-36.6,
20250430,11:44:07,-36.4,
20250430,11:44:07,-36.2,
20250430,11:44:08,-35.9,
20250430,11:44:08,-36,
20250430,11:44:08,-36.2,
20250430,11:44:09,-36.2,
20250430,11:44:09,-36.3,
20250430,11:44:09,-36.3,
20250430,11:44:09,-36.1,
20250430,11:44:10,-35.8,
20250430,11:44:10,-36.2,
20250430,11:44:10,-36.7,
20250430,11:44:10,-37.4,
20250430,11:44:11,-37.6,
20250430,11:44:11,-37.6,
20250430,11:44:11,-37.4,
20250430,11:44:12,-37.2,
20250430,11:44:12,-37,
20250430,11:44:12,-36.9,
20250430,11:44:12,-36.8,
20250430,11:44:13,-36.8,
20250430,11:44:13,-36.9,
20250430,11:44:13,-36.9,
20250430,11:44:13,-37,
20250430,11:44:14,-37.1,
20250430,11:44:14,-37,
20250430,11:44:14,-37,
20250430,11:44:15,-37,
20250430,11:44:15,-36.9,
20250430,11:44:15,-36.8,
20250430,11:44:15,-36.6,
20250430,11:44:16,-36.6,
20250430,11:44:16,-36.6,
20250430,11:44:16,-36.5,
20250430,11:44:16,-36.4,
20250430,11:44:17,-36.3,
20250430,11:44:17,-36.3,
20250430,11:44:17,-36.1,
20250430,11:44:18,-36.2,
20250430,11:44:18,-36,
20250430,11:44:18,-35.9,
20250430,11:44:18,-35.8,
20250430,11:44:19,-35.7,
20250430,11:44:19,-35.7,
20250430,11:44:19,-35.6,
20250430,11:44:20,-35.6,
20250430,11:44:20,-35.5,
20250430,11:44:20,-35.5,
20250430,11:44:20,-35.5,
20250430,11:44:21,-35.6,
20250430,11:44:21,-35.6,
20250430,11:44:21,-35.8,
20250430,11:44:22,-36,
20250430,11:44:22,-36.2,
20250430,11:44:22,-36.2,
20250430,11:44:22,-36.1,
20250430,11:44:23,-35.8,
20250430,11:44:23,-35.7,
20250430,11:44:23,-35.5,
20250430,11:44:23,-35.2,
20250430,11:44:24,-35,
20250430,11:44:24,-34.9,
20250430,11:44:24,-34.8,
20250430,11:44:25,-34.6,
20250430,11:44:25,-34.3,
20250430,11:44:25,-34.2,
20250430,11:44:25,-34.1,
20250430,11:44:26,-34,
20250430,11:44:26,-33.9,
20250430,11:44:26,-33.9,
20250430,11:44:27,-33.8,
20250430,11:44:27,-33.7,
20250430,11:44:27,-33.8,
20250430,11:44:27,-33.7,
20250430,11:44:28,-33.7,
20250430,11:44:28,-33.6,
20250430,11:44:28,-33.5,
20250430,11:44:28,-33.3,
20250430,11:44:29,-33.2,
20250430,11:44:29,-33,
20250430,11:44:29,-32.8,
20250430,11:44:30,-32.6,
20250430,11:44:30,-32.5,
20250430,11:44:30,-32.5,
20250430,11:44:30,-32.5,
20250430,11:44:31,-32.6,
20250430,11:44:31,-32.4,
20250430,11:44:31,-32.4,
20250430,11:44:31,-32.3,
20250430,11:44:32,-32.2,
20250430,11:44:32,-32.1,
20250430,11:44:32,-31.9,
20250430,11:44:33,-31.8,
20250430,11:44:33,-31.6,
20250430,11:44:33,-31.5,
20250430,11:44:33,-31.3,
20250430,11:44:34,-31.1,
20250430,11:44:34,-30.8,
20250430,11:44:34,-30.6,
20250430,11:44:35,-30.6,
20250430,11:44:35,-30.9,
20250430,11:44:35,-31.1,
20250430,11:44:35,-31.4,
20250430,11:44:36,-31.5,
20250430,11:44:36,-31.5,
20250430,11:44:36,-31.5,
20250430,11:44:36,-31.4,
20250430,11:44:37,-31.3,
20250430,11:44:37,-31.2,
20250430,11:44:37,-31.1,
20250430,11:44:38,-31.1,
20250430,11:44:38,-31,
20250430,11:44:38,-30.9,
20250430,11:44:38,-31,
20250430,11:44:39,-30.7,
20250430,11:44:39,-30.7,
20250430,11:44:39,-30.7,
20250430,11:44:40,-30.6,
20250430,11:44:40,-30.5,
20250430,11:44:40,-30.5,
20250430,11:44:40,-30.4,
20250430,11:44:41,-30.2,
20250430,11:44:41,-30.4,
20250430,11:44:41,-30.2,
20250430,11:44:41,-30.2,
20250430,11:44:42,-30.3,
20250430,11:44:42,-30.3,
20250430,11:44:42,-30.5,
20250430,11:44:43,-30.4,
20250430,11:44:43,-30.2,
20250430,11:44:43,-30.2,
20250430,11:44:43,-30.1,
20250430,11:44:44,-30.1,
20250430,11:44:44,-30,
20250430,11:44:44,-30,
20250430,11:44:44,-29.8,
20250430,11:44:45,-29.8,
20250430,11:44:45,-29.2,
20250430,11:44:45,-28.8,
20250430,11:44:46,-28.3,
20250430,11:44:46,-28.1,
20250430,11:44:46,-28,
20250430,11:44:46,-28,
20250430,11:44:47,-27.9,
20250430,11:44:47,-28,
20250430,11:44:47,-28,
20250430,11:44:48,-28.1,
20250430,11:44:48,-28,
20250430,11:44:48,-28,
20250430,11:44:48,-28,
20250430,11:44:49,-28,
20250430,11:44:49,-27.9,
20250430,11:44:49,-27.9,
20250430,11:44:49,-27.9,
20250430,11:44:50,-27.7,
20250430,11:44:50,-27.7,
20250430,11:44:50,-27.8,
20250430,11:44:51,-27.9,
20250430,11:44:51,-27.9,
20250430,11:44:51,-28,
20250430,11:44:51,-27.8,
20250430,11:44:52,-27.4,
20250430,11:44:52,-27.2,
20250430,11:44:52,-26.9,
20250430,11:44:53,-26.8,
20250430,11:44:53,-26.6,
20250430,11:44:53,-26.5,
20250430,11:44:53,-26.4,
20250430,11:44:54,-26.5,
20250430,11:44:54,-26.4,
20250430,11:44:54,-26.3,
20250430,11:44:54,-26.4,
20250430,11:44:55,-26.3,
20250430,11:44:55,-26.4,
20250430,11:44:55,-26.3,
20250430,11:44:56,-26.5,
20250430,11:44:56,-26.3,
20250430,11:44:56,-26.3,
20250430,11:44:56,-26.3,
20250430,11:44:57,-26.1,
20250430,11:44:57,-26.1,
20250430,11:44:57,-26,
20250430,11:44:58,-25.8,
20250430,11:44:58,-25.9,
20250430,11:44:58,-26.2,
20250430,11:44:58,-26.4,
20250430,11:44:59,-27.2,
20250430,11:44:59,-27.5,
20250430,11:44:59,-27.9,
20250430,11:44:59,-28.1,
20250430,11:45:00,-28.3,
20250430,11:45:00,-28.4,
20250430,11:45:00,-28.5,
20250430,11:45:01,-28.6,
20250430,11:45:01,-28.5,
20250430,11:45:01,-28.5,
20250430,11:45:01,-28.5,
20250430,11:45:02,-28.4,
20250430,11:45:02,-28.5,
20250430,11:45:02,-28.4,
20250430,11:45:03,-28.3,
20250430,11:45:03,-28.1,
20250430,11:45:03,-27.9,
20250430,11:45:03,-27.7,
20250430,11:45:04,-27.6,
20250430,11:45:04,-27.5,
20250430,11:45:04,-27.5,
20250430,11:45:04,-27.5,
20250430,11:45:05,-27.6,
20250430,11:45:05,-27.6,
20250430,11:45:05,-27.7,
20250430,11:45:06,-27.7,
20250430,11:45:06,-27.8,
20250430,11:45:06,-27.8,
20250430,11:45:06,-27.8,
20250430,11:45:07,-27.7,
20250430,11:45:07,-27.5,
20250430,11:45:07,-27.3,
20250430,11:45:07,-27.2,
20250430,11:45:08,-27,
20250430,11:45:08,-26.9,
20250430,11:45:08,-26.8,
20250430,11:45:09,-26.8,
20250430,11:45:09,-26.9,
20250430,11:45:09,-27.2,
20250430,11:45:09,-27.2,
20250430,11:45:10,-27.2,
20250430,11:45:10,-27.2,
20250430,11:45:10,-27.2,
20250430,11:45:11,-27.2,
20250430,11:45:11,-27.1,
20250430,11:45:11,-26.9,
20250430,11:45:11,-26.6,
20250430,11:45:12,-26.5,
20250430,11:45:12,-26.3,
20250430,11:45:12,-26.1,
20250430,11:45:12,-26,
20250430,11:45:13,-26,
20250430,11:45:13,-25.8,
20250430,11:45:13,-25.8,
20250430,11:45:14,-25.8,
20250430,11:45:14,-25.9,
20250430,11:45:14,-25.8,
20250430,11:45:14,-25.7,
20250430,11:45:15,-25.7,
20250430,11:45:15,-25.7,
20250430,11:45:15,-25.7,
20250430,11:45:16,-25.7,
20250430,11:45:16,-25.8,
20250430,11:45:16,-25.6,
20250430,11:45:16,-25.6,
20250430,11:45:17,-25.6,
20250430,11:45:17,-25.6,
20250430,11:45:17,-25.5,
20250430,11:45:17,-25.6,
20250430,11:45:18,-25.6,
20250430,11:45:18,-25.6,
20250430,11:45:18,-25.6,
20250430,11:45:19,-25.7,
20250430,11:45:19,-25.5,
20250430,11:45:19,-25.5,
20250430,11:45:19,-25.4,
20250430,11:45:20,-25.3,
20250430,11:45:20,-25.4,
20250430,11:45:20,-25.4,
20250430,11:45:21,-25.4,
20250430,11:45:21,-25.4,
20250430,11:45:21,-25.2,
20250430,11:45:21,-25.1,
20250430,11:45:22,-25.3,
20250430,11:45:22,-25.7,
20250430,11:45:22,-26.3,
20250430,11:45:23,-27,
20250430,11:45:23,-27.6,
20250430,11:45:23,-28,
20250430,11:45:23,-28.2,
20250430,11:45:24,-28.4,
20250430,11:45:24,-28.7,
20250430,11:45:24,-29.2,
20250430,11:45:24,-29.7,
20250430,11:45:25,-29.8,
20250430,11:45:25,-30,
20250430,11:45:25,-29.9,
20250430,11:45:25,-29.8,
20250430,11:45:26,-29.7,
20250430,11:45:26,-29.8,
20250430,11:45:26,-29.7,
20250430,11:45:27,-29.6,
20250430,11:45:27,-29.6,
20250430,11:45:27,-29.5,
20250430,11:45:27,-29.4,
20250430,11:45:28,-29.3,
20250430,11:45:28,-29.1,
20250430,11:45:28,-29.2,
20250430,11:45:29,-29.4,
20250430,11:45:29,-29.5,
20250430,11:45:29,-29.5,
20250430,11:45:29,-29.6,
20250430,11:45:30,-29.6,
20250430,11:45:30,-29.5,
20250430,11:45:30,-29.3,
20250430,11:45:30,-29.5,
20250430,11:45:31,-29.3,
20250430,11:45:31,-29.4,
20250430,11:45:31,-29.2,
20250430,11:45:32,-29.2,
20250430,11:45:32,-29.1,
20250430,11:45:32,-28.9,
20250430,11:45:32,-28.9,
20250430,11:45:33,-28.9,
20250430,11:45:33,-28.9,
20250430,11:45:33,-29.5,
20250430,11:45:34,-30,
20250430,11:45:34,-30.6,
20250430,11:45:34,-30.9,
20250430,11:45:34,-30.9,
20250430,11:45:35,-30.9,
20250430,11:45:35,-30.9,
20250430,11:45:35,-30.9,
20250430,11:45:36,-30.8,
20250430,11:45:36,-30.8,
20250430,11:45:36,-30.9,
20250430,11:45:36,-31,
20250430,11:45:37,-30.9,
20250430,11:45:37,-30.8,
20250430,11:45:37,-30.8,
20250430,11:45:37,-30.7,
20250430,11:45:38,-30.6,
20250430,11:45:38,-30.4,
20250430,11:45:38,-30.2,
20250430,11:45:38,-30,
20250430,11:45:39,-29.8,
20250430,11:45:39,-29.7,
20250430,11:45:39,-29.7,
20250430,11:45:40,-29.7,
20250430,11:45:40,-29.8,
20250430,11:45:40,-29.9,
20250430,11:45:40,-29.9,
20250430,11:45:41,-29.8,
20250430,11:45:41,-29.8,
20250430,11:45:41,-29.7,
20250430,11:45:42,-29.6,
20250430,11:45:42,-29.4,
20250430,11:45:42,-29.3,
20250430,11:45:42,-29.1,
20250430,11:45:43,-28.9,
20250430,11:45:43,-28.8,
20250430,11:45:43,-28.6,
20250430,11:45:43,-28.4,
20250430,11:45:44,-28.3,
20250430,11:45:44,-28.2,
20250430,11:45:44,-28.1,
20250430,11:45:45,-28.1,
20250430,11:45:45,-28,
20250430,11:45:45,-28,
20250430,11:45:45,-28,
20250430,11:45:46,-27.9,
20250430,11:45:46,-27.7,
20250430,11:45:46,-27.6,
20250430,11:45:47,-27.5,
20250430,11:45:47,-27.4,
20250430,11:45:47,-27.4,
20250430,11:45:47,-27.3,
20250430,11:45:48,-27.3,
20250430,11:45:48,-27.2,
20250430,11:45:48,-27.5,
20250430,11:45:48,-28,
20250430,11:45:49,-28.7,
20250430,11:45:49,-29.1,
20250430,11:45:49,-29.6,
20250430,11:45:50,-29.8,
20250430,11:45:50,-29.9,
20250430,11:45:50,-29.8,
20250430,11:45:50,-29.8,
20250430,11:45:51,-29.8,
20250430,11:45:51,-29.8,
20250430,11:45:51,-29.6,
20250430,11:45:52,-29.4,
20250430,11:45:52,-29.3,
20250430,11:45:52,-29.1,
20250430,11:45:52,-29,
20250430,11:45:53,-28.9,
20250430,11:45:53,-28.9,
20250430,11:45:53,-28.9,
20250430,11:45:54,-28.9,
20250430,11:45:54,-28.9,
20250430,11:45:54,-28.9,
20250430,11:45:54,-28.9,
20250430,11:45:55,-28.8,
20250430,11:45:55,-28.8,
20250430,11:45:55,-28.6,
20250430,11:45:55,-28.5,
20250430,11:45:56,-28.6,
20250430,11:45:56,-28.8,
20250430,11:45:56,-28.9,
20250430,11:45:57,-29.2,
20250430,11:45:57,-29.4,
20250430,11:45:57,-29.5,
20250430,11:45:57,-29.5,
20250430,11:45:58,-29.3,
20250430,11:45:58,-29.2,
20250430,11:45:58,-29.3,
20250430,11:45:58,-29.1,
20250430,11:45:59,-29,
20250430,11:45:59,-28.9,
20250430,11:45:59,-28.9,
20250430,11:46:00,-28.9,
20250430,11:46:00,-28.8,
20250430,11:46:00,-28.8,
20250430,11:46:00,-28.8,
20250430,11:46:01,-28.8,
20250430,11:46:01,-28.9,
20250430,11:46:01,-28.9,
20250430,11:46:02,-28.9,
20250430,11:46:02,-28.9,
20250430,11:46:02,-28.8,
20250430,11:46:02,-28.7,
20250430,11:46:03,-28.6,
20250430,11:46:03,-28.6,
20250430,11:46:03,-28.4,
20250430,11:46:03,-28.4,
20250430,11:46:04,-28.1,
20250430,11:46:04,-28,
20250430,11:46:04,-28,
20250430,11:46:05,-28,
20250430,11:46:05,-27.8,
20250430,11:46:05,-27.7,
20250430,11:46:05,-27.6,
20250430,11:46:06,-27.6,
20250430,11:46:06,-27.5,
20250430,11:46:06,-27.4,
20250430,11:46:06,-27.3,
20250430,11:46:07,-27.2,
20250430,11:46:07,-27.2,
20250430,11:46:07,-27.1,
20250430,11:46:08,-27.1,
20250430,11:46:08,-27,
20250430,11:46:08,-27,
20250430,11:46:08,-26.9,
20250430,11:46:09,-26.8,
20250430,11:46:09,-26.7,
20250430,11:46:09,-26.7,
20250430,11:46:10,-26.5,
20250430,11:46:10,-26.2,
20250430,11:46:10,-25.7,
20250430,11:46:10,-25.4,
20250430,11:46:11,-25.2,
20250430,11:46:11,-25.2,
20250430,11:46:11,-25.2,
20250430,11:46:11,-25.2,
20250430,11:46:12,-25.1,
20250430,11:46:12,-25.1,
20250430,11:46:12,-25,
20250430,11:46:13,-25.1,
20250430,11:46:13,-25,
20250430,11:46:13,-24.9,
20250430,11:46:13,-24.9,
20250430,11:46:14,-24.8,
20250430,11:46:14,-24.7,
20250430,11:46:14,-24.6,
20250430,11:46:15,-24.6,
20250430,11:46:15,-24.5,
20250430,11:46:15,-24.5,
20250430,11:46:15,-24.6,
20250430,11:46:16,-24.7,
20250430,11:46:16,-24.9,
20250430,11:46:16,-25,
20250430,11:46:16,-25.3,
20250430,11:46:17,-25.4,
20250430,11:46:17,-25.5,
20250430,11:46:17,-25.5,
20250430,11:46:18,-25.6,
20250430,11:46:18,-25.7,
20250430,11:46:18,-25.6,
20250430,11:46:18,-25.7,
20250430,11:46:19,-25.7,
20250430,11:46:19,-25.7,
20250430,11:46:19,-25.7,
20250430,11:46:19,-25.7,
20250430,11:46:20,-25.7,
20250430,11:46:20,-25.8,
20250430,11:46:20,-25.7,
20250430,11:46:21,-25.8,
20250430,11:46:21,-25.8,
20250430,11:46:21,-25.7,
20250430,11:46:21,-25.6,
20250430,11:46:22,-25.9,
20250430,11:46:22,-26,
20250430,11:46:22,-26.2,
20250430,11:46:23,-26.3,
20250430,11:46:23,-26.7,
20250430,11:46:23,-27.2,
20250430,11:46:23,-27.8,
20250430,11:46:24,-28.3,
20250430,11:46:24,-28.7,
20250430,11:46:24,-28.9,
20250430,11:46:25,-29.1,
20250430,11:46:25,-29.3,
20250430,11:46:25,-29.4,
20250430,11:46:25,-29.4,
20250430,11:46:26,-29.3,
20250430,11:46:26,-29.3,
20250430,11:46:26,-29.3,
20250430,11:46:26,-29.3,
20250430,11:46:27,-29.4,
20250430,11:46:27,-29.4,
20250430,11:46:27,-29.6,
20250430,11:46:28,-29.6,
20250430,11:46:28,-29.6,
20250430,11:46:28,-29.7,
20250430,11:46:28,-29.6,
20250430,11:46:29,-29.6,
