静息,正性,中性,负性
14:53:28,14:55:05,14:56:26,15:00:32
,,,
CTP266,88:4A:EA:8B:D1:E6,,
,,,
,,,
,,,
,,,
,,,
,,,
20250516,14:49:20,-56.2,
20250516,14:49:20,-56,
20250516,14:49:21,-55.8,
20250516,14:49:21,-55.8,
20250516,14:49:21,-55.8,
20250516,14:49:22,-56.1,
20250516,14:49:22,-56.4,
20250516,14:49:22,-57.4,
20250516,14:49:22,-59.3,
20250516,14:49:23,-61.2,
20250516,14:49:23,-62.3,
20250516,14:49:23,-63.1,
20250516,14:49:23,-63.1,
20250516,14:49:24,-63.2,
20250516,14:49:24,-63.1,
20250516,14:49:24,-62.7,
20250516,14:49:25,-62.4,
20250516,14:49:25,-62.6,
20250516,14:49:25,-63.2,
20250516,14:49:25,-64.2,
20250516,14:49:26,-64.7,
20250516,14:49:26,-64.3,
20250516,14:49:26,-63.4,
20250516,14:49:27,-62.4,
20250516,14:49:27,-61,
20250516,14:49:27,-59.8,
20250516,14:49:27,-58.6,
20250516,14:49:28,-58.1,
20250516,14:49:28,-57.5,
20250516,14:49:28,-57.4,
20250516,14:49:29,-57.7,
20250516,14:49:29,-57.9,
20250516,14:49:29,-58.2,
20250516,14:49:29,-58.7,
20250516,14:49:30,-58.8,
20250516,14:49:30,-59.1,
20250516,14:49:30,-59.4,
20250516,14:49:30,-59.3,
20250516,14:49:31,-59.5,
20250516,14:49:31,-59.4,
20250516,14:49:31,-59.2,
20250516,14:49:32,-59.3,
20250516,14:49:32,-59.2,
20250516,14:49:32,-59.1,
20250516,14:49:32,-59.2,
20250516,14:49:33,-58.9,
20250516,14:49:33,-58.8,
20250516,14:49:33,-58.8,
20250516,14:49:33,-58.7,
20250516,14:49:34,-58.8,
20250516,14:49:34,-58.7,
20250516,14:49:34,-58.4,
20250516,14:49:35,-58.3,
20250516,14:49:35,-58,
20250516,14:49:35,-57.7,
20250516,14:49:35,-57.4,
20250516,14:49:36,-57.2,
20250516,14:49:36,-57,
20250516,14:49:36,-56.7,
20250516,14:49:37,-56.4,
20250516,14:49:37,-56.2,
20250516,14:49:37,-56.1,
20250516,14:49:37,-55.7,
20250516,14:49:38,-55.5,
20250516,14:49:38,-55.5,
20250516,14:49:38,-55.6,
20250516,14:49:38,-55.8,
20250516,14:49:39,-55.9,
20250516,14:49:39,-55.9,
20250516,14:49:39,-55.9,
20250516,14:49:40,-55.7,
20250516,14:49:40,-55.6,
20250516,14:49:40,-55.4,
20250516,14:49:40,-55.1,
20250516,14:49:41,-54.8,
20250516,14:49:41,-54.7,
20250516,14:49:41,-54.5,
20250516,14:49:42,-54.3,
20250516,14:49:42,-54.1,
20250516,14:49:42,-53.7,
20250516,14:49:42,-53.6,
20250516,14:49:43,-53.4,
20250516,14:49:43,-53,
20250516,14:49:43,-52.8,
20250516,14:49:43,-52.6,
20250516,14:49:44,-52.4,
20250516,14:49:44,-52.3,
20250516,14:49:44,-52.1,
20250516,14:49:45,-52,
20250516,14:49:45,-51.9,
20250516,14:49:45,-51.8,
20250516,14:49:45,-51.6,
20250516,14:49:46,-51.4,
20250516,14:49:46,-51.2,
20250516,14:49:46,-51.1,
20250516,14:49:47,-50.8,
20250516,14:49:47,-50.7,
20250516,14:49:47,-50.5,
20250516,14:49:47,-50.4,
20250516,14:49:48,-50.3,
20250516,14:49:48,-50,
20250516,14:49:48,-49.8,
20250516,14:49:48,-49.7,
20250516,14:49:49,-49.5,
20250516,14:49:49,-49.3,
20250516,14:49:49,-49.1,
20250516,14:49:50,-49.1,
20250516,14:49:50,-48.9,
20250516,14:49:50,-49.1,
20250516,14:49:50,-49.2,
20250516,14:49:51,-49.2,
20250516,14:49:51,-49.3,
20250516,14:49:51,-49.2,
20250516,14:49:51,-49.1,
20250516,14:49:52,-49.2,
20250516,14:49:52,-49.1,
20250516,14:49:52,-49.4,
20250516,14:49:53,-49.4,
20250516,14:49:53,-49.5,
20250516,14:49:53,-49.5,
20250516,14:49:53,-49.6,
20250516,14:49:54,-49.5,
20250516,14:49:54,-49.4,
20250516,14:49:54,-49.4,
20250516,14:49:55,-49.2,
20250516,14:49:55,-49.1,
20250516,14:49:55,-49.2,
20250516,14:49:55,-48.9,
20250516,14:49:56,-48.9,
20250516,14:49:56,-48.8,
20250516,14:49:56,-48.6,
20250516,14:49:56,-48.6,
20250516,14:49:57,-48.4,
20250516,14:49:57,-48.4,
20250516,14:49:57,-48.5,
20250516,14:49:58,-48.4,
20250516,14:49:58,-48.4,
20250516,14:49:58,-48.3,
20250516,14:49:58,-48.3,
20250516,14:49:59,-48.2,
20250516,14:49:59,-48.2,
20250516,14:49:59,-48,
20250516,14:50:00,-48,
20250516,14:50:00,-47.9,
20250516,14:50:00,-47.7,
20250516,14:50:00,-47.7,
20250516,14:50:01,-47.5,
20250516,14:50:01,-47.6,
20250516,14:50:01,-47.5,
20250516,14:50:01,-47.4,
20250516,14:50:02,-47.2,
20250516,14:50:02,-47.2,
20250516,14:50:02,-47.2,
20250516,14:50:03,-47.1,
20250516,14:50:03,-47,
20250516,14:50:03,-46.9,
20250516,14:50:03,-46.9,
20250516,14:50:04,-46.8,
20250516,14:50:04,-46.9,
20250516,14:50:04,-47.1,
20250516,14:50:04,-47.3,
20250516,14:50:05,-47.5,
20250516,14:50:05,-47.7,
20250516,14:50:05,-47.9,
20250516,14:50:06,-47.9,
20250516,14:50:06,-47.8,
20250516,14:50:06,-47.8,
20250516,14:50:06,-47.7,
20250516,14:50:07,-47.7,
20250516,14:50:07,-47.7,
20250516,14:50:07,-47.7,
20250516,14:50:08,-47.7,
20250516,14:50:08,-47.6,
20250516,14:50:08,-47.5,
20250516,14:50:08,-47.5,
20250516,14:50:09,-47.5,
20250516,14:50:09,-47.4,
20250516,14:50:09,-47.4,
20250516,14:50:09,-47.3,
20250516,14:50:10,-47.5,
20250516,14:50:10,-47.7,
20250516,14:50:10,-47.9,
20250516,14:50:11,-48,
20250516,14:50:11,-48.1,
20250516,14:50:11,-48.3,
20250516,14:50:11,-48.3,
20250516,14:50:12,-48.4,
20250516,14:50:12,-48.4,
20250516,14:50:12,-48.4,
20250516,14:50:13,-48.5,
20250516,14:50:13,-48.4,
20250516,14:50:13,-48.5,
20250516,14:50:13,-48.5,
20250516,14:50:14,-48.5,
20250516,14:50:14,-48.7,
20250516,14:50:14,-48.7,
20250516,14:50:14,-48.9,
20250516,14:50:15,-49.1,
20250516,14:50:15,-49.2,
20250516,14:50:15,-49.2,
20250516,14:50:16,-49.2,
20250516,14:50:16,-49.2,
20250516,14:50:16,-49.1,
20250516,14:50:16,-49.1,
20250516,14:50:17,-49.1,
20250516,14:50:17,-49.1,
20250516,14:50:17,-49.3,
20250516,14:50:18,-49.4,
20250516,14:50:18,-49.4,
20250516,14:50:18,-49.4,
20250516,14:50:18,-49.4,
20250516,14:50:19,-49.4,
20250516,14:50:19,-49.4,
20250516,14:50:19,-49.4,
20250516,14:50:19,-49.4,
20250516,14:50:20,-49.3,
20250516,14:50:20,-49.3,
20250516,14:50:20,-49.2,
20250516,14:50:21,-49.1,
20250516,14:50:21,-49,
20250516,14:50:21,-49.1,
20250516,14:50:21,-49.1,
20250516,14:50:22,-49,
20250516,14:50:22,-49.2,
20250516,14:50:22,-49.2,
20250516,14:50:23,-49.1,
20250516,14:50:23,-49.1,
20250516,14:50:23,-49.1,
20250516,14:50:23,-49.1,
20250516,14:50:24,-49.1,
20250516,14:50:24,-49.1,
20250516,14:50:24,-49.1,
20250516,14:50:24,-49.3,
20250516,14:50:25,-49.6,
20250516,14:50:25,-50,
20250516,14:50:25,-50.3,
20250516,14:50:26,-50.6,
20250516,14:50:26,-50.8,
20250516,14:50:26,-51,
20250516,14:50:26,-51,
20250516,14:50:27,-51,
20250516,14:50:27,-50.9,
20250516,14:50:27,-50.8,
20250516,14:50:28,-50.7,
20250516,14:50:28,-50.6,
20250516,14:50:28,-50.4,
20250516,14:50:28,-50.3,
20250516,14:50:29,-50.3,
20250516,14:50:29,-50.3,
20250516,14:50:29,-50.3,
20250516,14:50:29,-50.3,
20250516,14:50:30,-50.4,
20250516,14:50:30,-50.4,
20250516,14:50:30,-50.4,
20250516,14:50:31,-50.4,
20250516,14:50:31,-50.5,
20250516,14:50:31,-50.7,
20250516,14:50:31,-50.8,
20250516,14:50:32,-50.9,
20250516,14:50:32,-50.9,
20250516,14:50:32,-51,
20250516,14:50:32,-50.9,
20250516,14:50:33,-51,
20250516,14:50:33,-51,
20250516,14:50:33,-51.1,
20250516,14:50:34,-51.1,
20250516,14:50:34,-51.1,
20250516,14:50:34,-51.1,
20250516,14:50:34,-51.1,
20250516,14:50:35,-51.1,
20250516,14:50:35,-51.1,
20250516,14:50:35,-51,
20250516,14:50:36,-51.1,
20250516,14:50:36,-51.5,
20250516,14:50:36,-51.6,
20250516,14:50:36,-51.9,
20250516,14:50:37,-52.3,
20250516,14:50:37,-52.6,
20250516,14:50:37,-52.6,
20250516,14:50:37,-52.8,
20250516,14:50:38,-52.7,
20250516,14:50:38,-52.6,
20250516,14:50:38,-52.5,
20250516,14:50:39,-52.4,
20250516,14:50:39,-52.3,
20250516,14:50:39,-52.4,
20250516,14:50:39,-52.9,
20250516,14:50:40,-53.2,
20250516,14:50:40,-53.5,
20250516,14:50:40,-53.9,
20250516,14:50:41,-54.3,
20250516,14:50:41,-55,
20250516,14:50:41,-55.3,
20250516,14:50:41,-55.4,
20250516,14:50:42,-55.4,
20250516,14:50:42,-55.4,
20250516,14:50:42,-55.3,
20250516,14:50:42,-55,
20250516,14:50:43,-54.7,
20250516,14:50:43,-54.6,
20250516,14:50:43,-54.5,
20250516,14:50:44,-54.5,
20250516,14:50:44,-54.3,
20250516,14:50:44,-54.1,
20250516,14:50:44,-54.4,
20250516,14:50:45,-54.2,
20250516,14:50:45,-54.1,
20250516,14:50:45,-54.2,
20250516,14:50:45,-54.3,
20250516,14:50:46,-54.5,
20250516,14:50:46,-54.2,
20250516,14:50:46,-54,
20250516,14:50:47,-54.2,
20250516,14:50:47,-54,
20250516,14:50:47,-53.8,
20250516,14:50:47,-53.7,
20250516,14:50:48,-53.6,
20250516,14:50:48,-53.4,
20250516,14:50:48,-53.3,
20250516,14:50:49,-52.9,
20250516,14:50:49,-52.9,
20250516,14:50:49,-52.8,
20250516,14:50:49,-52.5,
20250516,14:50:50,-52.4,
20250516,14:50:50,-52.4,
20250516,14:50:50,-52.5,
20250516,14:50:50,-52.5,
20250516,14:50:51,-52.8,
20250516,14:50:51,-52.8,
20250516,14:50:51,-53,
20250516,14:50:52,-53.6,
20250516,14:50:52,-54.4,
20250516,14:50:52,-54.9,
20250516,14:50:52,-55.4,
20250516,14:50:53,-55.6,
20250516,14:50:53,-56,
20250516,14:50:53,-55.7,
20250516,14:50:54,-55.8,
20250516,14:50:54,-55.4,
20250516,14:50:54,-55.1,
20250516,14:50:54,-54.9,
20250516,14:50:55,-54.6,
20250516,14:50:55,-54.4,
20250516,14:50:55,-54.5,
20250516,14:50:55,-54.3,
20250516,14:50:56,-54,
20250516,14:50:56,-54,
20250516,14:50:56,-53.8,
20250516,14:50:57,-53.6,
20250516,14:50:57,-53.7,
20250516,14:50:57,-53.6,
20250516,14:50:57,-54.1,
20250516,14:50:58,-55,
20250516,14:50:58,-56,
20250516,14:50:58,-57,
20250516,14:50:59,-57.6,
20250516,14:50:59,-57.9,
20250516,14:50:59,-57.9,
20250516,14:50:59,-57.9,
20250516,14:51:00,-57.8,
20250516,14:51:00,-57.4,
20250516,14:51:00,-57.3,
20250516,14:51:00,-57.4,
20250516,14:51:01,-57.3,
20250516,14:51:01,-57,
20250516,14:51:01,-56.7,
20250516,14:51:02,-56.9,
20250516,14:51:02,-57.4,
20250516,14:51:02,-57.8,
20250516,14:51:02,-58.4,
20250516,14:51:03,-58.9,
20250516,14:51:03,-59.1,
20250516,14:51:03,-59.3,
20250516,14:51:03,-59.4,
20250516,14:51:04,-59.4,
20250516,14:51:04,-59.5,
20250516,14:51:04,-59.4,
20250516,14:51:05,-59.1,
20250516,14:51:05,-58.9,
20250516,14:51:05,-58.8,
20250516,14:51:05,-58.5,
20250516,14:51:06,-58.4,
20250516,14:51:06,-58.2,
20250516,14:51:06,-58.3,
20250516,14:51:07,-58.4,
20250516,14:51:07,-58.6,
20250516,14:51:07,-58.8,
20250516,14:51:07,-58.8,
20250516,14:51:08,-58.8,
20250516,14:51:08,-58.8,
20250516,14:51:08,-58.7,
20250516,14:51:09,-58.4,
20250516,14:51:09,-58.4,
20250516,14:51:09,-58.1,
20250516,14:51:09,-58.1,
20250516,14:51:10,-58.8,
20250516,14:51:10,-59.6,
20250516,14:51:10,-60.6,
20250516,14:51:10,-61.6,
20250516,14:51:11,-62.4,
20250516,14:51:11,-62.6,
20250516,14:51:11,-62.9,
20250516,14:51:12,-63,
20250516,14:51:12,-63.1,
20250516,14:51:12,-63.2,
20250516,14:51:12,-63.5,
20250516,14:51:13,-63.6,
20250516,14:51:13,-64,
20250516,14:51:13,-64.1,
20250516,14:51:13,-63.9,
20250516,14:51:14,-64.4,
20250516,14:51:14,-65.2,
20250516,14:51:14,-65.7,
20250516,14:51:15,-65.9,
20250516,14:51:15,-66.1,
20250516,14:51:15,-66,
20250516,14:51:15,-66,
20250516,14:51:16,-66.1,
20250516,14:51:16,-66.2,
20250516,14:51:16,-66.3,
20250516,14:51:17,-66.8,
20250516,14:51:17,-67.5,
20250516,14:51:17,-68.6,
20250516,14:51:17,-69,
20250516,14:51:18,-68.9,
20250516,14:51:18,-68.3,
20250516,14:51:18,-67.8,
20250516,14:51:18,-67.3,
20250516,14:51:19,-66.9,
20250516,14:51:19,-66.7,
20250516,14:51:19,-66.9,
20250516,14:51:20,-67.2,
20250516,14:51:20,-67.4,
20250516,14:51:20,-67.9,
20250516,14:51:20,-68.4,
20250516,14:51:21,-68.8,
20250516,14:51:21,-69.3,
20250516,14:51:21,-69.8,
20250516,14:51:22,-70.2,
20250516,14:51:22,-70.5,
20250516,14:51:22,-70.7,
20250516,14:51:22,-70.8,
20250516,14:51:23,-70.8,
20250516,14:51:23,-70.9,
20250516,14:51:23,-70.9,
20250516,14:51:23,-70.9,
20250516,14:51:24,-70.8,
20250516,14:51:24,-70.9,
20250516,14:51:24,-70.9,
20250516,14:51:25,-70.9,
20250516,14:51:25,-70.9,
20250516,14:51:25,-70.8,
20250516,14:51:25,-70.6,
20250516,14:51:26,-70.6,
20250516,14:51:26,-70.4,
20250516,14:51:26,-70.2,
20250516,14:51:26,-70.1,
20250516,14:51:27,-69.9,
20250516,14:51:27,-69.8,
20250516,14:51:27,-69.5,
20250516,14:51:28,-69.3,
20250516,14:51:28,-69.1,
20250516,14:51:28,-68.9,
20250516,14:51:28,-68.6,
20250516,14:51:29,-68.4,
20250516,14:51:29,-68.2,
20250516,14:51:29,-68,
20250516,14:51:30,-67.8,
20250516,14:51:30,-67.9,
20250516,14:51:30,-67.7,
20250516,14:51:30,-67.6,
20250516,14:51:31,-67.6,
20250516,14:51:31,-67.3,
20250516,14:51:31,-67.2,
20250516,14:51:31,-67,
20250516,14:51:32,-66.7,
20250516,14:51:32,-66.4,
20250516,14:51:32,-66.2,
20250516,14:51:33,-65.9,
20250516,14:51:33,-65.6,
20250516,14:51:33,-65.5,
20250516,14:51:34,-65.1,
20250516,14:51:34,-64.9,
20250516,14:51:34,-64.8,
20250516,14:51:34,-64.6,
20250516,14:51:35,-64.4,
20250516,14:51:35,-64.1,
20250516,14:51:35,-63.9,
20250516,14:51:35,-63.7,
20250516,14:51:36,-63.4,
20250516,14:51:36,-63.2,
20250516,14:51:36,-63.1,
20250516,14:51:36,-62.9,
20250516,14:51:37,-62.6,
20250516,14:51:37,-62.3,
20250516,14:51:37,-62.2,
20250516,14:51:38,-61.9,
20250516,14:51:38,-61.8,
20250516,14:51:38,-61.6,
20250516,14:51:38,-61.5,
20250516,14:51:39,-61.5,
20250516,14:51:39,-61.6,
20250516,14:51:39,-61.6,
20250516,14:51:40,-61.7,
20250516,14:51:40,-61.5,
20250516,14:51:40,-61.5,
20250516,14:51:40,-61.4,
20250516,14:51:41,-61.2,
20250516,14:51:41,-61.2,
20250516,14:51:41,-61.1,
20250516,14:51:41,-60.8,
20250516,14:51:42,-60.6,
20250516,14:51:42,-60.5,
20250516,14:51:42,-60.4,
20250516,14:51:43,-60.2,
20250516,14:51:43,-60.1,
20250516,14:51:43,-59.8,
20250516,14:51:43,-59.6,
20250516,14:51:44,-59.5,
20250516,14:51:44,-59.3,
20250516,14:51:44,-59.1,
20250516,14:51:44,-59,
20250516,14:51:45,-58.8,
20250516,14:51:45,-58.6,
20250516,14:51:45,-58.4,
20250516,14:51:46,-58.2,
20250516,14:51:46,-58.1,
20250516,14:51:46,-58,
20250516,14:51:46,-57.9,
20250516,14:51:47,-57.8,
20250516,14:51:47,-57.6,
20250516,14:51:47,-57.4,
20250516,14:51:48,-57.2,
20250516,14:51:48,-57.1,
20250516,14:51:48,-56.9,
20250516,14:51:48,-56.8,
20250516,14:51:49,-56.5,
20250516,14:51:49,-56.3,
20250516,14:51:49,-56.2,
20250516,14:51:50,-56.1,
20250516,14:51:50,-55.8,
20250516,14:51:50,-55.7,
20250516,14:51:50,-55.6,
20250516,14:51:51,-55.6,
20250516,14:51:51,-55.9,
20250516,14:51:51,-56.1,
20250516,14:51:51,-56.5,
20250516,14:51:52,-56.6,
20250516,14:51:52,-56.7,
20250516,14:51:52,-56.8,
20250516,14:51:53,-56.8,
20250516,14:51:53,-56.6,
20250516,14:51:53,-56.5,
20250516,14:51:53,-56.2,
20250516,14:51:54,-56.2,
20250516,14:51:54,-56.2,
20250516,14:51:54,-56.6,
20250516,14:51:54,-57.1,
20250516,14:51:55,-57.5,
20250516,14:51:55,-57.9,
20250516,14:51:55,-58,
20250516,14:51:56,-58.3,
20250516,14:51:56,-58.8,
20250516,14:51:56,-59.2,
20250516,14:51:56,-59.6,
20250516,14:51:57,-59.8,
20250516,14:51:57,-60,
20250516,14:51:57,-60,
20250516,14:51:57,-59.9,
20250516,14:51:58,-59.8,
20250516,14:51:58,-59.6,
20250516,14:51:58,-59.4,
20250516,14:51:59,-59,
20250516,14:51:59,-58.8,
20250516,14:51:59,-58.4,
20250516,14:51:59,-58.2,
20250516,14:52:00,-58,
20250516,14:52:00,-57.9,
20250516,14:52:00,-57.8,
20250516,14:52:01,-57.6,
20250516,14:52:01,-57.6,
20250516,14:52:01,-57.5,
20250516,14:52:01,-57.3,
20250516,14:52:02,-57.2,
20250516,14:52:02,-57.1,
20250516,14:52:02,-56.9,
20250516,14:52:03,-56.8,
20250516,14:52:03,-56.6,
20250516,14:52:03,-56.3,
20250516,14:52:03,-56.2,
20250516,14:52:04,-56,
20250516,14:52:04,-55.8,
20250516,14:52:04,-55.6,
20250516,14:52:04,-55.5,
20250516,14:52:05,-55.4,
20250516,14:52:05,-55.2,
20250516,14:52:05,-55.1,
20250516,14:52:06,-55,
20250516,14:52:06,-54.7,
20250516,14:52:06,-54.6,
20250516,14:52:06,-54.5,
20250516,14:52:07,-54.4,
20250516,14:52:07,-54.3,
20250516,14:52:07,-54.1,
20250516,14:52:07,-53.9,
20250516,14:52:08,-53.8,
20250516,14:52:08,-53.6,
20250516,14:52:08,-53.7,
20250516,14:52:09,-53.6,
20250516,14:52:09,-53.7,
20250516,14:52:09,-53.6,
20250516,14:52:09,-53.6,
20250516,14:52:10,-53.5,
20250516,14:52:10,-53.3,
20250516,14:52:10,-53.1,
20250516,14:52:11,-53.2,
20250516,14:52:11,-53,
20250516,14:52:11,-52.9,
20250516,14:52:11,-52.8,
20250516,14:52:12,-52.7,
20250516,14:52:12,-52.3,
20250516,14:52:12,-52.2,
20250516,14:52:12,-52.2,
20250516,14:52:13,-51.9,
20250516,14:52:13,-51.9,
20250516,14:52:13,-51.7,
20250516,14:52:14,-51.5,
20250516,14:52:14,-51.4,
20250516,14:52:14,-51.3,
20250516,14:52:14,-51.1,
20250516,14:52:15,-51.1,
20250516,14:52:15,-50.9,
20250516,14:52:15,-50.9,
20250516,14:52:16,-50.6,
20250516,14:52:16,-50.5,
20250516,14:52:16,-50.5,
20250516,14:52:16,-50.3,
20250516,14:52:17,-50.3,
20250516,14:52:17,-50.3,
20250516,14:52:17,-50.1,
20250516,14:52:17,-50.1,
20250516,14:52:18,-49.7,
20250516,14:52:18,-49.9,
20250516,14:52:18,-49.7,
20250516,14:52:19,-49.6,
20250516,14:52:19,-49.6,
20250516,14:52:19,-49.5,
20250516,14:52:19,-49.4,
20250516,14:52:20,-49.4,
20250516,14:52:20,-49.3,
20250516,14:52:20,-49.1,
20250516,14:52:21,-49,
20250516,14:52:21,-48.8,
20250516,14:52:21,-48.6,
20250516,14:52:21,-48.5,
20250516,14:52:22,-48.5,
20250516,14:52:22,-48.3,
20250516,14:52:22,-48.3,
20250516,14:52:22,-48,
20250516,14:52:23,-48,
20250516,14:52:23,-48.1,
20250516,14:52:23,-47.9,
20250516,14:52:24,-47.8,
20250516,14:52:24,-47.8,
20250516,14:52:24,-47.8,
20250516,14:52:24,-47.7,
20250516,14:52:25,-47.7,
20250516,14:52:25,-47.7,
20250516,14:52:25,-47.7,
20250516,14:52:25,-47.8,
20250516,14:52:26,-47.8,
20250516,14:52:26,-48,
20250516,14:52:26,-47.9,
20250516,14:52:27,-48,
20250516,14:52:27,-48,
20250516,14:52:27,-48,
20250516,14:52:27,-47.9,
20250516,14:52:28,-47.9,
20250516,14:52:28,-47.9,
20250516,14:52:28,-48.1,
20250516,14:52:29,-48.4,
20250516,14:52:29,-48.8,
20250516,14:52:29,-49.3,
20250516,14:52:29,-49.8,
20250516,14:52:30,-50.1,
20250516,14:52:30,-50.3,
20250516,14:52:30,-50.3,
20250516,14:52:31,-50.2,
20250516,14:52:31,-50,
20250516,14:52:31,-49.9,
20250516,14:52:31,-49.7,
20250516,14:52:32,-49.6,
20250516,14:52:32,-49.5,
20250516,14:52:32,-49.4,
20250516,14:52:32,-49.3,
20250516,14:52:33,-49,
20250516,14:52:33,-48.9,
20250516,14:52:33,-48.8,
20250516,14:52:34,-48.6,
20250516,14:52:34,-48.5,
20250516,14:52:34,-48.4,
20250516,14:52:34,-48.3,
20250516,14:52:35,-48.1,
20250516,14:52:35,-48.1,
20250516,14:52:35,-47.7,
20250516,14:52:35,-47.7,
20250516,14:52:36,-47.5,
20250516,14:52:36,-47.6,
20250516,14:52:36,-47.5,
20250516,14:52:37,-47.2,
20250516,14:52:37,-47.3,
20250516,14:52:37,-47.2,
20250516,14:52:37,-47.2,
20250516,14:52:38,-47.1,
20250516,14:52:38,-47,
20250516,14:52:38,-47,
20250516,14:52:38,-47,
20250516,14:52:39,-47,
20250516,14:52:39,-46.9,
20250516,14:52:39,-46.8,
20250516,14:52:40,-46.9,
20250516,14:52:40,-46.8,
20250516,14:52:40,-46.7,
20250516,14:52:40,-46.7,
20250516,14:52:41,-46.6,
20250516,14:52:41,-46.6,
20250516,14:52:41,-46.5,
20250516,14:52:42,-46.4,
20250516,14:52:42,-46.3,
20250516,14:52:42,-46.2,
20250516,14:52:42,-46.2,
20250516,14:52:43,-46.4,
20250516,14:52:43,-46.8,
20250516,14:52:43,-47.5,
20250516,14:52:44,-48.2,
20250516,14:52:44,-48.9,
20250516,14:52:44,-49.7,
20250516,14:52:44,-51.2,
20250516,14:52:45,-52.8,
20250516,14:52:45,-54,
20250516,14:52:45,-54.9,
20250516,14:52:45,-56.1,
20250516,14:52:46,-57.1,
20250516,14:52:46,-57.9,
20250516,14:52:46,-58.5,
20250516,14:52:47,-58.9,
20250516,14:52:47,-59.2,
20250516,14:52:47,-59.6,
20250516,14:52:47,-59.7,
20250516,14:52:48,-59.9,
20250516,14:52:48,-60.3,
20250516,14:52:48,-60.5,
20250516,14:52:48,-61.2,
20250516,14:52:49,-62,
20250516,14:52:49,-63.5,
20250516,14:52:49,-64.9,
20250516,14:52:50,-66,
20250516,14:52:50,-67.2,
20250516,14:52:50,-67.9,
20250516,14:52:50,-68.3,
20250516,14:52:51,-68.9,
20250516,14:52:51,-69.1,
20250516,14:52:51,-69.6,
20250516,14:52:52,-70,
20250516,14:52:52,-70.4,
20250516,14:52:52,-70.9,
20250516,14:52:52,-71.5,
20250516,14:52:53,-71.6,
20250516,14:52:53,-71.9,
20250516,14:52:53,-71.8,
20250516,14:52:53,-71.9,
20250516,14:52:54,-72,
20250516,14:52:54,-72.1,
20250516,14:52:54,-72.3,
20250516,14:52:55,-72.6,
20250516,14:52:55,-73.1,
20250516,14:52:55,-73.3,
20250516,14:52:55,-73.3,
20250516,14:52:56,-73.5,
20250516,14:52:56,-73.6,
20250516,14:52:56,-73.7,
20250516,14:52:57,-73.7,
20250516,14:52:57,-74,
20250516,14:52:57,-74.2,
20250516,14:52:57,-74.6,
20250516,14:52:58,-74.8,
20250516,14:52:58,-74.9,
20250516,14:52:58,-74.8,
20250516,14:52:58,-74.8,
20250516,14:52:59,-74.7,
20250516,14:52:59,-74.6,
20250516,14:52:59,-74.5,
20250516,14:53:00,-74.5,
20250516,14:53:00,-74.3,
20250516,14:53:00,-74.2,
20250516,14:53:00,-74.1,
20250516,14:53:01,-74.2,
20250516,14:53:01,-73.9,
20250516,14:53:01,-73.8,
20250516,14:53:02,-73.4,
20250516,14:53:02,-73.1,
20250516,14:53:02,-72.9,
20250516,14:53:02,-73,
20250516,14:53:03,-73.5,
20250516,14:53:03,-74.3,
20250516,14:53:03,-74.6,
20250516,14:53:03,-74.2,
20250516,14:53:04,-73.6,
20250516,14:53:04,-72.8,
20250516,14:53:04,-72,
20250516,14:53:05,-71.6,
20250516,14:53:05,-71,
20250516,14:53:05,-70.6,
20250516,14:53:05,-70.2,
20250516,14:53:06,-69.9,
20250516,14:53:06,-70,
20250516,14:53:06,-70.3,
20250516,14:53:06,-70.4,
20250516,14:53:07,-70.9,
20250516,14:53:07,-71.6,
20250516,14:53:07,-72.5,
20250516,14:53:08,-73.4,
20250516,14:53:08,-74.6,
20250516,14:53:08,-75.6,
20250516,14:53:08,-76.6,
20250516,14:53:09,-77.5,
20250516,14:53:09,-78.3,
20250516,14:53:09,-78.8,
20250516,14:53:10,-79.3,
20250516,14:53:10,-79.5,
20250516,14:53:10,-79.8,
20250516,14:53:10,-79.9,
20250516,14:53:11,-80.1,
20250516,14:53:11,-80.2,
20250516,14:53:11,-80.3,
20250516,14:53:11,-80.4,
20250516,14:53:12,-80.6,
20250516,14:53:12,-80.6,
20250516,14:53:12,-80.6,
20250516,14:53:13,-80.7,
20250516,14:53:13,-80.6,
20250516,14:53:13,-80.6,
20250516,14:53:13,-80.5,
20250516,14:53:14,-80.6,
20250516,14:53:14,-80.6,
20250516,14:53:14,-80.8,
20250516,14:53:15,-81,
20250516,14:53:15,-80.5,
20250516,14:53:15,-78.6,
20250516,14:53:15,-75.7,
20250516,14:53:16,-72.6,
20250516,14:53:16,-70.2,
20250516,14:53:16,-68.6,
20250516,14:53:16,-67.9,
20250516,14:53:17,-67.5,
20250516,14:53:17,-66.7,
20250516,14:53:17,-65.6,
20250516,14:53:18,-64.7,
20250516,14:53:18,-64.1,
20250516,14:53:18,-63.8,
20250516,14:53:18,-63.9,
20250516,14:53:19,-64.4,
20250516,14:53:19,-65.2,
20250516,14:53:19,-66,
20250516,14:53:19,-67.1,
20250516,14:53:20,-68.3,
20250516,14:53:20,-69.1,
20250516,14:53:20,-69.4,
20250516,14:53:21,-69,
20250516,14:53:21,-68.5,
20250516,14:53:21,-68.2,
20250516,14:53:21,-68.2,
20250516,14:53:22,-68.3,
20250516,14:53:22,-69,
20250516,14:53:22,-69.9,
20250516,14:53:23,-70.9,
20250516,14:53:23,-72.2,
20250516,14:53:23,-73.3,
20250516,14:53:23,-74.4,
20250516,14:53:24,-75.6,
20250516,14:53:24,-76.2,
20250516,14:53:24,-77,
20250516,14:53:24,-77.8,
20250516,14:53:25,-78.4,
20250516,14:53:25,-79,
20250516,14:53:25,-79.3,
20250516,14:53:26,-79.7,
20250516,14:53:26,-80.1,
20250516,14:53:26,-80.3,
20250516,14:53:26,-80.1,
20250516,14:53:27,-78.8,
20250516,14:53:27,-76.6,
20250516,14:53:27,-74.2,
20250516,14:53:28,-72.2,
20250516,14:53:28,-70.9,
20250516,14:53:28,-70.2,
20250516,14:53:28,-68.9,
20250516,14:53:29,-66.5,
20250516,14:53:29,-63.8,
20250516,14:53:29,-61.5,
20250516,14:53:29,-59.6,
20250516,14:53:30,-58.6,
20250516,14:53:30,-57.8,
20250516,14:53:30,-57,
20250516,14:53:31,-56.5,
20250516,14:53:31,-56.2,
20250516,14:53:31,-56.2,
20250516,14:53:31,-56.3,
20250516,14:53:32,-56.6,
20250516,14:53:32,-56.9,
20250516,14:53:32,-57.1,
20250516,14:53:33,-57.1,
20250516,14:53:33,-57.2,
20250516,14:53:33,-57.4,
20250516,14:53:33,-57.5,
20250516,14:53:34,-57.9,
20250516,14:53:34,-58.3,
20250516,14:53:34,-58.8,
20250516,14:53:34,-59.1,
20250516,14:53:35,-59.6,
20250516,14:53:35,-59.8,
20250516,14:53:35,-58.8,
20250516,14:53:36,-56.8,
20250516,14:53:36,-54.8,
20250516,14:53:36,-53.1,
20250516,14:53:36,-52,
20250516,14:53:37,-51.2,
20250516,14:53:37,-51,
20250516,14:53:37,-51.2,
20250516,14:53:38,-51.8,
20250516,14:53:38,-52.7,
20250516,14:53:38,-53.5,
20250516,14:53:38,-54.3,
20250516,14:53:39,-54.7,
20250516,14:53:39,-54.8,
20250516,14:53:39,-54.6,
20250516,14:53:39,-54.3,
20250516,14:53:40,-53.6,
20250516,14:53:40,-53.3,
20250516,14:53:40,-53.1,
20250516,14:53:41,-53.1,
20250516,14:53:41,-53.3,
20250516,14:53:41,-53.4,
20250516,14:53:41,-53.8,
20250516,14:53:42,-54.5,
20250516,14:53:42,-55.1,
20250516,14:53:42,-55.4,
20250516,14:53:43,-56.1,
20250516,14:53:43,-56.8,
20250516,14:53:43,-57.1,
20250516,14:53:43,-57.7,
20250516,14:53:44,-57.9,
20250516,14:53:44,-58,
20250516,14:53:44,-58.3,
20250516,14:53:44,-58.2,
20250516,14:53:45,-58.4,
20250516,14:53:45,-58.7,
20250516,14:53:45,-58.9,
20250516,14:53:46,-58.9,
20250516,14:53:46,-59.2,
20250516,14:53:46,-59.4,
20250516,14:53:46,-59.7,
20250516,14:53:47,-60,
20250516,14:53:47,-60.1,
20250516,14:53:47,-60.4,
20250516,14:53:47,-60.5,
20250516,14:53:48,-60.7,
20250516,14:53:48,-60.9,
20250516,14:53:48,-61.1,
20250516,14:53:49,-61.4,
20250516,14:53:49,-61.4,
20250516,14:53:49,-61.7,
20250516,14:53:49,-61.8,
20250516,14:53:50,-62,
20250516,14:53:50,-62.1,
20250516,14:53:50,-62.3,
20250516,14:53:51,-62.4,
20250516,14:53:51,-62.5,
20250516,14:53:51,-62.6,
20250516,14:53:51,-62.6,
20250516,14:53:52,-62.6,
20250516,14:53:52,-62.3,
20250516,14:53:52,-62.2,
20250516,14:53:52,-62.3,
20250516,14:53:53,-62.3,
20250516,14:53:53,-62.5,
20250516,14:53:53,-62.7,
20250516,14:53:54,-63,
20250516,14:53:54,-63.1,
20250516,14:53:54,-63.1,
20250516,14:53:54,-63.3,
20250516,14:53:55,-63.5,
20250516,14:53:55,-63.6,
20250516,14:53:55,-63.7,
20250516,14:53:56,-63.8,
20250516,14:53:56,-63.7,
20250516,14:53:56,-63.8,
20250516,14:53:56,-63.8,
20250516,14:53:57,-63.9,
20250516,14:53:57,-63.9,
20250516,14:53:57,-63.9,
20250516,14:53:57,-64,
20250516,14:53:58,-64.1,
20250516,14:53:58,-64.6,
20250516,14:53:58,-65.6,
20250516,14:53:59,-66.6,
20250516,14:53:59,-66.2,
20250516,14:53:59,-65.2,
20250516,14:53:59,-63.8,
20250516,14:54:00,-62.8,
20250516,14:54:00,-62.4,
20250516,14:54:00,-62.2,
20250516,14:54:00,-62.7,
20250516,14:54:01,-63.2,
20250516,14:54:01,-64,
20250516,14:54:01,-64.8,
20250516,14:54:02,-65.4,
20250516,14:54:02,-66.2,
20250516,14:54:02,-66.8,
20250516,14:54:02,-67.3,
20250516,14:54:03,-67.7,
20250516,14:54:03,-68.1,
20250516,14:54:03,-68.3,
20250516,14:54:04,-68.7,
20250516,14:54:04,-68.9,
20250516,14:54:04,-69,
20250516,14:54:04,-69.3,
20250516,14:54:05,-69.3,
20250516,14:54:05,-69.4,
20250516,14:54:05,-69.5,
20250516,14:54:05,-69.6,
20250516,14:54:06,-69.5,
20250516,14:54:06,-69.7,
20250516,14:54:06,-69.7,
20250516,14:54:07,-69.7,
20250516,14:54:07,-69.6,
20250516,14:54:07,-69.6,
20250516,14:54:07,-69.6,
20250516,14:54:08,-69.5,
20250516,14:54:08,-69.4,
20250516,14:54:08,-69.5,
20250516,14:54:09,-69.3,
20250516,14:54:09,-69.3,
20250516,14:54:09,-69.3,
20250516,14:54:09,-69.1,
20250516,14:54:10,-68.9,
20250516,14:54:10,-68.8,
20250516,14:54:10,-68.8,
20250516,14:54:10,-68.6,
20250516,14:54:11,-68.4,
20250516,14:54:11,-68.3,
20250516,14:54:11,-68.4,
20250516,14:54:12,-68.8,
20250516,14:54:12,-69.1,
20250516,14:54:12,-69.2,
20250516,14:54:12,-69.3,
20250516,14:54:13,-69.3,
20250516,14:54:13,-69.2,
20250516,14:54:13,-69,
20250516,14:54:14,-69,
20250516,14:54:14,-68.7,
20250516,14:54:14,-68.5,
20250516,14:54:14,-68.3,
20250516,14:54:15,-68.2,
20250516,14:54:15,-68,
20250516,14:54:15,-67.9,
20250516,14:54:15,-68,
20250516,14:54:16,-68.2,
20250516,14:54:16,-68.1,
20250516,14:54:16,-68.2,
20250516,14:54:17,-68.2,
20250516,14:54:17,-68.3,
20250516,14:54:17,-68.4,
20250516,14:54:17,-68.4,
20250516,14:54:18,-68.4,
20250516,14:54:18,-68.2,
20250516,14:54:18,-68.2,
20250516,14:54:18,-68,
20250516,14:54:19,-67.9,
20250516,14:54:19,-67.6,
20250516,14:54:19,-67.5,
20250516,14:54:20,-67.5,
20250516,14:54:20,-68.1,
20250516,14:54:20,-69.5,
20250516,14:54:20,-71.6,
20250516,14:54:21,-72.7,
20250516,14:54:21,-72.6,
20250516,14:54:21,-72.1,
20250516,14:54:22,-71.1,
20250516,14:54:22,-69.9,
20250516,14:54:22,-69,
20250516,14:54:22,-68.1,
20250516,14:54:23,-67.2,
20250516,14:54:23,-66.2,
20250516,14:54:23,-65.3,
20250516,14:54:24,-64.7,
20250516,14:54:24,-64.5,
20250516,14:54:24,-64.7,
20250516,14:54:24,-65.2,
20250516,14:54:25,-65.8,
20250516,14:54:25,-66,
20250516,14:54:25,-65.5,
20250516,14:54:25,-64.5,
20250516,14:54:26,-63.7,
20250516,14:54:26,-63.1,
20250516,14:54:26,-62.7,
20250516,14:54:27,-62.7,
20250516,14:54:27,-63,
20250516,14:54:27,-63.3,
20250516,14:54:27,-64,
20250516,14:54:28,-64.6,
20250516,14:54:28,-65.2,
20250516,14:54:28,-65.7,
20250516,14:54:28,-66.3,
20250516,14:54:29,-66.7,
20250516,14:54:29,-67.1,
20250516,14:54:29,-67.5,
20250516,14:54:30,-67.6,
20250516,14:54:30,-67.8,
20250516,14:54:30,-67.9,
20250516,14:54:30,-68,
20250516,14:54:31,-68,
20250516,14:54:31,-68,
20250516,14:54:31,-67.9,
20250516,14:54:32,-67.8,
20250516,14:54:32,-67.6,
20250516,14:54:32,-67.3,
20250516,14:54:32,-67.3,
20250516,14:54:33,-67.1,
20250516,14:54:33,-67.1,
20250516,14:54:33,-67,
20250516,14:54:33,-67,
20250516,14:54:34,-67.3,
20250516,14:54:34,-67.7,
20250516,14:54:34,-67.7,
20250516,14:54:35,-66.5,
20250516,14:54:35,-64.8,
20250516,14:54:35,-62.9,
20250516,14:54:35,-61.2,
20250516,14:54:36,-59.8,
20250516,14:54:36,-58.5,
20250516,14:54:36,-57,
20250516,14:54:37,-56.5,
20250516,14:54:37,-56.6,
20250516,14:54:37,-57.3,
20250516,14:54:37,-58,
20250516,14:54:38,-57.9,
20250516,14:54:38,-54.6,
20250516,14:54:38,-51,
20250516,14:54:38,-48.1,
20250516,14:54:39,-46,
20250516,14:54:39,-44.3,
20250516,14:54:39,-43.4,
20250516,14:54:40,-43,
20250516,14:54:40,-43.3,
20250516,14:54:40,-43.9,
20250516,14:54:40,-44.9,
20250516,14:54:41,-46,
20250516,14:54:41,-47.5,
20250516,14:54:41,-48.7,
20250516,14:54:41,-50.1,
20250516,14:54:42,-51.1,
20250516,14:54:42,-52.2,
20250516,14:54:42,-53.1,
20250516,14:54:43,-53.6,
20250516,14:54:43,-53.6,
20250516,14:54:43,-53.3,
20250516,14:54:43,-53.1,
20250516,14:54:44,-53.1,
20250516,14:54:44,-53.2,
20250516,14:54:44,-53.4,
20250516,14:54:45,-53.7,
20250516,14:54:45,-54,
20250516,14:54:45,-54.3,
20250516,14:54:45,-54.5,
20250516,14:54:46,-54.8,
20250516,14:54:46,-54.9,
20250516,14:54:46,-55.2,
20250516,14:54:46,-55.4,
20250516,14:54:47,-55.5,
20250516,14:54:47,-55.6,
20250516,14:54:47,-55.8,
20250516,14:54:48,-55.8,
20250516,14:54:48,-55.8,
20250516,14:54:48,-55.9,
20250516,14:54:48,-56.1,
20250516,14:54:49,-56.2,
20250516,14:54:49,-56.3,
20250516,14:54:49,-56.2,
20250516,14:54:50,-56.4,
20250516,14:54:50,-55.6,
20250516,14:54:50,-54.9,
20250516,14:54:50,-54.4,
20250516,14:54:51,-54,
20250516,14:54:51,-53.7,
20250516,14:54:51,-53.4,
20250516,14:54:51,-52.8,
20250516,14:54:52,-52.1,
20250516,14:54:52,-51.8,
20250516,14:54:52,-51.6,
20250516,14:54:53,-51.6,
20250516,14:54:53,-51.5,
20250516,14:54:53,-51.6,
20250516,14:54:53,-51.9,
20250516,14:54:54,-52.4,
20250516,14:54:54,-52.9,
20250516,14:54:54,-52.7,
20250516,14:54:55,-52.2,
20250516,14:54:55,-51.5,
20250516,14:54:55,-50.9,
20250516,14:54:55,-50.3,
20250516,14:54:56,-50,
20250516,14:54:56,-49.7,
20250516,14:54:56,-49.6,
20250516,14:54:56,-49.7,
20250516,14:54:57,-49.7,
20250516,14:54:57,-49.9,
20250516,14:54:57,-50.1,
20250516,14:54:58,-50.2,
20250516,14:54:58,-50.3,
20250516,14:54:58,-50.4,
20250516,14:54:58,-50.3,
20250516,14:54:59,-50.4,
20250516,14:54:59,-50.6,
20250516,14:54:59,-50.8,
20250516,14:54:59,-50.9,
20250516,14:55:00,-50.8,
20250516,14:55:00,-51,
20250516,14:55:00,-50.9,
20250516,14:55:01,-51,
20250516,14:55:01,-50.8,
20250516,14:55:01,-50.9,
20250516,14:55:01,-51,
20250516,14:55:02,-50.9,
20250516,14:55:02,-51,
20250516,14:55:02,-50.8,
20250516,14:55:03,-50.9,
20250516,14:55:03,-50.9,
20250516,14:55:03,-50.7,
20250516,14:55:03,-50.6,
20250516,14:55:04,-50.6,
20250516,14:55:04,-50.4,
20250516,14:55:04,-50.3,
20250516,14:55:05,-50.3,
20250516,14:55:05,-50.3,
20250516,14:55:05,-50.2,
20250516,14:55:05,-50.1,
20250516,14:55:06,-49.9,
20250516,14:55:06,-49.8,
20250516,14:55:06,-49.6,
20250516,14:55:06,-49.6,
20250516,14:55:07,-49.4,
20250516,14:55:07,-49.3,
20250516,14:55:07,-49.3,
20250516,14:55:08,-49,
20250516,14:55:08,-48.9,
20250516,14:55:08,-48.7,
20250516,14:55:08,-48.7,
20250516,14:55:09,-48.5,
20250516,14:55:09,-48.3,
20250516,14:55:09,-48.3,
20250516,14:55:09,-48.2,
20250516,14:55:10,-48,
20250516,14:55:10,-48.1,
20250516,14:55:10,-47.9,
20250516,14:55:11,-47.7,
20250516,14:55:11,-47.6,
20250516,14:55:11,-47.6,
20250516,14:55:11,-47.4,
20250516,14:55:12,-47.3,
20250516,14:55:12,-47.3,
20250516,14:55:12,-47.2,
20250516,14:55:12,-47.1,
20250516,14:55:13,-46.9,
20250516,14:55:13,-46.6,
20250516,14:55:13,-46.6,
20250516,14:55:14,-46.5,
20250516,14:55:14,-46.7,
20250516,14:55:14,-46.9,
20250516,14:55:14,-46.9,
20250516,14:55:15,-47.4,
20250516,14:55:15,-47.4,
20250516,14:55:15,-47.5,
20250516,14:55:16,-47.6,
20250516,14:55:16,-47.7,
20250516,14:55:16,-47.7,
20250516,14:55:16,-47.8,
20250516,14:55:17,-47.8,
20250516,14:55:17,-47.7,
20250516,14:55:17,-47.7,
20250516,14:55:18,-47.5,
20250516,14:55:18,-47.4,
20250516,14:55:18,-47.4,
20250516,14:55:18,-47.3,
20250516,14:55:19,-47.2,
20250516,14:55:19,-47.1,
20250516,14:55:19,-47.1,
20250516,14:55:19,-47,
20250516,14:55:20,-47,
20250516,14:55:20,-46.8,
20250516,14:55:20,-46.8,
20250516,14:55:21,-46.8,
20250516,14:55:21,-46.8,
20250516,14:55:21,-46.8,
20250516,14:55:21,-46.7,
20250516,14:55:22,-46.6,
20250516,14:55:22,-46.5,
20250516,14:55:22,-46.5,
20250516,14:55:22,-46.2,
20250516,14:55:23,-46.3,
20250516,14:55:23,-46.3,
20250516,14:55:23,-46.1,
20250516,14:55:24,-46,
20250516,14:55:24,-46,
20250516,14:55:24,-45.8,
20250516,14:55:24,-45.9,
20250516,14:55:25,-45.8,
20250516,14:55:25,-45.9,
20250516,14:55:25,-45.6,
20250516,14:55:26,-45.6,
20250516,14:55:26,-45.5,
20250516,14:55:26,-45.4,
20250516,14:55:26,-45.2,
20250516,14:55:27,-45.4,
20250516,14:55:27,-45.1,
20250516,14:55:27,-45.2,
20250516,14:55:27,-45.6,
20250516,14:55:28,-45.9,
20250516,14:55:28,-46.2,
20250516,14:55:28,-46.5,
20250516,14:55:29,-46.9,
20250516,14:55:29,-46.9,
20250516,14:55:29,-47.1,
20250516,14:55:29,-47.2,
20250516,14:55:30,-46.9,
20250516,14:55:30,-47.1,
20250516,14:55:30,-48.5,
20250516,14:55:31,-51.1,
20250516,14:55:31,-54.8,
20250516,14:55:31,-57.9,
20250516,14:55:31,-60.1,
20250516,14:55:32,-60.7,
20250516,14:55:32,-60.5,
20250516,14:55:32,-59.2,
20250516,14:55:32,-58.2,
20250516,14:55:33,-57.6,
20250516,14:55:33,-57.5,
20250516,14:55:33,-57.7,
20250516,14:55:34,-57.5,
20250516,14:55:34,-56.9,
20250516,14:55:34,-56,
20250516,14:55:34,-55.2,
20250516,14:55:35,-54.6,
20250516,14:55:35,-54.3,
20250516,14:55:35,-54.5,
20250516,14:55:36,-55,
20250516,14:55:36,-55.8,
20250516,14:55:36,-56.6,
20250516,14:55:36,-56.9,
20250516,14:55:37,-56.8,
20250516,14:55:37,-56.6,
20250516,14:55:37,-56.2,
20250516,14:55:37,-55.9,
20250516,14:55:38,-55.8,
20250516,14:55:38,-56.2,
20250516,14:55:38,-56.6,
20250516,14:55:39,-57.6,
20250516,14:55:39,-58.6,
20250516,14:55:39,-59.7,
20250516,14:55:39,-60.8,
20250516,14:55:40,-61.3,
20250516,14:55:40,-61,
20250516,14:55:40,-60,
20250516,14:55:40,-58.6,
20250516,14:55:41,-57.4,
20250516,14:55:41,-56.6,
20250516,14:55:41,-56.2,
20250516,14:55:42,-55.7,
20250516,14:55:42,-55,
20250516,14:55:42,-54.2,
20250516,14:55:42,-53.5,
20250516,14:55:43,-53,
20250516,14:55:43,-52.9,
20250516,14:55:43,-53.4,
20250516,14:55:44,-54.2,
20250516,14:55:44,-55.1,
20250516,14:55:44,-56.2,
20250516,14:55:44,-57.1,
20250516,14:55:45,-57.9,
20250516,14:55:45,-58.8,
20250516,14:55:45,-59.5,
20250516,14:55:46,-60,
20250516,14:55:46,-60.5,
20250516,14:55:46,-60.7,
20250516,14:55:46,-60.9,
20250516,14:55:47,-61.1,
20250516,14:55:47,-61.2,
20250516,14:55:47,-61.4,
20250516,14:55:47,-61.5,
20250516,14:55:48,-61.5,
20250516,14:55:48,-61.4,
20250516,14:55:48,-61.4,
20250516,14:55:49,-61.4,
20250516,14:55:49,-61.3,
20250516,14:55:49,-61.1,
20250516,14:55:49,-61,
20250516,14:55:50,-60.9,
20250516,14:55:50,-60.7,
20250516,14:55:50,-60.6,
20250516,14:55:50,-60.4,
20250516,14:55:51,-60.3,
20250516,14:55:51,-60,
20250516,14:55:51,-59.8,
20250516,14:55:52,-59.6,
20250516,14:55:52,-59.5,
20250516,14:55:52,-59.3,
20250516,14:55:52,-59.3,
20250516,14:55:53,-59.2,
20250516,14:55:53,-58.9,
20250516,14:55:53,-58.7,
20250516,14:55:53,-58.4,
20250516,14:55:54,-58.2,
20250516,14:55:54,-57.9,
20250516,14:55:54,-57.7,
20250516,14:55:55,-57.5,
20250516,14:55:55,-57.2,
20250516,14:55:55,-57,
20250516,14:55:55,-56.7,
20250516,14:55:56,-56.3,
20250516,14:55:56,-56.2,
20250516,14:55:56,-56,
20250516,14:55:57,-55.7,
20250516,14:55:57,-55.3,
20250516,14:55:57,-55.2,
20250516,14:55:57,-54.9,
20250516,14:55:58,-54.7,
20250516,14:55:58,-54.5,
20250516,14:55:58,-54,
20250516,14:55:59,-53.9,
20250516,14:55:59,-53.6,
20250516,14:55:59,-53.3,
20250516,14:55:59,-53,
20250516,14:56:00,-52.6,
20250516,14:56:00,-52.4,
20250516,14:56:00,-52,
20250516,14:56:00,-51.7,
20250516,14:56:01,-51.4,
20250516,14:56:01,-51.1,
20250516,14:56:01,-50.9,
20250516,14:56:02,-50.7,
20250516,14:56:02,-50.3,
20250516,14:56:02,-50.1,
20250516,14:56:02,-49.9,
20250516,14:56:03,-49.5,
20250516,14:56:03,-49.4,
20250516,14:56:03,-49.1,
20250516,14:56:03,-48.7,
20250516,14:56:04,-48.5,
20250516,14:56:04,-48.3,
20250516,14:56:04,-47.7,
20250516,14:56:05,-47.6,
20250516,14:56:05,-47.4,
20250516,14:56:05,-47,
20250516,14:56:05,-46.8,
20250516,14:56:06,-46.5,
20250516,14:56:06,-46.2,
20250516,14:56:06,-46.2,
20250516,14:56:07,-46.6,
20250516,14:56:07,-46.8,
20250516,14:56:07,-46.9,
20250516,14:56:07,-46.9,
20250516,14:56:08,-47,
20250516,14:56:08,-47,
20250516,14:56:08,-46.9,
20250516,14:56:08,-46.9,
20250516,14:56:09,-46.8,
20250516,14:56:09,-46.7,
20250516,14:56:09,-46.5,
20250516,14:56:10,-46.2,
20250516,14:56:10,-46.2,
20250516,14:56:10,-46,
20250516,14:56:10,-45.8,
20250516,14:56:11,-45.6,
20250516,14:56:11,-45.4,
20250516,14:56:11,-45.4,
20250516,14:56:12,-45.1,
20250516,14:56:12,-44.9,
20250516,14:56:12,-44.7,
20250516,14:56:12,-44.6,
20250516,14:56:13,-44.6,
20250516,14:56:13,-44.8,
20250516,14:56:13,-45.3,
20250516,14:56:13,-45.8,
20250516,14:56:14,-46.6,
20250516,14:56:14,-47.7,
20250516,14:56:14,-49.9,
20250516,14:56:15,-53.3,
20250516,14:56:15,-57.5,
20250516,14:56:15,-61.4,
20250516,14:56:15,-64,
20250516,14:56:16,-65.6,
20250516,14:56:16,-66.5,
20250516,14:56:16,-67,
20250516,14:56:17,-67.4,
20250516,14:56:17,-67.3,
20250516,14:56:17,-66.8,
20250516,14:56:17,-65.9,
20250516,14:56:18,-65.1,
20250516,14:56:18,-64,
20250516,14:56:18,-63.3,
20250516,14:56:18,-62.9,
20250516,14:56:19,-62.8,
20250516,14:56:19,-63,
20250516,14:56:19,-63.5,
20250516,14:56:20,-64.3,
20250516,14:56:20,-65.1,
20250516,14:56:20,-65.9,
20250516,14:56:20,-66.6,
20250516,14:56:21,-67.2,
20250516,14:56:21,-67.7,
20250516,14:56:21,-68.1,
20250516,14:56:21,-68.3,
20250516,14:56:22,-68.6,
20250516,14:56:22,-68.8,
20250516,14:56:22,-68.9,
20250516,14:56:23,-68.9,
20250516,14:56:23,-69,
20250516,14:56:23,-68.9,
20250516,14:56:23,-68.7,
20250516,14:56:24,-68.4,
20250516,14:56:24,-68.4,
20250516,14:56:24,-68.3,
20250516,14:56:25,-68.2,
20250516,14:56:25,-68,
20250516,14:56:25,-67.7,
20250516,14:56:25,-67.5,
20250516,14:56:26,-67.3,
20250516,14:56:26,-67.3,
20250516,14:56:26,-66.8,
20250516,14:56:26,-66.6,
20250516,14:56:27,-66.5,
20250516,14:56:27,-66.2,
20250516,14:56:27,-66,
20250516,14:56:28,-65.8,
20250516,14:56:28,-65.6,
20250516,14:56:28,-65.4,
20250516,14:56:28,-65.1,
20250516,14:56:29,-64.9,
20250516,14:56:29,-64.8,
20250516,14:56:29,-64.6,
20250516,14:56:30,-64.5,
20250516,14:56:30,-64.4,
20250516,14:56:30,-64.4,
20250516,14:56:30,-64.4,
20250516,14:56:31,-64.4,
20250516,14:56:31,-64.2,
20250516,14:56:31,-64,
20250516,14:56:31,-63.8,
20250516,14:56:32,-63.6,
20250516,14:56:32,-63.2,
20250516,14:56:32,-63.1,
20250516,14:56:33,-62.7,
20250516,14:56:33,-62.3,
20250516,14:56:33,-62,
20250516,14:56:33,-61.8,
20250516,14:56:34,-61.4,
20250516,14:56:34,-61.2,
20250516,14:56:34,-60.8,
20250516,14:56:34,-60.6,
20250516,14:56:35,-60.2,
20250516,14:56:35,-59.9,
20250516,14:56:35,-59.6,
20250516,14:56:36,-59.3,
20250516,14:56:36,-58.8,
20250516,14:56:36,-58.6,
20250516,14:56:36,-58.3,
20250516,14:56:37,-58,
20250516,14:56:37,-57.8,
20250516,14:56:37,-57.3,
20250516,14:56:38,-57.1,
20250516,14:56:38,-56.8,
20250516,14:56:38,-56.4,
20250516,14:56:38,-56.2,
20250516,14:56:39,-55.8,
20250516,14:56:39,-55.4,
20250516,14:56:39,-55.2,
20250516,14:56:40,-55,
20250516,14:56:40,-54.5,
20250516,14:56:40,-54.4,
20250516,14:56:40,-54,
20250516,14:56:41,-53.9,
20250516,14:56:41,-53.8,
20250516,14:56:41,-53.7,
20250516,14:56:41,-53.7,
20250516,14:56:42,-53.7,
20250516,14:56:42,-53.8,
20250516,14:56:42,-53.7,
20250516,14:56:43,-53.7,
20250516,14:56:43,-53.5,
20250516,14:56:43,-53.3,
20250516,14:56:43,-53,
20250516,14:56:44,-52.8,
20250516,14:56:44,-52.8,
20250516,14:56:44,-52.6,
20250516,14:56:44,-52.4,
20250516,14:56:45,-52.4,
20250516,14:56:45,-52.3,
20250516,14:56:45,-52.2,
20250516,14:56:46,-52,
20250516,14:56:46,-51.9,
20250516,14:56:46,-51.6,
20250516,14:56:46,-51.5,
20250516,14:56:47,-51.2,
20250516,14:56:47,-51.1,
20250516,14:56:47,-51,
20250516,14:56:48,-50.8,
20250516,14:56:48,-50.6,
20250516,14:56:48,-50.4,
20250516,14:56:48,-50.3,
20250516,14:56:49,-50.3,
20250516,14:56:49,-50.1,
20250516,14:56:49,-50,
20250516,14:56:49,-49.8,
20250516,14:56:50,-49.7,
20250516,14:56:50,-49.5,
20250516,14:56:50,-49.4,
20250516,14:56:51,-49.4,
20250516,14:56:51,-49.4,
20250516,14:56:51,-49.3,
20250516,14:56:51,-49.2,
20250516,14:56:52,-49.1,
20250516,14:56:52,-49,
20250516,14:56:52,-49,
20250516,14:56:53,-48.9,
20250516,14:56:53,-48.8,
20250516,14:56:53,-48.7,
20250516,14:56:53,-48.6,
20250516,14:56:54,-48.5,
20250516,14:56:54,-48.4,
20250516,14:56:54,-48.4,
20250516,14:56:54,-48.3,
20250516,14:56:55,-48.2,
20250516,14:56:55,-48.1,
20250516,14:56:55,-48.1,
20250516,14:56:56,-48.1,
20250516,14:56:56,-47.9,
20250516,14:56:56,-47.9,
20250516,14:56:56,-47.7,
20250516,14:56:57,-47.7,
20250516,14:56:57,-47.7,
20250516,14:56:57,-47.7,
20250516,14:56:58,-47.7,
20250516,14:56:58,-47.8,
20250516,14:56:58,-47.9,
20250516,14:56:58,-48,
20250516,14:56:59,-48.2,
20250516,14:56:59,-48.5,
20250516,14:56:59,-48.9,
20250516,14:56:59,-49.5,
20250516,14:57:00,-50.3,
20250516,14:57:00,-51.6,
20250516,14:57:00,-53.3,
20250516,14:57:01,-55.4,
20250516,14:57:01,-57.3,
20250516,14:57:01,-58.9,
20250516,14:57:01,-60.3,
20250516,14:57:02,-61.2,
20250516,14:57:02,-61.8,
20250516,14:57:02,-62.2,
20250516,14:57:02,-62.4,
20250516,14:57:03,-62.4,
20250516,14:57:03,-62.3,
20250516,14:57:03,-62.2,
20250516,14:57:04,-62.1,
20250516,14:57:04,-61.9,
20250516,14:57:04,-62,
20250516,14:57:04,-61.8,
20250516,14:57:05,-61.8,
20250516,14:57:05,-61.8,
20250516,14:57:05,-61.5,
20250516,14:57:06,-61.4,
20250516,14:57:06,-61.2,
20250516,14:57:06,-61.2,
20250516,14:57:06,-60.9,
20250516,14:57:07,-60.7,
20250516,14:57:07,-60.5,
20250516,14:57:07,-60.3,
20250516,14:57:07,-60.1,
20250516,14:57:08,-60.3,
20250516,14:57:08,-60.5,
20250516,14:57:08,-61,
20250516,14:57:09,-61.4,
20250516,14:57:09,-61.6,
20250516,14:57:09,-61.7,
20250516,14:57:09,-61.7,
20250516,14:57:10,-61.6,
20250516,14:57:10,-61.5,
20250516,14:57:10,-61.5,
20250516,14:57:11,-61.4,
20250516,14:57:11,-61.4,
20250516,14:57:11,-61.5,
20250516,14:57:11,-62.2,
20250516,14:57:12,-63.1,
20250516,14:57:12,-64.1,
20250516,14:57:12,-64.8,
20250516,14:57:12,-65.4,
20250516,14:57:13,-65.7,
20250516,14:57:13,-65.8,
20250516,14:57:13,-65.8,
20250516,14:57:14,-65.7,
20250516,14:57:14,-65.6,
20250516,14:57:14,-65.4,
20250516,14:57:14,-65.2,
20250516,14:57:15,-65,
20250516,14:57:15,-64.8,
20250516,14:57:15,-64.7,
20250516,14:57:15,-64.6,
20250516,14:57:16,-64.5,
20250516,14:57:16,-64.4,
20250516,14:57:16,-64.5,
20250516,14:57:17,-64.7,
20250516,14:57:17,-65.2,
20250516,14:57:17,-65.6,
20250516,14:57:17,-66,
20250516,14:57:18,-66.3,
20250516,14:57:18,-66.7,
20250516,14:57:18,-67.1,
20250516,14:57:19,-67.3,
20250516,14:57:19,-67.3,
20250516,14:57:19,-67.3,
20250516,14:57:19,-67,
20250516,14:57:20,-66.9,
20250516,14:57:20,-66.8,
20250516,14:57:20,-66.6,
20250516,14:57:21,-66.5,
20250516,14:57:21,-66.5,
20250516,14:57:21,-66.5,
20250516,14:57:21,-66.3,
20250516,14:57:22,-66,
20250516,14:57:22,-65.9,
20250516,14:57:22,-65.7,
20250516,14:57:22,-65.6,
20250516,14:57:23,-65.6,
20250516,14:57:23,-66.4,
20250516,14:57:23,-67.7,
20250516,14:57:24,-69,
20250516,14:57:24,-69.6,
20250516,14:57:24,-70,
20250516,14:57:24,-70.1,
20250516,14:57:25,-70.1,
20250516,14:57:25,-70.1,
20250516,14:57:25,-69.9,
20250516,14:57:25,-69.9,
20250516,14:57:26,-69.8,
20250516,14:57:26,-69.7,
20250516,14:57:26,-69.8,
20250516,14:57:27,-70,
20250516,14:57:27,-70.4,
20250516,14:57:27,-70.7,
20250516,14:57:27,-70.7,
20250516,14:57:28,-70.6,
20250516,14:57:28,-70.4,
20250516,14:57:28,-70.2,
20250516,14:57:29,-69.9,
20250516,14:57:29,-69.9,
20250516,14:57:29,-69.7,
20250516,14:57:29,-69.6,
20250516,14:57:30,-69.6,
20250516,14:57:30,-69.6,
20250516,14:57:30,-69.5,
20250516,14:57:30,-69.4,
20250516,14:57:31,-69.3,
20250516,14:57:31,-69.4,
20250516,14:57:31,-69.3,
20250516,14:57:32,-69.4,
20250516,14:57:32,-69.4,
20250516,14:57:32,-69.2,
20250516,14:57:32,-69.1,
20250516,14:57:33,-69,
20250516,14:57:33,-68.8,
20250516,14:57:33,-68.6,
20250516,14:57:34,-68.5,
20250516,14:57:34,-68.4,
20250516,14:57:34,-68.3,
20250516,14:57:34,-68.2,
20250516,14:57:35,-68,
20250516,14:57:35,-67.9,
20250516,14:57:35,-67.8,
20250516,14:57:35,-67.6,
20250516,14:57:36,-67.5,
20250516,14:57:36,-67.5,
20250516,14:57:36,-67.6,
20250516,14:57:37,-68.1,
20250516,14:57:37,-69.6,
20250516,14:57:37,-71.6,
20250516,14:57:37,-72.8,
20250516,14:57:38,-72.6,
20250516,14:57:38,-71.2,
20250516,14:57:38,-69,
20250516,14:57:39,-67,
20250516,14:57:39,-64.8,
20250516,14:57:39,-62.5,
20250516,14:57:39,-60.5,
20250516,14:57:40,-59.1,
20250516,14:57:40,-58,
20250516,14:57:40,-57.1,
20250516,14:57:40,-55.1,
20250516,14:57:41,-54.5,
20250516,14:57:41,-55,
20250516,14:57:41,-56.1,
20250516,14:57:42,-57.2,
20250516,14:57:42,-58.5,
20250516,14:57:42,-59.9,
20250516,14:57:42,-61.4,
20250516,14:57:43,-62.7,
20250516,14:57:43,-63.9,
20250516,14:57:43,-65,
20250516,14:57:43,-65.9,
20250516,14:57:44,-66.6,
20250516,14:57:44,-67.3,
20250516,14:57:44,-67.9,
20250516,14:57:45,-68.3,
20250516,14:57:45,-68.6,
20250516,14:57:45,-68.9,
20250516,14:57:45,-69,
20250516,14:57:46,-69.2,
20250516,14:57:46,-69.3,
20250516,14:57:46,-69.4,
20250516,14:57:47,-69.3,
20250516,14:57:47,-69.2,
20250516,14:57:47,-69.2,
20250516,14:57:47,-69,
20250516,14:57:48,-69,
20250516,14:57:48,-68.8,
20250516,14:57:48,-68.7,
20250516,14:57:48,-68.6,
20250516,14:57:49,-68.2,
20250516,14:57:49,-67.9,
20250516,14:57:49,-67.6,
20250516,14:57:50,-67.3,
20250516,14:57:50,-67,
20250516,14:57:50,-66.7,
20250516,14:57:50,-66.5,
20250516,14:57:51,-66.3,
20250516,14:57:51,-66.3,
20250516,14:57:51,-66.1,
20250516,14:57:52,-66,
20250516,14:57:52,-65.6,
20250516,14:57:52,-65.5,
20250516,14:57:52,-65,
20250516,14:57:53,-64.6,
20250516,14:57:53,-64.4,
20250516,14:57:53,-64.1,
20250516,14:57:53,-63.9,
20250516,14:57:54,-63.9,
20250516,14:57:54,-64,
20250516,14:57:54,-64,
20250516,14:57:55,-64.1,
20250516,14:57:55,-63.6,
20250516,14:57:55,-63.2,
20250516,14:57:55,-63.1,
20250516,14:57:56,-62.7,
20250516,14:57:56,-62.7,
20250516,14:57:56,-62.6,
20250516,14:57:56,-62.5,
20250516,14:57:57,-61.9,
20250516,14:57:57,-61.7,
20250516,14:57:57,-61.3,
20250516,14:57:58,-61.3,
20250516,14:57:58,-61.3,
20250516,14:57:58,-61.4,
20250516,14:57:58,-61.6,
20250516,14:57:59,-62.1,
20250516,14:57:59,-62.2,
20250516,14:57:59,-62.3,
20250516,14:58:00,-62.3,
20250516,14:58:00,-62.7,
20250516,14:58:00,-63.1,
20250516,14:58:00,-63.6,
20250516,14:58:01,-63.8,
20250516,14:58:01,-63.9,
20250516,14:58:01,-63.3,
20250516,14:58:01,-62.8,
20250516,14:58:02,-61.8,
20250516,14:58:02,-60.8,
20250516,14:58:02,-60.5,
20250516,14:58:03,-60,
20250516,14:58:03,-59.7,
20250516,14:58:03,-59.8,
20250516,14:58:03,-60.1,
20250516,14:58:04,-59.9,
20250516,14:58:04,-60.4,
20250516,14:58:04,-60.7,
20250516,14:58:05,-61,
20250516,14:58:05,-61.3,
20250516,14:58:05,-61.6,
20250516,14:58:05,-61.7,
20250516,14:58:06,-61.8,
20250516,14:58:06,-61.8,
20250516,14:58:06,-61.6,
20250516,14:58:06,-62.1,
20250516,14:58:07,-61.6,
20250516,14:58:07,-61.4,
20250516,14:58:07,-61.4,
20250516,14:58:08,-61.3,
20250516,14:58:08,-61.4,
20250516,14:58:08,-61.1,
20250516,14:58:08,-61.4,
20250516,14:58:09,-61.4,
20250516,14:58:09,-61.3,
20250516,14:58:09,-61.2,
20250516,14:58:10,-60.8,
20250516,14:58:10,-60.5,
20250516,14:58:10,-60.3,
20250516,14:58:10,-60.5,
20250516,14:58:11,-61.6,
20250516,14:58:11,-62.8,
20250516,14:58:11,-63.4,
20250516,14:58:11,-63.2,
20250516,14:58:12,-61.4,
20250516,14:58:12,-59.7,
20250516,14:58:12,-57.2,
20250516,14:58:13,-55.4,
20250516,14:58:13,-54.5,
20250516,14:58:13,-53.6,
20250516,14:58:13,-53.8,
20250516,14:58:14,-54.1,
20250516,14:58:14,-55,
20250516,14:58:14,-56.1,
20250516,14:58:14,-57.1,
20250516,14:58:15,-58.3,
20250516,14:58:15,-58.5,
20250516,14:58:15,-58.7,
20250516,14:58:16,-59.1,
20250516,14:58:16,-59,
20250516,14:58:16,-59.2,
20250516,14:58:16,-59,
20250516,14:58:17,-58.7,
20250516,14:58:17,-58.7,
20250516,14:58:17,-58.2,
20250516,14:58:18,-58.4,
20250516,14:58:18,-58.2,
20250516,14:58:18,-58.6,
20250516,14:58:18,-58.9,
20250516,14:58:19,-59.4,
20250516,14:58:19,-59.6,
20250516,14:58:19,-59.6,
20250516,14:58:20,-59.8,
20250516,14:58:20,-60.5,
20250516,14:58:20,-60.5,
20250516,14:58:20,-60.6,
20250516,14:58:21,-60.1,
20250516,14:58:21,-59.6,
20250516,14:58:21,-59.2,
20250516,14:58:21,-59.1,
20250516,14:58:22,-58.6,
20250516,14:58:22,-57.1,
20250516,14:58:22,-55.3,
20250516,14:58:23,-53.6,
20250516,14:58:23,-52.3,
20250516,14:58:23,-52,
20250516,14:58:23,-52.2,
20250516,14:58:24,-52.9,
20250516,14:58:24,-53.8,
20250516,14:58:24,-54.6,
20250516,14:58:24,-55.6,
20250516,14:58:25,-56.1,
20250516,14:58:25,-56.7,
20250516,14:58:25,-57.2,
20250516,14:58:26,-57.4,
20250516,14:58:26,-57.6,
20250516,14:58:26,-57.7,
20250516,14:58:26,-57.8,
20250516,14:58:27,-57.8,
20250516,14:58:27,-57.9,
20250516,14:58:27,-58.1,
20250516,14:58:28,-58.9,
20250516,14:58:28,-59.6,
20250516,14:58:28,-59.6,
20250516,14:58:28,-58.9,
20250516,14:58:29,-57.3,
20250516,14:58:29,-55.6,
20250516,14:58:29,-53.3,
20250516,14:58:29,-50.4,
20250516,14:58:30,-48.4,
20250516,14:58:30,-46.8,
20250516,14:58:30,-46,
20250516,14:58:31,-46,
20250516,14:58:31,-46.6,
20250516,14:58:31,-47.5,
20250516,14:58:31,-48.7,
20250516,14:58:32,-49.7,
20250516,14:58:32,-50.7,
20250516,14:58:32,-52,
20250516,14:58:33,-52.8,
20250516,14:58:33,-54.1,
20250516,14:58:33,-53.7,
20250516,14:58:33,-51.2,
20250516,14:58:34,-46.8,
20250516,14:58:34,-42.3,
20250516,14:58:34,-38.8,
20250516,14:58:34,-36.3,
20250516,14:58:35,-35.1,
20250516,14:58:35,-35,
20250516,14:58:35,-35.7,
20250516,14:58:36,-37.1,
20250516,14:58:36,-38.9,
20250516,14:58:36,-40.6,
20250516,14:58:36,-42.5,
20250516,14:58:37,-44.4,
20250516,14:58:37,-45.8,
20250516,14:58:37,-47.3,
20250516,14:58:37,-48.8,
20250516,14:58:38,-49.8,
20250516,14:58:38,-50.8,
20250516,14:58:38,-51.5,
20250516,14:58:39,-52,
20250516,14:58:39,-52.4,
20250516,14:58:39,-52.8,
20250516,14:58:39,-53.1,
20250516,14:58:40,-53.4,
20250516,14:58:40,-53.7,
20250516,14:58:40,-53.7,
20250516,14:58:41,-53.7,
20250516,14:58:41,-53.9,
20250516,14:58:41,-53.8,
20250516,14:58:41,-53.6,
20250516,14:58:42,-53.6,
20250516,14:58:42,-53.4,
20250516,14:58:42,-53.3,
20250516,14:58:42,-53.3,
20250516,14:58:43,-53.2,
20250516,14:58:43,-53,
20250516,14:58:43,-53,
20250516,14:58:44,-52.8,
20250516,14:58:44,-52.6,
20250516,14:58:44,-52.3,
20250516,14:58:44,-52.2,
20250516,14:58:45,-51.9,
20250516,14:58:45,-51.6,
20250516,14:58:45,-51.4,
20250516,14:58:46,-51.1,
20250516,14:58:46,-51.1,
20250516,14:58:46,-51,
20250516,14:58:46,-51,
20250516,14:58:47,-50.5,
20250516,14:58:47,-50.8,
20250516,14:58:47,-50.3,
20250516,14:58:47,-50.3,
20250516,14:58:48,-50.3,
20250516,14:58:48,-50.6,
20250516,14:58:48,-51,
20250516,14:58:49,-51.1,
20250516,14:58:49,-51.4,
20250516,14:58:49,-51.4,
20250516,14:58:49,-51.2,
20250516,14:58:50,-51.1,
20250516,14:58:50,-50.9,
20250516,14:58:50,-50.7,
20250516,14:58:51,-50.7,
20250516,14:58:51,-50.8,
20250516,14:58:51,-51.1,
20250516,14:58:51,-51.2,
20250516,14:58:52,-51.4,
20250516,14:58:52,-51.4,
20250516,14:58:52,-51.5,
20250516,14:58:52,-51.9,
20250516,14:58:53,-52.4,
20250516,14:58:53,-52.8,
20250516,14:58:53,-52.8,
20250516,14:58:54,-52.7,
20250516,14:58:54,-52.7,
20250516,14:58:54,-52.6,
20250516,14:58:54,-52.5,
20250516,14:58:55,-52.4,
20250516,14:58:55,-52.4,
20250516,14:58:55,-52.5,
20250516,14:58:55,-52.6,
20250516,14:58:56,-52.6,
20250516,14:58:56,-52.7,
20250516,14:58:56,-52.5,
20250516,14:58:57,-52.3,
20250516,14:58:57,-52.4,
20250516,14:58:57,-52.6,
20250516,14:58:57,-52.7,
20250516,14:58:58,-52.8,
20250516,14:58:58,-52.8,
20250516,14:58:58,-52.7,
20250516,14:58:59,-52.6,
20250516,14:58:59,-52.5,
20250516,14:58:59,-52.4,
20250516,14:58:59,-52.2,
20250516,14:59:00,-52.1,
20250516,14:59:00,-52,
20250516,14:59:00,-52,
20250516,14:59:01,-51.9,
20250516,14:59:01,-51.8,
20250516,14:59:01,-51.7,
20250516,14:59:01,-51.7,
20250516,14:59:02,-51.7,
20250516,14:59:02,-52.1,
20250516,14:59:02,-52.6,
20250516,14:59:02,-52.8,
20250516,14:59:03,-52.9,
20250516,14:59:03,-53.1,
20250516,14:59:03,-53.9,
20250516,14:59:04,-54.7,
20250516,14:59:04,-55.2,
20250516,14:59:04,-55.3,
20250516,14:59:04,-55.3,
20250516,14:59:05,-55,
20250516,14:59:05,-55,
20250516,14:59:05,-54.8,
20250516,14:59:05,-54.7,
20250516,14:59:06,-54.5,
20250516,14:59:06,-54.5,
20250516,14:59:06,-54.4,
20250516,14:59:07,-54.3,
20250516,14:59:07,-54.3,
20250516,14:59:07,-54.3,
20250516,14:59:07,-54.2,
20250516,14:59:08,-54,
20250516,14:59:08,-53.7,
20250516,14:59:08,-53.5,
20250516,14:59:08,-53.2,
20250516,14:59:09,-53.1,
20250516,14:59:09,-52.8,
20250516,14:59:09,-52.8,
20250516,14:59:10,-52.6,
20250516,14:59:10,-52.4,
20250516,14:59:10,-52.2,
20250516,14:59:10,-52.1,
20250516,14:59:11,-51.9,
20250516,14:59:11,-51.8,
20250516,14:59:11,-51.6,
20250516,14:59:12,-51.5,
20250516,14:59:12,-52.4,
20250516,14:59:12,-54.8,
20250516,14:59:12,-57.5,
20250516,14:59:13,-58.8,
20250516,14:59:13,-58.5,
20250516,14:59:13,-57.1,
20250516,14:59:14,-55.8,
20250516,14:59:14,-55,
20250516,14:59:14,-54.5,
20250516,14:59:14,-54.6,
20250516,14:59:15,-54.8,
20250516,14:59:15,-54.5,
20250516,14:59:15,-53.7,
20250516,14:59:15,-53,
20250516,14:59:16,-52.8,
20250516,14:59:16,-52.8,
20250516,14:59:16,-53.2,
20250516,14:59:17,-53.8,
20250516,14:59:17,-54.4,
20250516,14:59:17,-54.7,
20250516,14:59:17,-55.1,
20250516,14:59:18,-55.4,
20250516,14:59:18,-55.7,
20250516,14:59:18,-56,
20250516,14:59:18,-56.1,
20250516,14:59:19,-56.2,
20250516,14:59:19,-56.4,
20250516,14:59:19,-56.6,
20250516,14:59:20,-56.7,
20250516,14:59:20,-56.8,
20250516,14:59:20,-56.9,
20250516,14:59:20,-56.9,
20250516,14:59:21,-56.6,
20250516,14:59:21,-56.5,
20250516,14:59:21,-56.4,
20250516,14:59:22,-56.3,
20250516,14:59:22,-56.2,
20250516,14:59:22,-56.2,
20250516,14:59:22,-56,
20250516,14:59:23,-55.9,
20250516,14:59:23,-55.8,
20250516,14:59:23,-55.6,
20250516,14:59:23,-55.5,
20250516,14:59:24,-55.4,
20250516,14:59:24,-55.3,
20250516,14:59:24,-55.1,
20250516,14:59:25,-54.9,
20250516,14:59:25,-54.6,
20250516,14:59:25,-54.5,
20250516,14:59:25,-54.4,
20250516,14:59:26,-54.2,
20250516,14:59:26,-54,
20250516,14:59:26,-53.7,
20250516,14:59:27,-53.5,
20250516,14:59:27,-53.2,
20250516,14:59:27,-53,
20250516,14:59:27,-52.9,
20250516,14:59:28,-53,
20250516,14:59:28,-53.2,
20250516,14:59:28,-53.6,
20250516,14:59:28,-53.7,
20250516,14:59:29,-53.7,
20250516,14:59:29,-53.6,
20250516,14:59:29,-53.3,
20250516,14:59:30,-53,
20250516,14:59:30,-52.8,
20250516,14:59:30,-52.7,
20250516,14:59:30,-52.4,
20250516,14:59:31,-52.1,
20250516,14:59:31,-52,
20250516,14:59:31,-52,
20250516,14:59:32,-52.3,
20250516,14:59:32,-53.6,
20250516,14:59:32,-55.2,
20250516,14:59:32,-56.6,
20250516,14:59:33,-57.4,
20250516,14:59:33,-57.9,
20250516,14:59:33,-57.9,
20250516,14:59:33,-57.8,
20250516,14:59:34,-57.5,
20250516,14:59:34,-57.3,
20250516,14:59:34,-57.2,
20250516,14:59:35,-57.9,
20250516,14:59:35,-58.9,
20250516,14:59:35,-59.7,
20250516,14:59:35,-59.8,
20250516,14:59:36,-59.5,
20250516,14:59:36,-58.9,
20250516,14:59:36,-58.5,
20250516,14:59:36,-58.2,
20250516,14:59:37,-57.9,
20250516,14:59:37,-57.8,
20250516,14:59:37,-57.5,
20250516,14:59:38,-57.2,
20250516,14:59:38,-57,
20250516,14:59:38,-57.1,
20250516,14:59:38,-57.4,
20250516,14:59:39,-57.7,
20250516,14:59:39,-57.6,
20250516,14:59:39,-57.1,
20250516,14:59:40,-57.1,
20250516,14:59:40,-57,
20250516,14:59:40,-57,
20250516,14:59:40,-56.9,
20250516,14:59:41,-56.9,
20250516,14:59:41,-56.8,
20250516,14:59:41,-56.8,
20250516,14:59:42,-56.8,
20250516,14:59:42,-56.9,
20250516,14:59:42,-56.7,
20250516,14:59:42,-56.6,
20250516,14:59:43,-56.6,
20250516,14:59:43,-56.5,
20250516,14:59:43,-56.5,
20250516,14:59:43,-56.5,
20250516,14:59:44,-56.4,
20250516,14:59:44,-56.3,
20250516,14:59:44,-56.2,
20250516,14:59:45,-56.2,
20250516,14:59:45,-56.2,
20250516,14:59:45,-56.2,
20250516,14:59:45,-56.2,
20250516,14:59:46,-56,
20250516,14:59:46,-55.8,
20250516,14:59:46,-55.5,
20250516,14:59:46,-55.4,
20250516,14:59:47,-55.3,
20250516,14:59:47,-55.1,
20250516,14:59:47,-54.8,
20250516,14:59:48,-54.6,
20250516,14:59:48,-54.5,
20250516,14:59:48,-54.4,
20250516,14:59:48,-54.2,
20250516,14:59:49,-54,
20250516,14:59:49,-53.8,
20250516,14:59:49,-53.7,
20250516,14:59:49,-53.6,
20250516,14:59:50,-53.4,
20250516,14:59:50,-53.2,
20250516,14:59:50,-53,
20250516,14:59:51,-52.8,
20250516,14:59:51,-52.8,
20250516,14:59:51,-52.5,
20250516,14:59:51,-52.3,
20250516,14:59:52,-52.1,
20250516,14:59:52,-52,
20250516,14:59:52,-51.9,
20250516,14:59:53,-52,
20250516,14:59:53,-52.3,
20250516,14:59:53,-53.2,
20250516,14:59:53,-54.8,
20250516,14:59:54,-57.1,
20250516,14:59:54,-59.2,
20250516,14:59:54,-60.5,
20250516,14:59:55,-61.2,
20250516,14:59:55,-61.4,
20250516,14:59:55,-61.4,
20250516,14:59:55,-61.2,
20250516,14:59:56,-61,
20250516,14:59:56,-60.7,
20250516,14:59:56,-60.5,
20250516,14:59:56,-60.2,
20250516,14:59:57,-60,
20250516,14:59:57,-59.7,
20250516,14:59:57,-59.6,
20250516,14:59:58,-60.3,
20250516,14:59:58,-61.7,
20250516,14:59:58,-62.9,
20250516,14:59:58,-63,
20250516,14:59:59,-61.7,
20250516,14:59:59,-59.6,
20250516,14:59:59,-57.2,
20250516,14:59:59,-55.5,
20250516,15:00:00,-54.5,
20250516,15:00:00,-54.5,
20250516,15:00:00,-54.8,
20250516,15:00:01,-55.7,
20250516,15:00:01,-56.9,
20250516,15:00:01,-57.9,
20250516,15:00:01,-58.8,
20250516,15:00:02,-59.6,
20250516,15:00:02,-60.3,
20250516,15:00:02,-60.7,
20250516,15:00:03,-61.1,
20250516,15:00:03,-61.4,
20250516,15:00:03,-61.5,
20250516,15:00:03,-61.6,
20250516,15:00:04,-61.8,
20250516,15:00:04,-61.8,
20250516,15:00:04,-61.8,
20250516,15:00:04,-61.7,
20250516,15:00:05,-61.7,
20250516,15:00:05,-61.7,
20250516,15:00:05,-61.5,
20250516,15:00:06,-61.4,
20250516,15:00:06,-61.4,
20250516,15:00:06,-61.2,
20250516,15:00:06,-60.9,
20250516,15:00:07,-60.6,
20250516,15:00:07,-60.5,
20250516,15:00:07,-60.1,
20250516,15:00:08,-60,
20250516,15:00:08,-59.7,
20250516,15:00:08,-59.5,
20250516,15:00:08,-59.4,
20250516,15:00:09,-59,
20250516,15:00:09,-58.8,
20250516,15:00:09,-58.6,
20250516,15:00:09,-58.3,
20250516,15:00:10,-58,
20250516,15:00:10,-57.8,
20250516,15:00:10,-57.4,
20250516,15:00:11,-57.2,
20250516,15:00:11,-57,
20250516,15:00:11,-56.8,
20250516,15:00:11,-56.4,
20250516,15:00:12,-56.2,
20250516,15:00:12,-56.1,
20250516,15:00:12,-55.7,
20250516,15:00:13,-55.4,
20250516,15:00:13,-55.2,
20250516,15:00:13,-54.9,
20250516,15:00:13,-54.6,
20250516,15:00:14,-54.4,
20250516,15:00:14,-54.1,
20250516,15:00:14,-54,
20250516,15:00:14,-53.8,
20250516,15:00:15,-53.7,
20250516,15:00:15,-53.6,
20250516,15:00:15,-53.4,
20250516,15:00:16,-53.3,
20250516,15:00:16,-53.5,
20250516,15:00:16,-54.5,
20250516,15:00:16,-56.7,
20250516,15:00:17,-59,
20250516,15:00:17,-60.9,
20250516,15:00:17,-61.9,
20250516,15:00:17,-62.4,
20250516,15:00:18,-62.4,
20250516,15:00:18,-62.2,
20250516,15:00:18,-62.1,
20250516,15:00:19,-61.9,
20250516,15:00:19,-61.8,
20250516,15:00:19,-61.5,
20250516,15:00:19,-61.4,
20250516,15:00:20,-61.2,
20250516,15:00:20,-61.5,
20250516,15:00:20,-61.6,
20250516,15:00:21,-61.9,
20250516,15:00:21,-62.1,
20250516,15:00:21,-62.4,
20250516,15:00:21,-63,
20250516,15:00:22,-62.9,
20250516,15:00:22,-62.6,
20250516,15:00:22,-61.4,
20250516,15:00:22,-60.1,
20250516,15:00:23,-57.8,
20250516,15:00:23,-55.4,
20250516,15:00:23,-53,
20250516,15:00:24,-51.4,
20250516,15:00:24,-50.6,
20250516,15:00:24,-50.4,
20250516,15:00:24,-50.8,
20250516,15:00:25,-51.2,
20250516,15:00:25,-52,
20250516,15:00:25,-53,
20250516,15:00:26,-54,
20250516,15:00:26,-54.8,
20250516,15:00:26,-55.6,
20250516,15:00:26,-56.5,
20250516,15:00:27,-57.3,
20250516,15:00:27,-58.3,
20250516,15:00:27,-59.3,
20250516,15:00:27,-60.1,
20250516,15:00:28,-60.8,
20250516,15:00:28,-61.6,
20250516,15:00:28,-62.4,
20250516,15:00:29,-63.1,
20250516,15:00:29,-63.6,
20250516,15:00:29,-64,
20250516,15:00:29,-64.1,
20250516,15:00:30,-64.2,
20250516,15:00:30,-64.2,
20250516,15:00:30,-64.2,
20250516,15:00:30,-64.2,
20250516,15:00:31,-64.3,
20250516,15:00:31,-64.3,
20250516,15:00:31,-64.3,
20250516,15:00:32,-64.2,
20250516,15:00:32,-64.2,
20250516,15:00:32,-64.2,
20250516,15:00:32,-63.9,
20250516,15:00:33,-63.6,
20250516,15:00:33,-63.2,
20250516,15:00:33,-62.9,
20250516,15:00:34,-62.4,
20250516,15:00:34,-62.2,
20250516,15:00:34,-62.1,
20250516,15:00:34,-61.9,
20250516,15:00:35,-61.6,
20250516,15:00:35,-61.4,
20250516,15:00:35,-61.3,
20250516,15:00:36,-61.2,
20250516,15:00:36,-61.4,
20250516,15:00:36,-61.4,
20250516,15:00:36,-61.4,
20250516,15:00:37,-61.1,
20250516,15:00:37,-60.8,
20250516,15:00:37,-60.5,
20250516,15:00:37,-60.3,
20250516,15:00:38,-60.5,
20250516,15:00:38,-61,
20250516,15:00:38,-60.9,
20250516,15:00:39,-60,
20250516,15:00:39,-58.9,
20250516,15:00:39,-58,
20250516,15:00:39,-57.3,
20250516,15:00:40,-57.1,
20250516,15:00:40,-57,
20250516,15:00:40,-57.1,
20250516,15:00:40,-57.5,
20250516,15:00:41,-57.7,
20250516,15:00:41,-57.4,
20250516,15:00:41,-57.2,
20250516,15:00:42,-57.1,
20250516,15:00:42,-57,
20250516,15:00:42,-57.1,
20250516,15:00:42,-57.3,
20250516,15:00:43,-57.4,
20250516,15:00:43,-57.3,
20250516,15:00:43,-56.9,
20250516,15:00:44,-56.4,
20250516,15:00:44,-55.8,
20250516,15:00:44,-55.5,
20250516,15:00:44,-55.2,
20250516,15:00:45,-55.1,
20250516,15:00:45,-55.1,
20250516,15:00:45,-55.4,
20250516,15:00:45,-55.6,
20250516,15:00:46,-55.9,
20250516,15:00:46,-56.1,
20250516,15:00:46,-56.2,
20250516,15:00:47,-56.2,
20250516,15:00:47,-56.1,
20250516,15:00:47,-56.4,
20250516,15:00:47,-57,
20250516,15:00:48,-56.6,
20250516,15:00:48,-55.1,
20250516,15:00:48,-52.8,
20250516,15:00:48,-50.8,
20250516,15:00:49,-48.6,
20250516,15:00:49,-46.9,
20250516,15:00:49,-45.5,
20250516,15:00:50,-44.3,
20250516,15:00:50,-43.5,
20250516,15:00:50,-43.2,
20250516,15:00:50,-43.4,
20250516,15:00:51,-44.1,
20250516,15:00:51,-45,
20250516,15:00:51,-46.5,
20250516,15:00:52,-47.9,
20250516,15:00:52,-49.2,
20250516,15:00:52,-50,
20250516,15:00:52,-50.5,
20250516,15:00:53,-50.7,
20250516,15:00:53,-50.8,
20250516,15:00:53,-51.1,
20250516,15:00:54,-50.8,
20250516,15:00:54,-49.4,
20250516,15:00:54,-47.7,
20250516,15:00:54,-46,
20250516,15:00:55,-44.2,
20250516,15:00:55,-41.7,
20250516,15:00:55,-39.8,
20250516,15:00:55,-38.3,
20250516,15:00:56,-37.7,
20250516,15:00:56,-37.9,
20250516,15:00:56,-38.7,
20250516,15:00:57,-39.7,
20250516,15:00:57,-40.9,
20250516,15:00:57,-41.8,
20250516,15:00:57,-43.2,
20250516,15:00:58,-44.3,
20250516,15:00:58,-45.1,
20250516,15:00:58,-46.1,
20250516,15:00:58,-46.8,
20250516,15:00:59,-47.7,
20250516,15:00:59,-48.2,
20250516,15:00:59,-48.7,
20250516,15:01:00,-49.1,
20250516,15:01:00,-49.3,
20250516,15:01:00,-49.4,
20250516,15:01:00,-49.3,
20250516,15:01:01,-49,
20250516,15:01:01,-48.8,
20250516,15:01:01,-48.7,
20250516,15:01:02,-48.7,
20250516,15:01:02,-48.5,
20250516,15:01:02,-48.5,
20250516,15:01:02,-48.5,
20250516,15:01:03,-48.4,
20250516,15:01:03,-48.4,
20250516,15:01:03,-48.4,
20250516,15:01:03,-48.3,
20250516,15:01:04,-48.3,
20250516,15:01:04,-48.1,
20250516,15:01:04,-48,
20250516,15:01:05,-48.1,
20250516,15:01:05,-48,
20250516,15:01:05,-47.9,
20250516,15:01:05,-47.7,
20250516,15:01:06,-47.6,
20250516,15:01:06,-47.6,
20250516,15:01:06,-47.6,
20250516,15:01:07,-47.4,
20250516,15:01:07,-47.3,
20250516,15:01:07,-47.1,
20250516,15:01:07,-47.2,
20250516,15:01:08,-47.3,
20250516,15:01:08,-47.6,
20250516,15:01:08,-47.7,
20250516,15:01:08,-47.5,
20250516,15:01:09,-47.3,
20250516,15:01:09,-46.8,
20250516,15:01:09,-46.6,
20250516,15:01:10,-46.3,
20250516,15:01:10,-46,
20250516,15:01:10,-46,
20250516,15:01:10,-45.8,
20250516,15:01:11,-45.7,
20250516,15:01:11,-45.5,
20250516,15:01:11,-45.4,
20250516,15:01:11,-45.3,
20250516,15:01:12,-45.2,
20250516,15:01:12,-45.1,
20250516,15:01:12,-45.1,
20250516,15:01:13,-45.5,
20250516,15:01:13,-46.2,
20250516,15:01:13,-47.1,
20250516,15:01:13,-47.5,
20250516,15:01:14,-47.4,
20250516,15:01:14,-47,
20250516,15:01:14,-46.8,
20250516,15:01:15,-46.4,
20250516,15:01:15,-46.1,
20250516,15:01:15,-46.1,
20250516,15:01:15,-46,
20250516,15:01:16,-46,
20250516,15:01:16,-46,
20250516,15:01:16,-46,
20250516,15:01:16,-46,
20250516,15:01:17,-45.9,
20250516,15:01:17,-45.8,
20250516,15:01:17,-45.7,
20250516,15:01:18,-45.6,
20250516,15:01:18,-45.5,
20250516,15:01:18,-45.5,
20250516,15:01:18,-45.5,
20250516,15:01:19,-45.3,
20250516,15:01:19,-45.2,
20250516,15:01:19,-45.1,
20250516,15:01:20,-44.9,
20250516,15:01:20,-44.8,
20250516,15:01:20,-44.6,
20250516,15:01:20,-44.4,
20250516,15:01:21,-44.3,
20250516,15:01:21,-44.1,
20250516,15:01:21,-44,
20250516,15:01:21,-43.8,
20250516,15:01:22,-43.6,
20250516,15:01:22,-43.5,
20250516,15:01:22,-43.4,
20250516,15:01:23,-43.3,
20250516,15:01:23,-43.4,
20250516,15:01:23,-43.1,
20250516,15:01:23,-43,
20250516,15:01:24,-42.9,
20250516,15:01:24,-42.7,
20250516,15:01:24,-42.6,
20250516,15:01:25,-42.5,
20250516,15:01:25,-42.4,
20250516,15:01:25,-42.4,
20250516,15:01:25,-42.6,
20250516,15:01:26,-43.1,
20250516,15:01:26,-43.8,
20250516,15:01:26,-44.3,
20250516,15:01:26,-44.5,
20250516,15:01:27,-44.4,
20250516,15:01:27,-44.3,
20250516,15:01:27,-44.3,
20250516,15:01:28,-44.1,
20250516,15:01:28,-43.8,
20250516,15:01:28,-43.6,
20250516,15:01:28,-43.5,
20250516,15:01:29,-43.4,
20250516,15:01:29,-43.3,
20250516,15:01:29,-43.2,
20250516,15:01:29,-43.2,
20250516,15:01:30,-43.5,
20250516,15:01:30,-44.9,
20250516,15:01:30,-47.1,
20250516,15:01:31,-49.4,
20250516,15:01:31,-50.7,
20250516,15:01:31,-50.9,
20250516,15:01:31,-50.6,
20250516,15:01:32,-50.4,
20250516,15:01:32,-50.2,
20250516,15:01:32,-50,
20250516,15:01:33,-49.9,
20250516,15:01:33,-49.7,
20250516,15:01:33,-49.8,
20250516,15:01:33,-49.9,
20250516,15:01:34,-49.6,
20250516,15:01:34,-49.4,
20250516,15:01:34,-49.5,
20250516,15:01:34,-49.6,
20250516,15:01:35,-49.8,
20250516,15:01:35,-50.3,
20250516,15:01:35,-50.5,
20250516,15:01:36,-50.3,
20250516,15:01:36,-49.4,
20250516,15:01:36,-48.6,
20250516,15:01:36,-48.2,
20250516,15:01:37,-47.8,
20250516,15:01:37,-47.7,
20250516,15:01:37,-47.7,
20250516,15:01:38,-47.7,
20250516,15:01:38,-47.8,
20250516,15:01:38,-47.9,
20250516,15:01:38,-47.7,
20250516,15:01:39,-47.5,
20250516,15:01:39,-47.1,
20250516,15:01:39,-46.8,
20250516,15:01:39,-46.8,
20250516,15:01:40,-47.2,
20250516,15:01:40,-48.1,
20250516,15:01:40,-48.5,
20250516,15:01:41,-47.9,
20250516,15:01:41,-46.8,
20250516,15:01:41,-45.5,
20250516,15:01:41,-44.6,
20250516,15:01:42,-44.3,
20250516,15:01:42,-44.4,
20250516,15:01:42,-45.1,
20250516,15:01:42,-45.7,
20250516,15:01:43,-46.4,
20250516,15:01:43,-47.1,
20250516,15:01:43,-47.6,
20250516,15:01:44,-47.8,
20250516,15:01:44,-48,
20250516,15:01:44,-47.9,
20250516,15:01:44,-47.8,
20250516,15:01:45,-47.8,
20250516,15:01:45,-48.1,
20250516,15:01:45,-48.2,
20250516,15:01:46,-48.5,
20250516,15:01:46,-48.9,
20250516,15:01:46,-48.6,
20250516,15:01:46,-47.5,
20250516,15:01:47,-46.5,
20250516,15:01:47,-45.4,
20250516,15:01:47,-45,
20250516,15:01:47,-44.7,
20250516,15:01:48,-44.8,
20250516,15:01:48,-45,
20250516,15:01:48,-45.1,
20250516,15:01:49,-45.3,
20250516,15:01:49,-45.4,
20250516,15:01:49,-45.6,
20250516,15:01:49,-45.8,
20250516,15:01:50,-46,
20250516,15:01:50,-46,
20250516,15:01:50,-46.2,
20250516,15:01:51,-46.3,
20250516,15:01:51,-46.4,
20250516,15:01:51,-46.6,
20250516,15:01:51,-47,
20250516,15:01:52,-47.6,
20250516,15:01:52,-47.8,
20250516,15:01:52,-47.7,
20250516,15:01:52,-47.5,
20250516,15:01:53,-47.3,
20250516,15:01:53,-47.3,
20250516,15:01:53,-47.3,
20250516,15:01:54,-47.7,
20250516,15:01:54,-48.9,
20250516,15:01:54,-50.1,
20250516,15:01:54,-49.6,
20250516,15:01:55,-48.2,
20250516,15:01:55,-46.4,
20250516,15:01:55,-45.2,
20250516,15:01:56,-44,
20250516,15:01:56,-42.9,
20250516,15:01:56,-41.8,
20250516,15:01:56,-41.4,
20250516,15:01:57,-41.5,
20250516,15:01:57,-42.2,
20250516,15:01:57,-43,
20250516,15:01:57,-43.9,
20250516,15:01:58,-45,
20250516,15:01:58,-45.8,
20250516,15:01:58,-46.6,
20250516,15:01:59,-47.1,
20250516,15:01:59,-47.7,
20250516,15:01:59,-48.2,
20250516,15:01:59,-48.5,
20250516,15:02:00,-48.9,
20250516,15:02:00,-49.1,
20250516,15:02:00,-49.4,
20250516,15:02:00,-49.4,
20250516,15:02:01,-49.6,
20250516,15:02:01,-49.6,
20250516,15:02:01,-49.7,
20250516,15:02:02,-49.6,
20250516,15:02:02,-49.6,
20250516,15:02:02,-49.4,
20250516,15:02:02,-49.4,
20250516,15:02:03,-49.3,
20250516,15:02:03,-49.1,
20250516,15:02:03,-49,
20250516,15:02:04,-49,
20250516,15:02:04,-48.7,
20250516,15:02:04,-48.7,
20250516,15:02:04,-48.4,
20250516,15:02:05,-48.3,
20250516,15:02:05,-48.3,
20250516,15:02:05,-48,
20250516,15:02:06,-47.9,
20250516,15:02:06,-47.7,
20250516,15:02:06,-47.5,
20250516,15:02:06,-47.4,
20250516,15:02:07,-47.2,
20250516,15:02:07,-46.9,
20250516,15:02:07,-46.9,
20250516,15:02:07,-46.8,
20250516,15:02:08,-46.8,
20250516,15:02:08,-46.9,
20250516,15:02:08,-46.9,
20250516,15:02:09,-46.8,
20250516,15:02:09,-46.8,
20250516,15:02:09,-46.7,
20250516,15:02:09,-46.3,
20250516,15:02:10,-46.2,
20250516,15:02:10,-46.2,
20250516,15:02:10,-46,
20250516,15:02:10,-46,
20250516,15:02:11,-45.8,
20250516,15:02:11,-45.6,
20250516,15:02:11,-45.3,
20250516,15:02:12,-45.2,
20250516,15:02:12,-45.1,
20250516,15:02:12,-45,
20250516,15:02:12,-44.9,
20250516,15:02:13,-44.7,
20250516,15:02:13,-44.6,
20250516,15:02:13,-44.4,
20250516,15:02:14,-44.4,
20250516,15:02:14,-44.8,
20250516,15:02:14,-45.7,
20250516,15:02:14,-46.6,
20250516,15:02:15,-47.2,
20250516,15:02:15,-47.4,
20250516,15:02:15,-47.4,
20250516,15:02:15,-47.2,
20250516,15:02:16,-47.1,
20250516,15:02:16,-47,
20250516,15:02:16,-46.9,
20250516,15:02:17,-46.8,
20250516,15:02:17,-46.8,
20250516,15:02:17,-46.7,
20250516,15:02:17,-46.5,
20250516,15:02:18,-46.5,
20250516,15:02:18,-46.4,
20250516,15:02:18,-46.2,
20250516,15:02:19,-46.3,
20250516,15:02:19,-46.2,
20250516,15:02:19,-46,
20250516,15:02:19,-46,
20250516,15:02:20,-45.9,
20250516,15:02:20,-46,
20250516,15:02:20,-46,
20250516,15:02:20,-46,
20250516,15:02:21,-45.9,
20250516,15:02:21,-46,
20250516,15:02:21,-46,
20250516,15:02:22,-46.1,
20250516,15:02:22,-46.3,
20250516,15:02:22,-46.6,
20250516,15:02:22,-46.8,
20250516,15:02:23,-47.4,
20250516,15:02:23,-48.3,
20250516,15:02:23,-49,
20250516,15:02:23,-49.5,
20250516,15:02:24,-49.8,
20250516,15:02:24,-49.9,
20250516,15:02:24,-50.1,
20250516,15:02:25,-50.1,
20250516,15:02:25,-49.9,
20250516,15:02:25,-49.8,
20250516,15:02:25,-49.9,
20250516,15:02:26,-50,
20250516,15:02:26,-50.1,
20250516,15:02:26,-50,
20250516,15:02:27,-50,
20250516,15:02:27,-49.7,
20250516,15:02:27,-49.7,
20250516,15:02:27,-49.7,
20250516,15:02:28,-49.6,
20250516,15:02:28,-49.6,
20250516,15:02:28,-49.4,
20250516,15:02:28,-49.4,
20250516,15:02:29,-49.4,
20250516,15:02:29,-49.2,
20250516,15:02:29,-49.2,
20250516,15:02:30,-49,
20250516,15:02:30,-49,
20250516,15:02:30,-49,
20250516,15:02:30,-49,
20250516,15:02:31,-48.8,
20250516,15:02:31,-48.7,
20250516,15:02:31,-48.6,
20250516,15:02:32,-48.6,
20250516,15:02:32,-48.5,
20250516,15:02:32,-48.3,
20250516,15:02:32,-48.2,
20250516,15:02:33,-48,
20250516,15:02:33,-47.8,
20250516,15:02:33,-47.7,
20250516,15:02:33,-47.5,
20250516,15:02:34,-47.4,
20250516,15:02:34,-47.3,
20250516,15:02:34,-47.2,
20250516,15:02:35,-46.9,
20250516,15:02:35,-46.9,
20250516,15:02:35,-46.8,
20250516,15:02:35,-46.6,
20250516,15:02:36,-46.5,
20250516,15:02:36,-46.4,
20250516,15:02:36,-46.4,
20250516,15:02:37,-46.4,
20250516,15:02:37,-46.4,
20250516,15:02:37,-46.7,
20250516,15:02:37,-46.8,
20250516,15:02:38,-46.9,
20250516,15:02:38,-46.9,
20250516,15:02:38,-46.8,
20250516,15:02:38,-46.7,
20250516,15:02:39,-46.5,
20250516,15:02:39,-46.3,
20250516,15:02:39,-46.1,
20250516,15:02:40,-46,
20250516,15:02:40,-45.9,
20250516,15:02:40,-45.7,
20250516,15:02:40,-45.6,
20250516,15:02:41,-45.3,
20250516,15:02:41,-45.4,
20250516,15:02:41,-45.4,
20250516,15:02:41,-45.9,
20250516,15:02:42,-46.8,
20250516,15:02:42,-47.7,
20250516,15:02:42,-48.3,
20250516,15:02:43,-48.6,
20250516,15:02:43,-48.5,
20250516,15:02:43,-48.5,
20250516,15:02:43,-48.4,
20250516,15:02:44,-48.1,
20250516,15:02:44,-48.1,
20250516,15:02:44,-48,
20250516,15:02:45,-48,
20250516,15:02:45,-48.2,
20250516,15:02:45,-48.2,
20250516,15:02:45,-48.2,
20250516,15:02:46,-48.1,
20250516,15:02:46,-47.9,
20250516,15:02:46,-47.8,
20250516,15:02:46,-47.7,
20250516,15:02:47,-47.5,
20250516,15:02:47,-47.3,
20250516,15:02:47,-47.1,
20250516,15:02:48,-47,
20250516,15:02:48,-46.9,
20250516,15:02:48,-46.8,
20250516,15:02:48,-46.8,
20250516,15:02:49,-46.6,
20250516,15:02:49,-46.4,
20250516,15:02:49,-46.3,
20250516,15:02:50,-46.1,
20250516,15:02:50,-46.1,
20250516,15:02:50,-46,
20250516,15:02:50,-45.9,
20250516,15:02:51,-45.9,
20250516,15:02:51,-45.9,
20250516,15:02:51,-46,
20250516,15:02:51,-45.9,
20250516,15:02:52,-46,
20250516,15:02:52,-45.8,
20250516,15:02:52,-45.7,
20250516,15:02:53,-45.7,
20250516,15:02:53,-45.4,
20250516,15:02:53,-45.4,
20250516,15:02:53,-45.2,
20250516,15:02:54,-45.2,
20250516,15:02:54,-45.1,
20250516,15:02:54,-45,
20250516,15:02:55,-44.9,
20250516,15:02:55,-44.7,
20250516,15:02:55,-44.7,
20250516,15:02:55,-44.5,
20250516,15:02:56,-44.3,
20250516,15:02:56,-44.1,
20250516,15:02:56,-44.3,
20250516,15:02:56,-44.3,
20250516,15:02:57,-44.9,
20250516,15:02:57,-45.3,
20250516,15:02:57,-45.9,
20250516,15:02:58,-45.8,
20250516,15:02:58,-46.1,
20250516,15:02:58,-46.2,
20250516,15:02:58,-47,
20250516,15:02:59,-48,
20250516,15:02:59,-48.8,
20250516,15:02:59,-49.4,
20250516,15:02:59,-49.8,
20250516,15:03:00,-49.9,
20250516,15:03:00,-50,
20250516,15:03:00,-49.7,
20250516,15:03:01,-49.5,
20250516,15:03:01,-49.4,
20250516,15:03:01,-49.4,
20250516,15:03:01,-49.4,
20250516,15:03:02,-48.9,
20250516,15:03:02,-49,
20250516,15:03:02,-48.7,
20250516,15:03:03,-48.8,
20250516,15:03:03,-48.9,
20250516,15:03:03,-48.8,
20250516,15:03:03,-48.5,
20250516,15:03:04,-48.5,
20250516,15:03:04,-48.5,
20250516,15:03:04,-48,
20250516,15:03:05,-47.8,
20250516,15:03:05,-47.7,
20250516,15:03:05,-47.7,
20250516,15:03:05,-47.3,
20250516,15:03:06,-47.1,
20250516,15:03:06,-47.2,
20250516,15:03:06,-47,
20250516,15:03:06,-47.1,
20250516,15:03:07,-47,
20250516,15:03:07,-47.1,
20250516,15:03:07,-46.9,
20250516,15:03:08,-46.7,
20250516,15:03:08,-46.6,
20250516,15:03:08,-46.1,
20250516,15:03:08,-46,
20250516,15:03:09,-45.7,
20250516,15:03:09,-45.5,
20250516,15:03:09,-45.4,
20250516,15:03:09,-45.1,
20250516,15:03:10,-45.1,
20250516,15:03:10,-45.3,
20250516,15:03:10,-45.6,
20250516,15:03:11,-45.8,
20250516,15:03:11,-45.8,
20250516,15:03:11,-45.8,
20250516,15:03:11,-45.8,
20250516,15:03:12,-45.8,
20250516,15:03:12,-45.6,
20250516,15:03:12,-45.4,
20250516,15:03:13,-45.3,
20250516,15:03:13,-45.4,
20250516,15:03:13,-45.2,
20250516,15:03:13,-45.2,
20250516,15:03:14,-45.1,
20250516,15:03:14,-45,
20250516,15:03:14,-45.1,
20250516,15:03:14,-45.6,
20250516,15:03:15,-46.4,
20250516,15:03:15,-46.8,
20250516,15:03:15,-47.3,
20250516,15:03:16,-47.6,
20250516,15:03:16,-47.7,
20250516,15:03:16,-47.8,
20250516,15:03:16,-48,
20250516,15:03:17,-48,
20250516,15:03:17,-48,
20250516,15:03:17,-48.3,
20250516,15:03:18,-48.2,
20250516,15:03:18,-48.2,
20250516,15:03:18,-48.2,
20250516,15:03:18,-48.3,
20250516,15:03:19,-48.1,
20250516,15:03:19,-48,
20250516,15:03:19,-47.8,
20250516,15:03:19,-47.7,
20250516,15:03:20,-47.6,
20250516,15:03:20,-47.5,
20250516,15:03:20,-47.4,
20250516,15:03:21,-47.2,
20250516,15:03:21,-47,
20250516,15:03:21,-46.8,
20250516,15:03:21,-46.8,
20250516,15:03:22,-46.7,
20250516,15:03:22,-46.7,
20250516,15:03:22,-46.6,
20250516,15:03:22,-46.6,
20250516,15:03:23,-46.7,
20250516,15:03:23,-46.8,
20250516,15:03:23,-47.3,
20250516,15:03:24,-48.1,
20250516,15:03:24,-49.5,
20250516,15:03:24,-51.8,
20250516,15:03:24,-54.5,
20250516,15:03:25,-57.1,
20250516,15:03:25,-58.7,
20250516,15:03:25,-59.2,
20250516,15:03:26,-59,
20250516,15:03:26,-58.4,
20250516,15:03:26,-57.8,
20250516,15:03:26,-57.5,
20250516,15:03:27,-57.6,
20250516,15:03:27,-57.9,
20250516,15:03:27,-58.8,
20250516,15:03:27,-59.6,
20250516,15:03:28,-60.5,
20250516,15:03:28,-61.4,
20250516,15:03:28,-62.1,
20250516,15:03:29,-62.8,
20250516,15:03:29,-63.2,
20250516,15:03:29,-63.5,
20250516,15:03:29,-63.1,
20250516,15:03:30,-62.8,
20250516,15:03:30,-62.5,
20250516,15:03:30,-62.5,
20250516,15:03:31,-62.8,
20250516,15:03:31,-63.2,
20250516,15:03:31,-63.9,
20250516,15:03:31,-64.2,
20250516,15:03:32,-64.8,
20250516,15:03:32,-65,
20250516,15:03:32,-65.1,
20250516,15:03:32,-65.3,
20250516,15:03:33,-65.4,
20250516,15:03:33,-65.5,
20250516,15:03:33,-65.6,
20250516,15:03:34,-65.6,
20250516,15:03:34,-65.7,
20250516,15:03:34,-65.7,
20250516,15:03:34,-65.7,
20250516,15:03:35,-65.6,
20250516,15:03:35,-65.6,
20250516,15:03:35,-65.4,
20250516,15:03:36,-65.3,
20250516,15:03:36,-65.2,
20250516,15:03:36,-65,
20250516,15:03:36,-64.8,
20250516,15:03:37,-64.8,
20250516,15:03:37,-64.5,
20250516,15:03:37,-64.3,
20250516,15:03:37,-64,
20250516,15:03:38,-63.9,
20250516,15:03:38,-63.6,
20250516,15:03:38,-63.4,
20250516,15:03:39,-63.1,
20250516,15:03:39,-62.8,
20250516,15:03:39,-62.5,
20250516,15:03:39,-62.2,
20250516,15:03:40,-61.9,
20250516,15:03:40,-61.6,
20250516,15:03:40,-61.3,
20250516,15:03:40,-61,
20250516,15:03:41,-60.8,
20250516,15:03:41,-60.5,
20250516,15:03:41,-60.2,
20250516,15:03:42,-59.9,
20250516,15:03:42,-59.6,
20250516,15:03:42,-59.3,
20250516,15:03:42,-59.1,
20250516,15:03:43,-58.8,
20250516,15:03:43,-58.5,
20250516,15:03:43,-58.1,
20250516,15:03:44,-57.8,
20250516,15:03:44,-57.6,
20250516,15:03:44,-57.2,
20250516,15:03:44,-56.9,
20250516,15:03:45,-56.5,
20250516,15:03:45,-56.2,
20250516,15:03:45,-55.8,
20250516,15:03:45,-55.5,
20250516,15:03:46,-55.3,
20250516,15:03:46,-55.2,
20250516,15:03:46,-55.3,
20250516,15:03:47,-55.5,
20250516,15:03:47,-56.3,
20250516,15:03:47,-56.9,
20250516,15:03:47,-57.1,
20250516,15:03:48,-57.8,
20250516,15:03:48,-59,
20250516,15:03:48,-60.5,
20250516,15:03:49,-61.7,
20250516,15:03:49,-62.4,
20250516,15:03:49,-62.8,
20250516,15:03:49,-62.6,
20250516,15:03:50,-62.6,
20250516,15:03:50,-62.6,
20250516,15:03:50,-62.5,
20250516,15:03:50,-62.4,
20250516,15:03:51,-62.4,
20250516,15:03:51,-62.4,
20250516,15:03:51,-62.3,
20250516,15:03:52,-62.3,
20250516,15:03:52,-62.6,
20250516,15:03:52,-62.5,
20250516,15:03:52,-62.7,
20250516,15:03:53,-62.6,
20250516,15:03:53,-62.4,
20250516,15:03:53,-62.2,
20250516,15:03:53,-62.2,
20250516,15:03:54,-62,
20250516,15:03:54,-61.9,
20250516,15:03:54,-61.9,
20250516,15:03:55,-61.7,
20250516,15:03:55,-61.6,
20250516,15:03:55,-61.4,
20250516,15:03:55,-61.3,
20250516,15:03:56,-61.4,
20250516,15:03:56,-61.3,
20250516,15:03:56,-61,
20250516,15:03:57,-60.8,
20250516,15:03:57,-60.7,
20250516,15:03:57,-60.6,
20250516,15:03:57,-60.5,
20250516,15:03:58,-60.4,
20250516,15:03:58,-60.2,
20250516,15:03:58,-60.2,
20250516,15:03:58,-59.9,
20250516,15:03:59,-59.6,
20250516,15:03:59,-59.6,
20250516,15:03:59,-59.3,
20250516,15:04:00,-59.4,
20250516,15:04:00,-59.7,
20250516,15:04:00,-60.2,
20250516,15:04:00,-60.6,
20250516,15:04:01,-60.9,
20250516,15:04:01,-61,
20250516,15:04:01,-60.8,
20250516,15:04:02,-60.7,
20250516,15:04:02,-60.5,
20250516,15:04:02,-60.3,
20250516,15:04:02,-60.1,
20250516,15:04:03,-59.8,
20250516,15:04:03,-59.6,
20250516,15:04:03,-59.4,
20250516,15:04:03,-59.2,
20250516,15:04:04,-58.9,
20250516,15:04:04,-58.7,
20250516,15:04:04,-58.6,
20250516,15:04:05,-58.4,
20250516,15:04:05,-58.2,
20250516,15:04:05,-58.1,
20250516,15:04:05,-58,
20250516,15:04:06,-57.9,
20250516,15:04:06,-57.9,
20250516,15:04:06,-57.7,
20250516,15:04:07,-57.5,
20250516,15:04:07,-57.5,
20250516,15:04:07,-57.4,
20250516,15:04:07,-57.4,
20250516,15:04:08,-57.2,
20250516,15:04:08,-57.1,
20250516,15:04:08,-57.2,
20250516,15:04:08,-57.4,
20250516,15:04:09,-57.4,
20250516,15:04:09,-57.3,
20250516,15:04:09,-57.3,
20250516,15:04:10,-57.1,
20250516,15:04:10,-56.9,
20250516,15:04:10,-56.6,
20250516,15:04:10,-56.3,
20250516,15:04:11,-56.2,
20250516,15:04:11,-56,
20250516,15:04:11,-55.8,
20250516,15:04:11,-55.6,
20250516,15:04:12,-55.4,
20250516,15:04:12,-55.5,
20250516,15:04:12,-55.7,
20250516,15:04:13,-55.9,
20250516,15:04:13,-55.8,
20250516,15:04:13,-55.7,
20250516,15:04:13,-55.5,
20250516,15:04:14,-55.4,
20250516,15:04:14,-55.3,
20250516,15:04:14,-55,
20250516,15:04:15,-54.7,
20250516,15:04:15,-54.5,
20250516,15:04:15,-54.4,
20250516,15:04:15,-54.1,
20250516,15:04:16,-53.9,
20250516,15:04:16,-53.7,
20250516,15:04:16,-53.6,
20250516,15:04:17,-53.3,
20250516,15:04:17,-53.2,
20250516,15:04:17,-52.9,
20250516,15:04:17,-52.7,
20250516,15:04:18,-52.6,
20250516,15:04:18,-52.4,
20250516,15:04:18,-52.3,
20250516,15:04:18,-52.2,
20250516,15:04:19,-52.3,
20250516,15:04:19,-52.2,
20250516,15:04:19,-52.2,
20250516,15:04:20,-52.1,
20250516,15:04:20,-52.2,
20250516,15:04:20,-52.3,
20250516,15:04:20,-52.4,
20250516,15:04:21,-52.5,
20250516,15:04:21,-52.7,
20250516,15:04:21,-52.6,
20250516,15:04:21,-52.3,
20250516,15:04:22,-52.2,
20250516,15:04:22,-52.2,
20250516,15:04:22,-52.8,
20250516,15:04:23,-54.5,
20250516,15:04:23,-57.4,
20250516,15:04:23,-60.6,
20250516,15:04:23,-63.3,
20250516,15:04:24,-65.1,
20250516,15:04:24,-65.9,
20250516,15:04:24,-65.9,
20250516,15:04:24,-65.7,
20250516,15:04:25,-65.6,
20250516,15:04:25,-65.6,
20250516,15:04:25,-65.6,
20250516,15:04:26,-65.8,
20250516,15:04:26,-65.9,
20250516,15:04:26,-65.9,
20250516,15:04:26,-66,
20250516,15:04:27,-65.8,
20250516,15:04:27,-65.4,
20250516,15:04:27,-65.2,
20250516,15:04:28,-65,
20250516,15:04:28,-64.8,
20250516,15:04:28,-64.7,
20250516,15:04:28,-64.5,
20250516,15:04:29,-64.2,
20250516,15:04:29,-64,
20250516,15:04:29,-63.9,
20250516,15:04:30,-63.8,
20250516,15:04:30,-63.8,
20250516,15:04:30,-63.8,
20250516,15:04:30,-63.8,
20250516,15:04:31,-63.6,
20250516,15:04:31,-63.4,
20250516,15:04:31,-63.1,
20250516,15:04:31,-63.1,
20250516,15:04:32,-62.9,
20250516,15:04:32,-62.6,
20250516,15:04:32,-62.5,
20250516,15:04:33,-62.4,
20250516,15:04:33,-62.1,
20250516,15:04:33,-61.8,
20250516,15:04:33,-61.4,
20250516,15:04:34,-61.1,
20250516,15:04:34,-60.9,
20250516,15:04:34,-60.6,
20250516,15:04:35,-60.4,
20250516,15:04:35,-60.4,
20250516,15:04:35,-61.3,
20250516,15:04:35,-62.5,
20250516,15:04:36,-63.7,
20250516,15:04:36,-64.6,
20250516,15:04:36,-65.2,
20250516,15:04:36,-65.5,
20250516,15:04:37,-65.6,
20250516,15:04:37,-65.5,
20250516,15:04:37,-65.2,
20250516,15:04:38,-64.8,
20250516,15:04:38,-64.4,
20250516,15:04:38,-64.1,
20250516,15:04:38,-63.9,
20250516,15:04:39,-63.7,
20250516,15:04:39,-63.4,
20250516,15:04:39,-63.2,
20250516,15:04:39,-63,
20250516,15:04:40,-62.7,
20250516,15:04:40,-62.4,
20250516,15:04:40,-62.2,
20250516,15:04:41,-61.9,
20250516,15:04:41,-61.6,
20250516,15:04:41,-61.4,
20250516,15:04:41,-61.2,
20250516,15:04:42,-60.9,
20250516,15:04:42,-60.6,
20250516,15:04:42,-60.5,
20250516,15:04:43,-60.2,
20250516,15:04:43,-59.8,
20250516,15:04:43,-59.6,
20250516,15:04:43,-59.4,
20250516,15:04:44,-59.1,
20250516,15:04:44,-58.8,
20250516,15:04:44,-58.5,
20250516,15:04:44,-58.4,
20250516,15:04:45,-58.4,
20250516,15:04:45,-58.7,
20250516,15:04:45,-59,
20250516,15:04:46,-59.3,
20250516,15:04:46,-59.5,
20250516,15:04:46,-59.4,
20250516,15:04:46,-59.3,
20250516,15:04:47,-59.3,
20250516,15:04:47,-59.3,
20250516,15:04:47,-59.3,
20250516,15:04:48,-59.1,
20250516,15:04:48,-58.9,
20250516,15:04:48,-58.8,
20250516,15:04:48,-58.5,
20250516,15:04:49,-58.4,
20250516,15:04:49,-58.4,
20250516,15:04:49,-58.4,
20250516,15:04:49,-58.9,
20250516,15:04:50,-59.6,
20250516,15:04:50,-60.1,
20250516,15:04:50,-60.3,
20250516,15:04:51,-60.5,
20250516,15:04:51,-60.3,
20250516,15:04:51,-60.1,
20250516,15:04:51,-59.9,
20250516,15:04:52,-59.6,
20250516,15:04:52,-59.5,
20250516,15:04:52,-59.4,
20250516,15:04:52,-59.4,
20250516,15:04:53,-59.2,
20250516,15:04:53,-59.1,
20250516,15:04:53,-59,
20250516,15:04:54,-58.9,
20250516,15:04:54,-58.8,
20250516,15:04:54,-58.7,
20250516,15:04:54,-58.5,
20250516,15:04:55,-58.4,
20250516,15:04:55,-58.2,
20250516,15:04:55,-58.1,
20250516,15:04:56,-57.9,
20250516,15:04:56,-57.7,
20250516,15:04:56,-57.5,
20250516,15:04:56,-57.4,
20250516,15:04:57,-57.2,
20250516,15:04:57,-57.1,
20250516,15:04:57,-57,
20250516,15:04:57,-57.1,
20250516,15:04:58,-57,
20250516,15:04:58,-56.8,
20250516,15:04:58,-56.8,
20250516,15:04:59,-56.7,
20250516,15:04:59,-56.5,
20250516,15:04:59,-56.5,
20250516,15:04:59,-57.1,
20250516,15:05:00,-57.6,
20250516,15:05:00,-58.2,
20250516,15:05:00,-58.6,
20250516,15:05:01,-58.8,
20250516,15:05:01,-58.8,
20250516,15:05:01,-58.7,
20250516,15:05:01,-58.5,
20250516,15:05:02,-58.3,
20250516,15:05:02,-58.2,
20250516,15:05:02,-58.1,
20250516,15:05:02,-58,
20250516,15:05:03,-58.2,
20250516,15:05:03,-58.2,
20250516,15:05:03,-58.1,
20250516,15:05:04,-57.9,
20250516,15:05:04,-57.8,
20250516,15:05:04,-57.6,
20250516,15:05:04,-57.3,
20250516,15:05:05,-57.3,
20250516,15:05:05,-57.1,
20250516,15:05:05,-57.2,
20250516,15:05:05,-57.1,
20250516,15:05:06,-57.2,
20250516,15:05:06,-57.1,
20250516,15:05:06,-57.1,
20250516,15:05:07,-56.9,
20250516,15:05:07,-57.3,
20250516,15:05:07,-58,
20250516,15:05:07,-58.8,
20250516,15:05:08,-59.5,
20250516,15:05:08,-59.8,
20250516,15:05:08,-60,
20250516,15:05:09,-59.9,
20250516,15:05:09,-60,
20250516,15:05:09,-59.8,
20250516,15:05:09,-59.7,
20250516,15:05:10,-59.6,
20250516,15:05:10,-59.5,
20250516,15:05:10,-59.3,
20250516,15:05:10,-59.1,
20250516,15:05:11,-58.9,
20250516,15:05:11,-58.7,
20250516,15:05:11,-58.8,
20250516,15:05:12,-59.2,
20250516,15:05:12,-60.4,
20250516,15:05:12,-61.7,
20250516,15:05:12,-63.3,
20250516,15:05:13,-65.2,
20250516,15:05:13,-66.1,
20250516,15:05:13,-65.9,
20250516,15:05:14,-64.7,
20250516,15:05:14,-63,
20250516,15:05:14,-61.1,
20250516,15:05:14,-59,
20250516,15:05:15,-57.6,
20250516,15:05:15,-56.8,
20250516,15:05:15,-56.6,
20250516,15:05:15,-57.1,
20250516,15:05:16,-58.2,
20250516,15:05:16,-59.8,
20250516,15:05:16,-61.4,
20250516,15:05:17,-63.2,
20250516,15:05:17,-64.8,
20250516,15:05:17,-65.9,
20250516,15:05:17,-67.1,
20250516,15:05:18,-68,
20250516,15:05:18,-68.9,
20250516,15:05:18,-69.5,
20250516,15:05:19,-70.1,
20250516,15:05:19,-70.7,
20250516,15:05:19,-71.3,
20250516,15:05:19,-71.6,
20250516,15:05:20,-72.1,
20250516,15:05:20,-72.4,
20250516,15:05:20,-72.4,
20250516,15:05:20,-72.1,
20250516,15:05:21,-71.7,
20250516,15:05:21,-71.4,
20250516,15:05:21,-71,
20250516,15:05:22,-70.9,
20250516,15:05:22,-71,
20250516,15:05:22,-71,
20250516,15:05:22,-71.2,
20250516,15:05:23,-71.3,
20250516,15:05:23,-71.5,
20250516,15:05:23,-71.5,
20250516,15:05:23,-71.6,
20250516,15:05:24,-71.4,
20250516,15:05:24,-70.8,
20250516,15:05:24,-69.7,
20250516,15:05:25,-68.2,
20250516,15:05:25,-66.9,
20250516,15:05:25,-65.9,
20250516,15:05:25,-65.5,
20250516,15:05:26,-65.3,
20250516,15:05:26,-65.4,
20250516,15:05:26,-65.5,
20250516,15:05:27,-65.6,
20250516,15:05:27,-65.8,
20250516,15:05:27,-65.9,
20250516,15:05:27,-66.2,
20250516,15:05:28,-66.3,
20250516,15:05:28,-66.4,
20250516,15:05:28,-66.4,
20250516,15:05:29,-66.4,
20250516,15:05:29,-66.3,
20250516,15:05:29,-66.3,
20250516,15:05:29,-66.2,
20250516,15:05:30,-66.1,
20250516,15:05:30,-66.1,
20250516,15:05:30,-65.8,
20250516,15:05:30,-65.9,
20250516,15:05:31,-65.7,
20250516,15:05:31,-65.6,
20250516,15:05:31,-65.3,
20250516,15:05:32,-65.1,
20250516,15:05:32,-65.3,
20250516,15:05:32,-65.6,
20250516,15:05:32,-65,
20250516,15:05:33,-63.5,
20250516,15:05:33,-61.5,
20250516,15:05:33,-59.8,
20250516,15:05:33,-58.4,
20250516,15:05:34,-57.7,
20250516,15:05:34,-57.2,
20250516,15:05:34,-57.1,
20250516,15:05:35,-57.2,
20250516,15:05:35,-57.4,
20250516,15:05:35,-57.8,
20250516,15:05:35,-58.1,
20250516,15:05:36,-58.7,
20250516,15:05:36,-59.3,
20250516,15:05:36,-59.8,
20250516,15:05:37,-60.4,
20250516,15:05:37,-61.3,
20250516,15:05:37,-62.2,
20250516,15:05:37,-61.9,
20250516,15:05:38,-58.9,
20250516,15:05:38,-53.8,
20250516,15:05:38,-49.8,
20250516,15:05:38,-47.5,
20250516,15:05:39,-46.2,
20250516,15:05:39,-45.5,
20250516,15:05:39,-43.7,
20250516,15:05:40,-40.6,
20250516,15:05:40,-33.2,
20250516,15:05:40,-28.5,
20250516,15:05:40,-26.6,
20250516,15:05:41,-24.6,
20250516,15:05:41,-23.9,
20250516,15:05:41,-23.9,
20250516,15:05:42,-24.4,
20250516,15:05:42,-24.9,
20250516,15:05:42,-26,
20250516,15:05:42,-27.1,
20250516,15:05:43,-28.1,
20250516,15:05:43,-29.8,
20250516,15:05:43,-31.5,
20250516,15:05:43,-33,
20250516,15:05:44,-33.4,
20250516,15:05:44,-32.5,
20250516,15:05:44,-31.2,
20250516,15:05:45,-30.1,
20250516,15:05:45,-29.5,
20250516,15:05:45,-29.4,
20250516,15:05:45,-29,
20250516,15:05:46,-29.2,
20250516,15:05:46,-30.1,
20250516,15:05:46,-31.3,
20250516,15:05:46,-32.2,
20250516,15:05:47,-33,
20250516,15:05:47,-33.4,
20250516,15:05:47,-33.6,
20250516,15:05:48,-33.5,
20250516,15:05:48,-33.2,
20250516,15:05:48,-33.3,
20250516,15:05:48,-33.7,
20250516,15:05:49,-34,
20250516,15:05:49,-34.5,
20250516,15:05:49,-34.8,
20250516,15:05:50,-35.1,
20250516,15:05:50,-35.5,
20250516,15:05:50,-35.7,
20250516,15:05:50,-35.6,
20250516,15:05:51,-34.9,
20250516,15:05:51,-34,
20250516,15:05:51,-33.2,
20250516,15:05:51,-32.3,
20250516,15:05:52,-32.2,
20250516,15:05:52,-32.5,
20250516,15:05:52,-33,
20250516,15:05:53,-33.2,
20250516,15:05:53,-32,
20250516,15:05:53,-29.8,
20250516,15:05:53,-27.4,
20250516,15:05:54,-26.1,
20250516,15:05:54,-25.2,
20250516,15:05:54,-24.6,
20250516,15:05:55,-24.1,
20250516,15:05:55,-23.8,
20250516,15:05:55,-23.9,
20250516,15:05:55,-24.3,
20250516,15:05:56,-25.5,
20250516,15:05:56,-26.4,
20250516,15:05:56,-27.8,
20250516,15:05:56,-29.1,
20250516,15:05:57,-30.5,
20250516,15:05:57,-31.6,
20250516,15:05:57,-32.6,
20250516,15:05:58,-33.4,
20250516,15:05:58,-34,
20250516,15:05:58,-34.4,
20250516,15:05:58,-34.4,
20250516,15:05:59,-34.5,
20250516,15:05:59,-34.7,
20250516,15:05:59,-34.8,
20250516,15:06:00,-35.1,
20250516,15:06:00,-35.3,
20250516,15:06:00,-35.9,
20250516,15:06:00,-36.2,
20250516,15:06:01,-36.6,
20250516,15:06:01,-35.7,
20250516,15:06:01,-34.7,
20250516,15:06:01,-33.8,
20250516,15:06:02,-33.2,
20250516,15:06:02,-32.9,
20250516,15:06:02,-32.9,
20250516,15:06:03,-33.2,
20250516,15:06:03,-33.6,
20250516,15:06:03,-34.1,
20250516,15:06:03,-34.9,
20250516,15:06:04,-35.2,
20250516,15:06:04,-35.7,
20250516,15:06:04,-36,
20250516,15:06:04,-36.4,
20250516,15:06:05,-36.7,
20250516,15:06:05,-37.1,
20250516,15:06:05,-37,
20250516,15:06:06,-37.3,
20250516,15:06:06,-37.4,
20250516,15:06:06,-37.6,
20250516,15:06:06,-37.7,
20250516,15:06:07,-37.8,
20250516,15:06:07,-37.9,
20250516,15:06:07,-38.1,
20250516,15:06:08,-38.1,
20250516,15:06:08,-38.2,
20250516,15:06:08,-38.4,
20250516,15:06:08,-38.5,
20250516,15:06:09,-38.4,
20250516,15:06:09,-38.3,
20250516,15:06:09,-38.2,
20250516,15:06:09,-38.3,
20250516,15:06:10,-38.4,
20250516,15:06:10,-38.9,
20250516,15:06:10,-39.3,
20250516,15:06:11,-39.6,
20250516,15:06:11,-39.5,
20250516,15:06:11,-39.5,
20250516,15:06:11,-39.4,
20250516,15:06:12,-39.5,
20250516,15:06:12,-39.3,
20250516,15:06:12,-39.3,
20250516,15:06:13,-39.5,
20250516,15:06:13,-39.6,
20250516,15:06:13,-39.7,
20250516,15:06:13,-39.7,
20250516,15:06:14,-39.9,
20250516,15:06:14,-39.8,
20250516,15:06:14,-39.9,
20250516,15:06:14,-39.9,
20250516,15:06:15,-40,
20250516,15:06:15,-40,
20250516,15:06:15,-40,
20250516,15:06:16,-40,
20250516,15:06:16,-40,
20250516,15:06:16,-40,
20250516,15:06:16,-40,
20250516,15:06:17,-39.9,
20250516,15:06:17,-39.8,
20250516,15:06:17,-39.8,
20250516,15:06:18,-39.7,
20250516,15:06:18,-39.5,
20250516,15:06:18,-39.4,
20250516,15:06:18,-39.4,
20250516,15:06:19,-39.3,
20250516,15:06:19,-39.3,
20250516,15:06:19,-39.2,
20250516,15:06:19,-39.2,
20250516,15:06:20,-39.1,
20250516,15:06:20,-39.1,
20250516,15:06:20,-38.9,
20250516,15:06:21,-38.8,
20250516,15:06:21,-38.8,
20250516,15:06:21,-38.6,
20250516,15:06:21,-38.6,
20250516,15:06:22,-38.6,
20250516,15:06:22,-38.5,
20250516,15:06:22,-38.5,
20250516,15:06:23,-38.4,
20250516,15:06:23,-38.7,
20250516,15:06:23,-38.8,
20250516,15:06:23,-39,
20250516,15:06:24,-39.3,
20250516,15:06:24,-39.5,
20250516,15:06:24,-39.6,
20250516,15:06:24,-39.6,
20250516,15:06:25,-39.5,
20250516,15:06:25,-39.4,
20250516,15:06:25,-39.3,
20250516,15:06:26,-39.3,
20250516,15:06:26,-39.5,
20250516,15:06:26,-39.5,
20250516,15:06:26,-39.6,
20250516,15:06:27,-39.7,
20250516,15:06:27,-39.7,
20250516,15:06:27,-39.5,
20250516,15:06:27,-39.2,
20250516,15:06:28,-38.9,
20250516,15:06:28,-38.7,
20250516,15:06:28,-38.6,
20250516,15:06:29,-38.5,
20250516,15:06:29,-38.4,
20250516,15:06:29,-38.4,
20250516,15:06:29,-38.4,
20250516,15:06:30,-38.4,
20250516,15:06:30,-38.3,
20250516,15:06:30,-38.4,
20250516,15:06:31,-38.3,
20250516,15:06:31,-38.2,
20250516,15:06:31,-38.1,
20250516,15:06:31,-38,
20250516,15:06:32,-38,
20250516,15:06:32,-37.9,
20250516,15:06:32,-37.9,
20250516,15:06:32,-37.8,
20250516,15:06:33,-37.7,
20250516,15:06:33,-37.7,
20250516,15:06:33,-37.6,
20250516,15:06:34,-37.7,
20250516,15:06:34,-37.9,
20250516,15:06:34,-37.8,
20250516,15:06:34,-37.7,
20250516,15:06:35,-37.6,
20250516,15:06:35,-37.4,
20250516,15:06:35,-37.4,
20250516,15:06:35,-37.2,
20250516,15:06:36,-37,
20250516,15:06:36,-36.9,
20250516,15:06:36,-36.8,
20250516,15:06:37,-36.7,
20250516,15:06:37,-36.6,
20250516,15:06:37,-36.6,
20250516,15:06:37,-36.5,
20250516,15:06:38,-36.3,
20250516,15:06:38,-36.1,
20250516,15:06:38,-36.1,
20250516,15:06:39,-35.9,
20250516,15:06:39,-36,
20250516,15:06:39,-35.8,
20250516,15:06:39,-35.7,
20250516,15:06:40,-35.6,
20250516,15:06:40,-35.5,
20250516,15:06:40,-35.4,
20250516,15:06:41,-35.4,
20250516,15:06:41,-35.2,
20250516,15:06:41,-35.1,
20250516,15:06:41,-34.9,
20250516,15:06:42,-34.9,
20250516,15:06:42,-34.8,
20250516,15:06:42,-34.7,
20250516,15:06:42,-34.5,
20250516,15:06:43,-34.5,
20250516,15:06:43,-34.5,
20250516,15:06:43,-34.7,
20250516,15:06:44,-34.9,
20250516,15:06:44,-35.1,
20250516,15:06:44,-35.1,
20250516,15:06:44,-35.1,
20250516,15:06:45,-35.1,
20250516,15:06:45,-35,
20250516,15:06:45,-34.9,
20250516,15:06:45,-34.9,
20250516,15:06:46,-34.8,
20250516,15:06:46,-34.6,
20250516,15:06:46,-34.6,
20250516,15:06:47,-34.4,
20250516,15:06:47,-34.4,
20250516,15:06:47,-34.4,
20250516,15:06:47,-34.3,
20250516,15:06:48,-34.2,
20250516,15:06:48,-34.2,
20250516,15:06:48,-34.1,
20250516,15:06:49,-34.1,
20250516,15:06:49,-34.1,
20250516,15:06:49,-34,
20250516,15:06:49,-34,
20250516,15:06:50,-34,
20250516,15:06:50,-34,
20250516,15:06:50,-34,
20250516,15:06:50,-34,
20250516,15:06:51,-34,
20250516,15:06:51,-34,
20250516,15:06:51,-34,
20250516,15:06:52,-34,
20250516,15:06:52,-34,
20250516,15:06:52,-33.9,
20250516,15:06:52,-33.7,
20250516,15:06:53,-33.7,
20250516,15:06:53,-33.6,
20250516,15:06:53,-33.4,
20250516,15:06:54,-33.4,
20250516,15:06:54,-33.3,
20250516,15:06:54,-33.2,
20250516,15:06:54,-33.2,
20250516,15:06:55,-33.2,
20250516,15:06:55,-33.1,
20250516,15:06:55,-33,
20250516,15:06:55,-33.1,
20250516,15:06:56,-32.9,
20250516,15:06:56,-32.8,
20250516,15:06:56,-32.9,
20250516,15:06:57,-32.9,
20250516,15:06:57,-32.9,
20250516,15:06:57,-32.8,
20250516,15:06:57,-32.6,
20250516,15:06:58,-32.7,
20250516,15:06:58,-32.7,
20250516,15:06:58,-32.7,
20250516,15:06:58,-32.8,
20250516,15:06:59,-32.8,
20250516,15:06:59,-32.9,
20250516,15:06:59,-32.8,
20250516,15:07:00,-33,
20250516,15:07:00,-33.2,
20250516,15:07:00,-33.3,
20250516,15:07:00,-33.5,
20250516,15:07:01,-33.6,
20250516,15:07:01,-33.6,
20250516,15:07:01,-33.6,
20250516,15:07:02,-33.6,
20250516,15:07:02,-33.5,
20250516,15:07:02,-33.5,
20250516,15:07:02,-33.5,
20250516,15:07:03,-33.4,
20250516,15:07:03,-33.4,
20250516,15:07:03,-33.4,
20250516,15:07:03,-33.5,
20250516,15:07:04,-33.8,
20250516,15:07:04,-34.2,
20250516,15:07:04,-34.6,
20250516,15:07:05,-34.9,
20250516,15:07:05,-35.2,
20250516,15:07:05,-35.3,
20250516,15:07:05,-35.4,
20250516,15:07:06,-35.3,
20250516,15:07:06,-35.2,
20250516,15:07:06,-35,
20250516,15:07:07,-35,
20250516,15:07:07,-34.9,
20250516,15:07:07,-34.9,
20250516,15:07:07,-34.8,
20250516,15:07:08,-34.9,
20250516,15:07:08,-34.9,
20250516,15:07:08,-35,
20250516,15:07:08,-35.4,
20250516,15:07:09,-35.5,
20250516,15:07:09,-35.8,
20250516,15:07:09,-36,
20250516,15:07:10,-36.2,
20250516,15:07:10,-36.4,
20250516,15:07:10,-36.3,
20250516,15:07:10,-36.3,
20250516,15:07:11,-36.3,
20250516,15:07:11,-36.2,
20250516,15:07:11,-36,
20250516,15:07:12,-36,
20250516,15:07:12,-36,
20250516,15:07:12,-36,
20250516,15:07:12,-36,
20250516,15:07:13,-36.1,
20250516,15:07:13,-36.4,
20250516,15:07:13,-36.6,
20250516,15:07:13,-37.4,
20250516,15:07:14,-38.2,
20250516,15:07:14,-39,
20250516,15:07:14,-39.6,
20250516,15:07:15,-39.9,
20250516,15:07:15,-40.2,
20250516,15:07:15,-41.2,
20250516,15:07:15,-42.8,
20250516,15:07:16,-44.6,
20250516,15:07:16,-45.7,
20250516,15:07:16,-46.4,
20250516,15:07:16,-46.4,
20250516,15:07:17,-46.5,
20250516,15:07:17,-46.8,
20250516,15:07:17,-47.1,
20250516,15:07:18,-47.7,
20250516,15:07:18,-48.2,
20250516,15:07:18,-48.8,
20250516,15:07:18,-49.3,
20250516,15:07:19,-49.5,
20250516,15:07:19,-49.7,
20250516,15:07:19,-50.1,
20250516,15:07:20,-50.1,
20250516,15:07:20,-50,
20250516,15:07:20,-49.9,
20250516,15:07:20,-49.9,
20250516,15:07:21,-50,
20250516,15:07:21,-50.1,
20250516,15:07:21,-49.9,
20250516,15:07:22,-49.8,
20250516,15:07:22,-49.7,
20250516,15:07:22,-49.6,
20250516,15:07:22,-49.5,
20250516,15:07:23,-49.3,
20250516,15:07:23,-49.3,
20250516,15:07:23,-48.8,
20250516,15:07:23,-48.8,
20250516,15:07:24,-48.6,
20250516,15:07:24,-48.5,
20250516,15:07:24,-48.3,
20250516,15:07:25,-48.1,
20250516,15:07:25,-47.9,
20250516,15:07:25,-47.7,
20250516,15:07:25,-47.4,
20250516,15:07:26,-47.1,
20250516,15:07:26,-47.1,
20250516,15:07:26,-46.8,
20250516,15:07:26,-46.6,
20250516,15:07:27,-46.5,
20250516,15:07:27,-46.2,
20250516,15:07:27,-46.4,
20250516,15:07:28,-47.2,
20250516,15:07:28,-48.1,
20250516,15:07:28,-49.2,
20250516,15:07:28,-49.8,
20250516,15:07:29,-50.1,
20250516,15:07:29,-50.1,
20250516,15:07:29,-50,
20250516,15:07:30,-49.7,
20250516,15:07:30,-49.7,
20250516,15:07:30,-49.8,
20250516,15:07:30,-50.1,
20250516,15:07:31,-50.3,
20250516,15:07:31,-50.1,
20250516,15:07:31,-49.7,
20250516,15:07:31,-49.4,
20250516,15:07:32,-49.1,
20250516,15:07:32,-48.9,
20250516,15:07:32,-48.7,
20250516,15:07:33,-48.6,
20250516,15:07:33,-48.5,
20250516,15:07:33,-48.5,
20250516,15:07:33,-48.2,
20250516,15:07:34,-48.1,
20250516,15:07:34,-48,
20250516,15:07:34,-47.7,
20250516,15:07:35,-47.6,
20250516,15:07:35,-47.5,
20250516,15:07:35,-47.4,
20250516,15:07:35,-47.6,
20250516,15:07:36,-48.5,
20250516,15:07:36,-50.3,
20250516,15:07:36,-51.7,
20250516,15:07:36,-52,
20250516,15:07:37,-51.7,
20250516,15:07:37,-51.1,
20250516,15:07:37,-50.8,
20250516,15:07:38,-50.6,
20250516,15:07:38,-50.7,
20250516,15:07:38,-51.1,
20250516,15:07:38,-51,
20250516,15:07:39,-50,
20250516,15:07:39,-48.7,
20250516,15:07:39,-47.8,
20250516,15:07:39,-47.2,
20250516,15:07:40,-47,
20250516,15:07:40,-47.3,
20250516,15:07:40,-47.5,
20250516,15:07:41,-47.9,
20250516,15:07:41,-48.2,
20250516,15:07:41,-48.4,
20250516,15:07:41,-48.7,
20250516,15:07:42,-49,
20250516,15:07:42,-49.1,
20250516,15:07:42,-49.2,
20250516,15:07:43,-49.4,
20250516,15:07:43,-49.3,
20250516,15:07:43,-49.5,
20250516,15:07:43,-49.5,
20250516,15:07:44,-49.5,
20250516,15:07:44,-49.5,
20250516,15:07:44,-49.6,
20250516,15:07:44,-49.6,
20250516,15:07:45,-49.7,
20250516,15:07:45,-50.1,
20250516,15:07:45,-50.4,
20250516,15:07:46,-50.4,
20250516,15:07:46,-50.3,
20250516,15:07:46,-50.1,
20250516,15:07:46,-49.7,
20250516,15:07:47,-49.5,
20250516,15:07:47,-49.4,
20250516,15:07:47,-49.4,
20250516,15:07:48,-49.4,
20250516,15:07:48,-49.4,
20250516,15:07:48,-49.6,
20250516,15:07:48,-50.5,
20250516,15:07:49,-51.4,
20250516,15:07:49,-51.2,
20250516,15:07:49,-49.7,
20250516,15:07:49,-48.1,
20250516,15:07:50,-46.8,
20250516,15:07:50,-46.2,
20250516,15:07:50,-46.4,
20250516,15:07:51,-46.8,
20250516,15:07:51,-47.2,
20250516,15:07:51,-47.7,
20250516,15:07:51,-48.1,
20250516,15:07:52,-48.4,
20250516,15:07:52,-48.7,
20250516,15:07:52,-48.9,
20250516,15:07:53,-49,
20250516,15:07:53,-49.1,
20250516,15:07:53,-49.1,
20250516,15:07:53,-49,
20250516,15:07:54,-48.8,
20250516,15:07:54,-48.7,
20250516,15:07:54,-48.8,
20250516,15:07:54,-48.9,
20250516,15:07:55,-48.9,
20250516,15:07:55,-49.2,
20250516,15:07:55,-49.5,
20250516,15:07:56,-49.8,
20250516,15:07:56,-49.8,
20250516,15:07:56,-49.6,
20250516,15:07:56,-49.4,
20250516,15:07:57,-49,
20250516,15:07:57,-48.8,
20250516,15:07:57,-48.5,
20250516,15:07:57,-48.4,
20250516,15:07:58,-48.2,
20250516,15:07:58,-48,
20250516,15:07:58,-47.9,
20250516,15:07:59,-47.9,
20250516,15:07:59,-48,
20250516,15:07:59,-48,
20250516,15:07:59,-47.9,
20250516,15:08:00,-47.8,
20250516,15:08:00,-47.7,
20250516,15:08:00,-47.6,
20250516,15:08:01,-47.5,
20250516,15:08:01,-47.6,
20250516,15:08:01,-47.3,
20250516,15:08:01,-47.2,
20250516,15:08:02,-47,
20250516,15:08:02,-47,
20250516,15:08:02,-46.8,
20250516,15:08:02,-46.7,
20250516,15:08:03,-46.7,
20250516,15:08:03,-46.6,
20250516,15:08:03,-46.7,
20250516,15:08:04,-46.8,
20250516,15:08:04,-46.9,
20250516,15:08:04,-47.1,
20250516,15:08:04,-47.2,
20250516,15:08:05,-47,
20250516,15:08:05,-46.9,
20250516,15:08:05,-46.6,
20250516,15:08:06,-46.4,
20250516,15:08:06,-46.5,
20250516,15:08:06,-46.1,
20250516,15:08:06,-46,
20250516,15:08:07,-45.9,
20250516,15:08:07,-45.8,
20250516,15:08:07,-45.6,
20250516,15:08:07,-45.3,
20250516,15:08:08,-45.1,
20250516,15:08:08,-45.1,
20250516,15:08:08,-45,
20250516,15:08:09,-44.6,
20250516,15:08:09,-44.5,
20250516,15:08:09,-44.4,
20250516,15:08:09,-44.2,
20250516,15:08:10,-43.9,
20250516,15:08:10,-43.7,
20250516,15:08:10,-43.5,
20250516,15:08:11,-43.4,
20250516,15:08:11,-43.3,
20250516,15:08:11,-43.1,
20250516,15:08:11,-42.7,
20250516,15:08:12,-42.5,
20250516,15:08:12,-42.3,
20250516,15:08:12,-42.2,
20250516,15:08:12,-41.8,
20250516,15:08:13,-41.7,
20250516,15:08:13,-41.5,
20250516,15:08:13,-41.4,
20250516,15:08:14,-41.4,
20250516,15:08:14,-41.2,
20250516,15:08:14,-41.2,
20250516,15:08:14,-40.9,
20250516,15:08:15,-40.8,
20250516,15:08:15,-40.8,
20250516,15:08:15,-40.5,
20250516,15:08:15,-40.4,
20250516,15:08:16,-40.1,
20250516,15:08:16,-40,
20250516,15:08:16,-39.8,
20250516,15:08:17,-39.6,
20250516,15:08:17,-39.4,
20250516,15:08:17,-39.2,
20250516,15:08:17,-39.1,
20250516,15:08:18,-38.9,
20250516,15:08:18,-38.6,
20250516,15:08:18,-38.5,
20250516,15:08:19,-38.3,
20250516,15:08:19,-38.2,
20250516,15:08:19,-37.9,
20250516,15:08:19,-37.6,
20250516,15:08:20,-37.4,
20250516,15:08:20,-37.3,
20250516,15:08:20,-37.2,
20250516,15:08:20,-37,
20250516,15:08:21,-36.7,
20250516,15:08:21,-36.6,
20250516,15:08:21,-36.4,
20250516,15:08:22,-36.2,
20250516,15:08:22,-36,
20250516,15:08:22,-35.8,
20250516,15:08:22,-35.6,
20250516,15:08:23,-35.4,
20250516,15:08:23,-35.3,
20250516,15:08:23,-35,
20250516,15:08:24,-34.9,
20250516,15:08:24,-34.8,
20250516,15:08:24,-34.6,
20250516,15:08:24,-34.5,
20250516,15:08:25,-34.3,
20250516,15:08:25,-34.3,
20250516,15:08:25,-34.1,
20250516,15:08:25,-34,
20250516,15:08:26,-33.9,
20250516,15:08:26,-33.7,
20250516,15:08:26,-33.6,
20250516,15:08:27,-33.4,
20250516,15:08:27,-33.2,
20250516,15:08:27,-33.2,
20250516,15:08:27,-33,
20250516,15:08:28,-32.9,
20250516,15:08:28,-32.8,
20250516,15:08:28,-32.6,
20250516,15:08:28,-32.4,
20250516,15:08:29,-32.4,
20250516,15:08:29,-32.3,
20250516,15:08:29,-32.2,
20250516,15:08:30,-32,
20250516,15:08:30,-32,
20250516,15:08:30,-31.9,
20250516,15:08:30,-31.7,
20250516,15:08:31,-31.6,
20250516,15:08:31,-31.6,
20250516,15:08:31,-31.5,
20250516,15:08:32,-31.4,
20250516,15:08:32,-31.4,
20250516,15:08:32,-31.3,
20250516,15:08:32,-31.5,
20250516,15:08:33,-31.6,
20250516,15:08:33,-31.8,
20250516,15:08:33,-31.9,
20250516,15:08:34,-32,
20250516,15:08:34,-32,
20250516,15:08:34,-32.1,
20250516,15:08:34,-32.1,
20250516,15:08:35,-32.3,
20250516,15:08:35,-32.4,
20250516,15:08:35,-32.4,
20250516,15:08:35,-32.4,
20250516,15:08:36,-32.4,
20250516,15:08:36,-32.3,
20250516,15:08:36,-32.4,
20250516,15:08:37,-32.5,
20250516,15:08:37,-32.6,
20250516,15:08:37,-32.5,
20250516,15:08:37,-32.6,
20250516,15:08:38,-32.6,
20250516,15:08:38,-32.6,
20250516,15:08:38,-32.6,
20250516,15:08:38,-32.5,
20250516,15:08:39,-32.4,
20250516,15:08:39,-32.3,
20250516,15:08:39,-32.3,
20250516,15:08:40,-32.7,
20250516,15:08:40,-33.2,
20250516,15:08:40,-34,
20250516,15:08:40,-35,
20250516,15:08:41,-35.7,
20250516,15:08:41,-36,
20250516,15:08:41,-36.4,
20250516,15:08:42,-36.6,
20250516,15:08:42,-36.5,
20250516,15:08:42,-36.5,
20250516,15:08:42,-36.4,
20250516,15:08:43,-36.4,
20250516,15:08:43,-36.3,
20250516,15:08:43,-36.3,
20250516,15:08:43,-36.1,
20250516,15:08:44,-35.9,
20250516,15:08:44,-35.8,
20250516,15:08:44,-35.7,
20250516,15:08:45,-35.9,
20250516,15:08:45,-37.4,
20250516,15:08:45,-39.9,
20250516,15:08:45,-42.7,
20250516,15:08:46,-45.4,
20250516,15:08:46,-47.3,
20250516,15:08:46,-48.5,
20250516,15:08:47,-49.5,
20250516,15:08:47,-50.3,
20250516,15:08:47,-50.3,
20250516,15:08:47,-50.5,
20250516,15:08:48,-50.5,
20250516,15:08:48,-50.4,
20250516,15:08:48,-50.3,
20250516,15:08:48,-50.2,
20250516,15:08:49,-49.8,
20250516,15:08:49,-49.9,
20250516,15:08:49,-50.7,
20250516,15:08:50,-52.1,
20250516,15:08:50,-53,
20250516,15:08:50,-53.7,
20250516,15:08:50,-53.8,
20250516,15:08:51,-53.5,
20250516,15:08:51,-53.1,
20250516,15:08:51,-52.8,
20250516,15:08:52,-52.6,
20250516,15:08:52,-52.8,
20250516,15:08:52,-53.5,
20250516,15:08:52,-54,
20250516,15:08:53,-54.6,
20250516,15:08:53,-54.9,
20250516,15:08:53,-55.3,
20250516,15:08:53,-55.4,
20250516,15:08:54,-55.5,
20250516,15:08:54,-55.4,
20250516,15:08:54,-55.4,
20250516,15:08:55,-55.2,
20250516,15:08:55,-55.2,
20250516,15:08:55,-55,
20250516,15:08:55,-54.8,
20250516,15:08:56,-54.6,
20250516,15:08:56,-54.5,
20250516,15:08:56,-54.3,
20250516,15:08:56,-54.2,
20250516,15:08:57,-53.9,
20250516,15:08:57,-53.8,
20250516,15:08:57,-53.7,
20250516,15:08:58,-53.6,
20250516,15:08:58,-53.2,
20250516,15:08:58,-53.1,
20250516,15:08:58,-52.9,
20250516,15:08:59,-52.8,
20250516,15:08:59,-52.5,
20250516,15:08:59,-52.2,
20250516,15:09:00,-51.9,
20250516,15:09:00,-51.7,
20250516,15:09:00,-51.3,
20250516,15:09:00,-51.1,
20250516,15:09:01,-51,
20250516,15:09:01,-50.7,
20250516,15:09:01,-50.5,
20250516,15:09:01,-50.3,
20250516,15:09:02,-50,
20250516,15:09:02,-49.5,
20250516,15:09:02,-49.3,
20250516,15:09:03,-49,
20250516,15:09:03,-48.6,
20250516,15:09:03,-48.3,
20250516,15:09:03,-48.2,
20250516,15:09:04,-48,
20250516,15:09:04,-48.1,
20250516,15:09:04,-48.5,
20250516,15:09:05,-49,
20250516,15:09:05,-49,
20250516,15:09:05,-49.2,
20250516,15:09:05,-49,
20250516,15:09:06,-48.8,
20250516,15:09:06,-48.5,
20250516,15:09:06,-48.2,
20250516,15:09:06,-48.3,
20250516,15:09:07,-48.1,
20250516,15:09:07,-47.8,
20250516,15:09:07,-47.7,
20250516,15:09:08,-47.4,
20250516,15:09:08,-47.4,
20250516,15:09:08,-47.6,
20250516,15:09:08,-48.1,
20250516,15:09:09,-48.5,
20250516,15:09:09,-48.6,
20250516,15:09:09,-48.6,
20250516,15:09:09,-48.5,
20250516,15:09:10,-48.4,
20250516,15:09:10,-48.2,
20250516,15:09:10,-48,
20250516,15:09:11,-47.7,
20250516,15:09:11,-47.3,
20250516,15:09:11,-47.1,
20250516,15:09:11,-46.8,
20250516,15:09:12,-46.6,
20250516,15:09:12,-46.4,
20250516,15:09:12,-46.1,
20250516,15:09:13,-45.9,
20250516,15:09:13,-45.8,
20250516,15:09:13,-45.4,
20250516,15:09:13,-45.1,
20250516,15:09:14,-45.1,
20250516,15:09:14,-45.1,
20250516,15:09:14,-45,
20250516,15:09:14,-45.3,
20250516,15:09:15,-45.8,
20250516,15:09:15,-46.1,
20250516,15:09:15,-46.7,
20250516,15:09:16,-46.9,
20250516,15:09:16,-47,
20250516,15:09:16,-47.1,
20250516,15:09:16,-47.6,
20250516,15:09:17,-48.3,
20250516,15:09:17,-49.6,
20250516,15:09:17,-51.7,
20250516,15:09:18,-53,
20250516,15:09:18,-53,
20250516,15:09:18,-51.8,
20250516,15:09:18,-50.3,
20250516,15:09:19,-49.4,
20250516,15:09:19,-49,
20250516,15:09:19,-49.2,
20250516,15:09:19,-49.9,
20250516,15:09:20,-50.8,
20250516,15:09:20,-51.7,
20250516,15:09:20,-52.3,
20250516,15:09:21,-52.6,
20250516,15:09:21,-52.5,
20250516,15:09:21,-52.3,
20250516,15:09:21,-52.4,
20250516,15:09:22,-52.5,
20250516,15:09:22,-52.8,
20250516,15:09:22,-53.1,
20250516,15:09:23,-53.5,
20250516,15:09:23,-53.7,
20250516,15:09:23,-53.9,
20250516,15:09:23,-54.1,
20250516,15:09:24,-54.3,
20250516,15:09:24,-54.5,
20250516,15:09:24,-54.5,
20250516,15:09:24,-54.5,
20250516,15:09:25,-54.5,
20250516,15:09:25,-54.5,
20250516,15:09:25,-54.4,
20250516,15:09:26,-54.3,
20250516,15:09:26,-54.2,
20250516,15:09:26,-54.1,
20250516,15:09:26,-54,
20250516,15:09:27,-53.9,
20250516,15:09:27,-53.8,
20250516,15:09:27,-53.7,
20250516,15:09:27,-53.7,
20250516,15:09:28,-53.7,
20250516,15:09:28,-53.7,
20250516,15:09:28,-53.6,
20250516,15:09:29,-53.2,
20250516,15:09:29,-52.8,
20250516,15:09:29,-52.4,
20250516,15:09:29,-52,
20250516,15:09:30,-51.8,
20250516,15:09:30,-51.5,
20250516,15:09:30,-51.4,
20250516,15:09:31,-51.2,
20250516,15:09:31,-51,
20250516,15:09:31,-50.8,
20250516,15:09:31,-50.6,
20250516,15:09:32,-50.3,
20250516,15:09:32,-50.2,
20250516,15:09:32,-49.8,
20250516,15:09:33,-49.7,
20250516,15:09:33,-49.4,
20250516,15:09:33,-49.3,
20250516,15:09:33,-49.2,
20250516,15:09:34,-48.9,
20250516,15:09:34,-48.8,
20250516,15:09:34,-48.5,
20250516,15:09:34,-48.3,
20250516,15:09:35,-48.2,
20250516,15:09:35,-48,
20250516,15:09:35,-47.7,
20250516,15:09:36,-47.5,
20250516,15:09:36,-47.3,
20250516,15:09:36,-47.1,
20250516,15:09:36,-47,
20250516,15:09:37,-47.1,
20250516,15:09:37,-47.1,
20250516,15:09:37,-47,
20250516,15:09:37,-46.8,
20250516,15:09:38,-46.7,
20250516,15:09:38,-46.5,
20250516,15:09:38,-46.2,
20250516,15:09:39,-45.9,
20250516,15:09:39,-45.7,
20250516,15:09:39,-45.2,
20250516,15:09:39,-45.1,
20250516,15:09:40,-44.9,
20250516,15:09:40,-44.7,
20250516,15:09:40,-44.7,
20250516,15:09:40,-44.6,
20250516,15:09:41,-44.7,
20250516,15:09:41,-45.1,
20250516,15:09:41,-46.3,
20250516,15:09:42,-48.5,
20250516,15:09:42,-50.4,
20250516,15:09:42,-51.5,
20250516,15:09:42,-52,
20250516,15:09:43,-52,
20250516,15:09:43,-52,
20250516,15:09:43,-51.7,
20250516,15:09:44,-51.7,
20250516,15:09:44,-51.7,
20250516,15:09:44,-51.6,
20250516,15:09:44,-51.4,
20250516,15:09:45,-51.2,
20250516,15:09:45,-51.1,
20250516,15:09:45,-51.8,
20250516,15:09:46,-52.5,
20250516,15:09:46,-52.1,
20250516,15:09:46,-50.6,
20250516,15:09:46,-49.1,
20250516,15:09:47,-48,
20250516,15:09:47,-47.5,
20250516,15:09:47,-47.6,
20250516,15:09:47,-48,
20250516,15:09:48,-48.5,
20250516,15:09:48,-49.1,
20250516,15:09:48,-49.5,
20250516,15:09:49,-49.7,
20250516,15:09:49,-49.8,
20250516,15:09:49,-49.8,
20250516,15:09:49,-49.6,
20250516,15:09:50,-49.5,
20250516,15:09:50,-49.7,
20250516,15:09:50,-49.6,
20250516,15:09:50,-49.6,
20250516,15:09:51,-49.5,
20250516,15:09:51,-49.5,
20250516,15:09:51,-49.4,
20250516,15:09:52,-49.4,
20250516,15:09:52,-49.3,
20250516,15:09:52,-49.2,
20250516,15:09:52,-49.2,
20250516,15:09:53,-49.1,
20250516,15:09:53,-49,
20250516,15:09:53,-48.9,
20250516,15:09:54,-48.6,
20250516,15:09:54,-48.5,
20250516,15:09:54,-48.5,
20250516,15:09:54,-48.3,
20250516,15:09:55,-48.2,
20250516,15:09:55,-47.9,
20250516,15:09:55,-47.7,
20250516,15:09:55,-47.6,
20250516,15:09:56,-47.5,
20250516,15:09:56,-47.6,
20250516,15:09:56,-47.9,
20250516,15:09:57,-48.2,
20250516,15:09:57,-48.3,
20250516,15:09:57,-48.4,
20250516,15:09:57,-48.5,
20250516,15:09:58,-48.5,
20250516,15:09:58,-48.5,
20250516,15:09:58,-48.3,
20250516,15:09:58,-48.3,
20250516,15:09:59,-48.4,
20250516,15:09:59,-48.9,
20250516,15:09:59,-49.5,
20250516,15:10:00,-50,
20250516,15:10:00,-49.8,
20250516,15:10:00,-49.7,
20250516,15:10:00,-49.4,
20250516,15:10:01,-49.3,
20250516,15:10:01,-49,
20250516,15:10:01,-48.9,
20250516,15:10:02,-48.7,
20250516,15:10:02,-48.6,
20250516,15:10:02,-48.5,
20250516,15:10:02,-48.4,
20250516,15:10:03,-48.3,
20250516,15:10:03,-48.2,
20250516,15:10:03,-48.1,
20250516,15:10:04,-48,
20250516,15:10:04,-47.9,
20250516,15:10:04,-47.9,
20250516,15:10:04,-47.7,
20250516,15:10:05,-47.6,
20250516,15:10:05,-47.5,
20250516,15:10:05,-47.4,
20250516,15:10:05,-47.3,
20250516,15:10:06,-47.1,
20250516,15:10:06,-46.9,
20250516,15:10:06,-46.9,
20250516,15:10:07,-46.8,
20250516,15:10:07,-46.9,
20250516,15:10:07,-47.4,
20250516,15:10:07,-47.9,
20250516,15:10:08,-48.5,
20250516,15:10:08,-48.7,
20250516,15:10:08,-48.8,
20250516,15:10:08,-48.7,
20250516,15:10:09,-48.6,
20250516,15:10:09,-48.4,
20250516,15:10:09,-48.3,
20250516,15:10:10,-48.1,
20250516,15:10:10,-47.9,
20250516,15:10:10,-47.7,
20250516,15:10:10,-47.6,
20250516,15:10:11,-47.6,
20250516,15:10:11,-48.1,
20250516,15:10:11,-48.5,
20250516,15:10:12,-49,
20250516,15:10:12,-49.4,
20250516,15:10:12,-49.3,
20250516,15:10:12,-49.1,
20250516,15:10:13,-48.9,
20250516,15:10:13,-48.6,
20250516,15:10:13,-48.5,
20250516,15:10:13,-48.4,
20250516,15:10:14,-48.2,
20250516,15:10:14,-48.1,
20250516,15:10:14,-47.9,
20250516,15:10:15,-47.8,
20250516,15:10:15,-47.8,
20250516,15:10:15,-47.8,
20250516,15:10:15,-47.8,
20250516,15:10:16,-47.7,
20250516,15:10:16,-47.5,
20250516,15:10:16,-47.3,
20250516,15:10:17,-47.2,
20250516,15:10:17,-47.1,
20250516,15:10:17,-47.2,
20250516,15:10:17,-47.3,
20250516,15:10:18,-47.3,
20250516,15:10:18,-47.6,
20250516,15:10:18,-48.4,
20250516,15:10:18,-48.8,
20250516,15:10:19,-48.5,
20250516,15:10:19,-48,
20250516,15:10:19,-47.5,
20250516,15:10:20,-47.2,
20250516,15:10:20,-47.1,
20250516,15:10:20,-47.3,
20250516,15:10:20,-47.4,
20250516,15:10:21,-46.9,
20250516,15:10:21,-46.5,
20250516,15:10:21,-46,
20250516,15:10:21,-45.5,
20250516,15:10:22,-45.2,
20250516,15:10:22,-45.3,
20250516,15:10:22,-45.1,
20250516,15:10:23,-44.7,
20250516,15:10:23,-44.2,
20250516,15:10:23,-43.3,
20250516,15:10:23,-42.1,
20250516,15:10:24,-40.3,
20250516,15:10:24,-37.4,
20250516,15:10:24,-34.4,
20250516,15:10:25,-32.1,
20250516,15:10:25,-31,
20250516,15:10:25,-30.1,
20250516,15:10:25,-30.6,
20250516,15:10:26,-31.5,
20250516,15:10:26,-32.6,
20250516,15:10:26,-33.9,
20250516,15:10:26,-34.9,
20250516,15:10:27,-35.9,
20250516,15:10:27,-36.7,
20250516,15:10:27,-37.4,
20250516,15:10:28,-37.9,
20250516,15:10:28,-38.3,
20250516,15:10:28,-38.6,
20250516,15:10:28,-38.8,
20250516,15:10:29,-39.1,
20250516,15:10:29,-39.3,
20250516,15:10:29,-39.5,
20250516,15:10:30,-39.6,
20250516,15:10:30,-39.5,
20250516,15:10:30,-39,
20250516,15:10:30,-38.5,
20250516,15:10:31,-38.2,
20250516,15:10:31,-37.9,
20250516,15:10:31,-38,
20250516,15:10:31,-38.1,
20250516,15:10:32,-38.3,
20250516,15:10:32,-38.3,
20250516,15:10:32,-38.4,
20250516,15:10:33,-38.4,
20250516,15:10:33,-38.3,
20250516,15:10:33,-38.3,
20250516,15:10:33,-38.3,
20250516,15:10:34,-38.3,
20250516,15:10:34,-38.3,
20250516,15:10:34,-38.1,
20250516,15:10:35,-37.9,
20250516,15:10:35,-37.8,
20250516,15:10:35,-37.7,
20250516,15:10:35,-37.5,
20250516,15:10:36,-37.5,
20250516,15:10:36,-37.4,
20250516,15:10:36,-37.4,
20250516,15:10:37,-37.3,
20250516,15:10:37,-37.2,
20250516,15:10:37,-37.1,
20250516,15:10:37,-37,
20250516,15:10:38,-36.9,
20250516,15:10:38,-36.8,
20250516,15:10:38,-36.8,
20250516,15:10:38,-36.7,
20250516,15:10:39,-36.6,
20250516,15:10:39,-36.5,
20250516,15:10:39,-36.4,
20250516,15:10:39,-36.1,
20250516,15:10:40,-36,
20250516,15:10:40,-36,
20250516,15:10:40,-35.8,
20250516,15:10:41,-35.7,
20250516,15:10:41,-35.7,
20250516,15:10:41,-35.5,
20250516,15:10:41,-35.4,
20250516,15:10:42,-35.3,
20250516,15:10:42,-35.2,
20250516,15:10:42,-35.2,
20250516,15:10:43,-35,
20250516,15:10:43,-34.9,
20250516,15:10:43,-34.9,
20250516,15:10:43,-34.7,
20250516,15:10:44,-34.6,
20250516,15:10:44,-34.5,
20250516,15:10:44,-34.5,
20250516,15:10:44,-34.6,
20250516,15:10:45,-34.7,
20250516,15:10:45,-34.8,
20250516,15:10:45,-34.9,
20250516,15:10:46,-35.1,
20250516,15:10:46,-35.3,
20250516,15:10:46,-35.4,
20250516,15:10:46,-35.4,
20250516,15:10:47,-35.3,
20250516,15:10:47,-35.2,
20250516,15:10:47,-35.1,
20250516,15:10:48,-34.9,
20250516,15:10:48,-34.9,
20250516,15:10:48,-34.9,
20250516,15:10:48,-35.5,
20250516,15:10:49,-37.1,
20250516,15:10:49,-38.9,
20250516,15:10:49,-40.3,
20250516,15:10:49,-40.9,
20250516,15:10:50,-41.4,
20250516,15:10:50,-41.7,
20250516,15:10:50,-41.8,
20250516,15:10:51,-40.6,
20250516,15:10:51,-38.7,
20250516,15:10:51,-36.4,
20250516,15:10:51,-34.3,
20250516,15:10:52,-33.1,
20250516,15:10:52,-32.8,
20250516,15:10:52,-33.2,
20250516,15:10:53,-34.3,
20250516,15:10:53,-35.7,
20250516,15:10:53,-37.1,
20250516,15:10:53,-38.2,
20250516,15:10:54,-39.3,
20250516,15:10:54,-40.4,
20250516,15:10:54,-40.9,
20250516,15:10:54,-40.4,
20250516,15:10:55,-39.6,
20250516,15:10:55,-38.6,
20250516,15:10:55,-37.9,
20250516,15:10:56,-37.7,
20250516,15:10:56,-37.9,
20250516,15:10:56,-38.3,
20250516,15:10:56,-38.6,
20250516,15:10:57,-39,
20250516,15:10:57,-39.5,
20250516,15:10:57,-39.9,
20250516,15:10:57,-40.2,
20250516,15:10:58,-40.5,
20250516,15:10:58,-40.7,
20250516,15:10:58,-40.8,
20250516,15:10:59,-40.9,
20250516,15:10:59,-40.9,
20250516,15:10:59,-40.9,
20250516,15:10:59,-40.8,
20250516,15:11:00,-40.7,
20250516,15:11:00,-40.7,
20250516,15:11:00,-40.5,
20250516,15:11:01,-40.3,
20250516,15:11:01,-40.1,
20250516,15:11:01,-40,
20250516,15:11:01,-39.9,
20250516,15:11:02,-39.7,
20250516,15:11:02,-39.5,
20250516,15:11:02,-39.3,
20250516,15:11:02,-39.1,
20250516,15:11:03,-39.1,
20250516,15:11:03,-38.8,
20250516,15:11:03,-38.7,
20250516,15:11:04,-38.5,
20250516,15:11:04,-38.3,
20250516,15:11:04,-38.1,
20250516,15:11:04,-37.8,
20250516,15:11:05,-37.5,
20250516,15:11:05,-37.3,
20250516,15:11:05,-37.1,
20250516,15:11:06,-37,
20250516,15:11:06,-37,
20250516,15:11:06,-37,
20250516,15:11:06,-36.9,
20250516,15:11:07,-36.8,
20250516,15:11:07,-36.6,
20250516,15:11:07,-36.5,
20250516,15:11:07,-36.1,
20250516,15:11:08,-35.9,
20250516,15:11:08,-35.7,
20250516,15:11:08,-35.7,
20250516,15:11:09,-35.7,
20250516,15:11:09,-35.7,
20250516,15:11:09,-35.7,
20250516,15:11:09,-35.6,
20250516,15:11:10,-35.5,
20250516,15:11:10,-35.6,
20250516,15:11:10,-36.3,
20250516,15:11:10,-37.4,
20250516,15:11:11,-37.8,
20250516,15:11:11,-37.9,
20250516,15:11:11,-37.5,
20250516,15:11:12,-37.3,
20250516,15:11:12,-37.1,
20250516,15:11:12,-36.9,
20250516,15:11:12,-36.8,
20250516,15:11:13,-36.8,
20250516,15:11:13,-36.7,
20250516,15:11:13,-36.6,
20250516,15:11:14,-36.6,
20250516,15:11:14,-36.7,
20250516,15:11:14,-37,
20250516,15:11:14,-37.3,
20250516,15:11:15,-37.5,
20250516,15:11:15,-37.5,
20250516,15:11:15,-37.4,
20250516,15:11:16,-37.5,
20250516,15:11:16,-37.7,
