静息,正性,中性,负性
13:16:24,13:18:00,13:19:18,13:23:51
,,,
CTP266,88:4A:EA:8B:D1:E6,,
,,,
,,,
,,,
,,,
,,,
,,,
20250515,13:12:40,16.2,
20250515,13:12:40,15.9,
20250515,13:12:40,16.4,
20250515,13:12:41,17.2,
20250515,13:12:41,17.9,
20250515,13:12:41,18.2,
20250515,13:12:41,18.5,
20250515,13:12:42,18.1,
20250515,13:12:42,17.7,
20250515,13:12:42,17.1,
20250515,13:12:42,16.7,
20250515,13:12:43,16.5,
20250515,13:12:43,16.3,
20250515,13:12:43,15.9,
20250515,13:12:44,16.3,
20250515,13:12:44,17.4,
20250515,13:12:44,18.4,
20250515,13:12:44,19.1,
20250515,13:12:45,19.4,
20250515,13:12:45,19.4,
20250515,13:12:45,19.1,
20250515,13:12:46,18.8,
20250515,13:12:46,18.2,
20250515,13:12:46,17.7,
20250515,13:12:46,17.1,
20250515,13:12:47,16.6,
20250515,13:12:47,16,
20250515,13:12:47,15.5,
20250515,13:12:47,15.1,
20250515,13:12:48,14.9,
20250515,13:12:48,14.7,
20250515,13:12:48,14.6,
20250515,13:12:48,14.2,
20250515,13:12:49,13.8,
20250515,13:12:49,13.7,
20250515,13:12:49,13.6,
20250515,13:12:50,13.4,
20250515,13:12:50,13.6,
20250515,13:12:50,13.8,
20250515,13:12:50,14,
20250515,13:12:51,13.9,
20250515,13:12:51,13.8,
20250515,13:12:51,13.8,
20250515,13:12:52,13.8,
20250515,13:12:52,13.8,
20250515,13:12:52,13.7,
20250515,13:12:52,13.6,
20250515,13:12:53,13.4,
20250515,13:12:53,13.2,
20250515,13:12:53,12.9,
20250515,13:12:53,12.4,
20250515,13:12:54,11.5,
20250515,13:12:54,11.2,
20250515,13:12:54,11.2,
20250515,13:12:55,11.6,
20250515,13:12:55,11.5,
20250515,13:12:55,11.2,
20250515,13:12:55,11.3,
20250515,13:12:56,11.3,
20250515,13:12:56,11.4,
20250515,13:12:56,11.3,
20250515,13:12:56,11.3,
20250515,13:12:57,11.1,
20250515,13:12:57,10.5,
20250515,13:12:57,9.9,
20250515,13:12:58,9.5,
20250515,13:12:58,9.5,
20250515,13:12:58,9.7,
20250515,13:12:58,9.9,
20250515,13:12:59,10,
20250515,13:12:59,10,
20250515,13:12:59,10,
20250515,13:13:00,9.9,
20250515,13:13:00,9.3,
20250515,13:13:00,8.1,
20250515,13:13:00,7.7,
20250515,13:13:01,8.2,
20250515,13:13:01,9,
20250515,13:13:01,9.7,
20250515,13:13:01,10.1,
20250515,13:13:02,10.4,
20250515,13:13:02,10.8,
20250515,13:13:02,10.6,
20250515,13:13:03,10.4,
20250515,13:13:03,10.3,
20250515,13:13:03,10.5,
20250515,13:13:03,10.8,
20250515,13:13:04,11,
20250515,13:13:04,11,
20250515,13:13:04,10.8,
20250515,13:13:04,10.6,
20250515,13:13:05,10.4,
20250515,13:13:05,10.2,
20250515,13:13:05,9.3,
20250515,13:13:06,8.8,
20250515,13:13:06,9.4,
20250515,13:13:06,10.5,
20250515,13:13:06,11.6,
20250515,13:13:07,12.4,
20250515,13:13:07,12.8,
20250515,13:13:07,12.9,
20250515,13:13:07,12.6,
20250515,13:13:08,12.3,
20250515,13:13:08,12.2,
20250515,13:13:08,12.2,
20250515,13:13:09,12.2,
20250515,13:13:09,12.1,
20250515,13:13:09,11.9,
20250515,13:13:09,11.7,
20250515,13:13:10,11.5,
20250515,13:13:10,11.5,
20250515,13:13:10,11.6,
20250515,13:13:11,11.6,
20250515,13:13:11,11.7,
20250515,13:13:11,11.6,
20250515,13:13:11,11.6,
20250515,13:13:12,11.6,
20250515,13:13:12,11.4,
20250515,13:13:12,11.4,
20250515,13:13:12,11.6,
20250515,13:13:13,11.8,
20250515,13:13:13,11.6,
20250515,13:13:13,11.6,
20250515,13:13:14,12,
20250515,13:13:14,12.4,
20250515,13:13:14,12.7,
20250515,13:13:14,12.9,
20250515,13:13:15,13,
20250515,13:13:15,13.2,
20250515,13:13:15,13.4,
20250515,13:13:16,13.7,
20250515,13:13:16,13.8,
20250515,13:13:16,13.7,
20250515,13:13:16,13.7,
20250515,13:13:17,13.5,
20250515,13:13:17,13.5,
20250515,13:13:17,13.4,
20250515,13:13:17,13,
20250515,13:13:18,12.7,
20250515,13:13:18,11.8,
20250515,13:13:18,11.2,
20250515,13:13:19,11.2,
20250515,13:13:19,12.2,
20250515,13:13:19,13.4,
20250515,13:13:19,14.2,
20250515,13:13:20,14.3,
20250515,13:13:20,14,
20250515,13:13:20,13.8,
20250515,13:13:21,13.7,
20250515,13:13:21,13.6,
20250515,13:13:21,13.1,
20250515,13:13:21,12.9,
20250515,13:13:22,12.9,
20250515,13:13:22,13,
20250515,13:13:22,13.2,
20250515,13:13:22,13.1,
20250515,13:13:23,13.1,
20250515,13:13:23,13.2,
20250515,13:13:23,13.2,
20250515,13:13:24,13.3,
20250515,13:13:24,13.1,
20250515,13:13:24,12.9,
20250515,13:13:24,12.8,
20250515,13:13:25,12.5,
20250515,13:13:25,12.5,
20250515,13:13:25,12.4,
20250515,13:13:25,12.3,
20250515,13:13:26,12.3,
20250515,13:13:26,12,
20250515,13:13:26,11.9,
20250515,13:13:27,11.8,
20250515,13:13:27,11.7,
20250515,13:13:27,11.4,
20250515,13:13:27,11.5,
20250515,13:13:28,11.3,
20250515,13:13:28,11.3,
20250515,13:13:28,11.2,
20250515,13:13:29,11.2,
20250515,13:13:29,11.2,
20250515,13:13:29,10.9,
20250515,13:13:29,10.6,
20250515,13:13:30,10.1,
20250515,13:13:30,9.6,
20250515,13:13:30,9.3,
20250515,13:13:30,9.2,
20250515,13:13:31,9.1,
20250515,13:13:31,8.9,
20250515,13:13:31,8.3,
20250515,13:13:32,7.2,
20250515,13:13:32,6.8,
20250515,13:13:32,6.9,
20250515,13:13:32,7.1,
20250515,13:13:33,7.5,
20250515,13:13:33,7.8,
20250515,13:13:33,7.8,
20250515,13:13:33,7.8,
20250515,13:13:34,7.8,
20250515,13:13:34,7.7,
20250515,13:13:34,7.4,
20250515,13:13:35,7.2,
20250515,13:13:35,7,
20250515,13:13:35,6.1,
20250515,13:13:35,4.9,
20250515,13:13:36,4.5,
20250515,13:13:36,4.7,
20250515,13:13:36,5.6,
20250515,13:13:36,6.8,
20250515,13:13:37,7.8,
20250515,13:13:37,8.5,
20250515,13:13:37,8.7,
20250515,13:13:38,8.7,
20250515,13:13:38,8.5,
20250515,13:13:38,8.3,
20250515,13:13:38,8.1,
20250515,13:13:39,7.8,
20250515,13:13:39,7.7,
20250515,13:13:39,7.5,
20250515,13:13:39,7.6,
20250515,13:13:40,7.9,
20250515,13:13:40,8.4,
20250515,13:13:40,8.6,
20250515,13:13:41,8.4,
20250515,13:13:41,7.7,
20250515,13:13:41,6.9,
20250515,13:13:41,6.3,
20250515,13:13:42,6.2,
20250515,13:13:42,6,
20250515,13:13:42,5.9,
20250515,13:13:42,6.3,
20250515,13:13:43,7,
20250515,13:13:43,7.4,
20250515,13:13:43,7.8,
20250515,13:13:44,7.9,
20250515,13:13:44,7.9,
20250515,13:13:44,7.8,
20250515,13:13:44,7.6,
20250515,13:13:45,7.5,
20250515,13:13:45,7.2,
20250515,13:13:45,7,
20250515,13:13:46,6.9,
20250515,13:13:46,6.8,
20250515,13:13:46,6.7,
20250515,13:13:46,6.5,
20250515,13:13:47,6.3,
20250515,13:13:47,5.7,
20250515,13:13:47,4.9,
20250515,13:13:47,4.4,
20250515,13:13:48,4.2,
20250515,13:13:48,4.2,
20250515,13:13:48,4.3,
20250515,13:13:49,4.4,
20250515,13:13:49,4.4,
20250515,13:13:49,4.5,
20250515,13:13:49,4.5,
20250515,13:13:50,4.6,
20250515,13:13:50,4.5,
20250515,13:13:50,4.4,
20250515,13:13:50,4.5,
20250515,13:13:51,4.4,
20250515,13:13:51,4.2,
20250515,13:13:51,4,
20250515,13:13:52,3.9,
20250515,13:13:52,4,
20250515,13:13:52,3.9,
20250515,13:13:52,3.9,
20250515,13:13:53,3.8,
20250515,13:13:53,3.8,
20250515,13:13:53,3.8,
20250515,13:13:54,3.7,
20250515,13:13:54,3.7,
20250515,13:13:54,3.8,
20250515,13:13:54,3.6,
20250515,13:13:55,3.1,
20250515,13:13:55,2.6,
20250515,13:13:55,2.1,
20250515,13:13:55,1.9,
20250515,13:13:56,1.8,
20250515,13:13:56,1.8,
20250515,13:13:56,1.8,
20250515,13:13:57,1.8,
20250515,13:13:57,1.8,
20250515,13:13:57,1,
20250515,13:13:57,-1,
20250515,13:13:58,-2.6,
20250515,13:13:58,-3.3,
20250515,13:13:58,-3.1,
20250515,13:13:58,-2.4,
20250515,13:13:59,-1.5,
20250515,13:13:59,-0.7,
20250515,13:13:59,0,
20250515,13:14:00,0.4,
20250515,13:14:00,0.6,
20250515,13:14:00,0.8,
20250515,13:14:00,0.7,
20250515,13:14:01,0.6,
20250515,13:14:01,0.5,
20250515,13:14:01,0.4,
20250515,13:14:01,0.4,
20250515,13:14:02,0.3,
20250515,13:14:02,0.3,
20250515,13:14:02,0.3,
20250515,13:14:03,0.3,
20250515,13:14:03,0.4,
20250515,13:14:03,0.5,
20250515,13:14:03,0.5,
20250515,13:14:04,0.7,
20250515,13:14:04,0.8,
20250515,13:14:04,0.9,
20250515,13:14:04,0.9,
20250515,13:14:05,0.2,
20250515,13:14:05,-1.6,
20250515,13:14:05,-2.9,
20250515,13:14:06,-2.7,
20250515,13:14:06,-2,
20250515,13:14:06,-1.2,
20250515,13:14:06,-0.5,
20250515,13:14:07,0,
20250515,13:14:07,0.1,
20250515,13:14:07,0.1,
20250515,13:14:08,-0.2,
20250515,13:14:08,-0.3,
20250515,13:14:08,-0.1,
20250515,13:14:08,-0.1,
20250515,13:14:09,0.1,
20250515,13:14:09,0.2,
20250515,13:14:09,0.2,
20250515,13:14:09,0.3,
20250515,13:14:10,0.1,
20250515,13:14:10,-0.1,
20250515,13:14:10,-0.2,
20250515,13:14:11,0.2,
20250515,13:14:11,0.3,
20250515,13:14:11,0.2,
20250515,13:14:11,0.2,
20250515,13:14:12,0.1,
20250515,13:14:12,-0.2,
20250515,13:14:12,-0.7,
20250515,13:14:12,-1,
20250515,13:14:13,-1,
20250515,13:14:13,-1,
20250515,13:14:13,-1.4,
20250515,13:14:14,-0.5,
20250515,13:14:14,2.5,
20250515,13:14:14,5.8,
20250515,13:14:14,8.5,
20250515,13:14:15,10.3,
20250515,13:14:15,11.2,
20250515,13:14:15,11.3,
20250515,13:14:15,11.2,
20250515,13:14:16,11,
20250515,13:14:16,10.7,
20250515,13:14:16,10.3,
20250515,13:14:17,9.6,
20250515,13:14:17,8.7,
20250515,13:14:17,7.7,
20250515,13:14:17,6.4,
20250515,13:14:18,5.4,
20250515,13:14:18,4.5,
20250515,13:14:18,3.9,
20250515,13:14:19,3.5,
20250515,13:14:19,3.3,
20250515,13:14:19,3.2,
20250515,13:14:19,3,
20250515,13:14:20,2.4,
20250515,13:14:20,2,
20250515,13:14:20,3.1,
20250515,13:14:20,4.8,
20250515,13:14:21,6.3,
20250515,13:14:21,7.3,
20250515,13:14:21,7.9,
20250515,13:14:22,8.2,
20250515,13:14:22,8.3,
20250515,13:14:22,8.2,
20250515,13:14:22,7.9,
20250515,13:14:23,7.7,
20250515,13:14:23,7.5,
20250515,13:14:23,7.3,
20250515,13:14:23,6.5,
20250515,13:14:24,5.4,
20250515,13:14:24,5.4,
20250515,13:14:24,6.4,
20250515,13:14:25,7.5,
20250515,13:14:25,8.4,
20250515,13:14:25,8.8,
20250515,13:14:25,9.1,
20250515,13:14:26,9.1,
20250515,13:14:26,8.5,
20250515,13:14:26,7.5,
20250515,13:14:27,7.3,
20250515,13:14:27,7.9,
20250515,13:14:27,8.7,
20250515,13:14:27,9.5,
20250515,13:14:28,9.9,
20250515,13:14:28,10,
20250515,13:14:28,10,
20250515,13:14:28,9.6,
20250515,13:14:29,9.2,
20250515,13:14:29,8.7,
20250515,13:14:29,8.2,
20250515,13:14:30,7.3,
20250515,13:14:30,6.6,
20250515,13:14:30,6.6,
20250515,13:14:30,7.1,
20250515,13:14:31,7.7,
20250515,13:14:31,8.2,
20250515,13:14:31,8.6,
20250515,13:14:31,8.7,
20250515,13:14:32,8.6,
20250515,13:14:32,7.9,
20250515,13:14:32,7.9,
20250515,13:14:33,8.7,
20250515,13:14:33,9.5,
20250515,13:14:33,10,
20250515,13:14:33,10.1,
20250515,13:14:34,10,
20250515,13:14:34,9.9,
20250515,13:14:34,9.8,
20250515,13:14:34,9.7,
20250515,13:14:35,9.5,
20250515,13:14:35,9.1,
20250515,13:14:35,8.3,
20250515,13:14:36,7.8,
20250515,13:14:36,7.6,
20250515,13:14:36,7.8,
20250515,13:14:36,7.9,
20250515,13:14:37,7.9,
20250515,13:14:37,7.9,
20250515,13:14:37,7.8,
20250515,13:14:37,7.6,
20250515,13:14:38,7.1,
20250515,13:14:38,7.6,
20250515,13:14:38,8.7,
20250515,13:14:39,9.6,
20250515,13:14:39,10.4,
20250515,13:14:39,10.8,
20250515,13:14:39,11,
20250515,13:14:40,10.9,
20250515,13:14:40,10.5,
20250515,13:14:40,10,
20250515,13:14:41,9.2,
20250515,13:14:41,8.7,
20250515,13:14:41,8.9,
20250515,13:14:41,9.5,
20250515,13:14:42,10.1,
20250515,13:14:42,10.4,
20250515,13:14:42,10.3,
20250515,13:14:42,9.9,
20250515,13:14:43,9.5,
20250515,13:14:43,8.8,
20250515,13:14:43,8.7,
20250515,13:14:44,8.6,
20250515,13:14:44,8.6,
20250515,13:14:44,8.3,
20250515,13:14:44,8.1,
20250515,13:14:45,8,
20250515,13:14:45,7.9,
20250515,13:14:45,7.8,
20250515,13:14:45,7.8,
20250515,13:14:46,7.7,
20250515,13:14:46,7.3,
20250515,13:14:46,6.6,
20250515,13:14:47,5.8,
20250515,13:14:47,5.5,
20250515,13:14:47,5.8,
20250515,13:14:47,6.1,
20250515,13:14:48,6.4,
20250515,13:14:48,6.4,
20250515,13:14:48,6.1,
20250515,13:14:48,5.6,
20250515,13:14:49,5.2,
20250515,13:14:49,5.4,
20250515,13:14:49,6.1,
20250515,13:14:50,6.6,
20250515,13:14:50,6.8,
20250515,13:14:50,6.7,
20250515,13:14:50,6.9,
20250515,13:14:51,7.2,
20250515,13:14:51,7.5,
20250515,13:14:51,7.6,
20250515,13:14:52,7.4,
20250515,13:14:52,7.2,
20250515,13:14:52,6.9,
20250515,13:14:52,6.6,
20250515,13:14:53,6.1,
20250515,13:14:53,5.6,
20250515,13:14:53,4.9,
20250515,13:14:53,4.4,
20250515,13:14:54,4.4,
20250515,13:14:54,4.5,
20250515,13:14:54,4.5,
20250515,13:14:55,4.6,
20250515,13:14:55,4.7,
20250515,13:14:55,5,
20250515,13:14:55,4.6,
20250515,13:14:56,4.4,
20250515,13:14:56,5.7,
20250515,13:14:56,7,
20250515,13:14:56,8.1,
20250515,13:14:57,8.7,
20250515,13:14:57,8.7,
20250515,13:14:57,8.5,
20250515,13:14:58,8,
20250515,13:14:58,7.7,
20250515,13:14:58,7.4,
20250515,13:14:58,7.1,
20250515,13:14:59,6.7,
20250515,13:14:59,6.4,
20250515,13:14:59,6.1,
20250515,13:14:59,5.8,
20250515,13:15:00,5.3,
20250515,13:15:00,5.1,
20250515,13:15:00,5.2,
20250515,13:15:01,5.6,
20250515,13:15:01,6.1,
20250515,13:15:01,6.3,
20250515,13:15:01,6.6,
20250515,13:15:02,6.6,
20250515,13:15:02,6.5,
20250515,13:15:02,6.4,
20250515,13:15:02,6.2,
20250515,13:15:03,6.2,
20250515,13:15:03,6.1,
20250515,13:15:03,6,
20250515,13:15:04,5.7,
20250515,13:15:04,5.7,
20250515,13:15:04,5.6,
20250515,13:15:04,5.3,
20250515,13:15:05,5,
20250515,13:15:05,4.9,
20250515,13:15:05,4.4,
20250515,13:15:06,3.6,
20250515,13:15:06,2.9,
20250515,13:15:06,3.1,
20250515,13:15:06,3.9,
20250515,13:15:07,4.8,
20250515,13:15:07,5.4,
20250515,13:15:07,5.8,
20250515,13:15:07,5.8,
20250515,13:15:08,5.7,
20250515,13:15:08,5.6,
20250515,13:15:08,5.2,
20250515,13:15:09,5,
20250515,13:15:09,4.6,
20250515,13:15:09,4.2,
20250515,13:15:09,4.1,
20250515,13:15:10,3.9,
20250515,13:15:10,3.9,
20250515,13:15:10,3.9,
20250515,13:15:10,4,
20250515,13:15:11,4.1,
20250515,13:15:11,3.9,
20250515,13:15:11,3.9,
20250515,13:15:12,3.6,
20250515,13:15:12,3.2,
20250515,13:15:12,3.1,
20250515,13:15:12,3.3,
20250515,13:15:13,3.6,
20250515,13:15:13,3.5,
20250515,13:15:13,3.3,
20250515,13:15:14,2.4,
20250515,13:15:14,1.9,
20250515,13:15:14,2.2,
20250515,13:15:14,2.3,
20250515,13:15:15,2.8,
20250515,13:15:15,2.7,
20250515,13:15:15,2.9,
20250515,13:15:15,2.8,
20250515,13:15:16,2.6,
20250515,13:15:16,2.7,
20250515,13:15:16,2.1,
20250515,13:15:17,1.1,
20250515,13:15:17,0.7,
20250515,13:15:17,1.2,
20250515,13:15:17,2.1,
20250515,13:15:18,3.3,
20250515,13:15:18,4.4,
20250515,13:15:18,5.3,
20250515,13:15:18,6.2,
20250515,13:15:19,7.2,
20250515,13:15:19,8.1,
20250515,13:15:19,8.7,
20250515,13:15:20,9.5,
20250515,13:15:20,10,
20250515,13:15:20,10.1,
20250515,13:15:20,9.8,
20250515,13:15:21,9.5,
20250515,13:15:21,9.3,
20250515,13:15:21,9.1,
20250515,13:15:21,8.3,
20250515,13:15:22,8.2,
20250515,13:15:22,8.6,
20250515,13:15:22,8.9,
20250515,13:15:23,9.2,
20250515,13:15:23,9,
20250515,13:15:23,9.1,
20250515,13:15:23,9.4,
20250515,13:15:24,9.7,
20250515,13:15:24,10,
20250515,13:15:24,10.6,
20250515,13:15:24,11.9,
20250515,13:15:25,13.5,
20250515,13:15:25,13.9,
20250515,13:15:25,13.8,
20250515,13:15:26,13.8,
20250515,13:15:26,13.7,
20250515,13:15:26,13.4,
20250515,13:15:26,12.9,
20250515,13:15:27,12.3,
20250515,13:15:27,11.9,
20250515,13:15:27,11.4,
20250515,13:15:27,11.1,
20250515,13:15:28,10.9,
20250515,13:15:28,10.6,
20250515,13:15:28,10.4,
20250515,13:15:29,10.3,
20250515,13:15:29,10.2,
20250515,13:15:29,10.1,
20250515,13:15:29,10,
20250515,13:15:30,10.1,
20250515,13:15:30,10,
20250515,13:15:30,9.8,
20250515,13:15:31,9.7,
20250515,13:15:31,9.9,
20250515,13:15:31,10.1,
20250515,13:15:31,10.1,
20250515,13:15:32,10.1,
20250515,13:15:32,10.2,
20250515,13:15:32,10.5,
20250515,13:15:32,10.9,
20250515,13:15:33,11.4,
20250515,13:15:33,12.1,
20250515,13:15:33,12.9,
20250515,13:15:34,13.2,
20250515,13:15:34,13.4,
20250515,13:15:34,13.9,
20250515,13:15:34,14.8,
20250515,13:15:35,15.3,
20250515,13:15:35,15.5,
20250515,13:15:35,15.5,
20250515,13:15:35,14.5,
20250515,13:15:36,13.7,
20250515,13:15:36,13.6,
20250515,13:15:36,13.8,
20250515,13:15:37,13.9,
20250515,13:15:37,14,
20250515,13:15:37,13.8,
20250515,13:15:37,13.6,
20250515,13:15:38,13.4,
20250515,13:15:38,13.1,
20250515,13:15:38,12.7,
20250515,13:15:39,12.3,
20250515,13:15:39,12,
20250515,13:15:39,11.7,
20250515,13:15:39,11.2,
20250515,13:15:40,10.6,
20250515,13:15:40,10.4,
20250515,13:15:40,10.3,
20250515,13:15:40,10.4,
20250515,13:15:41,10.3,
20250515,13:15:41,10.3,
20250515,13:15:41,10.5,
20250515,13:15:42,11.7,
20250515,13:15:42,12.9,
20250515,13:15:42,13.8,
20250515,13:15:42,14.3,
20250515,13:15:43,14.4,
20250515,13:15:43,14.2,
20250515,13:15:43,13.8,
20250515,13:15:43,13.5,
20250515,13:15:44,13.1,
20250515,13:15:44,12.5,
20250515,13:15:44,12,
20250515,13:15:45,11.6,
20250515,13:15:45,11.4,
20250515,13:15:45,11.1,
20250515,13:15:45,10.7,
20250515,13:15:46,10.5,
20250515,13:15:46,10.3,
20250515,13:15:46,10.1,
20250515,13:15:47,10.2,
20250515,13:15:47,10.3,
20250515,13:15:47,10.4,
20250515,13:15:47,10.4,
20250515,13:15:48,10.4,
20250515,13:15:48,10.4,
20250515,13:15:48,10.3,
20250515,13:15:48,10.4,
20250515,13:15:49,10.3,
20250515,13:15:49,10.3,
20250515,13:15:49,10.2,
20250515,13:15:50,10.1,
20250515,13:15:50,9.8,
20250515,13:15:50,9.5,
20250515,13:15:50,9,
20250515,13:15:51,8.5,
20250515,13:15:51,8.7,
20250515,13:15:51,9.5,
20250515,13:15:51,10.3,
20250515,13:15:52,10.6,
20250515,13:15:52,10.8,
20250515,13:15:52,10.8,
20250515,13:15:53,10.5,
20250515,13:15:53,10.2,
20250515,13:15:53,9.7,
20250515,13:15:53,9.5,
20250515,13:15:54,9.2,
20250515,13:15:54,9,
20250515,13:15:54,8.8,
20250515,13:15:55,8.6,
20250515,13:15:55,8.6,
20250515,13:15:55,8.6,
20250515,13:15:55,8.6,
20250515,13:15:56,8.6,
20250515,13:15:56,8.4,
20250515,13:15:56,8.2,
20250515,13:15:56,8.2,
20250515,13:15:57,8.4,
20250515,13:15:57,8.6,
20250515,13:15:57,8.7,
20250515,13:15:58,8.8,
20250515,13:15:58,8.7,
20250515,13:15:58,8.5,
20250515,13:15:58,8.3,
20250515,13:15:59,8.2,
20250515,13:15:59,8.3,
20250515,13:15:59,8.4,
20250515,13:15:59,8.4,
20250515,13:16:00,8.4,
20250515,13:16:00,8.4,
20250515,13:16:00,7.9,
20250515,13:16:01,7.5,
20250515,13:16:01,7.1,
20250515,13:16:01,7,
20250515,13:16:01,7.1,
20250515,13:16:02,7.3,
20250515,13:16:02,7.3,
20250515,13:16:02,7.3,
20250515,13:16:03,7.3,
20250515,13:16:03,7.4,
20250515,13:16:03,7.3,
20250515,13:16:03,7.3,
20250515,13:16:04,7.2,
20250515,13:16:04,7.1,
20250515,13:16:04,7.1,
20250515,13:16:04,7,
20250515,13:16:05,7,
20250515,13:16:05,7,
20250515,13:16:05,7,
20250515,13:16:06,6.9,
20250515,13:16:06,6.9,
20250515,13:16:06,6.9,
20250515,13:16:06,6.9,
20250515,13:16:07,6.9,
20250515,13:16:07,6.7,
20250515,13:16:07,6.6,
20250515,13:16:07,6.5,
20250515,13:16:08,6.5,
20250515,13:16:08,6.5,
20250515,13:16:08,6.5,
20250515,13:16:09,6.5,
20250515,13:16:09,6.6,
20250515,13:16:09,6.4,
20250515,13:16:09,4.8,
20250515,13:16:10,2.8,
20250515,13:16:10,2.2,
20250515,13:16:10,2.5,
20250515,13:16:10,3,
20250515,13:16:11,3.9,
20250515,13:16:11,5.1,
20250515,13:16:11,6,
20250515,13:16:12,6.8,
20250515,13:16:12,7.3,
20250515,13:16:12,7.8,
20250515,13:16:12,8.8,
20250515,13:16:13,10.3,
20250515,13:16:13,11.2,
20250515,13:16:13,11.5,
20250515,13:16:13,11.6,
20250515,13:16:14,11.8,
20250515,13:16:14,11.9,
20250515,13:16:14,11.7,
20250515,13:16:15,11.2,
20250515,13:16:15,10.8,
20250515,13:16:15,10.2,
20250515,13:16:15,9.6,
20250515,13:16:16,8.7,
20250515,13:16:16,8,
20250515,13:16:16,8.5,
20250515,13:16:17,9.3,
20250515,13:16:17,10,
20250515,13:16:17,10.4,
20250515,13:16:17,10.6,
20250515,13:16:18,10.7,
20250515,13:16:18,10.8,
20250515,13:16:18,10.7,
20250515,13:16:18,10.6,
20250515,13:16:19,10.5,
20250515,13:16:19,10.4,
20250515,13:16:19,9.9,
20250515,13:16:20,9.4,
20250515,13:16:20,10,
20250515,13:16:20,11.2,
20250515,13:16:20,12.4,
20250515,13:16:21,13.1,
20250515,13:16:21,13.7,
20250515,13:16:21,13.8,
20250515,13:16:21,13.5,
20250515,13:16:22,13.3,
20250515,13:16:22,14.5,
20250515,13:16:22,16.3,
20250515,13:16:23,16.5,
20250515,13:16:23,15.5,
20250515,13:16:23,14.5,
20250515,13:16:23,13.8,
20250515,13:16:24,13.3,
20250515,13:16:24,12.5,
20250515,13:16:24,12.1,
20250515,13:16:25,13,
20250515,13:16:25,14.4,
20250515,13:16:25,14.8,
20250515,13:16:25,14.5,
20250515,13:16:26,14,
20250515,13:16:26,13.6,
20250515,13:16:26,13.3,
20250515,13:16:26,12.9,
20250515,13:16:27,12.6,
20250515,13:16:27,11.6,
20250515,13:16:27,11.4,
20250515,13:16:28,12.1,
20250515,13:16:28,12.7,
20250515,13:16:28,12.9,
20250515,13:16:28,13,
20250515,13:16:29,12.9,
20250515,13:16:29,12.4,
20250515,13:16:29,11.9,
20250515,13:16:29,11.7,
20250515,13:16:30,12,
20250515,13:16:30,12.5,
20250515,13:16:30,13,
20250515,13:16:31,13.4,
20250515,13:16:31,13.6,
20250515,13:16:31,13.7,
20250515,13:16:31,13.6,
20250515,13:16:32,13.1,
20250515,13:16:32,12.9,
20250515,13:16:32,13,
20250515,13:16:33,13.5,
20250515,13:16:33,13.8,
20250515,13:16:33,14.1,
20250515,13:16:33,14.3,
20250515,13:16:34,14.2,
20250515,13:16:34,14.3,
20250515,13:16:34,14,
20250515,13:16:34,13.5,
20250515,13:16:35,13.5,
20250515,13:16:35,13.7,
20250515,13:16:35,14.1,
20250515,13:16:36,14.5,
20250515,13:16:36,14.7,
20250515,13:16:36,15,
20250515,13:16:36,14.8,
20250515,13:16:37,14.5,
20250515,13:16:37,14.7,
20250515,13:16:37,14.8,
20250515,13:16:37,15.1,
20250515,13:16:38,15.4,
20250515,13:16:38,15.5,
20250515,13:16:38,15.6,
20250515,13:16:39,15.4,
20250515,13:16:39,14.7,
20250515,13:16:39,13.8,
20250515,13:16:39,12.7,
20250515,13:16:40,11.9,
20250515,13:16:40,11.8,
20250515,13:16:40,12.1,
20250515,13:16:41,12.4,
20250515,13:16:41,12.6,
20250515,13:16:41,12.6,
20250515,13:16:41,12.3,
20250515,13:16:42,12.6,
20250515,13:16:42,13,
20250515,13:16:42,13.4,
20250515,13:16:42,13.7,
20250515,13:16:43,13.7,
20250515,13:16:43,13.4,
20250515,13:16:43,13.3,
20250515,13:16:44,13.3,
20250515,13:16:44,13.5,
20250515,13:16:44,13.7,
20250515,13:16:44,13.8,
20250515,13:16:45,14,
20250515,13:16:45,14,
20250515,13:16:45,13.8,
20250515,13:16:45,13.1,
20250515,13:16:46,12.7,
20250515,13:16:46,12.7,
20250515,13:16:46,12.9,
20250515,13:16:47,13.2,
20250515,13:16:47,13.5,
20250515,13:16:47,13.8,
20250515,13:16:47,13.8,
20250515,13:16:48,13.8,
20250515,13:16:48,13.7,
20250515,13:16:48,13.7,
20250515,13:16:49,13.6,
20250515,13:16:49,13.5,
20250515,13:16:49,13.5,
20250515,13:16:49,13.5,
20250515,13:16:50,12.9,
20250515,13:16:50,12.6,
20250515,13:16:50,12.9,
20250515,13:16:50,13.1,
20250515,13:16:51,12.9,
20250515,13:16:51,12.1,
20250515,13:16:51,11.5,
20250515,13:16:52,11.1,
20250515,13:16:52,10.7,
20250515,13:16:52,10.2,
20250515,13:16:52,9.5,
20250515,13:16:53,9.1,
20250515,13:16:53,9.1,
20250515,13:16:53,9.4,
20250515,13:16:53,9.7,
20250515,13:16:54,9.9,
20250515,13:16:54,10.1,
20250515,13:16:54,10.1,
20250515,13:16:55,10.2,
20250515,13:16:55,10.2,
20250515,13:16:55,9.7,
20250515,13:16:55,9.2,
20250515,13:16:56,9.8,
20250515,13:16:56,10.8,
20250515,13:16:56,11.6,
20250515,13:16:57,12.3,
20250515,13:16:57,12.8,
20250515,13:16:57,12.9,
20250515,13:16:57,13,
20250515,13:16:58,12.9,
20250515,13:16:58,12.6,
20250515,13:16:58,12.8,
20250515,13:16:58,13.1,
20250515,13:16:59,13.8,
20250515,13:16:59,14.7,
20250515,13:16:59,15.3,
20250515,13:17:00,14.8,
20250515,13:17:00,14.2,
20250515,13:17:00,13.9,
20250515,13:17:00,13.8,
20250515,13:17:01,13.8,
20250515,13:17:01,13.9,
20250515,13:17:01,14,
20250515,13:17:01,14,
20250515,13:17:02,14.1,
20250515,13:17:02,14.3,
20250515,13:17:02,14.6,
20250515,13:17:03,13.8,
20250515,13:17:03,13.2,
20250515,13:17:03,12.9,
20250515,13:17:03,12.8,
20250515,13:17:04,12.8,
20250515,13:17:04,12.8,
20250515,13:17:04,12.7,
20250515,13:17:05,12.8,
20250515,13:17:05,13,
20250515,13:17:05,13.2,
20250515,13:17:05,13.4,
20250515,13:17:06,13.7,
20250515,13:17:06,13.8,
20250515,13:17:06,14,
20250515,13:17:06,13.4,
20250515,13:17:07,12.9,
20250515,13:17:07,13.2,
20250515,13:17:07,13.5,
20250515,13:17:08,13.7,
20250515,13:17:08,13.8,
20250515,13:17:08,13.8,
20250515,13:17:08,13.7,
20250515,13:17:09,13.7,
20250515,13:17:09,13.5,
20250515,13:17:09,13.3,
20250515,13:17:09,13.2,
20250515,13:17:10,13,
20250515,13:17:10,12.9,
20250515,13:17:10,12.8,
20250515,13:17:11,12.7,
20250515,13:17:11,12.6,
20250515,13:17:11,12,
20250515,13:17:11,11.2,
20250515,13:17:12,11.2,
20250515,13:17:12,12,
20250515,13:17:12,12.4,
20250515,13:17:13,12.9,
20250515,13:17:13,13.1,
20250515,13:17:13,13.3,
20250515,13:17:13,13.4,
20250515,13:17:14,13.5,
20250515,13:17:14,13.4,
20250515,13:17:14,13.1,
20250515,13:17:14,12.9,
20250515,13:17:15,12.9,
20250515,13:17:15,12.9,
20250515,13:17:15,12.3,
20250515,13:17:16,11.2,
20250515,13:17:16,11,
20250515,13:17:16,11.6,
20250515,13:17:16,12.3,
20250515,13:17:17,12.8,
20250515,13:17:17,13,
20250515,13:17:17,13.2,
20250515,13:17:17,13.2,
20250515,13:17:18,13.1,
20250515,13:17:18,12.9,
20250515,13:17:18,12.9,
20250515,13:17:19,12.5,
20250515,13:17:19,11.3,
20250515,13:17:19,10.2,
20250515,13:17:19,9.5,
20250515,13:17:20,9.2,
20250515,13:17:20,9,
20250515,13:17:20,8.9,
20250515,13:17:21,8.7,
20250515,13:17:21,8.3,
20250515,13:17:21,7.9,
20250515,13:17:21,7.9,
20250515,13:17:22,8,
20250515,13:17:22,8.3,
20250515,13:17:22,8.4,
20250515,13:17:22,8.6,
20250515,13:17:23,8.7,
20250515,13:17:23,8.8,
20250515,13:17:23,8.9,
20250515,13:17:24,8.9,
20250515,13:17:24,9.1,
20250515,13:17:24,9.4,
20250515,13:17:24,9.7,
20250515,13:17:25,10.1,
20250515,13:17:25,10.5,
20250515,13:17:25,10.8,
20250515,13:17:25,10.7,
20250515,13:17:26,11,
20250515,13:17:26,11.4,
20250515,13:17:26,12,
20250515,13:17:27,12.1,
20250515,13:17:27,12,
20250515,13:17:27,12.1,
20250515,13:17:27,12.5,
20250515,13:17:28,12.8,
20250515,13:17:28,12.9,
20250515,13:17:28,12.7,
20250515,13:17:28,12.5,
20250515,13:17:29,12.6,
20250515,13:17:29,12.6,
20250515,13:17:29,12.8,
20250515,13:17:30,12.8,
20250515,13:17:30,12.8,
20250515,13:17:30,12.7,
20250515,13:17:30,12.6,
20250515,13:17:31,12.5,
20250515,13:17:31,12.8,
20250515,13:17:31,12.6,
20250515,13:17:32,12.1,
20250515,13:17:32,12.1,
20250515,13:17:32,12,
20250515,13:17:32,12.1,
20250515,13:17:33,12.2,
20250515,13:17:33,12.4,
20250515,13:17:33,12.5,
20250515,13:17:33,12.6,
20250515,13:17:34,12.7,
20250515,13:17:34,11.9,
20250515,13:17:34,11.3,
20250515,13:17:35,11.6,
20250515,13:17:35,12.6,
20250515,13:17:35,13.1,
20250515,13:17:35,12.2,
20250515,13:17:36,10.6,
20250515,13:17:36,9.4,
20250515,13:17:36,8.7,
20250515,13:17:36,8.2,
20250515,13:17:37,7.8,
20250515,13:17:37,7.4,
20250515,13:17:37,7.2,
20250515,13:17:38,7.2,
20250515,13:17:38,7.3,
20250515,13:17:38,7.4,
20250515,13:17:38,7.3,
20250515,13:17:39,7.3,
20250515,13:17:39,7.5,
20250515,13:17:39,7.6,
20250515,13:17:40,7.8,
20250515,13:17:40,8.2,
20250515,13:17:40,8.6,
20250515,13:17:40,8.9,
20250515,13:17:41,9.1,
20250515,13:17:41,8.9,
20250515,13:17:41,9.7,
20250515,13:17:41,10.9,
20250515,13:17:42,11.7,
20250515,13:17:42,12,
20250515,13:17:42,12.1,
20250515,13:17:43,12.2,
20250515,13:17:43,12.2,
20250515,13:17:43,12.2,
20250515,13:17:43,12.1,
20250515,13:17:44,11.6,
20250515,13:17:44,11.2,
20250515,13:17:44,11.1,
20250515,13:17:44,11.3,
20250515,13:17:45,11.5,
20250515,13:17:45,11.7,
20250515,13:17:45,11.9,
20250515,13:17:46,12,
20250515,13:17:46,12,
20250515,13:17:46,12.1,
20250515,13:17:46,12.6,
20250515,13:17:47,12.9,
20250515,13:17:47,13.3,
20250515,13:17:47,13.6,
20250515,13:17:48,13.4,
20250515,13:17:48,12.7,
20250515,13:17:48,12.8,
20250515,13:17:48,13.6,
20250515,13:17:49,14.3,
20250515,13:17:49,14.6,
20250515,13:17:49,14.8,
20250515,13:17:49,14.9,
20250515,13:17:50,14.7,
20250515,13:17:50,14.1,
20250515,13:17:50,13.4,
20250515,13:17:51,13.2,
20250515,13:17:51,13.4,
20250515,13:17:51,13.9,
20250515,13:17:51,14.5,
20250515,13:17:52,14.9,
20250515,13:17:52,15.1,
20250515,13:17:52,15.2,
20250515,13:17:52,15.1,
20250515,13:17:53,14.7,
20250515,13:17:53,13.8,
20250515,13:17:53,13.5,
20250515,13:17:54,13.8,
20250515,13:17:54,14.2,
20250515,13:17:54,14.4,
20250515,13:17:54,14.7,
20250515,13:17:55,14.5,
20250515,13:17:55,14.2,
20250515,13:17:55,14,
20250515,13:17:56,14.1,
20250515,13:17:56,14.5,
20250515,13:17:56,14.8,
20250515,13:17:56,15.2,
20250515,13:17:57,15.4,
20250515,13:17:57,15.4,
20250515,13:17:57,15.4,
20250515,13:17:57,15.3,
20250515,13:17:58,15.1,
20250515,13:17:58,14.9,
20250515,13:17:58,14.6,
20250515,13:17:59,14.3,
20250515,13:17:59,14.3,
20250515,13:17:59,14.6,
20250515,13:17:59,14.8,
20250515,13:18:00,15,
20250515,13:18:00,15,
20250515,13:18:00,14.7,
20250515,13:18:00,14.7,
20250515,13:18:01,14.6,
20250515,13:18:01,14.8,
20250515,13:18:01,15.1,
20250515,13:18:02,15.4,
20250515,13:18:02,15.2,
20250515,13:18:02,14.6,
20250515,13:18:02,14.7,
20250515,13:18:03,14.9,
20250515,13:18:03,15,
20250515,13:18:03,15.2,
20250515,13:18:03,15.3,
20250515,13:18:04,15.1,
20250515,13:18:04,14.9,
20250515,13:18:04,14.8,
20250515,13:18:05,14.8,
20250515,13:18:05,14.7,
20250515,13:18:05,14.7,
20250515,13:18:05,14.7,
20250515,13:18:06,14.7,
20250515,13:18:06,14.7,
20250515,13:18:06,14.7,
20250515,13:18:07,14.4,
20250515,13:18:07,14.1,
20250515,13:18:07,13.8,
20250515,13:18:07,13.6,
20250515,13:18:08,13.5,
20250515,13:18:08,13.6,
20250515,13:18:08,13.8,
20250515,13:18:08,13.8,
20250515,13:18:09,13.8,
20250515,13:18:09,13.9,
20250515,13:18:09,13.9,
20250515,13:18:10,13.9,
20250515,13:18:10,13.8,
20250515,13:18:10,13.8,
20250515,13:18:10,13.2,
20250515,13:18:11,12.1,
20250515,13:18:11,11.4,
20250515,13:18:11,11.3,
20250515,13:18:11,11.5,
20250515,13:18:12,11.8,
20250515,13:18:12,12.1,
20250515,13:18:12,12.2,
20250515,13:18:13,12.2,
20250515,13:18:13,12.3,
20250515,13:18:13,12.2,
20250515,13:18:13,12.2,
20250515,13:18:14,12.1,
20250515,13:18:14,12.1,
20250515,13:18:14,12,
20250515,13:18:15,11.7,
20250515,13:18:15,11.4,
20250515,13:18:15,11.3,
20250515,13:18:15,11.2,
20250515,13:18:16,11.1,
20250515,13:18:16,10.9,
20250515,13:18:16,10.9,
20250515,13:18:16,10.5,
20250515,13:18:17,9.4,
20250515,13:18:17,8.7,
20250515,13:18:17,8.4,
20250515,13:18:18,8.7,
20250515,13:18:18,8.9,
20250515,13:18:18,9.3,
20250515,13:18:18,9.5,
20250515,13:18:19,9.5,
20250515,13:18:19,9.3,
20250515,13:18:19,9.1,
20250515,13:18:19,9,
20250515,13:18:20,9,
20250515,13:18:20,9,
20250515,13:18:20,9,
20250515,13:18:21,9,
20250515,13:18:21,8.9,
20250515,13:18:21,9,
20250515,13:18:21,8.9,
20250515,13:18:22,8.9,
20250515,13:18:22,8.8,
20250515,13:18:22,8.7,
20250515,13:18:23,7.5,
20250515,13:18:23,6.5,
20250515,13:18:23,6.3,
20250515,13:18:23,6.6,
20250515,13:18:24,7,
20250515,13:18:24,7.3,
20250515,13:18:24,7.6,
20250515,13:18:24,7.7,
20250515,13:18:25,7.6,
20250515,13:18:25,7.4,
20250515,13:18:25,7.3,
20250515,13:18:26,7.3,
20250515,13:18:26,7.3,
20250515,13:18:26,7.4,
20250515,13:18:26,7.3,
20250515,13:18:27,7.3,
20250515,13:18:27,7.3,
20250515,13:18:27,7.1,
20250515,13:18:27,7,
20250515,13:18:28,6.9,
20250515,13:18:28,6.9,
20250515,13:18:28,6.8,
20250515,13:18:29,6.8,
20250515,13:18:29,6.4,
20250515,13:18:29,5.4,
20250515,13:18:29,5,
20250515,13:18:30,5,
20250515,13:18:30,5.3,
20250515,13:18:30,5.6,
20250515,13:18:30,5.7,
20250515,13:18:31,5.7,
20250515,13:18:31,5.5,
20250515,13:18:31,5.4,
20250515,13:18:32,5.3,
20250515,13:18:32,5.4,
20250515,13:18:32,5.5,
20250515,13:18:32,5.4,
20250515,13:18:33,5.2,
20250515,13:18:33,4.8,
20250515,13:18:33,4.8,
20250515,13:18:33,4.9,
20250515,13:18:34,5.1,
20250515,13:18:34,5.3,
20250515,13:18:34,5.3,
20250515,13:18:35,5.2,
20250515,13:18:35,4.5,
20250515,13:18:35,4,
20250515,13:18:35,4.1,
20250515,13:18:36,4.4,
20250515,13:18:36,4.5,
20250515,13:18:36,4.8,
20250515,13:18:37,5,
20250515,13:18:37,5.3,
20250515,13:18:37,5.1,
20250515,13:18:37,4.9,
20250515,13:18:38,4.8,
20250515,13:18:38,5,
20250515,13:18:38,5.1,
20250515,13:18:38,5.3,
20250515,13:18:39,5.3,
20250515,13:18:39,5.3,
20250515,13:18:39,5.4,
20250515,13:18:40,5.3,
20250515,13:18:40,5.2,
20250515,13:18:40,5,
20250515,13:18:40,4.9,
20250515,13:18:41,4.7,
20250515,13:18:41,4.4,
20250515,13:18:41,4.3,
20250515,13:18:41,4.4,
20250515,13:18:42,4.4,
20250515,13:18:42,4.5,
20250515,13:18:42,4.6,
20250515,13:18:43,4.7,
20250515,13:18:43,4.8,
20250515,13:18:43,4.6,
20250515,13:18:43,4.4,
20250515,13:18:44,4.3,
20250515,13:18:44,4.3,
20250515,13:18:44,4.4,
20250515,13:18:44,4.4,
20250515,13:18:45,4.4,
20250515,13:18:45,4.4,
20250515,13:18:45,4.4,
20250515,13:18:46,4.3,
20250515,13:18:46,3.8,
20250515,13:18:46,3.6,
20250515,13:18:46,3.4,
20250515,13:18:47,3.4,
20250515,13:18:47,3.4,
20250515,13:18:47,3.5,
20250515,13:18:48,3.5,
20250515,13:18:48,3.5,
20250515,13:18:48,3.4,
20250515,13:18:48,3.3,
20250515,13:18:49,3.2,
20250515,13:18:49,2.9,
20250515,13:18:49,2.8,
20250515,13:18:49,2.8,
20250515,13:18:50,2.8,
20250515,13:18:50,2.7,
20250515,13:18:50,2.8,
20250515,13:18:51,3,
20250515,13:18:51,3.2,
20250515,13:18:51,3.4,
20250515,13:18:51,3.4,
20250515,13:18:52,3.1,
20250515,13:18:52,2.1,
20250515,13:18:52,1.1,
20250515,13:18:52,0.8,
20250515,13:18:53,0.9,
20250515,13:18:53,0.9,
20250515,13:18:53,0.8,
20250515,13:18:54,0.8,
20250515,13:18:54,1,
20250515,13:18:54,1.2,
20250515,13:18:54,1.7,
20250515,13:18:55,1.9,
20250515,13:18:55,1.8,
20250515,13:18:55,1.8,
20250515,13:18:55,1.8,
20250515,13:18:56,1.8,
20250515,13:18:56,1.6,
20250515,13:18:56,1.1,
20250515,13:18:57,0.8,
20250515,13:18:57,0.7,
20250515,13:18:57,0.7,
20250515,13:18:57,0.9,
20250515,13:18:58,1,
20250515,13:18:58,1.2,
20250515,13:18:58,1.5,
20250515,13:18:58,1.4,
20250515,13:18:59,1.4,
20250515,13:18:59,1.3,
20250515,13:18:59,1.2,
20250515,13:19:00,1.2,
20250515,13:19:00,1,
20250515,13:19:00,0.8,
20250515,13:19:00,0.7,
20250515,13:19:01,0.7,
20250515,13:19:01,0.6,
20250515,13:19:01,0.7,
20250515,13:19:02,0.9,
20250515,13:19:02,1.5,
20250515,13:19:02,1.8,
20250515,13:19:02,1.9,
20250515,13:19:03,1.8,
20250515,13:19:03,1.5,
20250515,13:19:03,1.7,
20250515,13:19:03,2,
20250515,13:19:04,2.3,
20250515,13:19:04,2.2,
20250515,13:19:04,2.3,
20250515,13:19:05,2.2,
20250515,13:19:05,2.1,
20250515,13:19:05,2.1,
20250515,13:19:05,2,
20250515,13:19:06,1.9,
20250515,13:19:06,1.8,
20250515,13:19:06,1.1,
20250515,13:19:06,0.4,
20250515,13:19:07,0.3,
20250515,13:19:07,0.9,
20250515,13:19:07,1.3,
20250515,13:19:08,1.7,
20250515,13:19:08,1.8,
20250515,13:19:08,1.8,
20250515,13:19:08,1.8,
20250515,13:19:09,1.4,
20250515,13:19:09,1.2,
20250515,13:19:09,1.7,
20250515,13:19:09,2.4,
20250515,13:19:10,2.7,
20250515,13:19:10,3.1,
20250515,13:19:10,3.2,
20250515,13:19:11,3.1,
20250515,13:19:11,2.8,
20250515,13:19:11,2.6,
20250515,13:19:11,2.1,
20250515,13:19:12,1.7,
20250515,13:19:12,1.4,
20250515,13:19:12,1.2,
20250515,13:19:12,1,
20250515,13:19:13,1.2,
20250515,13:19:13,1.2,
20250515,13:19:13,1.3,
20250515,13:19:14,1.3,
20250515,13:19:14,1.3,
20250515,13:19:14,1.3,
20250515,13:19:14,1.3,
20250515,13:19:15,1.3,
20250515,13:19:15,1.2,
20250515,13:19:15,1,
20250515,13:19:16,0.7,
20250515,13:19:16,0.4,
20250515,13:19:16,0.3,
20250515,13:19:16,0.2,
20250515,13:19:17,0,
20250515,13:19:17,0.1,
20250515,13:19:17,0.5,
20250515,13:19:17,1,
20250515,13:19:18,1.2,
20250515,13:19:18,1.4,
20250515,13:19:18,1.5,
20250515,13:19:19,1.7,
20250515,13:19:19,1.6,
20250515,13:19:19,1.5,
20250515,13:19:19,1.3,
20250515,13:19:20,1,
20250515,13:19:20,0.8,
20250515,13:19:20,0.7,
20250515,13:19:20,0.5,
20250515,13:19:21,0.3,
20250515,13:19:21,0.1,
20250515,13:19:21,-0.6,
20250515,13:19:22,-0.7,
20250515,13:19:22,-0.4,
20250515,13:19:22,0,
20250515,13:19:22,0.4,
20250515,13:19:23,0.7,
20250515,13:19:23,0.9,
20250515,13:19:23,1,
20250515,13:19:23,1.2,
20250515,13:19:24,1.3,
20250515,13:19:24,1.2,
20250515,13:19:24,1.2,
20250515,13:19:25,1.2,
20250515,13:19:25,1,
20250515,13:19:25,1,
20250515,13:19:25,1,
20250515,13:19:26,0.9,
20250515,13:19:26,0.8,
20250515,13:19:26,0.1,
20250515,13:19:27,-0.7,
20250515,13:19:27,-1,
20250515,13:19:27,-0.9,
20250515,13:19:27,-0.6,
20250515,13:19:28,-0.2,
20250515,13:19:28,0.1,
20250515,13:19:28,0.1,
20250515,13:19:28,0,
20250515,13:19:29,-0.1,
20250515,13:19:29,0,
20250515,13:19:29,0.1,
20250515,13:19:30,0,
20250515,13:19:30,0.1,
20250515,13:19:30,0.1,
20250515,13:19:30,0.1,
20250515,13:19:31,0,
20250515,13:19:31,-0.1,
20250515,13:19:31,-0.3,
20250515,13:19:31,-0.2,
20250515,13:19:32,-0.3,
20250515,13:19:32,-0.6,
20250515,13:19:32,-0.7,
20250515,13:19:33,-1,
20250515,13:19:33,-1,
20250515,13:19:33,-1,
20250515,13:19:33,-1.3,
20250515,13:19:34,-1.5,
20250515,13:19:34,-1.6,
20250515,13:19:34,-1.6,
20250515,13:19:35,-2.1,
20250515,13:19:35,-2.4,
20250515,13:19:35,-2.4,
20250515,13:19:35,-2.1,
20250515,13:19:36,-1.8,
20250515,13:19:36,-1.7,
20250515,13:19:36,-1.6,
20250515,13:19:36,-2.2,
20250515,13:19:37,-2.4,
20250515,13:19:37,-2.4,
20250515,13:19:37,-2.1,
20250515,13:19:38,-1.7,
20250515,13:19:38,-1.6,
20250515,13:19:38,-1.4,
20250515,13:19:38,-1.2,
20250515,13:19:39,-1.2,
20250515,13:19:39,-1.2,
20250515,13:19:39,-1.3,
20250515,13:19:39,-1.3,
20250515,13:19:40,-1.6,
20250515,13:19:40,-1.6,
20250515,13:19:40,-1.6,
20250515,13:19:41,-1.7,
20250515,13:19:41,-1.7,
20250515,13:19:41,-1.8,
20250515,13:19:41,-1.6,
20250515,13:19:42,-1.6,
20250515,13:19:42,-1.6,
20250515,13:19:42,-1.6,
20250515,13:19:43,-1.9,
20250515,13:19:43,-2.4,
20250515,13:19:43,-3,
20250515,13:19:43,-3.3,
20250515,13:19:44,-3.3,
20250515,13:19:44,-3.1,
20250515,13:19:44,-2.9,
20250515,13:19:44,-2.7,
20250515,13:19:45,-2.6,
20250515,13:19:45,-2.5,
20250515,13:19:45,-2.6,
20250515,13:19:46,-3.3,
20250515,13:19:46,-3.7,
20250515,13:19:46,-3.7,
20250515,13:19:46,-3.4,
20250515,13:19:47,-3.1,
20250515,13:19:47,-2.6,
20250515,13:19:47,-2.4,
20250515,13:19:47,-2.4,
20250515,13:19:48,-2.4,
20250515,13:19:48,-2.8,
20250515,13:19:48,-3.1,
20250515,13:19:49,-2.9,
20250515,13:19:49,-2.7,
20250515,13:19:49,-2.6,
20250515,13:19:49,-2.6,
20250515,13:19:50,-2.6,
20250515,13:19:50,-2.4,
20250515,13:19:50,-2.3,
20250515,13:19:51,-2.3,
20250515,13:19:51,-2.1,
20250515,13:19:51,-2.2,
20250515,13:19:51,-2.3,
20250515,13:19:52,-2.6,
20250515,13:19:52,-2.7,
20250515,13:19:52,-2.3,
20250515,13:19:52,-1.7,
20250515,13:19:53,-1.4,
20250515,13:19:53,-1.1,
20250515,13:19:53,-0.9,
20250515,13:19:54,-0.8,
20250515,13:19:54,-0.7,
20250515,13:19:54,-0.9,
20250515,13:19:54,-1,
20250515,13:19:55,-1.2,
20250515,13:19:55,-1.5,
20250515,13:19:55,-1.7,
20250515,13:19:55,-2,
20250515,13:19:56,-2.1,
20250515,13:19:56,-2,
20250515,13:19:56,-1.8,
20250515,13:19:57,-1.7,
20250515,13:19:57,-1.6,
20250515,13:19:57,-1.6,
20250515,13:19:57,-1.6,
20250515,13:19:58,-1.9,
20250515,13:19:58,-2.2,
20250515,13:19:58,-2.1,
20250515,13:19:59,-2.3,
20250515,13:19:59,-2.4,
20250515,13:19:59,-2.8,
20250515,13:19:59,-2.7,
20250515,13:20:00,-2.5,
20250515,13:20:00,-2.2,
20250515,13:20:00,-1.7,
20250515,13:20:00,-1.6,
20250515,13:20:01,-1.3,
20250515,13:20:01,-1,
20250515,13:20:01,-0.9,
20250515,13:20:02,-1,
20250515,13:20:02,-1.6,
20250515,13:20:02,-2.4,
20250515,13:20:02,-2.4,
20250515,13:20:03,-2.1,
20250515,13:20:03,-1.7,
20250515,13:20:03,-1.4,
20250515,13:20:03,-0.9,
20250515,13:20:04,-0.6,
20250515,13:20:04,-0.1,
20250515,13:20:04,0.1,
20250515,13:20:05,0.2,
20250515,13:20:05,0.3,
20250515,13:20:05,0.3,
20250515,13:20:05,0.1,
20250515,13:20:06,0.1,
20250515,13:20:06,0.1,
20250515,13:20:06,0,
20250515,13:20:06,-0.5,
20250515,13:20:07,-0.7,
20250515,13:20:07,-0.2,
20250515,13:20:07,0.1,
20250515,13:20:08,0,
20250515,13:20:08,0.5,
20250515,13:20:08,1.1,
20250515,13:20:08,1.8,
20250515,13:20:09,2.4,
20250515,13:20:09,2.5,
20250515,13:20:09,2.5,
20250515,13:20:10,2.1,
20250515,13:20:10,1.9,
20250515,13:20:10,1.9,
20250515,13:20:10,2,
20250515,13:20:11,2.2,
20250515,13:20:11,2,
20250515,13:20:11,1.9,
20250515,13:20:11,1.7,
20250515,13:20:12,1.4,
20250515,13:20:12,1.3,
20250515,13:20:12,1.4,
20250515,13:20:13,1.3,
20250515,13:20:13,1.4,
20250515,13:20:13,1.6,
20250515,13:20:13,1.6,
20250515,13:20:14,1.7,
20250515,13:20:14,1.5,
20250515,13:20:14,1.4,
20250515,13:20:14,1.2,
20250515,13:20:15,1.2,
20250515,13:20:15,1.3,
20250515,13:20:15,1.4,
20250515,13:20:16,1.5,
20250515,13:20:16,1.4,
20250515,13:20:16,1.3,
20250515,13:20:16,1.4,
20250515,13:20:17,1.5,
20250515,13:20:17,1.5,
20250515,13:20:17,1.7,
20250515,13:20:18,1.7,
20250515,13:20:18,1.8,
20250515,13:20:18,1.8,
20250515,13:20:18,1.7,
20250515,13:20:19,1.7,
20250515,13:20:19,1.6,
20250515,13:20:19,1.4,
20250515,13:20:19,1.5,
20250515,13:20:20,1.5,
20250515,13:20:20,1.4,
20250515,13:20:20,1.4,
20250515,13:20:21,1.3,
20250515,13:20:21,1.3,
20250515,13:20:21,1.1,
20250515,13:20:21,1.4,
20250515,13:20:22,1.8,
20250515,13:20:22,1.9,
20250515,13:20:22,1.8,
20250515,13:20:22,1.6,
20250515,13:20:23,1.4,
20250515,13:20:23,1.6,
20250515,13:20:23,1.8,
20250515,13:20:24,1.9,
20250515,13:20:24,2.4,
20250515,13:20:24,2.8,
20250515,13:20:24,2.8,
20250515,13:20:25,2.5,
20250515,13:20:25,2,
20250515,13:20:25,2,
20250515,13:20:25,2.1,
20250515,13:20:26,2.6,
20250515,13:20:26,3,
20250515,13:20:26,3.5,
20250515,13:20:27,3.7,
20250515,13:20:27,3.8,
20250515,13:20:27,4,
20250515,13:20:27,3.9,
20250515,13:20:28,3.9,
20250515,13:20:28,3.7,
20250515,13:20:28,3.3,
20250515,13:20:28,2.7,
20250515,13:20:29,2.7,
20250515,13:20:29,2.9,
20250515,13:20:29,3,
20250515,13:20:30,3.3,
20250515,13:20:30,3.5,
20250515,13:20:30,3.6,
20250515,13:20:30,3.7,
20250515,13:20:31,3.7,
20250515,13:20:31,3.8,
20250515,13:20:31,3.6,
20250515,13:20:32,3.2,
20250515,13:20:32,2.9,
20250515,13:20:32,3.2,
20250515,13:20:32,3.6,
20250515,13:20:33,3.9,
20250515,13:20:33,3.9,
20250515,13:20:33,4,
20250515,13:20:33,4.3,
20250515,13:20:34,4.6,
20250515,13:20:34,4.8,
20250515,13:20:34,5,
20250515,13:20:35,5,
20250515,13:20:35,5,
20250515,13:20:35,4.9,
20250515,13:20:35,4.9,
20250515,13:20:36,4.8,
20250515,13:20:36,4.6,
20250515,13:20:36,4.4,
20250515,13:20:36,4.4,
20250515,13:20:37,4.4,
20250515,13:20:37,4.3,
20250515,13:20:37,4.1,
20250515,13:20:38,3.7,
20250515,13:20:38,3.4,
20250515,13:20:38,3.3,
20250515,13:20:38,3.4,
20250515,13:20:39,3.6,
20250515,13:20:39,4,
20250515,13:20:39,4.3,
20250515,13:20:40,4.4,
20250515,13:20:40,4.4,
20250515,13:20:40,4.5,
20250515,13:20:40,4.4,
20250515,13:20:41,4.2,
20250515,13:20:41,4,
20250515,13:20:41,3.7,
20250515,13:20:41,3.6,
20250515,13:20:42,3.6,
20250515,13:20:42,3.6,
20250515,13:20:42,3.8,
20250515,13:20:43,4.1,
20250515,13:20:43,4.5,
20250515,13:20:43,5.2,
20250515,13:20:43,5.2,
20250515,13:20:44,4.5,
20250515,13:20:44,4.1,
20250515,13:20:44,4,
20250515,13:20:44,4.1,
20250515,13:20:45,4.4,
20250515,13:20:45,4.5,
20250515,13:20:45,4.4,
20250515,13:20:46,4.2,
20250515,13:20:46,4.1,
20250515,13:20:46,4.2,
20250515,13:20:46,4.4,
20250515,13:20:47,4.7,
20250515,13:20:47,5,
20250515,13:20:47,5.1,
20250515,13:20:47,5.2,
20250515,13:20:48,5.2,
20250515,13:20:48,5.2,
20250515,13:20:48,5.3,
20250515,13:20:49,5.2,
20250515,13:20:49,5.2,
20250515,13:20:49,5.2,
20250515,13:20:49,5.1,
20250515,13:20:50,5.2,
20250515,13:20:50,5.2,
20250515,13:20:50,5.3,
20250515,13:20:50,5.2,
20250515,13:20:51,4.8,
20250515,13:20:51,4.3,
20250515,13:20:51,4,
20250515,13:20:52,4,
20250515,13:20:52,4.3,
20250515,13:20:52,4.5,
20250515,13:20:52,4.4,
20250515,13:20:53,4.1,
20250515,13:20:53,4.4,
20250515,13:20:53,5.3,
20250515,13:20:53,5.8,
20250515,13:20:54,6.1,
20250515,13:20:54,6.3,
20250515,13:20:54,6.3,
20250515,13:20:55,6.3,
20250515,13:20:55,6.1,
20250515,13:20:55,5.6,
20250515,13:20:55,5.3,
20250515,13:20:56,5,
20250515,13:20:56,4.9,
20250515,13:20:56,4.7,
20250515,13:20:57,4.7,
20250515,13:20:57,4.4,
20250515,13:20:57,4.1,
20250515,13:20:57,3.9,
20250515,13:20:58,4.1,
20250515,13:20:58,4.4,
20250515,13:20:58,4.6,
20250515,13:20:58,5,
20250515,13:20:59,5,
20250515,13:20:59,5,
20250515,13:20:59,5.2,
20250515,13:21:00,5.3,
20250515,13:21:00,5.3,
20250515,13:21:00,5.2,
20250515,13:21:00,5.3,
20250515,13:21:01,5.3,
20250515,13:21:01,5.4,
20250515,13:21:01,5.3,
20250515,13:21:01,4.4,
20250515,13:21:02,4,
20250515,13:21:02,4.4,
20250515,13:21:02,5.1,
20250515,13:21:03,5.6,
20250515,13:21:03,6.1,
20250515,13:21:03,6.4,
20250515,13:21:03,6.6,
20250515,13:21:04,6.5,
20250515,13:21:04,6.5,
20250515,13:21:04,6.3,
20250515,13:21:04,6.2,
20250515,13:21:05,6,
20250515,13:21:05,5.2,
20250515,13:21:05,4,
20250515,13:21:06,4.1,
20250515,13:21:06,4.9,
20250515,13:21:06,5.6,
20250515,13:21:06,6.1,
20250515,13:21:07,6.5,
20250515,13:21:07,6.8,
20250515,13:21:07,7,
20250515,13:21:07,7.1,
20250515,13:21:08,7.3,
20250515,13:21:08,7.2,
20250515,13:21:08,6.8,
20250515,13:21:09,6.1,
20250515,13:21:09,5.8,
20250515,13:21:09,5.5,
20250515,13:21:09,5.3,
20250515,13:21:10,5.4,
20250515,13:21:10,5.6,
20250515,13:21:10,5.8,
20250515,13:21:11,5.9,
20250515,13:21:11,6.1,
20250515,13:21:11,6.1,
20250515,13:21:11,6.2,
20250515,13:21:12,6.1,
20250515,13:21:12,6.2,
20250515,13:21:12,6.1,
20250515,13:21:12,6.1,
20250515,13:21:13,6.1,
20250515,13:21:13,6,
20250515,13:21:13,6,
20250515,13:21:14,6,
20250515,13:21:14,5.9,
20250515,13:21:14,6,
20250515,13:21:14,6,
20250515,13:21:15,6,
20250515,13:21:15,6,
20250515,13:21:15,5.9,
20250515,13:21:15,5.6,
20250515,13:21:16,5.6,
20250515,13:21:16,5.5,
20250515,13:21:16,5.3,
20250515,13:21:17,4.5,
20250515,13:21:17,3.6,
20250515,13:21:17,2.9,
20250515,13:21:17,2.7,
20250515,13:21:18,2.9,
20250515,13:21:18,3.1,
20250515,13:21:18,3.5,
20250515,13:21:18,3.6,
20250515,13:21:19,3.7,
20250515,13:21:19,3.6,
20250515,13:21:19,3.6,
20250515,13:21:20,3.5,
20250515,13:21:20,3.1,
20250515,13:21:20,2.8,
20250515,13:21:20,2.7,
20250515,13:21:21,2.7,
20250515,13:21:21,2.7,
20250515,13:21:21,3,
20250515,13:21:22,3.4,
20250515,13:21:22,4.2,
20250515,13:21:22,4.9,
20250515,13:21:22,5.4,
20250515,13:21:23,5.4,
20250515,13:21:23,5.3,
20250515,13:21:23,5.2,
20250515,13:21:23,5,
20250515,13:21:24,4.7,
20250515,13:21:24,4.4,
20250515,13:21:24,3.7,
20250515,13:21:25,3.2,
20250515,13:21:25,3.4,
20250515,13:21:25,3.8,
20250515,13:21:25,4.2,
20250515,13:21:26,4.5,
20250515,13:21:26,4.6,
20250515,13:21:26,4.5,
20250515,13:21:26,4.4,
20250515,13:21:27,4.4,
20250515,13:21:27,4.1,
20250515,13:21:27,3.7,
20250515,13:21:28,3.5,
20250515,13:21:28,3.4,
20250515,13:21:28,3.2,
20250515,13:21:28,3.4,
20250515,13:21:29,3.6,
20250515,13:21:29,3.8,
20250515,13:21:29,4.1,
20250515,13:21:29,4.4,
20250515,13:21:30,4.4,
20250515,13:21:30,4,
20250515,13:21:30,3.8,
20250515,13:21:31,4.2,
20250515,13:21:31,4.6,
20250515,13:21:31,5.1,
20250515,13:21:31,5.3,
20250515,13:21:32,5.5,
20250515,13:21:32,5.3,
20250515,13:21:32,4.8,
20250515,13:21:32,4.7,
20250515,13:21:33,4.8,
20250515,13:21:33,5,
20250515,13:21:33,5.2,
20250515,13:21:34,5.4,
20250515,13:21:34,5.4,
20250515,13:21:34,5.4,
20250515,13:21:34,5.3,
20250515,13:21:35,5,
20250515,13:21:35,4.8,
20250515,13:21:35,4.4,
20250515,13:21:36,4.3,
20250515,13:21:36,4.1,
20250515,13:21:36,4.1,
20250515,13:21:36,4.1,
20250515,13:21:37,4.2,
20250515,13:21:37,4.3,
20250515,13:21:37,4.3,
20250515,13:21:37,4.1,
20250515,13:21:38,3.6,
20250515,13:21:38,3.6,
20250515,13:21:38,3.6,
20250515,13:21:39,3.7,
20250515,13:21:39,4,
20250515,13:21:39,4.1,
20250515,13:21:39,4.2,
20250515,13:21:40,4.3,
20250515,13:21:40,4.3,
20250515,13:21:40,4.2,
20250515,13:21:40,4,
20250515,13:21:41,3.7,
20250515,13:21:41,3.6,
20250515,13:21:41,3.7,
20250515,13:21:42,3.6,
20250515,13:21:42,2.8,
20250515,13:21:42,1.8,
20250515,13:21:42,1.6,
20250515,13:21:43,1.8,
20250515,13:21:43,2.2,
20250515,13:21:43,2.6,
20250515,13:21:44,2.8,
20250515,13:21:44,2.8,
20250515,13:21:44,2.7,
20250515,13:21:44,2.5,
20250515,13:21:45,2.5,
20250515,13:21:45,2.5,
20250515,13:21:45,2.5,
20250515,13:21:45,2.5,
20250515,13:21:46,2.5,
20250515,13:21:46,2.5,
20250515,13:21:46,2.3,
20250515,13:21:47,1.8,
20250515,13:21:47,1.3,
20250515,13:21:47,1,
20250515,13:21:47,1.1,
20250515,13:21:48,1.3,
20250515,13:21:48,1.4,
20250515,13:21:48,1.5,
20250515,13:21:48,1.5,
20250515,13:21:49,1.4,
20250515,13:21:49,1.4,
20250515,13:21:49,1.3,
20250515,13:21:50,1.3,
20250515,13:21:50,1.4,
20250515,13:21:50,1.4,
20250515,13:21:50,1.3,
20250515,13:21:51,1,
20250515,13:21:51,0.6,
20250515,13:21:51,0.3,
20250515,13:21:51,0.1,
20250515,13:21:52,0,
20250515,13:21:52,-0.1,
20250515,13:21:52,0,
20250515,13:21:53,0,
20250515,13:21:53,-0.3,
20250515,13:21:53,-0.8,
20250515,13:21:53,-1.3,
20250515,13:21:54,-1.5,
20250515,13:21:54,-1.7,
20250515,13:21:54,-1.9,
20250515,13:21:54,-1.7,
20250515,13:21:55,-1.3,
20250515,13:21:55,-0.9,
20250515,13:21:55,-0.6,
20250515,13:21:56,-0.5,
20250515,13:21:56,-0.4,
20250515,13:21:56,-0.4,
20250515,13:21:56,-0.5,
20250515,13:21:57,-0.7,
20250515,13:21:57,-0.9,
20250515,13:21:57,-1.3,
20250515,13:21:58,-1.7,
20250515,13:21:58,-2.4,
20250515,13:21:58,-2.3,
20250515,13:21:58,-1.6,
20250515,13:21:59,-0.9,
20250515,13:21:59,-0.4,
20250515,13:21:59,0.1,
20250515,13:21:59,0.2,
20250515,13:22:00,0.2,
20250515,13:22:00,0.2,
20250515,13:22:00,0,
20250515,13:22:01,-0.3,
20250515,13:22:01,-0.5,
20250515,13:22:01,-0.7,
20250515,13:22:01,-0.7,
20250515,13:22:02,-0.7,
20250515,13:22:02,-1.1,
20250515,13:22:02,-1.3,
20250515,13:22:02,-1.1,
20250515,13:22:03,-1.1,
20250515,13:22:03,-1.2,
20250515,13:22:03,-1.4,
20250515,13:22:04,-1.4,
20250515,13:22:04,-1.1,
20250515,13:22:04,-0.7,
20250515,13:22:04,-0.6,
20250515,13:22:05,-0.5,
20250515,13:22:05,-0.6,
20250515,13:22:05,-0.8,
20250515,13:22:06,-0.8,
20250515,13:22:06,-0.7,
20250515,13:22:06,-0.4,
20250515,13:22:06,-0.3,
20250515,13:22:07,-0.3,
20250515,13:22:07,-0.3,
20250515,13:22:07,-0.3,
20250515,13:22:07,-0.4,
20250515,13:22:08,-0.5,
20250515,13:22:08,-0.6,
20250515,13:22:08,-0.7,
20250515,13:22:09,-1.1,
20250515,13:22:09,-1.6,
20250515,13:22:09,-1.8,
20250515,13:22:09,-1.8,
20250515,13:22:10,-1.5,
20250515,13:22:10,-1.1,
20250515,13:22:10,-0.8,
20250515,13:22:11,-0.7,
20250515,13:22:11,-0.6,
20250515,13:22:11,-0.4,
20250515,13:22:11,-0.7,
20250515,13:22:12,-1.1,
20250515,13:22:12,-1.4,
20250515,13:22:12,-1.4,
20250515,13:22:12,-1.2,
20250515,13:22:13,-0.9,
20250515,13:22:13,-0.8,
20250515,13:22:13,-0.7,
20250515,13:22:14,-0.6,
20250515,13:22:14,-0.7,
20250515,13:22:14,-0.7,
20250515,13:22:14,-0.7,
20250515,13:22:15,-0.7,
20250515,13:22:15,-0.7,
20250515,13:22:15,-0.7,
20250515,13:22:15,-1.3,
20250515,13:22:16,-2,
20250515,13:22:16,-2.3,
20250515,13:22:16,-2.4,
20250515,13:22:17,-2,
20250515,13:22:17,-2,
20250515,13:22:17,-2.4,
20250515,13:22:17,-2.3,
20250515,13:22:18,-1.9,
20250515,13:22:18,-1.4,
20250515,13:22:18,-1,
20250515,13:22:19,-0.7,
20250515,13:22:19,-0.7,
20250515,13:22:19,-0.9,
20250515,13:22:19,-1.3,
20250515,13:22:20,-1.7,
20250515,13:22:20,-1.8,
20250515,13:22:20,-1.7,
20250515,13:22:20,-1.6,
20250515,13:22:21,-1.5,
20250515,13:22:21,-1.4,
20250515,13:22:21,-1.6,
20250515,13:22:22,-1.6,
20250515,13:22:22,-1.7,
20250515,13:22:22,-2.1,
20250515,13:22:22,-2.3,
20250515,13:22:23,-2.4,
20250515,13:22:23,-2.5,
20250515,13:22:23,-2.4,
20250515,13:22:23,-2.1,
20250515,13:22:24,-1.4,
20250515,13:22:24,-1,
20250515,13:22:24,-0.8,
20250515,13:22:25,-1.1,
20250515,13:22:25,-1.1,
20250515,13:22:25,-0.7,
20250515,13:22:25,-0.6,
20250515,13:22:26,-0.5,
20250515,13:22:26,-0.5,
20250515,13:22:26,-0.6,
20250515,13:22:27,-0.7,
20250515,13:22:27,-1.1,
20250515,13:22:27,-1.8,
20250515,13:22:27,-2.7,
20250515,13:22:28,-2.6,
20250515,13:22:28,-2.4,
20250515,13:22:28,-1.9,
20250515,13:22:28,-1.6,
20250515,13:22:29,-1.3,
20250515,13:22:29,-1.6,
20250515,13:22:29,-1.7,
20250515,13:22:30,-1.4,
20250515,13:22:30,-0.9,
20250515,13:22:30,-0.3,
20250515,13:22:30,0.1,
20250515,13:22:31,0.2,
20250515,13:22:31,0.3,
20250515,13:22:31,0.3,
20250515,13:22:31,0.2,
20250515,13:22:32,0,
20250515,13:22:32,-0.2,
20250515,13:22:32,-0.6,
20250515,13:22:33,-0.9,
20250515,13:22:33,-1,
20250515,13:22:33,-0.8,
20250515,13:22:33,-0.7,
20250515,13:22:34,-0.5,
20250515,13:22:34,-0.3,
20250515,13:22:34,-0.1,
20250515,13:22:35,0,
20250515,13:22:35,0.1,
20250515,13:22:35,0.2,
20250515,13:22:35,0.2,
20250515,13:22:36,0.2,
20250515,13:22:36,0.1,
20250515,13:22:36,-0.7,
20250515,13:22:36,-1.3,
20250515,13:22:37,-1.5,
20250515,13:22:37,-1.3,
20250515,13:22:37,-1.3,
20250515,13:22:38,-1.3,
20250515,13:22:38,-1.3,
20250515,13:22:38,-1.4,
20250515,13:22:38,-1.3,
20250515,13:22:39,-0.9,
20250515,13:22:39,-0.6,
20250515,13:22:39,-0.3,
20250515,13:22:39,-0.2,
20250515,13:22:40,-0.1,
20250515,13:22:40,-0.1,
20250515,13:22:40,-0.2,
20250515,13:22:41,-0.3,
20250515,13:22:41,-0.4,
20250515,13:22:41,-0.6,
20250515,13:22:41,-0.7,
20250515,13:22:42,-0.9,
20250515,13:22:42,-1.1,
20250515,13:22:42,-1.2,
20250515,13:22:42,-1.6,
20250515,13:22:43,-1.8,
20250515,13:22:43,-1.9,
20250515,13:22:43,-1.7,
20250515,13:22:44,-1.6,
20250515,13:22:44,-1.5,
20250515,13:22:44,-1.4,
20250515,13:22:44,-1.4,
20250515,13:22:45,-1.4,
20250515,13:22:45,-1.5,
20250515,13:22:45,-1.9,
20250515,13:22:46,-2.6,
20250515,13:22:46,-2.9,
20250515,13:22:46,-2.7,
20250515,13:22:46,-2.4,
20250515,13:22:47,-2,
20250515,13:22:47,-1.7,
20250515,13:22:47,-1.6,
20250515,13:22:47,-1.5,
20250515,13:22:48,-1.5,
20250515,13:22:48,-1.4,
20250515,13:22:48,-1.5,
20250515,13:22:49,-1.9,
20250515,13:22:49,-2.4,
20250515,13:22:49,-2.5,
20250515,13:22:49,-2.5,
20250515,13:22:50,-2.5,
20250515,13:22:50,-2.4,
20250515,13:22:50,-2.4,
20250515,13:22:50,-2.4,
20250515,13:22:51,-2.6,
20250515,13:22:51,-2.9,
20250515,13:22:51,-3.2,
20250515,13:22:52,-3.2,
20250515,13:22:52,-3.3,
20250515,13:22:52,-3.2,
20250515,13:22:52,-3.2,
20250515,13:22:53,-3.1,
20250515,13:22:53,-3.1,
20250515,13:22:53,-3.4,
20250515,13:22:54,-3.8,
20250515,13:22:54,-4,
20250515,13:22:54,-4.1,
20250515,13:22:54,-4.1,
20250515,13:22:55,-4,
20250515,13:22:55,-3.9,
20250515,13:22:55,-3.8,
20250515,13:22:55,-3.7,
20250515,13:22:56,-3.7,
20250515,13:22:56,-3.5,
20250515,13:22:56,-3.6,
20250515,13:22:57,-3.7,
20250515,13:22:57,-3.9,
20250515,13:22:57,-4.1,
20250515,13:22:57,-4.2,
20250515,13:22:58,-4.2,
20250515,13:22:58,-4.2,
20250515,13:22:58,-4.2,
20250515,13:22:58,-4.2,
20250515,13:22:59,-4.2,
20250515,13:22:59,-4.4,
20250515,13:22:59,-5,
20250515,13:23:00,-5.6,
20250515,13:23:00,-5.8,
20250515,13:23:00,-5.8,
20250515,13:23:00,-5.7,
20250515,13:23:01,-5.8,
20250515,13:23:01,-6.1,
20250515,13:23:01,-6.7,
20250515,13:23:02,-7,
20250515,13:23:02,-6.9,
20250515,13:23:02,-6.7,
20250515,13:23:02,-6.4,
20250515,13:23:03,-6.1,
20250515,13:23:03,-5.8,
20250515,13:23:03,-5.7,
20250515,13:23:03,-5.6,
20250515,13:23:04,-5.7,
20250515,13:23:04,-5.7,
20250515,13:23:04,-6.3,
20250515,13:23:05,-6.9,
20250515,13:23:05,-7.3,
20250515,13:23:05,-7,
20250515,13:23:05,-6.7,
20250515,13:23:06,-6.4,
20250515,13:23:06,-6.1,
20250515,13:23:06,-5.8,
20250515,13:23:06,-5.8,
20250515,13:23:07,-5.8,
20250515,13:23:07,-5.6,
20250515,13:23:07,-5.5,
20250515,13:23:08,-5.5,
20250515,13:23:08,-5.5,
20250515,13:23:08,-5.7,
20250515,13:23:08,-5.8,
20250515,13:23:09,-6,
20250515,13:23:09,-6,
20250515,13:23:09,-6,
20250515,13:23:10,-5.9,
20250515,13:23:10,-5.9,
20250515,13:23:10,-6.1,
20250515,13:23:10,-6.5,
20250515,13:23:11,-6.7,
20250515,13:23:11,-6.8,
20250515,13:23:11,-7,
20250515,13:23:11,-7.4,
20250515,13:23:12,-7.5,
20250515,13:23:12,-7.4,
20250515,13:23:12,-7.2,
20250515,13:23:13,-7,
20250515,13:23:13,-6.9,
20250515,13:23:13,-6.7,
20250515,13:23:13,-6.7,
20250515,13:23:14,-6.9,
20250515,13:23:14,-7.2,
20250515,13:23:14,-7.5,
20250515,13:23:14,-7.5,
20250515,13:23:15,-7.5,
20250515,13:23:15,-7.3,
20250515,13:23:15,-7.1,
20250515,13:23:16,-7,
20250515,13:23:16,-7,
20250515,13:23:16,-6.8,
20250515,13:23:16,-6.9,
20250515,13:23:17,-7.4,
20250515,13:23:17,-8.2,
20250515,13:23:17,-8.4,
20250515,13:23:18,-8.1,
20250515,13:23:18,-7.7,
20250515,13:23:18,-7.5,
20250515,13:23:18,-7.1,
20250515,13:23:19,-7,
20250515,13:23:19,-6.8,
20250515,13:23:19,-6.7,
20250515,13:23:19,-6.6,
20250515,13:23:20,-6.6,
20250515,13:23:20,-6.6,
20250515,13:23:20,-7.1,
20250515,13:23:21,-8,
20250515,13:23:21,-8.4,
20250515,13:23:21,-8,
20250515,13:23:21,-7.6,
20250515,13:23:22,-7.2,
20250515,13:23:22,-6.9,
20250515,13:23:22,-6.7,
20250515,13:23:22,-6.6,
20250515,13:23:23,-6.3,
20250515,13:23:23,-6.3,
20250515,13:23:23,-6.3,
20250515,13:23:24,-6.3,
20250515,13:23:24,-6.3,
20250515,13:23:24,-6.6,
20250515,13:23:24,-6.8,
20250515,13:23:25,-7.1,
20250515,13:23:25,-7,
20250515,13:23:25,-6.8,
20250515,13:23:26,-6.7,
20250515,13:23:26,-6.6,
20250515,13:23:26,-6.5,
20250515,13:23:26,-6.5,
20250515,13:23:27,-6.4,
20250515,13:23:27,-6.3,
20250515,13:23:27,-6.4,
20250515,13:23:27,-6.3,
20250515,13:23:28,-6.3,
20250515,13:23:28,-6.7,
20250515,13:23:28,-7.1,
20250515,13:23:29,-7.3,
20250515,13:23:29,-7.3,
20250515,13:23:29,-7.3,
20250515,13:23:29,-7.1,
20250515,13:23:30,-6.8,
20250515,13:23:30,-6.8,
20250515,13:23:30,-6.7,
20250515,13:23:31,-6.6,
20250515,13:23:31,-6.6,
20250515,13:23:31,-6.6,
20250515,13:23:31,-6.6,
20250515,13:23:32,-6.6,
20250515,13:23:32,-6.7,
20250515,13:23:32,-6.9,
20250515,13:23:32,-7.1,
20250515,13:23:33,-7.2,
20250515,13:23:33,-7.2,
20250515,13:23:33,-7.1,
20250515,13:23:34,-7.1,
20250515,13:23:34,-7.1,
20250515,13:23:34,-7,
20250515,13:23:34,-7,
20250515,13:23:35,-7,
20250515,13:23:35,-7,
20250515,13:23:35,-7.3,
20250515,13:23:35,-7.6,
20250515,13:23:36,-7.9,
20250515,13:23:36,-8.4,
20250515,13:23:36,-9.3,
20250515,13:23:37,-9.6,
20250515,13:23:37,-9.7,
20250515,13:23:37,-9.8,
20250515,13:23:37,-9.5,
20250515,13:23:38,-9.3,
20250515,13:23:38,-9.3,
20250515,13:23:38,-9.3,
20250515,13:23:39,-9.3,
20250515,13:23:39,-9.3,
20250515,13:23:39,-9.3,
20250515,13:23:39,-9.6,
20250515,13:23:40,-10.3,
20250515,13:23:40,-10.5,
20250515,13:23:40,-10.1,
20250515,13:23:40,-9.5,
20250515,13:23:41,-9.1,
20250515,13:23:41,-8.8,
20250515,13:23:41,-8.5,
20250515,13:23:42,-8.6,
20250515,13:23:42,-9,
20250515,13:23:42,-9,
20250515,13:23:42,-8.7,
20250515,13:23:43,-8.4,
20250515,13:23:43,-8.4,
20250515,13:23:43,-8.5,
20250515,13:23:43,-8.6,
20250515,13:23:44,-8.6,
20250515,13:23:44,-8.5,
20250515,13:23:44,-8.4,
20250515,13:23:45,-8.4,
20250515,13:23:45,-8.3,
20250515,13:23:45,-8.2,
20250515,13:23:45,-8.3,
20250515,13:23:46,-8.5,
20250515,13:23:46,-9.1,
20250515,13:23:46,-9.3,
20250515,13:23:47,-9.2,
20250515,13:23:47,-8.8,
20250515,13:23:47,-8.4,
20250515,13:23:47,-8.1,
20250515,13:23:48,-7.9,
20250515,13:23:48,-7.8,
20250515,13:23:48,-7.9,
20250515,13:23:48,-7.9,
20250515,13:23:49,-8,
20250515,13:23:49,-7.8,
20250515,13:23:49,-7.9,
20250515,13:23:50,-8.5,
20250515,13:23:50,-8.8,
20250515,13:23:50,-8.6,
20250515,13:23:50,-8.3,
20250515,13:23:51,-8.1,
20250515,13:23:51,-7.6,
20250515,13:23:51,-7.3,
20250515,13:23:51,-7,
20250515,13:23:52,-6.9,
20250515,13:23:52,-6.8,
20250515,13:23:52,-6.8,
20250515,13:23:53,-6.7,
20250515,13:23:53,-6.9,
20250515,13:23:53,-7.2,
20250515,13:23:53,-7.3,
20250515,13:23:54,-7.4,
20250515,13:23:54,-7.6,
20250515,13:23:54,-7.6,
20250515,13:23:54,-7.7,
20250515,13:23:55,-7.8,
20250515,13:23:55,-8.1,
20250515,13:23:55,-8.4,
20250515,13:23:56,-8.5,
20250515,13:23:56,-8.5,
20250515,13:23:56,-8.9,
20250515,13:23:56,-9.4,
20250515,13:23:57,-9.3,
20250515,13:23:57,-9,
20250515,13:23:57,-8.4,
20250515,13:23:58,-8,
20250515,13:23:58,-7.7,
20250515,13:23:58,-7.6,
20250515,13:23:58,-7.5,
20250515,13:23:59,-7.4,
20250515,13:23:59,-7.3,
20250515,13:23:59,-7.2,
20250515,13:23:59,-7.2,
20250515,13:24:00,-7.2,
20250515,13:24:00,-7.3,
20250515,13:24:00,-7.4,
20250515,13:24:01,-7.6,
20250515,13:24:01,-7.7,
20250515,13:24:01,-7.9,
20250515,13:24:01,-8,
20250515,13:24:02,-8.1,
20250515,13:24:02,-8.1,
20250515,13:24:02,-8.3,
20250515,13:24:02,-8.4,
20250515,13:24:03,-8.5,
20250515,13:24:03,-8.5,
20250515,13:24:03,-8.5,
20250515,13:24:04,-8.5,
20250515,13:24:04,-8.5,
20250515,13:24:04,-9.1,
20250515,13:24:04,-9.6,
20250515,13:24:05,-9.9,
20250515,13:24:05,-9.7,
20250515,13:24:05,-9.4,
20250515,13:24:06,-9.1,
20250515,13:24:06,-8.8,
20250515,13:24:06,-8.6,
20250515,13:24:06,-8.4,
20250515,13:24:07,-8.4,
20250515,13:24:07,-8.4,
20250515,13:24:07,-8.4,
20250515,13:24:07,-8.3,
20250515,13:24:08,-8.4,
20250515,13:24:08,-8.5,
20250515,13:24:08,-8.7,
20250515,13:24:09,-9,
20250515,13:24:09,-9.6,
20250515,13:24:09,-10.4,
20250515,13:24:09,-10.7,
20250515,13:24:10,-10.2,
20250515,13:24:10,-9.9,
20250515,13:24:10,-9.3,
20250515,13:24:10,-9.2,
20250515,13:24:11,-8.9,
20250515,13:24:11,-9,
20250515,13:24:11,-9.3,
20250515,13:24:12,-9.3,
20250515,13:24:12,-9.3,
20250515,13:24:12,-9.1,
20250515,13:24:12,-8.8,
20250515,13:24:13,-8.7,
20250515,13:24:13,-8.6,
20250515,13:24:13,-8.7,
20250515,13:24:14,-8.7,
20250515,13:24:14,-8.8,
20250515,13:24:14,-8.9,
20250515,13:24:14,-8.9,
20250515,13:24:15,-8.9,
20250515,13:24:15,-8.7,
20250515,13:24:15,-8.8,
20250515,13:24:15,-8.8,
20250515,13:24:16,-8.8,
20250515,13:24:16,-8.7,
20250515,13:24:16,-8.8,
20250515,13:24:17,-8.7,
20250515,13:24:17,-8.7,
20250515,13:24:17,-8.6,
20250515,13:24:17,-8.6,
20250515,13:24:18,-8.7,
20250515,13:24:18,-8.8,
20250515,13:24:18,-9,
20250515,13:24:19,-9.7,
20250515,13:24:19,-10.6,
20250515,13:24:19,-11,
20250515,13:24:19,-11,
20250515,13:24:20,-10.8,
20250515,13:24:20,-10.7,
20250515,13:24:20,-10.8,
20250515,13:24:20,-10.6,
20250515,13:24:21,-10.6,
20250515,13:24:21,-10.3,
20250515,13:24:21,-10.3,
20250515,13:24:22,-10.1,
20250515,13:24:22,-10.1,
20250515,13:24:22,-9.9,
20250515,13:24:22,-10,
20250515,13:24:23,-9.9,
20250515,13:24:23,-10.3,
20250515,13:24:23,-10.5,
20250515,13:24:24,-10.7,
20250515,13:24:24,-10.7,
20250515,13:24:24,-10.7,
20250515,13:24:24,-10.6,
20250515,13:24:25,-10.5,
20250515,13:24:25,-10.4,
20250515,13:24:25,-10.3,
20250515,13:24:25,-10.2,
20250515,13:24:26,-10.4,
20250515,13:24:26,-10.8,
20250515,13:24:26,-11.2,
20250515,13:24:27,-11.2,
20250515,13:24:27,-11.4,
20250515,13:24:27,-11.6,
20250515,13:24:27,-11.8,
20250515,13:24:28,-11.6,
20250515,13:24:28,-11.4,
20250515,13:24:28,-11.4,
20250515,13:24:28,-11.3,
20250515,13:24:29,-11.2,
20250515,13:24:29,-11.2,
20250515,13:24:29,-11,
20250515,13:24:30,-11,
20250515,13:24:30,-11,
20250515,13:24:30,-11.1,
20250515,13:24:30,-11.2,
20250515,13:24:31,-11.2,
20250515,13:24:31,-11.1,
20250515,13:24:31,-11.2,
20250515,13:24:32,-11.3,
20250515,13:24:32,-11.2,
20250515,13:24:32,-11.3,
20250515,13:24:32,-11.8,
20250515,13:24:33,-12.4,
20250515,13:24:33,-13,
20250515,13:24:33,-13.1,
20250515,13:24:33,-12.9,
20250515,13:24:34,-12.7,
20250515,13:24:34,-12.7,
20250515,13:24:34,-12.4,
20250515,13:24:35,-12.4,
20250515,13:24:35,-12.2,
20250515,13:24:35,-12.2,
20250515,13:24:35,-12.2,
20250515,13:24:36,-12,
20250515,13:24:36,-11.9,
20250515,13:24:36,-11.8,
20250515,13:24:37,-11.6,
20250515,13:24:37,-11.7,
20250515,13:24:37,-11.6,
20250515,13:24:37,-11.6,
20250515,13:24:38,-11.5,
20250515,13:24:38,-11.4,
20250515,13:24:38,-11.4,
20250515,13:24:38,-11.3,
20250515,13:24:39,-11.5,
20250515,13:24:39,-11.9,
20250515,13:24:39,-12.4,
20250515,13:24:40,-12.7,
20250515,13:24:40,-12.9,
20250515,13:24:40,-12.8,
20250515,13:24:40,-12.7,
20250515,13:24:41,-12.5,
20250515,13:24:41,-12.5,
20250515,13:24:41,-12.3,
20250515,13:24:41,-12.3,
20250515,13:24:42,-12.1,
20250515,13:24:42,-12,
20250515,13:24:42,-12,
20250515,13:24:43,-12,
20250515,13:24:43,-11.9,
20250515,13:24:43,-12,
20250515,13:24:43,-12.1,
20250515,13:24:44,-12.3,
20250515,13:24:44,-12.5,
20250515,13:24:44,-12.6,
20250515,13:24:45,-12.8,
20250515,13:24:45,-13,
20250515,13:24:45,-13.1,
20250515,13:24:45,-13,
20250515,13:24:46,-13.1,
20250515,13:24:46,-13,
20250515,13:24:46,-12.9,
20250515,13:24:46,-12.8,
20250515,13:24:47,-12.8,
20250515,13:24:47,-12.8,
20250515,13:24:47,-12.9,
20250515,13:24:48,-13.3,
20250515,13:24:48,-13.7,
20250515,13:24:48,-13.9,
20250515,13:24:48,-14.1,
20250515,13:24:49,-14.6,
20250515,13:24:49,-14.7,
20250515,13:24:49,-14.5,
20250515,13:24:50,-14.2,
20250515,13:24:50,-13.7,
20250515,13:24:50,-13.5,
20250515,13:24:50,-13.3,
20250515,13:24:51,-13,
20250515,13:24:51,-12.8,
20250515,13:24:51,-12.9,
20250515,13:24:51,-12.9,
20250515,13:24:52,-13.2,
20250515,13:24:52,-13.3,
20250515,13:24:52,-13.2,
20250515,13:24:53,-13.2,
20250515,13:24:53,-13.2,
20250515,13:24:53,-13.5,
20250515,13:24:53,-13.5,
20250515,13:24:54,-13.6,
20250515,13:24:54,-13.5,
20250515,13:24:54,-13.4,
20250515,13:24:55,-13.1,
20250515,13:24:55,-12.9,
20250515,13:24:55,-12.7,
20250515,13:24:55,-12.8,
20250515,13:24:56,-12.7,
20250515,13:24:56,-12.8,
20250515,13:24:56,-12.7,
20250515,13:24:56,-12.7,
20250515,13:24:57,-12.5,
20250515,13:24:57,-12.5,
20250515,13:24:57,-12.5,
20250515,13:24:58,-12.5,
20250515,13:24:58,-12.7,
20250515,13:24:58,-12.8,
20250515,13:24:58,-12.9,
20250515,13:24:59,-12.9,
20250515,13:24:59,-12.9,
20250515,13:24:59,-13.1,
20250515,13:25:00,-13.4,
20250515,13:25:00,-13.6,
20250515,13:25:00,-13.9,
20250515,13:25:00,-13.9,
20250515,13:25:01,-13.7,
20250515,13:25:01,-13.7,
20250515,13:25:01,-13.5,
20250515,13:25:01,-13.5,
20250515,13:25:02,-13.5,
20250515,13:25:02,-13.4,
20250515,13:25:02,-13.2,
20250515,13:25:03,-13.2,
20250515,13:25:03,-13.2,
20250515,13:25:03,-13.1,
20250515,13:25:03,-13.1,
20250515,13:25:04,-13.1,
20250515,13:25:04,-12.9,
20250515,13:25:04,-12.9,
20250515,13:25:05,-13,
20250515,13:25:05,-13.2,
20250515,13:25:05,-13.6,
20250515,13:25:05,-14.2,
20250515,13:25:06,-14.4,
20250515,13:25:06,-14.5,
20250515,13:25:06,-14.4,
20250515,13:25:06,-14.3,
20250515,13:25:07,-14.3,
20250515,13:25:07,-14.1,
20250515,13:25:07,-13.9,
20250515,13:25:08,-13.9,
20250515,13:25:08,-13.8,
20250515,13:25:08,-13.8,
20250515,13:25:08,-13.9,
20250515,13:25:09,-14.2,
20250515,13:25:09,-14.6,
20250515,13:25:09,-15.2,
20250515,13:25:09,-15.6,
20250515,13:25:10,-15.6,
20250515,13:25:10,-15.4,
20250515,13:25:10,-15.2,
20250515,13:25:11,-15.1,
20250515,13:25:11,-15,
20250515,13:25:11,-14.7,
20250515,13:25:11,-14.6,
20250515,13:25:12,-14.6,
20250515,13:25:12,-14.4,
20250515,13:25:12,-14.7,
20250515,13:25:13,-15.2,
20250515,13:25:13,-15.2,
20250515,13:25:13,-15.3,
20250515,13:25:13,-15.2,
20250515,13:25:14,-15.2,
20250515,13:25:14,-15.2,
20250515,13:25:14,-15,
20250515,13:25:14,-15,
20250515,13:25:15,-15.2,
20250515,13:25:15,-15.4,
20250515,13:25:15,-15.5,
20250515,13:25:16,-15.4,
20250515,13:25:16,-15.3,
20250515,13:25:16,-15.2,
20250515,13:25:16,-15.1,
20250515,13:25:17,-15,
20250515,13:25:17,-14.8,
20250515,13:25:17,-15.2,
20250515,13:25:18,-15.4,
20250515,13:25:18,-15.4,
20250515,13:25:18,-15.2,
20250515,13:25:18,-15,
20250515,13:25:19,-14.9,
20250515,13:25:19,-14.9,
20250515,13:25:19,-14.8,
20250515,13:25:19,-14.6,
20250515,13:25:20,-14.6,
20250515,13:25:20,-14.6,
20250515,13:25:20,-14.6,
20250515,13:25:21,-14.5,
20250515,13:25:21,-14.5,
20250515,13:25:21,-14.4,
20250515,13:25:21,-14.4,
20250515,13:25:22,-14.4,
20250515,13:25:22,-14.6,
20250515,13:25:22,-14.9,
20250515,13:25:22,-15.1,
20250515,13:25:23,-15.3,
20250515,13:25:23,-15.3,
20250515,13:25:23,-15.3,
20250515,13:25:24,-15.2,
20250515,13:25:24,-15.2,
20250515,13:25:24,-15.2,
20250515,13:25:24,-15.1,
20250515,13:25:25,-15.2,
20250515,13:25:25,-15.3,
20250515,13:25:25,-15.4,
20250515,13:25:26,-15.7,
20250515,13:25:26,-16,
20250515,13:25:26,-16.4,
20250515,13:25:26,-16.2,
20250515,13:25:27,-16.1,
20250515,13:25:27,-15.7,
20250515,13:25:27,-15.4,
20250515,13:25:28,-15.2,
20250515,13:25:28,-15,
20250515,13:25:28,-15,
20250515,13:25:28,-15,
20250515,13:25:29,-14.9,
20250515,13:25:29,-15,
20250515,13:25:29,-15.7,
20250515,13:25:29,-16.1,
20250515,13:25:30,-16.2,
20250515,13:25:30,-16.1,
20250515,13:25:30,-15.8,
20250515,13:25:31,-15.4,
20250515,13:25:31,-15.2,
20250515,13:25:31,-15.1,
20250515,13:25:31,-14.9,
20250515,13:25:32,-14.8,
20250515,13:25:32,-14.8,
20250515,13:25:32,-14.7,
20250515,13:25:32,-14.8,
20250515,13:25:33,-14.8,
20250515,13:25:33,-14.7,
20250515,13:25:33,-14.8,
20250515,13:25:34,-14.8,
20250515,13:25:34,-14.8,
20250515,13:25:34,-14.8,
20250515,13:25:34,-14.8,
20250515,13:25:35,-14.9,
20250515,13:25:35,-15,
20250515,13:25:35,-15.1,
20250515,13:25:36,-15.5,
20250515,13:25:36,-15.7,
20250515,13:25:36,-15.5,
20250515,13:25:36,-15.2,
20250515,13:25:37,-15,
20250515,13:25:37,-14.7,
20250515,13:25:37,-14.5,
20250515,13:25:37,-14.4,
20250515,13:25:38,-14.4,
20250515,13:25:38,-14.4,
20250515,13:25:38,-14.4,
20250515,13:25:39,-14.4,
20250515,13:25:39,-14.3,
20250515,13:25:39,-14.3,
20250515,13:25:39,-14,
20250515,13:25:40,-14.1,
20250515,13:25:40,-14.1,
20250515,13:25:40,-14.1,
20250515,13:25:41,-14.3,
20250515,13:25:41,-14.3,
20250515,13:25:41,-14.4,
20250515,13:25:41,-14.3,
20250515,13:25:42,-14.3,
20250515,13:25:42,-14.3,
20250515,13:25:42,-14.1,
20250515,13:25:42,-14.1,
20250515,13:25:43,-14,
20250515,13:25:43,-14,
20250515,13:25:43,-13.8,
20250515,13:25:44,-13.8,
20250515,13:25:44,-13.7,
20250515,13:25:44,-13.6,
20250515,13:25:44,-13.6,
20250515,13:25:45,-13.5,
20250515,13:25:45,-13.5,
20250515,13:25:45,-13.5,
20250515,13:25:46,-13.3,
20250515,13:25:46,-13.3,
20250515,13:25:46,-13.3,
20250515,13:25:46,-13.2,
20250515,13:25:47,-13.1,
20250515,13:25:47,-13.2,
20250515,13:25:47,-13,
20250515,13:25:47,-13.1,
20250515,13:25:48,-13.3,
20250515,13:25:48,-13.5,
20250515,13:25:48,-13.7,
20250515,13:25:49,-13.7,
20250515,13:25:49,-13.9,
20250515,13:25:49,-13.8,
20250515,13:25:49,-13.8,
20250515,13:25:50,-13.6,
20250515,13:25:50,-13.6,
20250515,13:25:50,-13.7,
20250515,13:25:50,-13.6,
20250515,13:25:51,-13.5,
20250515,13:25:51,-13.5,
20250515,13:25:51,-13.5,
20250515,13:25:52,-13.4,
20250515,13:25:52,-13.3,
20250515,13:25:52,-13.2,
20250515,13:25:52,-13.1,
20250515,13:25:53,-13,
20250515,13:25:53,-13,
20250515,13:25:53,-13.1,
20250515,13:25:54,-13.6,
20250515,13:25:54,-14.8,
20250515,13:25:54,-15.9,
20250515,13:25:54,-16.4,
20250515,13:25:55,-16.6,
20250515,13:25:55,-16.8,
20250515,13:25:55,-16.7,
20250515,13:25:56,-16.5,
20250515,13:25:56,-16.4,
20250515,13:25:56,-16.3,
20250515,13:25:56,-16.4,
20250515,13:25:57,-16.9,
20250515,13:25:57,-17.5,
20250515,13:25:57,-17.7,
20250515,13:25:57,-17.6,
20250515,13:25:58,-17.5,
20250515,13:25:58,-17.2,
20250515,13:25:58,-17,
20250515,13:25:59,-16.8,
20250515,13:25:59,-16.7,
20250515,13:25:59,-16.6,
20250515,13:25:59,-16.5,
20250515,13:26:00,-16.3,
20250515,13:26:00,-16.2,
20250515,13:26:00,-16.2,
20250515,13:26:00,-16.1,
20250515,13:26:01,-16.1,
20250515,13:26:01,-15.9,
20250515,13:26:01,-15.9,
20250515,13:26:02,-15.8,
20250515,13:26:02,-15.6,
20250515,13:26:02,-15.7,
20250515,13:26:02,-15.5,
20250515,13:26:03,-15.4,
20250515,13:26:03,-15.3,
20250515,13:26:03,-15.2,
20250515,13:26:04,-15.3,
20250515,13:26:04,-15.4,
20250515,13:26:04,-15.5,
20250515,13:26:04,-15.5,
20250515,13:26:05,-15.7,
20250515,13:26:05,-15.8,
20250515,13:26:05,-15.8,
20250515,13:26:05,-15.7,
20250515,13:26:06,-15.5,
20250515,13:26:06,-15.5,
20250515,13:26:06,-15.4,
20250515,13:26:07,-15.3,
20250515,13:26:07,-15.2,
20250515,13:26:07,-15.2,
20250515,13:26:07,-15.2,
20250515,13:26:08,-15.2,
20250515,13:26:08,-15.2,
20250515,13:26:08,-15,
20250515,13:26:09,-15.1,
20250515,13:26:09,-14.9,
20250515,13:26:09,-14.8,
20250515,13:26:09,-14.7,
20250515,13:26:10,-14.4,
20250515,13:26:10,-14.4,
20250515,13:26:10,-14.7,
20250515,13:26:10,-14.8,
20250515,13:26:11,-14.9,
20250515,13:26:11,-14.7,
20250515,13:26:11,-14.5,
20250515,13:26:12,-14.4,
20250515,13:26:12,-14.4,
20250515,13:26:12,-14.2,
20250515,13:26:12,-14.2,
20250515,13:26:13,-14.2,
20250515,13:26:13,-13.6,
20250515,13:26:13,-13.5,
20250515,13:26:13,-13.3,
20250515,13:26:14,-13.6,
20250515,13:26:14,-14.1,
20250515,13:26:14,-14.6,
20250515,13:26:15,-15,
20250515,13:26:15,-14.9,
20250515,13:26:15,-14.4,
20250515,13:26:15,-14,
20250515,13:26:16,-13.5,
20250515,13:26:16,-13.1,
20250515,13:26:16,-13,
20250515,13:26:17,-12.9,
20250515,13:26:17,-12.7,
20250515,13:26:17,-12.7,
20250515,13:26:17,-12.7,
20250515,13:26:18,-12.7,
20250515,13:26:18,-12.7,
20250515,13:26:18,-12.7,
20250515,13:26:18,-12.6,
20250515,13:26:19,-12.4,
20250515,13:26:19,-12.7,
20250515,13:26:19,-12.7,
20250515,13:26:20,-12.7,
20250515,13:26:20,-12.5,
20250515,13:26:20,-12.1,
20250515,13:26:20,-11.9,
20250515,13:26:21,-11.7,
20250515,13:26:21,-11.5,
20250515,13:26:21,-11.2,
20250515,13:26:22,-11.1,
20250515,13:26:22,-11,
20250515,13:26:22,-11,
20250515,13:26:22,-11,
20250515,13:26:23,-11,
20250515,13:26:23,-10.9,
20250515,13:26:23,-10.9,
20250515,13:26:23,-10.6,
20250515,13:26:24,-10.7,
20250515,13:26:24,-10.4,
20250515,13:26:24,-10.4,
20250515,13:26:25,-10.3,
20250515,13:26:25,-10.3,
20250515,13:26:25,-10.1,
20250515,13:26:25,-10,
20250515,13:26:26,-9.9,
20250515,13:26:26,-9.6,
20250515,13:26:26,-9.3,
20250515,13:26:27,-9.3,
20250515,13:26:27,-9.3,
20250515,13:26:27,-9.5,
20250515,13:26:27,-9.4,
20250515,13:26:28,-9.3,
20250515,13:26:28,-9.1,
20250515,13:26:28,-9.1,
20250515,13:26:28,-9.1,
20250515,13:26:29,-8.9,
20250515,13:26:29,-8.9,
20250515,13:26:29,-8.7,
20250515,13:26:30,-8.6,
20250515,13:26:30,-8.4,
20250515,13:26:30,-8.4,
20250515,13:26:30,-8.3,
20250515,13:26:31,-8.2,
20250515,13:26:31,-8.1,
20250515,13:26:31,-8,
20250515,13:26:31,-7.9,
20250515,13:26:32,-7.9,
20250515,13:26:32,-7.7,
20250515,13:26:32,-7.6,
20250515,13:26:33,-7.3,
20250515,13:26:33,-7,
20250515,13:26:33,-6.5,
20250515,13:26:33,-6.3,
20250515,13:26:34,-6.2,
20250515,13:26:34,-6.1,
20250515,13:26:34,-6,
20250515,13:26:35,-5.9,
20250515,13:26:35,-5.8,
20250515,13:26:35,-5.8,
20250515,13:26:35,-5.6,
20250515,13:26:36,-5.6,
20250515,13:26:36,-5.4,
20250515,13:26:36,-5.2,
20250515,13:26:36,-5.2,
20250515,13:26:37,-5.1,
20250515,13:26:37,-4.9,
20250515,13:26:37,-5,
20250515,13:26:38,-4.8,
20250515,13:26:38,-4.7,
20250515,13:26:38,-4.6,
20250515,13:26:38,-4.7,
20250515,13:26:39,-5.1,
20250515,13:26:39,-5.4,
20250515,13:26:39,-5.6,
20250515,13:26:39,-5.7,
20250515,13:26:40,-5.7,
20250515,13:26:40,-5.6,
20250515,13:26:40,-5.6,
20250515,13:26:41,-5.5,
20250515,13:26:41,-5.3,
20250515,13:26:41,-5.2,
20250515,13:26:41,-5.1,
20250515,13:26:42,-5.2,
20250515,13:26:42,-5.5,
20250515,13:26:42,-5.8,
20250515,13:26:43,-5.8,
20250515,13:26:43,-5.8,
20250515,13:26:43,-6.1,
20250515,13:26:43,-6.6,
20250515,13:26:44,-6.7,
20250515,13:26:44,-6.7,
20250515,13:26:44,-6.7,
20250515,13:26:44,-6.6,
20250515,13:26:45,-6.2,
20250515,13:26:45,-6.1,
20250515,13:26:45,-6,
20250515,13:26:46,-5.8,
20250515,13:26:46,-5.8,
20250515,13:26:46,-5.7,
20250515,13:26:46,-5.7,
20250515,13:26:47,-5.7,
20250515,13:26:47,-5.4,
20250515,13:26:47,-5.3,
20250515,13:26:47,-5.3,
20250515,13:26:48,-5.3,
20250515,13:26:48,-5.5,
20250515,13:26:48,-5.8,
20250515,13:26:49,-5.9,
20250515,13:26:49,-6.1,
20250515,13:26:49,-6.1,
20250515,13:26:49,-6,
20250515,13:26:50,-5.9,
20250515,13:26:50,-6.1,
20250515,13:26:50,-6.7,
20250515,13:26:51,-6.7,
20250515,13:26:51,-6.6,
20250515,13:26:51,-6.3,
20250515,13:26:51,-6,
20250515,13:26:52,-5.8,
20250515,13:26:52,-5.8,
20250515,13:26:52,-5.7,
20250515,13:26:52,-5.7,
20250515,13:26:53,-5.7,
20250515,13:26:53,-5.7,
20250515,13:26:53,-5.5,
20250515,13:26:54,-5.4,
20250515,13:26:54,-5.1,
20250515,13:26:54,-5,
20250515,13:26:54,-4.8,
20250515,13:26:55,-4.6,
20250515,13:26:55,-4.6,
20250515,13:26:55,-4.6,
20250515,13:26:56,-4.8,
20250515,13:26:56,-5.1,
20250515,13:26:56,-5.1,
20250515,13:26:56,-4.9,
20250515,13:26:57,-4.4,
20250515,13:26:57,-4,
20250515,13:26:57,-3.7,
20250515,13:26:57,-3.4,
20250515,13:26:58,-2.9,
20250515,13:26:58,-2.4,
20250515,13:26:58,-2.1,
20250515,13:26:59,-2,
20250515,13:26:59,-1.8,
20250515,13:26:59,-1.7,
20250515,13:26:59,-1.5,
20250515,13:27:00,-1.4,
20250515,13:27:00,-1.1,
20250515,13:27:00,-0.8,
20250515,13:27:00,-0.5,
20250515,13:27:01,-0.2,
20250515,13:27:01,0,
20250515,13:27:01,0.1,
20250515,13:27:02,0.1,
20250515,13:27:02,0.2,
20250515,13:27:02,0.2,
20250515,13:27:02,0.1,
20250515,13:27:03,0.2,
20250515,13:27:03,0.2,
20250515,13:27:03,0.2,
20250515,13:27:03,0.2,
20250515,13:27:04,0.3,
20250515,13:27:04,0.3,
20250515,13:27:04,0.4,
20250515,13:27:05,0.4,
20250515,13:27:05,0.6,
20250515,13:27:05,0.6,
20250515,13:27:05,0.6,
20250515,13:27:06,0.4,
20250515,13:27:06,0.2,
20250515,13:27:06,-0.2,
20250515,13:27:07,-0.1,
20250515,13:27:07,0,
20250515,13:27:07,0.1,
20250515,13:27:07,0.1,
20250515,13:27:08,0.4,
20250515,13:27:08,0.5,
20250515,13:27:08,0,
20250515,13:27:08,-0.7,
20250515,13:27:09,-1.4,
20250515,13:27:09,-1.4,
20250515,13:27:09,-1.1,
20250515,13:27:10,-0.7,
20250515,13:27:10,-0.5,
20250515,13:27:10,0,
20250515,13:27:10,0.1,
20250515,13:27:11,0.4,
20250515,13:27:11,0.8,
20250515,13:27:11,0.9,
20250515,13:27:11,1,
20250515,13:27:12,1,
20250515,13:27:12,1.2,
20250515,13:27:12,1.2,
20250515,13:27:13,1.4,
20250515,13:27:13,1.3,
20250515,13:27:13,1.4,
20250515,13:27:13,1.5,
20250515,13:27:14,1.5,
20250515,13:27:14,1.5,
20250515,13:27:14,1,
20250515,13:27:14,0.1,
20250515,13:27:15,-0.6,
20250515,13:27:15,-0.7,
20250515,13:27:15,-0.6,
20250515,13:27:16,-0.2,
20250515,13:27:16,-0.1,
20250515,13:27:16,0.1,
20250515,13:27:16,0.3,
20250515,13:27:17,0.5,
20250515,13:27:17,0.5,
20250515,13:27:17,0.6,
20250515,13:27:18,0.6,
20250515,13:27:18,0.6,
20250515,13:27:18,0.6,
20250515,13:27:18,0.6,
20250515,13:27:19,0.6,
20250515,13:27:19,0.7,
20250515,13:27:19,0.5,
20250515,13:27:19,-0.3,
20250515,13:27:20,-1.1,
20250515,13:27:20,-1.2,
20250515,13:27:20,-0.7,
20250515,13:27:21,-0.5,
20250515,13:27:21,-0.9,
20250515,13:27:21,-1.5,
20250515,13:27:21,-2.4,
20250515,13:27:22,-2.2,
20250515,13:27:22,-1.6,
20250515,13:27:22,-1.2,
20250515,13:27:22,-0.9,
20250515,13:27:23,-0.7,
20250515,13:27:23,-0.7,
20250515,13:27:23,-0.7,
20250515,13:27:24,-0.7,
20250515,13:27:24,-0.6,
20250515,13:27:24,-0.7,
20250515,13:27:24,-0.7,
20250515,13:27:25,-0.7,
20250515,13:27:25,-0.8,
20250515,13:27:25,-0.9,
20250515,13:27:25,-0.9,
20250515,13:27:26,-0.9,
20250515,13:27:26,-1.1,
20250515,13:27:26,-0.7,
20250515,13:27:27,-0.8,
20250515,13:27:27,-0.8,
20250515,13:27:27,-0.8,
20250515,13:27:27,-0.7,
20250515,13:27:28,-0.7,
20250515,13:27:28,-0.7,
20250515,13:27:28,-0.7,
20250515,13:27:29,-0.7,
20250515,13:27:29,-0.7,
20250515,13:27:29,-0.7,
20250515,13:27:29,-0.7,
20250515,13:27:30,-0.7,
20250515,13:27:30,-0.7,
20250515,13:27:30,-0.6,
20250515,13:27:30,-0.4,
20250515,13:27:31,-0.1,
20250515,13:27:31,0.3,
20250515,13:27:31,1,
20250515,13:27:32,1.1,
20250515,13:27:32,1,
20250515,13:27:32,0.8,
20250515,13:27:32,0.7,
20250515,13:27:33,0.5,
20250515,13:27:33,0.4,
20250515,13:27:33,0.4,
20250515,13:27:33,0.5,
20250515,13:27:34,0.7,
20250515,13:27:34,0.7,
20250515,13:27:34,0.8,
20250515,13:27:35,1,
20250515,13:27:35,0.9,
20250515,13:27:35,1,
20250515,13:27:35,1,
20250515,13:27:36,1,
20250515,13:27:36,0.9,
20250515,13:27:36,1,
20250515,13:27:37,1,
20250515,13:27:37,1,
20250515,13:27:37,1,
20250515,13:27:37,1,
20250515,13:27:38,1,
20250515,13:27:38,0.8,
20250515,13:27:38,0.5,
20250515,13:27:38,0.5,
20250515,13:27:39,0.4,
20250515,13:27:39,0.5,
20250515,13:27:39,0.5,
20250515,13:27:40,0.4,
20250515,13:27:40,0.5,
20250515,13:27:40,0.5,
20250515,13:27:40,0.5,
20250515,13:27:41,0.6,
20250515,13:27:41,0.5,
20250515,13:27:41,0.6,
20250515,13:27:41,0.4,
20250515,13:27:42,0.4,
20250515,13:27:42,0.5,
20250515,13:27:42,0.5,
20250515,13:27:43,0.4,
20250515,13:27:43,0.4,
20250515,13:27:43,0.5,
20250515,13:27:43,0.6,
20250515,13:27:44,0.5,
20250515,13:27:44,0.3,
20250515,13:27:44,0.1,
20250515,13:27:45,-0.2,
20250515,13:27:45,-0.4,
20250515,13:27:45,-0.4,
20250515,13:27:45,-0.4,
20250515,13:27:46,-0.3,
20250515,13:27:46,-0.3,
20250515,13:27:46,-0.4,
20250515,13:27:46,-0.5,
20250515,13:27:47,-0.8,
20250515,13:27:47,-1,
20250515,13:27:47,-1.1,
20250515,13:27:48,-1.3,
20250515,13:27:48,-1.3,
20250515,13:27:48,-1.5,
20250515,13:27:48,-1.6,
20250515,13:27:49,-1.6,
20250515,13:27:49,-1.6,
20250515,13:27:49,-1.7,
20250515,13:27:49,-1.8,
20250515,13:27:50,-1.7,
20250515,13:27:50,-1.6,
20250515,13:27:50,-1.6,
20250515,13:27:51,-1.6,
20250515,13:27:51,-1.6,
20250515,13:27:51,-1.6,
20250515,13:27:51,-1.6,
20250515,13:27:52,-1.6,
20250515,13:27:52,-1.6,
20250515,13:27:52,-1.8,
20250515,13:27:53,-2.1,
20250515,13:27:53,-2.2,
20250515,13:27:53,-2.2,
20250515,13:27:53,-2.4,
20250515,13:27:54,-2.5,
20250515,13:27:54,-2.4,
20250515,13:27:54,-2.5,
20250515,13:27:54,-3.3,
20250515,13:27:55,-4.2,
20250515,13:27:55,-4.7,
20250515,13:27:55,-4.6,
20250515,13:27:56,-4.4,
20250515,13:27:56,-4.6,
20250515,13:27:56,-4.8,
20250515,13:27:56,-4.6,
20250515,13:27:57,-4.5,
20250515,13:27:57,-4.4,
20250515,13:27:57,-4.5,
20250515,13:27:57,-4.7,
20250515,13:27:58,-4.9,
20250515,13:27:58,-5.1,
20250515,13:27:58,-5.2,
20250515,13:27:59,-5.5,
20250515,13:27:59,-5.5,
20250515,13:27:59,-5.6,
20250515,13:27:59,-5.8,
20250515,13:28:00,-6.5,
20250515,13:28:00,-6.9,
20250515,13:28:00,-6.9,
20250515,13:28:00,-6.5,
20250515,13:28:01,-5.9,
20250515,13:28:01,-5.5,
20250515,13:28:01,-5.2,
20250515,13:28:02,-5,
20250515,13:28:02,-4.6,
20250515,13:28:02,-4.5,
20250515,13:28:02,-4.7,
20250515,13:28:03,-4.9,
20250515,13:28:03,-4.8,
20250515,13:28:03,-4.8,
20250515,13:28:04,-5,
20250515,13:28:04,-5,
20250515,13:28:04,-4.9,
20250515,13:28:04,-4.7,
20250515,13:28:05,-4.4,
20250515,13:28:05,-4.2,
20250515,13:28:05,-4.2,
20250515,13:28:05,-4.2,
20250515,13:28:06,-4.3,
20250515,13:28:06,-4.4,
20250515,13:28:06,-4.4,
20250515,13:28:07,-4.6,
20250515,13:28:07,-4.7,
20250515,13:28:07,-4.9,
20250515,13:28:07,-5,
20250515,13:28:08,-5.2,
20250515,13:28:08,-5.2,
20250515,13:28:08,-5.1,
20250515,13:28:08,-5.1,
20250515,13:28:09,-5.1,
20250515,13:28:09,-5.1,
20250515,13:28:09,-5.6,
20250515,13:28:10,-5.9,
20250515,13:28:10,-5.7,
20250515,13:28:10,-5.2,
20250515,13:28:10,-4.6,
20250515,13:28:11,-4.3,
20250515,13:28:11,-4,
20250515,13:28:11,-3.8,
20250515,13:28:12,-3.8,
20250515,13:28:12,-3.7,
20250515,13:28:12,-3.6,
20250515,13:28:12,-3.6,
20250515,13:28:13,-3.6,
20250515,13:28:13,-3.6,
20250515,13:28:13,-3.7,
20250515,13:28:13,-3.6,
20250515,13:28:14,-3.6,
20250515,13:28:14,-3.5,
20250515,13:28:14,-3.5,
20250515,13:28:15,-3.5,
20250515,13:28:15,-3.5,
20250515,13:28:15,-3.4,
20250515,13:28:15,-3.4,
20250515,13:28:16,-3.4,
20250515,13:28:16,-3.4,
20250515,13:28:16,-3.5,
20250515,13:28:16,-3.8,
20250515,13:28:17,-4,
20250515,13:28:17,-4.1,
20250515,13:28:17,-4.3,
20250515,13:28:18,-4.2,
20250515,13:28:18,-4.2,
20250515,13:28:18,-4.1,
20250515,13:28:18,-4.1,
20250515,13:28:19,-4.1,
20250515,13:28:19,-4,
20250515,13:28:19,-4,
20250515,13:28:20,-3.9,
20250515,13:28:20,-3.9,
20250515,13:28:20,-3.9,
20250515,13:28:20,-4,
20250515,13:28:21,-3.9,
20250515,13:28:21,-4,
20250515,13:28:21,-4,
20250515,13:28:21,-4,
20250515,13:28:22,-3.9,
20250515,13:28:22,-4,
20250515,13:28:22,-4.1,
20250515,13:28:23,-4.6,
20250515,13:28:23,-5.1,
20250515,13:28:23,-5.6,
20250515,13:28:23,-5.6,
20250515,13:28:24,-5.8,
20250515,13:28:24,-6.8,
20250515,13:28:24,-7.8,
20250515,13:28:24,-8,
20250515,13:28:25,-7.8,
20250515,13:28:25,-7.5,
20250515,13:28:25,-7.2,
20250515,13:28:26,-7.1,
20250515,13:28:26,-7,
20250515,13:28:26,-7,
20250515,13:28:26,-7,
20250515,13:28:27,-7.1,
20250515,13:28:27,-7.4,
20250515,13:28:27,-7.8,
20250515,13:28:28,-8.4,
20250515,13:28:28,-8.4,
20250515,13:28:28,-8,
20250515,13:28:28,-7.4,
20250515,13:28:29,-6.8,
20250515,13:28:29,-6.6,
20250515,13:28:29,-6.4,
20250515,13:28:29,-6.1,
20250515,13:28:30,-5.9,
20250515,13:28:30,-5.9,
20250515,13:28:30,-6,
20250515,13:28:31,-6.2,
20250515,13:28:31,-6.6,
20250515,13:28:31,-6.7,
20250515,13:28:31,-7,
20250515,13:28:32,-7.3,
20250515,13:28:32,-7.6,
20250515,13:28:32,-7.8,
20250515,13:28:32,-8,
20250515,13:28:33,-8.3,
20250515,13:28:33,-8.5,
20250515,13:28:33,-9,
20250515,13:28:34,-9.2,
20250515,13:28:34,-9.7,
20250515,13:28:34,-9.7,
20250515,13:28:34,-9.3,
20250515,13:28:35,-9.4,
20250515,13:28:35,-9.6,
20250515,13:28:35,-9.6,
20250515,13:28:36,-9.3,
20250515,13:28:36,-8.9,
20250515,13:28:36,-8.5,
20250515,13:28:36,-8.1,
20250515,13:28:37,-7.7,
20250515,13:28:37,-7.4,
20250515,13:28:37,-7,
20250515,13:28:37,-6.7,
20250515,13:28:38,-6.6,
20250515,13:28:38,-6.4,
20250515,13:28:38,-6.2,
20250515,13:28:39,-6.3,
20250515,13:28:39,-6.3,
20250515,13:28:39,-7.1,
20250515,13:28:39,-7.6,
20250515,13:28:40,-7.1,
20250515,13:28:40,-6.3,
20250515,13:28:40,-5.8,
20250515,13:28:41,-5.4,
20250515,13:28:41,-5,
20250515,13:28:41,-4.9,
20250515,13:28:41,-5,
20250515,13:28:42,-5,
20250515,13:28:42,-5,
20250515,13:28:42,-5.2,
20250515,13:28:42,-5.5,
20250515,13:28:43,-5.5,
20250515,13:28:43,-5.7,
20250515,13:28:43,-5.8,
20250515,13:28:44,-6.7,
20250515,13:28:44,-7.7,
20250515,13:28:44,-8,
20250515,13:28:44,-7.5,
20250515,13:28:45,-6.8,
20250515,13:28:45,-6.3,
20250515,13:28:45,-5.9,
20250515,13:28:45,-5.8,
20250515,13:28:46,-5.7,
20250515,13:28:46,-5.7,
20250515,13:28:46,-5.8,
20250515,13:28:47,-5.8,
20250515,13:28:47,-5.9,
20250515,13:28:47,-5.9,
20250515,13:28:47,-6,
20250515,13:28:48,-5.9,
20250515,13:28:48,-5.9,
20250515,13:28:48,-5.8,
20250515,13:28:49,-5.8,
20250515,13:28:49,-5.8,
20250515,13:28:49,-5.7,
20250515,13:28:49,-5.6,
20250515,13:28:50,-5.4,
20250515,13:28:50,-5.3,
20250515,13:28:50,-5.2,
20250515,13:28:50,-5.3,
20250515,13:28:51,-5.3,
20250515,13:28:51,-5,
20250515,13:28:51,-4.8,
20250515,13:28:52,-4.8,
20250515,13:28:52,-4.7,
20250515,13:28:52,-4.9,
20250515,13:28:52,-5,
20250515,13:28:53,-5.1,
20250515,13:28:53,-5.1,
20250515,13:28:53,-5.2,
20250515,13:28:53,-5.2,
20250515,13:28:54,-5.2,
20250515,13:28:54,-5.1,
20250515,13:28:54,-5.3,
20250515,13:28:55,-5.3,
20250515,13:28:55,-5.2,
20250515,13:28:55,-5.2,
20250515,13:28:55,-5.2,
20250515,13:28:56,-5.3,
20250515,13:28:56,-5.5,
20250515,13:28:56,-5.6,
20250515,13:28:57,-5.7,
20250515,13:28:57,-5.7,
20250515,13:28:57,-5.7,
20250515,13:28:57,-5.6,
20250515,13:28:58,-5.5,
20250515,13:28:58,-5.5,
20250515,13:28:58,-5.4,
20250515,13:28:58,-5.4,
20250515,13:28:59,-5.3,
20250515,13:28:59,-5.5,
20250515,13:28:59,-6,
20250515,13:29:00,-7.3,
20250515,13:29:00,-8.4,
20250515,13:29:00,-8.7,
20250515,13:29:00,-8.8,
20250515,13:29:01,-9,
20250515,13:29:01,-9.2,
20250515,13:29:01,-9,
20250515,13:29:01,-8.5,
20250515,13:29:02,-8.2,
20250515,13:29:02,-7.9,
20250515,13:29:02,-7.8,
20250515,13:29:03,-7.7,
20250515,13:29:03,-7.7,
20250515,13:29:03,-7.8,
20250515,13:29:03,-7.9,
20250515,13:29:04,-8,
20250515,13:29:04,-8.1,
20250515,13:29:04,-8.1,
20250515,13:29:05,-8.2,
20250515,13:29:05,-8.2,
20250515,13:29:05,-8.3,
20250515,13:29:05,-8.2,
20250515,13:29:06,-8.2,
20250515,13:29:06,-8.1,
20250515,13:29:06,-8.1,
20250515,13:29:06,-8.1,
20250515,13:29:07,-8,
20250515,13:29:07,-8,
20250515,13:29:07,-7.9,
20250515,13:29:08,-7.9,
20250515,13:29:08,-7.9,
20250515,13:29:08,-8,
20250515,13:29:08,-7.9,
20250515,13:29:09,-7.9,
20250515,13:29:09,-7.7,
20250515,13:29:09,-7.4,
20250515,13:29:09,-7.1,
20250515,13:29:10,-6.7,
20250515,13:29:10,-6.4,
20250515,13:29:10,-6.1,
20250515,13:29:11,-5.8,
20250515,13:29:11,-5.8,
20250515,13:29:11,-5.7,
20250515,13:29:11,-5.7,
20250515,13:29:12,-5.4,
20250515,13:29:12,-5.5,
20250515,13:29:12,-5.4,
20250515,13:29:13,-5.4,
20250515,13:29:13,-5.4,
20250515,13:29:13,-5.2,
20250515,13:29:13,-5.3,
20250515,13:29:14,-5.3,
20250515,13:29:14,-5.4,
20250515,13:29:14,-5.4,
20250515,13:29:14,-5.3,
20250515,13:29:15,-5.3,
20250515,13:29:15,-5.2,
20250515,13:29:15,-5.2,
20250515,13:29:16,-5.2,
20250515,13:29:16,-5.1,
20250515,13:29:16,-5.1,
20250515,13:29:16,-5.1,
20250515,13:29:17,-5.1,
20250515,13:29:17,-5,
20250515,13:29:17,-5.2,
20250515,13:29:17,-5.2,
20250515,13:29:18,-5.3,
20250515,13:29:18,-5.3,
20250515,13:29:18,-5.3,
20250515,13:29:19,-5.2,
20250515,13:29:19,-5.1,
20250515,13:29:19,-5.1,
20250515,13:29:19,-5,
20250515,13:29:20,-5,
20250515,13:29:20,-5,
20250515,13:29:20,-5,
20250515,13:29:20,-5,
20250515,13:29:21,-5,
20250515,13:29:21,-5,
20250515,13:29:21,-5.5,
20250515,13:29:22,-7.2,
20250515,13:29:22,-9.2,
20250515,13:29:22,-10.1,
20250515,13:29:22,-10.4,
20250515,13:29:23,-10.2,
20250515,13:29:23,-9.8,
20250515,13:29:23,-9.4,
20250515,13:29:24,-9.1,
20250515,13:29:24,-9,
20250515,13:29:24,-8.9,
20250515,13:29:24,-8.7,
20250515,13:29:25,-8.7,
20250515,13:29:25,-8.7,
20250515,13:29:25,-8.5,
20250515,13:29:25,-8.4,
20250515,13:29:26,-8.4,
20250515,13:29:26,-8.4,
20250515,13:29:26,-8.4,
20250515,13:29:27,-8.1,
20250515,13:29:27,-8.2,
20250515,13:29:27,-8.4,
20250515,13:29:27,-8.4,
20250515,13:29:28,-8.4,
20250515,13:29:28,-8.3,
20250515,13:29:28,-8.2,
20250515,13:29:28,-8,
20250515,13:29:29,-7.8,
20250515,13:29:29,-7.8,
20250515,13:29:29,-7.6,
20250515,13:29:30,-7.8,
20250515,13:29:30,-8.2,
20250515,13:29:30,-8.4,
20250515,13:29:30,-8.4,
20250515,13:29:31,-8.4,
20250515,13:29:31,-8.3,
20250515,13:29:31,-8.1,
20250515,13:29:32,-8,
20250515,13:29:32,-7.9,
20250515,13:29:32,-7.9,
20250515,13:29:32,-7.8,
20250515,13:29:33,-7.7,
20250515,13:29:33,-7.8,
20250515,13:29:33,-7.7,
20250515,13:29:33,-7.6,
20250515,13:29:34,-7.6,
20250515,13:29:34,-7.6,
20250515,13:29:34,-7.6,
20250515,13:29:35,-7.5,
20250515,13:29:35,-7.4,
20250515,13:29:35,-7.4,
20250515,13:29:35,-7.3,
20250515,13:29:36,-7.3,
20250515,13:29:36,-7.2,
20250515,13:29:36,-7.1,
20250515,13:29:36,-7.1,
20250515,13:29:37,-7,
20250515,13:29:37,-7,
20250515,13:29:37,-6.8,
20250515,13:29:38,-6.7,
20250515,13:29:38,-6.7,
20250515,13:29:38,-6.9,
20250515,13:29:38,-7,
20250515,13:29:39,-7,
20250515,13:29:39,-7,
20250515,13:29:39,-6.7,
20250515,13:29:40,-6.7,
20250515,13:29:40,-6.8,
20250515,13:29:40,-6.8,
20250515,13:29:40,-6.7,
20250515,13:29:41,-6.7,
20250515,13:29:41,-6.8,
20250515,13:29:41,-6.9,
20250515,13:29:41,-6.9,
20250515,13:29:42,-6.9,
20250515,13:29:42,-6.9,
20250515,13:29:42,-6.9,
20250515,13:29:43,-7.1,
20250515,13:29:43,-7.1,
20250515,13:29:43,-7,
20250515,13:29:43,-7,
20250515,13:29:44,-7,
20250515,13:29:44,-7,
20250515,13:29:44,-7,
20250515,13:29:45,-7.2,
20250515,13:29:45,-7.4,
20250515,13:29:45,-7.4,
20250515,13:29:45,-7.3,
20250515,13:29:46,-7.4,
20250515,13:29:46,-7.4,
20250515,13:29:46,-7.5,
20250515,13:29:46,-7.7,
20250515,13:29:47,-7.8,
20250515,13:29:47,-7.8,
20250515,13:29:47,-8.1,
20250515,13:29:48,-8.4,
20250515,13:29:48,-8.4,
20250515,13:29:48,-8.4,
20250515,13:29:48,-8.2,
20250515,13:29:49,-8,
20250515,13:29:49,-8,
20250515,13:29:49,-8.1,
20250515,13:29:49,-8.2,
20250515,13:29:50,-8.2,
20250515,13:29:50,-8.1,
20250515,13:29:50,-8,
20250515,13:29:51,-8.1,
20250515,13:29:51,-8.4,
20250515,13:29:51,-8.7,
20250515,13:29:51,-8.7,
20250515,13:29:52,-8.7,
20250515,13:29:52,-8.8,
20250515,13:29:52,-9.2,
20250515,13:29:53,-9.5,
20250515,13:29:53,-9.8,
20250515,13:29:53,-9.9,
20250515,13:29:53,-9.7,
20250515,13:29:54,-9.7,
20250515,13:29:54,-9.6,
20250515,13:29:54,-9.5,
20250515,13:29:54,-9.5,
20250515,13:29:55,-9.6,
20250515,13:29:55,-9.5,
20250515,13:29:55,-9.5,
20250515,13:29:56,-9.5,
20250515,13:29:56,-9.5,
20250515,13:29:56,-9.4,
20250515,13:29:56,-9.3,
20250515,13:29:57,-9.3,
20250515,13:29:57,-9.3,
20250515,13:29:57,-9.3,
20250515,13:29:57,-9.3,
20250515,13:29:58,-9.3,
20250515,13:29:58,-9.3,
20250515,13:29:58,-9.2,
20250515,13:29:59,-9.2,
20250515,13:29:59,-9.1,
20250515,13:29:59,-9.3,
20250515,13:29:59,-9.3,
20250515,13:30:00,-9.3,
20250515,13:30:00,-9.3,
20250515,13:30:00,-10.4,
20250515,13:30:01,-11.6,
20250515,13:30:01,-11.7,
20250515,13:30:01,-11.1,
20250515,13:30:01,-10.4,
20250515,13:30:02,-10.1,
20250515,13:30:02,-9.8,
20250515,13:30:02,-9.7,
20250515,13:30:02,-9.9,
20250515,13:30:03,-10.6,
20250515,13:30:03,-11.3,
20250515,13:30:03,-11.1,
20250515,13:30:04,-10.8,
20250515,13:30:04,-10.6,
20250515,13:30:04,-10.4,
20250515,13:30:04,-10.2,
20250515,13:30:05,-10.1,
20250515,13:30:05,-10.2,
20250515,13:30:05,-10.5,
20250515,13:30:05,-10.5,
20250515,13:30:06,-10.4,
20250515,13:30:06,-10.3,
20250515,13:30:06,-10.2,
20250515,13:30:07,-10.9,
20250515,13:30:07,-11.2,
20250515,13:30:07,-11,
20250515,13:30:07,-10.4,
20250515,13:30:08,-9.8,
20250515,13:30:08,-9.5,
20250515,13:30:08,-9.5,
20250515,13:30:09,-9.6,
20250515,13:30:09,-9.7,
20250515,13:30:09,-9.6,
20250515,13:30:09,-9.6,
20250515,13:30:10,-9.5,
20250515,13:30:10,-9.5,
20250515,13:30:10,-9.4,
20250515,13:30:10,-9.5,
20250515,13:30:11,-9.4,
20250515,13:30:11,-9.4,
20250515,13:30:11,-9.4,
20250515,13:30:12,-9.4,
20250515,13:30:12,-9.8,
20250515,13:30:12,-10.7,
20250515,13:30:12,-10.8,
20250515,13:30:13,-10.1,
20250515,13:30:13,-9.3,
20250515,13:30:13,-8.7,
20250515,13:30:13,-8.3,
20250515,13:30:14,-7.9,
20250515,13:30:14,-7.7,
20250515,13:30:14,-7.7,
20250515,13:30:15,-7.7,
20250515,13:30:15,-8.2,
20250515,13:30:15,-8.5,
20250515,13:30:15,-8.4,
20250515,13:30:16,-8.2,
20250515,13:30:16,-7.8,
20250515,13:30:16,-7.8,
20250515,13:30:17,-8.2,
20250515,13:30:17,-8.4,
20250515,13:30:17,-8,
20250515,13:30:17,-7.6,
20250515,13:30:18,-6.7,
20250515,13:30:18,-5.8,
20250515,13:30:18,-5,
20250515,13:30:18,-4.6,
20250515,13:30:19,-4.1,
20250515,13:30:19,-3.9,
20250515,13:30:19,-3.9,
20250515,13:30:20,-4,
20250515,13:30:20,-4.3,
20250515,13:30:20,-4.8,
20250515,13:30:20,-5.1,
20250515,13:30:21,-5.6,
20250515,13:30:21,-5.8,
20250515,13:30:21,-6.1,
20250515,13:30:22,-6.4,
20250515,13:30:22,-6.5,
20250515,13:30:22,-6.7,
20250515,13:30:22,-6.7,
20250515,13:30:23,-6.8,
20250515,13:30:23,-6.9,
20250515,13:30:23,-6.9,
20250515,13:30:23,-6.9,
20250515,13:30:24,-6.8,
20250515,13:30:24,-6.8,
20250515,13:30:24,-6.7,
20250515,13:30:25,-7,
20250515,13:30:25,-7.4,
20250515,13:30:25,-7.5,
20250515,13:30:25,-7.3,
20250515,13:30:26,-7,
20250515,13:30:26,-6.7,
20250515,13:30:26,-6.4,
20250515,13:30:27,-6.3,
20250515,13:30:27,-6.2,
20250515,13:30:27,-6.1,
20250515,13:30:27,-6.1,
20250515,13:30:28,-6.1,
20250515,13:30:28,-6,
20250515,13:30:28,-6,
20250515,13:30:28,-6.3,
20250515,13:30:29,-7.4,
20250515,13:30:29,-8.6,
20250515,13:30:29,-8.7,
20250515,13:30:30,-8.3,
20250515,13:30:30,-7.6,
20250515,13:30:30,-7,
20250515,13:30:30,-6.7,
20250515,13:30:31,-6.6,
20250515,13:30:31,-6.5,
20250515,13:30:31,-6.4,
20250515,13:30:31,-6.5,
20250515,13:30:32,-6.5,
20250515,13:30:32,-6.7,
20250515,13:30:32,-7.2,
20250515,13:30:33,-7.7,
20250515,13:30:33,-7.7,
20250515,13:30:33,-7.7,
20250515,13:30:33,-7.5,
20250515,13:30:34,-7.2,
20250515,13:30:34,-7.2,
20250515,13:30:34,-8,
20250515,13:30:35,-8.9,
20250515,13:30:35,-8.4,
20250515,13:30:35,-7.4,
20250515,13:30:35,-6.4,
20250515,13:30:36,-5.8,
20250515,13:30:36,-5.5,
20250515,13:30:36,-5.5,
20250515,13:30:36,-5.6,
20250515,13:30:37,-5.8,
20250515,13:30:37,-6.1,
20250515,13:30:37,-6.4,
20250515,13:30:38,-6.7,
20250515,13:30:38,-6.9,
20250515,13:30:38,-7,
20250515,13:30:38,-7.1,
20250515,13:30:39,-7.2,
20250515,13:30:39,-7.4,
20250515,13:30:39,-7.4,
20250515,13:30:39,-7.4,
20250515,13:30:40,-7.4,
20250515,13:30:40,-7.2,
20250515,13:30:40,-7.2,
20250515,13:30:41,-7.1,
20250515,13:30:41,-7.1,
20250515,13:30:41,-7.2,
20250515,13:30:41,-7.3,
20250515,13:30:42,-7.4,
20250515,13:30:42,-7.8,
20250515,13:30:42,-7.8,
20250515,13:30:42,-7.6,
20250515,13:30:43,-7.4,
20250515,13:30:43,-7.1,
20250515,13:30:43,-6.9,
20250515,13:30:44,-6.8,
20250515,13:30:44,-6.8,
20250515,13:30:44,-7,
20250515,13:30:44,-7.9,
20250515,13:30:45,-8.5,
20250515,13:30:45,-8.4,
20250515,13:30:45,-8.2,
20250515,13:30:46,-8,
20250515,13:30:46,-8.2,
20250515,13:30:46,-8.4,
20250515,13:30:46,-8.3,
20250515,13:30:47,-7.7,
20250515,13:30:47,-7.1,
20250515,13:30:47,-6.8,
20250515,13:30:47,-6.7,
20250515,13:30:48,-6.7,
20250515,13:30:48,-6.7,
20250515,13:30:48,-6.9,
20250515,13:30:49,-7,
20250515,13:30:49,-7.2,
20250515,13:30:49,-7.3,
20250515,13:30:49,-7.4,
20250515,13:30:50,-7.6,
20250515,13:30:50,-7.6,
20250515,13:30:50,-7.7,
20250515,13:30:50,-7.6,
20250515,13:30:51,-7.6,
20250515,13:30:51,-7.5,
20250515,13:30:51,-7.5,
20250515,13:30:52,-7.3,
20250515,13:30:52,-7.3,
20250515,13:30:52,-7.2,
20250515,13:30:52,-7.2,
20250515,13:30:53,-7.1,
20250515,13:30:53,-7,
20250515,13:30:53,-6.9,
20250515,13:30:54,-6.8,
20250515,13:30:54,-6.7,
20250515,13:30:54,-6.7,
20250515,13:30:54,-6.7,
20250515,13:30:55,-6.6,
20250515,13:30:55,-6.7,
20250515,13:30:55,-6.7,
20250515,13:30:55,-6.6,
20250515,13:30:56,-6.7,
20250515,13:30:56,-6.6,
20250515,13:30:56,-6.5,
20250515,13:30:57,-6.5,
20250515,13:30:57,-6.5,
20250515,13:30:57,-6.4,
20250515,13:30:57,-6.4,
20250515,13:30:58,-6.3,
20250515,13:30:58,-6.2,
20250515,13:30:58,-6.2,
20250515,13:30:58,-6.2,
20250515,13:30:59,-6.1,
20250515,13:30:59,-6,
20250515,13:30:59,-6,
20250515,13:31:00,-6,
20250515,13:31:00,-6.6,
20250515,13:31:00,-7.6,
20250515,13:31:00,-8.5,
20250515,13:31:01,-8.9,
20250515,13:31:01,-9.1,
20250515,13:31:01,-9.5,
20250515,13:31:02,-10.1,
20250515,13:31:02,-10.3,
20250515,13:31:02,-10.4,
20250515,13:31:02,-10.2,
20250515,13:31:03,-10,
20250515,13:31:03,-9.8,
20250515,13:31:03,-9.6,
20250515,13:31:03,-9.5,
20250515,13:31:04,-9.5,
20250515,13:31:04,-9.4,
20250515,13:31:04,-9.5,
20250515,13:31:05,-9.6,
20250515,13:31:05,-9.6,
20250515,13:31:05,-9.6,
20250515,13:31:05,-9.9,
20250515,13:31:06,-10.5,
20250515,13:31:06,-11,
20250515,13:31:06,-11.1,
20250515,13:31:06,-10.9,
20250515,13:31:07,-10.1,
20250515,13:31:07,-9.5,
20250515,13:31:07,-9.1,
20250515,13:31:08,-8.8,
20250515,13:31:08,-8.7,
20250515,13:31:08,-8.7,
20250515,13:31:08,-8.9,
20250515,13:31:09,-9.1,
20250515,13:31:09,-9.3,
20250515,13:31:09,-9.4,
20250515,13:31:10,-9.6,
20250515,13:31:10,-9.6,
20250515,13:31:10,-9.7,
20250515,13:31:10,-9.8,
20250515,13:31:11,-9.8,
20250515,13:31:11,-9.9,
20250515,13:31:11,-10,
20250515,13:31:11,-10.1,
20250515,13:31:12,-10.1,
20250515,13:31:12,-10,
20250515,13:31:12,-9.8,
20250515,13:31:13,-9.5,
20250515,13:31:13,-9.5,
20250515,13:31:13,-9.4,
20250515,13:31:13,-9.5,
20250515,13:31:14,-10.1,
20250515,13:31:14,-10.7,
20250515,13:31:14,-10.7,
20250515,13:31:15,-10,
20250515,13:31:15,-9.2,
20250515,13:31:15,-8.5,
20250515,13:31:15,-8.2,
20250515,13:31:16,-7.9,
20250515,13:31:16,-7.8,
20250515,13:31:16,-7.7,
20250515,13:31:16,-7.7,
20250515,13:31:17,-7.8,
20250515,13:31:17,-8,
20250515,13:31:17,-7.9,
20250515,13:31:18,-8,
20250515,13:31:18,-8.2,
20250515,13:31:18,-8.1,
20250515,13:31:18,-8.3,
20250515,13:31:19,-8.3,
20250515,13:31:19,-8.4,
20250515,13:31:19,-8.3,
20250515,13:31:19,-8.2,
20250515,13:31:20,-8.2,
20250515,13:31:20,-8,
20250515,13:31:20,-7.9,
20250515,13:31:21,-7.8,
20250515,13:31:21,-7.6,
20250515,13:31:21,-7.7,
20250515,13:31:21,-7.6,
20250515,13:31:22,-7.6,
20250515,13:31:22,-7.5,
20250515,13:31:22,-7.4,
20250515,13:31:23,-7.3,
20250515,13:31:23,-7.2,
20250515,13:31:23,-7.2,
20250515,13:31:23,-7.1,
20250515,13:31:24,-7,
20250515,13:31:24,-7.1,
20250515,13:31:24,-7,
20250515,13:31:24,-7,
20250515,13:31:25,-7.1,
20250515,13:31:25,-7.2,
20250515,13:31:25,-7.2,
20250515,13:31:26,-7.2,
20250515,13:31:26,-7.2,
20250515,13:31:26,-7.4,
20250515,13:31:26,-7.5,
20250515,13:31:27,-7.6,
20250515,13:31:27,-7.6,
20250515,13:31:27,-7.6,
20250515,13:31:27,-7.5,
20250515,13:31:28,-7.5,
20250515,13:31:28,-7.6,
20250515,13:31:28,-7.7,
20250515,13:31:29,-7.7,
20250515,13:31:29,-7.7,
20250515,13:31:29,-7.5,
20250515,13:31:29,-7.6,
20250515,13:31:30,-7.6,
20250515,13:31:30,-7.5,
20250515,13:31:30,-7.3,
20250515,13:31:31,-7.2,
20250515,13:31:31,-7.2,
20250515,13:31:31,-7.3,
20250515,13:31:31,-7.2,
20250515,13:31:32,-7.2,
20250515,13:31:32,-7.1,
20250515,13:31:32,-7.2,
20250515,13:31:32,-7.2,
20250515,13:31:33,-7,
20250515,13:31:33,-7,
20250515,13:31:33,-6.9,
20250515,13:31:34,-6.9,
20250515,13:31:34,-6.9,
20250515,13:31:34,-7,
20250515,13:31:34,-7.7,
20250515,13:31:35,-9.2,
20250515,13:31:35,-10.4,
20250515,13:31:35,-10.9,
20250515,13:31:35,-11,
20250515,13:31:36,-11,
20250515,13:31:36,-10.9,
20250515,13:31:36,-10.6,
20250515,13:31:37,-10.3,
20250515,13:31:37,-10.2,
20250515,13:31:37,-10.2,
20250515,13:31:37,-10.1,
20250515,13:31:38,-10.1,
20250515,13:31:38,-10.1,
20250515,13:31:38,-9.8,
20250515,13:31:39,-9.8,
20250515,13:31:39,-9.7,
20250515,13:31:39,-9.5,
20250515,13:31:39,-9.4,
20250515,13:31:40,-9.4,
20250515,13:31:40,-9.4,
20250515,13:31:40,-9.4,
20250515,13:31:40,-9.4,
20250515,13:31:41,-9.3,
20250515,13:31:41,-9.3,
20250515,13:31:41,-9.1,
20250515,13:31:42,-9.1,
20250515,13:31:42,-8.9,
20250515,13:31:42,-8.9,
20250515,13:31:42,-8.7,
20250515,13:31:43,-8.8,
20250515,13:31:43,-9.3,
20250515,13:31:43,-9.9,
20250515,13:31:43,-10.1,
20250515,13:31:44,-10.1,
20250515,13:31:44,-10,
20250515,13:31:44,-9.7,
20250515,13:31:45,-9.5,
20250515,13:31:45,-9.4,
20250515,13:31:45,-9.3,
20250515,13:31:45,-9.2,
20250515,13:31:46,-9.1,
20250515,13:31:46,-9,
20250515,13:31:46,-9,
20250515,13:31:47,-9.2,
20250515,13:31:47,-9.4,
20250515,13:31:47,-9.4,
20250515,13:31:47,-9.5,
20250515,13:31:48,-9.4,
20250515,13:31:48,-9.4,
20250515,13:31:48,-9.9,
20250515,13:31:48,-11.1,
20250515,13:31:49,-12,
20250515,13:31:49,-11.9,
20250515,13:31:49,-11.6,
20250515,13:31:50,-11.1,
20250515,13:31:50,-10.9,
20250515,13:31:50,-10.7,
20250515,13:31:50,-10.5,
20250515,13:31:51,-10.3,
20250515,13:31:51,-10.4,
20250515,13:31:51,-10.4,
20250515,13:31:52,-10.3,
20250515,13:31:52,-10.4,
20250515,13:31:52,-10.4,
20250515,13:31:52,-10.8,
20250515,13:31:53,-11.6,
20250515,13:31:53,-11.8,
20250515,13:31:53,-11.7,
20250515,13:31:53,-11.3,
20250515,13:31:54,-11,
20250515,13:31:54,-11,
20250515,13:31:54,-11.1,
20250515,13:31:55,-11,
20250515,13:31:55,-10.5,
20250515,13:31:55,-10.1,
20250515,13:31:55,-10.3,
20250515,13:31:56,-11,
20250515,13:31:56,-11.2,
20250515,13:31:56,-11.4,
20250515,13:31:56,-12.1,
20250515,13:31:57,-12.7,
20250515,13:31:57,-12.4,
20250515,13:31:57,-11.2,
20250515,13:31:58,-10.2,
20250515,13:31:58,-9.6,
20250515,13:31:58,-9.3,
20250515,13:31:58,-9.4,
20250515,13:31:59,-9.8,
20250515,13:31:59,-10.4,
20250515,13:31:59,-10.9,
20250515,13:32:00,-11,
20250515,13:32:00,-11.2,
20250515,13:32:00,-11.3,
20250515,13:32:00,-11.4,
20250515,13:32:01,-11.5,
20250515,13:32:01,-11.8,
20250515,13:32:01,-11.8,
20250515,13:32:01,-11.8,
20250515,13:32:02,-11.9,
20250515,13:32:02,-12,
20250515,13:32:02,-12.1,
20250515,13:32:03,-12,
20250515,13:32:03,-12,
20250515,13:32:03,-11.9,
20250515,13:32:03,-11.9,
20250515,13:32:04,-11.8,
20250515,13:32:04,-11.8,
20250515,13:32:04,-11.8,
20250515,13:32:05,-11.7,
20250515,13:32:05,-11.4,
20250515,13:32:05,-11.3,
20250515,13:32:05,-11.1,
20250515,13:32:06,-11,
20250515,13:32:06,-10.9,
20250515,13:32:06,-10.6,
20250515,13:32:06,-10.5,
20250515,13:32:07,-10.3,
20250515,13:32:07,-10.3,
20250515,13:32:07,-10,
20250515,13:32:08,-9.9,
20250515,13:32:08,-10,
20250515,13:32:08,-10.3,
20250515,13:32:08,-10.8,
20250515,13:32:09,-10.9,
20250515,13:32:09,-10.9,
20250515,13:32:09,-10.6,
20250515,13:32:10,-10.3,
20250515,13:32:10,-10.1,
20250515,13:32:10,-9.9,
20250515,13:32:10,-9.8,
20250515,13:32:11,-9.7,
20250515,13:32:11,-9.7,
20250515,13:32:11,-9.6,
20250515,13:32:11,-9.4,
20250515,13:32:12,-9.3,
20250515,13:32:12,-9.3,
20250515,13:32:12,-9.2,
20250515,13:32:13,-9.2,
20250515,13:32:13,-9.1,
20250515,13:32:13,-9.3,
20250515,13:32:13,-9.4,
20250515,13:32:14,-9.8,
20250515,13:32:14,-10.1,
20250515,13:32:14,-10.3,
20250515,13:32:14,-10.3,
20250515,13:32:15,-10.1,
20250515,13:32:15,-10.1,
20250515,13:32:15,-10,
20250515,13:32:16,-9.9,
20250515,13:32:16,-10.1,
20250515,13:32:16,-10.2,
20250515,13:32:16,-10.3,
20250515,13:32:17,-10.4,
20250515,13:32:17,-10.5,
20250515,13:32:17,-10.7,
20250515,13:32:18,-10.7,
20250515,13:32:18,-10.6,
20250515,13:32:18,-10.5,
20250515,13:32:18,-10.3,
20250515,13:32:19,-10.1,
20250515,13:32:19,-10,
20250515,13:32:19,-10,
20250515,13:32:19,-9.9,
20250515,13:32:20,-9.9,
20250515,13:32:20,-10.1,
20250515,13:32:20,-10.3,
20250515,13:32:21,-10.5,
20250515,13:32:21,-10.4,
20250515,13:32:21,-10.5,
20250515,13:32:21,-10.4,
20250515,13:32:22,-10.2,
20250515,13:32:22,-10.4,
20250515,13:32:22,-10.4,
20250515,13:32:23,-10.4,
20250515,13:32:23,-10.4,
20250515,13:32:23,-10.2,
20250515,13:32:23,-10.3,
20250515,13:32:24,-10.1,
20250515,13:32:24,-10,
20250515,13:32:24,-9.9,
20250515,13:32:24,-10,
20250515,13:32:25,-10.3,
20250515,13:32:25,-11.4,
20250515,13:32:25,-13,
20250515,13:32:26,-13.4,
20250515,13:32:26,-12.6,
20250515,13:32:26,-11.6,
20250515,13:32:26,-11,
20250515,13:32:27,-10.5,
20250515,13:32:27,-10,
20250515,13:32:27,-9.8,
20250515,13:32:28,-10,
20250515,13:32:28,-10.3,
20250515,13:32:28,-9.7,
20250515,13:32:28,-8.6,
20250515,13:32:29,-7.6,
20250515,13:32:29,-7.2,
20250515,13:32:29,-7.3,
20250515,13:32:29,-7.6,
20250515,13:32:30,-8,
20250515,13:32:30,-8.4,
20250515,13:32:30,-9,
20250515,13:32:31,-9.4,
20250515,13:32:31,-9.3,
20250515,13:32:31,-8.8,
20250515,13:32:31,-8.4,
20250515,13:32:32,-8.1,
20250515,13:32:32,-7.9,
20250515,13:32:32,-7.8,
20250515,13:32:32,-7.8,
20250515,13:32:33,-7.9,
20250515,13:32:33,-8,
20250515,13:32:33,-8.1,
20250515,13:32:34,-8,
20250515,13:32:34,-8.1,
20250515,13:32:34,-8.2,
20250515,13:32:34,-8.4,
20250515,13:32:35,-9,
20250515,13:32:35,-9.9,
20250515,13:32:35,-9.5,
20250515,13:32:35,-8.5,
20250515,13:32:36,-7.6,
20250515,13:32:36,-6.8,
20250515,13:32:36,-6.4,
20250515,13:32:37,-6.1,
20250515,13:32:37,-6.2,
20250515,13:32:37,-6.4,
20250515,13:32:37,-6.6,
20250515,13:32:38,-6.4,
20250515,13:32:38,-6.5,
20250515,13:32:38,-6.5,
20250515,13:32:39,-6.4,
20250515,13:32:39,-6.2,
20250515,13:32:39,-5.8,
20250515,13:32:39,-5.7,
20250515,13:32:40,-5.6,
20250515,13:32:40,-5.8,
20250515,13:32:40,-5.9,
20250515,13:32:40,-6,
20250515,13:32:41,-5.9,
20250515,13:32:41,-5.8,
20250515,13:32:41,-5.9,
20250515,13:32:42,-5.8,
20250515,13:32:42,-5.9,
20250515,13:32:42,-6,
20250515,13:32:42,-6.1,
20250515,13:32:43,-6.3,
20250515,13:32:43,-6.5,
20250515,13:32:43,-6.4,
20250515,13:32:43,-6.6,
20250515,13:32:44,-7.3,
20250515,13:32:44,-7.8,
20250515,13:32:44,-7.6,
20250515,13:32:45,-7.2,
20250515,13:32:45,-6.8,
20250515,13:32:45,-6.5,
20250515,13:32:45,-6.2,
20250515,13:32:46,-6,
20250515,13:32:46,-5.9,
20250515,13:32:46,-5.8,
20250515,13:32:47,-5.8,
20250515,13:32:47,-5.8,
20250515,13:32:47,-5.8,
20250515,13:32:47,-5.8,
20250515,13:32:48,-5.8,
20250515,13:32:48,-5.8,
20250515,13:32:48,-5.8,
20250515,13:32:48,-5.8,
20250515,13:32:49,-5.8,
20250515,13:32:49,-5.7,
20250515,13:32:49,-5.7,
20250515,13:32:50,-5.7,
20250515,13:32:50,-5.6,
20250515,13:32:50,-5.7,
20250515,13:32:50,-5.6,
20250515,13:32:51,-5.6,
20250515,13:32:51,-5.6,
20250515,13:32:51,-5.5,
20250515,13:32:51,-5.5,
20250515,13:32:52,-5.4,
20250515,13:32:52,-5.4,
20250515,13:32:52,-5.1,
20250515,13:32:53,-5.3,
20250515,13:32:53,-5.5,
20250515,13:32:53,-5.7,
20250515,13:32:53,-5.8,
20250515,13:32:54,-6.5,
20250515,13:32:54,-6.7,
20250515,13:32:54,-6.8,
20250515,13:32:55,-6.7,
20250515,13:32:55,-6.7,
20250515,13:32:55,-6.4,
20250515,13:32:55,-6.3,
20250515,13:32:56,-6.2,
20250515,13:32:56,-6.3,
20250515,13:32:56,-6.7,
20250515,13:32:56,-7.3,
20250515,13:32:57,-7.4,
20250515,13:32:57,-7.5,
20250515,13:32:57,-7.2,
20250515,13:32:58,-7.1,
20250515,13:32:58,-6.9,
20250515,13:32:58,-6.7,
20250515,13:32:58,-6.7,
20250515,13:32:59,-6.6,
20250515,13:32:59,-6.5,
20250515,13:32:59,-6.4,
20250515,13:32:59,-6.4,
20250515,13:33:00,-6.2,
20250515,13:33:00,-6.1,
20250515,13:33:00,-6,
20250515,13:33:01,-5.9,
20250515,13:33:01,-6,
20250515,13:33:01,-6.2,
20250515,13:33:01,-6.3,
20250515,13:33:02,-6.3,
20250515,13:33:02,-6.2,
20250515,13:33:02,-6.1,
20250515,13:33:03,-6.2,
20250515,13:33:03,-6.4,
20250515,13:33:03,-6.6,
20250515,13:33:03,-6.7,
20250515,13:33:04,-6.7,
20250515,13:33:04,-6.6,
20250515,13:33:04,-6.4,
20250515,13:33:04,-6.3,
20250515,13:33:05,-6.3,
20250515,13:33:05,-6.1,
20250515,13:33:05,-6,
20250515,13:33:06,-5.8,
20250515,13:33:06,-5.8,
20250515,13:33:06,-5.7,
20250515,13:33:06,-5.7,
20250515,13:33:07,-5.5,
20250515,13:33:07,-5.5,
20250515,13:33:07,-5.5,
20250515,13:33:08,-5.4,
20250515,13:33:08,-5.3,
20250515,13:33:08,-5.2,
20250515,13:33:08,-5.2,
20250515,13:33:09,-5.2,
20250515,13:33:09,-5.4,
20250515,13:33:09,-5.5,
20250515,13:33:09,-5.6,
20250515,13:33:10,-5.5,
20250515,13:33:10,-5.4,
20250515,13:33:10,-5.4,
20250515,13:33:11,-5.4,
20250515,13:33:11,-5.3,
20250515,13:33:11,-5.1,
20250515,13:33:11,-5.4,
20250515,13:33:12,-6.2,
20250515,13:33:12,-7.6,
20250515,13:33:12,-8.2,
20250515,13:33:12,-8.2,
20250515,13:33:13,-7.7,
20250515,13:33:13,-7.3,
20250515,13:33:13,-6.7,
20250515,13:33:14,-6.6,
20250515,13:33:14,-6.4,
20250515,13:33:14,-6.3,
20250515,13:33:14,-6.3,
20250515,13:33:15,-6.3,
20250515,13:33:15,-6.2,
20250515,13:33:15,-6.2,
20250515,13:33:16,-6.1,
20250515,13:33:16,-6,
20250515,13:33:16,-5.9,
20250515,13:33:16,-5.8,
20250515,13:33:17,-5.8,
20250515,13:33:17,-5.7,
20250515,13:33:17,-5.8,
20250515,13:33:17,-5.7,
20250515,13:33:18,-5.6,
20250515,13:33:18,-5.6,
20250515,13:33:18,-5.7,
20250515,13:33:19,-5.7,
20250515,13:33:19,-5.7,
20250515,13:33:19,-6,
20250515,13:33:19,-6.9,
20250515,13:33:20,-7.3,
20250515,13:33:20,-6.9,
20250515,13:33:20,-6.3,
20250515,13:33:20,-5.7,
20250515,13:33:21,-5.2,
20250515,13:33:21,-5,
20250515,13:33:21,-5,
20250515,13:33:22,-4.9,
20250515,13:33:22,-5,
20250515,13:33:22,-5,
20250515,13:33:22,-5.1,
20250515,13:33:23,-5.4,
20250515,13:33:23,-5.5,
20250515,13:33:23,-5.5,
20250515,13:33:24,-5.4,
20250515,13:33:24,-5.3,
20250515,13:33:24,-5.2,
20250515,13:33:24,-5.1,
20250515,13:33:25,-5,
20250515,13:33:25,-5,
20250515,13:33:25,-5,
20250515,13:33:25,-4.9,
20250515,13:33:26,-4.8,
20250515,13:33:26,-4.9,
20250515,13:33:26,-5.1,
20250515,13:33:27,-5.3,
20250515,13:33:27,-5.2,
20250515,13:33:27,-5.2,
20250515,13:33:27,-5,
20250515,13:33:28,-4.9,
20250515,13:33:28,-5,
20250515,13:33:28,-6.4,
20250515,13:33:28,-7.4,
20250515,13:33:29,-7,
20250515,13:33:29,-5.9,
20250515,13:33:29,-5.3,
20250515,13:33:30,-4.8,
20250515,13:33:30,-4.6,
20250515,13:33:30,-4.6,
20250515,13:33:30,-4.7,
20250515,13:33:31,-4.8,
20250515,13:33:31,-4.9,
20250515,13:33:31,-5,
20250515,13:33:32,-5,
20250515,13:33:32,-5.1,
20250515,13:33:32,-5.2,
20250515,13:33:32,-5.8,
20250515,13:33:33,-6.8,
20250515,13:33:33,-7,
20250515,13:33:33,-6.6,
20250515,13:33:33,-6.2,
20250515,13:33:34,-5.8,
20250515,13:33:34,-5.7,
20250515,13:33:34,-5.3,
20250515,13:33:35,-5.2,
20250515,13:33:35,-5.1,
20250515,13:33:35,-5,
20250515,13:33:35,-4.9,
20250515,13:33:36,-4.9,
20250515,13:33:36,-4.8,
20250515,13:33:36,-4.8,
20250515,13:33:36,-4.7,
20250515,13:33:37,-4.7,
20250515,13:33:37,-4.6,
20250515,13:33:37,-4.7,
20250515,13:33:38,-4.9,
20250515,13:33:38,-5.8,
20250515,13:33:38,-6.6,
20250515,13:33:38,-6.7,
20250515,13:33:39,-6.6,
20250515,13:33:39,-6.1,
20250515,13:33:39,-5.8,
20250515,13:33:40,-5.5,
20250515,13:33:40,-5.3,
20250515,13:33:40,-5,
20250515,13:33:40,-4.9,
20250515,13:33:41,-4.8,
