静息,正,中,负
15:14:58,15:16:34,15:17:56,15:20:20
,,,
CTP005 ,B4:99:4C:5F:D4:7C,,
,,,
,,,
,,,
,,,
,,,
,,,
20250429,15:11:15,-6.6,
20250429,15:11:15,-6,
20250429,15:11:15,-5.5,
20250429,15:11:15,-5,
20250429,15:11:15,-4.6,
20250429,15:11:15,-4.2,
20250429,15:11:15,-3.9,
20250429,15:11:15,-3.5,
20250429,15:11:15,-3.2,
20250429,15:11:15,-3.1,
20250429,15:11:15,-2.8,
20250429,15:11:16,-2.6,
20250429,15:11:16,-2.5,
20250429,15:11:16,-2.3,
20250429,15:11:16,-2.3,
20250429,15:11:16,-2.2,
20250429,15:11:16,-2.2,
20250429,15:11:16,-2.1,
20250429,15:11:16,-2.1,
20250429,15:11:16,-2.1,
20250429,15:11:16,-2.1,
20250429,15:11:16,-2.1,
20250429,15:11:16,-2.1,
20250429,15:11:16,-2.1,
20250429,15:11:16,-2.2,
20250429,15:11:16,-2.2,
20250429,15:11:16,-2.3,
20250429,15:11:16,-2.3,
20250429,15:11:16,-2.3,
20250429,15:11:16,-2.3,
20250429,15:11:16,-2.4,
20250429,15:11:16,-2.5,
20250429,15:11:17,-2.6,
20250429,15:11:17,-2.7,
20250429,15:11:17,-2.8,
20250429,15:11:17,-2.9,
20250429,15:11:17,-3,
20250429,15:11:17,-3.1,
20250429,15:11:17,-3.2,
20250429,15:11:17,-3.2,
20250429,15:11:17,-3.4,
20250429,15:11:17,-3.4,
20250429,15:11:17,-3.6,
20250429,15:11:17,-3.6,
20250429,15:11:17,-3.7,
20250429,15:11:17,-3.9,
20250429,15:11:17,-4,
20250429,15:11:17,-4,
20250429,15:11:17,-4.1,
20250429,15:11:17,-4.2,
20250429,15:11:17,-4.3,
20250429,15:11:17,-4.5,
20250429,15:11:18,-4.6,
20250429,15:11:18,-4.6,
20250429,15:11:18,-4.7,
20250429,15:11:18,-4.7,
20250429,15:11:18,-4.8,
20250429,15:11:18,-4.8,
20250429,15:11:18,-4.8,
20250429,15:11:18,-4.8,
20250429,15:11:18,-4.7,
20250429,15:11:18,-4.5,
20250429,15:11:18,-4.4,
20250429,15:11:18,-4.3,
20250429,15:11:18,-4.1,
20250429,15:11:18,-4,
20250429,15:11:18,-3.8,
20250429,15:11:18,-3.6,
20250429,15:11:18,-3.4,
20250429,15:11:18,-3.2,
20250429,15:11:18,-3.1,
20250429,15:11:18,-3,
20250429,15:11:19,-2.8,
20250429,15:11:19,-2.7,
20250429,15:11:19,-2.4,
20250429,15:11:19,-2.3,
20250429,15:11:19,-2.1,
20250429,15:11:19,-2,
20250429,15:11:19,-1.9,
20250429,15:11:19,-1.8,
20250429,15:11:19,-1.6,
20250429,15:11:19,-1.5,
20250429,15:11:19,-1.4,
20250429,15:11:19,-1.3,
20250429,15:11:19,-1.1,
20250429,15:11:19,-1.1,
20250429,15:11:19,-1,
20250429,15:11:19,-0.8,
20250429,15:11:19,-0.7,
20250429,15:11:19,-0.6,
20250429,15:11:19,-0.5,
20250429,15:11:19,-0.3,
20250429,15:11:20,-0.2,
20250429,15:11:20,0,
20250429,15:11:20,0.1,
20250429,15:11:20,0.2,
20250429,15:11:20,0.2,
20250429,15:11:20,0.3,
20250429,15:11:20,0.4,
20250429,15:11:20,0.6,
20250429,15:11:20,0.6,
20250429,15:11:20,0.7,
20250429,15:11:20,0.8,
20250429,15:11:20,0.8,
20250429,15:11:20,0.9,
20250429,15:11:20,1,
20250429,15:11:20,1,
20250429,15:11:20,1,
20250429,15:11:20,1.1,
20250429,15:11:20,1.1,
20250429,15:11:20,1.1,
20250429,15:11:20,1.1,
20250429,15:11:20,1.2,
20250429,15:11:21,1.2,
20250429,15:11:21,1.3,
20250429,15:11:21,1.3,
20250429,15:11:21,1.4,
20250429,15:11:21,1.5,
20250429,15:11:21,1.7,
20250429,15:11:21,1.7,
20250429,15:11:21,1.8,
20250429,15:11:21,1.8,
20250429,15:11:21,1.9,
20250429,15:11:21,1.9,
20250429,15:11:21,1.9,
20250429,15:11:21,2.1,
20250429,15:11:21,2.1,
20250429,15:11:21,2.1,
20250429,15:11:21,2.2,
20250429,15:11:21,2.2,
20250429,15:11:21,2.2,
20250429,15:11:21,2.3,
20250429,15:11:21,2.2,
20250429,15:11:21,2.2,
20250429,15:11:22,2.3,
20250429,15:11:22,2.3,
20250429,15:11:22,2.3,
20250429,15:11:22,2.3,
20250429,15:11:22,2.2,
20250429,15:11:22,2.2,
20250429,15:11:22,2.2,
20250429,15:11:22,2.2,
20250429,15:11:22,2.1,
20250429,15:11:22,2.1,
20250429,15:11:22,2,
20250429,15:11:22,2,
20250429,15:11:22,1.9,
20250429,15:11:22,1.9,
20250429,15:11:22,1.8,
20250429,15:11:22,1.8,
20250429,15:11:22,1.7,
20250429,15:11:22,1.6,
20250429,15:11:22,1.5,
20250429,15:11:22,1.4,
20250429,15:11:22,1.4,
20250429,15:11:23,1.2,
20250429,15:11:23,1.1,
20250429,15:11:23,1.1,
20250429,15:11:23,1.1,
20250429,15:11:23,1,
20250429,15:11:23,0.9,
20250429,15:11:23,0.9,
20250429,15:11:23,0.7,
20250429,15:11:23,0.7,
20250429,15:11:23,0.6,
20250429,15:11:23,0.4,
20250429,15:11:23,0.3,
20250429,15:11:23,0.3,
20250429,15:11:23,0.2,
20250429,15:11:23,0.1,
20250429,15:11:23,0,
20250429,15:11:23,-0.1,
20250429,15:11:23,-0.1,
20250429,15:11:23,-0.3,
20250429,15:11:23,-0.4,
20250429,15:11:24,-0.5,
20250429,15:11:24,-0.5,
20250429,15:11:24,-0.6,
20250429,15:11:24,-0.6,
20250429,15:11:24,-0.8,
20250429,15:11:24,-0.8,
20250429,15:11:24,-1,
20250429,15:11:24,-1,
20250429,15:11:24,-1.1,
20250429,15:11:24,-1.2,
20250429,15:11:24,-1.2,
20250429,15:11:24,-1.2,
20250429,15:11:24,-1.3,
20250429,15:11:24,-1.3,
20250429,15:11:24,-1.5,
20250429,15:11:24,-1.4,
20250429,15:11:24,-1.5,
20250429,15:11:24,-1.5,
20250429,15:11:24,-1.4,
20250429,15:11:24,-1.5,
20250429,15:11:25,-1.5,
20250429,15:11:25,-1.5,
20250429,15:11:25,-1.6,
20250429,15:11:25,-1.5,
20250429,15:11:25,-1.6,
20250429,15:11:25,-1.5,
20250429,15:11:25,-1.6,
20250429,15:11:25,-1.6,
20250429,15:11:25,-1.6,
20250429,15:11:25,-1.7,
20250429,15:11:25,-1.7,
20250429,15:11:25,-1.8,
20250429,15:11:25,-1.8,
20250429,15:11:25,-1.8,
20250429,15:11:25,-1.8,
20250429,15:11:25,-1.8,
20250429,15:11:25,-1.9,
20250429,15:11:25,-2,
20250429,15:11:25,-1.9,
20250429,15:11:25,-1.9,
20250429,15:11:26,-2,
20250429,15:11:26,-2.1,
20250429,15:11:26,-2.1,
20250429,15:11:26,-2.1,
20250429,15:11:26,-2.1,
20250429,15:11:26,-2.3,
20250429,15:11:26,-2.3,
20250429,15:11:26,-2.4,
20250429,15:11:26,-2.4,
20250429,15:11:26,-2.3,
20250429,15:11:26,-2.4,
20250429,15:11:26,-2.4,
20250429,15:11:26,-2.5,
20250429,15:11:26,-2.6,
20250429,15:11:26,-2.6,
20250429,15:11:26,-2.7,
20250429,15:11:26,-2.8,
20250429,15:11:26,-2.7,
20250429,15:11:26,-2.9,
20250429,15:11:26,-3,
20250429,15:11:26,-3,
20250429,15:11:27,-3,
20250429,15:11:27,-3.1,
20250429,15:11:27,-3.2,
20250429,15:11:27,-3.2,
20250429,15:11:27,-3.2,
20250429,15:11:27,-3.2,
20250429,15:11:27,-3.2,
20250429,15:11:27,-3.3,
20250429,15:11:27,-3.3,
20250429,15:11:27,-3.4,
20250429,15:11:27,-3.5,
20250429,15:11:27,-3.5,
20250429,15:11:27,-3.7,
20250429,15:11:27,-3.8,
20250429,15:11:27,-3.7,
20250429,15:11:27,-3.7,
20250429,15:11:27,-3.7,
20250429,15:11:27,-3.8,
20250429,15:11:27,-3.8,
20250429,15:11:27,-3.8,
20250429,15:11:28,-3.8,
20250429,15:11:28,-4,
20250429,15:11:28,-3.8,
20250429,15:11:28,-4,
20250429,15:11:28,-4,
20250429,15:11:28,-4,
20250429,15:11:28,-4,
20250429,15:11:28,-3.9,
20250429,15:11:28,-3.9,
20250429,15:11:28,-3.7,
20250429,15:11:28,-3.7,
20250429,15:11:28,-3.7,
20250429,15:11:28,-3.6,
20250429,15:11:28,-3.5,
20250429,15:11:28,-3.4,
20250429,15:11:28,-3.2,
20250429,15:11:28,-3.1,
20250429,15:11:28,-3,
20250429,15:11:28,-2.8,
20250429,15:11:28,-2.8,
20250429,15:11:29,-2.4,
20250429,15:11:29,-2.3,
20250429,15:11:29,-2.1,
20250429,15:11:29,-2.1,
20250429,15:11:29,-1.8,
20250429,15:11:29,-1.7,
20250429,15:11:29,-1.4,
20250429,15:11:29,-1.5,
20250429,15:11:29,-1.3,
20250429,15:11:29,-1.1,
20250429,15:11:29,-1,
20250429,15:11:29,-0.9,
20250429,15:11:29,-0.8,
20250429,15:11:29,-0.7,
20250429,15:11:29,-0.7,
20250429,15:11:29,-0.6,
20250429,15:11:29,-0.6,
20250429,15:11:29,-0.6,
20250429,15:11:29,-0.6,
20250429,15:11:29,-0.6,
20250429,15:11:30,-0.6,
20250429,15:11:30,-0.6,
20250429,15:11:30,-0.6,
20250429,15:11:30,-0.6,
20250429,15:11:30,-0.5,
20250429,15:11:30,-0.6,
20250429,15:11:30,-0.8,
20250429,15:11:30,-0.6,
20250429,15:11:30,-0.6,
20250429,15:11:30,-0.8,
20250429,15:11:30,-0.7,
20250429,15:11:30,-1,
20250429,15:11:30,-1,
20250429,15:11:30,-0.8,
20250429,15:11:30,-1,
20250429,15:11:30,-0.8,
20250429,15:11:30,-0.8,
20250429,15:11:30,-0.7,
20250429,15:11:30,-0.6,
20250429,15:11:30,-0.4,
20250429,15:11:31,-0.3,
20250429,15:11:31,-0.1,
20250429,15:11:31,0,
20250429,15:11:31,0.2,
20250429,15:11:31,0.2,
20250429,15:11:31,0.3,
20250429,15:11:31,0.4,
20250429,15:11:31,0.6,
20250429,15:11:31,0.8,
20250429,15:11:31,0.7,
20250429,15:11:31,0.7,
20250429,15:11:31,1,
20250429,15:11:31,1,
20250429,15:11:31,0.7,
20250429,15:11:31,1,
20250429,15:11:31,1,
20250429,15:11:31,0.8,
20250429,15:11:31,1.1,
20250429,15:11:31,1,
20250429,15:11:31,1.1,
20250429,15:11:31,1.2,
20250429,15:11:32,1,
20250429,15:11:32,1.1,
20250429,15:11:32,1.2,
20250429,15:11:32,1.3,
20250429,15:11:32,1.1,
20250429,15:11:32,1.3,
20250429,15:11:32,1.3,
20250429,15:11:32,1.2,
20250429,15:11:32,1.5,
20250429,15:11:32,1.7,
20250429,15:11:32,1.6,
20250429,15:11:32,1.6,
20250429,15:11:32,1.6,
20250429,15:11:32,1.8,
20250429,15:11:32,1.8,
20250429,15:11:32,1.9,
20250429,15:11:32,1.8,
20250429,15:11:32,2,
20250429,15:11:32,1.8,
20250429,15:11:32,1.9,
20250429,15:11:32,1.9,
20250429,15:11:33,1.9,
20250429,15:11:33,1.9,
20250429,15:11:33,1.9,
20250429,15:11:33,1.9,
20250429,15:11:33,1.9,
20250429,15:11:33,1.8,
20250429,15:11:33,1.9,
20250429,15:11:33,1.9,
20250429,15:11:33,1.9,
20250429,15:11:33,1.9,
20250429,15:11:33,1.9,
20250429,15:11:33,1.8,
20250429,15:11:33,1.9,
20250429,15:11:33,1.8,
20250429,15:11:33,1.6,
20250429,15:11:33,1.7,
20250429,15:11:33,1.8,
20250429,15:11:33,1.8,
20250429,15:11:33,1.7,
20250429,15:11:33,1.6,
20250429,15:11:34,1.5,
20250429,15:11:34,1.7,
20250429,15:11:34,1.8,
20250429,15:11:34,1.7,
20250429,15:11:34,1.8,
20250429,15:11:34,1.6,
20250429,15:11:34,1.5,
20250429,15:11:34,1.6,
20250429,15:11:34,1.6,
20250429,15:11:34,1.5,
20250429,15:11:34,1.7,
20250429,15:11:34,1.7,
20250429,15:11:34,1.6,
20250429,15:11:34,1.5,
20250429,15:11:34,1.6,
20250429,15:11:34,1.5,
20250429,15:11:34,1.2,
20250429,15:11:34,1.6,
20250429,15:11:34,1.4,
20250429,15:11:34,1.3,
20250429,15:11:34,1.1,
20250429,15:11:35,1.2,
20250429,15:11:35,1.1,
20250429,15:11:35,1,
20250429,15:11:35,1,
20250429,15:11:35,1.1,
20250429,15:11:35,1,
20250429,15:11:35,0.9,
20250429,15:11:35,0.8,
20250429,15:11:35,1,
20250429,15:11:35,0.9,
20250429,15:11:35,0.8,
20250429,15:11:35,0.8,
20250429,15:11:35,0.7,
20250429,15:11:35,0.8,
20250429,15:11:35,0.7,
20250429,15:11:35,0.8,
20250429,15:11:35,0.7,
20250429,15:11:35,0.8,
20250429,15:11:35,0.7,
20250429,15:11:35,0.6,
20250429,15:11:35,0.6,
20250429,15:11:36,0.8,
20250429,15:11:36,0.8,
20250429,15:11:36,0.9,
20250429,15:11:36,1,
20250429,15:11:36,1.1,
20250429,15:11:36,1.1,
20250429,15:11:36,1.1,
20250429,15:11:36,1.4,
20250429,15:11:36,1.7,
20250429,15:11:36,1.9,
20250429,15:11:36,2,
20250429,15:11:36,2.3,
20250429,15:11:36,2.3,
20250429,15:11:36,2.7,
20250429,15:11:36,2.8,
20250429,15:11:36,3,
20250429,15:11:36,3.1,
20250429,15:11:36,3.4,
20250429,15:11:36,3.6,
20250429,15:11:36,3.8,
20250429,15:11:37,3.8,
20250429,15:11:37,4,
20250429,15:11:37,4.2,
20250429,15:11:37,4.3,
20250429,15:11:37,4.4,
20250429,15:11:37,4.5,
20250429,15:11:37,4.6,
20250429,15:11:37,4.6,
20250429,15:11:37,4.7,
20250429,15:11:37,4.7,
20250429,15:11:37,4.9,
20250429,15:11:37,4.9,
20250429,15:11:37,4.9,
20250429,15:11:37,5,
20250429,15:11:37,4.8,
20250429,15:11:37,4.9,
20250429,15:11:37,5,
20250429,15:11:37,5,
20250429,15:11:37,5,
20250429,15:11:37,5,
20250429,15:11:37,5.2,
20250429,15:11:38,5.2,
20250429,15:11:38,5.3,
20250429,15:11:38,5.3,
20250429,15:11:38,5.4,
20250429,15:11:38,5.5,
20250429,15:11:38,5.6,
20250429,15:11:38,5.7,
20250429,15:11:38,5.8,
20250429,15:11:38,5.8,
20250429,15:11:38,6,
20250429,15:11:38,6.1,
20250429,15:11:38,6.1,
20250429,15:11:38,6.2,
20250429,15:11:38,6.2,
20250429,15:11:38,6.2,
20250429,15:11:38,6.2,
20250429,15:11:38,6.2,
20250429,15:11:38,6.2,
20250429,15:11:38,6.2,
20250429,15:11:38,6.2,
20250429,15:11:38,6.4,
20250429,15:11:39,6.4,
20250429,15:11:39,6.5,
20250429,15:11:39,6.5,
20250429,15:11:39,6.5,
20250429,15:11:39,6.6,
20250429,15:11:39,6.4,
20250429,15:11:39,6.6,
20250429,15:11:39,6.6,
20250429,15:11:39,6.5,
20250429,15:11:39,6.5,
20250429,15:11:39,6.6,
20250429,15:11:39,6.6,
20250429,15:11:39,6.5,
20250429,15:11:39,6.5,
20250429,15:11:39,6.6,
20250429,15:11:39,6.5,
20250429,15:11:39,6.5,
20250429,15:11:39,6.5,
20250429,15:11:39,6.6,
20250429,15:11:39,6.7,
20250429,15:11:40,6.6,
20250429,15:11:40,6.6,
20250429,15:11:40,6.6,
20250429,15:11:40,6.7,
20250429,15:11:40,6.7,
20250429,15:11:40,6.7,
20250429,15:11:40,6.6,
20250429,15:11:40,6.4,
20250429,15:11:40,6.6,
20250429,15:11:40,6.5,
20250429,15:11:40,6.6,
20250429,15:11:40,6.6,
20250429,15:11:40,6.6,
20250429,15:11:40,6.5,
20250429,15:11:40,6.4,
20250429,15:11:40,6.5,
20250429,15:11:40,6.4,
20250429,15:11:40,6.3,
20250429,15:11:40,6.4,
20250429,15:11:40,6.4,
20250429,15:11:40,6.4,
20250429,15:11:41,6.3,
20250429,15:11:41,6.3,
20250429,15:11:41,6.2,
20250429,15:11:41,6.3,
20250429,15:11:41,6.2,
20250429,15:11:41,6.2,
20250429,15:11:41,6.2,
20250429,15:11:41,6.2,
20250429,15:11:41,6.2,
20250429,15:11:41,6.2,
20250429,15:11:41,6.1,
20250429,15:11:41,6.1,
20250429,15:11:41,6,
20250429,15:11:41,6,
20250429,15:11:41,6,
20250429,15:11:41,5.9,
20250429,15:11:41,5.8,
20250429,15:11:41,5.8,
20250429,15:11:41,5.7,
20250429,15:11:41,5.7,
20250429,15:11:41,5.6,
20250429,15:11:42,5.5,
20250429,15:11:42,5.4,
20250429,15:11:42,5.5,
20250429,15:11:42,5.4,
20250429,15:11:42,5.4,
20250429,15:11:42,5.3,
20250429,15:11:42,5.4,
20250429,15:11:42,5.4,
20250429,15:11:42,5.4,
20250429,15:11:42,5.3,
20250429,15:11:42,5.5,
20250429,15:11:42,5.6,
20250429,15:11:42,5.7,
20250429,15:11:42,5.7,
20250429,15:11:42,5.8,
20250429,15:11:42,6,
20250429,15:11:42,6.1,
20250429,15:11:42,6.2,
20250429,15:11:42,6.3,
20250429,15:11:42,6.3,
20250429,15:11:43,6.4,
20250429,15:11:43,6.5,
20250429,15:11:43,6.6,
20250429,15:11:43,6.7,
20250429,15:11:43,6.7,
20250429,15:11:43,6.8,
20250429,15:11:43,6.8,
20250429,15:11:43,6.8,
20250429,15:11:43,7,
20250429,15:11:43,6.9,
20250429,15:11:43,7,
20250429,15:11:43,6.9,
20250429,15:11:43,6.9,
20250429,15:11:43,6.9,
20250429,15:11:43,7,
20250429,15:11:43,6.8,
20250429,15:11:43,6.8,
20250429,15:11:43,6.8,
20250429,15:11:43,6.7,
20250429,15:11:43,6.7,
20250429,15:11:43,6.7,
20250429,15:11:44,6.5,
20250429,15:11:44,6.5,
20250429,15:11:44,6.4,
20250429,15:11:44,6.3,
20250429,15:11:44,6.3,
20250429,15:11:44,6.2,
20250429,15:11:44,6.2,
20250429,15:11:44,6.1,
20250429,15:11:44,6,
20250429,15:11:44,5.9,
20250429,15:11:44,5.8,
20250429,15:11:44,5.8,
20250429,15:11:44,5.7,
20250429,15:11:44,5.6,
20250429,15:11:44,5.5,
20250429,15:11:44,5.4,
20250429,15:11:44,5.3,
20250429,15:11:44,5.3,
20250429,15:11:44,5.3,
20250429,15:11:44,5,
20250429,15:11:44,4.9,
20250429,15:11:45,5,
20250429,15:11:45,4.8,
20250429,15:11:45,4.8,
20250429,15:11:45,4.6,
20250429,15:11:45,4.5,
20250429,15:11:45,4.5,
20250429,15:11:45,4.4,
20250429,15:11:45,4.4,
20250429,15:11:45,4.3,
20250429,15:11:45,4.2,
20250429,15:11:45,4.1,
20250429,15:11:45,4,
20250429,15:11:45,4,
20250429,15:11:45,3.9,
20250429,15:11:45,3.8,
20250429,15:11:45,3.8,
20250429,15:11:45,3.7,
20250429,15:11:45,3.6,
20250429,15:11:45,3.7,
20250429,15:11:45,3.7,
20250429,15:11:46,3.8,
20250429,15:11:46,3.7,
20250429,15:11:46,3.8,
20250429,15:11:46,3.8,
20250429,15:11:46,3.9,
20250429,15:11:46,3.8,
20250429,15:11:46,3.9,
20250429,15:11:46,4,
20250429,15:11:46,3.9,
20250429,15:11:46,4,
20250429,15:11:46,4,
20250429,15:11:46,4,
20250429,15:11:46,4.1,
20250429,15:11:46,4,
20250429,15:11:46,4.1,
20250429,15:11:46,4.1,
20250429,15:11:46,4,
20250429,15:11:46,4.2,
20250429,15:11:46,4.1,
20250429,15:11:46,4,
20250429,15:11:46,4.1,
20250429,15:11:47,4.1,
20250429,15:11:47,4.1,
20250429,15:11:47,4,
20250429,15:11:47,3.9,
20250429,15:11:47,3.9,
20250429,15:11:47,3.9,
20250429,15:11:47,3.8,
20250429,15:11:47,3.7,
20250429,15:11:47,3.6,
20250429,15:11:47,3.6,
20250429,15:11:47,3.6,
20250429,15:11:47,3.6,
20250429,15:11:47,3.5,
20250429,15:11:47,3.4,
20250429,15:11:47,3.3,
20250429,15:11:47,3.2,
20250429,15:11:47,3.2,
20250429,15:11:47,3.1,
20250429,15:11:47,3.1,
20250429,15:11:47,2.9,
20250429,15:11:47,2.8,
20250429,15:11:48,2.8,
20250429,15:11:48,2.8,
20250429,15:11:48,2.8,
20250429,15:11:48,2.8,
20250429,15:11:48,2.8,
20250429,15:11:48,2.8,
20250429,15:11:48,2.8,
20250429,15:11:48,2.7,
20250429,15:11:48,2.8,
20250429,15:11:48,2.7,
20250429,15:11:48,2.7,
20250429,15:11:48,2.7,
20250429,15:11:48,2.7,
20250429,15:11:48,2.7,
20250429,15:11:48,2.7,
20250429,15:11:48,2.7,
20250429,15:11:48,2.6,
20250429,15:11:48,2.7,
20250429,15:11:48,2.6,
20250429,15:11:48,2.6,
20250429,15:11:49,2.6,
20250429,15:11:49,2.6,
20250429,15:11:49,2.6,
20250429,15:11:49,2.5,
20250429,15:11:49,2.4,
20250429,15:11:49,2.4,
20250429,15:11:49,2.5,
20250429,15:11:49,2.3,
20250429,15:11:49,2.2,
20250429,15:11:49,2.3,
20250429,15:11:49,2.2,
20250429,15:11:49,2.1,
20250429,15:11:49,2.1,
20250429,15:11:49,2,
20250429,15:11:49,1.9,
20250429,15:11:49,1.9,
20250429,15:11:49,1.9,
20250429,15:11:49,1.8,
20250429,15:11:49,1.8,
20250429,15:11:49,1.6,
20250429,15:11:49,1.5,
20250429,15:11:50,1.4,
20250429,15:11:50,1.4,
20250429,15:11:50,1.2,
20250429,15:11:50,1.2,
20250429,15:11:50,1.1,
20250429,15:11:50,1,
20250429,15:11:50,1,
20250429,15:11:50,0.9,
20250429,15:11:50,0.8,
20250429,15:11:50,0.7,
20250429,15:11:50,0.5,
20250429,15:11:50,0.5,
20250429,15:11:50,0.4,
20250429,15:11:50,0.3,
20250429,15:11:50,0.2,
20250429,15:11:50,0.1,
20250429,15:11:50,0.1,
20250429,15:11:50,0,
20250429,15:11:50,-0.1,
20250429,15:11:50,-0.3,
20250429,15:11:51,-0.3,
20250429,15:11:51,-0.3,
20250429,15:11:51,-0.3,
20250429,15:11:51,-0.4,
20250429,15:11:51,-0.4,
20250429,15:11:51,-0.4,
20250429,15:11:51,-0.4,
20250429,15:11:51,-0.4,
20250429,15:11:51,-0.3,
20250429,15:11:51,-0.2,
20250429,15:11:51,-0.1,
20250429,15:11:51,-0.1,
20250429,15:11:51,0.1,
20250429,15:11:51,0,
20250429,15:11:51,0.2,
20250429,15:11:51,0.2,
20250429,15:11:51,0.3,
20250429,15:11:51,0.4,
20250429,15:11:51,0.4,
20250429,15:11:51,0.5,
20250429,15:11:51,0.6,
20250429,15:11:52,0.6,
20250429,15:11:52,0.7,
20250429,15:11:52,0.8,
20250429,15:11:52,0.8,
20250429,15:11:52,0.9,
20250429,15:11:52,1,
20250429,15:11:52,1,
20250429,15:11:52,1.1,
20250429,15:11:52,1,
20250429,15:11:52,1.1,
20250429,15:11:52,1.1,
20250429,15:11:52,1.1,
20250429,15:11:52,1.1,
20250429,15:11:52,1.1,
20250429,15:11:52,1,
20250429,15:11:52,1,
20250429,15:11:52,1,
20250429,15:11:52,1,
20250429,15:11:52,0.9,
20250429,15:11:52,0.9,
20250429,15:11:53,0.8,
20250429,15:11:53,0.8,
20250429,15:11:53,0.7,
20250429,15:11:53,0.7,
20250429,15:11:53,0.6,
20250429,15:11:53,0.6,
20250429,15:11:53,0.6,
20250429,15:11:53,0.6,
20250429,15:11:53,0.5,
20250429,15:11:53,0.5,
20250429,15:11:53,0.4,
20250429,15:11:53,0.4,
20250429,15:11:53,0.4,
20250429,15:11:53,0.4,
20250429,15:11:53,0.3,
20250429,15:11:53,0.4,
20250429,15:11:53,0.4,
20250429,15:11:53,0.4,
20250429,15:11:53,0.4,
20250429,15:11:53,0.4,
20250429,15:11:53,0.4,
20250429,15:11:54,0.4,
20250429,15:11:54,0.3,
20250429,15:11:54,0.4,
20250429,15:11:54,0.3,
20250429,15:11:54,0.3,
20250429,15:11:54,0.2,
20250429,15:11:54,0.2,
20250429,15:11:54,0.2,
20250429,15:11:54,0.1,
20250429,15:11:54,0,
20250429,15:11:54,-0.2,
20250429,15:11:54,-0.2,
20250429,15:11:54,-0.3,
20250429,15:11:54,-0.3,
20250429,15:11:54,-0.5,
20250429,15:11:54,-0.5,
20250429,15:11:54,-0.6,
20250429,15:11:54,-0.6,
20250429,15:11:54,-0.7,
20250429,15:11:54,-0.6,
20250429,15:11:54,-0.7,
20250429,15:11:55,-0.7,
20250429,15:11:55,-0.7,
20250429,15:11:55,-0.6,
20250429,15:11:55,-0.6,
20250429,15:11:55,-0.6,
20250429,15:11:55,-0.5,
20250429,15:11:55,-0.4,
20250429,15:11:55,-0.3,
20250429,15:11:55,-0.2,
20250429,15:11:55,0,
20250429,15:11:55,0.2,
20250429,15:11:55,0.2,
20250429,15:11:55,0.3,
20250429,15:11:55,0.4,
20250429,15:11:55,0.6,
20250429,15:11:55,0.7,
20250429,15:11:55,0.9,
20250429,15:11:55,1,
20250429,15:11:55,1.1,
20250429,15:11:55,1.1,
20250429,15:11:56,1.2,
20250429,15:11:56,1.3,
20250429,15:11:56,1.3,
20250429,15:11:56,1.4,
20250429,15:11:56,1.4,
20250429,15:11:56,1.5,
20250429,15:11:56,1.6,
20250429,15:11:56,1.6,
20250429,15:11:56,1.7,
20250429,15:11:56,1.7,
20250429,15:11:56,1.8,
20250429,15:11:56,1.9,
20250429,15:11:56,2,
20250429,15:11:56,2.1,
20250429,15:11:56,2.2,
20250429,15:11:56,2.3,
20250429,15:11:56,2.4,
20250429,15:11:56,2.6,
20250429,15:11:56,2.7,
20250429,15:11:56,2.8,
20250429,15:11:56,2.8,
20250429,15:11:57,3,
20250429,15:11:57,3.1,
20250429,15:11:57,3.2,
20250429,15:11:57,3.4,
20250429,15:11:57,3.5,
20250429,15:11:57,3.6,
20250429,15:11:57,3.6,
20250429,15:11:57,3.8,
20250429,15:11:57,3.9,
20250429,15:11:57,4,
20250429,15:11:57,4.1,
20250429,15:11:57,4.2,
20250429,15:11:57,4.3,
20250429,15:11:57,4.4,
20250429,15:11:57,4.5,
20250429,15:11:57,4.5,
20250429,15:11:57,4.5,
20250429,15:11:57,4.6,
20250429,15:11:57,4.7,
20250429,15:11:57,4.8,
20250429,15:11:58,4.8,
20250429,15:11:58,4.9,
20250429,15:11:58,4.9,
20250429,15:11:58,4.9,
20250429,15:11:58,5,
20250429,15:11:58,5.1,
20250429,15:11:58,5.1,
20250429,15:11:58,5.2,
20250429,15:11:58,5.2,
20250429,15:11:58,5.3,
20250429,15:11:58,5.2,
20250429,15:11:58,5.3,
20250429,15:11:58,5.3,
20250429,15:11:58,5.3,
20250429,15:11:58,5.3,
20250429,15:11:58,5.2,
20250429,15:11:58,5.3,
20250429,15:11:58,5.3,
20250429,15:11:58,5.3,
20250429,15:11:58,5.2,
20250429,15:11:58,5.3,
20250429,15:11:59,5.3,
20250429,15:11:59,5.3,
20250429,15:11:59,5.3,
20250429,15:11:59,5.3,
20250429,15:11:59,5.3,
20250429,15:11:59,5.4,
20250429,15:11:59,5.5,
20250429,15:11:59,5.6,
20250429,15:11:59,5.8,
20250429,15:11:59,5.8,
20250429,15:11:59,6,
20250429,15:11:59,6.1,
20250429,15:11:59,6.2,
20250429,15:11:59,6.2,
20250429,15:11:59,6.4,
20250429,15:11:59,6.5,
20250429,15:11:59,6.7,
20250429,15:11:59,6.8,
20250429,15:11:59,7,
20250429,15:11:59,7.1,
20250429,15:11:59,7.1,
20250429,15:12:00,7.2,
20250429,15:12:00,7.3,
20250429,15:12:00,7.5,
20250429,15:12:00,7.5,
20250429,15:12:00,7.6,
20250429,15:12:00,7.7,
20250429,15:12:00,7.7,
20250429,15:12:00,7.7,
20250429,15:12:00,7.8,
20250429,15:12:00,7.8,
20250429,15:12:00,7.8,
20250429,15:12:00,7.8,
20250429,15:12:00,7.8,
20250429,15:12:00,7.8,
20250429,15:12:00,7.8,
20250429,15:12:00,7.9,
20250429,15:12:00,7.9,
20250429,15:12:00,7.9,
20250429,15:12:00,7.9,
20250429,15:12:00,7.9,
20250429,15:12:01,7.9,
20250429,15:12:01,8,
20250429,15:12:01,8.1,
20250429,15:12:01,8.2,
20250429,15:12:01,8.4,
20250429,15:12:01,8.5,
20250429,15:12:01,8.7,
20250429,15:12:01,8.9,
20250429,15:12:01,9,
20250429,15:12:01,9.2,
20250429,15:12:01,9.5,
20250429,15:12:01,9.7,
20250429,15:12:01,9.9,
20250429,15:12:01,10.1,
20250429,15:12:01,10.3,
20250429,15:12:01,10.5,
20250429,15:12:01,10.6,
20250429,15:12:01,10.7,
20250429,15:12:01,10.9,
20250429,15:12:01,11.1,
20250429,15:12:01,11.1,
20250429,15:12:02,11.2,
20250429,15:12:02,11.3,
20250429,15:12:02,11.3,
20250429,15:12:02,11.3,
20250429,15:12:02,11.3,
20250429,15:12:02,11.3,
20250429,15:12:02,11.3,
20250429,15:12:02,11.2,
20250429,15:12:02,11.2,
20250429,15:12:02,11.1,
20250429,15:12:02,11.1,
20250429,15:12:02,11.1,
20250429,15:12:02,11,
20250429,15:12:02,10.9,
20250429,15:12:02,11,
20250429,15:12:02,10.8,
20250429,15:12:02,10.7,
20250429,15:12:02,10.7,
20250429,15:12:02,10.5,
20250429,15:12:02,10.5,
20250429,15:12:03,10.5,
20250429,15:12:03,10.4,
20250429,15:12:03,10.3,
20250429,15:12:03,10.1,
20250429,15:12:03,10.1,
20250429,15:12:03,10,
20250429,15:12:03,9.9,
20250429,15:12:03,9.8,
20250429,15:12:03,9.7,
20250429,15:12:03,9.6,
20250429,15:12:03,9.6,
20250429,15:12:03,9.4,
20250429,15:12:03,9.4,
20250429,15:12:03,9.2,
20250429,15:12:03,9.2,
20250429,15:12:03,9,
20250429,15:12:03,9,
20250429,15:12:03,8.9,
20250429,15:12:03,8.8,
20250429,15:12:03,8.8,
20250429,15:12:03,8.8,
20250429,15:12:04,8.6,
20250429,15:12:04,8.6,
20250429,15:12:04,8.5,
20250429,15:12:04,8.4,
20250429,15:12:04,8.3,
20250429,15:12:04,8.3,
20250429,15:12:04,8.2,
20250429,15:12:04,8,
20250429,15:12:04,8,
20250429,15:12:04,7.9,
20250429,15:12:04,7.9,
20250429,15:12:04,7.9,
20250429,15:12:04,7.8,
20250429,15:12:04,7.7,
20250429,15:12:04,7.5,
20250429,15:12:04,7.4,
20250429,15:12:04,7.3,
20250429,15:12:04,7.2,
20250429,15:12:04,7.1,
20250429,15:12:04,7.1,
20250429,15:12:05,7,
20250429,15:12:05,7,
20250429,15:12:05,6.8,
20250429,15:12:05,6.7,
20250429,15:12:05,6.6,
20250429,15:12:05,6.5,
20250429,15:12:05,6.4,
20250429,15:12:05,6.3,
20250429,15:12:05,6.3,
20250429,15:12:05,6.2,
20250429,15:12:05,6.1,
20250429,15:12:05,6,
20250429,15:12:05,5.9,
20250429,15:12:05,5.8,
20250429,15:12:05,5.7,
20250429,15:12:05,5.6,
20250429,15:12:05,5.5,
20250429,15:12:05,5.3,
20250429,15:12:05,5.3,
20250429,15:12:05,5.2,
20250429,15:12:05,5.2,
20250429,15:12:06,5,
20250429,15:12:06,4.9,
20250429,15:12:06,4.9,
20250429,15:12:06,4.8,
20250429,15:12:06,4.7,
20250429,15:12:06,4.6,
20250429,15:12:06,4.5,
20250429,15:12:06,4.4,
20250429,15:12:06,4.3,
20250429,15:12:06,4.2,
20250429,15:12:06,4.1,
20250429,15:12:06,4,
20250429,15:12:06,3.9,
20250429,15:12:06,3.9,
20250429,15:12:06,3.7,
20250429,15:12:06,3.7,
20250429,15:12:06,3.6,
20250429,15:12:06,3.6,
20250429,15:12:06,3.5,
20250429,15:12:06,3.4,
20250429,15:12:06,3.3,
20250429,15:12:07,3.3,
20250429,15:12:07,3.1,
20250429,15:12:07,3.1,
20250429,15:12:07,2.9,
20250429,15:12:07,2.9,
20250429,15:12:07,2.8,
20250429,15:12:07,2.8,
20250429,15:12:07,2.7,
20250429,15:12:07,2.6,
20250429,15:12:07,2.5,
20250429,15:12:07,2.6,
20250429,15:12:07,2.4,
20250429,15:12:07,2.4,
20250429,15:12:07,2.3,
20250429,15:12:07,2.2,
20250429,15:12:07,2.1,
20250429,15:12:07,2,
20250429,15:12:07,1.9,
20250429,15:12:07,1.9,
20250429,15:12:07,1.9,
20250429,15:12:08,1.8,
20250429,15:12:08,1.7,
20250429,15:12:08,1.6,
20250429,15:12:08,1.5,
20250429,15:12:08,1.6,
20250429,15:12:08,1.5,
20250429,15:12:08,1.4,
20250429,15:12:08,1.4,
20250429,15:12:08,1.3,
20250429,15:12:08,1.2,
20250429,15:12:08,1.2,
20250429,15:12:08,1.2,
20250429,15:12:08,1.1,
20250429,15:12:08,1.1,
20250429,15:12:08,1,
20250429,15:12:08,1,
20250429,15:12:08,0.9,
20250429,15:12:08,1,
20250429,15:12:08,0.9,
20250429,15:12:08,0.8,
20250429,15:12:08,0.8,
20250429,15:12:09,0.7,
20250429,15:12:09,0.7,
20250429,15:12:09,0.7,
20250429,15:12:09,0.6,
20250429,15:12:09,0.6,
20250429,15:12:09,0.5,
20250429,15:12:09,0.4,
20250429,15:12:09,0.4,
20250429,15:12:09,0.4,
20250429,15:12:09,0.3,
20250429,15:12:09,0.3,
20250429,15:12:09,0.2,
20250429,15:12:09,0.2,
20250429,15:12:09,0.2,
20250429,15:12:09,0.2,
20250429,15:12:09,0.1,
20250429,15:12:09,0.1,
20250429,15:12:09,-0.1,
20250429,15:12:09,-0.1,
20250429,15:12:09,-0.2,
20250429,15:12:10,-0.2,
20250429,15:12:10,-0.2,
20250429,15:12:10,-0.3,
20250429,15:12:10,-0.3,
20250429,15:12:10,-0.4,
20250429,15:12:10,-0.3,
20250429,15:12:10,-0.3,
20250429,15:12:10,-0.2,
20250429,15:12:10,-0.1,
20250429,15:12:10,0.1,
20250429,15:12:10,0.2,
20250429,15:12:10,0.4,
20250429,15:12:10,0.6,
20250429,15:12:10,0.8,
20250429,15:12:10,1.1,
20250429,15:12:10,1.4,
20250429,15:12:10,1.7,
20250429,15:12:10,1.9,
20250429,15:12:10,2.3,
20250429,15:12:10,2.7,
20250429,15:12:10,2.9,
20250429,15:12:11,3.3,
20250429,15:12:11,3.6,
20250429,15:12:11,3.8,
20250429,15:12:11,4.1,
20250429,15:12:11,4.4,
20250429,15:12:11,4.5,
20250429,15:12:11,4.7,
20250429,15:12:11,4.9,
20250429,15:12:11,5,
20250429,15:12:11,5.1,
20250429,15:12:11,5.3,
20250429,15:12:11,5.4,
20250429,15:12:11,5.3,
20250429,15:12:11,5.4,
20250429,15:12:11,5.5,
20250429,15:12:11,5.6,
20250429,15:12:11,5.6,
20250429,15:12:11,5.6,
20250429,15:12:11,5.6,
20250429,15:12:11,5.6,
20250429,15:12:11,5.5,
20250429,15:12:12,5.5,
20250429,15:12:12,5.4,
20250429,15:12:12,5.3,
20250429,15:12:12,5.3,
20250429,15:12:12,5.2,
20250429,15:12:12,5,
20250429,15:12:12,5,
20250429,15:12:12,4.9,
20250429,15:12:12,4.8,
20250429,15:12:12,4.5,
20250429,15:12:12,4.5,
20250429,15:12:12,4.4,
20250429,15:12:12,4.2,
20250429,15:12:12,4,
20250429,15:12:12,3.9,
20250429,15:12:12,3.7,
20250429,15:12:12,3.6,
20250429,15:12:12,3.5,
20250429,15:12:12,3.3,
20250429,15:12:12,3.2,
20250429,15:12:13,3,
20250429,15:12:13,2.9,
20250429,15:12:13,2.8,
20250429,15:12:13,2.8,
20250429,15:12:13,2.7,
20250429,15:12:13,2.5,
20250429,15:12:13,2.3,
20250429,15:12:13,2.2,
20250429,15:12:13,2.1,
20250429,15:12:13,2,
20250429,15:12:13,1.9,
20250429,15:12:13,1.8,
20250429,15:12:13,1.8,
20250429,15:12:13,1.7,
20250429,15:12:13,1.5,
20250429,15:12:13,1.5,
20250429,15:12:13,1.4,
20250429,15:12:13,1.4,
20250429,15:12:13,1.4,
20250429,15:12:13,1.4,
20250429,15:12:13,1.3,
20250429,15:12:14,1.2,
20250429,15:12:14,1.3,
20250429,15:12:14,1.2,
20250429,15:12:14,1.3,
20250429,15:12:14,1.3,
20250429,15:12:14,1.3,
20250429,15:12:14,1.4,
20250429,15:12:14,1.4,
20250429,15:12:14,1.4,
20250429,15:12:14,1.5,
20250429,15:12:14,1.6,
20250429,15:12:14,1.7,
20250429,15:12:14,1.7,
20250429,15:12:14,1.8,
20250429,15:12:14,1.9,
20250429,15:12:14,2,
20250429,15:12:14,2.2,
20250429,15:12:14,2.3,
20250429,15:12:14,2.5,
20250429,15:12:14,2.7,
20250429,15:12:14,2.8,
20250429,15:12:15,2.9,
20250429,15:12:15,3.1,
20250429,15:12:15,3.3,
20250429,15:12:15,3.5,
20250429,15:12:15,3.6,
20250429,15:12:15,3.6,
20250429,15:12:15,3.8,
20250429,15:12:15,3.9,
20250429,15:12:15,4,
20250429,15:12:15,4.2,
20250429,15:12:15,4.2,
20250429,15:12:15,4.3,
20250429,15:12:15,4.3,
20250429,15:12:15,4.4,
20250429,15:12:15,4.5,
20250429,15:12:15,4.5,
20250429,15:12:15,4.6,
20250429,15:12:15,4.6,
20250429,15:12:15,4.6,
20250429,15:12:15,4.7,
20250429,15:12:16,4.7,
20250429,15:12:16,4.7,
20250429,15:12:16,4.8,
20250429,15:12:16,4.8,
20250429,15:12:16,4.8,
20250429,15:12:16,4.9,
20250429,15:12:16,4.9,
20250429,15:12:16,5,
20250429,15:12:16,4.9,
20250429,15:12:16,5,
20250429,15:12:16,5,
20250429,15:12:16,5.1,
20250429,15:12:16,5.1,
20250429,15:12:16,5.1,
20250429,15:12:16,5.2,
20250429,15:12:16,5.2,
20250429,15:12:16,5.3,
20250429,15:12:16,5.3,
20250429,15:12:16,5.3,
20250429,15:12:16,5.4,
20250429,15:12:16,5.5,
20250429,15:12:17,5.6,
20250429,15:12:17,5.7,
20250429,15:12:17,5.8,
20250429,15:12:17,6,
20250429,15:12:17,6.1,
20250429,15:12:17,6.2,
20250429,15:12:17,6.2,
20250429,15:12:17,6.3,
20250429,15:12:17,6.4,
20250429,15:12:17,6.5,
20250429,15:12:17,6.5,
20250429,15:12:17,6.6,
20250429,15:12:17,6.7,
20250429,15:12:17,6.8,
20250429,15:12:17,6.8,
20250429,15:12:17,6.9,
20250429,15:12:17,7,
20250429,15:12:17,7,
20250429,15:12:17,7,
20250429,15:12:17,7,
20250429,15:12:18,7,
20250429,15:12:18,7,
20250429,15:12:18,7,
20250429,15:12:18,7,
20250429,15:12:18,7,
20250429,15:12:18,7,
20250429,15:12:18,7,
20250429,15:12:18,7,
20250429,15:12:18,6.9,
20250429,15:12:18,6.8,
20250429,15:12:18,6.8,
20250429,15:12:18,6.7,
20250429,15:12:18,6.7,
20250429,15:12:18,6.6,
20250429,15:12:18,6.5,
20250429,15:12:18,6.4,
20250429,15:12:18,6.3,
20250429,15:12:18,6.3,
20250429,15:12:18,6.2,
20250429,15:12:18,6.1,
20250429,15:12:18,6.1,
20250429,15:12:19,6,
20250429,15:12:19,5.9,
20250429,15:12:19,5.8,
20250429,15:12:19,5.7,
20250429,15:12:19,5.6,
20250429,15:12:19,5.5,
20250429,15:12:19,5.4,
20250429,15:12:19,5.3,
20250429,15:12:19,5.3,
20250429,15:12:19,5.2,
20250429,15:12:19,5.1,
20250429,15:12:19,5,
20250429,15:12:19,4.9,
20250429,15:12:19,4.8,
20250429,15:12:19,4.7,
20250429,15:12:19,4.6,
20250429,15:12:19,4.5,
20250429,15:12:19,4.5,
20250429,15:12:19,4.4,
20250429,15:12:19,4.4,
20250429,15:12:19,4.2,
20250429,15:12:20,4.1,
20250429,15:12:20,4.1,
20250429,15:12:20,4,
20250429,15:12:20,3.8,
20250429,15:12:20,3.8,
20250429,15:12:20,3.7,
20250429,15:12:20,3.6,
20250429,15:12:20,3.6,
20250429,15:12:20,3.5,
20250429,15:12:20,3.4,
20250429,15:12:20,3.3,
20250429,15:12:20,3.3,
20250429,15:12:20,3.2,
20250429,15:12:20,3.1,
20250429,15:12:20,3,
20250429,15:12:20,2.9,
20250429,15:12:20,2.8,
20250429,15:12:20,2.8,
20250429,15:12:20,2.8,
20250429,15:12:20,2.7,
20250429,15:12:20,2.6,
20250429,15:12:21,2.5,
20250429,15:12:21,2.5,
20250429,15:12:21,2.5,
20250429,15:12:21,2.3,
20250429,15:12:21,2.3,
20250429,15:12:21,2.1,
20250429,15:12:21,2.1,
20250429,15:12:21,2,
20250429,15:12:21,2,
20250429,15:12:21,1.9,
20250429,15:12:21,1.9,
20250429,15:12:21,1.8,
20250429,15:12:21,1.7,
20250429,15:12:21,1.7,
20250429,15:12:21,1.6,
20250429,15:12:21,1.6,
20250429,15:12:21,1.4,
20250429,15:12:21,1.4,
20250429,15:12:21,1.4,
20250429,15:12:21,1.3,
20250429,15:12:22,1.2,
20250429,15:12:22,1.1,
20250429,15:12:22,1.1,
20250429,15:12:22,1.1,
20250429,15:12:22,1.1,
20250429,15:12:22,1,
20250429,15:12:22,1,
20250429,15:12:22,0.9,
20250429,15:12:22,0.8,
20250429,15:12:22,0.8,
20250429,15:12:22,0.7,
20250429,15:12:22,0.6,
20250429,15:12:22,0.5,
20250429,15:12:22,0.5,
20250429,15:12:22,0.4,
20250429,15:12:22,0.3,
20250429,15:12:22,0.3,
20250429,15:12:22,0.2,
20250429,15:12:22,0.2,
20250429,15:12:22,0.2,
20250429,15:12:22,0.1,
20250429,15:12:23,0.1,
20250429,15:12:23,0,
20250429,15:12:23,-0.1,
20250429,15:12:23,-0.1,
20250429,15:12:23,-0.2,
20250429,15:12:23,-0.3,
20250429,15:12:23,-0.3,
20250429,15:12:23,-0.3,
20250429,15:12:23,-0.3,
20250429,15:12:23,-0.3,
20250429,15:12:23,-0.3,
20250429,15:12:23,-0.3,
20250429,15:12:23,-0.3,
20250429,15:12:23,-0.3,
20250429,15:12:23,-0.3,
20250429,15:12:23,-0.2,
20250429,15:12:23,-0.4,
20250429,15:12:23,-0.3,
20250429,15:12:23,-0.3,
20250429,15:12:23,-0.3,
20250429,15:12:24,-0.3,
20250429,15:12:24,-0.2,
20250429,15:12:24,-0.2,
20250429,15:12:24,-0.2,
20250429,15:12:24,-0.2,
20250429,15:12:24,-0.2,
20250429,15:12:24,-0.2,
20250429,15:12:24,-0.2,
20250429,15:12:24,-0.2,
20250429,15:12:24,-0.3,
20250429,15:12:24,-0.3,
20250429,15:12:24,-0.3,
20250429,15:12:24,-0.4,
20250429,15:12:24,-0.3,
20250429,15:12:24,-0.4,
20250429,15:12:24,-0.4,
20250429,15:12:24,-0.5,
20250429,15:12:24,-0.5,
20250429,15:12:24,-0.5,
20250429,15:12:24,-0.5,
20250429,15:12:25,-0.6,
20250429,15:12:25,-0.6,
20250429,15:12:25,-0.6,
20250429,15:12:25,-0.6,
20250429,15:12:25,-0.6,
20250429,15:12:25,-0.7,
20250429,15:12:25,-0.7,
20250429,15:12:25,-0.7,
20250429,15:12:25,-0.8,
20250429,15:12:25,-0.8,
20250429,15:12:25,-0.9,
20250429,15:12:25,-0.8,
20250429,15:12:25,-0.9,
20250429,15:12:25,-0.9,
20250429,15:12:25,-1,
20250429,15:12:25,-1,
20250429,15:12:25,-1.1,
20250429,15:12:25,-1,
20250429,15:12:25,-1.1,
20250429,15:12:25,-1.1,
20250429,15:12:26,-1.1,
20250429,15:12:26,-1.1,
20250429,15:12:26,-1,
20250429,15:12:26,-1.1,
20250429,15:12:26,-1,
20250429,15:12:26,-1,
20250429,15:12:26,-0.9,
20250429,15:12:26,-0.9,
20250429,15:12:26,-0.9,
20250429,15:12:26,-0.8,
20250429,15:12:26,-0.8,
20250429,15:12:26,-0.7,
20250429,15:12:26,-0.7,
20250429,15:12:26,-0.6,
20250429,15:12:26,-0.6,
20250429,15:12:26,-0.6,
20250429,15:12:26,-0.6,
20250429,15:12:26,-0.6,
20250429,15:12:26,-0.5,
20250429,15:12:26,-0.5,
20250429,15:12:26,-0.5,
20250429,15:12:27,-0.5,
20250429,15:12:27,-0.5,
20250429,15:12:27,-0.5,
20250429,15:12:27,-0.5,
20250429,15:12:27,-0.6,
20250429,15:12:27,-0.5,
20250429,15:12:27,-0.6,
20250429,15:12:27,-0.6,
20250429,15:12:27,-0.6,
20250429,15:12:27,-0.6,
20250429,15:12:27,-0.6,
20250429,15:12:27,-0.6,
20250429,15:12:27,-0.7,
20250429,15:12:27,-0.8,
20250429,15:12:27,-0.8,
20250429,15:12:27,-0.9,
20250429,15:12:27,-0.9,
20250429,15:12:27,-0.9,
20250429,15:12:27,-1.1,
20250429,15:12:27,-1.1,
20250429,15:12:28,-1.2,
20250429,15:12:28,-1.2,
20250429,15:12:28,-1.2,
20250429,15:12:28,-1.4,
20250429,15:12:28,-1.4,
20250429,15:12:28,-1.5,
20250429,15:12:28,-1.5,
20250429,15:12:28,-1.6,
20250429,15:12:28,-1.6,
20250429,15:12:28,-1.7,
20250429,15:12:28,-1.8,
20250429,15:12:28,-1.8,
20250429,15:12:28,-1.9,
20250429,15:12:28,-1.9,
20250429,15:12:28,-2,
20250429,15:12:28,-2.1,
20250429,15:12:28,-2.1,
20250429,15:12:28,-2.2,
20250429,15:12:28,-2.2,
20250429,15:12:28,-2.3,
20250429,15:12:29,-2.3,
20250429,15:12:29,-2.4,
20250429,15:12:29,-2.4,
20250429,15:12:29,-2.4,
20250429,15:12:29,-2.5,
20250429,15:12:29,-2.6,
20250429,15:12:29,-2.7,
20250429,15:12:29,-2.7,
20250429,15:12:29,-2.7,
20250429,15:12:29,-2.9,
20250429,15:12:29,-2.8,
20250429,15:12:29,-2.9,
20250429,15:12:29,-3,
20250429,15:12:29,-3,
20250429,15:12:29,-3.1,
20250429,15:12:29,-3.2,
20250429,15:12:29,-3.2,
20250429,15:12:29,-3.2,
20250429,15:12:29,-3.2,
20250429,15:12:29,-3.3,
20250429,15:12:30,-3.2,
20250429,15:12:30,-3.4,
20250429,15:12:30,-3.4,
20250429,15:12:30,-3.4,
20250429,15:12:30,-3.6,
20250429,15:12:30,-3.6,
20250429,15:12:30,-3.6,
20250429,15:12:30,-3.7,
20250429,15:12:30,-3.7,
20250429,15:12:30,-3.7,
20250429,15:12:30,-3.7,
20250429,15:12:30,-3.9,
20250429,15:12:30,-3.8,
20250429,15:12:30,-3.9,
20250429,15:12:30,-3.9,
20250429,15:12:30,-4,
20250429,15:12:30,-4,
20250429,15:12:30,-4,
20250429,15:12:30,-4,
20250429,15:12:30,-4,
20250429,15:12:31,-4,
20250429,15:12:31,-4.1,
20250429,15:12:31,-4.2,
20250429,15:12:31,-4.1,
20250429,15:12:31,-4.1,
20250429,15:12:31,-4.2,
20250429,15:12:31,-4.2,
20250429,15:12:31,-4.2,
20250429,15:12:31,-4.3,
20250429,15:12:31,-4.3,
20250429,15:12:31,-4.4,
20250429,15:12:31,-4.4,
20250429,15:12:31,-4.5,
20250429,15:12:31,-4.5,
20250429,15:12:31,-4.5,
20250429,15:12:31,-4.6,
20250429,15:12:31,-4.5,
20250429,15:12:31,-4.6,
20250429,15:12:31,-4.7,
20250429,15:12:31,-4.7,
20250429,15:12:31,-4.8,
20250429,15:12:32,-4.8,
20250429,15:12:32,-4.8,
20250429,15:12:32,-4.8,
20250429,15:12:32,-4.9,
20250429,15:12:32,-4.9,
20250429,15:12:32,-4.9,
20250429,15:12:32,-4.9,
20250429,15:12:32,-4.9,
20250429,15:12:32,-4.9,
20250429,15:12:32,-4.9,
20250429,15:12:32,-4.9,
20250429,15:12:32,-4.9,
20250429,15:12:32,-4.9,
20250429,15:12:32,-4.9,
20250429,15:12:32,-5,
20250429,15:12:32,-4.9,
20250429,15:12:32,-5,
20250429,15:12:32,-5,
20250429,15:12:32,-5.1,
20250429,15:12:32,-5.1,
20250429,15:12:33,-5.2,
20250429,15:12:33,-5.1,
20250429,15:12:33,-5.1,
20250429,15:12:33,-5.2,
20250429,15:12:33,-5.2,
20250429,15:12:33,-5.3,
20250429,15:12:33,-5.3,
20250429,15:12:33,-5.3,
20250429,15:12:33,-5.3,
20250429,15:12:33,-5.4,
20250429,15:12:33,-5.3,
20250429,15:12:33,-5.4,
20250429,15:12:33,-5.4,
20250429,15:12:33,-5.4,
20250429,15:12:33,-5.4,
20250429,15:12:33,-5.4,
20250429,15:12:33,-5.5,
20250429,15:12:33,-5.5,
20250429,15:12:33,-5.5,
20250429,15:12:33,-5.6,
20250429,15:12:34,-5.5,
20250429,15:12:34,-5.6,
20250429,15:12:34,-5.6,
20250429,15:12:34,-5.7,
20250429,15:12:34,-5.6,
20250429,15:12:34,-5.8,
20250429,15:12:34,-5.7,
20250429,15:12:34,-5.8,
20250429,15:12:34,-5.7,
20250429,15:12:34,-5.8,
20250429,15:12:34,-5.8,
20250429,15:12:34,-5.8,
20250429,15:12:34,-5.8,
20250429,15:12:34,-5.8,
20250429,15:12:34,-5.8,
20250429,15:12:34,-5.8,
20250429,15:12:34,-5.8,
20250429,15:12:34,-5.8,
20250429,15:12:34,-5.8,
20250429,15:12:34,-5.9,
20250429,15:12:35,-5.8,
20250429,15:12:35,-5.9,
20250429,15:12:35,-5.9,
20250429,15:12:35,-5.9,
20250429,15:12:35,-6,
20250429,15:12:35,-5.9,
20250429,15:12:35,-6,
20250429,15:12:35,-5.9,
20250429,15:12:35,-6,
20250429,15:12:35,-6,
20250429,15:12:35,-6,
20250429,15:12:35,-6.1,
20250429,15:12:35,-6.1,
20250429,15:12:35,-6,
20250429,15:12:35,-6,
20250429,15:12:35,-6.1,
20250429,15:12:35,-6.1,
20250429,15:12:35,-6.1,
20250429,15:12:35,-6.1,
20250429,15:12:35,-6,
20250429,15:12:36,-6,
20250429,15:12:36,-5.8,
20250429,15:12:36,-5.7,
20250429,15:12:36,-5.7,
20250429,15:12:36,-5.6,
20250429,15:12:36,-5.5,
20250429,15:12:36,-5.5,
20250429,15:12:36,-5.4,
20250429,15:12:36,-5.5,
20250429,15:12:36,-5.5,
20250429,15:12:36,-5.4,
20250429,15:12:36,-5.5,
20250429,15:12:36,-5.5,
20250429,15:12:36,-5.6,
20250429,15:12:36,-5.8,
20250429,15:12:36,-5.9,
20250429,15:12:36,-6.1,
20250429,15:12:36,-6.1,
20250429,15:12:36,-6.3,
20250429,15:12:36,-6.3,
20250429,15:12:37,-6.5,
20250429,15:12:37,-6.7,
20250429,15:12:37,-6.8,
20250429,15:12:37,-6.9,
20250429,15:12:37,-6.8,
20250429,15:12:37,-7,
20250429,15:12:37,-6.9,
20250429,15:12:37,-6.9,
20250429,15:12:37,-6.8,
20250429,15:12:37,-6.8,
20250429,15:12:37,-6.8,
20250429,15:12:37,-6.8,
20250429,15:12:37,-6.7,
20250429,15:12:37,-6.7,
20250429,15:12:37,-6.8,
20250429,15:12:37,-6.9,
20250429,15:12:37,-7,
20250429,15:12:37,-6.9,
20250429,15:12:37,-7,
20250429,15:12:37,-7,
20250429,15:12:37,-7,
20250429,15:12:38,-7,
20250429,15:12:38,-7,
20250429,15:12:38,-7,
20250429,15:12:38,-6.9,
20250429,15:12:38,-7,
20250429,15:12:38,-7.1,
20250429,15:12:38,-7.1,
20250429,15:12:38,-7.1,
20250429,15:12:38,-7.1,
20250429,15:12:38,-7.1,
20250429,15:12:38,-7.1,
20250429,15:12:38,-7.1,
20250429,15:12:38,-7.1,
20250429,15:12:38,-7.1,
20250429,15:12:38,-7.1,
20250429,15:12:38,-7.1,
20250429,15:12:38,-7.1,
20250429,15:12:38,-7.1,
20250429,15:12:38,-7.1,
20250429,15:12:38,-7,
20250429,15:12:39,-7.1,
20250429,15:12:39,-7.1,
20250429,15:12:39,-7.1,
20250429,15:12:39,-7.1,
20250429,15:12:39,-7,
20250429,15:12:39,-7.1,
20250429,15:12:39,-7,
20250429,15:12:39,-7.1,
20250429,15:12:39,-7.1,
20250429,15:12:39,-7.1,
20250429,15:12:39,-7.1,
20250429,15:12:39,-7.1,
20250429,15:12:39,-7.2,
20250429,15:12:39,-7.1,
20250429,15:12:39,-7.2,
20250429,15:12:39,-7.2,
20250429,15:12:39,-7.2,
20250429,15:12:39,-7.2,
20250429,15:12:39,-7.3,
20250429,15:12:39,-7.2,
20250429,15:12:40,-7.2,
20250429,15:12:40,-7,
20250429,15:12:40,-6.9,
20250429,15:12:40,-6.8,
20250429,15:12:40,-6.7,
20250429,15:12:40,-6.6,
20250429,15:12:40,-6.5,
20250429,15:12:40,-6.4,
20250429,15:12:40,-6.2,
20250429,15:12:40,-6,
20250429,15:12:40,-5.8,
20250429,15:12:40,-5.7,
20250429,15:12:40,-5.5,
20250429,15:12:40,-5.4,
20250429,15:12:40,-5.2,
20250429,15:12:40,-5.1,
20250429,15:12:40,-5,
20250429,15:12:40,-4.9,
20250429,15:12:40,-4.9,
20250429,15:12:40,-4.8,
20250429,15:12:41,-4.7,
20250429,15:12:41,-4.6,
20250429,15:12:41,-4.5,
20250429,15:12:41,-4.5,
20250429,15:12:41,-4.5,
20250429,15:12:41,-4.4,
20250429,15:12:41,-4.4,
20250429,15:12:41,-4.4,
20250429,15:12:41,-4.4,
20250429,15:12:41,-4.4,
20250429,15:12:41,-4.5,
20250429,15:12:41,-4.5,
20250429,15:12:41,-4.5,
20250429,15:12:41,-4.5,
20250429,15:12:41,-4.5,
20250429,15:12:41,-4.6,
20250429,15:12:41,-4.6,
20250429,15:12:41,-4.8,
20250429,15:12:41,-4.7,
20250429,15:12:41,-4.8,
20250429,15:12:41,-4.9,
20250429,15:12:42,-4.9,
20250429,15:12:42,-4.9,
20250429,15:12:42,-5,
20250429,15:12:42,-5.1,
20250429,15:12:42,-5.2,
20250429,15:12:42,-5.2,
20250429,15:12:42,-5.4,
20250429,15:12:42,-5.3,
20250429,15:12:42,-5.4,
20250429,15:12:42,-5.4,
20250429,15:12:42,-5.5,
20250429,15:12:42,-5.5,
20250429,15:12:42,-5.4,
20250429,15:12:42,-5.5,
20250429,15:12:42,-5.4,
20250429,15:12:42,-5.3,
20250429,15:12:42,-5.2,
20250429,15:12:42,-5.1,
20250429,15:12:42,-5,
20250429,15:12:42,-4.9,
20250429,15:12:43,-4.7,
20250429,15:12:43,-4.6,
20250429,15:12:43,-4.3,
20250429,15:12:43,-4.1,
20250429,15:12:43,-3.9,
20250429,15:12:43,-3.8,
20250429,15:12:43,-3.6,
20250429,15:12:43,-3.6,
20250429,15:12:43,-3.6,
20250429,15:12:43,-3.5,
20250429,15:12:43,-3.6,
20250429,15:12:43,-3.6,
20250429,15:12:43,-3.6,
20250429,15:12:43,-3.8,
20250429,15:12:43,-3.9,
20250429,15:12:43,-4,
20250429,15:12:43,-4,
20250429,15:12:43,-4.1,
20250429,15:12:43,-4.3,
20250429,15:12:43,-4.4,
20250429,15:12:44,-4.5,
20250429,15:12:44,-4.6,
20250429,15:12:44,-4.6,
20250429,15:12:44,-4.8,
20250429,15:12:44,-4.9,
20250429,15:12:44,-4.9,
20250429,15:12:44,-4.9,
20250429,15:12:44,-5,
20250429,15:12:44,-5.1,
20250429,15:12:44,-5.2,
20250429,15:12:44,-5.2,
20250429,15:12:44,-5.4,
20250429,15:12:44,-5.5,
20250429,15:12:44,-5.6,
20250429,15:12:44,-5.7,
20250429,15:12:44,-5.7,
20250429,15:12:44,-5.8,
20250429,15:12:44,-5.9,
20250429,15:12:44,-5.9,
20250429,15:12:44,-6,
20250429,15:12:45,-6.1,
20250429,15:12:45,-6.1,
20250429,15:12:45,-6.3,
20250429,15:12:45,-6.3,
20250429,15:12:45,-6.4,
20250429,15:12:45,-6.4,
20250429,15:12:45,-6.5,
20250429,15:12:45,-6.5,
20250429,15:12:45,-6.6,
20250429,15:12:45,-6.6,
20250429,15:12:45,-6.6,
20250429,15:12:45,-6.6,
20250429,15:12:45,-6.7,
20250429,15:12:45,-6.7,
20250429,15:12:45,-6.7,
20250429,15:12:45,-6.7,
20250429,15:12:45,-6.6,
20250429,15:12:45,-6.6,
20250429,15:12:45,-6.6,
20250429,15:12:45,-6.6,
20250429,15:12:46,-6.6,
20250429,15:12:46,-6.6,
20250429,15:12:46,-6.6,
20250429,15:12:46,-6.6,
20250429,15:12:46,-6.6,
20250429,15:12:46,-6.6,
20250429,15:12:46,-6.6,
20250429,15:12:46,-6.6,
20250429,15:12:46,-6.8,
20250429,15:12:46,-6.9,
20250429,15:12:46,-7,
20250429,15:12:46,-7.1,
20250429,15:12:46,-7.2,
20250429,15:12:46,-7.3,
20250429,15:12:46,-7.5,
20250429,15:12:46,-7.5,
20250429,15:12:46,-7.6,
20250429,15:12:46,-7.7,
20250429,15:12:46,-7.9,
20250429,15:12:46,-7.9,
20250429,15:12:47,-7.9,
20250429,15:12:47,-7.9,
20250429,15:12:47,-7.9,
20250429,15:12:47,-7.9,
20250429,15:12:47,-7.9,
20250429,15:12:47,-7.9,
20250429,15:12:47,-7.9,
20250429,15:12:47,-8,
20250429,15:12:47,-7.9,
20250429,15:12:47,-7.8,
20250429,15:12:47,-7.8,
20250429,15:12:47,-7.9,
20250429,15:12:47,-7.8,
20250429,15:12:47,-7.8,
20250429,15:12:47,-7.8,
20250429,15:12:47,-7.7,
20250429,15:12:47,-7.6,
20250429,15:12:47,-7.6,
20250429,15:12:47,-7.5,
20250429,15:12:47,-7.5,
20250429,15:12:47,-7.5,
20250429,15:12:48,-7.4,
20250429,15:12:48,-7.4,
20250429,15:12:48,-7.3,
20250429,15:12:48,-7.2,
20250429,15:12:48,-7.1,
20250429,15:12:48,-7.2,
20250429,15:12:48,-7.2,
20250429,15:12:48,-7.2,
20250429,15:12:48,-7.2,
20250429,15:12:48,-7.1,
20250429,15:12:48,-7.1,
20250429,15:12:48,-7.2,
20250429,15:12:48,-7.2,
20250429,15:12:48,-7.2,
20250429,15:12:48,-7.2,
20250429,15:12:48,-7.3,
20250429,15:12:48,-7.3,
20250429,15:12:48,-7.2,
20250429,15:12:48,-7.2,
20250429,15:12:48,-7.3,
20250429,15:12:49,-7.4,
20250429,15:12:49,-7.4,
20250429,15:12:49,-7.3,
20250429,15:12:49,-7.2,
20250429,15:12:49,-7.2,
20250429,15:12:49,-7.1,
20250429,15:12:49,-7.2,
20250429,15:12:49,-7.1,
20250429,15:12:49,-7,
20250429,15:12:49,-7.1,
20250429,15:12:49,-7,
20250429,15:12:49,-7.1,
20250429,15:12:49,-7,
20250429,15:12:49,-7,
20250429,15:12:49,-7.1,
20250429,15:12:49,-7.1,
20250429,15:12:49,-7.1,
20250429,15:12:49,-7.2,
20250429,15:12:49,-7.2,
20250429,15:12:49,-7.3,
20250429,15:12:50,-7.2,
20250429,15:12:50,-7.2,
20250429,15:12:50,-7.2,
20250429,15:12:50,-7.2,
20250429,15:12:50,-7.2,
20250429,15:12:50,-7.2,
20250429,15:12:50,-7.2,
20250429,15:12:50,-7.2,
20250429,15:12:50,-7.1,
20250429,15:12:50,-7.3,
20250429,15:12:50,-7.2,
20250429,15:12:50,-7.2,
20250429,15:12:50,-7.2,
20250429,15:12:50,-7.3,
20250429,15:12:50,-7.2,
20250429,15:12:50,-7.2,
20250429,15:12:50,-7.2,
20250429,15:12:50,-7.2,
20250429,15:12:50,-7.2,
20250429,15:12:50,-7.2,
20250429,15:12:51,-7.3,
20250429,15:12:51,-7.3,
20250429,15:12:51,-7.4,
20250429,15:12:51,-7.3,
20250429,15:12:51,-7.3,
20250429,15:12:51,-7.2,
20250429,15:12:51,-7.2,
20250429,15:12:51,-7.3,
20250429,15:12:51,-7.2,
20250429,15:12:51,-7.2,
20250429,15:12:51,-7.1,
20250429,15:12:51,-7.1,
20250429,15:12:51,-7.2,
20250429,15:12:51,-7.3,
20250429,15:12:51,-7.2,
20250429,15:12:51,-7,
20250429,15:12:51,-6.8,
20250429,15:12:51,-6.8,
20250429,15:12:51,-6.6,
20250429,15:12:51,-6.6,
20250429,15:12:52,-6.6,
20250429,15:12:52,-6.5,
20250429,15:12:52,-6.6,
20250429,15:12:52,-6.5,
20250429,15:12:52,-6.4,
20250429,15:12:52,-6.3,
20250429,15:12:52,-6.6,
20250429,15:12:52,-6.5,
20250429,15:12:52,-6.6,
20250429,15:12:52,-6.6,
20250429,15:12:52,-6.6,
20250429,15:12:52,-6.6,
20250429,15:12:52,-6.6,
20250429,15:12:52,-6.7,
20250429,15:12:52,-6.7,
20250429,15:12:52,-6.7,
20250429,15:12:52,-7,
20250429,15:12:52,-6.8,
20250429,15:12:52,-6.8,
20250429,15:12:52,-6.9,
20250429,15:12:53,-6.7,
20250429,15:12:53,-6.7,
20250429,15:12:53,-6.6,
20250429,15:12:53,-6.6,
20250429,15:12:53,-6.6,
20250429,15:12:53,-6.4,
20250429,15:12:53,-6.1,
20250429,15:12:53,-5.9,
20250429,15:12:53,-5.7,
20250429,15:12:53,-5.6,
20250429,15:12:53,-5.2,
20250429,15:12:53,-4.9,
20250429,15:12:53,-4.8,
20250429,15:12:53,-4.5,
20250429,15:12:53,-4.1,
20250429,15:12:53,-4,
20250429,15:12:53,-3.6,
20250429,15:12:53,-3.4,
20250429,15:12:53,-3.4,
20250429,15:12:53,-3.3,
20250429,15:12:53,-3.1,
20250429,15:12:54,-3.1,
20250429,15:12:54,-2.8,
20250429,15:12:54,-2.9,
20250429,15:12:54,-2.6,
20250429,15:12:54,-2.5,
20250429,15:12:54,-2.3,
20250429,15:12:54,-2.2,
20250429,15:12:54,-2.2,
20250429,15:12:54,-1.9,
20250429,15:12:54,-1.8,
20250429,15:12:54,-1.5,
20250429,15:12:54,-1.4,
20250429,15:12:54,-1.1,
20250429,15:12:54,-1,
20250429,15:12:54,-0.7,
20250429,15:12:54,-0.6,
20250429,15:12:54,-0.4,
20250429,15:12:54,-0.2,
20250429,15:12:54,0.2,
20250429,15:12:54,0.3,
20250429,15:12:55,0.5,
20250429,15:12:55,0.6,
20250429,15:12:55,1,
20250429,15:12:55,1,
20250429,15:12:55,1.1,
20250429,15:12:55,1.3,
20250429,15:12:55,1.3,
20250429,15:12:55,1.5,
20250429,15:12:55,1.7,
20250429,15:12:55,1.9,
20250429,15:12:55,1.9,
20250429,15:12:55,2,
20250429,15:12:55,2.3,
20250429,15:12:55,2.3,
20250429,15:12:55,2.3,
20250429,15:12:55,2.5,
20250429,15:12:55,2.5,
20250429,15:12:55,2.7,
20250429,15:12:55,2.7,
20250429,15:12:55,2.7,
20250429,15:12:55,2.8,
20250429,15:12:56,2.9,
20250429,15:12:56,3,
20250429,15:12:56,3.2,
20250429,15:12:56,3.2,
20250429,15:12:56,3.4,
20250429,15:12:56,3.5,
20250429,15:12:56,3.6,
20250429,15:12:56,3.5,
20250429,15:12:56,3.6,
20250429,15:12:56,3.8,
20250429,15:12:56,3.9,
20250429,15:12:56,3.8,
20250429,15:12:56,4.1,
20250429,15:12:56,4.3,
20250429,15:12:56,4.2,
20250429,15:12:56,4.5,
20250429,15:12:56,4.5,
20250429,15:12:56,4.5,
20250429,15:12:56,4.7,
20250429,15:12:56,4.9,
20250429,15:12:57,5.1,
20250429,15:12:57,5.3,
20250429,15:12:57,5.3,
20250429,15:12:57,5.3,
20250429,15:12:57,5.3,
20250429,15:12:57,5.5,
20250429,15:12:57,5.7,
20250429,15:12:57,5.9,
20250429,15:12:57,6,
20250429,15:12:57,6.2,
20250429,15:12:57,6.2,
20250429,15:12:57,6.3,
20250429,15:12:57,6.5,
20250429,15:12:57,6.6,
20250429,15:12:57,6.7,
20250429,15:12:57,6.9,
20250429,15:12:57,6.8,
20250429,15:12:57,7,
20250429,15:12:57,7.1,
20250429,15:12:57,7.1,
20250429,15:12:57,7.1,
20250429,15:12:58,7.1,
20250429,15:12:58,7.3,
20250429,15:12:58,7.2,
20250429,15:12:58,7.2,
20250429,15:12:58,7.2,
20250429,15:12:58,7.3,
20250429,15:12:58,7.4,
20250429,15:12:58,7.2,
20250429,15:12:58,7.2,
20250429,15:12:58,7.3,
20250429,15:12:58,7.4,
20250429,15:12:58,7.1,
20250429,15:12:58,7.1,
20250429,15:12:58,7.1,
20250429,15:12:58,7.1,
20250429,15:12:58,7,
20250429,15:12:58,7.1,
20250429,15:12:58,6.9,
20250429,15:12:58,6.8,
20250429,15:12:58,6.8,
20250429,15:12:58,6.9,
20250429,15:12:59,6.6,
20250429,15:12:59,6.6,
20250429,15:12:59,6.5,
20250429,15:12:59,6.6,
20250429,15:12:59,6.5,
20250429,15:12:59,6.2,
20250429,15:12:59,6.2,
20250429,15:12:59,6.1,
20250429,15:12:59,6.1,
20250429,15:12:59,6,
20250429,15:12:59,6,
20250429,15:12:59,5.9,
20250429,15:12:59,6,
20250429,15:12:59,5.8,
20250429,15:12:59,5.7,
20250429,15:12:59,5.7,
20250429,15:12:59,5.6,
20250429,15:12:59,5.7,
20250429,15:12:59,5.6,
20250429,15:12:59,5.4,
20250429,15:13:00,5.4,
20250429,15:13:00,5.4,
20250429,15:13:00,5.2,
20250429,15:13:00,5.2,
20250429,15:13:00,5.2,
20250429,15:13:00,5,
20250429,15:13:00,5,
20250429,15:13:00,5,
20250429,15:13:00,4.9,
20250429,15:13:00,4.7,
20250429,15:13:00,4.7,
20250429,15:13:00,4.7,
20250429,15:13:00,4.7,
20250429,15:13:00,4.6,
20250429,15:13:00,4.5,
20250429,15:13:00,4.5,
20250429,15:13:00,4.5,
20250429,15:13:00,4.5,
20250429,15:13:00,4.3,
20250429,15:13:00,4.1,
20250429,15:13:00,4.2,
20250429,15:13:01,4.2,
20250429,15:13:01,4,
20250429,15:13:01,3.9,
20250429,15:13:01,3.9,
20250429,15:13:01,3.9,
20250429,15:13:01,3.7,
20250429,15:13:01,3.7,
20250429,15:13:01,3.6,
20250429,15:13:01,3.7,
20250429,15:13:01,3.6,
20250429,15:13:01,3.6,
20250429,15:13:01,3.5,
20250429,15:13:01,3.4,
20250429,15:13:01,3.3,
20250429,15:13:01,3.4,
20250429,15:13:01,3.3,
20250429,15:13:01,3,
20250429,15:13:01,3.2,
20250429,15:13:01,3,
20250429,15:13:01,3,
20250429,15:13:02,2.8,
20250429,15:13:02,2.8,
20250429,15:13:02,2.8,
20250429,15:13:02,2.7,
20250429,15:13:02,2.6,
20250429,15:13:02,2.5,
20250429,15:13:02,2.6,
20250429,15:13:02,2.4,
20250429,15:13:02,2.5,
20250429,15:13:02,2.4,
20250429,15:13:02,2.1,
20250429,15:13:02,2,
20250429,15:13:02,2.1,
20250429,15:13:02,2.1,
20250429,15:13:02,1.9,
20250429,15:13:02,2,
20250429,15:13:02,1.9,
20250429,15:13:02,1.7,
20250429,15:13:02,1.7,
20250429,15:13:02,1.7,
20250429,15:13:02,1.6,
20250429,15:13:03,1.4,
20250429,15:13:03,1.4,
20250429,15:13:03,1.4,
20250429,15:13:03,1.3,
20250429,15:13:03,1.2,
20250429,15:13:03,1.1,
20250429,15:13:03,1.2,
20250429,15:13:03,1.1,
20250429,15:13:03,0.9,
20250429,15:13:03,1.1,
20250429,15:13:03,0.9,
20250429,15:13:03,0.8,
20250429,15:13:03,0.8,
20250429,15:13:03,0.6,
20250429,15:13:03,0.5,
20250429,15:13:03,0.7,
20250429,15:13:03,0.6,
20250429,15:13:03,0.4,
20250429,15:13:03,0.4,
20250429,15:13:03,0.3,
20250429,15:13:03,0.2,
20250429,15:13:04,0.2,
20250429,15:13:04,0.2,
20250429,15:13:04,0.1,
20250429,15:13:04,0.2,
20250429,15:13:04,-0.1,
20250429,15:13:04,0.1,
20250429,15:13:04,0,
20250429,15:13:04,-0.1,
20250429,15:13:04,-0.1,
20250429,15:13:04,-0.4,
20250429,15:13:04,-0.4,
20250429,15:13:04,-0.4,
20250429,15:13:04,-0.3,
20250429,15:13:04,-0.6,
20250429,15:13:04,-0.5,
20250429,15:13:04,-0.6,
20250429,15:13:04,-0.6,
20250429,15:13:04,-0.6,
20250429,15:13:04,-0.6,
20250429,15:13:04,-0.8,
20250429,15:13:05,-0.8,
20250429,15:13:05,-0.8,
20250429,15:13:05,-0.9,
20250429,15:13:05,-1,
20250429,15:13:05,-1,
20250429,15:13:05,-1.1,
20250429,15:13:05,-1.1,
20250429,15:13:05,-1.2,
20250429,15:13:05,-1.3,
20250429,15:13:05,-1.4,
20250429,15:13:05,-1.3,
20250429,15:13:05,-1.4,
20250429,15:13:05,-1.4,
20250429,15:13:05,-1.5,
20250429,15:13:05,-1.5,
20250429,15:13:05,-1.6,
20250429,15:13:05,-1.7,
20250429,15:13:05,-1.6,
20250429,15:13:05,-1.7,
20250429,15:13:05,-1.8,
20250429,15:13:06,-1.7,
20250429,15:13:06,-1.9,
20250429,15:13:06,-1.9,
20250429,15:13:06,-1.8,
20250429,15:13:06,-1.9,
20250429,15:13:06,-2,
20250429,15:13:06,-2.1,
20250429,15:13:06,-2.2,
20250429,15:13:06,-2.3,
20250429,15:13:06,-2.3,
20250429,15:13:06,-2.3,
20250429,15:13:06,-2.2,
20250429,15:13:06,-2.3,
20250429,15:13:06,-2.3,
20250429,15:13:06,-2.3,
20250429,15:13:06,-2.5,
20250429,15:13:06,-2.5,
20250429,15:13:06,-2.4,
20250429,15:13:06,-2.4,
20250429,15:13:06,-2.5,
20250429,15:13:06,-2.6,
20250429,15:13:07,-2.5,
20250429,15:13:07,-2.7,
20250429,15:13:07,-2.7,
20250429,15:13:07,-2.9,
20250429,15:13:07,-2.9,
20250429,15:13:07,-2.8,
20250429,15:13:07,-3,
20250429,15:13:07,-3,
20250429,15:13:07,-3,
20250429,15:13:07,-2.9,
20250429,15:13:07,-3,
20250429,15:13:07,-3,
20250429,15:13:07,-3.1,
20250429,15:13:07,-3.1,
20250429,15:13:07,-3.2,
20250429,15:13:07,-3.2,
20250429,15:13:07,-3.2,
20250429,15:13:07,-3.2,
20250429,15:13:07,-3.2,
20250429,15:13:07,-3.2,
20250429,15:13:08,-3.2,
20250429,15:13:08,-3.3,
20250429,15:13:08,-3.3,
20250429,15:13:08,-3.3,
20250429,15:13:08,-3.5,
20250429,15:13:08,-3.5,
20250429,15:13:08,-3.5,
20250429,15:13:08,-3.5,
20250429,15:13:08,-3.5,
20250429,15:13:08,-3.4,
20250429,15:13:08,-3.5,
20250429,15:13:08,-3.6,
20250429,15:13:08,-3.6,
20250429,15:13:08,-3.6,
20250429,15:13:08,-3.6,
20250429,15:13:08,-3.7,
20250429,15:13:08,-3.6,
20250429,15:13:08,-3.7,
20250429,15:13:08,-3.7,
20250429,15:13:08,-3.7,
20250429,15:13:09,-3.7,
20250429,15:13:09,-3.8,
20250429,15:13:09,-3.8,
20250429,15:13:09,-3.8,
20250429,15:13:09,-3.8,
20250429,15:13:09,-3.9,
20250429,15:13:09,-3.9,
20250429,15:13:09,-3.9,
20250429,15:13:09,-3.8,
20250429,15:13:09,-3.8,
20250429,15:13:09,-3.9,
20250429,15:13:09,-4,
20250429,15:13:09,-4,
20250429,15:13:09,-4,
20250429,15:13:09,-4,
20250429,15:13:09,-4,
20250429,15:13:09,-4,
20250429,15:13:09,-4,
20250429,15:13:09,-4,
20250429,15:13:09,-4,
20250429,15:13:10,-4,
20250429,15:13:10,-4,
20250429,15:13:10,-4,
20250429,15:13:10,-4.1,
20250429,15:13:10,-4,
20250429,15:13:10,-4.1,
20250429,15:13:10,-4,
20250429,15:13:10,-4.2,
20250429,15:13:10,-4.2,
20250429,15:13:10,-4,
20250429,15:13:10,-4.1,
20250429,15:13:10,-4,
20250429,15:13:10,-4,
20250429,15:13:10,-4.2,
20250429,15:13:10,-4.1,
20250429,15:13:10,-4.1,
20250429,15:13:10,-4.2,
20250429,15:13:10,-4.2,
20250429,15:13:10,-4.1,
20250429,15:13:10,-4,
20250429,15:13:11,-4.2,
20250429,15:13:11,-4.2,
20250429,15:13:11,-4.2,
20250429,15:13:11,-4.1,
20250429,15:13:11,-4.3,
20250429,15:13:11,-4.3,
20250429,15:13:11,-4.2,
20250429,15:13:11,-4.2,
20250429,15:13:11,-4.3,
20250429,15:13:11,-4.2,
20250429,15:13:11,-4.3,
20250429,15:13:11,-4.2,
20250429,15:13:11,-4.3,
20250429,15:13:11,-4.3,
20250429,15:13:11,-4.3,
20250429,15:13:11,-4.3,
20250429,15:13:11,-4.3,
20250429,15:13:11,-4.3,
20250429,15:13:11,-4.4,
20250429,15:13:11,-4.4,
20250429,15:13:12,-4.4,
20250429,15:13:12,-4.3,
20250429,15:13:12,-4.3,
20250429,15:13:12,-4.4,
20250429,15:13:12,-4.4,
20250429,15:13:12,-4.4,
20250429,15:13:12,-4.4,
20250429,15:13:12,-4.4,
20250429,15:13:12,-4.5,
20250429,15:13:12,-4.4,
20250429,15:13:12,-4.5,
20250429,15:13:12,-4.5,
20250429,15:13:12,-4.4,
20250429,15:13:12,-4.5,
20250429,15:13:12,-4.4,
20250429,15:13:12,-4.5,
20250429,15:13:12,-4.5,
20250429,15:13:12,-4.4,
20250429,15:13:12,-4.5,
20250429,15:13:12,-4.6,
20250429,15:13:12,-4.5,
20250429,15:13:13,-4.5,
20250429,15:13:13,-4.5,
20250429,15:13:13,-4.6,
20250429,15:13:13,-4.6,
20250429,15:13:13,-4.6,
20250429,15:13:13,-4.6,
20250429,15:13:13,-4.6,
20250429,15:13:13,-4.6,
20250429,15:13:13,-4.6,
20250429,15:13:13,-4.6,
20250429,15:13:13,-4.6,
20250429,15:13:13,-4.6,
20250429,15:13:13,-4.7,
20250429,15:13:13,-4.7,
20250429,15:13:13,-4.7,
20250429,15:13:13,-4.7,
20250429,15:13:13,-4.7,
20250429,15:13:13,-4.7,
20250429,15:13:13,-4.7,
20250429,15:13:13,-4.8,
20250429,15:13:14,-4.8,
20250429,15:13:14,-4.8,
20250429,15:13:14,-4.8,
20250429,15:13:14,-4.8,
20250429,15:13:14,-4.8,
20250429,15:13:14,-4.8,
20250429,15:13:14,-4.8,
20250429,15:13:14,-4.8,
20250429,15:13:14,-4.8,
20250429,15:13:14,-4.8,
20250429,15:13:14,-4.9,
20250429,15:13:14,-4.8,
20250429,15:13:14,-4.9,
20250429,15:13:14,-4.9,
20250429,15:13:14,-4.9,
20250429,15:13:14,-4.8,
20250429,15:13:14,-4.9,
20250429,15:13:14,-4.9,
20250429,15:13:14,-4.8,
20250429,15:13:14,-4.9,
20250429,15:13:15,-4.9,
20250429,15:13:15,-4.9,
20250429,15:13:15,-4.9,
20250429,15:13:15,-4.9,
20250429,15:13:15,-4.9,
20250429,15:13:15,-4.9,
20250429,15:13:15,-4.9,
20250429,15:13:15,-4.9,
20250429,15:13:15,-4.9,
20250429,15:13:15,-4.9,
20250429,15:13:15,-4.9,
20250429,15:13:15,-4.9,
20250429,15:13:15,-4.9,
20250429,15:13:15,-4.9,
20250429,15:13:15,-4.9,
20250429,15:13:15,-4.9,
20250429,15:13:15,-4.9,
20250429,15:13:15,-5,
20250429,15:13:15,-4.9,
20250429,15:13:15,-4.9,
20250429,15:13:16,-5,
20250429,15:13:16,-5,
20250429,15:13:16,-5,
20250429,15:13:16,-5.1,
20250429,15:13:16,-5,
20250429,15:13:16,-5.1,
20250429,15:13:16,-5.1,
20250429,15:13:16,-5,
20250429,15:13:16,-5,
20250429,15:13:16,-5.1,
20250429,15:13:16,-5.1,
20250429,15:13:16,-5.1,
20250429,15:13:16,-5.1,
20250429,15:13:16,-5.1,
20250429,15:13:16,-5.1,
20250429,15:13:16,-5.2,
20250429,15:13:16,-5.1,
20250429,15:13:16,-5.1,
20250429,15:13:16,-5.2,
20250429,15:13:16,-5.2,
20250429,15:13:16,-5.2,
20250429,15:13:17,-5.2,
20250429,15:13:17,-5.2,
20250429,15:13:17,-5.2,
20250429,15:13:17,-5.2,
20250429,15:13:17,-5.2,
20250429,15:13:17,-5.2,
20250429,15:13:17,-5.2,
20250429,15:13:17,-5.2,
20250429,15:13:17,-5.2,
20250429,15:13:17,-5.3,
20250429,15:13:17,-5.3,
20250429,15:13:17,-5.2,
20250429,15:13:17,-5.3,
20250429,15:13:17,-5.4,
20250429,15:13:17,-5.4,
20250429,15:13:17,-5.4,
20250429,15:13:17,-5.4,
20250429,15:13:17,-5.4,
20250429,15:13:17,-5.4,
20250429,15:13:17,-5.4,
20250429,15:13:18,-5.4,
20250429,15:13:18,-5.4,
20250429,15:13:18,-5.4,
20250429,15:13:18,-5.5,
20250429,15:13:18,-5.4,
20250429,15:13:18,-5.4,
20250429,15:13:18,-5.5,
20250429,15:13:18,-5.5,
20250429,15:13:18,-5.6,
20250429,15:13:18,-5.5,
20250429,15:13:18,-5.5,
20250429,15:13:18,-5.5,
20250429,15:13:18,-5.5,
20250429,15:13:18,-5.5,
20250429,15:13:18,-5.5,
20250429,15:13:18,-5.6,
20250429,15:13:18,-5.6,
20250429,15:13:18,-5.6,
20250429,15:13:18,-5.5,
20250429,15:13:18,-5.6,
20250429,15:13:19,-5.6,
20250429,15:13:19,-5.6,
20250429,15:13:19,-5.6,
20250429,15:13:19,-5.6,
20250429,15:13:19,-5.6,
20250429,15:13:19,-5.7,
20250429,15:13:19,-5.7,
20250429,15:13:19,-5.6,
20250429,15:13:19,-5.7,
20250429,15:13:19,-5.7,
20250429,15:13:19,-5.7,
20250429,15:13:19,-5.8,
20250429,15:13:19,-5.7,
20250429,15:13:19,-5.8,
20250429,15:13:19,-5.8,
20250429,15:13:19,-5.8,
20250429,15:13:19,-5.8,
20250429,15:13:19,-5.9,
20250429,15:13:19,-5.8,
20250429,15:13:19,-5.8,
20250429,15:13:20,-5.9,
20250429,15:13:20,-5.8,
20250429,15:13:20,-5.8,
20250429,15:13:20,-5.8,
20250429,15:13:20,-5.9,
20250429,15:13:20,-5.9,
20250429,15:13:20,-5.9,
20250429,15:13:20,-6,
20250429,15:13:20,-5.9,
20250429,15:13:20,-5.9,
20250429,15:13:20,-6,
20250429,15:13:20,-6,
20250429,15:13:20,-6.1,
20250429,15:13:20,-6.1,
20250429,15:13:20,-6.2,
20250429,15:13:20,-6.1,
20250429,15:13:20,-6.1,
20250429,15:13:20,-6.1,
20250429,15:13:20,-6.2,
20250429,15:13:20,-6.2,
20250429,15:13:21,-6.2,
20250429,15:13:21,-6.3,
20250429,15:13:21,-6.2,
20250429,15:13:21,-6.3,
20250429,15:13:21,-6.3,
20250429,15:13:21,-6.3,
20250429,15:13:21,-6.3,
20250429,15:13:21,-6.3,
20250429,15:13:21,-6.4,
20250429,15:13:21,-6.4,
20250429,15:13:21,-6.4,
20250429,15:13:21,-6.4,
20250429,15:13:21,-6.4,
20250429,15:13:21,-6.5,
20250429,15:13:21,-6.4,
20250429,15:13:21,-6.5,
20250429,15:13:21,-6.5,
20250429,15:13:21,-6.5,
20250429,15:13:21,-6.5,
20250429,15:13:21,-6.6,
20250429,15:13:22,-6.6,
20250429,15:13:22,-6.6,
20250429,15:13:22,-6.6,
20250429,15:13:22,-6.6,
20250429,15:13:22,-6.6,
20250429,15:13:22,-6.6,
20250429,15:13:22,-6.6,
20250429,15:13:22,-6.6,
20250429,15:13:22,-6.6,
20250429,15:13:22,-6.6,
20250429,15:13:22,-6.6,
20250429,15:13:22,-6.6,
20250429,15:13:22,-6.6,
20250429,15:13:22,-6.6,
20250429,15:13:22,-6.6,
20250429,15:13:22,-6.7,
20250429,15:13:22,-6.7,
20250429,15:13:22,-6.8,
20250429,15:13:22,-6.7,
20250429,15:13:22,-6.7,
20250429,15:13:22,-6.8,
20250429,15:13:23,-6.8,
20250429,15:13:23,-6.8,
20250429,15:13:23,-6.8,
20250429,15:13:23,-6.8,
20250429,15:13:23,-6.8,
20250429,15:13:23,-6.9,
20250429,15:13:23,-6.9,
20250429,15:13:23,-7,
20250429,15:13:23,-6.9,
20250429,15:13:23,-7,
20250429,15:13:23,-7.1,
20250429,15:13:23,-7.1,
20250429,15:13:23,-7.1,
20250429,15:13:23,-7.1,
20250429,15:13:23,-7.2,
20250429,15:13:23,-7.2,
20250429,15:13:23,-7.2,
20250429,15:13:23,-7.2,
20250429,15:13:23,-7.2,
20250429,15:13:23,-7.3,
20250429,15:13:24,-7.3,
20250429,15:13:24,-7.3,
20250429,15:13:24,-7.3,
20250429,15:13:24,-7.3,
20250429,15:13:24,-7.4,
20250429,15:13:24,-7.4,
20250429,15:13:24,-7.4,
20250429,15:13:24,-7.3,
20250429,15:13:24,-7.3,
20250429,15:13:24,-7.3,
20250429,15:13:24,-7.3,
20250429,15:13:24,-7.3,
20250429,15:13:24,-7.3,
20250429,15:13:24,-7.4,
20250429,15:13:24,-7.4,
20250429,15:13:24,-7.3,
20250429,15:13:24,-7.4,
20250429,15:13:24,-7.3,
20250429,15:13:24,-7.3,
20250429,15:13:24,-7.3,
20250429,15:13:25,-7.2,
20250429,15:13:25,-7.2,
20250429,15:13:25,-7.1,
20250429,15:13:25,-7.1,
20250429,15:13:25,-7.2,
20250429,15:13:25,-7.2,
20250429,15:13:25,-7.2,
20250429,15:13:25,-7.2,
20250429,15:13:25,-7.2,
20250429,15:13:25,-7.3,
20250429,15:13:25,-7.3,
20250429,15:13:25,-7.3,
20250429,15:13:25,-7.4,
20250429,15:13:25,-7.4,
20250429,15:13:25,-7.5,
20250429,15:13:25,-7.5,
20250429,15:13:25,-7.6,
20250429,15:13:25,-7.8,
20250429,15:13:25,-7.9,
20250429,15:13:25,-8.1,
20250429,15:13:26,-8.2,
20250429,15:13:26,-8.3,
20250429,15:13:26,-8.3,
20250429,15:13:26,-8.3,
20250429,15:13:26,-8.3,
20250429,15:13:26,-8.4,
20250429,15:13:26,-8.5,
20250429,15:13:26,-8.5,
20250429,15:13:26,-8.6,
20250429,15:13:26,-8.7,
20250429,15:13:26,-8.8,
20250429,15:13:26,-8.7,
20250429,15:13:26,-8.7,
20250429,15:13:26,-8.7,
20250429,15:13:26,-8.7,
20250429,15:13:26,-8.6,
20250429,15:13:26,-8.6,
20250429,15:13:26,-8.6,
20250429,15:13:26,-8.6,
20250429,15:13:26,-8.5,
20250429,15:13:27,-8.4,
20250429,15:13:27,-8.3,
20250429,15:13:27,-8.1,
20250429,15:13:27,-7.9,
20250429,15:13:27,-7.8,
20250429,15:13:27,-7.8,
20250429,15:13:27,-7.6,
20250429,15:13:27,-7.5,
20250429,15:13:27,-7.5,
20250429,15:13:27,-7.3,
20250429,15:13:27,-7.1,
20250429,15:13:27,-6.9,
20250429,15:13:27,-6.6,
20250429,15:13:27,-6.5,
20250429,15:13:27,-6.2,
20250429,15:13:27,-5.8,
20250429,15:13:27,-5.4,
20250429,15:13:27,-5,
20250429,15:13:27,-4.6,
20250429,15:13:27,-4.2,
20250429,15:13:27,-3.8,
20250429,15:13:28,-3.4,
20250429,15:13:28,-3.1,
20250429,15:13:28,-2.7,
20250429,15:13:28,-2.4,
20250429,15:13:28,-2.2,
20250429,15:13:28,-1.8,
20250429,15:13:28,-1.6,
20250429,15:13:28,-1.5,
20250429,15:13:28,-1.4,
20250429,15:13:28,-1.2,
20250429,15:13:28,-1.1,
20250429,15:13:28,-1,
20250429,15:13:28,-0.9,
20250429,15:13:28,-0.8,
20250429,15:13:28,-0.8,
20250429,15:13:28,-0.8,
20250429,15:13:28,-0.8,
20250429,15:13:28,-0.7,
20250429,15:13:28,-0.7,
20250429,15:13:28,-0.8,
20250429,15:13:29,-0.8,
20250429,15:13:29,-0.9,
20250429,15:13:29,-1,
20250429,15:13:29,-1,
20250429,15:13:29,-1.1,
20250429,15:13:29,-1.2,
20250429,15:13:29,-1.2,
20250429,15:13:29,-1.3,
20250429,15:13:29,-1.3,
20250429,15:13:29,-1.4,
20250429,15:13:29,-1.4,
20250429,15:13:29,-1.4,
20250429,15:13:29,-1.5,
20250429,15:13:29,-1.5,
20250429,15:13:29,-1.5,
20250429,15:13:29,-1.5,
20250429,15:13:29,-1.4,
20250429,15:13:29,-1.4,
20250429,15:13:29,-1.3,
20250429,15:13:29,-1.2,
20250429,15:13:30,-1.2,
20250429,15:13:30,-1,
20250429,15:13:30,-0.9,
20250429,15:13:30,-0.8,
20250429,15:13:30,-0.7,
20250429,15:13:30,-0.6,
20250429,15:13:30,-0.6,
20250429,15:13:30,-0.5,
20250429,15:13:30,-0.5,
20250429,15:13:30,-0.4,
20250429,15:13:30,-0.2,
20250429,15:13:30,-0.2,
20250429,15:13:30,-0.1,
20250429,15:13:30,-0.1,
20250429,15:13:30,-0.2,
20250429,15:13:30,-0.1,
20250429,15:13:30,-0.2,
20250429,15:13:30,-0.2,
20250429,15:13:30,-0.1,
20250429,15:13:30,-0.2,
20250429,15:13:31,-0.2,
20250429,15:13:31,-0.3,
20250429,15:13:31,-0.4,
20250429,15:13:31,-0.4,
20250429,15:13:31,-0.5,
20250429,15:13:31,-0.6,
20250429,15:13:31,-0.6,
20250429,15:13:31,-0.7,
20250429,15:13:31,-0.9,
20250429,15:13:31,-1,
20250429,15:13:31,-1.1,
20250429,15:13:31,-1.2,
20250429,15:13:31,-1.4,
20250429,15:13:31,-1.5,
20250429,15:13:31,-1.6,
20250429,15:13:31,-1.8,
20250429,15:13:31,-1.9,
20250429,15:13:31,-2.1,
20250429,15:13:31,-2.2,
20250429,15:13:31,-2.3,
20250429,15:13:32,-2.4,
20250429,15:13:32,-2.6,
20250429,15:13:32,-2.7,
20250429,15:13:32,-2.8,
20250429,15:13:32,-3,
20250429,15:13:32,-3.1,
20250429,15:13:32,-3.2,
20250429,15:13:32,-3.2,
20250429,15:13:32,-3.4,
20250429,15:13:32,-3.4,
20250429,15:13:32,-3.5,
20250429,15:13:32,-3.6,
20250429,15:13:32,-3.8,
20250429,15:13:32,-3.9,
20250429,15:13:32,-4,
20250429,15:13:32,-4,
20250429,15:13:32,-4.1,
20250429,15:13:32,-4.1,
20250429,15:13:32,-4.2,
20250429,15:13:32,-4.4,
20250429,15:13:33,-4.4,
20250429,15:13:33,-4.5,
20250429,15:13:33,-4.5,
20250429,15:13:33,-4.6,
20250429,15:13:33,-4.7,
20250429,15:13:33,-4.8,
20250429,15:13:33,-4.9,
20250429,15:13:33,-4.9,
20250429,15:13:33,-5,
20250429,15:13:33,-5.1,
20250429,15:13:33,-5.1,
20250429,15:13:33,-5.3,
20250429,15:13:33,-5.3,
20250429,15:13:33,-5.5,
20250429,15:13:33,-5.5,
20250429,15:13:33,-5.6,
20250429,15:13:33,-5.8,
20250429,15:13:33,-5.8,
20250429,15:13:33,-5.8,
20250429,15:13:33,-5.9,
20250429,15:13:33,-6,
20250429,15:13:34,-6.1,
20250429,15:13:34,-6.2,
20250429,15:13:34,-6.3,
20250429,15:13:34,-6.4,
20250429,15:13:34,-6.5,
20250429,15:13:34,-6.6,
20250429,15:13:34,-6.6,
20250429,15:13:34,-6.6,
20250429,15:13:34,-6.8,
20250429,15:13:34,-6.8,
20250429,15:13:34,-6.9,
20250429,15:13:34,-7,
20250429,15:13:34,-7.1,
20250429,15:13:34,-7.2,
20250429,15:13:34,-7.3,
20250429,15:13:34,-7.4,
20250429,15:13:34,-7.4,
20250429,15:13:34,-7.5,
20250429,15:13:34,-7.5,
20250429,15:13:34,-7.5,
20250429,15:13:35,-7.6,
20250429,15:13:35,-7.8,
20250429,15:13:35,-7.8,
20250429,15:13:35,-7.9,
20250429,15:13:35,-8,
20250429,15:13:35,-8,
20250429,15:13:35,-8.1,
20250429,15:13:35,-8.1,
20250429,15:13:35,-8.2,
20250429,15:13:35,-8.3,
20250429,15:13:35,-8.3,
20250429,15:13:35,-8.4,
20250429,15:13:35,-8.4,
20250429,15:13:35,-8.5,
20250429,15:13:35,-8.5,
20250429,15:13:35,-8.6,
20250429,15:13:35,-8.6,
20250429,15:13:35,-8.7,
20250429,15:13:35,-8.8,
20250429,15:13:35,-8.8,
20250429,15:13:36,-8.9,
20250429,15:13:36,-8.9,
20250429,15:13:36,-9,
20250429,15:13:36,-9.1,
20250429,15:13:36,-9.2,
20250429,15:13:36,-9.2,
20250429,15:13:36,-9.2,
20250429,15:13:36,-9.2,
20250429,15:13:36,-9.3,
20250429,15:13:36,-9.4,
20250429,15:13:36,-9.4,
20250429,15:13:36,-9.5,
20250429,15:13:36,-9.5,
20250429,15:13:36,-9.6,
20250429,15:13:36,-9.6,
20250429,15:13:36,-9.6,
20250429,15:13:36,-9.7,
20250429,15:13:36,-9.7,
20250429,15:13:36,-9.7,
20250429,15:13:36,-9.8,
20250429,15:13:37,-9.7,
20250429,15:13:37,-9.6,
20250429,15:13:37,-9.6,
20250429,15:13:37,-9.7,
20250429,15:13:37,-9.6,
20250429,15:13:37,-9.6,
20250429,15:13:37,-9.5,
20250429,15:13:37,-9.5,
20250429,15:13:37,-9.4,
20250429,15:13:37,-9.4,
20250429,15:13:37,-9.3,
20250429,15:13:37,-9.3,
20250429,15:13:37,-9.3,
20250429,15:13:37,-9.2,
20250429,15:13:37,-9.2,
20250429,15:13:37,-9.2,
20250429,15:13:37,-9.2,
20250429,15:13:37,-9.2,
20250429,15:13:37,-9.1,
20250429,15:13:37,-9.1,
20250429,15:13:38,-8.9,
20250429,15:13:38,-8.9,
20250429,15:13:38,-8.8,
20250429,15:13:38,-8.7,
20250429,15:13:38,-8.6,
20250429,15:13:38,-8.4,
20250429,15:13:38,-8.3,
20250429,15:13:38,-8.3,
20250429,15:13:38,-8.2,
20250429,15:13:38,-8,
20250429,15:13:38,-7.9,
20250429,15:13:38,-7.8,
20250429,15:13:38,-7.6,
20250429,15:13:38,-7.5,
20250429,15:13:38,-7.5,
20250429,15:13:38,-7.4,
20250429,15:13:38,-7.3,
20250429,15:13:38,-7.2,
20250429,15:13:38,-7.1,
20250429,15:13:38,-7.1,
20250429,15:13:38,-7.1,
20250429,15:13:39,-7,
20250429,15:13:39,-7,
20250429,15:13:39,-6.9,
20250429,15:13:39,-6.9,
20250429,15:13:39,-6.9,
20250429,15:13:39,-6.8,
20250429,15:13:39,-6.8,
20250429,15:13:39,-6.7,
20250429,15:13:39,-6.6,
20250429,15:13:39,-6.6,
20250429,15:13:39,-6.5,
20250429,15:13:39,-6.3,
20250429,15:13:39,-6.1,
20250429,15:13:39,-5.9,
20250429,15:13:39,-5.6,
20250429,15:13:39,-5.2,
20250429,15:13:39,-4.9,
20250429,15:13:39,-4.4,
20250429,15:13:39,-4,
20250429,15:13:39,-3.5,
20250429,15:13:40,-3.1,
20250429,15:13:40,-2.7,
20250429,15:13:40,-2.3,
20250429,15:13:40,-1.9,
20250429,15:13:40,-1.5,
20250429,15:13:40,-1.3,
20250429,15:13:40,-0.9,
20250429,15:13:40,-0.6,
20250429,15:13:40,-0.6,
20250429,15:13:40,-0.3,
20250429,15:13:40,-0.2,
20250429,15:13:40,0.1,
20250429,15:13:40,0.2,
20250429,15:13:40,0.3,
20250429,15:13:40,0.5,
20250429,15:13:40,0.6,
20250429,15:13:40,0.8,
20250429,15:13:40,1,
20250429,15:13:40,1.1,
20250429,15:13:40,1.1,
20250429,15:13:41,1.3,
20250429,15:13:41,1.4,
20250429,15:13:41,1.5,
20250429,15:13:41,1.6,
20250429,15:13:41,1.7,
20250429,15:13:41,1.8,
20250429,15:13:41,1.9,
20250429,15:13:41,1.9,
20250429,15:13:41,1.9,
20250429,15:13:41,2,
20250429,15:13:41,2.2,
20250429,15:13:41,2.2,
20250429,15:13:41,2.3,
20250429,15:13:41,2.4,
20250429,15:13:41,2.5,
20250429,15:13:41,2.6,
20250429,15:13:41,2.5,
20250429,15:13:41,2.6,
20250429,15:13:41,2.6,
20250429,15:13:41,2.7,
20250429,15:13:41,2.6,
20250429,15:13:42,2.7,
20250429,15:13:42,2.7,
20250429,15:13:42,2.6,
20250429,15:13:42,2.6,
20250429,15:13:42,2.5,
20250429,15:13:42,2.6,
20250429,15:13:42,2.4,
20250429,15:13:42,2.4,
20250429,15:13:42,2.4,
20250429,15:13:42,2.3,
20250429,15:13:42,2.3,
20250429,15:13:42,2.1,
20250429,15:13:42,2.1,
20250429,15:13:42,2,
20250429,15:13:42,2,
20250429,15:13:42,2,
20250429,15:13:42,1.9,
20250429,15:13:42,1.9,
20250429,15:13:42,1.9,
20250429,15:13:42,1.9,
20250429,15:13:42,1.8,
20250429,15:13:43,1.8,
20250429,15:13:43,1.9,
20250429,15:13:43,1.9,
20250429,15:13:43,1.9,
20250429,15:13:43,1.9,
20250429,15:13:43,1.9,
20250429,15:13:43,2.1,
20250429,15:13:43,2.2,
20250429,15:13:43,2.3,
20250429,15:13:43,2.4,
20250429,15:13:43,2.5,
20250429,15:13:43,2.7,
20250429,15:13:43,2.8,
20250429,15:13:43,2.8,
20250429,15:13:43,2.9,
20250429,15:13:43,3,
20250429,15:13:43,3.1,
20250429,15:13:43,3.2,
20250429,15:13:43,3.3,
20250429,15:13:43,3.4,
20250429,15:13:44,3.5,
20250429,15:13:44,3.5,
20250429,15:13:44,3.6,
20250429,15:13:44,3.6,
20250429,15:13:44,3.6,
20250429,15:13:44,3.6,
20250429,15:13:44,3.6,
20250429,15:13:44,3.7,
20250429,15:13:44,3.6,
20250429,15:13:44,3.6,
20250429,15:13:44,3.7,
20250429,15:13:44,3.6,
20250429,15:13:44,3.6,
20250429,15:13:44,3.6,
20250429,15:13:44,3.6,
20250429,15:13:44,3.5,
20250429,15:13:44,3.5,
20250429,15:13:44,3.4,
20250429,15:13:44,3.3,
20250429,15:13:44,3.3,
20250429,15:13:44,3.2,
20250429,15:13:45,3.2,
20250429,15:13:45,3.1,
20250429,15:13:45,3,
20250429,15:13:45,2.9,
20250429,15:13:45,2.8,
20250429,15:13:45,2.8,
20250429,15:13:45,2.7,
20250429,15:13:45,2.6,
20250429,15:13:45,2.4,
20250429,15:13:45,2.3,
20250429,15:13:45,2.2,
20250429,15:13:45,2.1,
20250429,15:13:45,2,
20250429,15:13:45,1.9,
20250429,15:13:45,1.9,
20250429,15:13:45,1.7,
20250429,15:13:45,1.6,
20250429,15:13:45,1.4,
20250429,15:13:45,1.3,
20250429,15:13:45,1.3,
20250429,15:13:45,1.1,
20250429,15:13:46,1.1,
20250429,15:13:46,1,
20250429,15:13:46,0.9,
20250429,15:13:46,0.7,
20250429,15:13:46,0.6,
20250429,15:13:46,0.5,
20250429,15:13:46,0.4,
20250429,15:13:46,0.3,
20250429,15:13:46,0.2,
20250429,15:13:46,0.1,
20250429,15:13:46,0,
20250429,15:13:46,-0.2,
20250429,15:13:46,-0.2,
20250429,15:13:46,-0.4,
20250429,15:13:46,-0.5,
20250429,15:13:46,-0.6,
20250429,15:13:46,-0.7,
20250429,15:13:46,-0.8,
20250429,15:13:46,-0.9,
20250429,15:13:46,-1.1,
20250429,15:13:47,-1.2,
20250429,15:13:47,-1.2,
20250429,15:13:47,-1.3,
20250429,15:13:47,-1.5,
20250429,15:13:47,-1.5,
20250429,15:13:47,-1.5,
20250429,15:13:47,-1.8,
20250429,15:13:47,-1.8,
20250429,15:13:47,-1.9,
20250429,15:13:47,-2,
20250429,15:13:47,-2.1,
20250429,15:13:47,-2.2,
20250429,15:13:47,-2.3,
20250429,15:13:47,-2.3,
20250429,15:13:47,-2.4,
20250429,15:13:47,-2.5,
20250429,15:13:47,-2.6,
20250429,15:13:47,-2.8,
20250429,15:13:47,-2.8,
20250429,15:13:47,-2.9,
20250429,15:13:48,-3,
20250429,15:13:48,-3.1,
20250429,15:13:48,-3.2,
20250429,15:13:48,-3.2,
20250429,15:13:48,-3.2,
20250429,15:13:48,-3.4,
20250429,15:13:48,-3.5,
20250429,15:13:48,-3.6,
20250429,15:13:48,-3.7,
20250429,15:13:48,-3.8,
20250429,15:13:48,-3.9,
20250429,15:13:48,-4,
20250429,15:13:48,-4,
20250429,15:13:48,-4.1,
20250429,15:13:48,-4.2,
20250429,15:13:48,-4.2,
20250429,15:13:48,-4.3,
20250429,15:13:48,-4.4,
20250429,15:13:48,-4.5,
20250429,15:13:48,-4.6,
20250429,15:13:49,-4.6,
20250429,15:13:49,-4.7,
20250429,15:13:49,-4.8,
20250429,15:13:49,-4.8,
20250429,15:13:49,-4.9,
20250429,15:13:49,-4.9,
20250429,15:13:49,-4.9,
20250429,15:13:49,-5.1,
20250429,15:13:49,-5.1,
20250429,15:13:49,-5.2,
20250429,15:13:49,-5.2,
20250429,15:13:49,-5.3,
20250429,15:13:49,-5.4,
20250429,15:13:49,-5.4,
20250429,15:13:49,-5.5,
20250429,15:13:49,-5.6,
20250429,15:13:49,-5.6,
20250429,15:13:49,-5.7,
20250429,15:13:49,-5.8,
20250429,15:13:49,-5.8,
20250429,15:13:49,-5.8,
20250429,15:13:50,-5.8,
20250429,15:13:50,-5.9,
20250429,15:13:50,-6,
20250429,15:13:50,-6,
20250429,15:13:50,-6,
20250429,15:13:50,-6.1,
20250429,15:13:50,-6.2,
20250429,15:13:50,-6.1,
20250429,15:13:50,-6.3,
20250429,15:13:50,-6.3,
20250429,15:13:50,-6.4,
20250429,15:13:50,-6.4,
20250429,15:13:50,-6.4,
20250429,15:13:50,-6.5,
20250429,15:13:50,-6.6,
20250429,15:13:50,-6.6,
20250429,15:13:50,-6.6,
20250429,15:13:50,-6.6,
20250429,15:13:50,-6.7,
20250429,15:13:50,-6.8,
20250429,15:13:51,-6.8,
20250429,15:13:51,-6.8,
20250429,15:13:51,-6.9,
20250429,15:13:51,-6.9,
20250429,15:13:51,-6.9,
20250429,15:13:51,-7,
20250429,15:13:51,-7,
20250429,15:13:51,-7.1,
20250429,15:13:51,-7.1,
20250429,15:13:51,-7.1,
20250429,15:13:51,-7.2,
20250429,15:13:51,-7.3,
20250429,15:13:51,-7.2,
20250429,15:13:51,-7.2,
20250429,15:13:51,-7.3,
20250429,15:13:51,-7.3,
20250429,15:13:51,-7.4,
20250429,15:13:51,-7.4,
20250429,15:13:51,-7.4,
20250429,15:13:51,-7.5,
20250429,15:13:52,-7.5,
20250429,15:13:52,-7.5,
20250429,15:13:52,-7.5,
20250429,15:13:52,-7.5,
20250429,15:13:52,-7.5,
20250429,15:13:52,-7.6,
20250429,15:13:52,-7.6,
20250429,15:13:52,-7.6,
20250429,15:13:52,-7.6,
20250429,15:13:52,-7.6,
20250429,15:13:52,-7.6,
20250429,15:13:52,-7.6,
20250429,15:13:52,-7.7,
20250429,15:13:52,-7.7,
20250429,15:13:52,-7.7,
20250429,15:13:52,-7.7,
20250429,15:13:52,-7.7,
20250429,15:13:52,-7.8,
20250429,15:13:52,-7.8,
20250429,15:13:52,-7.7,
20250429,15:13:53,-7.7,
20250429,15:13:53,-7.8,
20250429,15:13:53,-7.8,
20250429,15:13:53,-7.7,
20250429,15:13:53,-7.7,
20250429,15:13:53,-7.8,
20250429,15:13:53,-7.8,
20250429,15:13:53,-7.9,
20250429,15:13:53,-7.8,
20250429,15:13:53,-7.9,
20250429,15:13:53,-7.9,
20250429,15:13:53,-7.9,
20250429,15:13:53,-8,
20250429,15:13:53,-7.8,
20250429,15:13:53,-7.9,
20250429,15:13:53,-8,
20250429,15:13:53,-7.9,
20250429,15:13:53,-8,
20250429,15:13:53,-8,
20250429,15:13:53,-8,
20250429,15:13:54,-8.1,
20250429,15:13:54,-8.2,
20250429,15:13:54,-8.2,
20250429,15:13:54,-8.2,
20250429,15:13:54,-8.2,
20250429,15:13:54,-8.2,
20250429,15:13:54,-8.2,
20250429,15:13:54,-8.2,
20250429,15:13:54,-8.3,
20250429,15:13:54,-8.2,
20250429,15:13:54,-8.3,
20250429,15:13:54,-8.3,
20250429,15:13:54,-8.3,
20250429,15:13:54,-8.3,
20250429,15:13:54,-8.3,
20250429,15:13:54,-8.3,
20250429,15:13:54,-8.4,
20250429,15:13:54,-8.3,
20250429,15:13:54,-8.4,
20250429,15:13:54,-8.4,
20250429,15:13:54,-8.4,
20250429,15:13:55,-8.4,
20250429,15:13:55,-8.3,
20250429,15:13:55,-8.4,
20250429,15:13:55,-8.4,
20250429,15:13:55,-8.5,
20250429,15:13:55,-8.5,
20250429,15:13:55,-8.5,
20250429,15:13:55,-8.6,
20250429,15:13:55,-8.6,
20250429,15:13:55,-8.6,
20250429,15:13:55,-8.6,
20250429,15:13:55,-8.6,
20250429,15:13:55,-8.7,
20250429,15:13:55,-8.7,
20250429,15:13:55,-8.8,
20250429,15:13:55,-8.7,
20250429,15:13:55,-8.8,
20250429,15:13:55,-8.8,
20250429,15:13:55,-8.8,
20250429,15:13:55,-8.9,
20250429,15:13:56,-8.8,
20250429,15:13:56,-8.8,
20250429,15:13:56,-8.7,
20250429,15:13:56,-8.6,
20250429,15:13:56,-8.5,
20250429,15:13:56,-8.3,
20250429,15:13:56,-8.3,
20250429,15:13:56,-8.1,
20250429,15:13:56,-7.8,
20250429,15:13:56,-7.6,
20250429,15:13:56,-7.5,
20250429,15:13:56,-7.3,
20250429,15:13:56,-7,
20250429,15:13:56,-6.7,
20250429,15:13:56,-6.5,
20250429,15:13:56,-6.4,
20250429,15:13:56,-6.1,
20250429,15:13:56,-5.9,
20250429,15:13:56,-5.8,
20250429,15:13:56,-5.6,
20250429,15:13:57,-5.4,
20250429,15:13:57,-5.3,
20250429,15:13:57,-5.1,
20250429,15:13:57,-5,
20250429,15:13:57,-4.9,
20250429,15:13:57,-4.9,
20250429,15:13:57,-4.8,
20250429,15:13:57,-4.7,
20250429,15:13:57,-4.6,
20250429,15:13:57,-4.6,
20250429,15:13:57,-4.6,
20250429,15:13:57,-4.6,
20250429,15:13:57,-4.6,
20250429,15:13:57,-4.6,
20250429,15:13:57,-4.7,
20250429,15:13:57,-4.6,
20250429,15:13:57,-4.6,
20250429,15:13:57,-4.7,
20250429,15:13:57,-4.7,
20250429,15:13:57,-4.8,
20250429,15:13:58,-4.9,
20250429,15:13:58,-4.9,
20250429,15:13:58,-4.9,
20250429,15:13:58,-5,
20250429,15:13:58,-5,
20250429,15:13:58,-5,
20250429,15:13:58,-5.2,
20250429,15:13:58,-5.2,
20250429,15:13:58,-5.3,
20250429,15:13:58,-5.3,
20250429,15:13:58,-5.4,
20250429,15:13:58,-5.4,
20250429,15:13:58,-5.5,
20250429,15:13:58,-5.6,
20250429,15:13:58,-5.7,
20250429,15:13:58,-5.8,
20250429,15:13:58,-5.8,
20250429,15:13:58,-5.8,
20250429,15:13:58,-5.9,
20250429,15:13:58,-6,
20250429,15:13:59,-6.1,
20250429,15:13:59,-6.2,
20250429,15:13:59,-6.2,
20250429,15:13:59,-6.4,
20250429,15:13:59,-6.4,
20250429,15:13:59,-6.5,
20250429,15:13:59,-6.5,
20250429,15:13:59,-6.6,
20250429,15:13:59,-6.6,
20250429,15:13:59,-6.7,
20250429,15:13:59,-6.7,
20250429,15:13:59,-6.7,
20250429,15:13:59,-6.8,
20250429,15:13:59,-6.8,
20250429,15:13:59,-6.9,
20250429,15:13:59,-7,
20250429,15:13:59,-7,
20250429,15:13:59,-7.1,
20250429,15:13:59,-7.2,
20250429,15:13:59,-7.2,
20250429,15:14:00,-7.2,
20250429,15:14:00,-7.3,
20250429,15:14:00,-7.3,
20250429,15:14:00,-7.3,
20250429,15:14:00,-7.4,
20250429,15:14:00,-7.5,
20250429,15:14:00,-7.5,
20250429,15:14:00,-7.5,
20250429,15:14:00,-7.5,
20250429,15:14:00,-7.6,
20250429,15:14:00,-7.6,
20250429,15:14:00,-7.7,
20250429,15:14:00,-7.7,
20250429,15:14:00,-7.8,
20250429,15:14:00,-7.8,
20250429,15:14:00,-7.9,
20250429,15:14:00,-7.9,
20250429,15:14:00,-8,
20250429,15:14:00,-8.1,
20250429,15:14:00,-8,
20250429,15:14:00,-8.1,
20250429,15:14:01,-8.1,
20250429,15:14:01,-8.2,
20250429,15:14:01,-8.2,
20250429,15:14:01,-8.3,
20250429,15:14:01,-8.3,
20250429,15:14:01,-8.3,
20250429,15:14:01,-8.3,
20250429,15:14:01,-8.4,
20250429,15:14:01,-8.4,
20250429,15:14:01,-8.5,
20250429,15:14:01,-8.5,
20250429,15:14:01,-8.5,
20250429,15:14:01,-8.6,
20250429,15:14:01,-8.7,
20250429,15:14:01,-8.7,
20250429,15:14:01,-8.7,
20250429,15:14:01,-8.9,
20250429,15:14:01,-8.9,
20250429,15:14:01,-8.9,
20250429,15:14:01,-8.9,
20250429,15:14:02,-9,
20250429,15:14:02,-9.1,
20250429,15:14:02,-9,
20250429,15:14:02,-9.1,
20250429,15:14:02,-9.2,
20250429,15:14:02,-9.2,
20250429,15:14:02,-9.2,
20250429,15:14:02,-9.2,
20250429,15:14:02,-9.3,
20250429,15:14:02,-9.2,
20250429,15:14:02,-9.3,
20250429,15:14:02,-9.2,
20250429,15:14:02,-9.3,
20250429,15:14:02,-9.4,
20250429,15:14:02,-9.4,
20250429,15:14:02,-9.5,
20250429,15:14:02,-9.5,
20250429,15:14:02,-9.6,
20250429,15:14:02,-9.6,
20250429,15:14:02,-9.6,
20250429,15:14:03,-9.7,
20250429,15:14:03,-9.7,
20250429,15:14:03,-9.7,
20250429,15:14:03,-9.7,
20250429,15:14:03,-9.8,
20250429,15:14:03,-9.8,
20250429,15:14:03,-9.8,
20250429,15:14:03,-9.8,
20250429,15:14:03,-9.9,
20250429,15:14:03,-9.9,
20250429,15:14:03,-10,
20250429,15:14:03,-10,
20250429,15:14:03,-10,
20250429,15:14:03,-10,
20250429,15:14:03,-10,
20250429,15:14:03,-10,
20250429,15:14:03,-10,
20250429,15:14:03,-10,
20250429,15:14:03,-10.1,
20250429,15:14:03,-10.1,
20250429,15:14:04,-10.1,
20250429,15:14:04,-10.1,
20250429,15:14:04,-10.2,
20250429,15:14:04,-10.2,
20250429,15:14:04,-10.2,
20250429,15:14:04,-10.2,
20250429,15:14:04,-10.2,
20250429,15:14:04,-10.3,
20250429,15:14:04,-10.2,
20250429,15:14:04,-10.3,
20250429,15:14:04,-10.3,
20250429,15:14:04,-10.4,
20250429,15:14:04,-10.4,
20250429,15:14:04,-10.3,
20250429,15:14:04,-10.4,
20250429,15:14:04,-10.5,
20250429,15:14:04,-10.5,
20250429,15:14:04,-10.5,
20250429,15:14:04,-10.6,
20250429,15:14:04,-10.6,
20250429,15:14:05,-10.6,
20250429,15:14:05,-10.7,
20250429,15:14:05,-10.6,
20250429,15:14:05,-10.7,
20250429,15:14:05,-10.6,
20250429,15:14:05,-10.6,
20250429,15:14:05,-10.7,
20250429,15:14:05,-10.7,
20250429,15:14:05,-10.8,
20250429,15:14:05,-10.7,
20250429,15:14:05,-10.7,
20250429,15:14:05,-10.9,
20250429,15:14:05,-10.8,
20250429,15:14:05,-10.8,
20250429,15:14:05,-10.9,
20250429,15:14:05,-10.9,
20250429,15:14:05,-10.9,
20250429,15:14:05,-10.9,
20250429,15:14:05,-10.9,
20250429,15:14:06,-10.9,
20250429,15:14:06,-10.9,
20250429,15:14:06,-10.9,
20250429,15:14:06,-10.9,
20250429,15:14:06,-10.9,
20250429,15:14:06,-10.9,
20250429,15:14:06,-11,
20250429,15:14:06,-10.9,
20250429,15:14:06,-11,
20250429,15:14:06,-11,
20250429,15:14:06,-11,
20250429,15:14:06,-11.1,
20250429,15:14:06,-11,
20250429,15:14:06,-11.1,
20250429,15:14:06,-11.1,
20250429,15:14:06,-11.2,
20250429,15:14:06,-11.1,
20250429,15:14:06,-11,
20250429,15:14:06,-11.2,
20250429,15:14:06,-11.2,
20250429,15:14:07,-11.2,
20250429,15:14:07,-11.2,
20250429,15:14:07,-11.2,
20250429,15:14:07,-11.2,
20250429,15:14:07,-11.3,
20250429,15:14:07,-11.2,
20250429,15:14:07,-11.3,
20250429,15:14:07,-11.2,
20250429,15:14:07,-11.2,
20250429,15:14:07,-11.2,
20250429,15:14:07,-11.3,
20250429,15:14:07,-11.3,
20250429,15:14:07,-11.2,
20250429,15:14:07,-11.3,
20250429,15:14:07,-11.4,
20250429,15:14:07,-11.4,
20250429,15:14:07,-11.3,
20250429,15:14:07,-11.4,
20250429,15:14:07,-11.3,
20250429,15:14:07,-11.4,
20250429,15:14:08,-11.5,
20250429,15:14:08,-11.3,
20250429,15:14:08,-11.4,
20250429,15:14:08,-11.4,
20250429,15:14:08,-11.4,
20250429,15:14:08,-11.5,
20250429,15:14:08,-11.4,
20250429,15:14:08,-11.6,
20250429,15:14:08,-11.5,
20250429,15:14:08,-11.4,
20250429,15:14:08,-11.5,
20250429,15:14:08,-11.5,
20250429,15:14:08,-11.5,
20250429,15:14:08,-11.6,
20250429,15:14:08,-11.6,
20250429,15:14:08,-11.7,
20250429,15:14:08,-11.6,
20250429,15:14:08,-11.7,
20250429,15:14:08,-11.7,
20250429,15:14:08,-11.7,
20250429,15:14:09,-11.7,
20250429,15:14:09,-11.7,
20250429,15:14:09,-11.7,
20250429,15:14:09,-11.7,
20250429,15:14:09,-11.7,
20250429,15:14:09,-11.6,
20250429,15:14:09,-11.7,
20250429,15:14:09,-11.7,
20250429,15:14:09,-11.7,
20250429,15:14:09,-11.7,
20250429,15:14:09,-11.7,
20250429,15:14:09,-11.7,
20250429,15:14:09,-11.7,
20250429,15:14:09,-11.7,
20250429,15:14:09,-11.8,
20250429,15:14:09,-11.7,
20250429,15:14:09,-11.8,
20250429,15:14:09,-11.8,
20250429,15:14:09,-11.8,
20250429,15:14:10,-11.7,
20250429,15:14:10,-11.8,
20250429,15:14:10,-11.9,
20250429,15:14:10,-11.9,
20250429,15:14:10,-11.9,
20250429,15:14:10,-11.9,
20250429,15:14:10,-11.7,
20250429,15:14:10,-11.8,
20250429,15:14:10,-11.9,
20250429,15:14:10,-12,
20250429,15:14:10,-11.9,
20250429,15:14:10,-12,
20250429,15:14:10,-12.1,
20250429,15:14:10,-12,
20250429,15:14:10,-12.1,
20250429,15:14:10,-12.1,
20250429,15:14:10,-12.1,
20250429,15:14:10,-12.1,
20250429,15:14:10,-12.2,
20250429,15:14:10,-12.1,
20250429,15:14:11,-12.2,
20250429,15:14:11,-12.2,
20250429,15:14:11,-12.2,
20250429,15:14:11,-12.3,
20250429,15:14:11,-12.3,
20250429,15:14:11,-12.3,
20250429,15:14:11,-12.4,
20250429,15:14:11,-12.3,
20250429,15:14:11,-12.4,
20250429,15:14:11,-12.4,
20250429,15:14:11,-12.2,
20250429,15:14:11,-12.3,
20250429,15:14:11,-12.4,
20250429,15:14:11,-12.4,
20250429,15:14:11,-12.4,
20250429,15:14:11,-12.4,
20250429,15:14:11,-12.4,
20250429,15:14:11,-12.4,
20250429,15:14:11,-12.2,
20250429,15:14:11,-12.3,
20250429,15:14:12,-12.2,
20250429,15:14:12,-12.2,
20250429,15:14:12,-12.3,
20250429,15:14:12,-12.3,
20250429,15:14:12,-12.3,
20250429,15:14:12,-12.3,
20250429,15:14:12,-12.3,
20250429,15:14:12,-12.3,
20250429,15:14:12,-12.3,
20250429,15:14:12,-12.3,
20250429,15:14:12,-12.3,
20250429,15:14:12,-12.2,
20250429,15:14:12,-12.4,
20250429,15:14:12,-12.2,
20250429,15:14:12,-12.4,
20250429,15:14:12,-12.4,
20250429,15:14:12,-12.4,
20250429,15:14:12,-12.4,
20250429,15:14:12,-12.4,
20250429,15:14:13,-12.4,
20250429,15:14:13,-12.4,
20250429,15:14:13,-12.3,
20250429,15:14:13,-12.4,
20250429,15:14:13,-12.5,
20250429,15:14:13,-12.4,
20250429,15:14:13,-12.5,
20250429,15:14:13,-12.5,
20250429,15:14:13,-12.6,
20250429,15:14:13,-12.5,
20250429,15:14:13,-12.6,
20250429,15:14:13,-12.5,
20250429,15:14:13,-12.6,
20250429,15:14:13,-12.6,
20250429,15:14:13,-12.6,
20250429,15:14:13,-12.6,
20250429,15:14:13,-12.6,
20250429,15:14:13,-12.7,
20250429,15:14:13,-12.7,
20250429,15:14:13,-12.8,
20250429,15:14:14,-12.9,
20250429,15:14:14,-13,
20250429,15:14:14,-13.1,
20250429,15:14:14,-12.9,
20250429,15:14:14,-12.9,
20250429,15:14:14,-13.1,
20250429,15:14:14,-13.1,
20250429,15:14:14,-13,
20250429,15:14:14,-13,
20250429,15:14:14,-12.9,
20250429,15:14:14,-12.7,
20250429,15:14:14,-12.6,
20250429,15:14:14,-12.5,
20250429,15:14:14,-12.3,
20250429,15:14:14,-12,
20250429,15:14:14,-11.8,
20250429,15:14:14,-11.6,
20250429,15:14:14,-11.3,
20250429,15:14:14,-11.1,
20250429,15:14:14,-10.9,
20250429,15:14:15,-10.8,
20250429,15:14:15,-10.5,
20250429,15:14:15,-10.4,
20250429,15:14:15,-10.3,
20250429,15:14:15,-10.1,
20250429,15:14:15,-9.8,
20250429,15:14:15,-9.8,
20250429,15:14:15,-9.8,
20250429,15:14:15,-9.6,
20250429,15:14:15,-9.5,
20250429,15:14:15,-9.5,
20250429,15:14:15,-9.4,
20250429,15:14:15,-9.4,
20250429,15:14:15,-9.3,
20250429,15:14:15,-9.3,
20250429,15:14:15,-9.3,
20250429,15:14:15,-9.3,
20250429,15:14:15,-9.3,
20250429,15:14:15,-9.3,
20250429,15:14:15,-9.3,
20250429,15:14:16,-9.2,
20250429,15:14:16,-9.4,
20250429,15:14:16,-9.3,
20250429,15:14:16,-9.3,
20250429,15:14:16,-9.3,
20250429,15:14:16,-9.5,
20250429,15:14:16,-9.4,
20250429,15:14:16,-9.6,
20250429,15:14:16,-9.7,
20250429,15:14:16,-9.7,
20250429,15:14:16,-9.6,
20250429,15:14:16,-9.8,
20250429,15:14:16,-9.8,
20250429,15:14:16,-10,
20250429,15:14:16,-10,
20250429,15:14:16,-10.1,
20250429,15:14:16,-10.2,
20250429,15:14:16,-10.2,
20250429,15:14:16,-10.4,
20250429,15:14:16,-10.4,
20250429,15:14:17,-10.6,
20250429,15:14:17,-10.6,
20250429,15:14:17,-10.8,
20250429,15:14:17,-10.8,
20250429,15:14:17,-10.9,
20250429,15:14:17,-10.9,
20250429,15:14:17,-10.9,
20250429,15:14:17,-11,
20250429,15:14:17,-11.2,
20250429,15:14:17,-11.3,
20250429,15:14:17,-11.3,
20250429,15:14:17,-11.4,
20250429,15:14:17,-11.5,
20250429,15:14:17,-11.5,
20250429,15:14:17,-11.5,
20250429,15:14:17,-11.6,
20250429,15:14:17,-11.7,
20250429,15:14:17,-11.7,
20250429,15:14:17,-11.7,
20250429,15:14:17,-11.8,
20250429,15:14:18,-11.8,
20250429,15:14:18,-11.8,
20250429,15:14:18,-11.9,
20250429,15:14:18,-12,
20250429,15:14:18,-12,
20250429,15:14:18,-12,
20250429,15:14:18,-12.1,
20250429,15:14:18,-12,
20250429,15:14:18,-12.1,
20250429,15:14:18,-12.1,
20250429,15:14:18,-12.2,
20250429,15:14:18,-12.2,
20250429,15:14:18,-12.2,
20250429,15:14:18,-12.3,
20250429,15:14:18,-12.3,
20250429,15:14:18,-12.3,
20250429,15:14:18,-12.3,
20250429,15:14:18,-12.4,
20250429,15:14:18,-12.4,
20250429,15:14:18,-12.4,
20250429,15:14:19,-12.4,
20250429,15:14:19,-12.4,
20250429,15:14:19,-12.5,
20250429,15:14:19,-12.4,
20250429,15:14:19,-12.5,
20250429,15:14:19,-12.5,
20250429,15:14:19,-12.5,
20250429,15:14:19,-12.5,
20250429,15:14:19,-12.6,
20250429,15:14:19,-12.6,
20250429,15:14:19,-12.6,
20250429,15:14:19,-12.6,
20250429,15:14:19,-12.6,
20250429,15:14:19,-12.6,
20250429,15:14:19,-12.6,
20250429,15:14:19,-12.6,
20250429,15:14:19,-12.6,
20250429,15:14:19,-12.6,
20250429,15:14:19,-12.7,
20250429,15:14:20,-12.7,
20250429,15:14:20,-12.7,
20250429,15:14:20,-12.8,
20250429,15:14:20,-12.7,
20250429,15:14:20,-12.6,
20250429,15:14:20,-12.7,
20250429,15:14:20,-12.8,
20250429,15:14:20,-12.8,
20250429,15:14:20,-12.8,
20250429,15:14:20,-12.9,
20250429,15:14:20,-12.7,
20250429,15:14:20,-12.9,
20250429,15:14:20,-12.8,
20250429,15:14:20,-12.8,
20250429,15:14:20,-12.9,
20250429,15:14:20,-12.9,
20250429,15:14:20,-12.8,
20250429,15:14:20,-13,
20250429,15:14:20,-13,
20250429,15:14:20,-13,
20250429,15:14:21,-13,
20250429,15:14:21,-13,
20250429,15:14:21,-13,
20250429,15:14:21,-13.1,
20250429,15:14:21,-13,
20250429,15:14:21,-13,
20250429,15:14:21,-13.1,
20250429,15:14:21,-13.1,
20250429,15:14:21,-13,
20250429,15:14:21,-13.1,
20250429,15:14:21,-13.1,
20250429,15:14:21,-13.1,
20250429,15:14:21,-13.1,
20250429,15:14:21,-13.1,
20250429,15:14:21,-13.2,
20250429,15:14:21,-13.2,
20250429,15:14:21,-13.1,
20250429,15:14:21,-13.1,
20250429,15:14:21,-13.2,
20250429,15:14:21,-13.2,
20250429,15:14:22,-13.2,
20250429,15:14:22,-13.3,
20250429,15:14:22,-13.3,
20250429,15:14:22,-13.2,
20250429,15:14:22,-13.3,
20250429,15:14:22,-13.2,
20250429,15:14:22,-13.3,
20250429,15:14:22,-13.3,
20250429,15:14:22,-13.3,
20250429,15:14:22,-13.3,
20250429,15:14:22,-13.3,
20250429,15:14:22,-13.3,
20250429,15:14:22,-13.3,
20250429,15:14:22,-13.4,
20250429,15:14:22,-13.3,
20250429,15:14:22,-13.2,
20250429,15:14:22,-13.3,
20250429,15:14:22,-13.4,
20250429,15:14:22,-13.1,
20250429,15:14:23,-13.3,
20250429,15:14:23,-13.2,
20250429,15:14:23,-13.4,
20250429,15:14:23,-13.4,
20250429,15:14:23,-13.4,
20250429,15:14:23,-13.4,
20250429,15:14:23,-13.4,
20250429,15:14:23,-13.4,
20250429,15:14:23,-13.4,
20250429,15:14:23,-13.4,
20250429,15:14:23,-13.4,
20250429,15:14:23,-13.4,
20250429,15:14:23,-13.4,
20250429,15:14:23,-13.6,
20250429,15:14:23,-13.6,
20250429,15:14:23,-13.6,
20250429,15:14:23,-13.6,
20250429,15:14:23,-13.6,
20250429,15:14:23,-13.6,
20250429,15:14:23,-13.6,
20250429,15:14:24,-13.4,
20250429,15:14:24,-13.4,
20250429,15:14:24,-13,
20250429,15:14:24,-12.8,
20250429,15:14:24,-12.6,
20250429,15:14:24,-12.4,
20250429,15:14:24,-12,
20250429,15:14:24,-11.7,
20250429,15:14:24,-11.5,
20250429,15:14:24,-11.1,
20250429,15:14:24,-10.9,
20250429,15:14:24,-10.6,
20250429,15:14:24,-10.1,
20250429,15:14:24,-10,
20250429,15:14:24,-9.8,
20250429,15:14:24,-9.6,
20250429,15:14:24,-9.4,
20250429,15:14:24,-9.2,
20250429,15:14:24,-9.2,
20250429,15:14:24,-9,
20250429,15:14:25,-8.7,
20250429,15:14:25,-8.9,
20250429,15:14:25,-8.8,
20250429,15:14:25,-8.8,
20250429,15:14:25,-8.7,
20250429,15:14:25,-8.6,
20250429,15:14:25,-8.7,
20250429,15:14:25,-8.6,
20250429,15:14:25,-8.6,
20250429,15:14:25,-8.6,
20250429,15:14:25,-8.6,
20250429,15:14:25,-8.7,
20250429,15:14:25,-8.7,
20250429,15:14:25,-8.8,
20250429,15:14:25,-8.8,
20250429,15:14:25,-8.8,
20250429,15:14:25,-8.8,
20250429,15:14:25,-8.9,
20250429,15:14:25,-8.8,
20250429,15:14:25,-8.9,
20250429,15:14:26,-8.8,
20250429,15:14:26,-8.8,
20250429,15:14:26,-8.8,
20250429,15:14:26,-8.6,
20250429,15:14:26,-8.5,
20250429,15:14:26,-8.4,
20250429,15:14:26,-8.3,
20250429,15:14:26,-8.1,
20250429,15:14:26,-7.9,
20250429,15:14:26,-7.7,
20250429,15:14:26,-7.6,
20250429,15:14:26,-7.3,
20250429,15:14:26,-7.2,
20250429,15:14:26,-6.9,
20250429,15:14:26,-6.7,
20250429,15:14:26,-6.5,
20250429,15:14:26,-6.3,
20250429,15:14:26,-6.1,
20250429,15:14:26,-6.1,
20250429,15:14:26,-5.8,
20250429,15:14:27,-5.8,
20250429,15:14:27,-5.6,
20250429,15:14:27,-5.5,
20250429,15:14:27,-5.5,
20250429,15:14:27,-5.5,
20250429,15:14:27,-5.2,
20250429,15:14:27,-5.2,
20250429,15:14:27,-5.1,
20250429,15:14:27,-5.2,
20250429,15:14:27,-5.3,
20250429,15:14:27,-5.3,
20250429,15:14:27,-5.2,
20250429,15:14:27,-5.2,
20250429,15:14:27,-5.3,
20250429,15:14:27,-5.4,
20250429,15:14:27,-5.4,
20250429,15:14:27,-5.5,
20250429,15:14:27,-5.6,
20250429,15:14:27,-5.7,
20250429,15:14:27,-5.8,
20250429,15:14:27,-5.8,
20250429,15:14:28,-5.9,
20250429,15:14:28,-6,
20250429,15:14:28,-6.1,
20250429,15:14:28,-6.2,
20250429,15:14:28,-6.3,
20250429,15:14:28,-6.5,
20250429,15:14:28,-6.6,
20250429,15:14:28,-6.6,
20250429,15:14:28,-6.7,
20250429,15:14:28,-6.9,
20250429,15:14:28,-7,
20250429,15:14:28,-7.2,
20250429,15:14:28,-7.3,
20250429,15:14:28,-7.5,
20250429,15:14:28,-7.5,
20250429,15:14:28,-7.6,
20250429,15:14:28,-7.8,
20250429,15:14:28,-7.9,
20250429,15:14:28,-8,
20250429,15:14:28,-8,
20250429,15:14:29,-8.2,
20250429,15:14:29,-8.3,
20250429,15:14:29,-8.3,
20250429,15:14:29,-8.4,
20250429,15:14:29,-8.5,
20250429,15:14:29,-8.6,
20250429,15:14:29,-8.6,
20250429,15:14:29,-8.8,
20250429,15:14:29,-8.9,
20250429,15:14:29,-9,
20250429,15:14:29,-9.1,
20250429,15:14:29,-9.1,
20250429,15:14:29,-9.2,
20250429,15:14:29,-9.2,
20250429,15:14:29,-9.2,
20250429,15:14:29,-9.4,
20250429,15:14:29,-9.4,
20250429,15:14:29,-9.6,
20250429,15:14:29,-9.6,
20250429,15:14:29,-9.7,
20250429,15:14:30,-9.8,
20250429,15:14:30,-9.8,
20250429,15:14:30,-9.9,
20250429,15:14:30,-10,
20250429,15:14:30,-10,
20250429,15:14:30,-10,
20250429,15:14:30,-10,
20250429,15:14:30,-10.1,
20250429,15:14:30,-10.2,
20250429,15:14:30,-10.2,
20250429,15:14:30,-10.3,
20250429,15:14:30,-10.3,
20250429,15:14:30,-10.4,
20250429,15:14:30,-10.5,
20250429,15:14:30,-10.6,
20250429,15:14:30,-10.5,
20250429,15:14:30,-10.6,
20250429,15:14:30,-10.6,
20250429,15:14:30,-10.8,
20250429,15:14:30,-10.8,
20250429,15:14:31,-10.8,
20250429,15:14:31,-10.9,
20250429,15:14:31,-10.9,
20250429,15:14:31,-10.9,
20250429,15:14:31,-11,
20250429,15:14:31,-11,
20250429,15:14:31,-11,
20250429,15:14:31,-11.1,
20250429,15:14:31,-11.1,
20250429,15:14:31,-11.1,
20250429,15:14:31,-11.2,
20250429,15:14:31,-11.2,
20250429,15:14:31,-11.2,
20250429,15:14:31,-11.3,
20250429,15:14:31,-11.3,
20250429,15:14:31,-11.5,
20250429,15:14:31,-11.5,
20250429,15:14:31,-11.5,
20250429,15:14:31,-11.6,
20250429,15:14:32,-11.6,
20250429,15:14:32,-11.6,
20250429,15:14:32,-11.7,
20250429,15:14:32,-11.7,
20250429,15:14:32,-11.7,
20250429,15:14:32,-11.7,
20250429,15:14:32,-11.7,
20250429,15:14:32,-11.7,
20250429,15:14:32,-11.7,
20250429,15:14:32,-11.7,
20250429,15:14:32,-11.7,
20250429,15:14:32,-11.7,
20250429,15:14:32,-11.8,
20250429,15:14:32,-11.8,
20250429,15:14:32,-11.8,
20250429,15:14:32,-11.8,
20250429,15:14:32,-11.8,
20250429,15:14:32,-11.8,
20250429,15:14:32,-11.9,
20250429,15:14:32,-11.8,
20250429,15:14:33,-11.8,
20250429,15:14:33,-11.8,
20250429,15:14:33,-11.9,
20250429,15:14:33,-11.9,
20250429,15:14:33,-11.9,
20250429,15:14:33,-11.8,
20250429,15:14:33,-11.9,
20250429,15:14:33,-11.8,
20250429,15:14:33,-11.8,
20250429,15:14:33,-11.8,
20250429,15:14:33,-11.9,
20250429,15:14:33,-11.8,
20250429,15:14:33,-11.9,
20250429,15:14:33,-11.9,
20250429,15:14:33,-11.9,
20250429,15:14:33,-12,
20250429,15:14:33,-11.9,
20250429,15:14:33,-11.9,
20250429,15:14:33,-12,
20250429,15:14:33,-12,
20250429,15:14:34,-12,
20250429,15:14:34,-12,
20250429,15:14:34,-12.1,
20250429,15:14:34,-12,
20250429,15:14:34,-12.1,
20250429,15:14:34,-12.1,
20250429,15:14:34,-12.1,
20250429,15:14:34,-12,
20250429,15:14:34,-12.2,
20250429,15:14:34,-12.2,
20250429,15:14:34,-12.2,
20250429,15:14:34,-12.2,
20250429,15:14:34,-12.2,
20250429,15:14:34,-12.2,
20250429,15:14:34,-12.2,
20250429,15:14:34,-12.3,
20250429,15:14:34,-12.2,
20250429,15:14:34,-12.3,
20250429,15:14:34,-12.2,
20250429,15:14:34,-12.3,
20250429,15:14:35,-12.3,
20250429,15:14:35,-12.3,
20250429,15:14:35,-12.3,
20250429,15:14:35,-12.3,
20250429,15:14:35,-12.4,
20250429,15:14:35,-12.4,
20250429,15:14:35,-12.4,
20250429,15:14:35,-12.3,
20250429,15:14:35,-12.4,
20250429,15:14:35,-12.4,
20250429,15:14:35,-12.4,
20250429,15:14:35,-12.5,
20250429,15:14:35,-12.5,
20250429,15:14:35,-12.5,
20250429,15:14:35,-12.5,
20250429,15:14:35,-12.5,
20250429,15:14:35,-12.6,
20250429,15:14:35,-12.5,
20250429,15:14:35,-12.6,
20250429,15:14:36,-12.6,
20250429,15:14:36,-12.6,
20250429,15:14:36,-12.6,
20250429,15:14:36,-12.6,
20250429,15:14:36,-12.6,
20250429,15:14:36,-12.6,
20250429,15:14:36,-12.6,
20250429,15:14:36,-12.6,
20250429,15:14:36,-12.6,
20250429,15:14:36,-12.6,
20250429,15:14:36,-12.6,
20250429,15:14:36,-12.6,
20250429,15:14:36,-12.6,
20250429,15:14:36,-12.7,
20250429,15:14:36,-12.8,
20250429,15:14:36,-12.7,
20250429,15:14:36,-12.7,
20250429,15:14:36,-12.7,
20250429,15:14:36,-12.8,
20250429,15:14:36,-12.7,
20250429,15:14:37,-12.8,
20250429,15:14:37,-12.8,
20250429,15:14:37,-12.8,
20250429,15:14:37,-12.8,
20250429,15:14:37,-12.8,
20250429,15:14:37,-12.8,
20250429,15:14:37,-12.9,
20250429,15:14:37,-12.9,
20250429,15:14:37,-12.9,
20250429,15:14:37,-12.9,
20250429,15:14:37,-13,
20250429,15:14:37,-12.9,
20250429,15:14:37,-12.9,
20250429,15:14:37,-13.1,
20250429,15:14:37,-13,
20250429,15:14:37,-13,
20250429,15:14:37,-13,
20250429,15:14:37,-13,
20250429,15:14:37,-13,
20250429,15:14:37,-13.1,
20250429,15:14:38,-13,
20250429,15:14:38,-13,
20250429,15:14:38,-13,
20250429,15:14:38,-13,
20250429,15:14:38,-13,
20250429,15:14:38,-13.1,
20250429,15:14:38,-13,
20250429,15:14:38,-13,
20250429,15:14:38,-12.9,
20250429,15:14:38,-12.9,
20250429,15:14:38,-12.9,
20250429,15:14:38,-12.8,
20250429,15:14:38,-12.9,
20250429,15:14:38,-12.8,
20250429,15:14:38,-12.8,
20250429,15:14:38,-12.8,
20250429,15:14:38,-12.8,
20250429,15:14:38,-12.8,
20250429,15:14:38,-12.7,
20250429,15:14:38,-12.8,
20250429,15:14:39,-12.7,
20250429,15:14:39,-12.7,
20250429,15:14:39,-12.7,
20250429,15:14:39,-12.7,
20250429,15:14:39,-12.7,
20250429,15:14:39,-12.6,
20250429,15:14:39,-12.7,
20250429,15:14:39,-12.7,
20250429,15:14:39,-12.6,
20250429,15:14:39,-12.7,
20250429,15:14:39,-12.6,
20250429,15:14:39,-12.7,
20250429,15:14:39,-12.6,
20250429,15:14:39,-12.6,
20250429,15:14:39,-12.6,
20250429,15:14:39,-12.7,
20250429,15:14:39,-12.7,
20250429,15:14:39,-12.7,
20250429,15:14:39,-12.8,
20250429,15:14:40,-12.8,
20250429,15:14:40,-12.8,
20250429,15:14:40,-12.9,
20250429,15:14:40,-12.9,
20250429,15:14:40,-13,
20250429,15:14:40,-13,
20250429,15:14:40,-13,
20250429,15:14:40,-13,
20250429,15:14:40,-13.1,
20250429,15:14:40,-13.1,
20250429,15:14:40,-13,
20250429,15:14:40,-13.1,
20250429,15:14:40,-13.1,
20250429,15:14:40,-13,
20250429,15:14:40,-12.9,
20250429,15:14:40,-12.9,
20250429,15:14:40,-12.7,
20250429,15:14:40,-12.6,
20250429,15:14:40,-12.5,
20250429,15:14:40,-12.2,
20250429,15:14:41,-11.9,
20250429,15:14:41,-11.7,
20250429,15:14:41,-11.3,
20250429,15:14:41,-10.9,
20250429,15:14:41,-10.6,
20250429,15:14:41,-10.1,
20250429,15:14:41,-9.7,
20250429,15:14:41,-9.3,
20250429,15:14:41,-8.7,
20250429,15:14:41,-8.3,
20250429,15:14:41,-7.8,
20250429,15:14:41,-7.4,
20250429,15:14:41,-6.9,
20250429,15:14:41,-6.5,
20250429,15:14:41,-6.1,
20250429,15:14:41,-5.7,
20250429,15:14:41,-5.2,
20250429,15:14:41,-4.9,
20250429,15:14:41,-4.6,
20250429,15:14:41,-4.3,
20250429,15:14:42,-4,
20250429,15:14:42,-3.8,
20250429,15:14:42,-3.5,
20250429,15:14:42,-3.2,
20250429,15:14:42,-3.1,
20250429,15:14:42,-2.9,
20250429,15:14:42,-2.7,
20250429,15:14:42,-2.4,
20250429,15:14:42,-2.2,
20250429,15:14:42,-2,
20250429,15:14:42,-1.7,
20250429,15:14:42,-1.5,
20250429,15:14:42,-1.4,
20250429,15:14:42,-1.1,
20250429,15:14:42,-0.8,
20250429,15:14:42,-0.6,
20250429,15:14:42,-0.4,
20250429,15:14:42,-0.2,
20250429,15:14:42,0.2,
20250429,15:14:42,0.3,
20250429,15:14:43,0.5,
20250429,15:14:43,0.7,
20250429,15:14:43,1.1,
20250429,15:14:43,1.2,
20250429,15:14:43,1.5,
20250429,15:14:43,1.7,
20250429,15:14:43,1.9,
20250429,15:14:43,2,
20250429,15:14:43,2.2,
20250429,15:14:43,2.3,
20250429,15:14:43,2.5,
20250429,15:14:43,2.7,
20250429,15:14:43,2.8,
20250429,15:14:43,2.9,
20250429,15:14:43,3.2,
20250429,15:14:43,3.2,
20250429,15:14:43,3.5,
20250429,15:14:43,3.6,
20250429,15:14:43,3.8,
20250429,15:14:43,4.1,
20250429,15:14:43,4.2,
20250429,15:14:44,4.4,
20250429,15:14:44,4.5,
20250429,15:14:44,4.7,
20250429,15:14:44,4.8,
20250429,15:14:44,5.1,
20250429,15:14:44,5.2,
20250429,15:14:44,5.3,
20250429,15:14:44,5.5,
20250429,15:14:44,5.6,
20250429,15:14:44,5.9,
20250429,15:14:44,6,
20250429,15:14:44,6.1,
20250429,15:14:44,6.2,
20250429,15:14:44,6.4,
20250429,15:14:44,6.5,
20250429,15:14:44,6.7,
20250429,15:14:44,6.8,
20250429,15:14:44,7,
20250429,15:14:44,7.1,
20250429,15:14:44,7.3,
20250429,15:14:44,7.4,
20250429,15:14:45,7.6,
20250429,15:14:45,7.7,
20250429,15:14:45,7.9,
20250429,15:14:45,8,
20250429,15:14:45,8.1,
20250429,15:14:45,8.2,
20250429,15:14:45,8.4,
20250429,15:14:45,8.5,
20250429,15:14:45,8.6,
20250429,15:14:45,8.7,
20250429,15:14:45,8.7,
20250429,15:14:45,8.8,
20250429,15:14:45,8.8,
20250429,15:14:45,8.9,
20250429,15:14:45,8.9,
20250429,15:14:45,9,
20250429,15:14:45,9,
20250429,15:14:45,9,
20250429,15:14:45,9.1,
20250429,15:14:45,9,
20250429,15:14:46,9,
20250429,15:14:46,9,
20250429,15:14:46,8.9,
20250429,15:14:46,8.9,
20250429,15:14:46,8.9,
20250429,15:14:46,8.9,
20250429,15:14:46,8.8,
20250429,15:14:46,8.7,
20250429,15:14:46,8.7,
20250429,15:14:46,8.6,
20250429,15:14:46,8.6,
20250429,15:14:46,8.5,
20250429,15:14:46,8.5,
20250429,15:14:46,8.3,
20250429,15:14:46,8.2,
20250429,15:14:46,8.1,
20250429,15:14:46,8,
20250429,15:14:46,7.9,
20250429,15:14:46,7.8,
20250429,15:14:46,7.7,
20250429,15:14:46,7.6,
20250429,15:14:47,7.4,
20250429,15:14:47,7.3,
20250429,15:14:47,7.1,
20250429,15:14:47,7.1,
20250429,15:14:47,6.9,
20250429,15:14:47,6.8,
20250429,15:14:47,6.7,
20250429,15:14:47,6.5,
20250429,15:14:47,6.4,
20250429,15:14:47,6.3,
20250429,15:14:47,6.2,
20250429,15:14:47,6.1,
20250429,15:14:47,6,
20250429,15:14:47,5.8,
20250429,15:14:47,5.8,
20250429,15:14:47,5.6,
20250429,15:14:47,5.5,
20250429,15:14:47,5.3,
20250429,15:14:47,5.3,
20250429,15:14:47,5.2,
20250429,15:14:47,5.2,
20250429,15:14:48,5.1,
20250429,15:14:48,5.1,
20250429,15:14:48,4.9,
20250429,15:14:48,4.8,
20250429,15:14:48,4.7,
20250429,15:14:48,4.5,
20250429,15:14:48,4.5,
20250429,15:14:48,4.4,
20250429,15:14:48,4.3,
20250429,15:14:48,4.2,
20250429,15:14:48,4.1,
20250429,15:14:48,3.9,
20250429,15:14:48,3.9,
20250429,15:14:48,3.7,
20250429,15:14:48,3.6,
20250429,15:14:48,3.6,
20250429,15:14:48,3.4,
20250429,15:14:48,3.3,
20250429,15:14:48,3.1,
20250429,15:14:48,3,
20250429,15:14:49,2.9,
20250429,15:14:49,2.8,
20250429,15:14:49,2.7,
20250429,15:14:49,2.6,
20250429,15:14:49,2.5,
20250429,15:14:49,2.4,
20250429,15:14:49,2.2,
20250429,15:14:49,2.1,
20250429,15:14:49,1.9,
20250429,15:14:49,1.9,
20250429,15:14:49,1.9,
20250429,15:14:49,1.6,
20250429,15:14:49,1.5,
20250429,15:14:49,1.4,
20250429,15:14:49,1.2,
20250429,15:14:49,1.2,
20250429,15:14:49,1.1,
20250429,15:14:49,1,
20250429,15:14:49,0.8,
20250429,15:14:49,0.7,
20250429,15:14:49,0.6,
20250429,15:14:50,0.4,
20250429,15:14:50,0.3,
20250429,15:14:50,0.2,
20250429,15:14:50,0.1,
20250429,15:14:50,0,
20250429,15:14:50,-0.1,
20250429,15:14:50,-0.3,
20250429,15:14:50,-0.4,
20250429,15:14:50,-0.5,
20250429,15:14:50,-0.6,
20250429,15:14:50,-0.7,
20250429,15:14:50,-0.8,
20250429,15:14:50,-0.9,
20250429,15:14:50,-1,
20250429,15:14:50,-1.2,
20250429,15:14:50,-1.3,
20250429,15:14:50,-1.5,
20250429,15:14:50,-1.5,
20250429,15:14:50,-1.6,
20250429,15:14:50,-1.7,
20250429,15:14:51,-1.8,
20250429,15:14:51,-1.8,
20250429,15:14:51,-2,
20250429,15:14:51,-2.1,
20250429,15:14:51,-2.2,
20250429,15:14:51,-2.3,
20250429,15:14:51,-2.3,
20250429,15:14:51,-2.5,
20250429,15:14:51,-2.6,
20250429,15:14:51,-2.6,
20250429,15:14:51,-2.8,
20250429,15:14:51,-2.9,
20250429,15:14:51,-3,
20250429,15:14:51,-3.1,
20250429,15:14:51,-3.2,
20250429,15:14:51,-3.3,
20250429,15:14:51,-3.4,
20250429,15:14:51,-3.5,
20250429,15:14:51,-3.6,
20250429,15:14:51,-3.7,
20250429,15:14:51,-3.8,
20250429,15:14:52,-4,
20250429,15:14:52,-4,
20250429,15:14:52,-4.1,
20250429,15:14:52,-4.2,
20250429,15:14:52,-4.3,
20250429,15:14:52,-4.5,
20250429,15:14:52,-4.6,
20250429,15:14:52,-4.6,
20250429,15:14:52,-4.7,
20250429,15:14:52,-4.7,
20250429,15:14:52,-4.7,
20250429,15:14:52,-4.7,
20250429,15:14:52,-4.6,
20250429,15:14:52,-4.4,
20250429,15:14:52,-4.2,
20250429,15:14:52,-4,
20250429,15:14:52,-3.6,
20250429,15:14:52,-3.2,
20250429,15:14:52,-2.8,
20250429,15:14:52,-2.3,
20250429,15:14:53,-1.8,
20250429,15:14:53,-1.2,
20250429,15:14:53,-0.6,
20250429,15:14:53,-0.1,
20250429,15:14:53,0.6,
20250429,15:14:53,1.1,
20250429,15:14:53,1.6,
20250429,15:14:53,2,
20250429,15:14:53,2.5,
20250429,15:14:53,2.8,
20250429,15:14:53,3.2,
20250429,15:14:53,3.5,
20250429,15:14:53,3.7,
20250429,15:14:53,3.9,
20250429,15:14:53,4.1,
20250429,15:14:53,4.3,
20250429,15:14:53,4.4,
20250429,15:14:53,4.5,
20250429,15:14:53,4.5,
20250429,15:14:53,4.6,
20250429,15:14:54,4.7,
20250429,15:14:54,4.8,
20250429,15:14:54,4.8,
20250429,15:14:54,4.9,
20250429,15:14:54,4.9,
20250429,15:14:54,4.9,
20250429,15:14:54,5,
20250429,15:14:54,5,
20250429,15:14:54,5,
20250429,15:14:54,4.9,
20250429,15:14:54,4.9,
20250429,15:14:54,5,
20250429,15:14:54,5,
20250429,15:14:54,4.9,
20250429,15:14:54,4.9,
20250429,15:14:54,4.8,
20250429,15:14:54,4.8,
20250429,15:14:54,4.8,
20250429,15:14:54,4.6,
20250429,15:14:54,4.6,
20250429,15:14:54,4.6,
20250429,15:14:55,4.5,
20250429,15:14:55,4.5,
20250429,15:14:55,4.5,
20250429,15:14:55,4.5,
20250429,15:14:55,4.4,
20250429,15:14:55,4.3,
20250429,15:14:55,4.2,
20250429,15:14:55,4.1,
20250429,15:14:55,4.1,
20250429,15:14:55,4,
20250429,15:14:55,3.9,
20250429,15:14:55,3.9,
20250429,15:14:55,3.8,
20250429,15:14:55,3.8,
20250429,15:14:55,3.7,
20250429,15:14:55,3.6,
20250429,15:14:55,3.6,
20250429,15:14:55,3.6,
20250429,15:14:55,3.6,
20250429,15:14:55,3.5,
20250429,15:14:55,3.5,
20250429,15:14:56,3.5,
20250429,15:14:56,3.5,
20250429,15:14:56,3.5,
20250429,15:14:56,3.5,
20250429,15:14:56,3.6,
20250429,15:14:56,3.5,
20250429,15:14:56,3.6,
20250429,15:14:56,3.6,
20250429,15:14:56,3.6,
20250429,15:14:56,3.6,
20250429,15:14:56,3.7,
20250429,15:14:56,3.6,
20250429,15:14:56,3.7,
20250429,15:14:56,3.8,
20250429,15:14:56,3.8,
20250429,15:14:56,3.7,
20250429,15:14:56,3.8,
20250429,15:14:56,3.8,
20250429,15:14:56,3.8,
20250429,15:14:56,3.9,
20250429,15:14:57,3.8,
20250429,15:14:57,3.8,
20250429,15:14:57,3.8,
20250429,15:14:57,3.8,
20250429,15:14:57,3.7,
20250429,15:14:57,3.8,
20250429,15:14:57,3.8,
20250429,15:14:57,3.8,
20250429,15:14:57,3.9,
20250429,15:14:57,4,
20250429,15:14:57,4.1,
20250429,15:14:57,4.2,
20250429,15:14:57,4.3,
20250429,15:14:57,4.5,
20250429,15:14:57,4.6,
20250429,15:14:57,4.8,
20250429,15:14:57,5,
20250429,15:14:57,5.2,
20250429,15:14:57,5.4,
20250429,15:14:57,5.6,
20250429,15:14:57,5.8,
20250429,15:14:58,6,
20250429,15:14:58,6.2,
20250429,15:14:58,6.4,
20250429,15:14:58,6.7,
20250429,15:14:58,6.9,
20250429,15:14:58,7.1,
20250429,15:14:58,7.2,
20250429,15:14:58,7.3,
20250429,15:14:58,7.5,
20250429,15:14:58,7.6,
20250429,15:14:58,7.7,
20250429,15:14:58,7.8,
20250429,15:14:58,7.9,
20250429,15:14:58,7.9,
20250429,15:14:58,8,
20250429,15:14:58,8,
20250429,15:14:58,8.1,
20250429,15:14:58,8.1,
20250429,15:14:58,8.2,
20250429,15:14:58,8.2,
20250429,15:14:58,8.2,
20250429,15:14:59,8.2,
20250429,15:14:59,8.3,
20250429,15:14:59,8.3,
20250429,15:14:59,8.3,
20250429,15:14:59,8.3,
20250429,15:14:59,8.2,
20250429,15:14:59,8.2,
20250429,15:14:59,8.2,
20250429,15:14:59,8.1,
20250429,15:14:59,8.1,
20250429,15:14:59,8,
20250429,15:14:59,7.9,
20250429,15:14:59,7.9,
20250429,15:14:59,7.8,
20250429,15:14:59,7.7,
20250429,15:14:59,7.6,
20250429,15:14:59,7.5,
20250429,15:14:59,7.4,
20250429,15:14:59,7.3,
20250429,15:14:59,7.3,
20250429,15:15:00,7.1,
20250429,15:15:00,7.1,
20250429,15:15:00,7,
20250429,15:15:00,6.9,
20250429,15:15:00,6.8,
20250429,15:15:00,6.6,
20250429,15:15:00,6.5,
20250429,15:15:00,6.4,
20250429,15:15:00,6.3,
20250429,15:15:00,6.2,
20250429,15:15:00,6.1,
20250429,15:15:00,6,
20250429,15:15:00,5.9,
20250429,15:15:00,5.8,
20250429,15:15:00,5.8,
20250429,15:15:00,5.7,
20250429,15:15:00,5.7,
20250429,15:15:00,5.7,
20250429,15:15:00,5.7,
20250429,15:15:00,5.7,
20250429,15:15:00,5.8,
20250429,15:15:01,6,
20250429,15:15:01,6.1,
20250429,15:15:01,6.2,
20250429,15:15:01,6.4,
20250429,15:15:01,6.6,
20250429,15:15:01,6.8,
20250429,15:15:01,7.1,
20250429,15:15:01,7.2,
20250429,15:15:01,7.4,
20250429,15:15:01,7.6,
20250429,15:15:01,7.7,
20250429,15:15:01,7.9,
20250429,15:15:01,7.9,
20250429,15:15:01,8.1,
20250429,15:15:01,8.1,
20250429,15:15:01,8.2,
20250429,15:15:01,8.2,
20250429,15:15:01,8.3,
20250429,15:15:01,8.4,
20250429,15:15:01,8.5,
20250429,15:15:01,8.5,
20250429,15:15:02,8.5,
20250429,15:15:02,8.6,
20250429,15:15:02,8.7,
20250429,15:15:02,8.7,
20250429,15:15:02,8.8,
20250429,15:15:02,8.8,
20250429,15:15:02,8.8,
20250429,15:15:02,8.9,
20250429,15:15:02,8.9,
20250429,15:15:02,8.9,
20250429,15:15:02,8.8,
20250429,15:15:02,8.9,
20250429,15:15:02,8.8,
20250429,15:15:02,8.9,
20250429,15:15:02,8.8,
20250429,15:15:02,8.8,
20250429,15:15:02,8.8,
20250429,15:15:02,8.8,
20250429,15:15:02,8.9,
20250429,15:15:02,8.9,
20250429,15:15:03,8.9,
20250429,15:15:03,9,
20250429,15:15:03,9,
20250429,15:15:03,9,
20250429,15:15:03,9.1,
20250429,15:15:03,9.2,
20250429,15:15:03,9.3,
20250429,15:15:03,9.4,
20250429,15:15:03,9.4,
20250429,15:15:03,9.4,
20250429,15:15:03,9.5,
20250429,15:15:03,9.6,
20250429,15:15:03,9.6,
20250429,15:15:03,9.6,
20250429,15:15:03,9.6,
20250429,15:15:03,9.7,
20250429,15:15:03,9.8,
20250429,15:15:03,9.9,
20250429,15:15:03,9.9,
20250429,15:15:03,10,
20250429,15:15:03,10,
20250429,15:15:04,10.1,
20250429,15:15:04,10.1,
20250429,15:15:04,10.2,
20250429,15:15:04,10.1,
20250429,15:15:04,10.2,
20250429,15:15:04,10.1,
20250429,15:15:04,10.2,
20250429,15:15:04,10.1,
20250429,15:15:04,10.2,
20250429,15:15:04,10.2,
20250429,15:15:04,10.1,
20250429,15:15:04,10.2,
20250429,15:15:04,10.3,
20250429,15:15:04,10.2,
20250429,15:15:04,10.1,
20250429,15:15:04,10.2,
20250429,15:15:04,10.2,
20250429,15:15:04,10.2,
20250429,15:15:04,10.3,
20250429,15:15:04,10.3,
20250429,15:15:05,10.3,
20250429,15:15:05,10.3,
20250429,15:15:05,10.4,
20250429,15:15:05,10.3,
20250429,15:15:05,10.3,
20250429,15:15:05,10.3,
20250429,15:15:05,10.3,
20250429,15:15:05,10.3,
20250429,15:15:05,10.3,
20250429,15:15:05,10.3,
20250429,15:15:05,10.3,
20250429,15:15:05,10.2,
20250429,15:15:05,10.3,
20250429,15:15:05,10.2,
20250429,15:15:05,10.2,
20250429,15:15:05,10.2,
20250429,15:15:05,10.2,
20250429,15:15:05,10.1,
20250429,15:15:05,10.1,
20250429,15:15:05,10.1,
20250429,15:15:06,10,
20250429,15:15:06,10,
20250429,15:15:06,10,
20250429,15:15:06,10,
20250429,15:15:06,9.9,
20250429,15:15:06,9.9,
20250429,15:15:06,9.9,
20250429,15:15:06,9.7,
20250429,15:15:06,9.7,
20250429,15:15:06,9.6,
20250429,15:15:06,9.6,
20250429,15:15:06,9.6,
20250429,15:15:06,9.6,
20250429,15:15:06,9.5,
20250429,15:15:06,9.4,
20250429,15:15:06,9.4,
20250429,15:15:06,9.4,
20250429,15:15:06,9.3,
20250429,15:15:06,9.3,
20250429,15:15:06,9.2,
20250429,15:15:06,9,
20250429,15:15:07,9,
20250429,15:15:07,8.9,
20250429,15:15:07,8.8,
20250429,15:15:07,8.8,
20250429,15:15:07,8.8,
20250429,15:15:07,8.8,
20250429,15:15:07,8.7,
20250429,15:15:07,8.7,
20250429,15:15:07,8.6,
20250429,15:15:07,8.5,
20250429,15:15:07,8.5,
20250429,15:15:07,8.4,
20250429,15:15:07,8.3,
20250429,15:15:07,8.3,
20250429,15:15:07,8.2,
20250429,15:15:07,8.1,
20250429,15:15:07,8.1,
20250429,15:15:07,8,
20250429,15:15:07,8,
20250429,15:15:07,7.9,
20250429,15:15:08,7.9,
20250429,15:15:08,7.9,
20250429,15:15:08,7.8,
20250429,15:15:08,7.8,
20250429,15:15:08,7.7,
20250429,15:15:08,7.7,
20250429,15:15:08,7.5,
20250429,15:15:08,7.6,
20250429,15:15:08,7.5,
20250429,15:15:08,7.5,
20250429,15:15:08,7.4,
20250429,15:15:08,7.3,
20250429,15:15:08,7.3,
20250429,15:15:08,7.2,
20250429,15:15:08,7.1,
20250429,15:15:08,7.1,
20250429,15:15:08,7.1,
20250429,15:15:08,7.1,
20250429,15:15:08,7,
20250429,15:15:08,6.9,
20250429,15:15:08,6.9,
20250429,15:15:09,6.8,
20250429,15:15:09,6.7,
20250429,15:15:09,6.7,
20250429,15:15:09,6.6,
20250429,15:15:09,6.6,
20250429,15:15:09,6.4,
20250429,15:15:09,6.4,
20250429,15:15:09,6.3,
20250429,15:15:09,6.3,
20250429,15:15:09,6.2,
20250429,15:15:09,6.2,
20250429,15:15:09,6.2,
20250429,15:15:09,6.2,
20250429,15:15:09,6.1,
20250429,15:15:09,6,
20250429,15:15:09,5.9,
20250429,15:15:09,5.9,
20250429,15:15:09,5.8,
20250429,15:15:09,5.7,
20250429,15:15:09,5.7,
20250429,15:15:09,5.6,
20250429,15:15:10,5.5,
20250429,15:15:10,5.4,
20250429,15:15:10,5.3,
20250429,15:15:10,5.3,
20250429,15:15:10,5.3,
20250429,15:15:10,5.3,
20250429,15:15:10,5.2,
20250429,15:15:10,5.1,
20250429,15:15:10,5,
20250429,15:15:10,5,
20250429,15:15:10,5,
20250429,15:15:10,5,
20250429,15:15:10,4.9,
20250429,15:15:10,4.9,
20250429,15:15:10,4.9,
20250429,15:15:10,4.9,
20250429,15:15:10,4.9,
20250429,15:15:10,5,
20250429,15:15:10,5,
20250429,15:15:10,5,
20250429,15:15:10,5.1,
20250429,15:15:11,5.2,
20250429,15:15:11,5.2,
20250429,15:15:11,5.3,
20250429,15:15:11,5.3,
20250429,15:15:11,5.3,
20250429,15:15:11,5.3,
20250429,15:15:11,5.4,
20250429,15:15:11,5.4,
20250429,15:15:11,5.4,
20250429,15:15:11,5.3,
20250429,15:15:11,5.3,
20250429,15:15:11,5.3,
20250429,15:15:11,5.2,
20250429,15:15:11,5.2,
20250429,15:15:11,5.1,
20250429,15:15:11,4.9,
20250429,15:15:11,4.9,
20250429,15:15:11,4.6,
20250429,15:15:11,4.6,
20250429,15:15:11,4.5,
20250429,15:15:12,4.4,
20250429,15:15:12,4.4,
20250429,15:15:12,4.3,
20250429,15:15:12,4.1,
20250429,15:15:12,4,
20250429,15:15:12,3.9,
20250429,15:15:12,3.8,
20250429,15:15:12,3.8,
20250429,15:15:12,3.6,
20250429,15:15:12,3.6,
20250429,15:15:12,3.6,
20250429,15:15:12,3.6,
20250429,15:15:12,3.5,
20250429,15:15:12,3.4,
20250429,15:15:12,3.3,
20250429,15:15:12,3.2,
20250429,15:15:12,3.1,
20250429,15:15:12,3.1,
20250429,15:15:12,3.1,
20250429,15:15:12,3,
20250429,15:15:12,2.9,
20250429,15:15:13,2.8,
20250429,15:15:13,2.8,
20250429,15:15:13,2.8,
20250429,15:15:13,2.8,
20250429,15:15:13,2.7,
20250429,15:15:13,2.7,
20250429,15:15:13,2.7,
20250429,15:15:13,2.6,
20250429,15:15:13,2.5,
20250429,15:15:13,2.5,
20250429,15:15:13,2.5,
20250429,15:15:13,2.4,
20250429,15:15:13,2.4,
20250429,15:15:13,2.3,
20250429,15:15:13,2.3,
20250429,15:15:13,2.2,
20250429,15:15:13,2.3,
20250429,15:15:13,2.2,
20250429,15:15:13,2.2,
20250429,15:15:13,2.2,
20250429,15:15:13,2.2,
20250429,15:15:14,2,
20250429,15:15:14,2.2,
20250429,15:15:14,2,
20250429,15:15:14,2,
20250429,15:15:14,2,
20250429,15:15:14,2,
20250429,15:15:14,2,
20250429,15:15:14,1.9,
20250429,15:15:14,1.9,
20250429,15:15:14,1.9,
20250429,15:15:14,1.9,
20250429,15:15:14,1.9,
20250429,15:15:14,1.9,
20250429,15:15:14,1.8,
20250429,15:15:14,1.8,
20250429,15:15:14,1.8,
20250429,15:15:14,1.7,
20250429,15:15:14,1.7,
20250429,15:15:14,1.6,
20250429,15:15:14,1.6,
20250429,15:15:15,1.6,
20250429,15:15:15,1.5,
20250429,15:15:15,1.4,
20250429,15:15:15,1.4,
20250429,15:15:15,1.3,
20250429,15:15:15,1.3,
20250429,15:15:15,1.3,
20250429,15:15:15,1.2,
20250429,15:15:15,1.1,
20250429,15:15:15,1.2,
20250429,15:15:15,1.1,
20250429,15:15:15,1.1,
20250429,15:15:15,1.1,
20250429,15:15:15,1.1,
20250429,15:15:15,1,
20250429,15:15:15,1,
20250429,15:15:15,1,
20250429,15:15:15,0.9,
20250429,15:15:15,0.9,
20250429,15:15:15,0.8,
20250429,15:15:15,0.8,
20250429,15:15:16,0.8,
20250429,15:15:16,0.7,
20250429,15:15:16,0.7,
20250429,15:15:16,0.7,
20250429,15:15:16,0.6,
20250429,15:15:16,0.6,
20250429,15:15:16,0.5,
20250429,15:15:16,0.5,
20250429,15:15:16,0.5,
20250429,15:15:16,0.4,
20250429,15:15:16,0.4,
20250429,15:15:16,0.3,
20250429,15:15:16,0.4,
20250429,15:15:16,0.3,
20250429,15:15:16,0.2,
20250429,15:15:16,0.2,
20250429,15:15:16,0.2,
20250429,15:15:16,0.2,
20250429,15:15:16,0.2,
20250429,15:15:16,0.2,
20250429,15:15:17,0.1,
20250429,15:15:17,0.1,
20250429,15:15:17,0.1,
20250429,15:15:17,0.1,
20250429,15:15:17,0.1,
20250429,15:15:17,0.1,
20250429,15:15:17,0.2,
20250429,15:15:17,0.1,
20250429,15:15:17,0.2,
20250429,15:15:17,0.2,
20250429,15:15:17,0.2,
20250429,15:15:17,0.2,
20250429,15:15:17,0.3,
20250429,15:15:17,0.3,
20250429,15:15:17,0.4,
20250429,15:15:17,0.5,
20250429,15:15:17,0.6,
20250429,15:15:17,0.7,
20250429,15:15:17,0.8,
20250429,15:15:17,1,
20250429,15:15:17,1.1,
20250429,15:15:18,1.1,
20250429,15:15:18,1.2,
20250429,15:15:18,1.3,
20250429,15:15:18,1.3,
20250429,15:15:18,1.4,
20250429,15:15:18,1.4,
20250429,15:15:18,1.4,
20250429,15:15:18,1.4,
20250429,15:15:18,1.5,
20250429,15:15:18,1.5,
20250429,15:15:18,1.4,
20250429,15:15:18,1.3,
20250429,15:15:18,1.3,
20250429,15:15:18,1.2,
20250429,15:15:18,1.2,
20250429,15:15:18,1.1,
20250429,15:15:18,1.1,
20250429,15:15:18,1.1,
20250429,15:15:18,1.1,
20250429,15:15:18,1,
20250429,15:15:18,1,
20250429,15:15:19,0.9,
20250429,15:15:19,0.9,
20250429,15:15:19,0.8,
20250429,15:15:19,0.7,
20250429,15:15:19,0.7,
20250429,15:15:19,0.7,
20250429,15:15:19,0.6,
20250429,15:15:19,0.6,
20250429,15:15:19,0.6,
20250429,15:15:19,0.6,
20250429,15:15:19,0.6,
20250429,15:15:19,0.7,
20250429,15:15:19,0.7,
20250429,15:15:19,0.8,
20250429,15:15:19,0.9,
20250429,15:15:19,1,
20250429,15:15:19,1.1,
20250429,15:15:19,1.1,
20250429,15:15:19,1.4,
20250429,15:15:19,1.6,
20250429,15:15:19,1.8,
20250429,15:15:20,1.9,
20250429,15:15:20,2.2,
20250429,15:15:20,2.4,
20250429,15:15:20,2.5,
20250429,15:15:20,2.7,
20250429,15:15:20,2.8,
20250429,15:15:20,2.9,
20250429,15:15:20,3,
20250429,15:15:20,3.1,
20250429,15:15:20,3.1,
20250429,15:15:20,3.3,
20250429,15:15:20,3.2,
20250429,15:15:20,3.2,
20250429,15:15:20,3.3,
20250429,15:15:20,3.3,
20250429,15:15:20,3.4,
20250429,15:15:20,3.4,
20250429,15:15:20,3.5,
20250429,15:15:20,3.5,
20250429,15:15:20,3.5,
20250429,15:15:21,3.6,
20250429,15:15:21,3.6,
20250429,15:15:21,3.6,
20250429,15:15:21,3.6,
20250429,15:15:21,3.6,
20250429,15:15:21,3.6,
20250429,15:15:21,3.6,
20250429,15:15:21,3.6,
20250429,15:15:21,3.6,
20250429,15:15:21,3.6,
20250429,15:15:21,3.6,
20250429,15:15:21,3.6,
20250429,15:15:21,3.6,
20250429,15:15:21,3.5,
20250429,15:15:21,3.5,
20250429,15:15:21,3.4,
20250429,15:15:21,3.4,
20250429,15:15:21,3.3,
20250429,15:15:21,3.3,
20250429,15:15:21,3.3,
20250429,15:15:21,3.2,
20250429,15:15:22,3.1,
20250429,15:15:22,3.1,
20250429,15:15:22,3,
20250429,15:15:22,3,
20250429,15:15:22,3.1,
20250429,15:15:22,3.1,
20250429,15:15:22,3.1,
20250429,15:15:22,3.1,
20250429,15:15:22,3.2,
20250429,15:15:22,3.3,
20250429,15:15:22,3.4,
20250429,15:15:22,3.5,
20250429,15:15:22,3.6,
20250429,15:15:22,3.7,
20250429,15:15:22,3.9,
20250429,15:15:22,4,
20250429,15:15:22,4.2,
20250429,15:15:22,4.3,
20250429,15:15:22,4.5,
20250429,15:15:22,4.5,
20250429,15:15:22,4.6,
20250429,15:15:23,4.7,
20250429,15:15:23,4.9,
20250429,15:15:23,4.9,
20250429,15:15:23,5,
20250429,15:15:23,5,
20250429,15:15:23,5.2,
20250429,15:15:23,5.2,
20250429,15:15:23,5.3,
20250429,15:15:23,5.4,
20250429,15:15:23,5.3,
20250429,15:15:23,5.5,
20250429,15:15:23,5.4,
20250429,15:15:23,5.5,
20250429,15:15:23,5.5,
20250429,15:15:23,5.5,
20250429,15:15:23,5.5,
20250429,15:15:23,5.6,
20250429,15:15:23,5.6,
20250429,15:15:23,5.5,
20250429,15:15:23,5.5,
20250429,15:15:24,5.5,
20250429,15:15:24,5.4,
20250429,15:15:24,5.4,
20250429,15:15:24,5.3,
20250429,15:15:24,5.3,
20250429,15:15:24,5.3,
20250429,15:15:24,5.3,
20250429,15:15:24,5.2,
20250429,15:15:24,5.2,
20250429,15:15:24,5.1,
20250429,15:15:24,5,
20250429,15:15:24,5,
20250429,15:15:24,4.9,
20250429,15:15:24,4.8,
20250429,15:15:24,4.7,
20250429,15:15:24,4.5,
20250429,15:15:24,4.5,
20250429,15:15:24,4.5,
20250429,15:15:24,4.5,
20250429,15:15:24,4.5,
20250429,15:15:24,4.4,
20250429,15:15:25,4.3,
20250429,15:15:25,4.2,
20250429,15:15:25,4.2,
20250429,15:15:25,4.1,
20250429,15:15:25,4,
20250429,15:15:25,4,
20250429,15:15:25,3.9,
20250429,15:15:25,3.8,
20250429,15:15:25,3.7,
20250429,15:15:25,3.6,
20250429,15:15:25,3.6,
20250429,15:15:25,3.6,
20250429,15:15:25,3.6,
20250429,15:15:25,3.5,
20250429,15:15:25,3.5,
20250429,15:15:25,3.4,
20250429,15:15:25,3.4,
20250429,15:15:25,3.3,
20250429,15:15:25,3.3,
20250429,15:15:25,3.2,
20250429,15:15:26,3.2,
20250429,15:15:26,3.1,
20250429,15:15:26,3,
20250429,15:15:26,3,
20250429,15:15:26,3,
20250429,15:15:26,2.8,
20250429,15:15:26,2.9,
20250429,15:15:26,2.8,
20250429,15:15:26,2.8,
20250429,15:15:26,2.8,
20250429,15:15:26,2.8,
20250429,15:15:26,2.8,
20250429,15:15:26,2.7,
20250429,15:15:26,2.6,
20250429,15:15:26,2.7,
20250429,15:15:26,2.6,
20250429,15:15:26,2.6,
20250429,15:15:26,2.5,
20250429,15:15:26,2.5,
20250429,15:15:26,2.4,
20250429,15:15:26,2.4,
20250429,15:15:27,2.4,
20250429,15:15:27,2.3,
20250429,15:15:27,2.3,
20250429,15:15:27,2.3,
20250429,15:15:27,2.3,
20250429,15:15:27,2.3,
20250429,15:15:27,2.2,
20250429,15:15:27,2.2,
20250429,15:15:27,2.2,
20250429,15:15:27,2.2,
20250429,15:15:27,2.1,
20250429,15:15:27,2.2,
20250429,15:15:27,2.2,
20250429,15:15:27,2.1,
20250429,15:15:27,2.1,
20250429,15:15:27,2.1,
20250429,15:15:27,2.2,
20250429,15:15:27,2.1,
20250429,15:15:27,2.1,
20250429,15:15:27,2,
20250429,15:15:27,2.1,
20250429,15:15:28,2,
20250429,15:15:28,2,
20250429,15:15:28,2.1,
20250429,15:15:28,1.9,
20250429,15:15:28,1.9,
20250429,15:15:28,1.9,
20250429,15:15:28,1.9,
20250429,15:15:28,1.9,
20250429,15:15:28,1.9,
20250429,15:15:28,1.9,
20250429,15:15:28,1.9,
20250429,15:15:28,1.8,
20250429,15:15:28,1.8,
20250429,15:15:28,1.8,
20250429,15:15:28,1.8,
20250429,15:15:28,1.7,
20250429,15:15:28,1.7,
20250429,15:15:28,1.6,
20250429,15:15:28,1.6,
20250429,15:15:28,1.5,
20250429,15:15:28,1.5,
20250429,15:15:29,1.5,
20250429,15:15:29,1.5,
20250429,15:15:29,1.4,
20250429,15:15:29,1.4,
20250429,15:15:29,1.4,
20250429,15:15:29,1.3,
20250429,15:15:29,1.3,
20250429,15:15:29,1.2,
20250429,15:15:29,1.2,
20250429,15:15:29,1.2,
20250429,15:15:29,1.1,
20250429,15:15:29,1.1,
20250429,15:15:29,1.1,
20250429,15:15:29,1,
20250429,15:15:29,1,
20250429,15:15:29,1,
20250429,15:15:29,1,
20250429,15:15:29,0.9,
20250429,15:15:29,0.9,
20250429,15:15:29,0.9,
20250429,15:15:30,0.9,
20250429,15:15:30,0.8,
20250429,15:15:30,0.8,
20250429,15:15:30,0.7,
20250429,15:15:30,0.8,
20250429,15:15:30,0.7,
20250429,15:15:30,0.7,
20250429,15:15:30,0.6,
20250429,15:15:30,0.6,
20250429,15:15:30,0.6,
20250429,15:15:30,0.5,
20250429,15:15:30,0.6,
20250429,15:15:30,0.6,
20250429,15:15:30,0.5,
20250429,15:15:30,0.5,
20250429,15:15:30,0.4,
20250429,15:15:30,0.4,
20250429,15:15:30,0.4,
20250429,15:15:30,0.4,
20250429,15:15:30,0.4,
20250429,15:15:30,0.3,
20250429,15:15:31,0.3,
20250429,15:15:31,0.3,
20250429,15:15:31,0.4,
20250429,15:15:31,0.3,
20250429,15:15:31,0.4,
20250429,15:15:31,0.3,
20250429,15:15:31,0.3,
20250429,15:15:31,0.4,
20250429,15:15:31,0.3,
20250429,15:15:31,0.3,
20250429,15:15:31,0.3,
20250429,15:15:31,0.3,
20250429,15:15:31,0.3,
20250429,15:15:31,0.3,
20250429,15:15:31,0.3,
20250429,15:15:31,0.3,
20250429,15:15:31,0.3,
20250429,15:15:31,0.3,
20250429,15:15:31,0.3,
20250429,15:15:31,0.3,
20250429,15:15:31,0.3,
20250429,15:15:32,0.3,
20250429,15:15:32,0.3,
20250429,15:15:32,0.3,
20250429,15:15:32,0.3,
20250429,15:15:32,0.3,
20250429,15:15:32,0.4,
20250429,15:15:32,0.5,
20250429,15:15:32,0.5,
20250429,15:15:32,0.6,
20250429,15:15:32,0.7,
20250429,15:15:32,0.8,
20250429,15:15:32,1,
20250429,15:15:32,1.1,
20250429,15:15:32,1.1,
20250429,15:15:32,1.4,
20250429,15:15:32,1.6,
20250429,15:15:32,1.7,
20250429,15:15:32,1.9,
20250429,15:15:32,2.1,
20250429,15:15:32,2.2,
20250429,15:15:33,2.4,
20250429,15:15:33,2.6,
20250429,15:15:33,2.6,
20250429,15:15:33,2.7,
20250429,15:15:33,2.7,
20250429,15:15:33,2.7,
20250429,15:15:33,2.7,
20250429,15:15:33,2.8,
20250429,15:15:33,2.8,
20250429,15:15:33,2.8,
20250429,15:15:33,2.8,
20250429,15:15:33,2.7,
20250429,15:15:33,2.8,
20250429,15:15:33,2.8,
20250429,15:15:33,2.8,
20250429,15:15:33,2.8,
20250429,15:15:33,2.8,
20250429,15:15:33,2.8,
20250429,15:15:33,2.7,
20250429,15:15:33,2.8,
20250429,15:15:33,2.8,
20250429,15:15:34,2.8,
20250429,15:15:34,2.8,
20250429,15:15:34,2.7,
20250429,15:15:34,2.6,
20250429,15:15:34,2.6,
20250429,15:15:34,2.5,
20250429,15:15:34,2.5,
20250429,15:15:34,2.4,
20250429,15:15:34,2.3,
20250429,15:15:34,2.3,
20250429,15:15:34,2.2,
20250429,15:15:34,2.1,
20250429,15:15:34,2,
20250429,15:15:34,2.1,
20250429,15:15:34,1.9,
20250429,15:15:34,1.9,
20250429,15:15:34,1.8,
20250429,15:15:34,1.7,
20250429,15:15:34,1.6,
20250429,15:15:34,1.6,
20250429,15:15:35,1.5,
20250429,15:15:35,1.4,
20250429,15:15:35,1.3,
20250429,15:15:35,1.2,
20250429,15:15:35,1.1,
20250429,15:15:35,1.1,
20250429,15:15:35,0.9,
20250429,15:15:35,0.9,
20250429,15:15:35,0.8,
20250429,15:15:35,0.7,
20250429,15:15:35,0.6,
20250429,15:15:35,0.5,
20250429,15:15:35,0.4,
20250429,15:15:35,0.3,
20250429,15:15:35,0.2,
20250429,15:15:35,0.3,
20250429,15:15:35,0.2,
20250429,15:15:35,0.1,
20250429,15:15:35,0,
20250429,15:15:35,-0.1,
20250429,15:15:35,-0.2,
20250429,15:15:36,-0.3,
20250429,15:15:36,-0.4,
20250429,15:15:36,-0.5,
20250429,15:15:36,-0.5,
20250429,15:15:36,-0.6,
20250429,15:15:36,-0.6,
20250429,15:15:36,-0.6,
20250429,15:15:36,-0.7,
20250429,15:15:36,-0.8,
20250429,15:15:36,-0.8,
20250429,15:15:36,-0.9,
20250429,15:15:36,-0.9,
20250429,15:15:36,-0.9,
20250429,15:15:36,-1,
20250429,15:15:36,-1.1,
20250429,15:15:36,-1,
20250429,15:15:36,-1,
20250429,15:15:36,-1.2,
20250429,15:15:36,-1.2,
20250429,15:15:36,-1.1,
20250429,15:15:37,-1.1,
20250429,15:15:37,-1.2,
20250429,15:15:37,-1.2,
20250429,15:15:37,-1.3,
20250429,15:15:37,-1.4,
20250429,15:15:37,-1.4,
20250429,15:15:37,-1.4,
20250429,15:15:37,-1.4,
20250429,15:15:37,-1.4,
20250429,15:15:37,-1.4,
20250429,15:15:37,-1.5,
20250429,15:15:37,-1.5,
20250429,15:15:37,-1.5,
20250429,15:15:37,-1.5,
20250429,15:15:37,-1.6,
20250429,15:15:37,-1.5,
20250429,15:15:37,-1.6,
20250429,15:15:37,-1.5,
20250429,15:15:37,-1.5,
20250429,15:15:37,-1.5,
20250429,15:15:38,-1.6,
20250429,15:15:38,-1.6,
20250429,15:15:38,-1.6,
20250429,15:15:38,-1.6,
20250429,15:15:38,-1.6,
20250429,15:15:38,-1.7,
20250429,15:15:38,-1.7,
20250429,15:15:38,-1.7,
20250429,15:15:38,-1.7,
20250429,15:15:38,-1.8,
20250429,15:15:38,-1.7,
20250429,15:15:38,-1.9,
20250429,15:15:38,-1.8,
20250429,15:15:38,-1.8,
20250429,15:15:38,-1.8,
20250429,15:15:38,-1.8,
20250429,15:15:38,-1.9,
20250429,15:15:38,-1.7,
20250429,15:15:38,-1.9,
20250429,15:15:38,-1.9,
20250429,15:15:38,-2,
20250429,15:15:39,-1.8,
20250429,15:15:39,-2,
20250429,15:15:39,-1.9,
20250429,15:15:39,-1.8,
20250429,15:15:39,-1.9,
20250429,15:15:39,-2,
20250429,15:15:39,-1.9,
20250429,15:15:39,-1.9,
20250429,15:15:39,-1.9,
20250429,15:15:39,-1.9,
20250429,15:15:39,-1.9,
20250429,15:15:39,-1.9,
20250429,15:15:39,-1.9,
20250429,15:15:39,-1.8,
20250429,15:15:39,-1.8,
20250429,15:15:39,-2,
20250429,15:15:39,-1.9,
20250429,15:15:39,-1.9,
20250429,15:15:39,-1.9,
20250429,15:15:39,-1.8,
20250429,15:15:40,-1.9,
20250429,15:15:40,-1.8,
20250429,15:15:40,-1.8,
20250429,15:15:40,-1.7,
20250429,15:15:40,-1.8,
20250429,15:15:40,-1.8,
20250429,15:15:40,-1.7,
20250429,15:15:40,-1.6,
20250429,15:15:40,-1.7,
20250429,15:15:40,-1.7,
20250429,15:15:40,-1.6,
20250429,15:15:40,-1.6,
20250429,15:15:40,-1.6,
20250429,15:15:40,-1.5,
20250429,15:15:40,-1.5,
20250429,15:15:40,-1.5,
20250429,15:15:40,-1.5,
20250429,15:15:40,-1.4,
20250429,15:15:40,-1.5,
20250429,15:15:40,-1.5,
20250429,15:15:41,-1.2,
20250429,15:15:41,-1.2,
20250429,15:15:41,-1.3,
20250429,15:15:41,-1.2,
20250429,15:15:41,-1.2,
20250429,15:15:41,-1.2,
20250429,15:15:41,-1.2,
20250429,15:15:41,-1.2,
20250429,15:15:41,-1.2,
20250429,15:15:41,-1.1,
20250429,15:15:41,-1.2,
20250429,15:15:41,-1.2,
20250429,15:15:41,-1.2,
20250429,15:15:41,-1.3,
20250429,15:15:41,-1.2,
20250429,15:15:41,-1.2,
20250429,15:15:41,-1.3,
20250429,15:15:41,-1.3,
20250429,15:15:41,-1.3,
20250429,15:15:41,-1.4,
20250429,15:15:42,-1.3,
20250429,15:15:42,-1.3,
20250429,15:15:42,-1.4,
20250429,15:15:42,-1.3,
20250429,15:15:42,-1.4,
20250429,15:15:42,-1.4,
20250429,15:15:42,-1.5,
20250429,15:15:42,-1.5,
20250429,15:15:42,-1.5,
20250429,15:15:42,-1.5,
20250429,15:15:42,-1.5,
20250429,15:15:42,-1.5,
20250429,15:15:42,-1.5,
20250429,15:15:42,-1.6,
20250429,15:15:42,-1.7,
20250429,15:15:42,-1.7,
20250429,15:15:42,-1.8,
20250429,15:15:42,-1.7,
20250429,15:15:42,-1.9,
20250429,15:15:42,-1.9,
20250429,15:15:43,-2,
20250429,15:15:43,-1.9,
20250429,15:15:43,-2,
20250429,15:15:43,-2,
20250429,15:15:43,-2,
20250429,15:15:43,-2,
20250429,15:15:43,-2.2,
20250429,15:15:43,-2.1,
20250429,15:15:43,-2.2,
20250429,15:15:43,-2.2,
20250429,15:15:43,-2.2,
20250429,15:15:43,-2.2,
20250429,15:15:43,-2.2,
20250429,15:15:43,-2.3,
20250429,15:15:43,-2.3,
20250429,15:15:43,-2.3,
20250429,15:15:43,-2.3,
20250429,15:15:43,-2.5,
20250429,15:15:43,-2.4,
20250429,15:15:43,-2.4,
20250429,15:15:43,-2.4,
20250429,15:15:44,-2.5,
20250429,15:15:44,-2.4,
20250429,15:15:44,-2.4,
20250429,15:15:44,-2.6,
20250429,15:15:44,-2.7,
20250429,15:15:44,-2.6,
20250429,15:15:44,-2.7,
20250429,15:15:44,-2.8,
20250429,15:15:44,-2.7,
20250429,15:15:44,-2.7,
20250429,15:15:44,-2.7,
20250429,15:15:44,-2.8,
20250429,15:15:44,-2.9,
20250429,15:15:44,-2.9,
20250429,15:15:44,-3,
20250429,15:15:44,-3,
20250429,15:15:44,-3,
20250429,15:15:44,-3,
20250429,15:15:44,-3.2,
20250429,15:15:44,-3,
20250429,15:15:45,-3.2,
20250429,15:15:45,-3.2,
20250429,15:15:45,-3.2,
20250429,15:15:45,-3.1,
20250429,15:15:45,-3.2,
20250429,15:15:45,-3.2,
20250429,15:15:45,-3.2,
20250429,15:15:45,-3.3,
20250429,15:15:45,-3.3,
20250429,15:15:45,-3.4,
20250429,15:15:45,-3.3,
20250429,15:15:45,-3.4,
20250429,15:15:45,-3.3,
20250429,15:15:45,-3.4,
20250429,15:15:45,-3.4,
20250429,15:15:45,-3.4,
20250429,15:15:45,-3.5,
20250429,15:15:45,-3.5,
20250429,15:15:45,-3.6,
20250429,15:15:45,-3.6,
20250429,15:15:46,-3.5,
20250429,15:15:46,-3.6,
20250429,15:15:46,-3.6,
20250429,15:15:46,-3.8,
20250429,15:15:46,-3.7,
20250429,15:15:46,-3.6,
20250429,15:15:46,-3.7,
20250429,15:15:46,-3.7,
20250429,15:15:46,-3.7,
20250429,15:15:46,-3.8,
20250429,15:15:46,-3.8,
20250429,15:15:46,-3.9,
20250429,15:15:46,-3.9,
20250429,15:15:46,-3.9,
20250429,15:15:46,-3.9,
20250429,15:15:46,-4,
20250429,15:15:46,-4,
20250429,15:15:46,-4,
20250429,15:15:46,-4,
20250429,15:15:46,-4,
20250429,15:15:47,-4,
20250429,15:15:47,-4,
20250429,15:15:47,-4,
20250429,15:15:47,-4.1,
20250429,15:15:47,-4.1,
20250429,15:15:47,-4.1,
20250429,15:15:47,-4.1,
20250429,15:15:47,-4.1,
20250429,15:15:47,-4.3,
20250429,15:15:47,-4.2,
20250429,15:15:47,-4.2,
20250429,15:15:47,-4.2,
20250429,15:15:47,-4.3,
20250429,15:15:47,-4.2,
20250429,15:15:47,-4.3,
20250429,15:15:47,-4.3,
20250429,15:15:47,-4.2,
20250429,15:15:47,-4.3,
20250429,15:15:47,-4.3,
20250429,15:15:47,-4.4,
20250429,15:15:48,-4.3,
20250429,15:15:48,-4.3,
20250429,15:15:48,-4.3,
20250429,15:15:48,-4.5,
20250429,15:15:48,-4.4,
20250429,15:15:48,-4.4,
20250429,15:15:48,-4.5,
20250429,15:15:48,-4.5,
20250429,15:15:48,-4.4,
20250429,15:15:48,-4.4,
20250429,15:15:48,-4.5,
20250429,15:15:48,-4.5,
20250429,15:15:48,-4.6,
20250429,15:15:48,-4.6,
20250429,15:15:48,-4.5,
20250429,15:15:48,-4.6,
20250429,15:15:48,-4.6,
20250429,15:15:48,-4.6,
20250429,15:15:48,-4.6,
20250429,15:15:48,-4.6,
20250429,15:15:48,-4.6,
20250429,15:15:49,-4.7,
20250429,15:15:49,-4.7,
20250429,15:15:49,-4.7,
20250429,15:15:49,-4.8,
20250429,15:15:49,-4.9,
20250429,15:15:49,-4.7,
20250429,15:15:49,-4.8,
20250429,15:15:49,-4.9,
20250429,15:15:49,-4.9,
20250429,15:15:49,-4.9,
20250429,15:15:49,-4.8,
20250429,15:15:49,-4.8,
20250429,15:15:49,-4.9,
20250429,15:15:49,-4.8,
20250429,15:15:49,-4.9,
20250429,15:15:49,-4.8,
20250429,15:15:49,-4.9,
20250429,15:15:49,-4.9,
20250429,15:15:49,-4.9,
20250429,15:15:49,-4.9,
20250429,15:15:50,-4.9,
20250429,15:15:50,-4.9,
20250429,15:15:50,-4.9,
20250429,15:15:50,-4.9,
20250429,15:15:50,-4.9,
20250429,15:15:50,-4.9,
20250429,15:15:50,-5.1,
20250429,15:15:50,-5,
20250429,15:15:50,-5.2,
20250429,15:15:50,-5,
20250429,15:15:50,-5.1,
20250429,15:15:50,-5.1,
20250429,15:15:50,-5.1,
20250429,15:15:50,-5.1,
20250429,15:15:50,-5.2,
20250429,15:15:50,-5.1,
20250429,15:15:50,-5.1,
20250429,15:15:50,-5.1,
20250429,15:15:50,-5.2,
20250429,15:15:50,-5.2,
20250429,15:15:51,-5.2,
20250429,15:15:51,-5.2,
20250429,15:15:51,-5.2,
20250429,15:15:51,-5.2,
20250429,15:15:51,-5.2,
20250429,15:15:51,-5,
20250429,15:15:51,-4.9,
20250429,15:15:51,-4.9,
20250429,15:15:51,-4.9,
20250429,15:15:51,-4.7,
20250429,15:15:51,-4.6,
20250429,15:15:51,-4.4,
20250429,15:15:51,-4.2,
20250429,15:15:51,-4.1,
20250429,15:15:51,-4,
20250429,15:15:51,-3.8,
20250429,15:15:51,-3.6,
20250429,15:15:51,-3.5,
20250429,15:15:51,-3.2,
20250429,15:15:51,-3.1,
20250429,15:15:52,-3.2,
20250429,15:15:52,-3.1,
20250429,15:15:52,-2.9,
20250429,15:15:52,-2.8,
20250429,15:15:52,-2.6,
20250429,15:15:52,-2.6,
20250429,15:15:52,-2.4,
20250429,15:15:52,-2.4,
20250429,15:15:52,-2.3,
20250429,15:15:52,-2.3,
20250429,15:15:52,-2.1,
20250429,15:15:52,-1.9,
20250429,15:15:52,-1.8,
20250429,15:15:52,-1.7,
20250429,15:15:52,-1.6,
20250429,15:15:52,-1.5,
20250429,15:15:52,-1.4,
20250429,15:15:52,-1.3,
20250429,15:15:52,-1.2,
20250429,15:15:52,-1.1,
20250429,15:15:53,-1.1,
20250429,15:15:53,-1,
20250429,15:15:53,-1,
20250429,15:15:53,-0.9,
20250429,15:15:53,-0.8,
20250429,15:15:53,-0.8,
20250429,15:15:53,-0.7,
20250429,15:15:53,-0.7,
20250429,15:15:53,-0.7,
20250429,15:15:53,-0.6,
20250429,15:15:53,-0.7,
20250429,15:15:53,-0.6,
20250429,15:15:53,-0.7,
20250429,15:15:53,-0.6,
20250429,15:15:53,-0.6,
20250429,15:15:53,-0.6,
20250429,15:15:53,-0.6,
20250429,15:15:53,-0.6,
20250429,15:15:53,-0.5,
20250429,15:15:53,-0.4,
20250429,15:15:54,-0.5,
20250429,15:15:54,-0.5,
20250429,15:15:54,-0.5,
20250429,15:15:54,-0.3,
20250429,15:15:54,-0.3,
20250429,15:15:54,-0.3,
20250429,15:15:54,-0.3,
20250429,15:15:54,-0.3,
20250429,15:15:54,-0.3,
20250429,15:15:54,-0.2,
20250429,15:15:54,-0.2,
20250429,15:15:54,-0.1,
20250429,15:15:54,-0.1,
20250429,15:15:54,-0.1,
20250429,15:15:54,-0.1,
20250429,15:15:54,0,
20250429,15:15:54,0,
20250429,15:15:54,0.1,
20250429,15:15:54,0.1,
20250429,15:15:54,0.1,
20250429,15:15:54,0.2,
20250429,15:15:55,0.2,
20250429,15:15:55,0.3,
20250429,15:15:55,0.3,
20250429,15:15:55,0.5,
20250429,15:15:55,0.6,
20250429,15:15:55,0.7,
20250429,15:15:55,0.8,
20250429,15:15:55,1,
20250429,15:15:55,1.1,
20250429,15:15:55,1.3,
20250429,15:15:55,1.4,
20250429,15:15:55,1.5,
20250429,15:15:55,1.7,
20250429,15:15:55,1.9,
20250429,15:15:55,2,
20250429,15:15:55,2.2,
20250429,15:15:55,2.2,
20250429,15:15:55,2.3,
20250429,15:15:55,2.4,
20250429,15:15:55,2.5,
20250429,15:15:56,2.6,
20250429,15:15:56,2.7,
20250429,15:15:56,2.8,
20250429,15:15:56,2.8,
20250429,15:15:56,2.8,
20250429,15:15:56,2.8,
20250429,15:15:56,2.8,
20250429,15:15:56,2.8,
20250429,15:15:56,2.8,
20250429,15:15:56,2.9,
20250429,15:15:56,2.8,
20250429,15:15:56,2.8,
20250429,15:15:56,2.8,
20250429,15:15:56,2.8,
20250429,15:15:56,2.8,
20250429,15:15:56,2.7,
20250429,15:15:56,2.7,
20250429,15:15:56,2.6,
20250429,15:15:56,2.5,
20250429,15:15:56,2.5,
20250429,15:15:56,2.4,
20250429,15:15:57,2.3,
20250429,15:15:57,2.2,
20250429,15:15:57,2.1,
20250429,15:15:57,1.9,
20250429,15:15:57,1.9,
20250429,15:15:57,1.9,
20250429,15:15:57,1.8,
20250429,15:15:57,1.6,
20250429,15:15:57,1.6,
20250429,15:15:57,1.5,
20250429,15:15:57,1.3,
20250429,15:15:57,1.2,
20250429,15:15:57,1.1,
20250429,15:15:57,1,
20250429,15:15:57,1,
20250429,15:15:57,0.9,
20250429,15:15:57,0.7,
20250429,15:15:57,0.7,
20250429,15:15:57,0.7,
20250429,15:15:57,0.6,
20250429,15:15:57,0.4,
20250429,15:15:58,0.4,
20250429,15:15:58,0.3,
20250429,15:15:58,0.2,
20250429,15:15:58,0.1,
20250429,15:15:58,0,
20250429,15:15:58,-0.1,
20250429,15:15:58,-0.2,
20250429,15:15:58,-0.2,
20250429,15:15:58,-0.3,
20250429,15:15:58,-0.4,
20250429,15:15:58,-0.6,
20250429,15:15:58,-0.6,
20250429,15:15:58,-0.7,
20250429,15:15:58,-0.7,
20250429,15:15:58,-0.8,
20250429,15:15:58,-0.9,
20250429,15:15:58,-0.9,
20250429,15:15:58,-1,
20250429,15:15:58,-1.1,
20250429,15:15:58,-1.2,
20250429,15:15:59,-1.3,
20250429,15:15:59,-1.4,
20250429,15:15:59,-1.4,
20250429,15:15:59,-1.5,
20250429,15:15:59,-1.5,
20250429,15:15:59,-1.6,
20250429,15:15:59,-1.7,
20250429,15:15:59,-1.8,
20250429,15:15:59,-1.8,
20250429,15:15:59,-2,
20250429,15:15:59,-1.9,
20250429,15:15:59,-2,
20250429,15:15:59,-2,
20250429,15:15:59,-2.2,
20250429,15:15:59,-2.2,
20250429,15:15:59,-2.3,
20250429,15:15:59,-2.3,
20250429,15:15:59,-2.3,
20250429,15:15:59,-2.5,
20250429,15:15:59,-2.5,
20250429,15:16:00,-2.5,
20250429,15:16:00,-2.7,
20250429,15:16:00,-2.7,
20250429,15:16:00,-2.8,
20250429,15:16:00,-2.9,
20250429,15:16:00,-3,
20250429,15:16:00,-3,
20250429,15:16:00,-3.1,
20250429,15:16:00,-3.1,
20250429,15:16:00,-3.2,
20250429,15:16:00,-3.1,
20250429,15:16:00,-3.3,
20250429,15:16:00,-3.2,
20250429,15:16:00,-3.4,
20250429,15:16:00,-3.3,
20250429,15:16:00,-3.6,
20250429,15:16:00,-3.6,
20250429,15:16:00,-3.7,
20250429,15:16:00,-3.7,
20250429,15:16:00,-3.8,
20250429,15:16:01,-3.9,
20250429,15:16:01,-3.9,
20250429,15:16:01,-4,
20250429,15:16:01,-4,
20250429,15:16:01,-4,
20250429,15:16:01,-4.1,
20250429,15:16:01,-4,
20250429,15:16:01,-4,
20250429,15:16:01,-4.2,
20250429,15:16:01,-4.3,
20250429,15:16:01,-4.2,
20250429,15:16:01,-4.2,
20250429,15:16:01,-4.4,
20250429,15:16:01,-4.3,
20250429,15:16:01,-4.5,
20250429,15:16:01,-4.5,
20250429,15:16:01,-4.6,
20250429,15:16:01,-4.6,
20250429,15:16:01,-4.6,
20250429,15:16:01,-4.7,
20250429,15:16:01,-4.7,
20250429,15:16:02,-4.8,
20250429,15:16:02,-4.7,
20250429,15:16:02,-4.9,
20250429,15:16:02,-4.9,
20250429,15:16:02,-4.9,
20250429,15:16:02,-4.9,
20250429,15:16:02,-4.9,
20250429,15:16:02,-4.9,
20250429,15:16:02,-5.1,
20250429,15:16:02,-5,
20250429,15:16:02,-5,
20250429,15:16:02,-5.1,
20250429,15:16:02,-5.2,
20250429,15:16:02,-5.1,
20250429,15:16:02,-5.3,
20250429,15:16:02,-5.3,
20250429,15:16:02,-5.3,
20250429,15:16:02,-5.2,
20250429,15:16:02,-5.3,
20250429,15:16:02,-5.3,
20250429,15:16:03,-5.4,
20250429,15:16:03,-5.5,
20250429,15:16:03,-5.5,
20250429,15:16:03,-5.4,
20250429,15:16:03,-5.4,
20250429,15:16:03,-5.5,
20250429,15:16:03,-5.5,
20250429,15:16:03,-5.7,
20250429,15:16:03,-5.7,
20250429,15:16:03,-5.6,
20250429,15:16:03,-5.8,
20250429,15:16:03,-5.8,
20250429,15:16:03,-5.6,
20250429,15:16:03,-5.6,
20250429,15:16:03,-5.7,
20250429,15:16:03,-5.8,
20250429,15:16:03,-5.8,
20250429,15:16:03,-5.8,
20250429,15:16:03,-5.8,
20250429,15:16:03,-5.8,
20250429,15:16:04,-5.8,
20250429,15:16:04,-5.8,
20250429,15:16:04,-5.8,
20250429,15:16:04,-5.8,
20250429,15:16:04,-5.9,
20250429,15:16:04,-5.8,
20250429,15:16:04,-5.9,
20250429,15:16:04,-5.9,
20250429,15:16:04,-5.9,
20250429,15:16:04,-5.9,
20250429,15:16:04,-5.9,
20250429,15:16:04,-6.1,
20250429,15:16:04,-6,
20250429,15:16:04,-6.1,
20250429,15:16:04,-6,
20250429,15:16:04,-6,
20250429,15:16:04,-6.1,
20250429,15:16:04,-6,
20250429,15:16:04,-6.1,
20250429,15:16:04,-6.1,
20250429,15:16:05,-6,
20250429,15:16:05,-6.1,
20250429,15:16:05,-6.2,
20250429,15:16:05,-6.2,
20250429,15:16:05,-6.3,
20250429,15:16:05,-6.2,
20250429,15:16:05,-6.1,
20250429,15:16:05,-6,
20250429,15:16:05,-6,
20250429,15:16:05,-5.9,
20250429,15:16:05,-5.8,
20250429,15:16:05,-5.8,
20250429,15:16:05,-5.6,
20250429,15:16:05,-5.6,
20250429,15:16:05,-5.5,
20250429,15:16:05,-5.4,
20250429,15:16:05,-5.2,
20250429,15:16:05,-5,
20250429,15:16:05,-4.9,
20250429,15:16:05,-4.6,
20250429,15:16:06,-4.3,
20250429,15:16:06,-4.3,
20250429,15:16:06,-3.9,
20250429,15:16:06,-3.8,
20250429,15:16:06,-3.4,
20250429,15:16:06,-3.2,
20250429,15:16:06,-2.9,
20250429,15:16:06,-2.6,
20250429,15:16:06,-2.1,
20250429,15:16:06,-1.8,
20250429,15:16:06,-1.7,
20250429,15:16:06,-1.5,
20250429,15:16:06,-1,
20250429,15:16:06,-0.9,
20250429,15:16:06,-0.5,
20250429,15:16:06,-0.2,
20250429,15:16:06,0,
20250429,15:16:06,0.2,
20250429,15:16:06,0.2,
20250429,15:16:06,0.3,
20250429,15:16:06,0.4,
20250429,15:16:07,0.5,
20250429,15:16:07,0.6,
20250429,15:16:07,0.6,
20250429,15:16:07,0.6,
20250429,15:16:07,0.7,
20250429,15:16:07,0.6,
20250429,15:16:07,0.7,
20250429,15:16:07,0.5,
20250429,15:16:07,0.5,
20250429,15:16:07,0.5,
20250429,15:16:07,0.4,
20250429,15:16:07,0.5,
20250429,15:16:07,0.5,
20250429,15:16:07,0.3,
20250429,15:16:07,0.3,
20250429,15:16:07,0.2,
20250429,15:16:07,0.2,
20250429,15:16:07,0.1,
20250429,15:16:07,-0.1,
20250429,15:16:07,-0.2,
20250429,15:16:08,-0.2,
20250429,15:16:08,-0.4,
20250429,15:16:08,-0.4,
20250429,15:16:08,-0.5,
20250429,15:16:08,-0.6,
20250429,15:16:08,-0.8,
20250429,15:16:08,-0.7,
20250429,15:16:08,-0.8,
20250429,15:16:08,-1.2,
20250429,15:16:08,-1.1,
20250429,15:16:08,-1.3,
20250429,15:16:08,-1.4,
20250429,15:16:08,-1.3,
20250429,15:16:08,-1.5,
20250429,15:16:08,-1.7,
20250429,15:16:08,-1.8,
20250429,15:16:08,-1.8,
20250429,15:16:08,-1.8,
20250429,15:16:08,-1.9,
20250429,15:16:08,-2,
20250429,15:16:09,-2.2,
20250429,15:16:09,-2.3,
20250429,15:16:09,-2.3,
20250429,15:16:09,-2.3,
20250429,15:16:09,-2.5,
20250429,15:16:09,-2.7,
20250429,15:16:09,-2.5,
20250429,15:16:09,-2.6,
20250429,15:16:09,-2.7,
20250429,15:16:09,-2.8,
20250429,15:16:09,-2.7,
20250429,15:16:09,-2.8,
20250429,15:16:09,-2.9,
20250429,15:16:09,-2.9,
20250429,15:16:09,-2.9,
20250429,15:16:09,-2.9,
20250429,15:16:09,-2.9,
20250429,15:16:09,-2.9,
20250429,15:16:09,-2.7,
20250429,15:16:09,-2.7,
20250429,15:16:10,-2.7,
20250429,15:16:10,-2.6,
20250429,15:16:10,-2.5,
20250429,15:16:10,-2.4,
20250429,15:16:10,-2.3,
20250429,15:16:10,-2.3,
20250429,15:16:10,-2.3,
20250429,15:16:10,-2.1,
20250429,15:16:10,-2,
20250429,15:16:10,-2,
20250429,15:16:10,-2,
20250429,15:16:10,-1.8,
20250429,15:16:10,-2,
20250429,15:16:10,-1.6,
20250429,15:16:10,-1.8,
20250429,15:16:10,-1.6,
20250429,15:16:10,-1.5,
20250429,15:16:10,-1.2,
20250429,15:16:10,-1.2,
20250429,15:16:10,-1.1,
20250429,15:16:10,-0.9,
20250429,15:16:11,-0.8,
20250429,15:16:11,-0.6,
20250429,15:16:11,-0.4,
20250429,15:16:11,-0.4,
20250429,15:16:11,-0.2,
20250429,15:16:11,0,
20250429,15:16:11,0.1,
20250429,15:16:11,0.2,
20250429,15:16:11,0.2,
20250429,15:16:11,0.4,
20250429,15:16:11,0.4,
20250429,15:16:11,0.4,
20250429,15:16:11,0.5,
20250429,15:16:11,0.6,
20250429,15:16:11,0.6,
20250429,15:16:11,0.6,
20250429,15:16:11,0.6,
20250429,15:16:11,0.5,
20250429,15:16:11,0.5,
20250429,15:16:11,0.5,
20250429,15:16:12,0.5,
20250429,15:16:12,0.5,
20250429,15:16:12,0.3,
20250429,15:16:12,0.4,
20250429,15:16:12,0.2,
20250429,15:16:12,0.2,
20250429,15:16:12,0.2,
20250429,15:16:12,0.2,
20250429,15:16:12,0,
20250429,15:16:12,-0.1,
20250429,15:16:12,-0.2,
20250429,15:16:12,-0.4,
20250429,15:16:12,-0.4,
20250429,15:16:12,-0.4,
20250429,15:16:12,-0.5,
20250429,15:16:12,-0.5,
20250429,15:16:12,-0.6,
20250429,15:16:12,-0.7,
20250429,15:16:12,-0.8,
20250429,15:16:12,-0.9,
20250429,15:16:12,-1.1,
20250429,15:16:13,-1.1,
20250429,15:16:13,-1.3,
20250429,15:16:13,-1.2,
20250429,15:16:13,-1.4,
20250429,15:16:13,-1.4,
20250429,15:16:13,-1.5,
20250429,15:16:13,-1.5,
20250429,15:16:13,-1.6,
20250429,15:16:13,-1.7,
20250429,15:16:13,-1.8,
20250429,15:16:13,-1.8,
20250429,15:16:13,-2,
20250429,15:16:13,-2,
20250429,15:16:13,-2.1,
20250429,15:16:13,-2.2,
20250429,15:16:13,-2.2,
20250429,15:16:13,-2.3,
20250429,15:16:13,-2.3,
20250429,15:16:13,-2.4,
20250429,15:16:13,-2.5,
20250429,15:16:14,-2.5,
20250429,15:16:14,-2.6,
20250429,15:16:14,-2.7,
20250429,15:16:14,-2.8,
20250429,15:16:14,-2.9,
20250429,15:16:14,-3,
20250429,15:16:14,-3.1,
20250429,15:16:14,-3,
20250429,15:16:14,-3.2,
20250429,15:16:14,-3.2,
20250429,15:16:14,-3.2,
20250429,15:16:14,-3.2,
20250429,15:16:14,-3.3,
20250429,15:16:14,-3.2,
20250429,15:16:14,-3.4,
20250429,15:16:14,-3.5,
20250429,15:16:14,-3.5,
20250429,15:16:14,-3.6,
20250429,15:16:14,-3.6,
20250429,15:16:14,-3.7,
20250429,15:16:15,-3.8,
20250429,15:16:15,-3.8,
20250429,15:16:15,-3.9,
20250429,15:16:15,-3.9,
20250429,15:16:15,-4,
20250429,15:16:15,-4,
20250429,15:16:15,-4,
20250429,15:16:15,-4,
20250429,15:16:15,-4.2,
20250429,15:16:15,-4.2,
20250429,15:16:15,-4.2,
20250429,15:16:15,-4.3,
20250429,15:16:15,-4.3,
20250429,15:16:15,-4.4,
20250429,15:16:15,-4.3,
20250429,15:16:15,-4.4,
20250429,15:16:15,-4.5,
20250429,15:16:15,-4.5,
20250429,15:16:15,-4.6,
20250429,15:16:15,-4.7,
20250429,15:16:16,-4.6,
20250429,15:16:16,-4.6,
20250429,15:16:16,-4.7,
20250429,15:16:16,-4.7,
20250429,15:16:16,-4.8,
20250429,15:16:16,-4.9,
20250429,15:16:16,-4.8,
20250429,15:16:16,-4.9,
20250429,15:16:16,-4.9,
20250429,15:16:16,-4.9,
20250429,15:16:16,-4.9,
20250429,15:16:16,-5,
20250429,15:16:16,-5,
20250429,15:16:16,-5,
20250429,15:16:16,-5.1,
20250429,15:16:16,-5.1,
20250429,15:16:16,-5.1,
20250429,15:16:16,-5,
20250429,15:16:16,-5.2,
20250429,15:16:16,-5.3,
20250429,15:16:17,-5.3,
20250429,15:16:17,-5.3,
20250429,15:16:17,-5.3,
20250429,15:16:17,-5.3,
20250429,15:16:17,-5.4,
20250429,15:16:17,-5.4,
20250429,15:16:17,-5.4,
20250429,15:16:17,-5.4,
20250429,15:16:17,-5.5,
20250429,15:16:17,-5.5,
20250429,15:16:17,-5.6,
20250429,15:16:17,-5.5,
20250429,15:16:17,-5.7,
20250429,15:16:17,-5.6,
20250429,15:16:17,-5.7,
20250429,15:16:17,-5.7,
20250429,15:16:17,-5.7,
20250429,15:16:17,-5.7,
20250429,15:16:17,-5.7,
20250429,15:16:17,-5.8,
20250429,15:16:18,-5.7,
20250429,15:16:18,-5.7,
20250429,15:16:18,-5.8,
20250429,15:16:18,-5.8,
20250429,15:16:18,-5.8,
20250429,15:16:18,-5.8,
20250429,15:16:18,-5.8,
20250429,15:16:18,-5.9,
20250429,15:16:18,-5.9,
20250429,15:16:18,-5.9,
20250429,15:16:18,-5.8,
20250429,15:16:18,-5.9,
20250429,15:16:18,-5.9,
20250429,15:16:18,-6.1,
20250429,15:16:18,-6,
20250429,15:16:18,-6.1,
20250429,15:16:18,-6.2,
20250429,15:16:18,-6,
20250429,15:16:18,-6.1,
20250429,15:16:18,-6.2,
20250429,15:16:18,-6.2,
20250429,15:16:19,-6.2,
20250429,15:16:19,-6.2,
20250429,15:16:19,-6.1,
20250429,15:16:19,-6.3,
20250429,15:16:19,-6.2,
20250429,15:16:19,-6.4,
20250429,15:16:19,-6.3,
20250429,15:16:19,-6.3,
20250429,15:16:19,-6.2,
20250429,15:16:19,-6.2,
20250429,15:16:19,-6.3,
20250429,15:16:19,-6.4,
20250429,15:16:19,-6.4,
20250429,15:16:19,-6.4,
20250429,15:16:19,-6.4,
20250429,15:16:19,-6.4,
20250429,15:16:19,-6.5,
20250429,15:16:19,-6.4,
20250429,15:16:19,-6.5,
20250429,15:16:19,-6.5,
20250429,15:16:20,-6.4,
20250429,15:16:20,-6.5,
20250429,15:16:20,-6.5,
20250429,15:16:20,-6.5,
20250429,15:16:20,-6.4,
20250429,15:16:20,-6.5,
20250429,15:16:20,-6.5,
20250429,15:16:20,-6.5,
20250429,15:16:20,-6.4,
20250429,15:16:20,-6.4,
20250429,15:16:20,-6.3,
20250429,15:16:20,-6.4,
20250429,15:16:20,-6.5,
20250429,15:16:20,-6.4,
20250429,15:16:20,-6.5,
20250429,15:16:20,-6.5,
20250429,15:16:20,-6.4,
20250429,15:16:20,-6.4,
20250429,15:16:20,-6.3,
20250429,15:16:20,-6.4,
20250429,15:16:21,-6.5,
20250429,15:16:21,-6.4,
20250429,15:16:21,-6.4,
20250429,15:16:21,-6.4,
20250429,15:16:21,-6.4,
20250429,15:16:21,-6.4,
20250429,15:16:21,-6.4,
20250429,15:16:21,-6.5,
20250429,15:16:21,-6.5,
20250429,15:16:21,-6.5,
20250429,15:16:21,-6.5,
20250429,15:16:21,-6.5,
20250429,15:16:21,-6.4,
20250429,15:16:21,-6.4,
20250429,15:16:21,-6.4,
20250429,15:16:21,-6.5,
20250429,15:16:21,-6.5,
20250429,15:16:21,-6.5,
20250429,15:16:21,-6.6,
20250429,15:16:21,-6.5,
20250429,15:16:22,-6.6,
20250429,15:16:22,-6.5,
20250429,15:16:22,-6.6,
20250429,15:16:22,-6.5,
20250429,15:16:22,-6.6,
20250429,15:16:22,-6.5,
20250429,15:16:22,-6.6,
20250429,15:16:22,-6.6,
20250429,15:16:22,-6.6,
20250429,15:16:22,-6.6,
20250429,15:16:22,-6.6,
20250429,15:16:22,-6.6,
20250429,15:16:22,-6.6,
20250429,15:16:22,-6.6,
20250429,15:16:22,-6.6,
20250429,15:16:22,-6.6,
20250429,15:16:22,-6.5,
20250429,15:16:22,-6.6,
20250429,15:16:22,-6.7,
20250429,15:16:22,-6.6,
20250429,15:16:22,-6.6,
20250429,15:16:23,-6.6,
20250429,15:16:23,-6.6,
20250429,15:16:23,-6.6,
20250429,15:16:23,-6.7,
20250429,15:16:23,-6.7,
20250429,15:16:23,-6.7,
20250429,15:16:23,-6.7,
20250429,15:16:23,-6.7,
20250429,15:16:23,-6.7,
20250429,15:16:23,-6.7,
20250429,15:16:23,-6.7,
20250429,15:16:23,-6.8,
20250429,15:16:23,-6.7,
20250429,15:16:23,-6.8,
20250429,15:16:23,-6.8,
20250429,15:16:23,-6.8,
20250429,15:16:23,-6.9,
20250429,15:16:23,-6.8,
20250429,15:16:23,-6.8,
20250429,15:16:23,-7,
20250429,15:16:24,-7.1,
20250429,15:16:24,-7.1,
20250429,15:16:24,-7,
20250429,15:16:24,-7.2,
20250429,15:16:24,-7.2,
20250429,15:16:24,-7.2,
20250429,15:16:24,-7.2,
20250429,15:16:24,-7.1,
20250429,15:16:24,-6.8,
20250429,15:16:24,-6.6,
20250429,15:16:24,-6.5,
20250429,15:16:24,-6.2,
20250429,15:16:24,-5.8,
20250429,15:16:24,-5.5,
20250429,15:16:24,-4.9,
20250429,15:16:24,-4.5,
20250429,15:16:24,-4,
20250429,15:16:24,-3.5,
20250429,15:16:24,-3.2,
20250429,15:16:24,-2.7,
20250429,15:16:25,-2.4,
20250429,15:16:25,-2.1,
20250429,15:16:25,-1.7,
20250429,15:16:25,-1.5,
20250429,15:16:25,-1.1,
20250429,15:16:25,-1,
20250429,15:16:25,-0.8,
20250429,15:16:25,-0.6,
20250429,15:16:25,-0.4,
20250429,15:16:25,-0.2,
20250429,15:16:25,-0.1,
20250429,15:16:25,0,
20250429,15:16:25,0.1,
20250429,15:16:25,0.2,
20250429,15:16:25,0.3,
20250429,15:16:25,0.3,
20250429,15:16:25,0.4,
20250429,15:16:25,0.4,
20250429,15:16:25,0.6,
20250429,15:16:25,0.6,
20250429,15:16:26,0.5,
20250429,15:16:26,0.5,
20250429,15:16:26,0.5,
20250429,15:16:26,0.5,
20250429,15:16:26,0.6,
20250429,15:16:26,0.5,
20250429,15:16:26,0.5,
20250429,15:16:26,0.4,
20250429,15:16:26,0.4,
20250429,15:16:26,0.4,
20250429,15:16:26,0.4,
20250429,15:16:26,0.3,
20250429,15:16:26,0.3,
20250429,15:16:26,0.3,
20250429,15:16:26,0.2,
20250429,15:16:26,0.1,
20250429,15:16:26,0.2,
20250429,15:16:26,0.1,
20250429,15:16:26,0,
20250429,15:16:26,-0.1,
20250429,15:16:26,-0.2,
20250429,15:16:27,-0.2,
20250429,15:16:27,-0.2,
20250429,15:16:27,-0.2,
20250429,15:16:27,-0.3,
20250429,15:16:27,-0.1,
20250429,15:16:27,0,
20250429,15:16:27,0.1,
20250429,15:16:27,0.2,
20250429,15:16:27,0.2,
20250429,15:16:27,0.3,
20250429,15:16:27,0.6,
20250429,15:16:27,0.8,
20250429,15:16:27,1,
20250429,15:16:27,1.2,
20250429,15:16:27,1.4,
20250429,15:16:27,1.6,
20250429,15:16:27,1.8,
20250429,15:16:27,2,
20250429,15:16:27,2.1,
20250429,15:16:27,2.3,
20250429,15:16:28,2.6,
20250429,15:16:28,2.8,
20250429,15:16:28,3,
20250429,15:16:28,3.2,
20250429,15:16:28,3.3,
20250429,15:16:28,3.5,
20250429,15:16:28,3.6,
20250429,15:16:28,3.8,
20250429,15:16:28,4,
20250429,15:16:28,4.2,
20250429,15:16:28,4.4,
20250429,15:16:28,4.5,
20250429,15:16:28,4.6,
20250429,15:16:28,4.7,
20250429,15:16:28,4.9,
20250429,15:16:28,5.1,
20250429,15:16:28,5.3,
20250429,15:16:28,5.3,
20250429,15:16:28,5.6,
20250429,15:16:28,5.7,
20250429,15:16:28,5.9,
20250429,15:16:29,6,
20250429,15:16:29,6.2,
20250429,15:16:29,6.3,
20250429,15:16:29,6.4,
20250429,15:16:29,6.5,
20250429,15:16:29,6.6,
20250429,15:16:29,6.7,
20250429,15:16:29,6.9,
20250429,15:16:29,6.9,
20250429,15:16:29,7.1,
20250429,15:16:29,7.1,
20250429,15:16:29,7.1,
20250429,15:16:29,7.2,
20250429,15:16:29,7.4,
20250429,15:16:29,7.4,
20250429,15:16:29,7.4,
20250429,15:16:29,7.5,
20250429,15:16:29,7.5,
20250429,15:16:29,7.6,
20250429,15:16:29,7.6,
20250429,15:16:29,7.7,
20250429,15:16:30,7.8,
20250429,15:16:30,7.8,
20250429,15:16:30,7.9,
20250429,15:16:30,7.9,
20250429,15:16:30,7.9,
20250429,15:16:30,7.9,
20250429,15:16:30,7.9,
20250429,15:16:30,7.9,
20250429,15:16:30,7.9,
20250429,15:16:30,7.9,
20250429,15:16:30,7.9,
20250429,15:16:30,7.9,
20250429,15:16:30,7.9,
20250429,15:16:30,7.9,
20250429,15:16:30,7.8,
20250429,15:16:30,7.7,
20250429,15:16:30,7.7,
20250429,15:16:30,7.7,
20250429,15:16:30,7.6,
20250429,15:16:30,7.6,
20250429,15:16:31,7.5,
20250429,15:16:31,7.5,
20250429,15:16:31,7.4,
20250429,15:16:31,7.4,
20250429,15:16:31,7.3,
20250429,15:16:31,7.2,
20250429,15:16:31,7.2,
20250429,15:16:31,7.1,
20250429,15:16:31,7.1,
20250429,15:16:31,7.1,
20250429,15:16:31,7,
20250429,15:16:31,6.9,
20250429,15:16:31,6.8,
20250429,15:16:31,6.8,
20250429,15:16:31,6.7,
20250429,15:16:31,6.6,
20250429,15:16:31,6.5,
20250429,15:16:31,6.5,
20250429,15:16:31,6.3,
20250429,15:16:31,6.3,
20250429,15:16:31,6.3,
20250429,15:16:32,6.2,
20250429,15:16:32,6.1,
20250429,15:16:32,5.9,
20250429,15:16:32,6,
20250429,15:16:32,5.9,
20250429,15:16:32,5.8,
20250429,15:16:32,5.7,
20250429,15:16:32,5.6,
20250429,15:16:32,5.6,
20250429,15:16:32,5.5,
20250429,15:16:32,5.4,
20250429,15:16:32,5.3,
20250429,15:16:32,5.3,
20250429,15:16:32,5.3,
20250429,15:16:32,5.2,
20250429,15:16:32,5.1,
20250429,15:16:32,5.1,
20250429,15:16:32,5,
20250429,15:16:32,4.9,
20250429,15:16:32,4.9,
20250429,15:16:32,4.7,
20250429,15:16:33,4.6,
20250429,15:16:33,4.6,
20250429,15:16:33,4.5,
20250429,15:16:33,4.4,
20250429,15:16:33,4.4,
20250429,15:16:33,4.2,
20250429,15:16:33,4.3,
20250429,15:16:33,4.1,
20250429,15:16:33,4.1,
20250429,15:16:33,4.1,
20250429,15:16:33,4.1,
20250429,15:16:33,4,
20250429,15:16:33,3.7,
20250429,15:16:33,4,
20250429,15:16:33,3.7,
20250429,15:16:33,3.7,
20250429,15:16:33,3.7,
20250429,15:16:33,3.7,
20250429,15:16:33,3.7,
20250429,15:16:33,3.6,
20250429,15:16:34,3.6,
20250429,15:16:34,3.6,
20250429,15:16:34,3.6,
20250429,15:16:34,3.6,
20250429,15:16:34,3.6,
20250429,15:16:34,3.5,
20250429,15:16:34,3.6,
20250429,15:16:34,3.6,
20250429,15:16:34,3.6,
20250429,15:16:34,3.7,
20250429,15:16:34,3.6,
20250429,15:16:34,3.8,
20250429,15:16:34,3.9,
20250429,15:16:34,3.9,
20250429,15:16:34,3.7,
20250429,15:16:34,3.8,
20250429,15:16:34,3.9,
20250429,15:16:34,4,
20250429,15:16:34,4,
20250429,15:16:34,4,
20250429,15:16:34,4,
20250429,15:16:35,4,
20250429,15:16:35,4.2,
20250429,15:16:35,4.3,
20250429,15:16:35,4.3,
20250429,15:16:35,4.4,
20250429,15:16:35,4.4,
20250429,15:16:35,4.5,
20250429,15:16:35,4.4,
20250429,15:16:35,4.5,
20250429,15:16:35,4.4,
20250429,15:16:35,4.5,
20250429,15:16:35,4.4,
20250429,15:16:35,4.5,
20250429,15:16:35,4.5,
20250429,15:16:35,4.5,
20250429,15:16:35,4.4,
20250429,15:16:35,4.3,
20250429,15:16:35,4.3,
20250429,15:16:35,4.2,
20250429,15:16:35,4.2,
20250429,15:16:35,4.2,
20250429,15:16:36,4.2,
20250429,15:16:36,4.2,
20250429,15:16:36,4.1,
20250429,15:16:36,4,
20250429,15:16:36,4,
20250429,15:16:36,3.8,
20250429,15:16:36,3.8,
20250429,15:16:36,3.7,
20250429,15:16:36,3.7,
20250429,15:16:36,3.6,
20250429,15:16:36,3.6,
20250429,15:16:36,3.6,
20250429,15:16:36,3.5,
20250429,15:16:36,3.4,
20250429,15:16:36,3.3,
20250429,15:16:36,3.2,
20250429,15:16:36,3.1,
20250429,15:16:36,3,
20250429,15:16:36,2.9,
20250429,15:16:36,2.9,
20250429,15:16:37,2.8,
20250429,15:16:37,2.7,
20250429,15:16:37,2.6,
20250429,15:16:37,2.6,
20250429,15:16:37,2.4,
20250429,15:16:37,2.3,
20250429,15:16:37,2.3,
20250429,15:16:37,2.3,
20250429,15:16:37,2.1,
20250429,15:16:37,2,
20250429,15:16:37,1.9,
20250429,15:16:37,1.9,
20250429,15:16:37,1.9,
20250429,15:16:37,1.8,
20250429,15:16:37,1.8,
20250429,15:16:37,1.7,
20250429,15:16:37,1.6,
20250429,15:16:37,1.5,
20250429,15:16:37,1.3,
20250429,15:16:37,1.2,
20250429,15:16:37,1.1,
20250429,15:16:38,1.1,
20250429,15:16:38,1.1,
20250429,15:16:38,1,
20250429,15:16:38,1,
20250429,15:16:38,1,
20250429,15:16:38,0.7,
20250429,15:16:38,0.7,
20250429,15:16:38,0.6,
20250429,15:16:38,0.4,
20250429,15:16:38,0.4,
20250429,15:16:38,0.3,
20250429,15:16:38,0.2,
20250429,15:16:38,0.2,
20250429,15:16:38,0.1,
20250429,15:16:38,0.1,
20250429,15:16:38,0,
20250429,15:16:38,-0.1,
20250429,15:16:38,-0.1,
20250429,15:16:38,-0.3,
20250429,15:16:38,-0.3,
20250429,15:16:38,-0.4,
20250429,15:16:39,-0.5,
20250429,15:16:39,-0.5,
20250429,15:16:39,-0.6,
20250429,15:16:39,-0.7,
20250429,15:16:39,-0.8,
20250429,15:16:39,-0.8,
20250429,15:16:39,-0.8,
20250429,15:16:39,-0.9,
20250429,15:16:39,-1,
20250429,15:16:39,-0.9,
20250429,15:16:39,-0.9,
20250429,15:16:39,-0.9,
20250429,15:16:39,-0.8,
20250429,15:16:39,-0.7,
20250429,15:16:39,-0.6,
20250429,15:16:39,-0.5,
20250429,15:16:39,-0.3,
20250429,15:16:39,-0.1,
20250429,15:16:39,0.1,
20250429,15:16:39,0.2,
20250429,15:16:40,0.5,
20250429,15:16:40,0.6,
20250429,15:16:40,0.8,
20250429,15:16:40,1,
20250429,15:16:40,1.2,
20250429,15:16:40,1.3,
20250429,15:16:40,1.5,
20250429,15:16:40,1.6,
20250429,15:16:40,1.8,
20250429,15:16:40,1.9,
20250429,15:16:40,1.9,
20250429,15:16:40,1.9,
20250429,15:16:40,2,
20250429,15:16:40,2.1,
20250429,15:16:40,2.1,
20250429,15:16:40,2.2,
20250429,15:16:40,2.2,
20250429,15:16:40,2.2,
20250429,15:16:40,2.2,
20250429,15:16:40,2.2,
20250429,15:16:41,2.2,
20250429,15:16:41,2.2,
20250429,15:16:41,2.2,
20250429,15:16:41,2.1,
20250429,15:16:41,2.1,
20250429,15:16:41,2,
20250429,15:16:41,2,
20250429,15:16:41,2.1,
20250429,15:16:41,1.9,
20250429,15:16:41,1.9,
20250429,15:16:41,1.9,
20250429,15:16:41,1.8,
20250429,15:16:41,1.8,
20250429,15:16:41,1.6,
20250429,15:16:41,1.7,
20250429,15:16:41,1.6,
20250429,15:16:41,1.5,
20250429,15:16:41,1.5,
20250429,15:16:41,1.4,
20250429,15:16:41,1.4,
20250429,15:16:41,1.4,
20250429,15:16:42,1.4,
20250429,15:16:42,1.4,
20250429,15:16:42,1.4,
20250429,15:16:42,1.5,
20250429,15:16:42,1.5,
20250429,15:16:42,1.6,
20250429,15:16:42,1.6,
20250429,15:16:42,1.6,
20250429,15:16:42,1.7,
20250429,15:16:42,1.8,
20250429,15:16:42,1.8,
20250429,15:16:42,1.9,
20250429,15:16:42,1.9,
20250429,15:16:42,2,
20250429,15:16:42,2,
20250429,15:16:42,2,
20250429,15:16:42,2.1,
20250429,15:16:42,2.1,
20250429,15:16:42,2,
20250429,15:16:42,2.1,
20250429,15:16:42,2.1,
20250429,15:16:43,2.1,
20250429,15:16:43,2.1,
20250429,15:16:43,2.1,
20250429,15:16:43,2.1,
20250429,15:16:43,2.1,
20250429,15:16:43,2.1,
20250429,15:16:43,2.1,
20250429,15:16:43,2,
20250429,15:16:43,2,
20250429,15:16:43,2,
20250429,15:16:43,1.9,
20250429,15:16:43,1.9,
20250429,15:16:43,1.9,
20250429,15:16:43,1.9,
20250429,15:16:43,1.8,
20250429,15:16:43,1.7,
20250429,15:16:43,1.7,
20250429,15:16:43,1.6,
20250429,15:16:43,1.5,
20250429,15:16:43,1.4,
20250429,15:16:43,1.4,
20250429,15:16:44,1.3,
20250429,15:16:44,1.3,
20250429,15:16:44,1.3,
20250429,15:16:44,1.2,
20250429,15:16:44,1.1,
20250429,15:16:44,1.1,
20250429,15:16:44,1.1,
20250429,15:16:44,1.1,
20250429,15:16:44,1,
20250429,15:16:44,1,
20250429,15:16:44,1,
20250429,15:16:44,0.9,
20250429,15:16:44,0.9,
20250429,15:16:44,0.9,
20250429,15:16:44,0.8,
20250429,15:16:44,0.8,
20250429,15:16:44,0.7,
20250429,15:16:44,0.6,
20250429,15:16:44,0.5,
20250429,15:16:44,0.4,
20250429,15:16:45,0.3,
20250429,15:16:45,0.3,
20250429,15:16:45,0.2,
20250429,15:16:45,0.2,
20250429,15:16:45,0.1,
20250429,15:16:45,0,
20250429,15:16:45,-0.2,
20250429,15:16:45,-0.3,
20250429,15:16:45,-0.4,
20250429,15:16:45,-0.5,
20250429,15:16:45,-0.5,
20250429,15:16:45,-0.6,
20250429,15:16:45,-0.6,
20250429,15:16:45,-0.7,
20250429,15:16:45,-0.7,
20250429,15:16:45,-0.8,
20250429,15:16:45,-0.9,
20250429,15:16:45,-0.8,
20250429,15:16:45,-0.9,
20250429,15:16:45,-1,
20250429,15:16:46,-1,
20250429,15:16:46,-1.1,
20250429,15:16:46,-1.1,
20250429,15:16:46,-1.2,
20250429,15:16:46,-1.2,
20250429,15:16:46,-1.2,
20250429,15:16:46,-1.2,
20250429,15:16:46,-1.3,
20250429,15:16:46,-1.3,
20250429,15:16:46,-1.3,
20250429,15:16:46,-1.4,
20250429,15:16:46,-1.4,
20250429,15:16:46,-1.4,
20250429,15:16:46,-1.5,
20250429,15:16:46,-1.5,
20250429,15:16:46,-1.5,
20250429,15:16:46,-1.5,
20250429,15:16:46,-1.5,
20250429,15:16:46,-1.6,
20250429,15:16:46,-1.5,
20250429,15:16:46,-1.6,
20250429,15:16:47,-1.7,
20250429,15:16:47,-1.6,
20250429,15:16:47,-1.7,
20250429,15:16:47,-1.7,
20250429,15:16:47,-1.8,
20250429,15:16:47,-1.9,
20250429,15:16:47,-1.9,
20250429,15:16:47,-1.9,
20250429,15:16:47,-1.9,
20250429,15:16:47,-2,
20250429,15:16:47,-2,
20250429,15:16:47,-2.1,
20250429,15:16:47,-2,
20250429,15:16:47,-2.1,
20250429,15:16:47,-2.1,
20250429,15:16:47,-2.2,
20250429,15:16:47,-2.2,
20250429,15:16:47,-2.3,
20250429,15:16:47,-2.3,
20250429,15:16:47,-2.3,
20250429,15:16:48,-2.3,
20250429,15:16:48,-2.4,
20250429,15:16:48,-2.3,
20250429,15:16:48,-2.4,
20250429,15:16:48,-2.5,
20250429,15:16:48,-2.5,
20250429,15:16:48,-2.5,
20250429,15:16:48,-2.6,
20250429,15:16:48,-2.6,
20250429,15:16:48,-2.6,
20250429,15:16:48,-2.7,
20250429,15:16:48,-2.7,
20250429,15:16:48,-2.8,
20250429,15:16:48,-2.8,
20250429,15:16:48,-2.8,
20250429,15:16:48,-2.8,
20250429,15:16:48,-2.9,
20250429,15:16:48,-3,
20250429,15:16:48,-3,
20250429,15:16:48,-3.1,
20250429,15:16:49,-3.1,
20250429,15:16:49,-3.2,
20250429,15:16:49,-3.2,
20250429,15:16:49,-3.2,
20250429,15:16:49,-3.2,
20250429,15:16:49,-3.2,
20250429,15:16:49,-3.2,
20250429,15:16:49,-3.3,
20250429,15:16:49,-3.3,
20250429,15:16:49,-3.3,
20250429,15:16:49,-3.4,
20250429,15:16:49,-3.5,
20250429,15:16:49,-3.5,
20250429,15:16:49,-3.5,
20250429,15:16:49,-3.5,
20250429,15:16:49,-3.5,
20250429,15:16:49,-3.7,
20250429,15:16:49,-3.7,
20250429,15:16:49,-3.7,
20250429,15:16:49,-3.8,
20250429,15:16:50,-3.8,
20250429,15:16:50,-3.8,
20250429,15:16:50,-3.8,
20250429,15:16:50,-3.9,
20250429,15:16:50,-3.9,
20250429,15:16:50,-4,
20250429,15:16:50,-4,
20250429,15:16:50,-4,
20250429,15:16:50,-4,
20250429,15:16:50,-4,
20250429,15:16:50,-4,
20250429,15:16:50,-4.1,
20250429,15:16:50,-4,
20250429,15:16:50,-4.1,
20250429,15:16:50,-4.1,
20250429,15:16:50,-4.1,
20250429,15:16:50,-4.1,
20250429,15:16:50,-4.2,
20250429,15:16:50,-4.3,
20250429,15:16:50,-4.3,
20250429,15:16:51,-4.3,
20250429,15:16:51,-4.3,
20250429,15:16:51,-4.3,
20250429,15:16:51,-4.4,
20250429,15:16:51,-4.4,
20250429,15:16:51,-4.4,
20250429,15:16:51,-4.5,
20250429,15:16:51,-4.5,
20250429,15:16:51,-4.5,
20250429,15:16:51,-4.6,
20250429,15:16:51,-4.5,
20250429,15:16:51,-4.6,
20250429,15:16:51,-4.6,
20250429,15:16:51,-4.6,
20250429,15:16:51,-4.7,
20250429,15:16:51,-4.7,
20250429,15:16:51,-4.7,
20250429,15:16:51,-4.7,
20250429,15:16:51,-4.8,
20250429,15:16:51,-4.8,
20250429,15:16:51,-4.8,
20250429,15:16:52,-4.8,
20250429,15:16:52,-4.9,
20250429,15:16:52,-4.9,
20250429,15:16:52,-4.9,
20250429,15:16:52,-4.9,
20250429,15:16:52,-4.9,
20250429,15:16:52,-4.9,
20250429,15:16:52,-4.9,
20250429,15:16:52,-4.9,
20250429,15:16:52,-4.9,
20250429,15:16:52,-4.9,
20250429,15:16:52,-4.9,
20250429,15:16:52,-5,
20250429,15:16:52,-4.9,
20250429,15:16:52,-5,
20250429,15:16:52,-4.9,
20250429,15:16:52,-5,
20250429,15:16:52,-5,
20250429,15:16:52,-5,
20250429,15:16:52,-5,
20250429,15:16:53,-5,
20250429,15:16:53,-5,
20250429,15:16:53,-5.1,
20250429,15:16:53,-5.1,
20250429,15:16:53,-5.1,
20250429,15:16:53,-5.1,
20250429,15:16:53,-5.1,
20250429,15:16:53,-5.1,
20250429,15:16:53,-5.2,
20250429,15:16:53,-5.2,
20250429,15:16:53,-5.2,
20250429,15:16:53,-5.2,
20250429,15:16:53,-5.2,
20250429,15:16:53,-5.2,
20250429,15:16:53,-5.1,
20250429,15:16:53,-5.2,
20250429,15:16:53,-5.2,
20250429,15:16:53,-5.1,
20250429,15:16:53,-5.1,
20250429,15:16:53,-5.1,
20250429,15:16:54,-5,
20250429,15:16:54,-5,
20250429,15:16:54,-5,
20250429,15:16:54,-4.9,
20250429,15:16:54,-4.9,
20250429,15:16:54,-4.9,
20250429,15:16:54,-4.9,
20250429,15:16:54,-4.8,
20250429,15:16:54,-4.8,
20250429,15:16:54,-4.8,
20250429,15:16:54,-4.7,
20250429,15:16:54,-4.7,
20250429,15:16:54,-4.6,
20250429,15:16:54,-4.6,
20250429,15:16:54,-4.6,
20250429,15:16:54,-4.6,
20250429,15:16:54,-4.6,
20250429,15:16:54,-4.6,
20250429,15:16:54,-4.5,
20250429,15:16:54,-4.5,
20250429,15:16:55,-4.5,
20250429,15:16:55,-4.5,
20250429,15:16:55,-4.5,
20250429,15:16:55,-4.5,
20250429,15:16:55,-4.5,
20250429,15:16:55,-4.5,
20250429,15:16:55,-4.5,
20250429,15:16:55,-4.5,
20250429,15:16:55,-4.5,
20250429,15:16:55,-4.5,
20250429,15:16:55,-4.5,
20250429,15:16:55,-4.6,
20250429,15:16:55,-4.6,
20250429,15:16:55,-4.6,
20250429,15:16:55,-4.7,
20250429,15:16:55,-4.7,
20250429,15:16:55,-4.6,
20250429,15:16:55,-4.7,
20250429,15:16:55,-4.7,
20250429,15:16:55,-4.8,
20250429,15:16:56,-4.8,
20250429,15:16:56,-4.8,
20250429,15:16:56,-4.9,
20250429,15:16:56,-4.9,
20250429,15:16:56,-4.8,
20250429,15:16:56,-4.9,
20250429,15:16:56,-4.9,
20250429,15:16:56,-4.9,
20250429,15:16:56,-5,
20250429,15:16:56,-5,
20250429,15:16:56,-5,
20250429,15:16:56,-5,
20250429,15:16:56,-5.1,
20250429,15:16:56,-5.2,
20250429,15:16:56,-5.1,
20250429,15:16:56,-5.1,
20250429,15:16:56,-5.1,
20250429,15:16:56,-5.2,
20250429,15:16:56,-5.2,
20250429,15:16:56,-5.2,
20250429,15:16:57,-5.3,
20250429,15:16:57,-5.3,
20250429,15:16:57,-5.4,
20250429,15:16:57,-5.4,
20250429,15:16:57,-5.4,
20250429,15:16:57,-5.4,
20250429,15:16:57,-5.5,
20250429,15:16:57,-5.5,
20250429,15:16:57,-5.6,
20250429,15:16:57,-5.6,
20250429,15:16:57,-5.6,
20250429,15:16:57,-5.5,
20250429,15:16:57,-5.6,
20250429,15:16:57,-5.6,
20250429,15:16:57,-5.7,
20250429,15:16:57,-5.6,
20250429,15:16:57,-5.7,
20250429,15:16:57,-5.7,
20250429,15:16:57,-5.7,
20250429,15:16:57,-5.8,
20250429,15:16:57,-5.8,
20250429,15:16:58,-5.8,
20250429,15:16:58,-5.7,
20250429,15:16:58,-5.8,
20250429,15:16:58,-5.8,
20250429,15:16:58,-5.8,
20250429,15:16:58,-5.8,
20250429,15:16:58,-5.8,
20250429,15:16:58,-5.8,
20250429,15:16:58,-5.8,
20250429,15:16:58,-5.8,
20250429,15:16:58,-5.8,
20250429,15:16:58,-5.8,
20250429,15:16:58,-5.8,
20250429,15:16:58,-5.8,
20250429,15:16:58,-5.8,
20250429,15:16:58,-5.8,
20250429,15:16:58,-5.8,
20250429,15:16:58,-5.8,
20250429,15:16:58,-5.8,
20250429,15:16:58,-5.8,
20250429,15:16:59,-5.8,
20250429,15:16:59,-5.8,
20250429,15:16:59,-5.8,
20250429,15:16:59,-5.9,
20250429,15:16:59,-5.9,
20250429,15:16:59,-5.9,
20250429,15:16:59,-5.9,
20250429,15:16:59,-5.9,
20250429,15:16:59,-5.9,
20250429,15:16:59,-5.9,
20250429,15:16:59,-6,
20250429,15:16:59,-6,
20250429,15:16:59,-6.1,
20250429,15:16:59,-6.1,
20250429,15:16:59,-6.1,
20250429,15:16:59,-6.1,
20250429,15:16:59,-6.1,
20250429,15:16:59,-6.1,
20250429,15:16:59,-6.2,
20250429,15:16:59,-6.1,
20250429,15:17:00,-6.2,
20250429,15:17:00,-6.1,
20250429,15:17:00,-6.2,
20250429,15:17:00,-6.1,
20250429,15:17:00,-6.2,
20250429,15:17:00,-6.2,
20250429,15:17:00,-6.3,
20250429,15:17:00,-6.2,
20250429,15:17:00,-6.3,
20250429,15:17:00,-6.3,
20250429,15:17:00,-6.3,
20250429,15:17:00,-6.3,
20250429,15:17:00,-6.3,
20250429,15:17:00,-6.4,
20250429,15:17:00,-6.3,
20250429,15:17:00,-6.4,
20250429,15:17:00,-6.4,
20250429,15:17:00,-6.4,
20250429,15:17:00,-6.4,
20250429,15:17:00,-6.4,
20250429,15:17:01,-6.4,
20250429,15:17:01,-6.4,
20250429,15:17:01,-6.4,
20250429,15:17:01,-6.5,
20250429,15:17:01,-6.5,
20250429,15:17:01,-6.5,
20250429,15:17:01,-6.5,
20250429,15:17:01,-6.5,
20250429,15:17:01,-6.6,
20250429,15:17:01,-6.6,
20250429,15:17:01,-6.5,
20250429,15:17:01,-6.5,
20250429,15:17:01,-6.6,
20250429,15:17:01,-6.6,
20250429,15:17:01,-6.5,
20250429,15:17:01,-6.6,
20250429,15:17:01,-6.6,
20250429,15:17:01,-6.6,
20250429,15:17:01,-6.5,
20250429,15:17:01,-6.6,
20250429,15:17:02,-6.6,
20250429,15:17:02,-6.6,
20250429,15:17:02,-6.6,
20250429,15:17:02,-6.6,
20250429,15:17:02,-6.6,
20250429,15:17:02,-6.6,
20250429,15:17:02,-6.6,
20250429,15:17:02,-6.6,
20250429,15:17:02,-6.6,
20250429,15:17:02,-6.6,
20250429,15:17:02,-6.6,
20250429,15:17:02,-6.6,
20250429,15:17:02,-6.6,
20250429,15:17:02,-6.6,
20250429,15:17:02,-6.7,
20250429,15:17:02,-6.6,
20250429,15:17:02,-6.7,
20250429,15:17:02,-6.7,
20250429,15:17:02,-6.7,
20250429,15:17:02,-6.8,
20250429,15:17:03,-6.8,
20250429,15:17:03,-6.8,
20250429,15:17:03,-6.8,
20250429,15:17:03,-6.8,
20250429,15:17:03,-6.8,
20250429,15:17:03,-6.8,
20250429,15:17:03,-6.9,
20250429,15:17:03,-6.9,
20250429,15:17:03,-6.9,
20250429,15:17:03,-6.9,
20250429,15:17:03,-7,
20250429,15:17:03,-7,
20250429,15:17:03,-7,
20250429,15:17:03,-7,
20250429,15:17:03,-7.1,
20250429,15:17:03,-7.1,
20250429,15:17:03,-7.1,
20250429,15:17:03,-7.1,
20250429,15:17:03,-7.1,
20250429,15:17:03,-7.2,
20250429,15:17:03,-7.2,
20250429,15:17:04,-7.2,
20250429,15:17:04,-7.2,
20250429,15:17:04,-7.2,
20250429,15:17:04,-7.2,
20250429,15:17:04,-7.3,
20250429,15:17:04,-7.3,
20250429,15:17:04,-7.3,
20250429,15:17:04,-7.2,
20250429,15:17:04,-7.3,
20250429,15:17:04,-7.3,
20250429,15:17:04,-7.4,
20250429,15:17:04,-7.4,
20250429,15:17:04,-7.4,
20250429,15:17:04,-7.4,
20250429,15:17:04,-7.4,
20250429,15:17:04,-7.4,
20250429,15:17:04,-7.4,
20250429,15:17:04,-7.4,
20250429,15:17:04,-7.4,
20250429,15:17:04,-7.5,
20250429,15:17:05,-7.4,
20250429,15:17:05,-7.4,
20250429,15:17:05,-7.5,
20250429,15:17:05,-7.5,
20250429,15:17:05,-7.5,
20250429,15:17:05,-7.5,
20250429,15:17:05,-7.5,
20250429,15:17:05,-7.5,
20250429,15:17:05,-7.5,
20250429,15:17:05,-7.4,
20250429,15:17:05,-7.5,
20250429,15:17:05,-7.5,
20250429,15:17:05,-7.4,
20250429,15:17:05,-7.5,
20250429,15:17:05,-7.4,
20250429,15:17:05,-7.5,
20250429,15:17:05,-7.5,
20250429,15:17:05,-7.5,
20250429,15:17:05,-7.5,
20250429,15:17:05,-7.5,
20250429,15:17:06,-7.5,
20250429,15:17:06,-7.5,
20250429,15:17:06,-7.5,
20250429,15:17:06,-7.5,
20250429,15:17:06,-7.5,
20250429,15:17:06,-7.5,
20250429,15:17:06,-7.5,
20250429,15:17:06,-7.5,
20250429,15:17:06,-7.5,
20250429,15:17:06,-7.5,
20250429,15:17:06,-7.5,
20250429,15:17:06,-7.5,
20250429,15:17:06,-7.5,
20250429,15:17:06,-7.5,
20250429,15:17:06,-7.5,
20250429,15:17:06,-7.5,
20250429,15:17:06,-7.5,
20250429,15:17:06,-7.6,
20250429,15:17:06,-7.6,
20250429,15:17:06,-7.6,
20250429,15:17:07,-7.6,
20250429,15:17:07,-7.6,
20250429,15:17:07,-7.6,
20250429,15:17:07,-7.6,
20250429,15:17:07,-7.7,
20250429,15:17:07,-7.7,
20250429,15:17:07,-7.7,
20250429,15:17:07,-7.7,
20250429,15:17:07,-7.7,
20250429,15:17:07,-7.7,
20250429,15:17:07,-7.7,
20250429,15:17:07,-7.7,
20250429,15:17:07,-7.7,
20250429,15:17:07,-7.7,
20250429,15:17:07,-7.8,
20250429,15:17:07,-7.8,
20250429,15:17:07,-7.8,
20250429,15:17:07,-7.8,
20250429,15:17:07,-7.8,
20250429,15:17:07,-7.8,
20250429,15:17:08,-7.8,
20250429,15:17:08,-7.8,
20250429,15:17:08,-7.9,
20250429,15:17:08,-7.9,
20250429,15:17:08,-7.9,
20250429,15:17:08,-7.8,
20250429,15:17:08,-8,
20250429,15:17:08,-7.9,
20250429,15:17:08,-7.9,
20250429,15:17:08,-7.9,
20250429,15:17:08,-7.9,
20250429,15:17:08,-8,
20250429,15:17:08,-7.9,
20250429,15:17:08,-8,
20250429,15:17:08,-8,
20250429,15:17:08,-8,
20250429,15:17:08,-7.9,
20250429,15:17:08,-8,
20250429,15:17:08,-8,
20250429,15:17:08,-8.1,
20250429,15:17:08,-8,
20250429,15:17:09,-8,
20250429,15:17:09,-8,
20250429,15:17:09,-8,
20250429,15:17:09,-8.1,
20250429,15:17:09,-8.1,
20250429,15:17:09,-8.1,
20250429,15:17:09,-8.1,
20250429,15:17:09,-8.2,
20250429,15:17:09,-8.1,
20250429,15:17:09,-8.2,
20250429,15:17:09,-8.2,
20250429,15:17:09,-8.2,
20250429,15:17:09,-8.3,
20250429,15:17:09,-8.3,
20250429,15:17:09,-8.3,
20250429,15:17:09,-8.3,
20250429,15:17:09,-8.3,
20250429,15:17:09,-8.3,
20250429,15:17:09,-8.3,
20250429,15:17:09,-8.4,
20250429,15:17:10,-8.4,
20250429,15:17:10,-8.5,
20250429,15:17:10,-8.5,
20250429,15:17:10,-8.5,
20250429,15:17:10,-8.6,
20250429,15:17:10,-8.6,
20250429,15:17:10,-8.6,
20250429,15:17:10,-8.6,
20250429,15:17:10,-8.5,
20250429,15:17:10,-8.5,
20250429,15:17:10,-8.5,
20250429,15:17:10,-8.5,
20250429,15:17:10,-8.3,
20250429,15:17:10,-8.3,
20250429,15:17:10,-8.2,
20250429,15:17:10,-8.1,
20250429,15:17:10,-7.9,
20250429,15:17:10,-7.7,
20250429,15:17:10,-7.5,
20250429,15:17:10,-7.3,
20250429,15:17:11,-7.2,
20250429,15:17:11,-6.9,
20250429,15:17:11,-6.7,
20250429,15:17:11,-6.6,
20250429,15:17:11,-6.4,
20250429,15:17:11,-6,
20250429,15:17:11,-5.9,
20250429,15:17:11,-5.8,
20250429,15:17:11,-5.7,
20250429,15:17:11,-5.6,
20250429,15:17:11,-5.3,
20250429,15:17:11,-5.3,
20250429,15:17:11,-5.3,
20250429,15:17:11,-5.1,
20250429,15:17:11,-5,
20250429,15:17:11,-5.1,
20250429,15:17:11,-5.1,
20250429,15:17:11,-5.1,
20250429,15:17:11,-5,
20250429,15:17:11,-5,
20250429,15:17:12,-5.1,
20250429,15:17:12,-5.2,
20250429,15:17:12,-5.2,
20250429,15:17:12,-5.2,
20250429,15:17:12,-5.2,
20250429,15:17:12,-5.3,
20250429,15:17:12,-5.4,
20250429,15:17:12,-5.4,
20250429,15:17:12,-5.5,
20250429,15:17:12,-5.6,
20250429,15:17:12,-5.7,
20250429,15:17:12,-5.8,
20250429,15:17:12,-5.8,
20250429,15:17:12,-5.8,
20250429,15:17:12,-5.9,
20250429,15:17:12,-6,
20250429,15:17:12,-6,
20250429,15:17:12,-6.1,
20250429,15:17:12,-6.2,
20250429,15:17:12,-6.3,
20250429,15:17:13,-6.4,
20250429,15:17:13,-6.4,
20250429,15:17:13,-6.5,
20250429,15:17:13,-6.6,
20250429,15:17:13,-6.6,
20250429,15:17:13,-6.6,
20250429,15:17:13,-6.7,
20250429,15:17:13,-6.8,
20250429,15:17:13,-6.8,
20250429,15:17:13,-6.8,
20250429,15:17:13,-7,
20250429,15:17:13,-7,
20250429,15:17:13,-7.1,
20250429,15:17:13,-7.1,
20250429,15:17:13,-7.2,
20250429,15:17:13,-7.2,
20250429,15:17:13,-7.3,
20250429,15:17:13,-7.3,
20250429,15:17:13,-7.3,
20250429,15:17:13,-7.4,
20250429,15:17:13,-7.5,
20250429,15:17:14,-7.5,
20250429,15:17:14,-7.5,
20250429,15:17:14,-7.5,
20250429,15:17:14,-7.5,
20250429,15:17:14,-7.6,
20250429,15:17:14,-7.7,
20250429,15:17:14,-7.7,
20250429,15:17:14,-7.7,
20250429,15:17:14,-7.7,
20250429,15:17:14,-7.7,
20250429,15:17:14,-7.7,
20250429,15:17:14,-7.8,
20250429,15:17:14,-7.9,
20250429,15:17:14,-7.9,
20250429,15:17:14,-8,
20250429,15:17:14,-8,
20250429,15:17:14,-8.1,
20250429,15:17:14,-8,
20250429,15:17:14,-8.1,
20250429,15:17:14,-8.1,
20250429,15:17:15,-8.1,
20250429,15:17:15,-8.1,
20250429,15:17:15,-8.1,
20250429,15:17:15,-8.2,
20250429,15:17:15,-8.2,
20250429,15:17:15,-8.2,
20250429,15:17:15,-8.2,
20250429,15:17:15,-8.2,
20250429,15:17:15,-8.3,
20250429,15:17:15,-8.3,
20250429,15:17:15,-8.3,
20250429,15:17:15,-8.3,
20250429,15:17:15,-8.3,
20250429,15:17:15,-8.3,
20250429,15:17:15,-8.3,
20250429,15:17:15,-8.4,
20250429,15:17:15,-8.3,
20250429,15:17:15,-8.4,
20250429,15:17:15,-8.4,
20250429,15:17:15,-8.5,
20250429,15:17:16,-8.4,
20250429,15:17:16,-8.4,
20250429,15:17:16,-8.5,
20250429,15:17:16,-8.5,
20250429,15:17:16,-8.6,
20250429,15:17:16,-8.5,
20250429,15:17:16,-8.6,
20250429,15:17:16,-8.6,
20250429,15:17:16,-8.6,
20250429,15:17:16,-8.6,
20250429,15:17:16,-8.6,
20250429,15:17:16,-8.7,
20250429,15:17:16,-8.7,
20250429,15:17:16,-8.7,
20250429,15:17:16,-8.8,
20250429,15:17:16,-8.8,
20250429,15:17:16,-8.8,
20250429,15:17:16,-8.9,
20250429,15:17:16,-8.9,
20250429,15:17:16,-9,
20250429,15:17:17,-9,
20250429,15:17:17,-9,
20250429,15:17:17,-9.1,
20250429,15:17:17,-9.2,
20250429,15:17:17,-9.1,
20250429,15:17:17,-9.2,
20250429,15:17:17,-9.2,
20250429,15:17:17,-9.2,
20250429,15:17:17,-9.2,
20250429,15:17:17,-9.2,
20250429,15:17:17,-9.2,
20250429,15:17:17,-9.2,
20250429,15:17:17,-9.2,
20250429,15:17:17,-9.1,
20250429,15:17:17,-9,
20250429,15:17:17,-8.9,
20250429,15:17:17,-8.7,
20250429,15:17:17,-8.6,
20250429,15:17:17,-8.4,
20250429,15:17:17,-8.3,
20250429,15:17:18,-8.1,
20250429,15:17:18,-7.9,
20250429,15:17:18,-7.7,
20250429,15:17:18,-7.6,
20250429,15:17:18,-7.5,
20250429,15:17:18,-7.3,
20250429,15:17:18,-7.1,
20250429,15:17:18,-6.9,
20250429,15:17:18,-6.8,
20250429,15:17:18,-6.6,
20250429,15:17:18,-6.6,
20250429,15:17:18,-6.5,
20250429,15:17:18,-6.4,
20250429,15:17:18,-6.3,
20250429,15:17:18,-6.2,
20250429,15:17:18,-6.1,
20250429,15:17:18,-6.1,
20250429,15:17:18,-6.1,
20250429,15:17:18,-6.1,
20250429,15:17:18,-6,
20250429,15:17:18,-6,
20250429,15:17:19,-6,
20250429,15:17:19,-6,
20250429,15:17:19,-6.1,
20250429,15:17:19,-6,
20250429,15:17:19,-6.1,
20250429,15:17:19,-6.1,
20250429,15:17:19,-6.2,
20250429,15:17:19,-6.2,
20250429,15:17:19,-6.2,
20250429,15:17:19,-6.2,
20250429,15:17:19,-6.3,
20250429,15:17:19,-6.4,
20250429,15:17:19,-6.4,
20250429,15:17:19,-6.4,
20250429,15:17:19,-6.5,
20250429,15:17:19,-6.5,
20250429,15:17:19,-6.6,
20250429,15:17:19,-6.6,
20250429,15:17:19,-6.6,
20250429,15:17:19,-6.6,
20250429,15:17:20,-6.7,
20250429,15:17:20,-6.7,
20250429,15:17:20,-6.8,
20250429,15:17:20,-6.9,
20250429,15:17:20,-6.9,
20250429,15:17:20,-7,
20250429,15:17:20,-7,
20250429,15:17:20,-7.1,
20250429,15:17:20,-7.1,
20250429,15:17:20,-7.2,
20250429,15:17:20,-7.3,
20250429,15:17:20,-7.4,
20250429,15:17:20,-7.4,
20250429,15:17:20,-7.4,
20250429,15:17:20,-7.5,
20250429,15:17:20,-7.5,
20250429,15:17:20,-7.5,
20250429,15:17:20,-7.7,
20250429,15:17:20,-7.6,
20250429,15:17:20,-7.7,
20250429,15:17:21,-7.7,
20250429,15:17:21,-7.8,
20250429,15:17:21,-7.8,
20250429,15:17:21,-7.9,
20250429,15:17:21,-7.8,
20250429,15:17:21,-7.9,
20250429,15:17:21,-7.9,
20250429,15:17:21,-8,
20250429,15:17:21,-8.1,
20250429,15:17:21,-8.1,
20250429,15:17:21,-8,
20250429,15:17:21,-8.1,
20250429,15:17:21,-8.1,
20250429,15:17:21,-8.2,
20250429,15:17:21,-8.2,
20250429,15:17:21,-8.3,
20250429,15:17:21,-8.3,
20250429,15:17:21,-8.3,
20250429,15:17:21,-8.3,
20250429,15:17:21,-8.3,
20250429,15:17:22,-8.3,
20250429,15:17:22,-8.3,
20250429,15:17:22,-8.3,
20250429,15:17:22,-8.3,
20250429,15:17:22,-8.3,
20250429,15:17:22,-8.4,
20250429,15:17:22,-8.4,
20250429,15:17:22,-8.4,
20250429,15:17:22,-8.4,
20250429,15:17:22,-8.4,
20250429,15:17:22,-8.5,
20250429,15:17:22,-8.6,
20250429,15:17:22,-8.5,
20250429,15:17:22,-8.6,
20250429,15:17:22,-8.6,
20250429,15:17:22,-8.6,
20250429,15:17:22,-8.6,
20250429,15:17:22,-8.6,
20250429,15:17:22,-8.6,
20250429,15:17:22,-8.7,
20250429,15:17:23,-8.7,
20250429,15:17:23,-8.7,
20250429,15:17:23,-8.7,
20250429,15:17:23,-8.8,
20250429,15:17:23,-8.8,
20250429,15:17:23,-8.8,
20250429,15:17:23,-8.8,
20250429,15:17:23,-8.9,
20250429,15:17:23,-8.9,
20250429,15:17:23,-8.9,
20250429,15:17:23,-8.9,
20250429,15:17:23,-8.9,
20250429,15:17:23,-8.9,
20250429,15:17:23,-9,
20250429,15:17:23,-9,
20250429,15:17:23,-9.1,
20250429,15:17:23,-8.9,
20250429,15:17:23,-9.1,
20250429,15:17:23,-9,
20250429,15:17:23,-9.1,
20250429,15:17:23,-9.1,
20250429,15:17:24,-9.1,
20250429,15:17:24,-9.1,
20250429,15:17:24,-9.2,
20250429,15:17:24,-9.1,
20250429,15:17:24,-9.1,
20250429,15:17:24,-9.2,
20250429,15:17:24,-9.2,
20250429,15:17:24,-9.2,
20250429,15:17:24,-9.2,
20250429,15:17:24,-9.2,
20250429,15:17:24,-9.2,
20250429,15:17:24,-9.2,
20250429,15:17:24,-9.2,
20250429,15:17:24,-9.2,
20250429,15:17:24,-9.2,
20250429,15:17:24,-9.2,
20250429,15:17:24,-9.2,
20250429,15:17:24,-9.3,
20250429,15:17:24,-9.3,
20250429,15:17:24,-9.3,
20250429,15:17:25,-9.3,
20250429,15:17:25,-9.4,
20250429,15:17:25,-9.3,
20250429,15:17:25,-9.3,
20250429,15:17:25,-9.4,
20250429,15:17:25,-9.4,
20250429,15:17:25,-9.4,
20250429,15:17:25,-9.5,
20250429,15:17:25,-9.4,
20250429,15:17:25,-9.5,
20250429,15:17:25,-9.5,
20250429,15:17:25,-9.5,
20250429,15:17:25,-9.6,
20250429,15:17:25,-9.5,
20250429,15:17:25,-9.6,
20250429,15:17:25,-9.6,
20250429,15:17:25,-9.6,
20250429,15:17:25,-9.6,
20250429,15:17:25,-9.6,
20250429,15:17:25,-9.6,
20250429,15:17:26,-9.6,
20250429,15:17:26,-9.7,
20250429,15:17:26,-9.7,
20250429,15:17:26,-9.6,
20250429,15:17:26,-9.7,
20250429,15:17:26,-9.6,
20250429,15:17:26,-9.7,
20250429,15:17:26,-9.7,
20250429,15:17:26,-9.8,
20250429,15:17:26,-9.7,
20250429,15:17:26,-9.7,
20250429,15:17:26,-9.8,
20250429,15:17:26,-9.8,
20250429,15:17:26,-9.8,
20250429,15:17:26,-9.8,
20250429,15:17:26,-9.8,
20250429,15:17:26,-9.8,
20250429,15:17:26,-9.9,
20250429,15:17:26,-9.9,
20250429,15:17:26,-9.9,
20250429,15:17:27,-9.9,
20250429,15:17:27,-9.8,
20250429,15:17:27,-9.9,
20250429,15:17:27,-9.9,
20250429,15:17:27,-10,
20250429,15:17:27,-10,
20250429,15:17:27,-10,
20250429,15:17:27,-10,
20250429,15:17:27,-10,
20250429,15:17:27,-10,
20250429,15:17:27,-10,
20250429,15:17:27,-10,
20250429,15:17:27,-10,
20250429,15:17:27,-10,
20250429,15:17:27,-10,
20250429,15:17:27,-10,
20250429,15:17:27,-10.1,
20250429,15:17:27,-10.1,
20250429,15:17:27,-10.1,
20250429,15:17:27,-10.1,
20250429,15:17:28,-10.2,
20250429,15:17:28,-10.1,
20250429,15:17:28,-10.1,
20250429,15:17:28,-10.2,
20250429,15:17:28,-10.2,
20250429,15:17:28,-10.1,
20250429,15:17:28,-10.2,
20250429,15:17:28,-10.1,
20250429,15:17:28,-10.2,
20250429,15:17:28,-10.2,
20250429,15:17:28,-10.1,
20250429,15:17:28,-10.2,
20250429,15:17:28,-10.2,
20250429,15:17:28,-10.2,
20250429,15:17:28,-10.3,
20250429,15:17:28,-10.3,
20250429,15:17:28,-10.3,
20250429,15:17:28,-10.3,
20250429,15:17:28,-10.3,
20250429,15:17:28,-10.3,
20250429,15:17:29,-10.3,
20250429,15:17:29,-10.4,
20250429,15:17:29,-10.3,
20250429,15:17:29,-10.4,
20250429,15:17:29,-10.4,
20250429,15:17:29,-10.4,
20250429,15:17:29,-10.4,
20250429,15:17:29,-10.4,
20250429,15:17:29,-10.5,
20250429,15:17:29,-10.6,
20250429,15:17:29,-10.5,
20250429,15:17:29,-10.5,
20250429,15:17:29,-10.5,
20250429,15:17:29,-10.5,
20250429,15:17:29,-10.6,
20250429,15:17:29,-10.6,
20250429,15:17:29,-10.6,
20250429,15:17:29,-10.6,
20250429,15:17:29,-10.7,
20250429,15:17:30,-10.7,
20250429,15:17:30,-10.8,
20250429,15:17:30,-10.7,
20250429,15:17:30,-10.8,
20250429,15:17:30,-10.8,
20250429,15:17:30,-10.9,
20250429,15:17:30,-10.9,
20250429,15:17:30,-10.9,
20250429,15:17:30,-11,
20250429,15:17:30,-11,
20250429,15:17:30,-11,
20250429,15:17:30,-11.1,
20250429,15:17:30,-11.1,
20250429,15:17:30,-11.1,
20250429,15:17:30,-11.1,
20250429,15:17:30,-11,
20250429,15:17:30,-10.9,
20250429,15:17:30,-10.9,
20250429,15:17:30,-10.8,
20250429,15:17:30,-10.5,
20250429,15:17:31,-10.4,
20250429,15:17:31,-10.2,
20250429,15:17:31,-10,
20250429,15:17:31,-9.9,
20250429,15:17:31,-9.6,
20250429,15:17:31,-9.4,
20250429,15:17:31,-9.2,
20250429,15:17:31,-9,
20250429,15:17:31,-8.8,
20250429,15:17:31,-8.6,
20250429,15:17:31,-8.3,
20250429,15:17:31,-8.3,
20250429,15:17:31,-8.1,
20250429,15:17:31,-7.9,
20250429,15:17:31,-7.8,
20250429,15:17:31,-7.7,
20250429,15:17:31,-7.6,
20250429,15:17:31,-7.5,
20250429,15:17:31,-7.5,
20250429,15:17:31,-7.5,
20250429,15:17:32,-7.5,
20250429,15:17:32,-7.4,
20250429,15:17:32,-7.4,
20250429,15:17:32,-7.3,
20250429,15:17:32,-7.3,
20250429,15:17:32,-7.4,
20250429,15:17:32,-7.4,
20250429,15:17:32,-7.4,
20250429,15:17:32,-7.4,
20250429,15:17:32,-7.3,
20250429,15:17:32,-7.4,
20250429,15:17:32,-7.4,
20250429,15:17:32,-7.4,
20250429,15:17:32,-7.4,
20250429,15:17:32,-7.5,
20250429,15:17:32,-7.5,
20250429,15:17:32,-7.5,
20250429,15:17:32,-7.5,
20250429,15:17:32,-7.5,
20250429,15:17:32,-7.5,
20250429,15:17:33,-7.5,
20250429,15:17:33,-7.6,
20250429,15:17:33,-7.6,
20250429,15:17:33,-7.6,
20250429,15:17:33,-7.6,
20250429,15:17:33,-7.7,
20250429,15:17:33,-7.8,
20250429,15:17:33,-7.7,
20250429,15:17:33,-7.8,
20250429,15:17:33,-7.9,
20250429,15:17:33,-7.9,
20250429,15:17:33,-8,
20250429,15:17:33,-7.9,
20250429,15:17:33,-8.1,
20250429,15:17:33,-8.2,
20250429,15:17:33,-8.2,
20250429,15:17:33,-8.2,
20250429,15:17:33,-8.2,
20250429,15:17:33,-8.3,
20250429,15:17:33,-8.3,
20250429,15:17:33,-8.3,
20250429,15:17:34,-8.4,
20250429,15:17:34,-8.4,
20250429,15:17:34,-8.5,
20250429,15:17:34,-8.5,
20250429,15:17:34,-8.6,
20250429,15:17:34,-8.7,
20250429,15:17:34,-8.7,
20250429,15:17:34,-8.8,
20250429,15:17:34,-8.9,
20250429,15:17:34,-8.9,
20250429,15:17:34,-9,
20250429,15:17:34,-9.1,
20250429,15:17:34,-9.1,
20250429,15:17:34,-9.2,
20250429,15:17:34,-9.2,
20250429,15:17:34,-9.3,
20250429,15:17:34,-9.3,
20250429,15:17:34,-9.3,
20250429,15:17:34,-9.4,
20250429,15:17:34,-9.5,
20250429,15:17:35,-9.6,
20250429,15:17:35,-9.6,
20250429,15:17:35,-9.7,
20250429,15:17:35,-9.7,
20250429,15:17:35,-9.7,
20250429,15:17:35,-9.8,
20250429,15:17:35,-9.8,
20250429,15:17:35,-9.9,
20250429,15:17:35,-9.9,
20250429,15:17:35,-10,
20250429,15:17:35,-10,
20250429,15:17:35,-10,
20250429,15:17:35,-10,
20250429,15:17:35,-10,
20250429,15:17:35,-10,
20250429,15:17:35,-10.1,
20250429,15:17:35,-10.1,
20250429,15:17:35,-10.1,
20250429,15:17:35,-10.2,
20250429,15:17:35,-10.2,
20250429,15:17:36,-10.3,
20250429,15:17:36,-10.3,
20250429,15:17:36,-10.4,
20250429,15:17:36,-10.3,
20250429,15:17:36,-10.4,
20250429,15:17:36,-10.4,
20250429,15:17:36,-10.4,
20250429,15:17:36,-10.4,
20250429,15:17:36,-10.4,
20250429,15:17:36,-10.4,
20250429,15:17:36,-10.4,
20250429,15:17:36,-10.4,
20250429,15:17:36,-10.3,
20250429,15:17:36,-10.3,
20250429,15:17:36,-10.3,
20250429,15:17:36,-10.3,
20250429,15:17:36,-10.2,
20250429,15:17:36,-10.3,
20250429,15:17:36,-10.3,
20250429,15:17:37,-10.2,
20250429,15:17:37,-10.2,
20250429,15:17:37,-10.2,
20250429,15:17:37,-10.2,
20250429,15:17:37,-10.2,
20250429,15:17:37,-10.2,
20250429,15:17:37,-10.2,
20250429,15:17:37,-10.2,
20250429,15:17:37,-10.2,
20250429,15:17:37,-10.2,
20250429,15:17:37,-10.2,
20250429,15:17:37,-10.2,
20250429,15:17:37,-10.2,
20250429,15:17:37,-10.3,
20250429,15:17:37,-10.3,
20250429,15:17:37,-10.4,
20250429,15:17:37,-10.3,
20250429,15:17:37,-10.3,
20250429,15:17:37,-10.4,
20250429,15:17:37,-10.4,
20250429,15:17:38,-10.4,
20250429,15:17:38,-10.5,
20250429,15:17:38,-10.5,
20250429,15:17:38,-10.6,
20250429,15:17:38,-10.6,
20250429,15:17:38,-10.6,
20250429,15:17:38,-10.6,
20250429,15:17:38,-10.6,
20250429,15:17:38,-10.7,
20250429,15:17:38,-10.7,
20250429,15:17:38,-10.7,
20250429,15:17:38,-10.7,
20250429,15:17:38,-10.7,
20250429,15:17:38,-10.7,
20250429,15:17:38,-10.6,
20250429,15:17:38,-10.5,
20250429,15:17:38,-10.5,
20250429,15:17:38,-10.5,
20250429,15:17:38,-10.4,
20250429,15:17:38,-10.3,
20250429,15:17:39,-10.3,
20250429,15:17:39,-10.2,
20250429,15:17:39,-10,
20250429,15:17:39,-10,
20250429,15:17:39,-10,
20250429,15:17:39,-10,
20250429,15:17:39,-10,
20250429,15:17:39,-10,
20250429,15:17:39,-9.9,
20250429,15:17:39,-10,
20250429,15:17:39,-10,
20250429,15:17:39,-10,
20250429,15:17:39,-10,
20250429,15:17:39,-10,
20250429,15:17:39,-10,
20250429,15:17:39,-10,
20250429,15:17:39,-10,
20250429,15:17:39,-10,
20250429,15:17:39,-10,
20250429,15:17:39,-10,
20250429,15:17:40,-10,
20250429,15:17:40,-10.1,
20250429,15:17:40,-10.1,
20250429,15:17:40,-10.1,
20250429,15:17:40,-10.1,
20250429,15:17:40,-10.2,
20250429,15:17:40,-10.2,
20250429,15:17:40,-10.1,
20250429,15:17:40,-10.2,
20250429,15:17:40,-10.2,
20250429,15:17:40,-10.2,
20250429,15:17:40,-10.2,
20250429,15:17:40,-10.2,
20250429,15:17:40,-10.2,
20250429,15:17:40,-10.2,
20250429,15:17:40,-10.3,
20250429,15:17:40,-10.3,
20250429,15:17:40,-10.3,
20250429,15:17:40,-10.3,
20250429,15:17:41,-10.3,
20250429,15:17:41,-10.3,
20250429,15:17:41,-10.3,
20250429,15:17:41,-10.3,
20250429,15:17:41,-10.4,
20250429,15:17:41,-10.3,
20250429,15:17:41,-10.4,
20250429,15:17:41,-10.4,
20250429,15:17:41,-10.4,
20250429,15:17:41,-10.4,
20250429,15:17:41,-10.4,
20250429,15:17:41,-10.4,
20250429,15:17:41,-10.4,
20250429,15:17:41,-10.4,
20250429,15:17:41,-10.3,
20250429,15:17:41,-10.4,
20250429,15:17:41,-10.4,
20250429,15:17:41,-10.3,
20250429,15:17:41,-10.3,
20250429,15:17:41,-10.3,
20250429,15:17:42,-10.3,
20250429,15:17:42,-10.4,
20250429,15:17:42,-10.3,
20250429,15:17:42,-10.4,
20250429,15:17:42,-10.4,
20250429,15:17:42,-10.4,
20250429,15:17:42,-10.4,
20250429,15:17:42,-10.4,
20250429,15:17:42,-10.5,
20250429,15:17:42,-10.5,
20250429,15:17:42,-10.5,
20250429,15:17:42,-10.5,
20250429,15:17:42,-10.5,
20250429,15:17:42,-10.5,
20250429,15:17:42,-10.6,
20250429,15:17:42,-10.7,
20250429,15:17:42,-10.6,
20250429,15:17:42,-10.7,
20250429,15:17:42,-10.7,
20250429,15:17:42,-10.7,
20250429,15:17:43,-10.8,
20250429,15:17:43,-10.8,
20250429,15:17:43,-10.9,
20250429,15:17:43,-10.8,
20250429,15:17:43,-10.9,
20250429,15:17:43,-10.9,
20250429,15:17:43,-10.9,
20250429,15:17:43,-10.9,
20250429,15:17:43,-10.9,
20250429,15:17:43,-11,
20250429,15:17:43,-11,
20250429,15:17:43,-11.1,
20250429,15:17:43,-11.1,
20250429,15:17:43,-11.2,
20250429,15:17:43,-11.2,
20250429,15:17:43,-11.2,
20250429,15:17:43,-11.3,
20250429,15:17:43,-11.4,
20250429,15:17:43,-11.5,
20250429,15:17:43,-11.5,
20250429,15:17:44,-11.6,
20250429,15:17:44,-11.6,
20250429,15:17:44,-11.7,
20250429,15:17:44,-11.6,
20250429,15:17:44,-11.5,
20250429,15:17:44,-11.4,
20250429,15:17:44,-11.2,
20250429,15:17:44,-11,
20250429,15:17:44,-10.7,
20250429,15:17:44,-10.2,
20250429,15:17:44,-9.9,
20250429,15:17:44,-9.2,
20250429,15:17:44,-8.7,
20250429,15:17:44,-8,
20250429,15:17:44,-7.3,
20250429,15:17:44,-6.6,
20250429,15:17:44,-5.9,
20250429,15:17:44,-5.3,
20250429,15:17:44,-4.8,
20250429,15:17:44,-4.3,
20250429,15:17:45,-3.9,
20250429,15:17:45,-3.4,
20250429,15:17:45,-3.2,
20250429,15:17:45,-2.9,
20250429,15:17:45,-2.7,
20250429,15:17:45,-2.4,
20250429,15:17:45,-2.3,
20250429,15:17:45,-2.2,
20250429,15:17:45,-2,
20250429,15:17:45,-1.8,
20250429,15:17:45,-1.7,
20250429,15:17:45,-1.6,
20250429,15:17:45,-1.5,
20250429,15:17:45,-1.4,
20250429,15:17:45,-1.4,
20250429,15:17:45,-1.2,
20250429,15:17:45,-1.2,
20250429,15:17:45,-1.1,
20250429,15:17:45,-1,
20250429,15:17:45,-0.9,
20250429,15:17:46,-0.9,
20250429,15:17:46,-0.8,
20250429,15:17:46,-0.9,
20250429,15:17:46,-0.8,
20250429,15:17:46,-0.8,
20250429,15:17:46,-0.8,
20250429,15:17:46,-0.8,
20250429,15:17:46,-0.7,
20250429,15:17:46,-0.7,
20250429,15:17:46,-0.7,
20250429,15:17:46,-0.6,
20250429,15:17:46,-0.6,
20250429,15:17:46,-0.6,
20250429,15:17:46,-0.6,
20250429,15:17:46,-0.6,
20250429,15:17:46,-0.5,
20250429,15:17:46,-0.4,
20250429,15:17:46,-0.4,
20250429,15:17:46,-0.3,
20250429,15:17:46,-0.1,
20250429,15:17:47,0,
20250429,15:17:47,0.1,
20250429,15:17:47,0.1,
20250429,15:17:47,0.2,
20250429,15:17:47,0.2,
20250429,15:17:47,0.2,
20250429,15:17:47,0.2,
20250429,15:17:47,0.2,
20250429,15:17:47,0.3,
20250429,15:17:47,0.3,
20250429,15:17:47,0.3,
20250429,15:17:47,0.3,
20250429,15:17:47,0.4,
20250429,15:17:47,0.3,
20250429,15:17:47,0.4,
20250429,15:17:47,0.4,
20250429,15:17:47,0.5,
20250429,15:17:47,0.6,
20250429,15:17:47,0.6,
20250429,15:17:47,0.8,
20250429,15:17:48,0.8,
20250429,15:17:48,0.9,
20250429,15:17:48,1.1,
20250429,15:17:48,1.1,
20250429,15:17:48,1.2,
20250429,15:17:48,1.4,
20250429,15:17:48,1.6,
20250429,15:17:48,1.7,
20250429,15:17:48,1.9,
20250429,15:17:48,2,
20250429,15:17:48,2.1,
20250429,15:17:48,2.3,
20250429,15:17:48,2.5,
20250429,15:17:48,2.6,
20250429,15:17:48,2.7,
20250429,15:17:48,2.8,
20250429,15:17:48,2.9,
20250429,15:17:48,3,
20250429,15:17:48,3.2,
20250429,15:17:48,3.3,
20250429,15:17:48,3.4,
20250429,15:17:49,3.5,
20250429,15:17:49,3.5,
20250429,15:17:49,3.6,
20250429,15:17:49,3.6,
20250429,15:17:49,3.6,
20250429,15:17:49,3.6,
20250429,15:17:49,3.6,
20250429,15:17:49,3.6,
20250429,15:17:49,3.6,
20250429,15:17:49,3.6,
20250429,15:17:49,3.6,
20250429,15:17:49,3.6,
20250429,15:17:49,3.6,
20250429,15:17:49,3.6,
20250429,15:17:49,3.6,
20250429,15:17:49,3.6,
20250429,15:17:49,3.6,
20250429,15:17:49,3.6,
20250429,15:17:49,3.6,
20250429,15:17:49,3.6,
20250429,15:17:49,3.6,
20250429,15:17:50,3.6,
20250429,15:17:50,3.8,
20250429,15:17:50,3.9,
20250429,15:17:50,3.9,
20250429,15:17:50,4,
20250429,15:17:50,4.1,
20250429,15:17:50,4.1,
20250429,15:17:50,4.3,
20250429,15:17:50,4.3,
20250429,15:17:50,4.5,
20250429,15:17:50,4.5,
20250429,15:17:50,4.5,
20250429,15:17:50,4.5,
20250429,15:17:50,4.6,
20250429,15:17:50,4.7,
20250429,15:17:50,4.7,
20250429,15:17:50,4.7,
20250429,15:17:50,4.8,
20250429,15:17:50,4.8,
20250429,15:17:50,4.8,
20250429,15:17:50,4.8,
20250429,15:17:51,4.8,
20250429,15:17:51,4.8,
20250429,15:17:51,4.8,
20250429,15:17:51,4.8,
20250429,15:17:51,4.7,
20250429,15:17:51,4.6,
20250429,15:17:51,4.5,
20250429,15:17:51,4.5,
20250429,15:17:51,4.5,
20250429,15:17:51,4.5,
20250429,15:17:51,4.3,
20250429,15:17:51,4.3,
20250429,15:17:51,4.2,
20250429,15:17:51,4.1,
20250429,15:17:51,4,
20250429,15:17:51,3.9,
20250429,15:17:51,3.8,
20250429,15:17:51,3.8,
20250429,15:17:51,3.7,
20250429,15:17:51,3.6,
20250429,15:17:52,3.6,
20250429,15:17:52,3.5,
20250429,15:17:52,3.5,
20250429,15:17:52,3.4,
20250429,15:17:52,3.3,
20250429,15:17:52,3.2,
20250429,15:17:52,3.1,
20250429,15:17:52,3,
20250429,15:17:52,2.9,
20250429,15:17:52,2.9,
20250429,15:17:52,2.8,
20250429,15:17:52,2.8,
20250429,15:17:52,2.7,
20250429,15:17:52,2.6,
20250429,15:17:52,2.6,
20250429,15:17:52,2.4,
20250429,15:17:52,2.3,
20250429,15:17:52,2.3,
20250429,15:17:52,2.2,
20250429,15:17:52,2.1,
20250429,15:17:52,2,
20250429,15:17:53,1.9,
20250429,15:17:53,1.9,
20250429,15:17:53,1.9,
20250429,15:17:53,1.8,
20250429,15:17:53,1.7,
20250429,15:17:53,1.6,
20250429,15:17:53,1.5,
20250429,15:17:53,1.4,
20250429,15:17:53,1.4,
20250429,15:17:53,1.3,
20250429,15:17:53,1.2,
20250429,15:17:53,1.1,
20250429,15:17:53,1.1,
20250429,15:17:53,1,
20250429,15:17:53,0.9,
20250429,15:17:53,0.8,
20250429,15:17:53,0.8,
20250429,15:17:53,0.7,
20250429,15:17:53,0.6,
20250429,15:17:53,0.4,
20250429,15:17:53,0.4,
20250429,15:17:54,0.3,
20250429,15:17:54,0.2,
20250429,15:17:54,0.2,
20250429,15:17:54,0.1,
20250429,15:17:54,0.1,
20250429,15:17:54,-0.1,
20250429,15:17:54,-0.2,
20250429,15:17:54,-0.2,
20250429,15:17:54,-0.3,
20250429,15:17:54,-0.4,
20250429,15:17:54,-0.5,
20250429,15:17:54,-0.6,
20250429,15:17:54,-0.6,
20250429,15:17:54,-0.6,
20250429,15:17:54,-0.7,
20250429,15:17:54,-0.8,
20250429,15:17:54,-0.9,
20250429,15:17:54,-0.9,
20250429,15:17:54,-0.9,
20250429,15:17:54,-1,
20250429,15:17:55,-1,
20250429,15:17:55,-1,
20250429,15:17:55,-1,
20250429,15:17:55,-0.9,
20250429,15:17:55,-0.8,
20250429,15:17:55,-0.7,
20250429,15:17:55,-0.8,
20250429,15:17:55,-0.6,
20250429,15:17:55,-0.6,
20250429,15:17:55,-0.6,
20250429,15:17:55,-0.5,
20250429,15:17:55,-0.4,
20250429,15:17:55,-0.4,
20250429,15:17:55,-0.2,
20250429,15:17:55,0,
20250429,15:17:55,0.1,
20250429,15:17:55,0.2,
20250429,15:17:55,0.3,
20250429,15:17:55,0.4,
20250429,15:17:55,0.5,
20250429,15:17:56,0.5,
20250429,15:17:56,0.6,
20250429,15:17:56,0.7,
20250429,15:17:56,0.7,
20250429,15:17:56,0.8,
20250429,15:17:56,0.8,
20250429,15:17:56,0.9,
20250429,15:17:56,0.9,
20250429,15:17:56,0.9,
20250429,15:17:56,0.9,
20250429,15:17:56,1,
20250429,15:17:56,1,
20250429,15:17:56,1,
20250429,15:17:56,1,
20250429,15:17:56,0.9,
20250429,15:17:56,0.9,
20250429,15:17:56,0.9,
20250429,15:17:56,0.9,
20250429,15:17:56,0.9,
20250429,15:17:56,0.9,
20250429,15:17:57,0.9,
20250429,15:17:57,0.8,
20250429,15:17:57,0.7,
20250429,15:17:57,0.8,
20250429,15:17:57,0.7,
20250429,15:17:57,0.6,
20250429,15:17:57,0.6,
20250429,15:17:57,0.5,
20250429,15:17:57,0.5,
20250429,15:17:57,0.4,
20250429,15:17:57,0.4,
20250429,15:17:57,0.4,
20250429,15:17:57,0.2,
20250429,15:17:57,0.2,
20250429,15:17:57,0.2,
20250429,15:17:57,0.2,
20250429,15:17:57,0.1,
20250429,15:17:57,0,
20250429,15:17:57,-0.1,
20250429,15:17:57,-0.1,
20250429,15:17:57,-0.1,
20250429,15:17:58,-0.3,
20250429,15:17:58,-0.3,
20250429,15:17:58,-0.4,
20250429,15:17:58,-0.5,
20250429,15:17:58,-0.5,
20250429,15:17:58,-0.5,
20250429,15:17:58,-0.6,
20250429,15:17:58,-0.6,
20250429,15:17:58,-0.7,
20250429,15:17:58,-0.8,
20250429,15:17:58,-0.8,
20250429,15:17:58,-0.9,
20250429,15:17:58,-0.9,
20250429,15:17:58,-1,
20250429,15:17:58,-1,
20250429,15:17:58,-1,
20250429,15:17:58,-1,
20250429,15:17:58,-1,
20250429,15:17:58,-0.9,
20250429,15:17:58,-0.8,
20250429,15:17:58,-0.7,
20250429,15:17:59,-0.6,
20250429,15:17:59,-0.6,
20250429,15:17:59,-0.4,
20250429,15:17:59,-0.2,
20250429,15:17:59,0,
20250429,15:17:59,0.2,
20250429,15:17:59,0.3,
20250429,15:17:59,0.6,
20250429,15:17:59,0.8,
20250429,15:17:59,1,
20250429,15:17:59,1.1,
20250429,15:17:59,1.1,
20250429,15:17:59,1.3,
20250429,15:17:59,1.5,
20250429,15:17:59,1.6,
20250429,15:17:59,1.7,
20250429,15:17:59,1.8,
20250429,15:17:59,1.9,
20250429,15:17:59,2,
20250429,15:17:59,1.9,
20250429,15:18:00,2,
20250429,15:18:00,2,
20250429,15:18:00,2,
20250429,15:18:00,2.1,
20250429,15:18:00,2.1,
20250429,15:18:00,2.1,
20250429,15:18:00,2.1,
20250429,15:18:00,2.1,
20250429,15:18:00,2.1,
20250429,15:18:00,2,
20250429,15:18:00,2,
20250429,15:18:00,2,
20250429,15:18:00,1.9,
20250429,15:18:00,1.9,
20250429,15:18:00,1.9,
20250429,15:18:00,1.8,
20250429,15:18:00,1.7,
20250429,15:18:00,1.6,
20250429,15:18:00,1.5,
20250429,15:18:00,1.5,
20250429,15:18:00,1.3,
20250429,15:18:01,1.2,
20250429,15:18:01,1.2,
20250429,15:18:01,1.1,
20250429,15:18:01,1.1,
20250429,15:18:01,1.1,
20250429,15:18:01,0.9,
20250429,15:18:01,0.9,
20250429,15:18:01,0.8,
20250429,15:18:01,0.7,
20250429,15:18:01,0.6,
20250429,15:18:01,0.7,
20250429,15:18:01,0.6,
20250429,15:18:01,0.5,
20250429,15:18:01,0.5,
20250429,15:18:01,0.6,
20250429,15:18:01,0.5,
20250429,15:18:01,0.5,
20250429,15:18:01,0.5,
20250429,15:18:01,0.6,
20250429,15:18:01,0.5,
20250429,15:18:02,0.6,
20250429,15:18:02,0.5,
20250429,15:18:02,0.6,
20250429,15:18:02,0.5,
20250429,15:18:02,0.5,
20250429,15:18:02,0.4,
20250429,15:18:02,0.4,
20250429,15:18:02,0.3,
20250429,15:18:02,0.2,
20250429,15:18:02,0.2,
20250429,15:18:02,0.1,
20250429,15:18:02,-0.1,
20250429,15:18:02,-0.3,
20250429,15:18:02,-0.5,
20250429,15:18:02,-0.6,
20250429,15:18:02,-0.7,
20250429,15:18:02,-0.9,
20250429,15:18:02,-1.1,
20250429,15:18:02,-1.3,
20250429,15:18:02,-1.5,
20250429,15:18:02,-1.6,
20250429,15:18:03,-1.7,
20250429,15:18:03,-1.9,
20250429,15:18:03,-2.1,
20250429,15:18:03,-2.2,
20250429,15:18:03,-2.3,
20250429,15:18:03,-2.3,
20250429,15:18:03,-2.4,
20250429,15:18:03,-2.6,
20250429,15:18:03,-2.7,
20250429,15:18:03,-2.8,
20250429,15:18:03,-2.9,
20250429,15:18:03,-2.9,
20250429,15:18:03,-3,
20250429,15:18:03,-3.2,
20250429,15:18:03,-3.2,
20250429,15:18:03,-3.2,
20250429,15:18:03,-3.3,
20250429,15:18:03,-3.3,
20250429,15:18:03,-3.3,
20250429,15:18:03,-3.4,
20250429,15:18:04,-3.4,
20250429,15:18:04,-3.4,
20250429,15:18:04,-3.4,
20250429,15:18:04,-3.5,
20250429,15:18:04,-3.5,
20250429,15:18:04,-3.5,
20250429,15:18:04,-3.5,
20250429,15:18:04,-3.6,
20250429,15:18:04,-3.5,
20250429,15:18:04,-3.5,
20250429,15:18:04,-3.5,
20250429,15:18:04,-3.6,
20250429,15:18:04,-3.6,
20250429,15:18:04,-3.5,
20250429,15:18:04,-3.6,
20250429,15:18:04,-3.6,
20250429,15:18:04,-3.6,
20250429,15:18:04,-3.6,
20250429,15:18:04,-3.5,
20250429,15:18:04,-3.6,
20250429,15:18:05,-3.5,
20250429,15:18:05,-3.6,
20250429,15:18:05,-3.6,
20250429,15:18:05,-3.6,
20250429,15:18:05,-3.7,
20250429,15:18:05,-3.6,
20250429,15:18:05,-3.7,
20250429,15:18:05,-3.7,
20250429,15:18:05,-3.7,
20250429,15:18:05,-3.7,
20250429,15:18:05,-3.7,
20250429,15:18:05,-3.7,
20250429,15:18:05,-3.7,
20250429,15:18:05,-3.7,
20250429,15:18:05,-3.8,
20250429,15:18:05,-3.8,
20250429,15:18:05,-3.9,
20250429,15:18:05,-3.9,
20250429,15:18:05,-3.9,
20250429,15:18:05,-3.9,
20250429,15:18:06,-3.9,
20250429,15:18:06,-4,
20250429,15:18:06,-3.9,
20250429,15:18:06,-4,
20250429,15:18:06,-4,
20250429,15:18:06,-4,
20250429,15:18:06,-4,
20250429,15:18:06,-4,
20250429,15:18:06,-4,
20250429,15:18:06,-4.1,
20250429,15:18:06,-4.1,
20250429,15:18:06,-4.2,
20250429,15:18:06,-4.2,
20250429,15:18:06,-4.2,
20250429,15:18:06,-4.3,
20250429,15:18:06,-4.3,
20250429,15:18:06,-4.3,
20250429,15:18:06,-4.4,
20250429,15:18:06,-4.4,
20250429,15:18:06,-4.5,
20250429,15:18:06,-4.5,
20250429,15:18:07,-4.5,
20250429,15:18:07,-4.5,
20250429,15:18:07,-4.6,
20250429,15:18:07,-4.5,
20250429,15:18:07,-4.6,
20250429,15:18:07,-4.6,
20250429,15:18:07,-4.7,
20250429,15:18:07,-4.8,
20250429,15:18:07,-4.8,
20250429,15:18:07,-4.8,
20250429,15:18:07,-4.9,
20250429,15:18:07,-4.9,
20250429,15:18:07,-4.9,
20250429,15:18:07,-4.9,
20250429,15:18:07,-4.9,
20250429,15:18:07,-5,
20250429,15:18:07,-5,
20250429,15:18:07,-5,
20250429,15:18:07,-5,
20250429,15:18:07,-5,
20250429,15:18:08,-5.1,
20250429,15:18:08,-5.1,
20250429,15:18:08,-5.1,
20250429,15:18:08,-5.1,
20250429,15:18:08,-5.1,
20250429,15:18:08,-5.1,
20250429,15:18:08,-5.1,
20250429,15:18:08,-5.2,
20250429,15:18:08,-5.2,
20250429,15:18:08,-5.2,
20250429,15:18:08,-5.2,
20250429,15:18:08,-5.2,
20250429,15:18:08,-5.2,
20250429,15:18:08,-5.2,
20250429,15:18:08,-5.3,
20250429,15:18:08,-5.3,
20250429,15:18:08,-5.3,
20250429,15:18:08,-5.2,
20250429,15:18:08,-5.3,
20250429,15:18:08,-5.3,
20250429,15:18:09,-5.3,
20250429,15:18:09,-5.3,
20250429,15:18:09,-5.3,
20250429,15:18:09,-5.2,
20250429,15:18:09,-5.2,
20250429,15:18:09,-5.3,
20250429,15:18:09,-5.2,
20250429,15:18:09,-5.3,
20250429,15:18:09,-5.3,
20250429,15:18:09,-5.3,
20250429,15:18:09,-5.4,
20250429,15:18:09,-5.4,
20250429,15:18:09,-5.3,
20250429,15:18:09,-5.3,
20250429,15:18:09,-5.4,
20250429,15:18:09,-5.4,
20250429,15:18:09,-5.4,
20250429,15:18:09,-5.4,
20250429,15:18:09,-5.4,
20250429,15:18:09,-5.4,
20250429,15:18:10,-5.4,
20250429,15:18:10,-5.5,
20250429,15:18:10,-5.5,
20250429,15:18:10,-5.5,
20250429,15:18:10,-5.5,
20250429,15:18:10,-5.5,
20250429,15:18:10,-5.5,
20250429,15:18:10,-5.6,
20250429,15:18:10,-5.6,
20250429,15:18:10,-5.6,
20250429,15:18:10,-5.6,
20250429,15:18:10,-5.6,
20250429,15:18:10,-5.6,
20250429,15:18:10,-5.7,
20250429,15:18:10,-5.7,
20250429,15:18:10,-5.6,
20250429,15:18:10,-5.7,
20250429,15:18:10,-5.7,
20250429,15:18:10,-5.8,
20250429,15:18:10,-5.8,
20250429,15:18:11,-5.8,
20250429,15:18:11,-5.8,
20250429,15:18:11,-5.8,
20250429,15:18:11,-5.8,
20250429,15:18:11,-5.8,
20250429,15:18:11,-5.8,
20250429,15:18:11,-5.9,
20250429,15:18:11,-5.8,
20250429,15:18:11,-5.9,
20250429,15:18:11,-5.9,
20250429,15:18:11,-5.9,
20250429,15:18:11,-5.9,
20250429,15:18:11,-5.9,
20250429,15:18:11,-6,
20250429,15:18:11,-6,
20250429,15:18:11,-6,
20250429,15:18:11,-6,
20250429,15:18:11,-6,
20250429,15:18:11,-6,
20250429,15:18:11,-6.1,
20250429,15:18:11,-6.1,
20250429,15:18:12,-6.1,
20250429,15:18:12,-6.1,
20250429,15:18:12,-6.1,
20250429,15:18:12,-6.1,
20250429,15:18:12,-6.1,
20250429,15:18:12,-6.1,
20250429,15:18:12,-6.2,
20250429,15:18:12,-6.2,
20250429,15:18:12,-6.2,
20250429,15:18:12,-6.2,
20250429,15:18:12,-6.3,
20250429,15:18:12,-6.2,
20250429,15:18:12,-6.3,
20250429,15:18:12,-6.3,
20250429,15:18:12,-6.3,
20250429,15:18:12,-6.4,
20250429,15:18:12,-6.4,
20250429,15:18:12,-6.4,
20250429,15:18:12,-6.4,
20250429,15:18:12,-6.4,
20250429,15:18:13,-6.4,
20250429,15:18:13,-6.4,
20250429,15:18:13,-6.4,
20250429,15:18:13,-6.3,
20250429,15:18:13,-6.4,
20250429,15:18:13,-6.2,
20250429,15:18:13,-6.2,
20250429,15:18:13,-6.2,
20250429,15:18:13,-6.1,
20250429,15:18:13,-6,
20250429,15:18:13,-5.9,
20250429,15:18:13,-5.8,
20250429,15:18:13,-5.8,
20250429,15:18:13,-5.8,
20250429,15:18:13,-5.7,
20250429,15:18:13,-5.6,
20250429,15:18:13,-5.5,
20250429,15:18:13,-5.5,
20250429,15:18:13,-5.4,
20250429,15:18:13,-5.3,
20250429,15:18:14,-5.3,
20250429,15:18:14,-5.3,
20250429,15:18:14,-5.2,
20250429,15:18:14,-5.1,
20250429,15:18:14,-5.2,
20250429,15:18:14,-5.1,
20250429,15:18:14,-5.1,
20250429,15:18:14,-5.1,
20250429,15:18:14,-5,
20250429,15:18:14,-5,
20250429,15:18:14,-5.1,
20250429,15:18:14,-5.1,
20250429,15:18:14,-5.1,
20250429,15:18:14,-5.1,
20250429,15:18:14,-5.2,
20250429,15:18:14,-5.1,
20250429,15:18:14,-5.1,
20250429,15:18:14,-5.2,
20250429,15:18:14,-5.2,
20250429,15:18:14,-5.3,
20250429,15:18:15,-5.2,
20250429,15:18:15,-5.3,
20250429,15:18:15,-5.3,
20250429,15:18:15,-5.3,
20250429,15:18:15,-5.4,
20250429,15:18:15,-5.4,
20250429,15:18:15,-5.5,
20250429,15:18:15,-5.5,
20250429,15:18:15,-5.6,
20250429,15:18:15,-5.6,
20250429,15:18:15,-5.6,
20250429,15:18:15,-5.7,
20250429,15:18:15,-5.6,
20250429,15:18:15,-5.7,
20250429,15:18:15,-5.7,
20250429,15:18:15,-5.8,
20250429,15:18:15,-5.8,
20250429,15:18:15,-5.8,
20250429,15:18:15,-5.8,
20250429,15:18:15,-5.8,
20250429,15:18:16,-5.9,
20250429,15:18:16,-5.9,
20250429,15:18:16,-6,
20250429,15:18:16,-6,
20250429,15:18:16,-6,
20250429,15:18:16,-6.1,
20250429,15:18:16,-6.1,
20250429,15:18:16,-6.1,
20250429,15:18:16,-6.1,
20250429,15:18:16,-6.2,
20250429,15:18:16,-6.2,
20250429,15:18:16,-6.2,
20250429,15:18:16,-6.3,
20250429,15:18:16,-6.3,
20250429,15:18:16,-6.3,
20250429,15:18:16,-6.4,
20250429,15:18:16,-6.3,
20250429,15:18:16,-6.5,
20250429,15:18:16,-6.4,
20250429,15:18:16,-6.5,
20250429,15:18:17,-6.5,
20250429,15:18:17,-6.6,
20250429,15:18:17,-6.6,
20250429,15:18:17,-6.6,
20250429,15:18:17,-6.6,
20250429,15:18:17,-6.6,
20250429,15:18:17,-6.6,
20250429,15:18:17,-6.7,
20250429,15:18:17,-6.6,
20250429,15:18:17,-6.7,
20250429,15:18:17,-6.7,
20250429,15:18:17,-6.7,
20250429,15:18:17,-6.7,
20250429,15:18:17,-6.7,
20250429,15:18:17,-6.7,
20250429,15:18:17,-6.7,
20250429,15:18:17,-6.7,
20250429,15:18:17,-6.7,
20250429,15:18:17,-6.7,
20250429,15:18:17,-6.7,
20250429,15:18:17,-6.7,
20250429,15:18:18,-6.7,
20250429,15:18:18,-6.7,
20250429,15:18:18,-6.7,
20250429,15:18:18,-6.7,
20250429,15:18:18,-6.7,
20250429,15:18:18,-6.7,
20250429,15:18:18,-6.7,
20250429,15:18:18,-6.7,
20250429,15:18:18,-6.7,
20250429,15:18:18,-6.7,
20250429,15:18:18,-6.6,
20250429,15:18:18,-6.7,
20250429,15:18:18,-6.7,
20250429,15:18:18,-6.7,
20250429,15:18:18,-6.7,
20250429,15:18:18,-6.7,
20250429,15:18:18,-6.8,
20250429,15:18:18,-6.8,
20250429,15:18:18,-6.8,
20250429,15:18:18,-6.8,
20250429,15:18:19,-6.8,
20250429,15:18:19,-6.8,
20250429,15:18:19,-6.9,
20250429,15:18:19,-6.9,
20250429,15:18:19,-6.9,
20250429,15:18:19,-7,
20250429,15:18:19,-7,
20250429,15:18:19,-7,
20250429,15:18:19,-7,
20250429,15:18:19,-7,
20250429,15:18:19,-7.1,
20250429,15:18:19,-7.1,
20250429,15:18:19,-7.1,
20250429,15:18:19,-7.1,
20250429,15:18:19,-7.2,
20250429,15:18:19,-7.2,
20250429,15:18:19,-7.2,
20250429,15:18:19,-7.3,
20250429,15:18:19,-7.2,
20250429,15:18:19,-7.2,
20250429,15:18:20,-7.3,
20250429,15:18:20,-7.3,
20250429,15:18:20,-7.3,
20250429,15:18:20,-7.2,
20250429,15:18:20,-7.1,
20250429,15:18:20,-7.1,
20250429,15:18:20,-7.2,
20250429,15:18:20,-7.1,
20250429,15:18:20,-7,
20250429,15:18:20,-7,
20250429,15:18:20,-6.9,
20250429,15:18:20,-6.8,
20250429,15:18:20,-6.7,
20250429,15:18:20,-6.7,
20250429,15:18:20,-6.6,
20250429,15:18:20,-6.6,
20250429,15:18:20,-6.6,
20250429,15:18:20,-6.6,
20250429,15:18:20,-6.6,
20250429,15:18:20,-6.7,
20250429,15:18:21,-6.8,
20250429,15:18:21,-6.8,
20250429,15:18:21,-6.9,
20250429,15:18:21,-7.1,
20250429,15:18:21,-7.3,
20250429,15:18:21,-7.4,
20250429,15:18:21,-7.5,
20250429,15:18:21,-7.5,
20250429,15:18:21,-7.6,
20250429,15:18:21,-7.7,
20250429,15:18:21,-7.8,
20250429,15:18:21,-7.9,
20250429,15:18:21,-7.9,
20250429,15:18:21,-8,
20250429,15:18:21,-8,
20250429,15:18:21,-8.1,
20250429,15:18:21,-8.1,
20250429,15:18:21,-8,
20250429,15:18:21,-8,
20250429,15:18:21,-8.1,
20250429,15:18:22,-8.1,
20250429,15:18:22,-8.1,
20250429,15:18:22,-8,
20250429,15:18:22,-8,
20250429,15:18:22,-8.1,
20250429,15:18:22,-8,
20250429,15:18:22,-8,
20250429,15:18:22,-7.9,
20250429,15:18:22,-7.9,
20250429,15:18:22,-7.9,
20250429,15:18:22,-7.9,
20250429,15:18:22,-7.9,
20250429,15:18:22,-7.8,
20250429,15:18:22,-7.8,
20250429,15:18:22,-7.8,
20250429,15:18:22,-7.7,
20250429,15:18:22,-7.7,
20250429,15:18:22,-7.6,
20250429,15:18:22,-7.5,
20250429,15:18:22,-7.5,
20250429,15:18:22,-7.4,
20250429,15:18:23,-7.2,
20250429,15:18:23,-7.1,
20250429,15:18:23,-7,
20250429,15:18:23,-6.8,
20250429,15:18:23,-6.7,
20250429,15:18:23,-6.6,
20250429,15:18:23,-6.5,
20250429,15:18:23,-6.4,
20250429,15:18:23,-6.2,
20250429,15:18:23,-6.1,
20250429,15:18:23,-6,
20250429,15:18:23,-5.9,
20250429,15:18:23,-5.8,
20250429,15:18:23,-5.7,
20250429,15:18:23,-5.6,
20250429,15:18:23,-5.6,
20250429,15:18:23,-5.5,
20250429,15:18:23,-5.4,
20250429,15:18:23,-5.4,
20250429,15:18:23,-5.3,
20250429,15:18:24,-5.3,
20250429,15:18:24,-5.3,
20250429,15:18:24,-5.3,
20250429,15:18:24,-5.3,
20250429,15:18:24,-5.4,
20250429,15:18:24,-5.4,
20250429,15:18:24,-5.4,
20250429,15:18:24,-5.5,
20250429,15:18:24,-5.5,
20250429,15:18:24,-5.5,
20250429,15:18:24,-5.6,
20250429,15:18:24,-5.6,
20250429,15:18:24,-5.7,
20250429,15:18:24,-5.7,
20250429,15:18:24,-5.7,
20250429,15:18:24,-5.8,
20250429,15:18:24,-5.8,
20250429,15:18:24,-5.8,
20250429,15:18:24,-5.8,
20250429,15:18:24,-5.9,
20250429,15:18:25,-6,
20250429,15:18:25,-6,
20250429,15:18:25,-6,
20250429,15:18:25,-6.1,
20250429,15:18:25,-6.2,
20250429,15:18:25,-6.3,
20250429,15:18:25,-6.3,
20250429,15:18:25,-6.4,
20250429,15:18:25,-6.4,
20250429,15:18:25,-6.4,
20250429,15:18:25,-6.5,
20250429,15:18:25,-6.6,
20250429,15:18:25,-6.6,
20250429,15:18:25,-6.6,
20250429,15:18:25,-6.7,
20250429,15:18:25,-6.8,
20250429,15:18:25,-6.8,
20250429,15:18:25,-6.8,
20250429,15:18:25,-6.9,
20250429,15:18:25,-7,
20250429,15:18:26,-7,
20250429,15:18:26,-7,
20250429,15:18:26,-7.1,
20250429,15:18:26,-7.1,
20250429,15:18:26,-7.2,
20250429,15:18:26,-7.2,
20250429,15:18:26,-7.3,
20250429,15:18:26,-7.3,
20250429,15:18:26,-7.3,
20250429,15:18:26,-7.4,
20250429,15:18:26,-7.4,
20250429,15:18:26,-7.4,
20250429,15:18:26,-7.5,
20250429,15:18:26,-7.5,
20250429,15:18:26,-7.5,
20250429,15:18:26,-7.5,
20250429,15:18:26,-7.5,
20250429,15:18:26,-7.6,
20250429,15:18:26,-7.5,
20250429,15:18:26,-7.7,
20250429,15:18:27,-7.7,
20250429,15:18:27,-7.7,
20250429,15:18:27,-7.8,
20250429,15:18:27,-7.8,
20250429,15:18:27,-7.8,
20250429,15:18:27,-7.8,
20250429,15:18:27,-7.9,
20250429,15:18:27,-7.9,
20250429,15:18:27,-7.9,
20250429,15:18:27,-8,
20250429,15:18:27,-8,
20250429,15:18:27,-8,
20250429,15:18:27,-8,
20250429,15:18:27,-8.1,
20250429,15:18:27,-8.1,
20250429,15:18:27,-8.1,
20250429,15:18:27,-8.1,
20250429,15:18:27,-8.2,
20250429,15:18:27,-8.2,
20250429,15:18:27,-8.2,
20250429,15:18:27,-8.2,
20250429,15:18:28,-8.2,
20250429,15:18:28,-8.2,
20250429,15:18:28,-8.3,
20250429,15:18:28,-8.3,
20250429,15:18:28,-8.3,
20250429,15:18:28,-8.3,
20250429,15:18:28,-8.3,
20250429,15:18:28,-8.3,
20250429,15:18:28,-8.3,
20250429,15:18:28,-8.3,
20250429,15:18:28,-8.3,
20250429,15:18:28,-8.3,
20250429,15:18:28,-8.3,
20250429,15:18:28,-8.4,
20250429,15:18:28,-8.4,
20250429,15:18:28,-8.4,
20250429,15:18:28,-8.4,
20250429,15:18:28,-8.4,
20250429,15:18:28,-8.4,
20250429,15:18:28,-8.4,
20250429,15:18:29,-8.5,
20250429,15:18:29,-8.5,
20250429,15:18:29,-8.5,
20250429,15:18:29,-8.5,
20250429,15:18:29,-8.5,
20250429,15:18:29,-8.5,
20250429,15:18:29,-8.5,
20250429,15:18:29,-8.6,
20250429,15:18:29,-8.5,
20250429,15:18:29,-8.5,
20250429,15:18:29,-8.6,
20250429,15:18:29,-8.5,
20250429,15:18:29,-8.6,
20250429,15:18:29,-8.5,
20250429,15:18:29,-8.6,
20250429,15:18:29,-8.6,
20250429,15:18:29,-8.6,
20250429,15:18:29,-8.6,
20250429,15:18:29,-8.6,
20250429,15:18:29,-8.6,
20250429,15:18:30,-8.7,
20250429,15:18:30,-8.6,
20250429,15:18:30,-8.6,
20250429,15:18:30,-8.7,
20250429,15:18:30,-8.6,
20250429,15:18:30,-8.6,
20250429,15:18:30,-8.6,
20250429,15:18:30,-8.7,
20250429,15:18:30,-8.6,
20250429,15:18:30,-8.7,
20250429,15:18:30,-8.7,
20250429,15:18:30,-8.6,
20250429,15:18:30,-8.6,
20250429,15:18:30,-8.6,
20250429,15:18:30,-8.6,
20250429,15:18:30,-8.7,
20250429,15:18:30,-8.6,
20250429,15:18:30,-8.7,
20250429,15:18:30,-8.7,
20250429,15:18:30,-8.7,
20250429,15:18:31,-8.7,
20250429,15:18:31,-8.7,
20250429,15:18:31,-8.6,
20250429,15:18:31,-8.7,
20250429,15:18:31,-8.7,
20250429,15:18:31,-8.7,
20250429,15:18:31,-8.7,
20250429,15:18:31,-8.7,
20250429,15:18:31,-8.8,
20250429,15:18:31,-8.7,
20250429,15:18:31,-8.8,
20250429,15:18:31,-8.8,
20250429,15:18:31,-8.8,
20250429,15:18:31,-8.8,
20250429,15:18:31,-8.9,
20250429,15:18:31,-8.9,
20250429,15:18:31,-8.9,
20250429,15:18:31,-9,
20250429,15:18:31,-9,
20250429,15:18:31,-9,
20250429,15:18:32,-9,
20250429,15:18:32,-9,
20250429,15:18:32,-9.1,
20250429,15:18:32,-9,
20250429,15:18:32,-9.1,
20250429,15:18:32,-9,
20250429,15:18:32,-9,
20250429,15:18:32,-9,
20250429,15:18:32,-8.9,
20250429,15:18:32,-8.9,
20250429,15:18:32,-8.8,
20250429,15:18:32,-8.7,
20250429,15:18:32,-8.7,
20250429,15:18:32,-8.7,
20250429,15:18:32,-8.6,
20250429,15:18:32,-8.6,
20250429,15:18:32,-8.5,
20250429,15:18:32,-8.5,
20250429,15:18:32,-8.4,
20250429,15:18:32,-8.4,
20250429,15:18:33,-8.3,
20250429,15:18:33,-8.3,
20250429,15:18:33,-8.3,
20250429,15:18:33,-8.2,
20250429,15:18:33,-8.1,
20250429,15:18:33,-7.9,
20250429,15:18:33,-7.8,
20250429,15:18:33,-7.7,
20250429,15:18:33,-7.5,
20250429,15:18:33,-7.3,
20250429,15:18:33,-7.1,
20250429,15:18:33,-6.9,
20250429,15:18:33,-6.6,
20250429,15:18:33,-6.4,
20250429,15:18:33,-6.1,
20250429,15:18:33,-5.9,
20250429,15:18:33,-5.7,
20250429,15:18:33,-5.4,
20250429,15:18:33,-5,
20250429,15:18:33,-4.9,
20250429,15:18:33,-4.7,
20250429,15:18:34,-4.5,
20250429,15:18:34,-4.3,
20250429,15:18:34,-4.2,
20250429,15:18:34,-4,
20250429,15:18:34,-4,
20250429,15:18:34,-3.9,
20250429,15:18:34,-3.8,
20250429,15:18:34,-3.7,
20250429,15:18:34,-3.6,
20250429,15:18:34,-3.7,
20250429,15:18:34,-3.6,
20250429,15:18:34,-3.6,
20250429,15:18:34,-3.6,
20250429,15:18:34,-3.6,
20250429,15:18:34,-3.7,
20250429,15:18:34,-3.7,
20250429,15:18:34,-3.7,
20250429,15:18:34,-3.8,
20250429,15:18:34,-3.9,
20250429,15:18:34,-3.9,
20250429,15:18:35,-4,
20250429,15:18:35,-4,
20250429,15:18:35,-4.1,
20250429,15:18:35,-4.2,
20250429,15:18:35,-4.2,
20250429,15:18:35,-4.4,
20250429,15:18:35,-4.5,
20250429,15:18:35,-4.6,
20250429,15:18:35,-4.7,
20250429,15:18:35,-4.8,
20250429,15:18:35,-4.9,
20250429,15:18:35,-4.9,
20250429,15:18:35,-5,
20250429,15:18:35,-5.1,
20250429,15:18:35,-5.2,
20250429,15:18:35,-5.3,
20250429,15:18:35,-5.4,
20250429,15:18:35,-5.6,
20250429,15:18:35,-5.6,
20250429,15:18:35,-5.8,
20250429,15:18:36,-5.8,
20250429,15:18:36,-5.8,
20250429,15:18:36,-5.9,
20250429,15:18:36,-5.9,
20250429,15:18:36,-6.1,
20250429,15:18:36,-6.1,
20250429,15:18:36,-6.2,
20250429,15:18:36,-6.3,
20250429,15:18:36,-6.3,
20250429,15:18:36,-6.4,
20250429,15:18:36,-6.4,
20250429,15:18:36,-6.5,
20250429,15:18:36,-6.5,
20250429,15:18:36,-6.5,
20250429,15:18:36,-6.5,
20250429,15:18:36,-6.6,
20250429,15:18:36,-6.5,
20250429,15:18:36,-6.5,
20250429,15:18:36,-6.5,
20250429,15:18:36,-6.5,
20250429,15:18:37,-6.5,
20250429,15:18:37,-6.6,
20250429,15:18:37,-6.6,
20250429,15:18:37,-6.5,
20250429,15:18:37,-6.6,
20250429,15:18:37,-6.5,
20250429,15:18:37,-6.5,
20250429,15:18:37,-6.5,
20250429,15:18:37,-6.6,
20250429,15:18:37,-6.6,
20250429,15:18:37,-6.6,
20250429,15:18:37,-6.6,
20250429,15:18:37,-6.6,
20250429,15:18:37,-6.6,
20250429,15:18:37,-6.6,
20250429,15:18:37,-6.6,
20250429,15:18:37,-6.6,
20250429,15:18:37,-6.6,
20250429,15:18:37,-6.7,
20250429,15:18:37,-6.7,
20250429,15:18:38,-6.7,
20250429,15:18:38,-6.7,
20250429,15:18:38,-6.8,
20250429,15:18:38,-6.7,
20250429,15:18:38,-6.8,
20250429,15:18:38,-6.8,
20250429,15:18:38,-6.9,
20250429,15:18:38,-6.9,
20250429,15:18:38,-6.9,
20250429,15:18:38,-6.9,
20250429,15:18:38,-6.9,
20250429,15:18:38,-6.9,
20250429,15:18:38,-7,
20250429,15:18:38,-7,
20250429,15:18:38,-7,
20250429,15:18:38,-7,
20250429,15:18:38,-7.1,
20250429,15:18:38,-7.1,
20250429,15:18:38,-7.1,
20250429,15:18:38,-7.1,
20250429,15:18:38,-7.2,
20250429,15:18:39,-7.2,
20250429,15:18:39,-7.2,
20250429,15:18:39,-7.2,
20250429,15:18:39,-7.3,
20250429,15:18:39,-7.3,
20250429,15:18:39,-7.4,
20250429,15:18:39,-7.3,
20250429,15:18:39,-7.4,
20250429,15:18:39,-7.4,
20250429,15:18:39,-7.5,
20250429,15:18:39,-7.5,
20250429,15:18:39,-7.5,
20250429,15:18:39,-7.5,
20250429,15:18:39,-7.5,
20250429,15:18:39,-7.5,
20250429,15:18:39,-7.6,
20250429,15:18:39,-7.6,
20250429,15:18:39,-7.6,
20250429,15:18:39,-7.6,
20250429,15:18:39,-7.7,
20250429,15:18:40,-7.7,
20250429,15:18:40,-7.8,
20250429,15:18:40,-7.8,
20250429,15:18:40,-7.8,
20250429,15:18:40,-7.8,
20250429,15:18:40,-7.9,
20250429,15:18:40,-7.8,
20250429,15:18:40,-7.9,
20250429,15:18:40,-7.9,
20250429,15:18:40,-7.9,
20250429,15:18:40,-8,
20250429,15:18:40,-8,
20250429,15:18:40,-8,
20250429,15:18:40,-8,
20250429,15:18:40,-8.1,
20250429,15:18:40,-8.1,
20250429,15:18:40,-8.2,
20250429,15:18:40,-8.2,
20250429,15:18:40,-8.2,
20250429,15:18:40,-8.2,
20250429,15:18:41,-8.2,
20250429,15:18:41,-8.3,
20250429,15:18:41,-8.3,
20250429,15:18:41,-8.3,
20250429,15:18:41,-8.3,
20250429,15:18:41,-8.3,
20250429,15:18:41,-8.3,
20250429,15:18:41,-8.3,
20250429,15:18:41,-8.3,
20250429,15:18:41,-8.4,
20250429,15:18:41,-8.4,
20250429,15:18:41,-8.5,
20250429,15:18:41,-8.4,
20250429,15:18:41,-8.5,
20250429,15:18:41,-8.5,
20250429,15:18:41,-8.5,
20250429,15:18:41,-8.6,
20250429,15:18:41,-8.5,
20250429,15:18:41,-8.6,
20250429,15:18:41,-8.6,
20250429,15:18:42,-8.6,
20250429,15:18:42,-8.7,
20250429,15:18:42,-8.6,
20250429,15:18:42,-8.6,
20250429,15:18:42,-8.7,
20250429,15:18:42,-8.8,
20250429,15:18:42,-8.8,
20250429,15:18:42,-8.7,
20250429,15:18:42,-8.7,
20250429,15:18:42,-8.9,
20250429,15:18:42,-8.8,
20250429,15:18:42,-8.8,
20250429,15:18:42,-8.9,
20250429,15:18:42,-8.9,
20250429,15:18:42,-8.8,
20250429,15:18:42,-9,
20250429,15:18:42,-8.9,
20250429,15:18:42,-9,
20250429,15:18:42,-9,
20250429,15:18:42,-9,
20250429,15:18:43,-9,
20250429,15:18:43,-9,
20250429,15:18:43,-9.1,
20250429,15:18:43,-9.1,
20250429,15:18:43,-9.1,
20250429,15:18:43,-9.1,
20250429,15:18:43,-9.1,
20250429,15:18:43,-9.1,
20250429,15:18:43,-9.1,
20250429,15:18:43,-9.2,
20250429,15:18:43,-9.2,
20250429,15:18:43,-9.2,
20250429,15:18:43,-9.2,
20250429,15:18:43,-9.2,
20250429,15:18:43,-9.2,
20250429,15:18:43,-9.2,
20250429,15:18:43,-9.2,
20250429,15:18:43,-9.3,
20250429,15:18:43,-9.2,
20250429,15:18:43,-9.2,
20250429,15:18:43,-9.3,
20250429,15:18:44,-9.3,
20250429,15:18:44,-9.3,
20250429,15:18:44,-9.3,
20250429,15:18:44,-9.3,
20250429,15:18:44,-9.4,
20250429,15:18:44,-9.4,
20250429,15:18:44,-9.4,
20250429,15:18:44,-9.4,
20250429,15:18:44,-9.5,
20250429,15:18:44,-9.4,
20250429,15:18:44,-9.5,
20250429,15:18:44,-9.4,
20250429,15:18:44,-9.5,
20250429,15:18:44,-9.5,
20250429,15:18:44,-9.5,
20250429,15:18:44,-9.5,
20250429,15:18:44,-9.5,
20250429,15:18:44,-9.5,
20250429,15:18:44,-9.5,
20250429,15:18:44,-9.5,
20250429,15:18:45,-9.5,
20250429,15:18:45,-9.5,
20250429,15:18:45,-9.5,
20250429,15:18:45,-9.6,
20250429,15:18:45,-9.5,
20250429,15:18:45,-9.5,
20250429,15:18:45,-9.5,
20250429,15:18:45,-9.5,
20250429,15:18:45,-9.6,
20250429,15:18:45,-9.6,
20250429,15:18:45,-9.6,
20250429,15:18:45,-9.6,
20250429,15:18:45,-9.6,
20250429,15:18:45,-9.7,
20250429,15:18:45,-9.6,
20250429,15:18:45,-9.7,
20250429,15:18:45,-9.7,
20250429,15:18:45,-9.7,
20250429,15:18:45,-9.7,
20250429,15:18:45,-9.8,
20250429,15:18:46,-9.7,
20250429,15:18:46,-9.8,
20250429,15:18:46,-9.8,
20250429,15:18:46,-9.8,
20250429,15:18:46,-9.8,
20250429,15:18:46,-9.8,
20250429,15:18:46,-9.9,
20250429,15:18:46,-9.9,
20250429,15:18:46,-9.9,
20250429,15:18:46,-9.9,
20250429,15:18:46,-9.9,
20250429,15:18:46,-9.9,
20250429,15:18:46,-10,
20250429,15:18:46,-10,
20250429,15:18:46,-10,
20250429,15:18:46,-10,
20250429,15:18:46,-10,
20250429,15:18:46,-10,
20250429,15:18:46,-10,
20250429,15:18:46,-10,
20250429,15:18:47,-10.1,
20250429,15:18:47,-10.1,
20250429,15:18:47,-10.1,
20250429,15:18:47,-10.1,
20250429,15:18:47,-10.1,
20250429,15:18:47,-10.2,
20250429,15:18:47,-10.2,
20250429,15:18:47,-10.2,
20250429,15:18:47,-10.3,
20250429,15:18:47,-10.2,
20250429,15:18:47,-10.3,
20250429,15:18:47,-10.3,
20250429,15:18:47,-10.3,
20250429,15:18:47,-10.4,
20250429,15:18:47,-10.4,
20250429,15:18:47,-10.4,
20250429,15:18:47,-10.4,
20250429,15:18:47,-10.4,
20250429,15:18:47,-10.5,
20250429,15:18:47,-10.5,
20250429,15:18:48,-10.5,
20250429,15:18:48,-10.5,
20250429,15:18:48,-10.6,
20250429,15:18:48,-10.6,
20250429,15:18:48,-10.6,
20250429,15:18:48,-10.6,
20250429,15:18:48,-10.6,
20250429,15:18:48,-10.6,
20250429,15:18:48,-10.6,
20250429,15:18:48,-10.6,
20250429,15:18:48,-10.6,
20250429,15:18:48,-10.6,
20250429,15:18:48,-10.6,
20250429,15:18:48,-10.6,
20250429,15:18:48,-10.6,
20250429,15:18:48,-10.5,
20250429,15:18:48,-10.6,
20250429,15:18:48,-10.6,
20250429,15:18:48,-10.5,
20250429,15:18:49,-10.5,
20250429,15:18:49,-10.6,
20250429,15:18:49,-10.6,
20250429,15:18:49,-10.6,
20250429,15:18:49,-10.5,
20250429,15:18:49,-10.6,
20250429,15:18:49,-10.6,
20250429,15:18:49,-10.6,
20250429,15:18:49,-10.6,
20250429,15:18:49,-10.6,
20250429,15:18:49,-10.7,
20250429,15:18:49,-10.6,
20250429,15:18:49,-10.7,
20250429,15:18:49,-10.6,
20250429,15:18:49,-10.6,
20250429,15:18:49,-10.7,
20250429,15:18:49,-10.7,
20250429,15:18:49,-10.7,
20250429,15:18:49,-10.7,
20250429,15:18:49,-10.8,
20250429,15:18:50,-10.7,
20250429,15:18:50,-10.8,
20250429,15:18:50,-10.8,
20250429,15:18:50,-10.9,
20250429,15:18:50,-10.8,
20250429,15:18:50,-10.9,
20250429,15:18:50,-10.9,
20250429,15:18:50,-10.9,
20250429,15:18:50,-10.9,
20250429,15:18:50,-10.9,
20250429,15:18:50,-10.9,
20250429,15:18:50,-10.9,
20250429,15:18:50,-10.9,
20250429,15:18:50,-11,
20250429,15:18:50,-10.9,
20250429,15:18:50,-11,
20250429,15:18:50,-11.1,
20250429,15:18:50,-11.1,
20250429,15:18:50,-11.1,
20250429,15:18:50,-11.1,
20250429,15:18:51,-11.1,
20250429,15:18:51,-11.1,
20250429,15:18:51,-11.2,
20250429,15:18:51,-11.2,
20250429,15:18:51,-11.2,
20250429,15:18:51,-11.3,
20250429,15:18:51,-11.3,
20250429,15:18:51,-11.3,
20250429,15:18:51,-11.3,
20250429,15:18:51,-11.4,
20250429,15:18:51,-11.4,
20250429,15:18:51,-11.4,
20250429,15:18:51,-11.5,
20250429,15:18:51,-11.4,
20250429,15:18:51,-11.5,
20250429,15:18:51,-11.6,
20250429,15:18:51,-11.6,
20250429,15:18:51,-11.6,
20250429,15:18:51,-11.7,
20250429,15:18:51,-11.6,
20250429,15:18:52,-11.6,
20250429,15:18:52,-11.7,
20250429,15:18:52,-11.7,
20250429,15:18:52,-11.7,
20250429,15:18:52,-11.7,
20250429,15:18:52,-11.7,
20250429,15:18:52,-11.7,
20250429,15:18:52,-11.7,
20250429,15:18:52,-11.7,
20250429,15:18:52,-11.7,
20250429,15:18:52,-11.7,
20250429,15:18:52,-11.7,
20250429,15:18:52,-11.7,
20250429,15:18:52,-11.7,
20250429,15:18:52,-11.7,
20250429,15:18:52,-11.7,
20250429,15:18:52,-11.7,
20250429,15:18:52,-11.7,
20250429,15:18:52,-11.7,
20250429,15:18:53,-11.7,
20250429,15:18:53,-11.7,
20250429,15:18:53,-11.7,
20250429,15:18:53,-11.7,
20250429,15:18:53,-11.7,
20250429,15:18:53,-11.7,
20250429,15:18:53,-11.7,
20250429,15:18:53,-11.7,
20250429,15:18:53,-11.7,
20250429,15:18:53,-11.8,
20250429,15:18:53,-11.7,
20250429,15:18:53,-11.7,
20250429,15:18:53,-11.7,
20250429,15:18:53,-11.8,
20250429,15:18:53,-11.8,
20250429,15:18:53,-11.8,
20250429,15:18:53,-11.7,
20250429,15:18:53,-11.9,
20250429,15:18:53,-11.8,
20250429,15:18:53,-11.9,
20250429,15:18:54,-11.9,
20250429,15:18:54,-11.9,
20250429,15:18:54,-11.9,
20250429,15:18:54,-12,
20250429,15:18:54,-12,
20250429,15:18:54,-12,
20250429,15:18:54,-12.1,
20250429,15:18:54,-12.1,
20250429,15:18:54,-12.1,
20250429,15:18:54,-12.1,
20250429,15:18:54,-12,
20250429,15:18:54,-12.1,
20250429,15:18:54,-12.2,
20250429,15:18:54,-12.2,
20250429,15:18:54,-12.2,
20250429,15:18:54,-12.2,
20250429,15:18:54,-12.3,
20250429,15:18:54,-12.3,
20250429,15:18:54,-12.3,
20250429,15:18:54,-12.4,
20250429,15:18:55,-12.4,
20250429,15:18:55,-12.4,
20250429,15:18:55,-12.4,
20250429,15:18:55,-12.5,
20250429,15:18:55,-12.4,
20250429,15:18:55,-12.5,
20250429,15:18:55,-12.5,
20250429,15:18:55,-12.5,
20250429,15:18:55,-12.5,
20250429,15:18:55,-12.5,
20250429,15:18:55,-12.6,
20250429,15:18:55,-12.6,
20250429,15:18:55,-12.6,
20250429,15:18:55,-12.6,
20250429,15:18:55,-12.6,
20250429,15:18:55,-12.6,
20250429,15:18:55,-12.6,
20250429,15:18:55,-12.6,
20250429,15:18:55,-12.6,
20250429,15:18:55,-12.6,
20250429,15:18:56,-12.7,
20250429,15:18:56,-12.7,
20250429,15:18:56,-12.7,
20250429,15:18:56,-12.7,
20250429,15:18:56,-12.8,
20250429,15:18:56,-12.8,
20250429,15:18:56,-12.8,
20250429,15:18:56,-12.8,
20250429,15:18:56,-12.9,
20250429,15:18:56,-12.9,
20250429,15:18:56,-12.9,
20250429,15:18:56,-12.9,
20250429,15:18:56,-12.9,
20250429,15:18:56,-13,
20250429,15:18:56,-13,
20250429,15:18:56,-13,
20250429,15:18:56,-13,
20250429,15:18:56,-13.1,
20250429,15:18:56,-13,
20250429,15:18:57,-13.1,
20250429,15:18:57,-13.1,
20250429,15:18:57,-13.2,
20250429,15:18:57,-13.2,
20250429,15:18:57,-13.2,
20250429,15:18:57,-13.2,
20250429,15:18:57,-13.2,
20250429,15:18:57,-13.3,
20250429,15:18:57,-13.3,
20250429,15:18:57,-13.3,
20250429,15:18:57,-13.3,
20250429,15:18:57,-13.3,
20250429,15:18:57,-13.3,
20250429,15:18:57,-13.4,
20250429,15:18:57,-13.3,
20250429,15:18:57,-13.4,
20250429,15:18:57,-13.4,
20250429,15:18:57,-13.3,
20250429,15:18:57,-13.4,
20250429,15:18:57,-13.4,
20250429,15:18:58,-13.4,
20250429,15:18:58,-13.4,
20250429,15:18:58,-13.4,
20250429,15:18:58,-13.4,
20250429,15:18:58,-13.4,
20250429,15:18:58,-13.4,
20250429,15:18:58,-13.4,
20250429,15:18:58,-13.5,
20250429,15:18:58,-13.5,
20250429,15:18:58,-13.5,
20250429,15:18:58,-13.5,
20250429,15:18:58,-13.5,
20250429,15:18:58,-13.5,
20250429,15:18:58,-13.5,
20250429,15:18:58,-13.5,
20250429,15:18:58,-13.6,
20250429,15:18:58,-13.6,
20250429,15:18:58,-13.6,
20250429,15:18:58,-13.6,
20250429,15:18:58,-13.6,
20250429,15:18:59,-13.6,
20250429,15:18:59,-13.7,
20250429,15:18:59,-13.7,
20250429,15:18:59,-13.7,
20250429,15:18:59,-13.7,
20250429,15:18:59,-13.8,
20250429,15:18:59,-13.8,
20250429,15:18:59,-13.8,
20250429,15:18:59,-13.8,
20250429,15:18:59,-13.8,
20250429,15:18:59,-13.8,
20250429,15:18:59,-13.8,
20250429,15:18:59,-13.8,
20250429,15:18:59,-13.9,
20250429,15:18:59,-13.8,
20250429,15:18:59,-13.9,
20250429,15:18:59,-13.9,
20250429,15:18:59,-13.9,
20250429,15:18:59,-13.9,
20250429,15:19:00,-14,
20250429,15:19:00,-14,
20250429,15:19:00,-13.9,
20250429,15:19:00,-13.9,
20250429,15:19:00,-14,
20250429,15:19:00,-14,
20250429,15:19:00,-14,
20250429,15:19:00,-14.1,
20250429,15:19:00,-14,
20250429,15:19:00,-14,
20250429,15:19:00,-14.1,
20250429,15:19:00,-14.1,
20250429,15:19:00,-14.1,
20250429,15:19:00,-14,
20250429,15:19:00,-14.1,
20250429,15:19:00,-14.1,
20250429,15:19:00,-14.1,
20250429,15:19:00,-14.1,
20250429,15:19:00,-14.2,
20250429,15:19:00,-14.2,
20250429,15:19:01,-14.2,
20250429,15:19:01,-14.3,
20250429,15:19:01,-14.3,
20250429,15:19:01,-14.2,
20250429,15:19:01,-14.3,
20250429,15:19:01,-14.3,
20250429,15:19:01,-14.3,
20250429,15:19:01,-14.3,
20250429,15:19:01,-14.3,
20250429,15:19:01,-14.3,
20250429,15:19:01,-14.3,
20250429,15:19:01,-14.3,
20250429,15:19:01,-14.3,
20250429,15:19:01,-14.3,
20250429,15:19:01,-14.3,
20250429,15:19:01,-14.3,
20250429,15:19:01,-14.3,
20250429,15:19:01,-14.3,
20250429,15:19:01,-14.3,
20250429,15:19:01,-14.4,
20250429,15:19:02,-14.4,
20250429,15:19:02,-14.3,
20250429,15:19:02,-14.3,
20250429,15:19:02,-14.3,
20250429,15:19:02,-14.3,
20250429,15:19:02,-14.3,
20250429,15:19:02,-14.3,
20250429,15:19:02,-14.3,
20250429,15:19:02,-14.3,
20250429,15:19:02,-14.3,
20250429,15:19:02,-14.3,
20250429,15:19:02,-14.2,
20250429,15:19:02,-14.2,
20250429,15:19:02,-14.2,
20250429,15:19:02,-14.1,
20250429,15:19:02,-14.1,
20250429,15:19:02,-14.1,
20250429,15:19:02,-14,
20250429,15:19:02,-14,
20250429,15:19:02,-14,
20250429,15:19:03,-14.1,
20250429,15:19:03,-14.1,
20250429,15:19:03,-14.1,
20250429,15:19:03,-14,
20250429,15:19:03,-14,
20250429,15:19:03,-14,
20250429,15:19:03,-14,
20250429,15:19:03,-14.1,
20250429,15:19:03,-14,
20250429,15:19:03,-14.1,
20250429,15:19:03,-14.1,
20250429,15:19:03,-14.1,
20250429,15:19:03,-14.1,
20250429,15:19:03,-14.1,
20250429,15:19:03,-14.2,
20250429,15:19:03,-14.1,
20250429,15:19:03,-14.2,
20250429,15:19:03,-14.1,
20250429,15:19:03,-14.1,
20250429,15:19:04,-14.2,
20250429,15:19:04,-14.2,
20250429,15:19:04,-14.2,
20250429,15:19:04,-14.3,
20250429,15:19:04,-14.3,
20250429,15:19:04,-14.3,
20250429,15:19:04,-14.4,
20250429,15:19:04,-14.4,
20250429,15:19:04,-14.5,
20250429,15:19:04,-14.5,
20250429,15:19:04,-14.5,
20250429,15:19:04,-14.5,
20250429,15:19:04,-14.4,
20250429,15:19:04,-14.4,
20250429,15:19:04,-14.4,
20250429,15:19:04,-14.3,
20250429,15:19:04,-14.2,
20250429,15:19:04,-14.1,
20250429,15:19:04,-13.9,
20250429,15:19:04,-13.8,
20250429,15:19:05,-13.6,
20250429,15:19:05,-13.4,
20250429,15:19:05,-13.3,
20250429,15:19:05,-13.1,
20250429,15:19:05,-12.9,
20250429,15:19:05,-12.8,
20250429,15:19:05,-12.6,
20250429,15:19:05,-12.5,
20250429,15:19:05,-12.3,
20250429,15:19:05,-12.2,
20250429,15:19:05,-12.1,
20250429,15:19:05,-12,
20250429,15:19:05,-11.9,
20250429,15:19:05,-11.7,
20250429,15:19:05,-11.7,
20250429,15:19:05,-11.7,
20250429,15:19:05,-11.6,
20250429,15:19:05,-11.5,
20250429,15:19:05,-11.5,
20250429,15:19:05,-11.4,
20250429,15:19:06,-11.5,
20250429,15:19:06,-11.4,
20250429,15:19:06,-11.4,
20250429,15:19:06,-11.5,
20250429,15:19:06,-11.5,
20250429,15:19:06,-11.5,
20250429,15:19:06,-11.5,
20250429,15:19:06,-11.6,
20250429,15:19:06,-11.7,
20250429,15:19:06,-11.7,
20250429,15:19:06,-11.8,
20250429,15:19:06,-11.8,
20250429,15:19:06,-11.9,
20250429,15:19:06,-11.9,
20250429,15:19:06,-12,
20250429,15:19:06,-12.1,
20250429,15:19:06,-12.1,
20250429,15:19:06,-12.2,
20250429,15:19:06,-12.3,
20250429,15:19:07,-12.3,
20250429,15:19:07,-12.4,
20250429,15:19:07,-12.5,
20250429,15:19:07,-12.5,
20250429,15:19:07,-12.6,
20250429,15:19:07,-12.6,
20250429,15:19:07,-12.7,
20250429,15:19:07,-12.8,
20250429,15:19:07,-12.8,
20250429,15:19:07,-12.9,
20250429,15:19:07,-13,
20250429,15:19:07,-13,
20250429,15:19:07,-13.2,
20250429,15:19:07,-13.2,
20250429,15:19:07,-13.2,
20250429,15:19:07,-13.3,
20250429,15:19:07,-13.3,
20250429,15:19:07,-13.4,
20250429,15:19:07,-13.4,
20250429,15:19:07,-13.4,
20250429,15:19:08,-13.5,
20250429,15:19:08,-13.5,
20250429,15:19:08,-13.6,
20250429,15:19:08,-13.7,
20250429,15:19:08,-13.6,
20250429,15:19:08,-13.7,
20250429,15:19:08,-13.8,
20250429,15:19:08,-13.8,
20250429,15:19:08,-13.9,
20250429,15:19:08,-13.9,
20250429,15:19:08,-13.9,
20250429,15:19:08,-14,
20250429,15:19:08,-14,
20250429,15:19:08,-14,
20250429,15:19:08,-14.1,
20250429,15:19:08,-14.2,
20250429,15:19:08,-14.1,
20250429,15:19:08,-14.1,
20250429,15:19:08,-14.2,
20250429,15:19:08,-14.3,
20250429,15:19:09,-14.2,
20250429,15:19:09,-14.3,
20250429,15:19:09,-14.3,
20250429,15:19:09,-14.3,
20250429,15:19:09,-14.3,
20250429,15:19:09,-14.3,
20250429,15:19:09,-14.3,
20250429,15:19:09,-14.4,
20250429,15:19:09,-14.4,
20250429,15:19:09,-14.4,
20250429,15:19:09,-14.4,
20250429,15:19:09,-14.5,
20250429,15:19:09,-14.5,
20250429,15:19:09,-14.5,
20250429,15:19:09,-14.6,
20250429,15:19:09,-14.6,
20250429,15:19:09,-14.6,
20250429,15:19:09,-14.6,
20250429,15:19:09,-14.6,
20250429,15:19:09,-14.7,
20250429,15:19:10,-14.6,
20250429,15:19:10,-14.6,
20250429,15:19:10,-14.6,
20250429,15:19:10,-14.6,
20250429,15:19:10,-14.6,
20250429,15:19:10,-14.6,
20250429,15:19:10,-14.6,
20250429,15:19:10,-14.6,
20250429,15:19:10,-14.5,
20250429,15:19:10,-14.5,
20250429,15:19:10,-14.5,
20250429,15:19:10,-14.6,
20250429,15:19:10,-14.6,
20250429,15:19:10,-14.6,
20250429,15:19:10,-14.6,
20250429,15:19:10,-14.6,
20250429,15:19:10,-14.7,
20250429,15:19:10,-14.7,
20250429,15:19:10,-14.7,
20250429,15:19:11,-14.7,
20250429,15:19:11,-14.8,
20250429,15:19:11,-14.8,
20250429,15:19:11,-14.7,
20250429,15:19:11,-14.7,
20250429,15:19:11,-14.7,
20250429,15:19:11,-14.6,
20250429,15:19:11,-14.6,
20250429,15:19:11,-14.4,
20250429,15:19:11,-14.4,
20250429,15:19:11,-14.3,
20250429,15:19:11,-14.2,
20250429,15:19:11,-14,
20250429,15:19:11,-13.8,
20250429,15:19:11,-13.6,
20250429,15:19:11,-13.4,
20250429,15:19:11,-13.3,
20250429,15:19:11,-13.1,
20250429,15:19:11,-12.8,
20250429,15:19:11,-12.6,
20250429,15:19:12,-12.6,
20250429,15:19:12,-12.4,
20250429,15:19:12,-12.3,
20250429,15:19:12,-12.1,
20250429,15:19:12,-11.9,
20250429,15:19:12,-11.9,
20250429,15:19:12,-11.8,
20250429,15:19:12,-11.7,
20250429,15:19:12,-11.7,
20250429,15:19:12,-11.7,
20250429,15:19:12,-11.7,
20250429,15:19:12,-11.6,
20250429,15:19:12,-11.5,
20250429,15:19:12,-11.5,
20250429,15:19:12,-11.5,
20250429,15:19:12,-11.5,
20250429,15:19:12,-11.5,
20250429,15:19:12,-11.4,
20250429,15:19:12,-11.4,
20250429,15:19:12,-11.4,
20250429,15:19:13,-11.3,
20250429,15:19:13,-11.3,
20250429,15:19:13,-11.2,
20250429,15:19:13,-11.1,
20250429,15:19:13,-11,
20250429,15:19:13,-11,
20250429,15:19:13,-10.9,
20250429,15:19:13,-10.9,
20250429,15:19:13,-10.9,
20250429,15:19:13,-10.8,
20250429,15:19:13,-10.8,
20250429,15:19:13,-10.7,
20250429,15:19:13,-10.7,
20250429,15:19:13,-10.7,
20250429,15:19:13,-10.6,
20250429,15:19:13,-10.6,
20250429,15:19:13,-10.6,
20250429,15:19:13,-10.6,
20250429,15:19:13,-10.5,
20250429,15:19:13,-10.6,
20250429,15:19:14,-10.6,
20250429,15:19:14,-10.6,
20250429,15:19:14,-10.6,
20250429,15:19:14,-10.7,
20250429,15:19:14,-10.7,
20250429,15:19:14,-10.8,
20250429,15:19:14,-10.9,
20250429,15:19:14,-10.9,
20250429,15:19:14,-10.9,
20250429,15:19:14,-10.9,
20250429,15:19:14,-11,
20250429,15:19:14,-11.1,
20250429,15:19:14,-11.1,
20250429,15:19:14,-11.2,
20250429,15:19:14,-11.2,
20250429,15:19:14,-11.3,
20250429,15:19:14,-11.4,
20250429,15:19:14,-11.5,
20250429,15:19:14,-11.5,
20250429,15:19:14,-11.5,
20250429,15:19:15,-11.6,
20250429,15:19:15,-11.7,
20250429,15:19:15,-11.7,
20250429,15:19:15,-11.8,
20250429,15:19:15,-11.8,
20250429,15:19:15,-11.9,
20250429,15:19:15,-11.9,
20250429,15:19:15,-12,
20250429,15:19:15,-12,
20250429,15:19:15,-12.1,
20250429,15:19:15,-12.1,
20250429,15:19:15,-12.2,
20250429,15:19:15,-12.2,
20250429,15:19:15,-12.3,
20250429,15:19:15,-12.3,
20250429,15:19:15,-12.3,
20250429,15:19:15,-12.4,
20250429,15:19:15,-12.5,
20250429,15:19:15,-12.4,
20250429,15:19:16,-12.6,
20250429,15:19:16,-12.6,
20250429,15:19:16,-12.6,
20250429,15:19:16,-12.6,
20250429,15:19:16,-12.6,
20250429,15:19:16,-12.7,
20250429,15:19:16,-12.7,
20250429,15:19:16,-12.7,
20250429,15:19:16,-12.8,
20250429,15:19:16,-12.8,
20250429,15:19:16,-12.8,
20250429,15:19:16,-12.9,
20250429,15:19:16,-12.9,
20250429,15:19:16,-12.9,
20250429,15:19:16,-12.9,
20250429,15:19:16,-13,
20250429,15:19:16,-13,
20250429,15:19:16,-13,
20250429,15:19:16,-13.1,
20250429,15:19:16,-13.1,
20250429,15:19:17,-13.1,
20250429,15:19:17,-13.1,
20250429,15:19:17,-13.2,
20250429,15:19:17,-13.3,
20250429,15:19:17,-13.3,
20250429,15:19:17,-13.3,
20250429,15:19:17,-13.3,
20250429,15:19:17,-13.3,
20250429,15:19:17,-13.4,
20250429,15:19:17,-13.4,
20250429,15:19:17,-13.4,
20250429,15:19:17,-13.4,
20250429,15:19:17,-13.4,
20250429,15:19:17,-13.4,
20250429,15:19:17,-13.4,
20250429,15:19:17,-13.5,
20250429,15:19:17,-13.5,
20250429,15:19:17,-13.6,
20250429,15:19:17,-13.6,
20250429,15:19:17,-13.6,
20250429,15:19:18,-13.6,
20250429,15:19:18,-13.7,
20250429,15:19:18,-13.7,
20250429,15:19:18,-13.6,
20250429,15:19:18,-13.7,
20250429,15:19:18,-13.7,
20250429,15:19:18,-13.7,
20250429,15:19:18,-13.8,
20250429,15:19:18,-13.8,
20250429,15:19:18,-13.8,
20250429,15:19:18,-13.8,
20250429,15:19:18,-13.8,
20250429,15:19:18,-13.9,
20250429,15:19:18,-13.9,
20250429,15:19:18,-14,
20250429,15:19:18,-13.9,
20250429,15:19:18,-13.9,
20250429,15:19:18,-14,
20250429,15:19:18,-14,
20250429,15:19:19,-14,
20250429,15:19:19,-14,
20250429,15:19:19,-14,
20250429,15:19:19,-14,
20250429,15:19:19,-14,
20250429,15:19:19,-14,
20250429,15:19:19,-14.1,
20250429,15:19:19,-14.1,
20250429,15:19:19,-14.1,
20250429,15:19:19,-14.2,
20250429,15:19:19,-14.2,
20250429,15:19:19,-14.1,
20250429,15:19:19,-14.2,
20250429,15:19:19,-14.2,
20250429,15:19:19,-14.2,
20250429,15:19:19,-14.3,
20250429,15:19:19,-14.3,
20250429,15:19:19,-14.3,
20250429,15:19:19,-14.3,
20250429,15:19:19,-14.3,
20250429,15:19:20,-14.3,
20250429,15:19:20,-14.3,
20250429,15:19:20,-14.3,
20250429,15:19:20,-14.3,
20250429,15:19:20,-14.3,
20250429,15:19:20,-14.3,
20250429,15:19:20,-14.3,
20250429,15:19:20,-14.3,
20250429,15:19:20,-14.3,
20250429,15:19:20,-14.4,
20250429,15:19:20,-14.3,
20250429,15:19:20,-14.4,
20250429,15:19:20,-14.4,
20250429,15:19:20,-14.4,
20250429,15:19:20,-14.4,
20250429,15:19:20,-14.4,
20250429,15:19:20,-14.4,
20250429,15:19:20,-14.4,
20250429,15:19:20,-14.4,
20250429,15:19:20,-14.5,
20250429,15:19:21,-14.5,
20250429,15:19:21,-14.5,
20250429,15:19:21,-14.5,
20250429,15:19:21,-14.5,
20250429,15:19:21,-14.5,
20250429,15:19:21,-14.6,
20250429,15:19:21,-14.5,
20250429,15:19:21,-14.6,
20250429,15:19:21,-14.5,
20250429,15:19:21,-14.6,
20250429,15:19:21,-14.6,
20250429,15:19:21,-14.6,
20250429,15:19:21,-14.6,
20250429,15:19:21,-14.6,
20250429,15:19:21,-14.6,
20250429,15:19:21,-14.6,
20250429,15:19:21,-14.7,
20250429,15:19:21,-14.6,
20250429,15:19:21,-14.6,
20250429,15:19:21,-14.6,
20250429,15:19:22,-14.7,
20250429,15:19:22,-14.7,
20250429,15:19:22,-14.7,
20250429,15:19:22,-14.7,
20250429,15:19:22,-14.8,
20250429,15:19:22,-14.7,
20250429,15:19:22,-14.8,
20250429,15:19:22,-14.7,
20250429,15:19:22,-14.8,
20250429,15:19:22,-14.8,
20250429,15:19:22,-14.7,
20250429,15:19:22,-14.8,
20250429,15:19:22,-14.8,
20250429,15:19:22,-14.8,
20250429,15:19:22,-14.8,
20250429,15:19:22,-14.8,
20250429,15:19:22,-14.8,
20250429,15:19:22,-14.8,
20250429,15:19:22,-14.9,
20250429,15:19:23,-14.8,
20250429,15:19:23,-14.8,
20250429,15:19:23,-14.8,
20250429,15:19:23,-14.8,
20250429,15:19:23,-14.9,
20250429,15:19:23,-14.9,
20250429,15:19:23,-14.9,
20250429,15:19:23,-14.9,
20250429,15:19:23,-14.9,
20250429,15:19:23,-14.9,
20250429,15:19:23,-14.9,
20250429,15:19:23,-14.9,
20250429,15:19:23,-14.9,
20250429,15:19:23,-14.9,
20250429,15:19:23,-15,
20250429,15:19:23,-15,
20250429,15:19:23,-15,
20250429,15:19:23,-15,
20250429,15:19:23,-15,
20250429,15:19:23,-15,
20250429,15:19:24,-15.1,
20250429,15:19:24,-15,
20250429,15:19:24,-15.1,
20250429,15:19:24,-15.1,
20250429,15:19:24,-15.1,
20250429,15:19:24,-15.1,
20250429,15:19:24,-15.1,
20250429,15:19:24,-15.1,
20250429,15:19:24,-15.1,
20250429,15:19:24,-15.1,
20250429,15:19:24,-15.2,
20250429,15:19:24,-15.2,
20250429,15:19:24,-15.1,
20250429,15:19:24,-15.2,
20250429,15:19:24,-15.2,
20250429,15:19:24,-15.2,
20250429,15:19:24,-15.2,
20250429,15:19:24,-15.2,
20250429,15:19:24,-15.2,
20250429,15:19:24,-15.2,
20250429,15:19:25,-15.2,
20250429,15:19:25,-15.2,
20250429,15:19:25,-15.2,
20250429,15:19:25,-15.2,
20250429,15:19:25,-15.2,
20250429,15:19:25,-15.2,
20250429,15:19:25,-15.2,
20250429,15:19:25,-15.2,
20250429,15:19:25,-15.2,
20250429,15:19:25,-15.3,
20250429,15:19:25,-15.3,
20250429,15:19:25,-15.3,
20250429,15:19:25,-15.2,
20250429,15:19:25,-15.3,
20250429,15:19:25,-15.3,
20250429,15:19:25,-15.3,
20250429,15:19:25,-15.3,
20250429,15:19:25,-15.2,
20250429,15:19:25,-15.3,
20250429,15:19:26,-15.3,
20250429,15:19:26,-15.4,
20250429,15:19:26,-15.4,
20250429,15:19:26,-15.4,
20250429,15:19:26,-15.4,
20250429,15:19:26,-15.4,
20250429,15:19:26,-15.4,
20250429,15:19:26,-15.4,
20250429,15:19:26,-15.4,
20250429,15:19:26,-15.4,
20250429,15:19:26,-15.4,
20250429,15:19:26,-15.5,
20250429,15:19:26,-15.4,
20250429,15:19:26,-15.4,
20250429,15:19:26,-15.5,
20250429,15:19:26,-15.5,
20250429,15:19:26,-15.5,
20250429,15:19:26,-15.5,
20250429,15:19:26,-15.6,
20250429,15:19:26,-15.5,
20250429,15:19:27,-15.6,
20250429,15:19:27,-15.6,
20250429,15:19:27,-15.6,
20250429,15:19:27,-15.6,
20250429,15:19:27,-15.6,
20250429,15:19:27,-15.6,
20250429,15:19:27,-15.6,
20250429,15:19:27,-15.7,
20250429,15:19:27,-15.7,
20250429,15:19:27,-15.7,
20250429,15:19:27,-15.6,
20250429,15:19:27,-15.7,
20250429,15:19:27,-15.7,
20250429,15:19:27,-15.7,
20250429,15:19:27,-15.7,
20250429,15:19:27,-15.7,
20250429,15:19:27,-15.8,
20250429,15:19:27,-15.7,
20250429,15:19:27,-15.8,
20250429,15:19:27,-15.8,
20250429,15:19:28,-15.7,
20250429,15:19:28,-15.8,
20250429,15:19:28,-15.8,
20250429,15:19:28,-15.8,
20250429,15:19:28,-15.8,
20250429,15:19:28,-15.9,
20250429,15:19:28,-15.8,
20250429,15:19:28,-15.8,
20250429,15:19:28,-15.8,
20250429,15:19:28,-15.9,
20250429,15:19:28,-15.9,
20250429,15:19:28,-15.9,
20250429,15:19:28,-15.9,
20250429,15:19:28,-15.9,
20250429,15:19:28,-15.9,
20250429,15:19:28,-16,
20250429,15:19:28,-15.9,
20250429,15:19:28,-15.9,
20250429,15:19:28,-16,
20250429,15:19:28,-16,
20250429,15:19:29,-16,
20250429,15:19:29,-16,
20250429,15:19:29,-16,
20250429,15:19:29,-16,
20250429,15:19:29,-16,
20250429,15:19:29,-16,
20250429,15:19:29,-16,
20250429,15:19:29,-16,
20250429,15:19:29,-16,
20250429,15:19:29,-16,
20250429,15:19:29,-16,
20250429,15:19:29,-16,
20250429,15:19:29,-16,
20250429,15:19:29,-16,
20250429,15:19:29,-16,
20250429,15:19:29,-16,
20250429,15:19:29,-16.1,
20250429,15:19:29,-16,
20250429,15:19:29,-16,
20250429,15:19:30,-16,
20250429,15:19:30,-16.1,
20250429,15:19:30,-16.1,
20250429,15:19:30,-16.1,
20250429,15:19:30,-16.2,
20250429,15:19:30,-16.1,
20250429,15:19:30,-16.1,
20250429,15:19:30,-16.1,
20250429,15:19:30,-16.1,
20250429,15:19:30,-16.2,
20250429,15:19:30,-16.1,
20250429,15:19:30,-16.1,
20250429,15:19:30,-16.1,
20250429,15:19:30,-16.2,
20250429,15:19:30,-16.2,
20250429,15:19:30,-16.3,
20250429,15:19:30,-16.2,
20250429,15:19:30,-16.2,
20250429,15:19:30,-16.2,
20250429,15:19:30,-16.3,
20250429,15:19:31,-16.3,
20250429,15:19:31,-16.3,
20250429,15:19:31,-16.2,
20250429,15:19:31,-16.3,
20250429,15:19:31,-16.3,
20250429,15:19:31,-16.3,
20250429,15:19:31,-16.3,
20250429,15:19:31,-16.4,
20250429,15:19:31,-16.3,
20250429,15:19:31,-16.3,
20250429,15:19:31,-16.4,
20250429,15:19:31,-16.4,
20250429,15:19:31,-16.4,
20250429,15:19:31,-16.4,
20250429,15:19:31,-16.4,
20250429,15:19:31,-16.4,
20250429,15:19:31,-16.4,
20250429,15:19:31,-16.5,
20250429,15:19:31,-16.5,
20250429,15:19:31,-16.5,
20250429,15:19:32,-16.5,
20250429,15:19:32,-16.5,
20250429,15:19:32,-16.5,
20250429,15:19:32,-16.5,
20250429,15:19:32,-16.5,
20250429,15:19:32,-16.5,
20250429,15:19:32,-16.5,
20250429,15:19:32,-16.6,
20250429,15:19:32,-16.5,
20250429,15:19:32,-16.5,
20250429,15:19:32,-16.6,
20250429,15:19:32,-16.6,
20250429,15:19:32,-16.5,
20250429,15:19:32,-16.5,
20250429,15:19:32,-16.6,
20250429,15:19:32,-16.6,
20250429,15:19:32,-16.6,
20250429,15:19:32,-16.6,
20250429,15:19:32,-16.6,
20250429,15:19:33,-16.6,
20250429,15:19:33,-16.6,
20250429,15:19:33,-16.6,
20250429,15:19:33,-16.6,
20250429,15:19:33,-16.6,
20250429,15:19:33,-16.7,
20250429,15:19:33,-16.6,
20250429,15:19:33,-16.7,
20250429,15:19:33,-16.6,
20250429,15:19:33,-16.7,
20250429,15:19:33,-16.6,
20250429,15:19:33,-16.6,
20250429,15:19:33,-16.6,
20250429,15:19:33,-16.6,
20250429,15:19:33,-16.6,
20250429,15:19:33,-16.6,
20250429,15:19:33,-16.7,
20250429,15:19:33,-16.6,
20250429,15:19:33,-16.6,
20250429,15:19:33,-16.6,
20250429,15:19:34,-16.7,
20250429,15:19:34,-16.6,
20250429,15:19:34,-16.6,
20250429,15:19:34,-16.6,
20250429,15:19:34,-16.6,
20250429,15:19:34,-16.6,
20250429,15:19:34,-16.7,
20250429,15:19:34,-16.6,
20250429,15:19:34,-16.6,
20250429,15:19:34,-16.7,
20250429,15:19:34,-16.7,
20250429,15:19:34,-16.7,
20250429,15:19:34,-16.7,
20250429,15:19:34,-16.6,
20250429,15:19:34,-16.7,
20250429,15:19:34,-16.7,
20250429,15:19:34,-16.7,
20250429,15:19:34,-16.7,
20250429,15:19:34,-16.8,
20250429,15:19:34,-16.8,
20250429,15:19:35,-16.8,
20250429,15:19:35,-16.8,
20250429,15:19:35,-16.8,
20250429,15:19:35,-16.8,
20250429,15:19:35,-16.8,
20250429,15:19:35,-16.8,
20250429,15:19:35,-16.8,
20250429,15:19:35,-16.8,
20250429,15:19:35,-16.9,
20250429,15:19:35,-16.8,
20250429,15:19:35,-16.9,
20250429,15:19:35,-16.9,
20250429,15:19:35,-16.9,
20250429,15:19:35,-16.9,
20250429,15:19:35,-16.9,
20250429,15:19:35,-16.9,
20250429,15:19:35,-16.9,
20250429,15:19:35,-16.9,
20250429,15:19:35,-16.9,
20250429,15:19:35,-16.9,
20250429,15:19:36,-16.9,
20250429,15:19:36,-16.9,
20250429,15:19:36,-16.9,
20250429,15:19:36,-16.9,
20250429,15:19:36,-16.9,
20250429,15:19:36,-16.9,
20250429,15:19:36,-16.9,
20250429,15:19:36,-17,
20250429,15:19:36,-17,
20250429,15:19:36,-17,
20250429,15:19:36,-17,
20250429,15:19:36,-17,
20250429,15:19:36,-17,
20250429,15:19:36,-17,
20250429,15:19:36,-17,
20250429,15:19:36,-17,
20250429,15:19:36,-17.1,
20250429,15:19:36,-17.1,
20250429,15:19:36,-17,
20250429,15:19:36,-17.1,
20250429,15:19:37,-17.1,
20250429,15:19:37,-17.1,
20250429,15:19:37,-17.1,
20250429,15:19:37,-17.1,
20250429,15:19:37,-17.1,
20250429,15:19:37,-17.1,
20250429,15:19:37,-17.1,
20250429,15:19:37,-17.1,
20250429,15:19:37,-17.1,
20250429,15:19:37,-17.2,
20250429,15:19:37,-17.1,
20250429,15:19:37,-17.2,
20250429,15:19:37,-17.2,
20250429,15:19:37,-17.1,
20250429,15:19:37,-17.2,
20250429,15:19:37,-17.2,
20250429,15:19:37,-17.2,
20250429,15:19:37,-17.2,
20250429,15:19:37,-17.2,
20250429,15:19:38,-17.2,
20250429,15:19:38,-17.2,
20250429,15:19:38,-17.2,
20250429,15:19:38,-17.3,
20250429,15:19:38,-17.2,
20250429,15:19:38,-17.2,
20250429,15:19:38,-17.2,
20250429,15:19:38,-17.3,
20250429,15:19:38,-17.3,
20250429,15:19:38,-17.3,
20250429,15:19:38,-17.3,
20250429,15:19:38,-17.3,
20250429,15:19:38,-17.3,
20250429,15:19:38,-17.4,
20250429,15:19:38,-17.3,
20250429,15:19:38,-17.3,
20250429,15:19:38,-17.3,
20250429,15:19:38,-17.4,
20250429,15:19:38,-17.3,
20250429,15:19:38,-17.4,
20250429,15:19:39,-17.3,
20250429,15:19:39,-17.3,
20250429,15:19:39,-17.4,
20250429,15:19:39,-17.3,
20250429,15:19:39,-17.4,
20250429,15:19:39,-17.4,
20250429,15:19:39,-17.4,
20250429,15:19:39,-17.4,
20250429,15:19:39,-17.4,
20250429,15:19:39,-17.4,
20250429,15:19:39,-17.4,
20250429,15:19:39,-17.4,
20250429,15:19:39,-17.4,
20250429,15:19:39,-17.5,
20250429,15:19:39,-17.4,
20250429,15:19:39,-17.5,
20250429,15:19:39,-17.5,
20250429,15:19:39,-17.5,
20250429,15:19:39,-17.5,
20250429,15:19:39,-17.5,
20250429,15:19:40,-17.6,
20250429,15:19:40,-17.5,
20250429,15:19:40,-17.5,
20250429,15:19:40,-17.5,
20250429,15:19:40,-17.5,
20250429,15:19:40,-17.5,
20250429,15:19:40,-17.6,
20250429,15:19:40,-17.5,
20250429,15:19:40,-17.5,
20250429,15:19:40,-17.6,
20250429,15:19:40,-17.6,
20250429,15:19:40,-17.6,
20250429,15:19:40,-17.6,
20250429,15:19:40,-17.6,
20250429,15:19:40,-17.7,
20250429,15:19:40,-17.6,
20250429,15:19:40,-17.6,
20250429,15:19:40,-17.6,
20250429,15:19:40,-17.6,
20250429,15:19:40,-17.7,
20250429,15:19:41,-17.6,
20250429,15:19:41,-17.7,
20250429,15:19:41,-17.7,
20250429,15:19:41,-17.7,
20250429,15:19:41,-17.7,
20250429,15:19:41,-17.7,
20250429,15:19:41,-17.7,
20250429,15:19:41,-17.7,
20250429,15:19:41,-17.7,
20250429,15:19:41,-17.7,
20250429,15:19:41,-17.7,
20250429,15:19:41,-17.7,
20250429,15:19:41,-17.7,
20250429,15:19:41,-17.7,
20250429,15:19:41,-17.7,
20250429,15:19:41,-17.7,
20250429,15:19:41,-17.7,
20250429,15:19:41,-17.7,
20250429,15:19:41,-17.7,
20250429,15:19:42,-17.7,
20250429,15:19:42,-17.7,
20250429,15:19:42,-17.7,
20250429,15:19:42,-17.8,
20250429,15:19:42,-17.8,
20250429,15:19:42,-17.8,
20250429,15:19:42,-17.8,
20250429,15:19:42,-17.8,
20250429,15:19:42,-17.7,
20250429,15:19:42,-17.8,
20250429,15:19:42,-17.8,
20250429,15:19:42,-17.8,
20250429,15:19:42,-17.8,
20250429,15:19:42,-17.8,
20250429,15:19:42,-17.8,
20250429,15:19:42,-17.9,
20250429,15:19:42,-17.9,
20250429,15:19:42,-17.9,
20250429,15:19:42,-17.9,
20250429,15:19:42,-18,
20250429,15:19:43,-18,
20250429,15:19:43,-18.1,
20250429,15:19:43,-18.1,
20250429,15:19:43,-18.2,
20250429,15:19:43,-18.2,
20250429,15:19:43,-18.3,
20250429,15:19:43,-18.3,
20250429,15:19:43,-18.4,
20250429,15:19:43,-18.4,
20250429,15:19:43,-18.5,
20250429,15:19:43,-18.6,
20250429,15:19:43,-18.6,
20250429,15:19:43,-18.6,
20250429,15:19:43,-18.6,
20250429,15:19:43,-18.6,
20250429,15:19:43,-18.6,
20250429,15:19:43,-18.6,
20250429,15:19:43,-18.6,
20250429,15:19:43,-18.6,
20250429,15:19:43,-18.6,
20250429,15:19:44,-18.6,
20250429,15:19:44,-18.6,
20250429,15:19:44,-18.6,
20250429,15:19:44,-18.5,
20250429,15:19:44,-18.6,
20250429,15:19:44,-18.6,
20250429,15:19:44,-18.5,
20250429,15:19:44,-18.5,
20250429,15:19:44,-18.4,
20250429,15:19:44,-18.3,
20250429,15:19:44,-18.3,
20250429,15:19:44,-18.3,
20250429,15:19:44,-18.4,
20250429,15:19:44,-18.3,
20250429,15:19:44,-18.2,
20250429,15:19:44,-18.2,
20250429,15:19:44,-18.1,
20250429,15:19:44,-18.1,
20250429,15:19:44,-18,
20250429,15:19:45,-18,
20250429,15:19:45,-18,
20250429,15:19:45,-17.9,
20250429,15:19:45,-17.9,
20250429,15:19:45,-17.9,
20250429,15:19:45,-17.8,
20250429,15:19:45,-17.8,
20250429,15:19:45,-17.7,
20250429,15:19:45,-17.7,
20250429,15:19:45,-17.7,
20250429,15:19:45,-17.7,
20250429,15:19:45,-17.7,
20250429,15:19:45,-17.7,
20250429,15:19:45,-17.7,
20250429,15:19:45,-17.7,
20250429,15:19:45,-17.7,
20250429,15:19:45,-17.7,
20250429,15:19:45,-17.7,
20250429,15:19:45,-17.7,
20250429,15:19:45,-17.7,
20250429,15:19:46,-17.7,
20250429,15:19:46,-17.7,
20250429,15:19:46,-17.7,
20250429,15:19:46,-17.7,
20250429,15:19:46,-17.7,
20250429,15:19:46,-17.7,
20250429,15:19:46,-17.7,
20250429,15:19:46,-17.8,
20250429,15:19:46,-17.8,
20250429,15:19:46,-17.8,
20250429,15:19:46,-17.9,
20250429,15:19:46,-17.9,
20250429,15:19:46,-17.9,
20250429,15:19:46,-17.9,
20250429,15:19:46,-17.9,
20250429,15:19:46,-18,
20250429,15:19:46,-18,
20250429,15:19:46,-18,
20250429,15:19:46,-18.1,
20250429,15:19:46,-18.1,
20250429,15:19:47,-18.1,
20250429,15:19:47,-18.1,
20250429,15:19:47,-18.2,
20250429,15:19:47,-18.2,
20250429,15:19:47,-18.2,
20250429,15:19:47,-18.2,
20250429,15:19:47,-18.3,
20250429,15:19:47,-18.3,
20250429,15:19:47,-18.3,
20250429,15:19:47,-18.3,
20250429,15:19:47,-18.2,
20250429,15:19:47,-18.2,
20250429,15:19:47,-18.2,
20250429,15:19:47,-18.2,
20250429,15:19:47,-18.1,
20250429,15:19:47,-18,
20250429,15:19:47,-18,
20250429,15:19:47,-17.9,
20250429,15:19:47,-17.8,
20250429,15:19:47,-17.7,
20250429,15:19:48,-17.7,
20250429,15:19:48,-17.6,
20250429,15:19:48,-17.5,
20250429,15:19:48,-17.5,
20250429,15:19:48,-17.4,
20250429,15:19:48,-17.3,
20250429,15:19:48,-17.3,
20250429,15:19:48,-17.2,
20250429,15:19:48,-17.2,
20250429,15:19:48,-17.1,
20250429,15:19:48,-17.1,
20250429,15:19:48,-17,
20250429,15:19:48,-17,
20250429,15:19:48,-17,
20250429,15:19:48,-16.9,
20250429,15:19:48,-16.9,
20250429,15:19:48,-16.9,
20250429,15:19:48,-16.9,
20250429,15:19:48,-16.9,
20250429,15:19:49,-16.8,
20250429,15:19:49,-16.9,
20250429,15:19:49,-16.9,
20250429,15:19:49,-16.8,
20250429,15:19:49,-16.8,
20250429,15:19:49,-16.8,
20250429,15:19:49,-16.9,
20250429,15:19:49,-16.8,
20250429,15:19:49,-16.9,
20250429,15:19:49,-16.8,
20250429,15:19:49,-16.9,
20250429,15:19:49,-16.9,
20250429,15:19:49,-16.9,
20250429,15:19:49,-16.9,
20250429,15:19:49,-16.9,
20250429,15:19:49,-17,
20250429,15:19:49,-17,
20250429,15:19:49,-17,
20250429,15:19:49,-17.1,
20250429,15:19:49,-17.2,
20250429,15:19:50,-17.2,
20250429,15:19:50,-17.2,
20250429,15:19:50,-17.2,
20250429,15:19:50,-17.2,
20250429,15:19:50,-17.4,
20250429,15:19:50,-17.3,
20250429,15:19:50,-17.4,
20250429,15:19:50,-17.5,
20250429,15:19:50,-17.5,
20250429,15:19:50,-17.6,
20250429,15:19:50,-17.6,
20250429,15:19:50,-17.6,
20250429,15:19:50,-17.7,
20250429,15:19:50,-17.7,
20250429,15:19:50,-17.7,
20250429,15:19:50,-17.7,
20250429,15:19:50,-17.7,
20250429,15:19:50,-17.7,
20250429,15:19:50,-17.7,
20250429,15:19:50,-17.8,
20250429,15:19:51,-17.8,
20250429,15:19:51,-17.8,
20250429,15:19:51,-17.9,
20250429,15:19:51,-17.9,
20250429,15:19:51,-17.9,
20250429,15:19:51,-18,
20250429,15:19:51,-18,
20250429,15:19:51,-18,
20250429,15:19:51,-18.1,
20250429,15:19:51,-18.1,
20250429,15:19:51,-18.1,
20250429,15:19:51,-18.1,
20250429,15:19:51,-18.2,
20250429,15:19:51,-18.2,
20250429,15:19:51,-18.2,
20250429,15:19:51,-18.2,
20250429,15:19:51,-18.2,
20250429,15:19:51,-18,
20250429,15:19:51,-18.1,
20250429,15:19:52,-17.9,
20250429,15:19:52,-17.8,
20250429,15:19:52,-17.7,
20250429,15:19:52,-17.6,
20250429,15:19:52,-17.5,
20250429,15:19:52,-17.2,
20250429,15:19:52,-17,
20250429,15:19:52,-16.9,
20250429,15:19:52,-16.7,
20250429,15:19:52,-16.5,
20250429,15:19:52,-16.3,
20250429,15:19:52,-16.2,
20250429,15:19:52,-16,
20250429,15:19:52,-15.9,
20250429,15:19:52,-15.8,
20250429,15:19:52,-15.7,
20250429,15:19:52,-15.5,
20250429,15:19:52,-15.5,
20250429,15:19:52,-15.3,
20250429,15:19:52,-15.3,
20250429,15:19:53,-15.2,
20250429,15:19:53,-15.2,
20250429,15:19:53,-15.2,
20250429,15:19:53,-15.2,
20250429,15:19:53,-15.2,
20250429,15:19:53,-15.2,
20250429,15:19:53,-15.2,
20250429,15:19:53,-15.1,
20250429,15:19:53,-15.2,
20250429,15:19:53,-15.2,
20250429,15:19:53,-15.2,
20250429,15:19:53,-15.2,
20250429,15:19:53,-15.2,
20250429,15:19:53,-15.2,
20250429,15:19:53,-15.2,
20250429,15:19:53,-15.2,
20250429,15:19:53,-15.2,
20250429,15:19:53,-15.3,
20250429,15:19:53,-15.3,
20250429,15:19:53,-15.3,
20250429,15:19:54,-15.5,
20250429,15:19:54,-15.5,
20250429,15:19:54,-15.6,
20250429,15:19:54,-15.6,
20250429,15:19:54,-15.6,
20250429,15:19:54,-15.7,
20250429,15:19:54,-15.8,
20250429,15:19:54,-15.8,
20250429,15:19:54,-15.9,
20250429,15:19:54,-15.9,
20250429,15:19:54,-16,
20250429,15:19:54,-16,
20250429,15:19:54,-16,
20250429,15:19:54,-16,
20250429,15:19:54,-16.1,
20250429,15:19:54,-16.2,
20250429,15:19:54,-16.3,
20250429,15:19:54,-16.4,
20250429,15:19:54,-16.4,
20250429,15:19:54,-16.4,
20250429,15:19:55,-16.4,
20250429,15:19:55,-16.5,
20250429,15:19:55,-16.6,
20250429,15:19:55,-16.6,
20250429,15:19:55,-16.6,
20250429,15:19:55,-16.8,
20250429,15:19:55,-16.8,
20250429,15:19:55,-16.8,
20250429,15:19:55,-16.9,
20250429,15:19:55,-16.9,
20250429,15:19:55,-16.9,
20250429,15:19:55,-16.9,
20250429,15:19:55,-16.9,
20250429,15:19:55,-16.9,
20250429,15:19:55,-17,
20250429,15:19:55,-17,
20250429,15:19:55,-17.1,
20250429,15:19:55,-17.1,
20250429,15:19:55,-17.1,
20250429,15:19:56,-17.2,
20250429,15:19:56,-17.3,
20250429,15:19:56,-17.2,
20250429,15:19:56,-17.3,
20250429,15:19:56,-17.3,
20250429,15:19:56,-17.4,
20250429,15:19:56,-17.4,
20250429,15:19:56,-17.4,
20250429,15:19:56,-17.4,
20250429,15:19:56,-17.4,
20250429,15:19:56,-17.4,
20250429,15:19:56,-17.5,
20250429,15:19:56,-17.4,
20250429,15:19:56,-17.5,
20250429,15:19:56,-17.5,
20250429,15:19:56,-17.6,
20250429,15:19:56,-17.6,
20250429,15:19:56,-17.6,
20250429,15:19:56,-17.6,
20250429,15:19:56,-17.6,
20250429,15:19:57,-17.7,
20250429,15:19:57,-17.7,
20250429,15:19:57,-17.7,
20250429,15:19:57,-17.7,
20250429,15:19:57,-17.7,
20250429,15:19:57,-17.7,
20250429,15:19:57,-17.7,
20250429,15:19:57,-17.6,
20250429,15:19:57,-17.5,
20250429,15:19:57,-17.5,
20250429,15:19:57,-17.4,
20250429,15:19:57,-17.4,
20250429,15:19:57,-17.3,
20250429,15:19:57,-17.2,
20250429,15:19:57,-17,
20250429,15:19:57,-16.9,
20250429,15:19:57,-16.9,
20250429,15:19:57,-16.8,
20250429,15:19:57,-16.7,
20250429,15:19:57,-16.4,
20250429,15:19:58,-16.3,
20250429,15:19:58,-16.2,
20250429,15:19:58,-16.1,
20250429,15:19:58,-16,
20250429,15:19:58,-15.9,
20250429,15:19:58,-15.9,
20250429,15:19:58,-15.8,
20250429,15:19:58,-15.8,
20250429,15:19:58,-15.8,
20250429,15:19:58,-15.8,
20250429,15:19:58,-15.8,
20250429,15:19:58,-15.8,
20250429,15:19:58,-15.8,
20250429,15:19:58,-15.8,
20250429,15:19:58,-15.8,
20250429,15:19:58,-15.8,
20250429,15:19:58,-15.7,
20250429,15:19:58,-15.7,
20250429,15:19:58,-15.7,
20250429,15:19:58,-15.7,
20250429,15:19:59,-15.7,
20250429,15:19:59,-15.7,
20250429,15:19:59,-15.6,
20250429,15:19:59,-15.7,
20250429,15:19:59,-15.6,
20250429,15:19:59,-15.6,
20250429,15:19:59,-15.6,
20250429,15:19:59,-15.5,
20250429,15:19:59,-15.5,
20250429,15:19:59,-15.5,
20250429,15:19:59,-15.4,
20250429,15:19:59,-15.2,
20250429,15:19:59,-15.2,
20250429,15:19:59,-15.2,
20250429,15:19:59,-15,
20250429,15:19:59,-14.7,
20250429,15:19:59,-14.5,
20250429,15:19:59,-14.3,
20250429,15:19:59,-14.2,
20250429,15:20:00,-14,
20250429,15:20:00,-13.8,
20250429,15:20:00,-13.5,
20250429,15:20:00,-13.4,
20250429,15:20:00,-13.2,
20250429,15:20:00,-13,
20250429,15:20:00,-12.9,
20250429,15:20:00,-12.7,
20250429,15:20:00,-12.6,
20250429,15:20:00,-12.6,
20250429,15:20:00,-12.5,
20250429,15:20:00,-12.3,
20250429,15:20:00,-12.3,
20250429,15:20:00,-12.2,
20250429,15:20:00,-12,
20250429,15:20:00,-12,
20250429,15:20:00,-12,
20250429,15:20:00,-11.8,
20250429,15:20:00,-11.7,
20250429,15:20:00,-11.7,
20250429,15:20:01,-11.5,
20250429,15:20:01,-11.3,
20250429,15:20:01,-11.1,
20250429,15:20:01,-10.8,
20250429,15:20:01,-10.6,
20250429,15:20:01,-10.2,
20250429,15:20:01,-9.9,
20250429,15:20:01,-9.5,
20250429,15:20:01,-9.2,
20250429,15:20:01,-8.8,
20250429,15:20:01,-8.4,
20250429,15:20:01,-8.1,
20250429,15:20:01,-7.7,
20250429,15:20:01,-7.4,
20250429,15:20:01,-7.1,
20250429,15:20:01,-6.8,
20250429,15:20:01,-6.6,
20250429,15:20:01,-6.4,
20250429,15:20:01,-6.1,
20250429,15:20:01,-6,
20250429,15:20:02,-5.8,
20250429,15:20:02,-5.7,
20250429,15:20:02,-5.5,
20250429,15:20:02,-5.3,
20250429,15:20:02,-5.3,
20250429,15:20:02,-5.2,
20250429,15:20:02,-5,
20250429,15:20:02,-5,
20250429,15:20:02,-5,
20250429,15:20:02,-5,
20250429,15:20:02,-5.1,
20250429,15:20:02,-5.1,
20250429,15:20:02,-5.1,
20250429,15:20:02,-5.1,
20250429,15:20:02,-5.2,
20250429,15:20:02,-5.3,
20250429,15:20:02,-5.5,
20250429,15:20:02,-5.6,
20250429,15:20:02,-5.7,
20250429,15:20:02,-5.8,
20250429,15:20:02,-5.9,
20250429,15:20:03,-5.9,
20250429,15:20:03,-6.1,
20250429,15:20:03,-6.1,
20250429,15:20:03,-6.3,
20250429,15:20:03,-6.3,
20250429,15:20:03,-6.4,
20250429,15:20:03,-6.5,
20250429,15:20:03,-6.6,
20250429,15:20:03,-6.6,
20250429,15:20:03,-6.6,
20250429,15:20:03,-6.7,
20250429,15:20:03,-6.7,
20250429,15:20:03,-6.8,
20250429,15:20:03,-6.7,
20250429,15:20:03,-6.9,
20250429,15:20:03,-6.9,
20250429,15:20:03,-7,
20250429,15:20:03,-7.1,
20250429,15:20:03,-7.1,
20250429,15:20:04,-7.2,
20250429,15:20:04,-7.3,
20250429,15:20:04,-7.4,
20250429,15:20:04,-7.4,
20250429,15:20:04,-7.5,
20250429,15:20:04,-7.5,
20250429,15:20:04,-7.5,
20250429,15:20:04,-7.5,
20250429,15:20:04,-7.5,
20250429,15:20:04,-7.4,
20250429,15:20:04,-7.3,
20250429,15:20:04,-7.1,
20250429,15:20:04,-7,
20250429,15:20:04,-6.9,
20250429,15:20:04,-6.6,
20250429,15:20:04,-6.5,
20250429,15:20:04,-6.2,
20250429,15:20:04,-5.8,
20250429,15:20:04,-5.6,
20250429,15:20:04,-5.4,
20250429,15:20:04,-5.1,
20250429,15:20:05,-4.8,
20250429,15:20:05,-4.5,
20250429,15:20:05,-4.3,
20250429,15:20:05,-4,
20250429,15:20:05,-3.8,
20250429,15:20:05,-3.6,
20250429,15:20:05,-3.2,
20250429,15:20:05,-3.1,
20250429,15:20:05,-2.8,
20250429,15:20:05,-2.4,
20250429,15:20:05,-2.2,
20250429,15:20:05,-1.8,
20250429,15:20:05,-1.5,
20250429,15:20:05,-1.2,
20250429,15:20:05,-0.8,
20250429,15:20:05,-0.6,
20250429,15:20:05,-0.1,
20250429,15:20:05,0.2,
20250429,15:20:05,0.6,
20250429,15:20:05,0.9,
20250429,15:20:06,1.1,
20250429,15:20:06,1.4,
20250429,15:20:06,1.6,
20250429,15:20:06,1.9,
20250429,15:20:06,2,
20250429,15:20:06,2.3,
20250429,15:20:06,2.5,
20250429,15:20:06,2.7,
20250429,15:20:06,2.9,
20250429,15:20:06,3,
20250429,15:20:06,3.1,
20250429,15:20:06,3.3,
20250429,15:20:06,3.5,
20250429,15:20:06,3.6,
20250429,15:20:06,3.6,
20250429,15:20:06,3.7,
20250429,15:20:06,3.8,
20250429,15:20:06,3.9,
20250429,15:20:06,4,
20250429,15:20:06,4,
20250429,15:20:06,4.1,
20250429,15:20:07,4.2,
20250429,15:20:07,4.2,
20250429,15:20:07,4.3,
20250429,15:20:07,4.3,
20250429,15:20:07,4.4,
20250429,15:20:07,4.4,
20250429,15:20:07,4.4,
20250429,15:20:07,4.4,
20250429,15:20:07,4.4,
20250429,15:20:07,4.4,
20250429,15:20:07,4.3,
20250429,15:20:07,4.3,
20250429,15:20:07,4.2,
20250429,15:20:07,4.2,
20250429,15:20:07,4.1,
20250429,15:20:07,4,
20250429,15:20:07,4,
20250429,15:20:07,3.9,
20250429,15:20:07,3.9,
20250429,15:20:07,3.8,
20250429,15:20:08,3.9,
20250429,15:20:08,3.8,
20250429,15:20:08,3.8,
20250429,15:20:08,3.7,
20250429,15:20:08,3.7,
20250429,15:20:08,3.6,
20250429,15:20:08,3.6,
20250429,15:20:08,3.6,
20250429,15:20:08,3.6,
20250429,15:20:08,3.6,
20250429,15:20:08,3.4,
20250429,15:20:08,3.4,
20250429,15:20:08,3.4,
20250429,15:20:08,3.4,
20250429,15:20:08,3.2,
20250429,15:20:08,3.2,
20250429,15:20:08,3.1,
20250429,15:20:08,3,
20250429,15:20:08,3,
20250429,15:20:08,2.9,
20250429,15:20:08,2.8,
20250429,15:20:09,2.8,
20250429,15:20:09,2.8,
20250429,15:20:09,2.6,
20250429,15:20:09,2.6,
20250429,15:20:09,2.5,
20250429,15:20:09,2.4,
20250429,15:20:09,2.3,
20250429,15:20:09,2.3,
20250429,15:20:09,2.2,
20250429,15:20:09,2.1,
20250429,15:20:09,2,
20250429,15:20:09,1.9,
20250429,15:20:09,1.9,
20250429,15:20:09,1.9,
20250429,15:20:09,1.7,
20250429,15:20:09,1.6,
20250429,15:20:09,1.6,
20250429,15:20:09,1.5,
20250429,15:20:09,1.4,
20250429,15:20:09,1.4,
20250429,15:20:10,1.3,
20250429,15:20:10,1.2,
20250429,15:20:10,1.1,
20250429,15:20:10,1.1,
20250429,15:20:10,1.1,
20250429,15:20:10,1.1,
20250429,15:20:10,1,
20250429,15:20:10,0.9,
20250429,15:20:10,0.9,
20250429,15:20:10,0.8,
20250429,15:20:10,0.7,
20250429,15:20:10,0.7,
20250429,15:20:10,0.6,
20250429,15:20:10,0.5,
20250429,15:20:10,0.4,
20250429,15:20:10,0.4,
20250429,15:20:10,0.3,
20250429,15:20:10,0.2,
20250429,15:20:10,0.2,
20250429,15:20:10,0.2,
20250429,15:20:10,0.1,
20250429,15:20:11,0.1,
20250429,15:20:11,0,
20250429,15:20:11,-0.1,
20250429,15:20:11,-0.1,
20250429,15:20:11,-0.2,
20250429,15:20:11,-0.3,
20250429,15:20:11,-0.3,
20250429,15:20:11,-0.3,
20250429,15:20:11,-0.5,
20250429,15:20:11,-0.5,
20250429,15:20:11,-0.6,
20250429,15:20:11,-0.6,
20250429,15:20:11,-0.6,
20250429,15:20:11,-0.6,
20250429,15:20:11,-0.7,
20250429,15:20:11,-0.8,
20250429,15:20:11,-0.8,
20250429,15:20:11,-0.9,
20250429,15:20:11,-0.9,
20250429,15:20:11,-1,
20250429,15:20:12,-1.1,
20250429,15:20:12,-1.1,
20250429,15:20:12,-1.2,
20250429,15:20:12,-1.3,
20250429,15:20:12,-1.4,
20250429,15:20:12,-1.4,
20250429,15:20:12,-1.4,
20250429,15:20:12,-1.5,
20250429,15:20:12,-1.5,
20250429,15:20:12,-1.6,
20250429,15:20:12,-1.6,
20250429,15:20:12,-1.7,
20250429,15:20:12,-1.8,
20250429,15:20:12,-1.8,
20250429,15:20:12,-1.8,
20250429,15:20:12,-1.9,
20250429,15:20:12,-2,
20250429,15:20:12,-2,
20250429,15:20:12,-2.1,
20250429,15:20:12,-2.2,
20250429,15:20:12,-2.2,
20250429,15:20:13,-2.3,
20250429,15:20:13,-2.3,
20250429,15:20:13,-2.3,
20250429,15:20:13,-2.5,
20250429,15:20:13,-2.6,
20250429,15:20:13,-2.7,
20250429,15:20:13,-2.9,
20250429,15:20:13,-2.9,
20250429,15:20:13,-3.1,
20250429,15:20:13,-3.2,
20250429,15:20:13,-3.2,
20250429,15:20:13,-3.3,
20250429,15:20:13,-3.4,
20250429,15:20:13,-3.5,
20250429,15:20:13,-3.7,
20250429,15:20:13,-3.8,
20250429,15:20:13,-3.8,
20250429,15:20:13,-4,
20250429,15:20:13,-4,
20250429,15:20:13,-4.1,
20250429,15:20:14,-4.2,
20250429,15:20:14,-4.3,
20250429,15:20:14,-4.4,
20250429,15:20:14,-4.6,
20250429,15:20:14,-4.7,
20250429,15:20:14,-4.7,
20250429,15:20:14,-4.8,
20250429,15:20:14,-4.9,
20250429,15:20:14,-4.9,
20250429,15:20:14,-5,
20250429,15:20:14,-5,
20250429,15:20:14,-5.1,
20250429,15:20:14,-5.3,
20250429,15:20:14,-5.3,
20250429,15:20:14,-5.4,
20250429,15:20:14,-5.5,
20250429,15:20:14,-5.6,
20250429,15:20:14,-5.6,
20250429,15:20:14,-5.8,
20250429,15:20:14,-5.8,
20250429,15:20:15,-5.8,
20250429,15:20:15,-5.9,
20250429,15:20:15,-6,
20250429,15:20:15,-6,
20250429,15:20:15,-6.1,
20250429,15:20:15,-6.2,
20250429,15:20:15,-6.3,
20250429,15:20:15,-6.3,
20250429,15:20:15,-6.4,
20250429,15:20:15,-6.5,
20250429,15:20:15,-6.4,
20250429,15:20:15,-6.5,
20250429,15:20:15,-6.4,
20250429,15:20:15,-6.5,
20250429,15:20:15,-6.4,
20250429,15:20:15,-6.2,
20250429,15:20:15,-6.2,
20250429,15:20:15,-6.1,
20250429,15:20:15,-6,
20250429,15:20:15,-5.9,
20250429,15:20:16,-5.8,
20250429,15:20:16,-5.7,
20250429,15:20:16,-5.6,
20250429,15:20:16,-5.5,
20250429,15:20:16,-5.4,
20250429,15:20:16,-5.2,
20250429,15:20:16,-5,
20250429,15:20:16,-4.9,
20250429,15:20:16,-4.9,
20250429,15:20:16,-4.8,
20250429,15:20:16,-4.7,
20250429,15:20:16,-4.6,
20250429,15:20:16,-4.5,
20250429,15:20:16,-4.4,
20250429,15:20:16,-4.3,
20250429,15:20:16,-4.2,
20250429,15:20:16,-4.1,
20250429,15:20:16,-4.1,
20250429,15:20:16,-4,
20250429,15:20:16,-4,
20250429,15:20:17,-4,
20250429,15:20:17,-4,
20250429,15:20:17,-3.9,
20250429,15:20:17,-3.9,
20250429,15:20:17,-3.8,
20250429,15:20:17,-3.8,
20250429,15:20:17,-3.8,
20250429,15:20:17,-3.8,
20250429,15:20:17,-3.9,
20250429,15:20:17,-3.9,
20250429,15:20:17,-3.9,
20250429,15:20:17,-3.9,
20250429,15:20:17,-3.9,
20250429,15:20:17,-4,
20250429,15:20:17,-4,
20250429,15:20:17,-4,
20250429,15:20:17,-4,
20250429,15:20:17,-4.1,
20250429,15:20:17,-4,
20250429,15:20:17,-4.2,
20250429,15:20:18,-4.3,
20250429,15:20:18,-4.2,
20250429,15:20:18,-4.4,
20250429,15:20:18,-4.5,
20250429,15:20:18,-4.5,
20250429,15:20:18,-4.6,
20250429,15:20:18,-4.7,
20250429,15:20:18,-4.8,
20250429,15:20:18,-4.9,
20250429,15:20:18,-4.9,
20250429,15:20:18,-4.9,
20250429,15:20:18,-5,
20250429,15:20:18,-5.1,
20250429,15:20:18,-5.1,
20250429,15:20:18,-5.2,
20250429,15:20:18,-5.2,
20250429,15:20:18,-5.3,
20250429,15:20:18,-5.4,
20250429,15:20:18,-5.5,
20250429,15:20:18,-5.6,
20250429,15:20:18,-5.7,
20250429,15:20:19,-5.8,
20250429,15:20:19,-5.8,
20250429,15:20:19,-5.9,
20250429,15:20:19,-5.9,
20250429,15:20:19,-6,
20250429,15:20:19,-6,
20250429,15:20:19,-6.1,
20250429,15:20:19,-6.2,
20250429,15:20:19,-6.3,
20250429,15:20:19,-6.4,
20250429,15:20:19,-6.4,
20250429,15:20:19,-6.5,
20250429,15:20:19,-6.5,
20250429,15:20:19,-6.6,
20250429,15:20:19,-6.6,
20250429,15:20:19,-6.7,
20250429,15:20:19,-6.7,
20250429,15:20:19,-6.8,
20250429,15:20:19,-6.9,
20250429,15:20:19,-6.9,
20250429,15:20:20,-6.9,
20250429,15:20:20,-7,
20250429,15:20:20,-7,
20250429,15:20:20,-7,
20250429,15:20:20,-7,
20250429,15:20:20,-7,
20250429,15:20:20,-6.8,
20250429,15:20:20,-6.8,
20250429,15:20:20,-6.7,
20250429,15:20:20,-6.6,
20250429,15:20:20,-6.5,
20250429,15:20:20,-6.2,
20250429,15:20:20,-6,
20250429,15:20:20,-5.8,
20250429,15:20:20,-5.7,
20250429,15:20:20,-5.3,
20250429,15:20:20,-5.1,
20250429,15:20:20,-4.9,
20250429,15:20:20,-4.6,
20250429,15:20:20,-4.3,
20250429,15:20:21,-4,
20250429,15:20:21,-3.6,
20250429,15:20:21,-3.2,
20250429,15:20:21,-2.8,
20250429,15:20:21,-2.4,
20250429,15:20:21,-2.1,
20250429,15:20:21,-1.7,
20250429,15:20:21,-1.4,
20250429,15:20:21,-1.1,
20250429,15:20:21,-0.9,
20250429,15:20:21,-0.7,
20250429,15:20:21,-0.5,
20250429,15:20:21,-0.3,
20250429,15:20:21,-0.1,
20250429,15:20:21,0.2,
20250429,15:20:21,0.3,
20250429,15:20:21,0.4,
20250429,15:20:21,0.6,
20250429,15:20:21,0.7,
20250429,15:20:21,0.9,
20250429,15:20:21,1.1,
20250429,15:20:22,1.2,
20250429,15:20:22,1.4,
20250429,15:20:22,1.5,
20250429,15:20:22,1.6,
20250429,15:20:22,1.7,
20250429,15:20:22,1.9,
20250429,15:20:22,1.9,
20250429,15:20:22,2,
20250429,15:20:22,2.1,
20250429,15:20:22,2.2,
20250429,15:20:22,2.2,
20250429,15:20:22,2.3,
20250429,15:20:22,2.4,
20250429,15:20:22,2.5,
20250429,15:20:22,2.5,
20250429,15:20:22,2.6,
20250429,15:20:22,2.7,
20250429,15:20:22,2.6,
20250429,15:20:22,2.8,
20250429,15:20:22,2.8,
20250429,15:20:23,2.8,
20250429,15:20:23,2.8,
20250429,15:20:23,2.8,
20250429,15:20:23,2.8,
20250429,15:20:23,2.8,
20250429,15:20:23,2.8,
20250429,15:20:23,2.8,
20250429,15:20:23,2.8,
20250429,15:20:23,2.8,
20250429,15:20:23,2.7,
20250429,15:20:23,2.7,
20250429,15:20:23,2.6,
20250429,15:20:23,2.6,
20250429,15:20:23,2.5,
20250429,15:20:23,2.4,
20250429,15:20:23,2.3,
20250429,15:20:23,2.3,
20250429,15:20:23,2.2,
20250429,15:20:23,2.1,
20250429,15:20:23,2,
20250429,15:20:23,1.9,
20250429,15:20:24,1.9,
20250429,15:20:24,1.8,
20250429,15:20:24,1.7,
20250429,15:20:24,1.6,
20250429,15:20:24,1.5,
20250429,15:20:24,1.4,
20250429,15:20:24,1.4,
20250429,15:20:24,1.2,
20250429,15:20:24,1.1,
20250429,15:20:24,1.1,
20250429,15:20:24,1,
20250429,15:20:24,0.9,
20250429,15:20:24,0.8,
20250429,15:20:24,0.8,
20250429,15:20:24,0.6,
20250429,15:20:24,0.5,
20250429,15:20:24,0.4,
20250429,15:20:24,0.3,
20250429,15:20:24,0.2,
20250429,15:20:24,0.1,
20250429,15:20:25,0,
20250429,15:20:25,-0.1,
20250429,15:20:25,-0.3,
20250429,15:20:25,-0.4,
20250429,15:20:25,-0.5,
20250429,15:20:25,-0.6,
20250429,15:20:25,-0.6,
20250429,15:20:25,-0.7,
20250429,15:20:25,-0.9,
20250429,15:20:25,-0.9,
20250429,15:20:25,-1.1,
20250429,15:20:25,-1.2,
20250429,15:20:25,-1.2,
20250429,15:20:25,-1.4,
20250429,15:20:25,-1.5,
20250429,15:20:25,-1.5,
20250429,15:20:25,-1.6,
20250429,15:20:25,-1.7,
20250429,15:20:25,-1.9,
20250429,15:20:25,-2,
20250429,15:20:25,-2.1,
20250429,15:20:26,-2.1,
20250429,15:20:26,-2,
20250429,15:20:26,-2.1,
20250429,15:20:26,-2,
20250429,15:20:26,-2,
20250429,15:20:26,-1.9,
20250429,15:20:26,-1.7,
20250429,15:20:26,-1.7,
20250429,15:20:26,-1.5,
20250429,15:20:26,-1.3,
20250429,15:20:26,-0.9,
20250429,15:20:26,-0.6,
20250429,15:20:26,-0.3,
20250429,15:20:26,0.1,
20250429,15:20:26,0.4,
20250429,15:20:26,0.6,
20250429,15:20:26,1,
20250429,15:20:26,1.3,
20250429,15:20:26,1.4,
20250429,15:20:26,1.7,
20250429,15:20:27,1.7,
20250429,15:20:27,1.8,
20250429,15:20:27,1.9,
20250429,15:20:27,2,
20250429,15:20:27,2,
20250429,15:20:27,2.2,
20250429,15:20:27,2.2,
20250429,15:20:27,2.5,
20250429,15:20:27,2.7,
20250429,15:20:27,2.8,
20250429,15:20:27,3,
20250429,15:20:27,3.3,
20250429,15:20:27,3.6,
20250429,15:20:27,3.7,
20250429,15:20:27,4,
20250429,15:20:27,4.2,
20250429,15:20:27,4.5,
20250429,15:20:27,4.7,
20250429,15:20:27,5,
20250429,15:20:27,5.2,
20250429,15:20:27,5.3,
20250429,15:20:28,5.5,
20250429,15:20:28,5.8,
20250429,15:20:28,5.9,
20250429,15:20:28,6.1,
20250429,15:20:28,6.2,
20250429,15:20:28,6.2,
20250429,15:20:28,6.4,
20250429,15:20:28,6.5,
20250429,15:20:28,6.5,
20250429,15:20:28,6.5,
20250429,15:20:28,6.6,
20250429,15:20:28,6.7,
20250429,15:20:28,6.7,
20250429,15:20:28,6.8,
20250429,15:20:28,6.9,
20250429,15:20:28,6.9,
20250429,15:20:28,7,
20250429,15:20:28,7.1,
20250429,15:20:28,7.2,
20250429,15:20:28,7.3,
20250429,15:20:29,7.4,
20250429,15:20:29,7.5,
20250429,15:20:29,7.7,
20250429,15:20:29,7.8,
20250429,15:20:29,7.9,
20250429,15:20:29,7.9,
20250429,15:20:29,8,
20250429,15:20:29,8.1,
20250429,15:20:29,8.1,
20250429,15:20:29,8.2,
20250429,15:20:29,8.4,
20250429,15:20:29,8.4,
20250429,15:20:29,8.4,
20250429,15:20:29,8.6,
20250429,15:20:29,8.7,
20250429,15:20:29,8.7,
20250429,15:20:29,8.8,
20250429,15:20:29,8.8,
20250429,15:20:29,8.8,
20250429,15:20:29,8.9,
20250429,15:20:29,8.8,
20250429,15:20:30,8.8,
20250429,15:20:30,8.8,
20250429,15:20:30,8.8,
20250429,15:20:30,8.8,
20250429,15:20:30,8.8,
20250429,15:20:30,8.8,
20250429,15:20:30,8.8,
20250429,15:20:30,8.7,
20250429,15:20:30,8.8,
20250429,15:20:30,8.7,
20250429,15:20:30,8.6,
20250429,15:20:30,8.6,
20250429,15:20:30,8.3,
20250429,15:20:30,8.4,
20250429,15:20:30,8.3,
20250429,15:20:30,8.3,
20250429,15:20:30,8.2,
20250429,15:20:30,8.2,
20250429,15:20:30,7.9,
20250429,15:20:30,8.1,
20250429,15:20:30,8,
20250429,15:20:31,7.9,
20250429,15:20:31,7.9,
20250429,15:20:31,7.9,
20250429,15:20:31,7.8,
20250429,15:20:31,7.9,
20250429,15:20:31,7.8,
20250429,15:20:31,7.8,
20250429,15:20:31,7.8,
20250429,15:20:31,7.9,
20250429,15:20:31,7.9,
20250429,15:20:31,7.9,
20250429,15:20:31,8,
20250429,15:20:31,8.1,
20250429,15:20:31,8.2,
20250429,15:20:31,8.2,
20250429,15:20:31,8.4,
20250429,15:20:31,8.4,
20250429,15:20:31,8.6,
20250429,15:20:31,8.7,
20250429,15:20:31,8.8,
20250429,15:20:32,8.8,
20250429,15:20:32,8.8,
20250429,15:20:32,8.8,
20250429,15:20:32,9.2,
20250429,15:20:32,9.9,
20250429,15:20:32,10.1,
20250429,15:20:32,10.2,
20250429,15:20:32,10.4,
20250429,15:20:32,10.5,
20250429,15:20:32,10.4,
20250429,15:20:32,10.2,
20250429,15:20:32,10.2,
20250429,15:20:32,10,
20250429,15:20:32,10.1,
20250429,15:20:32,10,
20250429,15:20:32,9.9,
20250429,15:20:32,9.6,
20250429,15:20:32,9.6,
20250429,15:20:32,9.6,
20250429,15:20:32,9.5,
20250429,15:20:32,9.4,
20250429,15:20:33,9.4,
20250429,15:20:33,9.4,
20250429,15:20:33,9.3,
20250429,15:20:33,9.3,
20250429,15:20:33,9.2,
20250429,15:20:33,9.3,
20250429,15:20:33,9.2,
20250429,15:20:33,9.2,
20250429,15:20:33,9.1,
20250429,15:20:33,9.1,
20250429,15:20:33,9.1,
20250429,15:20:33,9,
20250429,15:20:33,8.9,
20250429,15:20:33,9,
20250429,15:20:33,8.9,
20250429,15:20:33,8.9,
20250429,15:20:33,8.9,
20250429,15:20:33,9,
20250429,15:20:33,9,
20250429,15:20:33,9,
20250429,15:20:34,9,
20250429,15:20:34,9,
20250429,15:20:34,9.1,
20250429,15:20:34,9,
20250429,15:20:34,8.9,
20250429,15:20:34,9,
20250429,15:20:34,9.1,
20250429,15:20:34,9.1,
20250429,15:20:34,9,
20250429,15:20:34,9.1,
20250429,15:20:34,8.9,
20250429,15:20:34,9,
20250429,15:20:34,8.9,
20250429,15:20:34,8.9,
20250429,15:20:34,8.9,
20250429,15:20:34,8.8,
20250429,15:20:34,8.6,
20250429,15:20:34,8.6,
20250429,15:20:34,8.5,
20250429,15:20:34,7.9,
20250429,15:20:34,7.7,
20250429,15:20:35,7.6,
20250429,15:20:35,7.5,
20250429,15:20:35,7.4,
20250429,15:20:35,7.4,
20250429,15:20:35,7.3,
20250429,15:20:35,7.2,
20250429,15:20:35,7.1,
20250429,15:20:35,7.1,
20250429,15:20:35,7.1,
20250429,15:20:35,6.8,
20250429,15:20:35,6.5,
20250429,15:20:35,6.1,
20250429,15:20:35,5.7,
20250429,15:20:35,5.3,
20250429,15:20:35,5.3,
20250429,15:20:35,5.2,
20250429,15:20:35,5.1,
20250429,15:20:35,5,
20250429,15:20:35,5,
20250429,15:20:35,4.8,
20250429,15:20:35,4.8,
20250429,15:20:36,4.9,
20250429,15:20:36,4.9,
20250429,15:20:36,5,
20250429,15:20:36,4.9,
20250429,15:20:36,5,
20250429,15:20:36,5,
20250429,15:20:36,5,
20250429,15:20:36,5,
20250429,15:20:36,5.2,
20250429,15:20:36,5.2,
20250429,15:20:36,5.2,
20250429,15:20:36,5.1,
20250429,15:20:36,5.1,
20250429,15:20:36,5.2,
20250429,15:20:36,4.9,
20250429,15:20:36,5,
20250429,15:20:36,4.8,
20250429,15:20:36,4.7,
20250429,15:20:36,4.5,
20250429,15:20:36,4.5,
20250429,15:20:37,4.5,
20250429,15:20:37,4.5,
20250429,15:20:37,4.5,
20250429,15:20:37,4.5,
20250429,15:20:37,4.5,
20250429,15:20:37,4.4,
20250429,15:20:37,4.4,
20250429,15:20:37,4.4,
20250429,15:20:37,4.4,
20250429,15:20:37,4.4,
20250429,15:20:37,4.3,
20250429,15:20:37,4.3,
20250429,15:20:37,4.3,
20250429,15:20:37,4.2,
20250429,15:20:37,4,
20250429,15:20:37,3.8,
20250429,15:20:37,3.6,
20250429,15:20:37,3.5,
20250429,15:20:37,3.4,
20250429,15:20:37,3.5,
20250429,15:20:37,3.4,
20250429,15:20:38,3.5,
20250429,15:20:38,3.4,
20250429,15:20:38,3.3,
20250429,15:20:38,3.2,
20250429,15:20:38,3.2,
20250429,15:20:38,3.3,
20250429,15:20:38,3.2,
20250429,15:20:38,3.2,
20250429,15:20:38,3.3,
20250429,15:20:38,3.3,
20250429,15:20:38,3.2,
20250429,15:20:38,3.1,
20250429,15:20:38,3.1,
20250429,15:20:38,3,
20250429,15:20:38,2.9,
20250429,15:20:38,3,
20250429,15:20:38,2.8,
20250429,15:20:38,2.8,
20250429,15:20:38,2.8,
20250429,15:20:38,2.8,
20250429,15:20:38,2.7,
20250429,15:20:39,2.7,
20250429,15:20:39,2.6,
20250429,15:20:39,2.5,
20250429,15:20:39,2.4,
20250429,15:20:39,2.4,
20250429,15:20:39,2.4,
20250429,15:20:39,2.4,
20250429,15:20:39,2.4,
20250429,15:20:39,2.3,
20250429,15:20:39,2.4,
20250429,15:20:39,2.4,
20250429,15:20:39,2.4,
20250429,15:20:39,2.4,
20250429,15:20:39,2.4,
20250429,15:20:39,2.4,
20250429,15:20:39,2.4,
20250429,15:20:39,2.5,
20250429,15:20:39,2.3,
20250429,15:20:39,2.5,
20250429,15:20:39,2.4,
20250429,15:20:40,2.5,
20250429,15:20:40,2.4,
20250429,15:20:40,2.6,
20250429,15:20:40,2.4,
20250429,15:20:40,2.3,
20250429,15:20:40,2.5,
20250429,15:20:40,2.4,
20250429,15:20:40,2.4,
20250429,15:20:40,2.3,
20250429,15:20:40,2.5,
20250429,15:20:40,2.4,
20250429,15:20:40,2.4,
20250429,15:20:40,2.2,
20250429,15:20:40,2.1,
20250429,15:20:40,2.2,
20250429,15:20:40,1.9,
20250429,15:20:40,1.7,
20250429,15:20:40,1.8,
20250429,15:20:40,1.6,
20250429,15:20:40,1.7,
20250429,15:20:40,1.6,
20250429,15:20:41,1.5,
20250429,15:20:41,1.3,
20250429,15:20:41,1.4,
20250429,15:20:41,1.3,
20250429,15:20:41,1.3,
20250429,15:20:41,1.3,
20250429,15:20:41,1.2,
20250429,15:20:41,1.2,
20250429,15:20:41,1.1,
20250429,15:20:41,1.1,
20250429,15:20:41,1.1,
20250429,15:20:41,1.1,
20250429,15:20:41,1.1,
20250429,15:20:41,1,
20250429,15:20:41,1.1,
20250429,15:20:41,1,
20250429,15:20:41,1,
20250429,15:20:41,1.1,
20250429,15:20:41,1,
20250429,15:20:41,0.9,
20250429,15:20:41,0.9,
20250429,15:20:42,0.8,
20250429,15:20:42,0.7,
20250429,15:20:42,0.6,
20250429,15:20:42,0.5,
20250429,15:20:42,0.4,
20250429,15:20:42,0.5,
20250429,15:20:42,0.6,
20250429,15:20:42,0.5,
20250429,15:20:42,0.5,
20250429,15:20:42,0.5,
20250429,15:20:42,0.4,
20250429,15:20:42,0.4,
20250429,15:20:42,0.5,
20250429,15:20:42,0.3,
20250429,15:20:42,0.5,
20250429,15:20:42,0.4,
20250429,15:20:42,0.4,
20250429,15:20:42,0.3,
20250429,15:20:42,0.4,
20250429,15:20:42,0.3,
20250429,15:20:43,0.3,
20250429,15:20:43,0.2,
20250429,15:20:43,0.3,
20250429,15:20:43,0.2,
20250429,15:20:43,0.2,
20250429,15:20:43,0.2,
20250429,15:20:43,0,
20250429,15:20:43,0.1,
20250429,15:20:43,0.1,
20250429,15:20:43,-0.1,
20250429,15:20:43,-0.1,
20250429,15:20:43,0,
20250429,15:20:43,0,
20250429,15:20:43,-0.2,
20250429,15:20:43,-0.1,
20250429,15:20:43,-0.1,
20250429,15:20:43,-0.2,
20250429,15:20:43,-0.2,
20250429,15:20:43,-0.2,
20250429,15:20:43,-0.1,
20250429,15:20:43,-0.2,
20250429,15:20:44,-0.2,
20250429,15:20:44,-0.2,
20250429,15:20:44,-0.1,
20250429,15:20:44,-0.1,
20250429,15:20:44,-0.2,
20250429,15:20:44,-0.1,
20250429,15:20:44,0,
20250429,15:20:44,-0.1,
20250429,15:20:44,0.1,
20250429,15:20:44,0.1,
20250429,15:20:44,0,
20250429,15:20:44,0.1,
20250429,15:20:44,0.1,
20250429,15:20:44,0.2,
20250429,15:20:44,0.2,
20250429,15:20:44,0.2,
20250429,15:20:44,0.3,
20250429,15:20:44,0.2,
20250429,15:20:44,0.3,
20250429,15:20:44,0.3,
20250429,15:20:45,0.3,
20250429,15:20:45,0.4,
20250429,15:20:45,0.4,
20250429,15:20:45,0.3,
20250429,15:20:45,0.4,
20250429,15:20:45,0.3,
20250429,15:20:45,0.2,
20250429,15:20:45,0.2,
20250429,15:20:45,0.2,
20250429,15:20:45,0.1,
20250429,15:20:45,0.2,
20250429,15:20:45,0,
20250429,15:20:45,-0.4,
20250429,15:20:45,-0.7,
20250429,15:20:45,-0.9,
20250429,15:20:45,-1,
20250429,15:20:45,-0.9,
20250429,15:20:45,-0.9,
20250429,15:20:45,-0.9,
20250429,15:20:45,-0.7,
20250429,15:20:45,-0.8,
20250429,15:20:46,-0.8,
20250429,15:20:46,-0.8,
20250429,15:20:46,-0.8,
20250429,15:20:46,-0.7,
20250429,15:20:46,-0.8,
20250429,15:20:46,-0.8,
20250429,15:20:46,-0.9,
20250429,15:20:46,-0.8,
20250429,15:20:46,-0.9,
20250429,15:20:46,-0.8,
20250429,15:20:46,-0.8,
20250429,15:20:46,-1,
20250429,15:20:46,-1,
20250429,15:20:46,-1,
20250429,15:20:46,-1.2,
20250429,15:20:46,-1.1,
20250429,15:20:46,-1.2,
20250429,15:20:46,-1.3,
20250429,15:20:46,-1.3,
20250429,15:20:46,-1.3,
20250429,15:20:47,-1.5,
20250429,15:20:47,-1.4,
20250429,15:20:47,-1.6,
20250429,15:20:47,-1.5,
20250429,15:20:47,-1.5,
20250429,15:20:47,-1.6,
20250429,15:20:47,-1.5,
20250429,15:20:47,-1.7,
20250429,15:20:47,-1.4,
20250429,15:20:47,-1.5,
20250429,15:20:47,-1.5,
20250429,15:20:47,-1.5,
20250429,15:20:47,-1.5,
20250429,15:20:47,-1.5,
20250429,15:20:47,-1.6,
20250429,15:20:47,-1.7,
20250429,15:20:47,-1.6,
20250429,15:20:47,-1.7,
20250429,15:20:47,-1.7,
20250429,15:20:47,-1.9,
20250429,15:20:48,-1.8,
20250429,15:20:48,-1.8,
20250429,15:20:48,-1.9,
20250429,15:20:48,-1.7,
20250429,15:20:48,-1.8,
20250429,15:20:48,-1.8,
20250429,15:20:48,-1.9,
20250429,15:20:48,-2,
20250429,15:20:48,-2.1,
20250429,15:20:48,-2,
20250429,15:20:48,-2.2,
20250429,15:20:48,-2,
20250429,15:20:48,-2.1,
20250429,15:20:48,-2.3,
20250429,15:20:48,-2.3,
20250429,15:20:48,-2.3,
20250429,15:20:48,-2.4,
20250429,15:20:48,-2.5,
20250429,15:20:48,-2.7,
20250429,15:20:48,-2.6,
20250429,15:20:49,-2.7,
20250429,15:20:49,-2.9,
20250429,15:20:49,-3.1,
20250429,15:20:49,-3,
20250429,15:20:49,-3,
20250429,15:20:49,-2.9,
20250429,15:20:49,-3,
20250429,15:20:49,-3.2,
20250429,15:20:49,-3.2,
20250429,15:20:49,-3.1,
20250429,15:20:49,-3.2,
20250429,15:20:49,-3.2,
20250429,15:20:49,-3.2,
20250429,15:20:49,-3.3,
20250429,15:20:49,-3.3,
20250429,15:20:49,-3.2,
20250429,15:20:49,-3.3,
20250429,15:20:49,-3.3,
20250429,15:20:49,-3.4,
20250429,15:20:49,-3.5,
20250429,15:20:50,-3.5,
20250429,15:20:50,-3.5,
20250429,15:20:50,-3.5,
20250429,15:20:50,-3.7,
20250429,15:20:50,-3.7,
20250429,15:20:50,-3.7,
20250429,15:20:50,-3.7,
20250429,15:20:50,-3.7,
20250429,15:20:50,-3.9,
20250429,15:20:50,-3.8,
20250429,15:20:50,-4,
20250429,15:20:50,-3.9,
20250429,15:20:50,-4,
20250429,15:20:50,-3.9,
20250429,15:20:50,-3.9,
20250429,15:20:50,-4.1,
20250429,15:20:50,-4,
20250429,15:20:50,-4,
20250429,15:20:50,-4,
20250429,15:20:50,-4.1,
20250429,15:20:50,-4.2,
20250429,15:20:51,-4,
20250429,15:20:51,-4.3,
20250429,15:20:51,-4.4,
20250429,15:20:51,-4.3,
20250429,15:20:51,-4.5,
20250429,15:20:51,-4.6,
20250429,15:20:51,-4.6,
20250429,15:20:51,-4.7,
20250429,15:20:51,-4.9,
20250429,15:20:51,-5.1,
20250429,15:20:51,-5.1,
20250429,15:20:51,-5.1,
20250429,15:20:51,-5.3,
20250429,15:20:51,-5.2,
20250429,15:20:51,-5.3,
20250429,15:20:51,-5.5,
20250429,15:20:51,-5.6,
20250429,15:20:51,-5.6,
20250429,15:20:51,-5.8,
20250429,15:20:51,-5.8,
20250429,15:20:52,-5.9,
20250429,15:20:52,-5.8,
20250429,15:20:52,-5.8,
20250429,15:20:52,-5.7,
20250429,15:20:52,-5.8,
20250429,15:20:52,-5.6,
20250429,15:20:52,-5.7,
20250429,15:20:52,-5.6,
20250429,15:20:52,-5.8,
20250429,15:20:52,-5.8,
20250429,15:20:52,-5.8,
20250429,15:20:52,-5.7,
20250429,15:20:52,-5.7,
20250429,15:20:52,-5.7,
20250429,15:20:52,-5.8,
20250429,15:20:52,-5.8,
20250429,15:20:52,-5.6,
20250429,15:20:52,-5.7,
20250429,15:20:52,-5.7,
20250429,15:20:52,-5.7,
20250429,15:20:53,-5.8,
20250429,15:20:53,-5.8,
20250429,15:20:53,-5.8,
20250429,15:20:53,-5.7,
20250429,15:20:53,-5.7,
20250429,15:20:53,-5.5,
20250429,15:20:53,-5.8,
20250429,15:20:53,-5.5,
20250429,15:20:53,-5.8,
20250429,15:20:53,-5.7,
20250429,15:20:53,-5.8,
20250429,15:20:53,-5.6,
20250429,15:20:53,-5.7,
20250429,15:20:53,-5.7,
20250429,15:20:53,-5.8,
20250429,15:20:53,-5.8,
20250429,15:20:53,-5.7,
20250429,15:20:53,-5.7,
20250429,15:20:53,-5.8,
20250429,15:20:53,-5.8,
20250429,15:20:54,-5.7,
20250429,15:20:54,-5.7,
20250429,15:20:54,-5.7,
20250429,15:20:54,-6,
20250429,15:20:54,-6.4,
20250429,15:20:54,-6.3,
20250429,15:20:54,-6.3,
20250429,15:20:54,-6.2,
20250429,15:20:54,-6.3,
20250429,15:20:54,-6.3,
20250429,15:20:54,-6.1,
20250429,15:20:54,-6.2,
20250429,15:20:54,-6.2,
20250429,15:20:54,-6.1,
20250429,15:20:54,-6.4,
20250429,15:20:54,-6.2,
20250429,15:20:54,-6.2,
20250429,15:20:54,-6,
20250429,15:20:54,-6.2,
20250429,15:20:54,-6.1,
20250429,15:20:55,-6.2,
20250429,15:20:55,-6.3,
20250429,15:20:55,-6.3,
20250429,15:20:55,-6.2,
20250429,15:20:55,-6.3,
20250429,15:20:55,-6.3,
20250429,15:20:55,-6.4,
20250429,15:20:55,-6.5,
20250429,15:20:55,-6.6,
20250429,15:20:55,-6.6,
20250429,15:20:55,-6.6,
20250429,15:20:55,-6.6,
20250429,15:20:55,-6.6,
20250429,15:20:55,-6.6,
20250429,15:20:55,-6.6,
20250429,15:20:55,-6.7,
20250429,15:20:55,-6.7,
20250429,15:20:55,-6.6,
20250429,15:20:55,-6.7,
20250429,15:20:55,-6.6,
20250429,15:20:56,-6.6,
20250429,15:20:56,-6.6,
20250429,15:20:56,-6.7,
20250429,15:20:56,-6.7,
20250429,15:20:56,-6.7,
20250429,15:20:56,-6.5,
20250429,15:20:56,-6.5,
20250429,15:20:56,-6.6,
20250429,15:20:56,-6.6,
20250429,15:20:56,-6.5,
20250429,15:20:56,-6.6,
20250429,15:20:56,-6.4,
20250429,15:20:56,-6.7,
20250429,15:20:56,-6.5,
20250429,15:20:56,-6.5,
20250429,15:20:56,-6.5,
20250429,15:20:56,-6.5,
20250429,15:20:56,-6.4,
20250429,15:20:56,-6.5,
20250429,15:20:56,-6.6,
20250429,15:20:56,-6.4,
20250429,15:20:57,-6.2,
20250429,15:20:57,-6.3,
20250429,15:20:57,-6.4,
20250429,15:20:57,-6.3,
20250429,15:20:57,-6.3,
20250429,15:20:57,-6.3,
20250429,15:20:57,-6.5,
20250429,15:20:57,-6.3,
20250429,15:20:57,-6.5,
20250429,15:20:57,-6.4,
20250429,15:20:57,-6.6,
20250429,15:20:57,-6.6,
20250429,15:20:57,-6.6,
20250429,15:20:57,-6.7,
20250429,15:20:57,-6.7,
20250429,15:20:57,-6.8,
20250429,15:20:57,-6.8,
20250429,15:20:57,-6.7,
20250429,15:20:57,-6.7,
20250429,15:20:57,-6.7,
20250429,15:20:58,-6.8,
20250429,15:20:58,-6.9,
20250429,15:20:58,-6.8,
20250429,15:20:58,-6.6,
20250429,15:20:58,-6.6,
20250429,15:20:58,-6.7,
20250429,15:20:58,-6.6,
20250429,15:20:58,-6.6,
20250429,15:20:58,-6.5,
20250429,15:20:58,-6.7,
20250429,15:20:58,-6.8,
20250429,15:20:58,-6.5,
20250429,15:20:58,-6.5,
20250429,15:20:58,-6.4,
20250429,15:20:58,-6.5,
20250429,15:20:58,-6.6,
20250429,15:20:58,-6.3,
20250429,15:20:58,-6.4,
20250429,15:20:58,-6.3,
20250429,15:20:58,-6.3,
20250429,15:20:59,-6.1,
20250429,15:20:59,-6,
20250429,15:20:59,-6.1,
20250429,15:20:59,-6.3,
20250429,15:20:59,-5.8,
20250429,15:20:59,-6.1,
20250429,15:20:59,-6,
20250429,15:20:59,-6.2,
20250429,15:20:59,-6.2,
20250429,15:20:59,-6.2,
20250429,15:20:59,-6.3,
20250429,15:20:59,-6.3,
20250429,15:20:59,-6.3,
20250429,15:20:59,-6.4,
20250429,15:20:59,-6.3,
20250429,15:20:59,-6.6,
20250429,15:20:59,-6.6,
20250429,15:20:59,-6.6,
20250429,15:20:59,-6.6,
20250429,15:20:59,-6.6,
20250429,15:21:00,-6.8,
20250429,15:21:00,-7.1,
20250429,15:21:00,-7,
20250429,15:21:00,-7,
20250429,15:21:00,-7.1,
20250429,15:21:00,-7.3,
20250429,15:21:00,-7.4,
20250429,15:21:00,-7.3,
20250429,15:21:00,-7.6,
20250429,15:21:00,-7.7,
20250429,15:21:00,-7.8,
20250429,15:21:00,-7.7,
20250429,15:21:00,-7.7,
20250429,15:21:00,-7.7,
20250429,15:21:00,-7.7,
20250429,15:21:00,-7.9,
20250429,15:21:00,-7.8,
20250429,15:21:00,-7.7,
20250429,15:21:00,-7.8,
20250429,15:21:00,-8,
20250429,15:21:00,-7.9,
20250429,15:21:01,-7.8,
20250429,15:21:01,-7.8,
20250429,15:21:01,-7.9,
20250429,15:21:01,-8,
20250429,15:21:01,-7.6,
20250429,15:21:01,-7.5,
20250429,15:21:01,-7.5,
20250429,15:21:01,-7.6,
20250429,15:21:01,-7.7,
20250429,15:21:01,-7.8,
20250429,15:21:01,-7.5,
20250429,15:21:01,-7.7,
20250429,15:21:01,-7.6,
20250429,15:21:01,-7.5,
20250429,15:21:01,-7.7,
20250429,15:21:01,-7.6,
20250429,15:21:01,-7.7,
20250429,15:21:01,-7.6,
20250429,15:21:01,-7.7,
20250429,15:21:01,-7.9,
20250429,15:21:02,-7.8,
20250429,15:21:02,-7.9,
20250429,15:21:02,-8,
20250429,15:21:02,-7.9,
20250429,15:21:02,-7.8,
20250429,15:21:02,-8.1,
20250429,15:21:02,-8,
20250429,15:21:02,-8.1,
20250429,15:21:02,-8,
20250429,15:21:02,-8.3,
20250429,15:21:02,-8.2,
20250429,15:21:02,-8.1,
20250429,15:21:02,-8.3,
20250429,15:21:02,-8.3,
20250429,15:21:02,-8.3,
20250429,15:21:02,-8.2,
20250429,15:21:02,-8.4,
20250429,15:21:02,-8.3,
20250429,15:21:02,-8.1,
20250429,15:21:02,-8.3,
20250429,15:21:03,-8.2,
20250429,15:21:03,-8.2,
20250429,15:21:03,-8.2,
20250429,15:21:03,-8.2,
20250429,15:21:03,-8.1,
20250429,15:21:03,-8,
20250429,15:21:03,-8,
20250429,15:21:03,-7.9,
20250429,15:21:03,-8,
20250429,15:21:03,-7.7,
20250429,15:21:03,-7.7,
20250429,15:21:03,-7.7,
20250429,15:21:03,-7.6,
20250429,15:21:03,-7.6,
20250429,15:21:03,-7.8,
20250429,15:21:03,-7.7,
20250429,15:21:03,-7.5,
20250429,15:21:03,-7.5,
20250429,15:21:03,-7.3,
20250429,15:21:03,-7.5,
20250429,15:21:04,-7.3,
20250429,15:21:04,-7.3,
20250429,15:21:04,-7.1,
20250429,15:21:04,-7.1,
20250429,15:21:04,-7.1,
20250429,15:21:04,-6.9,
20250429,15:21:04,-6.9,
20250429,15:21:04,-6.8,
20250429,15:21:04,-6.8,
20250429,15:21:04,-6.6,
20250429,15:21:04,-6.7,
20250429,15:21:04,-6.6,
20250429,15:21:04,-6.6,
20250429,15:21:04,-6.6,
20250429,15:21:04,-6.7,
20250429,15:21:04,-6.7,
20250429,15:21:04,-7,
20250429,15:21:04,-7,
20250429,15:21:04,-7.2,
20250429,15:21:04,-7.2,
20250429,15:21:05,-7.4,
20250429,15:21:05,-7.4,
20250429,15:21:05,-7.4,
20250429,15:21:05,-7.4,
20250429,15:21:05,-7.4,
20250429,15:21:05,-7.4,
20250429,15:21:05,-7.5,
20250429,15:21:05,-7.3,
20250429,15:21:05,-7.3,
20250429,15:21:05,-7.3,
20250429,15:21:05,-7.3,
20250429,15:21:05,-7.1,
20250429,15:21:05,-7.2,
20250429,15:21:05,-7,
20250429,15:21:05,-6.9,
20250429,15:21:05,-6.8,
20250429,15:21:05,-6.8,
20250429,15:21:05,-6.7,
20250429,15:21:05,-6.7,
20250429,15:21:05,-6.7,
20250429,15:21:06,-6.9,
20250429,15:21:06,-6.8,
20250429,15:21:06,-6.8,
20250429,15:21:06,-6.9,
20250429,15:21:06,-7.2,
20250429,15:21:06,-7.1,
20250429,15:21:06,-7.2,
20250429,15:21:06,-7.4,
20250429,15:21:06,-7.4,
20250429,15:21:06,-7.5,
20250429,15:21:06,-7.5,
20250429,15:21:06,-7.6,
20250429,15:21:06,-7.6,
20250429,15:21:06,-7.9,
20250429,15:21:06,-7.9,
20250429,15:21:06,-7.8,
20250429,15:21:06,-8.1,
20250429,15:21:06,-8.1,
20250429,15:21:06,-8.1,
20250429,15:21:06,-8.1,
20250429,15:21:06,-8.2,
20250429,15:21:07,-8.3,
20250429,15:21:07,-8.3,
20250429,15:21:07,-8.2,
20250429,15:21:07,-8.3,
20250429,15:21:07,-8.2,
20250429,15:21:07,-8.3,
20250429,15:21:07,-8.3,
20250429,15:21:07,-8.3,
20250429,15:21:07,-8.3,
20250429,15:21:07,-8.3,
20250429,15:21:07,-8.4,
20250429,15:21:07,-8.4,
20250429,15:21:07,-8.3,
20250429,15:21:07,-8.5,
20250429,15:21:07,-8.5,
20250429,15:21:07,-8.5,
20250429,15:21:07,-8.7,
20250429,15:21:07,-8.5,
20250429,15:21:07,-8.5,
20250429,15:21:07,-8.4,
20250429,15:21:08,-8.3,
20250429,15:21:08,-8.5,
20250429,15:21:08,-8.4,
20250429,15:21:08,-8.5,
20250429,15:21:08,-8.6,
20250429,15:21:08,-8.3,
20250429,15:21:08,-8.5,
20250429,15:21:08,-8.5,
20250429,15:21:08,-8.3,
20250429,15:21:08,-8.4,
20250429,15:21:08,-8.4,
20250429,15:21:08,-8.4,
20250429,15:21:08,-8.4,
20250429,15:21:08,-8.6,
20250429,15:21:08,-8.4,
20250429,15:21:08,-8.3,
20250429,15:21:08,-8.3,
20250429,15:21:08,-8.5,
20250429,15:21:08,-8.6,
20250429,15:21:08,-8.4,
20250429,15:21:09,-8.5,
20250429,15:21:09,-8.3,
20250429,15:21:09,-8.3,
20250429,15:21:09,-8.5,
20250429,15:21:09,-8.4,
20250429,15:21:09,-8.3,
20250429,15:21:09,-8.3,
20250429,15:21:09,-8.3,
20250429,15:21:09,-8.4,
20250429,15:21:09,-8.4,
20250429,15:21:09,-8.1,
20250429,15:21:09,-8,
20250429,15:21:09,-8.2,
20250429,15:21:09,-8.1,
20250429,15:21:09,-8.1,
20250429,15:21:09,-8.1,
20250429,15:21:09,-7.9,
20250429,15:21:09,-7.9,
20250429,15:21:09,-7.7,
20250429,15:21:09,-7.9,
20250429,15:21:10,-7.9,
20250429,15:21:10,-7.7,
20250429,15:21:10,-7.6,
20250429,15:21:10,-7.5,
20250429,15:21:10,-7.7,
20250429,15:21:10,-7.5,
20250429,15:21:10,-7.7,
20250429,15:21:10,-7.8,
20250429,15:21:10,-7.6,
20250429,15:21:10,-7.6,
20250429,15:21:10,-7.7,
20250429,15:21:10,-7.8,
20250429,15:21:10,-7.7,
20250429,15:21:10,-7.7,
20250429,15:21:10,-7.7,
20250429,15:21:10,-7.9,
20250429,15:21:10,-7.8,
20250429,15:21:10,-7.9,
20250429,15:21:10,-7.9,
20250429,15:21:10,-7.8,
20250429,15:21:11,-8.1,
20250429,15:21:11,-8.1,
20250429,15:21:11,-8.1,
20250429,15:21:11,-8.3,
20250429,15:21:11,-8.2,
20250429,15:21:11,-8.3,
20250429,15:21:11,-8.3,
20250429,15:21:11,-8.3,
20250429,15:21:11,-8.3,
20250429,15:21:11,-8.4,
20250429,15:21:11,-8.3,
20250429,15:21:11,-8.3,
20250429,15:21:11,-8.3,
20250429,15:21:11,-8.3,
20250429,15:21:11,-8.3,
20250429,15:21:11,-8.3,
20250429,15:21:11,-8.2,
20250429,15:21:11,-8.3,
20250429,15:21:11,-8.2,
20250429,15:21:11,-8.2,
20250429,15:21:11,-8.1,
20250429,15:21:12,-8.1,
20250429,15:21:12,-8.1,
20250429,15:21:12,-8.3,
20250429,15:21:12,-8.1,
20250429,15:21:12,-8.3,
20250429,15:21:12,-8.2,
20250429,15:21:12,-8.2,
20250429,15:21:12,-8.4,
20250429,15:21:12,-8.2,
20250429,15:21:12,-8.3,
20250429,15:21:12,-8.3,
20250429,15:21:12,-8.4,
20250429,15:21:12,-8.4,
20250429,15:21:12,-8.6,
20250429,15:21:12,-8.5,
20250429,15:21:12,-8.4,
20250429,15:21:12,-8.6,
20250429,15:21:12,-8.6,
20250429,15:21:12,-8.7,
20250429,15:21:12,-8.8,
20250429,15:21:13,-8.7,
20250429,15:21:13,-8.6,
20250429,15:21:13,-8.8,
20250429,15:21:13,-8.7,
20250429,15:21:13,-8.6,
20250429,15:21:13,-8.7,
20250429,15:21:13,-8.7,
20250429,15:21:13,-8.7,
20250429,15:21:13,-8.7,
20250429,15:21:13,-8.7,
20250429,15:21:13,-8.9,
20250429,15:21:13,-8.7,
20250429,15:21:13,-8.7,
20250429,15:21:13,-8.8,
20250429,15:21:13,-8.7,
20250429,15:21:13,-8.9,
20250429,15:21:13,-8.7,
20250429,15:21:13,-8.9,
20250429,15:21:13,-8.8,
20250429,15:21:13,-8.5,
20250429,15:21:14,-8.6,
20250429,15:21:14,-8.5,
20250429,15:21:14,-8.7,
20250429,15:21:14,-8.3,
20250429,15:21:14,-8.4,
20250429,15:21:14,-8.3,
20250429,15:21:14,-8.4,
20250429,15:21:14,-8.3,
20250429,15:21:14,-8.4,
20250429,15:21:14,-8.3,
20250429,15:21:14,-8.4,
20250429,15:21:14,-8.2,
20250429,15:21:14,-8.3,
20250429,15:21:14,-8.3,
20250429,15:21:14,-8.2,
20250429,15:21:14,-8.2,
20250429,15:21:14,-8.3,
20250429,15:21:14,-8.2,
20250429,15:21:14,-8.3,
20250429,15:21:14,-8.2,
20250429,15:21:15,-8.1,
20250429,15:21:15,-8,
20250429,15:21:15,-8.2,
20250429,15:21:15,-8.2,
20250429,15:21:15,-8.1,
20250429,15:21:15,-7.8,
20250429,15:21:15,-8,
20250429,15:21:15,-7.9,
20250429,15:21:15,-7.8,
20250429,15:21:15,-8,
20250429,15:21:15,-7.8,
20250429,15:21:15,-7.8,
20250429,15:21:15,-7.7,
20250429,15:21:15,-7.8,
20250429,15:21:15,-7.7,
20250429,15:21:15,-7.6,
20250429,15:21:15,-7.9,
20250429,15:21:15,-7.6,
20250429,15:21:15,-7.7,
20250429,15:21:15,-7.8,
20250429,15:21:16,-7.6,
20250429,15:21:16,-7.6,
20250429,15:21:16,-7.7,
20250429,15:21:16,-7.5,
20250429,15:21:16,-7.5,
20250429,15:21:16,-7.5,
20250429,15:21:16,-7.6,
20250429,15:21:16,-7.6,
20250429,15:21:16,-7.5,
20250429,15:21:16,-7.7,
20250429,15:21:16,-7.8,
20250429,15:21:16,-7.7,
20250429,15:21:16,-7.9,
20250429,15:21:16,-7.7,
20250429,15:21:16,-8,
20250429,15:21:16,-8.1,
20250429,15:21:16,-8.1,
20250429,15:21:16,-8.2,
20250429,15:21:16,-8.1,
20250429,15:21:16,-8.1,
20250429,15:21:16,-8.2,
20250429,15:21:17,-8.2,
20250429,15:21:17,-8.2,
20250429,15:21:17,-8.3,
20250429,15:21:17,-8.2,
20250429,15:21:17,-8.2,
20250429,15:21:17,-8.3,
20250429,15:21:17,-8.3,
20250429,15:21:17,-8.3,
20250429,15:21:17,-8.5,
20250429,15:21:17,-8.4,
20250429,15:21:17,-8.5,
20250429,15:21:17,-8.4,
20250429,15:21:17,-8.3,
20250429,15:21:17,-8.4,
20250429,15:21:17,-8.3,
20250429,15:21:17,-8.5,
20250429,15:21:17,-8.3,
20250429,15:21:17,-8.3,
20250429,15:21:17,-8.3,
20250429,15:21:17,-8.3,
20250429,15:21:18,-8.3,
20250429,15:21:18,-8.3,
20250429,15:21:18,-8.3,
20250429,15:21:18,-8.3,
20250429,15:21:18,-8.2,
20250429,15:21:18,-8.4,
20250429,15:21:18,-8.3,
20250429,15:21:18,-8.6,
20250429,15:21:18,-8.5,
20250429,15:21:18,-8.3,
20250429,15:21:18,-8.6,
20250429,15:21:18,-8.3,
20250429,15:21:18,-8.6,
20250429,15:21:18,-8.4,
20250429,15:21:18,-8.5,
20250429,15:21:18,-8.5,
20250429,15:21:18,-8.6,
20250429,15:21:18,-8.6,
20250429,15:21:18,-8.7,
20250429,15:21:18,-8.8,
20250429,15:21:19,-9,
20250429,15:21:19,-8.9,
20250429,15:21:19,-8.9,
20250429,15:21:19,-8.9,
20250429,15:21:19,-8.8,
20250429,15:21:19,-8.7,
20250429,15:21:19,-8.9,
20250429,15:21:19,-9,
20250429,15:21:19,-9.1,
20250429,15:21:19,-9.1,
20250429,15:21:19,-9,
20250429,15:21:19,-9.1,
20250429,15:21:19,-9,
20250429,15:21:19,-9.2,
20250429,15:21:19,-8.9,
20250429,15:21:19,-8.9,
20250429,15:21:19,-9,
20250429,15:21:19,-8.9,
20250429,15:21:19,-8.9,
20250429,15:21:19,-9,
20250429,15:21:20,-9,
20250429,15:21:20,-8.7,
20250429,15:21:20,-8.9,
20250429,15:21:20,-9,
20250429,15:21:20,-8.8,
20250429,15:21:20,-8.9,
20250429,15:21:20,-8.7,
20250429,15:21:20,-8.7,
20250429,15:21:20,-8.8,
20250429,15:21:20,-8.6,
20250429,15:21:20,-8.6,
20250429,15:21:20,-8.9,
20250429,15:21:20,-8.6,
20250429,15:21:20,-8.6,
20250429,15:21:20,-8.4,
20250429,15:21:20,-8.5,
20250429,15:21:20,-8.7,
20250429,15:21:20,-8.7,
20250429,15:21:20,-8.6,
20250429,15:21:20,-8.6,
20250429,15:21:21,-8.6,
20250429,15:21:21,-8.3,
20250429,15:21:21,-8.4,
20250429,15:21:21,-8.3,
20250429,15:21:21,-8.3,
20250429,15:21:21,-8.4,
20250429,15:21:21,-8.5,
20250429,15:21:21,-8.4,
20250429,15:21:21,-8.5,
20250429,15:21:21,-8.6,
20250429,15:21:21,-8.8,
20250429,15:21:21,-9,
20250429,15:21:21,-8.8,
20250429,15:21:21,-9,
20250429,15:21:21,-9.2,
20250429,15:21:21,-9.2,
20250429,15:21:21,-9.2,
20250429,15:21:21,-9.4,
20250429,15:21:21,-9.4,
20250429,15:21:21,-9.7,
20250429,15:21:22,-9.5,
20250429,15:21:22,-9.8,
20250429,15:21:22,-9.7,
20250429,15:21:22,-9.7,
20250429,15:21:22,-10,
20250429,15:21:22,-9.8,
20250429,15:21:22,-10,
20250429,15:21:22,-9.9,
20250429,15:21:22,-10,
20250429,15:21:22,-9.9,
20250429,15:21:22,-10,
20250429,15:21:22,-10,
20250429,15:21:22,-9.9,
20250429,15:21:22,-9.8,
20250429,15:21:22,-10,
20250429,15:21:22,-10,
20250429,15:21:22,-10,
20250429,15:21:22,-10,
20250429,15:21:22,-10,
20250429,15:21:22,-10,
20250429,15:21:23,-10,
20250429,15:21:23,-10,
20250429,15:21:23,-9.9,
20250429,15:21:23,-9.9,
20250429,15:21:23,-10,
20250429,15:21:23,-9.8,
20250429,15:21:23,-9.8,
20250429,15:21:23,-10,
20250429,15:21:23,-9.8,
20250429,15:21:23,-9.6,
20250429,15:21:23,-9.7,
20250429,15:21:23,-9.6,
20250429,15:21:23,-9.8,
20250429,15:21:23,-9.4,
20250429,15:21:23,-9.6,
20250429,15:21:23,-9.7,
20250429,15:21:23,-9.5,
20250429,15:21:23,-9.2,
20250429,15:21:23,-9.4,
20250429,15:21:23,-9.3,
20250429,15:21:24,-9.2,
20250429,15:21:24,-9.3,
20250429,15:21:24,-9.2,
20250429,15:21:24,-9.1,
20250429,15:21:24,-9,
20250429,15:21:24,-8.9,
20250429,15:21:24,-8.8,
20250429,15:21:24,-8.7,
20250429,15:21:24,-8.5,
20250429,15:21:24,-8.6,
20250429,15:21:24,-8.5,
20250429,15:21:24,-8.4,
20250429,15:21:24,-8.3,
20250429,15:21:24,-8.2,
20250429,15:21:24,-8.2,
20250429,15:21:24,-8.1,
20250429,15:21:24,-8.1,
20250429,15:21:24,-8.1,
20250429,15:21:24,-7.9,
20250429,15:21:24,-8.1,
20250429,15:21:24,-7.9,
20250429,15:21:25,-8.1,
20250429,15:21:25,-7.8,
20250429,15:21:25,-7.9,
20250429,15:21:25,-8,
20250429,15:21:25,-8,
20250429,15:21:25,-7.8,
20250429,15:21:25,-7.9,
20250429,15:21:25,-7.9,
20250429,15:21:25,-7.8,
20250429,15:21:25,-7.7,
20250429,15:21:25,-7.7,
20250429,15:21:25,-7.8,
20250429,15:21:25,-7.9,
20250429,15:21:25,-7.9,
20250429,15:21:25,-8,
20250429,15:21:25,-7.7,
20250429,15:21:25,-7.7,
20250429,15:21:25,-7.9,
20250429,15:21:25,-8.1,
20250429,15:21:25,-8,
20250429,15:21:26,-8.1,
20250429,15:21:26,-8.3,
20250429,15:21:26,-8.2,
20250429,15:21:26,-8,
20250429,15:21:26,-8.3,
20250429,15:21:26,-8.3,
20250429,15:21:26,-8.3,
20250429,15:21:26,-8.6,
20250429,15:21:26,-8.5,
20250429,15:21:26,-8.3,
20250429,15:21:26,-8.5,
20250429,15:21:26,-8.7,
20250429,15:21:26,-8.6,
20250429,15:21:26,-8.8,
20250429,15:21:26,-8.7,
20250429,15:21:26,-8.8,
20250429,15:21:26,-8.9,
20250429,15:21:26,-8.7,
20250429,15:21:26,-8.9,
20250429,15:21:26,-8.9,
20250429,15:21:27,-9,
20250429,15:21:27,-8.9,
20250429,15:21:27,-8.9,
20250429,15:21:27,-9.1,
20250429,15:21:27,-9.1,
20250429,15:21:27,-9.1,
20250429,15:21:27,-9.2,
20250429,15:21:27,-9,
20250429,15:21:27,-9.1,
20250429,15:21:27,-9.2,
20250429,15:21:27,-9.1,
20250429,15:21:27,-9.3,
20250429,15:21:27,-9.2,
20250429,15:21:27,-9.2,
20250429,15:21:27,-9.3,
20250429,15:21:27,-9.3,
20250429,15:21:27,-9.5,
20250429,15:21:27,-9.6,
20250429,15:21:27,-9.5,
20250429,15:21:27,-9.7,
20250429,15:21:28,-9.6,
20250429,15:21:28,-9.7,
20250429,15:21:28,-9.9,
20250429,15:21:28,-9.7,
20250429,15:21:28,-9.8,
20250429,15:21:28,-9.8,
20250429,15:21:28,-10,
20250429,15:21:28,-10,
20250429,15:21:28,-9.8,
20250429,15:21:28,-10,
20250429,15:21:28,-10,
20250429,15:21:28,-9.8,
20250429,15:21:28,-9.9,
20250429,15:21:28,-10,
20250429,15:21:28,-10,
20250429,15:21:28,-10,
20250429,15:21:28,-10,
20250429,15:21:28,-10,
20250429,15:21:28,-10.1,
20250429,15:21:28,-10,
20250429,15:21:29,-10.3,
20250429,15:21:29,-10.2,
20250429,15:21:29,-10.3,
20250429,15:21:29,-10.2,
20250429,15:21:29,-10.4,
20250429,15:21:29,-10.5,
20250429,15:21:29,-10.4,
20250429,15:21:29,-10.4,
20250429,15:21:29,-10.4,
20250429,15:21:29,-10.6,
20250429,15:21:29,-10.7,
20250429,15:21:29,-10.5,
20250429,15:21:29,-10.4,
20250429,15:21:29,-10.4,
20250429,15:21:29,-10.4,
20250429,15:21:29,-10.5,
20250429,15:21:29,-10.2,
20250429,15:21:29,-10.5,
20250429,15:21:29,-10.3,
20250429,15:21:29,-10.3,
20250429,15:21:30,-10.2,
20250429,15:21:30,-10.1,
20250429,15:21:30,-10.2,
20250429,15:21:30,-10,
20250429,15:21:30,-9.8,
20250429,15:21:30,-9.8,
20250429,15:21:30,-9.9,
20250429,15:21:30,-9.6,
20250429,15:21:30,-9.8,
20250429,15:21:30,-9.6,
20250429,15:21:30,-9.6,
20250429,15:21:30,-9.7,
20250429,15:21:30,-9.6,
20250429,15:21:30,-9.7,
20250429,15:21:30,-9.5,
20250429,15:21:30,-9.5,
20250429,15:21:30,-9.4,
20250429,15:21:30,-9.5,
20250429,15:21:30,-9.5,
20250429,15:21:30,-9.3,
20250429,15:21:31,-9.4,
20250429,15:21:31,-9.2,
20250429,15:21:31,-9.5,
20250429,15:21:31,-9.4,
20250429,15:21:31,-9.2,
20250429,15:21:31,-9.4,
20250429,15:21:31,-9.2,
20250429,15:21:31,-9.2,
20250429,15:21:31,-9.2,
20250429,15:21:31,-9.2,
20250429,15:21:31,-9.1,
20250429,15:21:31,-9.2,
20250429,15:21:31,-9.3,
20250429,15:21:31,-9,
20250429,15:21:31,-9.1,
20250429,15:21:31,-9.2,
20250429,15:21:31,-9,
20250429,15:21:31,-9,
20250429,15:21:31,-9.2,
20250429,15:21:31,-9,
20250429,15:21:32,-9.2,
20250429,15:21:32,-8.9,
20250429,15:21:32,-9,
20250429,15:21:32,-9,
20250429,15:21:32,-8.9,
20250429,15:21:32,-9,
20250429,15:21:32,-8.9,
20250429,15:21:32,-8.9,
20250429,15:21:32,-8.9,
20250429,15:21:32,-8.9,
20250429,15:21:32,-9,
20250429,15:21:32,-8.8,
20250429,15:21:32,-8.9,
20250429,15:21:32,-9,
20250429,15:21:32,-8.8,
20250429,15:21:32,-8.8,
20250429,15:21:32,-8.8,
20250429,15:21:32,-8.8,
20250429,15:21:32,-8.7,
20250429,15:21:32,-8.8,
20250429,15:21:33,-8.9,
20250429,15:21:33,-8.7,
20250429,15:21:33,-8.8,
20250429,15:21:33,-8.7,
20250429,15:21:33,-8.6,
20250429,15:21:33,-8.6,
20250429,15:21:33,-8.5,
20250429,15:21:33,-8.6,
20250429,15:21:33,-8.6,
20250429,15:21:33,-8.4,
20250429,15:21:33,-8.5,
20250429,15:21:33,-8.5,
20250429,15:21:33,-8.7,
20250429,15:21:33,-8.5,
20250429,15:21:33,-8.4,
20250429,15:21:33,-8.6,
20250429,15:21:33,-8.6,
20250429,15:21:33,-8.4,
20250429,15:21:33,-8.5,
20250429,15:21:33,-8.5,
20250429,15:21:33,-8.6,
20250429,15:21:34,-8.3,
20250429,15:21:34,-8.4,
20250429,15:21:34,-8.3,
20250429,15:21:34,-8.3,
20250429,15:21:34,-8.3,
20250429,15:21:34,-8.3,
20250429,15:21:34,-8.3,
20250429,15:21:34,-8.3,
20250429,15:21:34,-8.3,
20250429,15:21:34,-8.2,
20250429,15:21:34,-8.3,
20250429,15:21:34,-8.4,
20250429,15:21:34,-8.3,
20250429,15:21:34,-8.3,
20250429,15:21:34,-8.3,
20250429,15:21:34,-8.4,
20250429,15:21:34,-8.5,
20250429,15:21:34,-8.5,
20250429,15:21:34,-8.5,
20250429,15:21:34,-8.7,
20250429,15:21:35,-8.6,
20250429,15:21:35,-8.6,
20250429,15:21:35,-8.5,
20250429,15:21:35,-8.8,
20250429,15:21:35,-8.9,
20250429,15:21:35,-8.9,
20250429,15:21:35,-8.7,
20250429,15:21:35,-9,
20250429,15:21:35,-9.1,
20250429,15:21:35,-9,
20250429,15:21:35,-9.1,
20250429,15:21:35,-8.9,
20250429,15:21:35,-9.2,
20250429,15:21:35,-9,
20250429,15:21:35,-9.2,
20250429,15:21:35,-9.2,
20250429,15:21:35,-9.4,
20250429,15:21:35,-9.2,
20250429,15:21:35,-9.5,
20250429,15:21:35,-9.6,
20250429,15:21:36,-9.7,
20250429,15:21:36,-9.9,
20250429,15:21:36,-10,
20250429,15:21:36,-10.1,
20250429,15:21:36,-10.1,
20250429,15:21:36,-10.1,
20250429,15:21:36,-10.3,
20250429,15:21:36,-10.6,
20250429,15:21:36,-10.6,
20250429,15:21:36,-10.7,
20250429,15:21:36,-10.7,
20250429,15:21:36,-10.9,
20250429,15:21:36,-10.7,
20250429,15:21:36,-11,
20250429,15:21:36,-10.9,
20250429,15:21:36,-10.8,
20250429,15:21:36,-10.8,
20250429,15:21:36,-10.9,
20250429,15:21:36,-10.7,
20250429,15:21:36,-10.7,
20250429,15:21:37,-10.8,
20250429,15:21:37,-10.6,
20250429,15:21:37,-10.4,
20250429,15:21:37,-10.1,
20250429,15:21:37,-10,
20250429,15:21:37,-10,
20250429,15:21:37,-10,
20250429,15:21:37,-9.9,
20250429,15:21:37,-9.8,
20250429,15:21:37,-9.5,
20250429,15:21:37,-9.4,
20250429,15:21:37,-9.4,
20250429,15:21:37,-9.4,
20250429,15:21:37,-9.5,
20250429,15:21:37,-9.2,
20250429,15:21:37,-9.2,
20250429,15:21:37,-9.2,
20250429,15:21:37,-9.2,
20250429,15:21:37,-9.1,
20250429,15:21:37,-9.1,
20250429,15:21:38,-9.2,
20250429,15:21:38,-9.2,
20250429,15:21:38,-9.1,
20250429,15:21:38,-8.8,
20250429,15:21:38,-9.1,
20250429,15:21:38,-9,
20250429,15:21:38,-9.2,
20250429,15:21:38,-9,
20250429,15:21:38,-9,
20250429,15:21:38,-9,
20250429,15:21:38,-9.2,
20250429,15:21:38,-9,
20250429,15:21:38,-9,
20250429,15:21:38,-9,
20250429,15:21:38,-8.9,
20250429,15:21:38,-8.9,
20250429,15:21:38,-8.9,
20250429,15:21:38,-8.9,
20250429,15:21:38,-9.1,
20250429,15:21:38,-8.9,
20250429,15:21:39,-8.9,
20250429,15:21:39,-9.2,
20250429,15:21:39,-8.8,
20250429,15:21:39,-9,
20250429,15:21:39,-8.9,
20250429,15:21:39,-9.1,
20250429,15:21:39,-9,
20250429,15:21:39,-9,
20250429,15:21:39,-9,
20250429,15:21:39,-9.1,
20250429,15:21:39,-9.1,
20250429,15:21:39,-9.2,
20250429,15:21:39,-9.3,
20250429,15:21:39,-9.4,
20250429,15:21:39,-9.3,
20250429,15:21:39,-9.3,
20250429,15:21:39,-9.3,
20250429,15:21:39,-9.4,
20250429,15:21:39,-9.6,
20250429,15:21:39,-9.3,
20250429,15:21:40,-9.4,
20250429,15:21:40,-9.3,
20250429,15:21:40,-9.5,
20250429,15:21:40,-9.5,
20250429,15:21:40,-9.4,
20250429,15:21:40,-9.4,
20250429,15:21:40,-9.6,
20250429,15:21:40,-9.4,
20250429,15:21:40,-9.4,
20250429,15:21:40,-9.5,
20250429,15:21:40,-9.5,
20250429,15:21:40,-9.4,
20250429,15:21:40,-9.5,
20250429,15:21:40,-9.6,
20250429,15:21:40,-9.4,
20250429,15:21:40,-9.7,
20250429,15:21:40,-9.5,
20250429,15:21:40,-9.4,
20250429,15:21:40,-9.6,
20250429,15:21:40,-9.6,
20250429,15:21:41,-9.5,
20250429,15:21:41,-9.3,
20250429,15:21:41,-9.5,
20250429,15:21:41,-9.5,
20250429,15:21:41,-9.4,
20250429,15:21:41,-9.4,
20250429,15:21:41,-9.3,
20250429,15:21:41,-9.5,
20250429,15:21:41,-9.3,
20250429,15:21:41,-9.2,
20250429,15:21:41,-9,
20250429,15:21:41,-9.2,
20250429,15:21:41,-9.2,
20250429,15:21:41,-9.1,
20250429,15:21:41,-9,
20250429,15:21:41,-9.1,
20250429,15:21:41,-8.9,
20250429,15:21:41,-8.6,
20250429,15:21:41,-8.7,
20250429,15:21:41,-8.4,
20250429,15:21:42,-8.3,
20250429,15:21:42,-8.6,
20250429,15:21:42,-8.3,
20250429,15:21:42,-8.3,
20250429,15:21:42,-8.4,
20250429,15:21:42,-8.3,
20250429,15:21:42,-8.3,
20250429,15:21:42,-8.2,
20250429,15:21:42,-8.3,
20250429,15:21:42,-8.3,
20250429,15:21:42,-8.2,
20250429,15:21:42,-8.2,
20250429,15:21:42,-8.2,
20250429,15:21:42,-8.3,
20250429,15:21:42,-8.3,
20250429,15:21:42,-8.2,
20250429,15:21:42,-8.1,
20250429,15:21:42,-8,
20250429,15:21:42,-7.9,
20250429,15:21:42,-8.1,
20250429,15:21:42,-8.2,
20250429,15:21:43,-8,
20250429,15:21:43,-7.9,
20250429,15:21:43,-7.8,
20250429,15:21:43,-8,
20250429,15:21:43,-7.9,
20250429,15:21:43,-7.9,
20250429,15:21:43,-7.9,
20250429,15:21:43,-7.9,
20250429,15:21:43,-7.8,
20250429,15:21:43,-7.8,
20250429,15:21:43,-8.1,
20250429,15:21:43,-7.9,
20250429,15:21:43,-7.7,
20250429,15:21:43,-7.9,
20250429,15:21:43,-7.7,
20250429,15:21:43,-7.7,
20250429,15:21:43,-8,
20250429,15:21:43,-7.7,
20250429,15:21:43,-7.8,
20250429,15:21:43,-7.6,
20250429,15:21:44,-7.8,
20250429,15:21:44,-7.6,
20250429,15:21:44,-7.6,
20250429,15:21:44,-7.6,
20250429,15:21:44,-7.5,
20250429,15:21:44,-7.6,
20250429,15:21:44,-7.5,
20250429,15:21:44,-7.6,
20250429,15:21:44,-7.5,
20250429,15:21:44,-7.6,
20250429,15:21:44,-7.7,
20250429,15:21:44,-7.6,
20250429,15:21:44,-7.6,
20250429,15:21:44,-7.7,
20250429,15:21:44,-7.7,
20250429,15:21:44,-7.6,
20250429,15:21:44,-7.8,
20250429,15:21:44,-8,
20250429,15:21:44,-7.8,
20250429,15:21:44,-7.9,
20250429,15:21:45,-7.9,
20250429,15:21:45,-7.9,
20250429,15:21:45,-7.9,
20250429,15:21:45,-8.1,
20250429,15:21:45,-7.8,
20250429,15:21:45,-7.9,
20250429,15:21:45,-8.2,
20250429,15:21:45,-8.2,
20250429,15:21:45,-8.3,
20250429,15:21:45,-8.2,
20250429,15:21:45,-8.1,
20250429,15:21:45,-8.2,
20250429,15:21:45,-8.3,
20250429,15:21:45,-8.3,
20250429,15:21:45,-8.4,
20250429,15:21:45,-8.5,
20250429,15:21:45,-8.4,
20250429,15:21:45,-8.4,
20250429,15:21:45,-8.4,
20250429,15:21:45,-8.3,
20250429,15:21:46,-8.5,
20250429,15:21:46,-8.6,
20250429,15:21:46,-8.3,
20250429,15:21:46,-8.3,
20250429,15:21:46,-8.4,
20250429,15:21:46,-8.3,
20250429,15:21:46,-8.2,
20250429,15:21:46,-8.3,
20250429,15:21:46,-8.3,
20250429,15:21:46,-8.3,
20250429,15:21:46,-8.3,
20250429,15:21:46,-8.3,
20250429,15:21:46,-8.3,
20250429,15:21:46,-8.2,
20250429,15:21:46,-8.3,
20250429,15:21:46,-8.3,
20250429,15:21:46,-8.3,
20250429,15:21:46,-8.2,
20250429,15:21:46,-8.3,
20250429,15:21:46,-8.2,
20250429,15:21:46,-8.3,
20250429,15:21:47,-8.2,
20250429,15:21:47,-8.3,
20250429,15:21:47,-8.3,
20250429,15:21:47,-8.3,
20250429,15:21:47,-8.3,
20250429,15:21:47,-8.3,
20250429,15:21:47,-8.3,
20250429,15:21:47,-8.3,
20250429,15:21:47,-8.3,
20250429,15:21:47,-8.3,
20250429,15:21:47,-8.3,
20250429,15:21:47,-8.4,
20250429,15:21:47,-8.5,
20250429,15:21:47,-8.3,
20250429,15:21:47,-8.3,
20250429,15:21:47,-8.5,
20250429,15:21:47,-8.5,
20250429,15:21:47,-8.4,
20250429,15:21:47,-8.4,
20250429,15:21:48,-8.6,
20250429,15:21:48,-8.4,
20250429,15:21:48,-8.3,
20250429,15:21:48,-8.4,
20250429,15:21:48,-8.4,
20250429,15:21:48,-8.3,
20250429,15:21:48,-8.3,
20250429,15:21:48,-8.4,
20250429,15:21:48,-8.2,
20250429,15:21:48,-8.4,
20250429,15:21:48,-8.3,
20250429,15:21:48,-8.6,
20250429,15:21:48,-8.4,
20250429,15:21:48,-8.7,
20250429,15:21:48,-8.5,
20250429,15:21:48,-8.7,
20250429,15:21:48,-8.9,
20250429,15:21:48,-8.9,
20250429,15:21:48,-9,
20250429,15:21:48,-9.2,
20250429,15:21:48,-9.1,
20250429,15:21:49,-9.3,
20250429,15:21:49,-9.5,
20250429,15:21:49,-9.6,
20250429,15:21:49,-9.5,
20250429,15:21:49,-9.6,
20250429,15:21:49,-9.9,
20250429,15:21:49,-9.9,
20250429,15:21:49,-9.8,
20250429,15:21:49,-9.9,
20250429,15:21:49,-10,
20250429,15:21:49,-10,
20250429,15:21:49,-9.9,
20250429,15:21:49,-10.1,
20250429,15:21:49,-10,
20250429,15:21:49,-10.1,
20250429,15:21:49,-10.1,
20250429,15:21:49,-10.4,
20250429,15:21:49,-10.3,
20250429,15:21:49,-10.2,
20250429,15:21:49,-10.2,
20250429,15:21:50,-10.1,
20250429,15:21:50,-10.2,
20250429,15:21:50,-10.4,
20250429,15:21:50,-10.3,
20250429,15:21:50,-10.4,
20250429,15:21:50,-10.2,
20250429,15:21:50,-10.4,
20250429,15:21:50,-10.2,
20250429,15:21:50,-10,
20250429,15:21:50,-10.2,
20250429,15:21:50,-10.3,
20250429,15:21:50,-10,
20250429,15:21:50,-10.1,
20250429,15:21:50,-10.1,
20250429,15:21:50,-10.2,
20250429,15:21:50,-10,
20250429,15:21:50,-10,
20250429,15:21:50,-10,
20250429,15:21:50,-9.9,
20250429,15:21:51,-9.8,
20250429,15:21:51,-9.8,
20250429,15:21:51,-10,
20250429,15:21:51,-9.8,
20250429,15:21:51,-9.7,
20250429,15:21:51,-9.5,
20250429,15:21:51,-9.5,
20250429,15:21:51,-9.7,
20250429,15:21:51,-9.4,
20250429,15:21:51,-9.5,
20250429,15:21:51,-9.2,
20250429,15:21:51,-9.5,
20250429,15:21:51,-9.5,
20250429,15:21:51,-9.6,
20250429,15:21:51,-9.3,
20250429,15:21:51,-9.3,
20250429,15:21:51,-9.4,
20250429,15:21:51,-9.5,
20250429,15:21:51,-9.7,
20250429,15:21:51,-9.7,
20250429,15:21:51,-9.9,
20250429,15:21:52,-9.9,
20250429,15:21:52,-9.9,
20250429,15:21:52,-10,
20250429,15:21:52,-10.2,
20250429,15:21:52,-10.2,
20250429,15:21:52,-10.2,
20250429,15:21:52,-10.2,
20250429,15:21:52,-10.5,
20250429,15:21:52,-10.1,
20250429,15:21:52,-10.1,
20250429,15:21:52,-10.4,
20250429,15:21:52,-10.4,
20250429,15:21:52,-10.4,
20250429,15:21:52,-10.4,
20250429,15:21:52,-10.7,
20250429,15:21:52,-10.5,
20250429,15:21:52,-10.7,
20250429,15:21:52,-10.8,
20250429,15:21:52,-10.9,
20250429,15:21:53,-10.7,
20250429,15:21:53,-10.9,
20250429,15:21:53,-11,
20250429,15:21:53,-10.9,
20250429,15:21:53,-10.9,
20250429,15:21:53,-11.1,
20250429,15:21:53,-10.9,
20250429,15:21:53,-11,
20250429,15:21:53,-10.9,
20250429,15:21:53,-10.9,
20250429,15:21:53,-11,
20250429,15:21:53,-11,
20250429,15:21:53,-11,
20250429,15:21:53,-10.9,
20250429,15:21:53,-10.9,
20250429,15:21:53,-11,
20250429,15:21:53,-10.9,
20250429,15:21:53,-10.9,
20250429,15:21:53,-11,
20250429,15:21:53,-10.9,
20250429,15:21:54,-11.2,
20250429,15:21:54,-11,
20250429,15:21:54,-10.9,
20250429,15:21:54,-11.2,
20250429,15:21:54,-10.9,
20250429,15:21:54,-10.9,
20250429,15:21:54,-11.2,
20250429,15:21:54,-11,
20250429,15:21:54,-11,
20250429,15:21:54,-11,
20250429,15:21:54,-11,
20250429,15:21:54,-11.1,
20250429,15:21:54,-11,
20250429,15:21:54,-11.1,
20250429,15:21:54,-11.1,
20250429,15:21:54,-11,
20250429,15:21:54,-11,
20250429,15:21:54,-11.1,
20250429,15:21:54,-10.9,
20250429,15:21:54,-10.9,
20250429,15:21:55,-11,
20250429,15:21:55,-10.9,
20250429,15:21:55,-10.9,
20250429,15:21:55,-10.9,
20250429,15:21:55,-10.9,
20250429,15:21:55,-10.9,
20250429,15:21:55,-10.8,
20250429,15:21:55,-10.9,
20250429,15:21:55,-10.7,
20250429,15:21:55,-10.9,
20250429,15:21:55,-10.9,
20250429,15:21:55,-10.7,
20250429,15:21:55,-10.8,
20250429,15:21:55,-10.8,
20250429,15:21:55,-10.9,
20250429,15:21:55,-10.8,
20250429,15:21:55,-10.8,
20250429,15:21:55,-10.9,
20250429,15:21:55,-10.9,
20250429,15:21:55,-11,
20250429,15:21:56,-10.9,
20250429,15:21:56,-11,
20250429,15:21:56,-11.1,
20250429,15:21:56,-11.3,
20250429,15:21:56,-11.2,
20250429,15:21:56,-11.4,
20250429,15:21:56,-11.3,
20250429,15:21:56,-11.4,
20250429,15:21:56,-11.4,
20250429,15:21:56,-11.5,
20250429,15:21:56,-11.4,
20250429,15:21:56,-11.7,
20250429,15:21:56,-11.6,
20250429,15:21:56,-11.5,
20250429,15:21:56,-11.5,
20250429,15:21:56,-11.5,
20250429,15:21:56,-11.5,
20250429,15:21:56,-11.7,
20250429,15:21:56,-11.7,
20250429,15:21:57,-11.7,
20250429,15:21:57,-11.7,
20250429,15:21:57,-11.6,
20250429,15:21:57,-11.6,
20250429,15:21:57,-11.7,
20250429,15:21:57,-11.7,
20250429,15:21:57,-11.7,
20250429,15:21:57,-11.7,
20250429,15:21:57,-11.6,
20250429,15:21:57,-11.5,
20250429,15:21:57,-11.5,
20250429,15:21:57,-11.5,
20250429,15:21:57,-11.4,
20250429,15:21:57,-11.4,
20250429,15:21:57,-11.4,
20250429,15:21:57,-11.3,
20250429,15:21:57,-11.4,
20250429,15:21:57,-11.3,
20250429,15:21:57,-11.3,
20250429,15:21:57,-11.2,
20250429,15:21:58,-11.1,
20250429,15:21:58,-11,
20250429,15:21:58,-10.9,
20250429,15:21:58,-11.1,
20250429,15:21:58,-10.9,
20250429,15:21:58,-11.1,
20250429,15:21:58,-10.9,
20250429,15:21:58,-10.8,
20250429,15:21:58,-10.8,
20250429,15:21:58,-10.6,
20250429,15:21:58,-10.9,
20250429,15:21:58,-10.6,
20250429,15:21:58,-10.7,
20250429,15:21:58,-10.6,
20250429,15:21:58,-10.3,
20250429,15:21:58,-10.4,
20250429,15:21:58,-10.3,
20250429,15:21:58,-10.5,
20250429,15:21:58,-10.3,
20250429,15:21:58,-10.3,
20250429,15:21:59,-10.3,
20250429,15:21:59,-10.3,
20250429,15:21:59,-10.4,
20250429,15:21:59,-10.2,
20250429,15:21:59,-10.5,
20250429,15:21:59,-10.2,
20250429,15:21:59,-10.5,
20250429,15:21:59,-10.3,
20250429,15:21:59,-10.5,
20250429,15:21:59,-10.7,
20250429,15:21:59,-10.6,
20250429,15:21:59,-10.7,
20250429,15:21:59,-10.9,
20250429,15:21:59,-10.9,
20250429,15:21:59,-10.9,
20250429,15:21:59,-10.9,
20250429,15:21:59,-10.9,
20250429,15:21:59,-10.9,
20250429,15:21:59,-11,
20250429,15:21:59,-11,
20250429,15:22:00,-11.1,
20250429,15:22:00,-11.1,
20250429,15:22:00,-11.1,
20250429,15:22:00,-11.1,
20250429,15:22:00,-11.2,
20250429,15:22:00,-11.2,
20250429,15:22:00,-11.3,
20250429,15:22:00,-11.3,
20250429,15:22:00,-11.3,
20250429,15:22:00,-11.2,
20250429,15:22:00,-11.3,
20250429,15:22:00,-11.3,
20250429,15:22:00,-11.3,
20250429,15:22:00,-11.2,
20250429,15:22:00,-11.1,
20250429,15:22:00,-11.2,
20250429,15:22:00,-11.2,
20250429,15:22:00,-11.2,
20250429,15:22:00,-11.1,
20250429,15:22:01,-11,
20250429,15:22:01,-11,
20250429,15:22:01,-10.9,
20250429,15:22:01,-10.9,
20250429,15:22:01,-10.8,
20250429,15:22:01,-10.7,
20250429,15:22:01,-10.7,
20250429,15:22:01,-10.5,
20250429,15:22:01,-10.3,
20250429,15:22:01,-10.2,
20250429,15:22:01,-10,
20250429,15:22:01,-10,
20250429,15:22:01,-9.8,
20250429,15:22:01,-9.7,
20250429,15:22:01,-9.6,
20250429,15:22:01,-9.7,
20250429,15:22:01,-9.4,
20250429,15:22:01,-9.2,
20250429,15:22:01,-9.2,
20250429,15:22:01,-9.1,
20250429,15:22:02,-8.9,
20250429,15:22:02,-8.9,
20250429,15:22:02,-8.7,
20250429,15:22:02,-8.6,
20250429,15:22:02,-8.7,
20250429,15:22:02,-8.5,
20250429,15:22:02,-8.5,
20250429,15:22:02,-8.5,
20250429,15:22:02,-8.5,
20250429,15:22:02,-8.5,
20250429,15:22:02,-8.6,
20250429,15:22:02,-8.6,
20250429,15:22:02,-8.7,
20250429,15:22:02,-8.7,
20250429,15:22:02,-9,
20250429,15:22:02,-9.2,
20250429,15:22:02,-9.1,
20250429,15:22:02,-9.2,
20250429,15:22:02,-9.3,
20250429,15:22:02,-9.4,
20250429,15:22:03,-9.5,
20250429,15:22:03,-9.5,
20250429,15:22:03,-9.6,
20250429,15:22:03,-9.7,
20250429,15:22:03,-9.6,
20250429,15:22:03,-9.9,
20250429,15:22:03,-10,
20250429,15:22:03,-9.9,
20250429,15:22:03,-9.9,
20250429,15:22:03,-10,
20250429,15:22:03,-9.9,
20250429,15:22:03,-9.9,
20250429,15:22:03,-9.9,
20250429,15:22:03,-9.8,
20250429,15:22:03,-9.9,
20250429,15:22:03,-10,
20250429,15:22:03,-9.9,
20250429,15:22:03,-9.9,
20250429,15:22:03,-9.9,
20250429,15:22:03,-9.8,
20250429,15:22:03,-9.9,
20250429,15:22:04,-9.9,
20250429,15:22:04,-9.8,
20250429,15:22:04,-9.8,
20250429,15:22:04,-9.8,
20250429,15:22:04,-9.8,
20250429,15:22:04,-9.7,
20250429,15:22:04,-9.7,
20250429,15:22:04,-9.6,
20250429,15:22:04,-9.6,
20250429,15:22:04,-9.5,
20250429,15:22:04,-9.5,
20250429,15:22:04,-9.4,
20250429,15:22:04,-9.4,
20250429,15:22:04,-9.5,
20250429,15:22:04,-9.6,
20250429,15:22:04,-9.8,
20250429,15:22:04,-9.6,
20250429,15:22:04,-9.5,
20250429,15:22:04,-9.4,
20250429,15:22:04,-9.4,
20250429,15:22:05,-9.4,
20250429,15:22:05,-9.3,
20250429,15:22:05,-9.3,
20250429,15:22:05,-9.2,
20250429,15:22:05,-9.4,
20250429,15:22:05,-9.3,
20250429,15:22:05,-9.2,
20250429,15:22:05,-9.2,
20250429,15:22:05,-9.2,
20250429,15:22:05,-9.2,
20250429,15:22:05,-9.2,
20250429,15:22:05,-9.2,
20250429,15:22:05,-9.2,
20250429,15:22:05,-9.1,
20250429,15:22:05,-9.2,
20250429,15:22:05,-9.2,
20250429,15:22:05,-9.2,
20250429,15:22:05,-9.2,
20250429,15:22:05,-9.4,
20250429,15:22:05,-9.3,
20250429,15:22:06,-9.4,
20250429,15:22:06,-9.5,
20250429,15:22:06,-9.5,
20250429,15:22:06,-9.5,
20250429,15:22:06,-9.5,
20250429,15:22:06,-9.5,
20250429,15:22:06,-9.5,
20250429,15:22:06,-9.6,
20250429,15:22:06,-9.6,
20250429,15:22:06,-9.6,
20250429,15:22:06,-9.5,
20250429,15:22:06,-9.6,
20250429,15:22:06,-9.5,
20250429,15:22:06,-9.5,
20250429,15:22:06,-9.5,
20250429,15:22:06,-9.5,
20250429,15:22:06,-9.5,
20250429,15:22:06,-9.5,
20250429,15:22:06,-9.6,
20250429,15:22:06,-9.6,
20250429,15:22:07,-9.8,
20250429,15:22:07,-9.7,
20250429,15:22:07,-9.9,
20250429,15:22:07,-9.9,
20250429,15:22:07,-9.9,
20250429,15:22:07,-9.9,
20250429,15:22:07,-10,
20250429,15:22:07,-9.9,
20250429,15:22:07,-10,
20250429,15:22:07,-10,
20250429,15:22:07,-10,
20250429,15:22:07,-10,
20250429,15:22:07,-10,
20250429,15:22:07,-10,
20250429,15:22:07,-10.1,
20250429,15:22:07,-10.2,
20250429,15:22:07,-10.2,
20250429,15:22:07,-10.2,
20250429,15:22:07,-10.3,
20250429,15:22:07,-10.4,
20250429,15:22:08,-10.5,
20250429,15:22:08,-10.4,
20250429,15:22:08,-10.6,
20250429,15:22:08,-10.6,
20250429,15:22:08,-10.7,
20250429,15:22:08,-10.9,
20250429,15:22:08,-10.9,
20250429,15:22:08,-11,
20250429,15:22:08,-11.3,
20250429,15:22:08,-11.4,
20250429,15:22:08,-11.5,
20250429,15:22:08,-11.7,
20250429,15:22:08,-11.7,
20250429,15:22:08,-11.8,
20250429,15:22:08,-11.9,
20250429,15:22:08,-11.9,
20250429,15:22:08,-12,
20250429,15:22:08,-12.2,
20250429,15:22:08,-12.2,
20250429,15:22:08,-12.2,
20250429,15:22:09,-12.3,
20250429,15:22:09,-12.2,
20250429,15:22:09,-12.2,
20250429,15:22:09,-12.3,
20250429,15:22:09,-12.3,
20250429,15:22:09,-12.2,
20250429,15:22:09,-12.3,
20250429,15:22:09,-12.2,
20250429,15:22:09,-12.1,
20250429,15:22:09,-12.1,
20250429,15:22:09,-12,
20250429,15:22:09,-12,
20250429,15:22:09,-11.9,
20250429,15:22:09,-11.9,
20250429,15:22:09,-11.7,
20250429,15:22:09,-11.7,
20250429,15:22:09,-11.7,
20250429,15:22:09,-11.7,
20250429,15:22:09,-11.7,
20250429,15:22:09,-11.4,
20250429,15:22:10,-11.4,
20250429,15:22:10,-11.4,
20250429,15:22:10,-11.5,
20250429,15:22:10,-11.2,
20250429,15:22:10,-11.1,
20250429,15:22:10,-11.1,
20250429,15:22:10,-11,
20250429,15:22:10,-10.9,
20250429,15:22:10,-10.9,
20250429,15:22:10,-10.9,
20250429,15:22:10,-10.9,
20250429,15:22:10,-10.8,
20250429,15:22:10,-10.8,
20250429,15:22:10,-10.7,
20250429,15:22:10,-10.6,
20250429,15:22:10,-10.5,
20250429,15:22:10,-10.5,
20250429,15:22:10,-10.5,
20250429,15:22:10,-10.4,
20250429,15:22:11,-10.3,
20250429,15:22:11,-10.3,
20250429,15:22:11,-10.2,
20250429,15:22:11,-10.2,
20250429,15:22:11,-10.1,
20250429,15:22:11,-10.2,
20250429,15:22:11,-10.1,
20250429,15:22:11,-10.1,
20250429,15:22:11,-10,
20250429,15:22:11,-10,