静息,正,中,负
09:24:49,09:26:24,09:27:48,09:30:14
,,,
CTP208 ,D4:F5:13:0B:7B:1B,,
,,,
,,,
,,,
,,,
,,,
,,,
20250513,09:20:32,-20.9,
20250513,09:20:33,-21.1,
20250513,09:20:33,-21.2,
20250513,09:20:33,-21.2,
20250513,09:20:33,-21,
20250513,09:20:34,-20.8,
20250513,09:20:34,-20.7,
20250513,09:20:34,-20.5,
20250513,09:20:34,-20.7,
20250513,09:20:35,-20.7,
20250513,09:20:35,-20.8,
20250513,09:20:35,-20.8,
20250513,09:20:36,-20.8,
20250513,09:20:36,-21.4,
20250513,09:20:36,-21.9,
20250513,09:20:36,-22.2,
20250513,09:20:37,-22.2,
20250513,09:20:37,-21.9,
20250513,09:20:37,-21.8,
20250513,09:20:37,-21.8,
20250513,09:20:38,-21.8,
20250513,09:20:38,-21.8,
20250513,09:20:38,-21.8,
20250513,09:20:39,-22,
20250513,09:20:39,-23,
20250513,09:20:39,-24.2,
20250513,09:20:39,-24.2,
20250513,09:20:40,-22.2,
20250513,09:20:40,-20.1,
20250513,09:20:40,-18.8,
20250513,09:20:41,-18,
20250513,09:20:41,-17.9,
20250513,09:20:41,-18,
20250513,09:20:41,-18.7,
20250513,09:20:42,-19.2,
20250513,09:20:42,-19.9,
20250513,09:20:42,-21,
20250513,09:20:42,-21.8,
20250513,09:20:43,-21.6,
20250513,09:20:43,-21.4,
20250513,09:20:43,-21,
20250513,09:20:44,-21,
20250513,09:20:44,-21.1,
20250513,09:20:44,-21.3,
20250513,09:20:44,-21.6,
20250513,09:20:45,-21.8,
20250513,09:20:45,-22,
20250513,09:20:45,-22.1,
20250513,09:20:45,-22.1,
20250513,09:20:46,-22.1,
20250513,09:20:46,-22,
20250513,09:20:46,-22,
20250513,09:20:47,-22.1,
20250513,09:20:47,-22.1,
20250513,09:20:47,-22.2,
20250513,09:20:47,-22.2,
20250513,09:20:48,-22.2,
20250513,09:20:48,-22.2,
20250513,09:20:48,-22.2,
20250513,09:20:49,-22.2,
20250513,09:20:49,-22.2,
20250513,09:20:49,-22.2,
20250513,09:20:49,-22.2,
20250513,09:20:50,-22.2,
20250513,09:20:50,-22.3,
20250513,09:20:50,-22.4,
20250513,09:20:50,-22.5,
20250513,09:20:51,-22.2,
20250513,09:20:51,-22.1,
20250513,09:20:51,-22.2,
20250513,09:20:52,-22.4,
20250513,09:20:52,-23.1,
20250513,09:20:52,-23.6,
20250513,09:20:52,-22.9,
20250513,09:20:53,-19.5,
20250513,09:20:53,-17.9,
20250513,09:20:53,-16.9,
20250513,09:20:54,-16.5,
20250513,09:20:54,-17.1,
20250513,09:20:54,-17.8,
20250513,09:20:54,-18.5,
20250513,09:20:55,-19.2,
20250513,09:20:55,-19.8,
20250513,09:20:55,-20.2,
20250513,09:20:55,-20.5,
20250513,09:20:56,-20.5,
20250513,09:20:56,-20.5,
20250513,09:20:56,-20.3,
20250513,09:20:57,-20.7,
20250513,09:20:57,-22,
20250513,09:20:57,-23.2,
20250513,09:20:57,-24.2,
20250513,09:20:58,-23.6,
20250513,09:20:58,-22.1,
20250513,09:20:58,-20.8,
20250513,09:20:58,-20,
20250513,09:20:59,-19.7,
20250513,09:20:59,-19.4,
20250513,09:20:59,-20.4,
20250513,09:21:00,-21,
20250513,09:21:00,-21.5,
20250513,09:21:00,-21.7,
20250513,09:21:00,-22.1,
20250513,09:21:01,-22.2,
20250513,09:21:01,-22.2,
20250513,09:21:01,-22.4,
20250513,09:21:02,-22.9,
20250513,09:21:02,-23.1,
20250513,09:21:02,-23.1,
20250513,09:21:02,-23.1,
20250513,09:21:03,-22.9,
20250513,09:21:03,-23.3,
20250513,09:21:03,-23.2,
20250513,09:21:03,-23.2,
20250513,09:21:04,-23.1,
20250513,09:21:04,-23.2,
20250513,09:21:04,-23.2,
20250513,09:21:05,-23.4,
20250513,09:21:05,-23.5,
20250513,09:21:05,-23.5,
20250513,09:21:05,-23.6,
20250513,09:21:06,-23.6,
20250513,09:21:06,-23.6,
20250513,09:21:06,-23.7,
20250513,09:21:07,-23.7,
20250513,09:21:07,-23.6,
20250513,09:21:07,-23.6,
20250513,09:21:07,-23.9,
20250513,09:21:08,-23.9,
20250513,09:21:08,-24.3,
20250513,09:21:08,-24.4,
20250513,09:21:08,-24.2,
20250513,09:21:09,-23.9,
20250513,09:21:09,-23.5,
20250513,09:21:09,-23.9,
20250513,09:21:10,-24,
20250513,09:21:10,-24,
20250513,09:21:10,-24,
20250513,09:21:10,-24,
20250513,09:21:11,-24,
20250513,09:21:11,-23.9,
20250513,09:21:11,-24.1,
20250513,09:21:12,-24.4,
20250513,09:21:12,-24.8,
20250513,09:21:12,-24.2,
20250513,09:21:12,-24,
20250513,09:21:13,-24.1,
20250513,09:21:13,-24,
20250513,09:21:13,-24.2,
20250513,09:21:13,-24.1,
20250513,09:21:14,-24.2,
20250513,09:21:14,-24.1,
20250513,09:21:14,-24.2,
20250513,09:21:15,-24.1,
20250513,09:21:15,-24.2,
20250513,09:21:15,-24.2,
20250513,09:21:15,-24.3,
20250513,09:21:16,-24.3,
20250513,09:21:16,-24.2,
20250513,09:21:16,-24.3,
20250513,09:21:16,-24.3,
20250513,09:21:17,-24.1,
20250513,09:21:17,-24.1,
20250513,09:21:17,-24,
20250513,09:21:18,-24.2,
20250513,09:21:18,-24.2,
20250513,09:21:18,-24.2,
20250513,09:21:18,-24.2,
20250513,09:21:19,-24.2,
20250513,09:21:19,-24.1,
20250513,09:21:19,-24.1,
20250513,09:21:20,-24.1,
20250513,09:21:20,-24.1,
20250513,09:21:20,-24,
20250513,09:21:20,-24,
20250513,09:21:21,-24,
20250513,09:21:21,-24,
20250513,09:21:21,-24,
20250513,09:21:21,-24,
20250513,09:21:22,-24.1,
20250513,09:21:22,-24,
20250513,09:21:22,-24,
20250513,09:21:23,-24,
20250513,09:21:23,-23.9,
20250513,09:21:23,-23.8,
20250513,09:21:23,-23.9,
20250513,09:21:24,-23.9,
20250513,09:21:24,-23.9,
20250513,09:21:24,-23.8,
20250513,09:21:25,-23.4,
20250513,09:21:25,-23.8,
20250513,09:21:25,-23.7,
20250513,09:21:25,-23.7,
20250513,09:21:26,-23.6,
20250513,09:21:26,-23.6,
20250513,09:21:26,-23.5,
20250513,09:21:26,-23.6,
20250513,09:21:27,-23.5,
20250513,09:21:27,-23.4,
20250513,09:21:27,-23.3,
20250513,09:21:28,-23.3,
20250513,09:21:28,-23.2,
20250513,09:21:28,-23.3,
20250513,09:21:28,-23.1,
20250513,09:21:29,-23.1,
20250513,09:21:29,-23.1,
20250513,09:21:29,-23.1,
20250513,09:21:30,-23.1,
20250513,09:21:30,-23.1,
20250513,09:21:30,-23.1,
20250513,09:21:30,-23,
20250513,09:21:31,-22.8,
20250513,09:21:31,-22.9,
20250513,09:21:31,-22.9,
20250513,09:21:31,-23,
20250513,09:21:32,-22.8,
20250513,09:21:32,-22.5,
20250513,09:21:32,-22.4,
20250513,09:21:33,-22.2,
20250513,09:21:33,-22.2,
20250513,09:21:33,-22.2,
20250513,09:21:33,-22.2,
20250513,09:21:34,-22.2,
20250513,09:21:34,-22.2,
20250513,09:21:34,-22.2,
20250513,09:21:34,-22.4,
20250513,09:21:35,-22.5,
20250513,09:21:35,-22.7,
20250513,09:21:35,-22.5,
20250513,09:21:36,-22.2,
20250513,09:21:36,-22,
20250513,09:21:36,-21.6,
20250513,09:21:36,-19.7,
20250513,09:21:37,-20.8,
20250513,09:21:37,-21.3,
20250513,09:21:37,-21.4,
20250513,09:21:38,-21.3,
20250513,09:21:38,-21.4,
20250513,09:21:38,-21.6,
20250513,09:21:38,-21.6,
20250513,09:21:39,-21.7,
20250513,09:21:39,-21.8,
20250513,09:21:39,-21.9,
20250513,09:21:39,-21.4,
20250513,09:21:40,-21.4,
20250513,09:21:40,-21.4,
20250513,09:21:40,-21.8,
20250513,09:21:41,-21.8,
20250513,09:21:41,-21.7,
20250513,09:21:41,-21.5,
20250513,09:21:41,-21.7,
20250513,09:21:42,-21.9,
20250513,09:21:42,-21.9,
20250513,09:21:42,-21.9,
20250513,09:21:43,-21.8,
20250513,09:21:43,-21.8,
20250513,09:21:43,-21.8,
20250513,09:21:43,-21.7,
20250513,09:21:44,-21.7,
20250513,09:21:44,-21.7,
20250513,09:21:44,-21.7,
20250513,09:21:44,-21.7,
20250513,09:21:45,-21.7,
20250513,09:21:45,-21.7,
20250513,09:21:45,-21.6,
20250513,09:21:46,-21.8,
20250513,09:21:46,-21.8,
20250513,09:21:46,-21.9,
20250513,09:21:46,-21.7,
20250513,09:21:47,-21.7,
20250513,09:21:47,-21.7,
20250513,09:21:47,-21.7,
20250513,09:21:48,-21.6,
20250513,09:21:48,-21.7,
20250513,09:21:48,-22.1,
20250513,09:21:48,-22.6,
20250513,09:21:49,-22.9,
20250513,09:21:49,-22.9,
20250513,09:21:49,-22.6,
20250513,09:21:49,-22.3,
20250513,09:21:50,-22.2,
20250513,09:21:50,-21.9,
20250513,09:21:50,-21.9,
20250513,09:21:51,-22.1,
20250513,09:21:51,-22.4,
20250513,09:21:51,-23.4,
20250513,09:21:51,-24.3,
20250513,09:21:52,-24.4,
20250513,09:21:52,-23.7,
20250513,09:21:52,-22.9,
20250513,09:21:52,-22.4,
20250513,09:21:53,-22.3,
20250513,09:21:53,-22.4,
20250513,09:21:53,-22.7,
20250513,09:21:54,-22.9,
20250513,09:21:54,-23.1,
20250513,09:21:54,-23.1,
20250513,09:21:54,-23.2,
20250513,09:21:55,-23.2,
20250513,09:21:55,-23.1,
20250513,09:21:55,-23.1,
20250513,09:21:56,-23.1,
20250513,09:21:56,-23.2,
20250513,09:21:56,-23.6,
20250513,09:21:56,-23.9,
20250513,09:21:57,-24.2,
20250513,09:21:57,-24.1,
20250513,09:21:57,-24,
20250513,09:21:57,-23.9,
20250513,09:21:58,-23.9,
20250513,09:21:58,-24.1,
20250513,09:21:58,-24.3,
20250513,09:21:59,-24.5,
20250513,09:21:59,-24.5,
20250513,09:21:59,-24.1,
20250513,09:21:59,-23.8,
20250513,09:22:00,-23.4,
20250513,09:22:00,-23.1,
20250513,09:22:00,-23.2,
20250513,09:22:01,-23.2,
20250513,09:22:01,-23.1,
20250513,09:22:01,-24.1,
20250513,09:22:01,-23.2,
20250513,09:22:02,-23.4,
20250513,09:22:02,-23,
20250513,09:22:02,-22.8,
20250513,09:22:02,-23.2,
20250513,09:22:03,-24,
20250513,09:22:03,-24,
20250513,09:22:03,-23.9,
20250513,09:22:04,-23.2,
20250513,09:22:04,-23.4,
20250513,09:22:04,-23.6,
20250513,09:22:04,-23.9,
20250513,09:22:05,-23.9,
20250513,09:22:05,-23.5,
20250513,09:22:05,-23.1,
20250513,09:22:05,-22.9,
20250513,09:22:06,-22.5,
20250513,09:22:06,-22.9,
20250513,09:22:06,-23,
20250513,09:22:07,-22.8,
20250513,09:22:07,-22.9,
20250513,09:22:07,-23.1,
20250513,09:22:07,-22.8,
20250513,09:22:08,-22.8,
20250513,09:22:08,-22.5,
20250513,09:22:08,-22.6,
20250513,09:22:09,-22.7,
20250513,09:22:09,-22.6,
20250513,09:22:09,-22.5,
20250513,09:22:09,-22.4,
20250513,09:22:10,-22.3,
20250513,09:22:10,-22.2,
20250513,09:22:10,-22.2,
20250513,09:22:10,-22,
20250513,09:22:11,-22,
20250513,09:22:11,-21.8,
20250513,09:22:11,-21.6,
20250513,09:22:12,-21.7,
20250513,09:22:12,-21.6,
20250513,09:22:12,-21.5,
20250513,09:22:12,-21.7,
20250513,09:22:13,-21.8,
20250513,09:22:13,-21.8,
20250513,09:22:13,-21.8,
20250513,09:22:14,-21.7,
20250513,09:22:14,-21.5,
20250513,09:22:14,-21.6,
20250513,09:22:14,-21.6,
20250513,09:22:15,-21.6,
20250513,09:22:15,-21.5,
20250513,09:22:15,-21.5,
20250513,09:22:15,-21.4,
20250513,09:22:16,-21.4,
20250513,09:22:16,-21.4,
20250513,09:22:16,-21.4,
20250513,09:22:17,-21.4,
20250513,09:22:17,-21.3,
20250513,09:22:17,-21.2,
20250513,09:22:17,-21.1,
20250513,09:22:18,-21.1,
20250513,09:22:18,-21.1,
20250513,09:22:18,-21.3,
20250513,09:22:19,-21.2,
20250513,09:22:19,-21.1,
20250513,09:22:19,-21,
20250513,09:22:19,-20.9,
20250513,09:22:20,-20.8,
20250513,09:22:20,-20.7,
20250513,09:22:20,-20.8,
20250513,09:22:20,-20.6,
20250513,09:22:21,-20.5,
20250513,09:22:21,-20.5,
20250513,09:22:21,-20.4,
20250513,09:22:22,-20.3,
20250513,09:22:22,-20.3,
20250513,09:22:22,-20.4,
20250513,09:22:22,-20.7,
20250513,09:22:23,-21.4,
20250513,09:22:23,-21.6,
20250513,09:22:23,-21.5,
20250513,09:22:23,-21.4,
20250513,09:22:24,-21.2,
20250513,09:22:24,-21,
20250513,09:22:24,-20.9,
20250513,09:22:25,-20.8,
20250513,09:22:25,-20.7,
20250513,09:22:25,-20.7,
20250513,09:22:25,-20.8,
20250513,09:22:26,-20.9,
20250513,09:22:26,-20.8,
20250513,09:22:26,-21,
20250513,09:22:27,-20.8,
20250513,09:22:27,-21.1,
20250513,09:22:27,-21.1,
20250513,09:22:27,-21.2,
20250513,09:22:28,-21.2,
20250513,09:22:28,-21.1,
20250513,09:22:28,-21.2,
20250513,09:22:28,-21.2,
20250513,09:22:29,-21.3,
20250513,09:22:29,-21.3,
20250513,09:22:29,-21.4,
20250513,09:22:30,-21.4,
20250513,09:22:30,-21.4,
20250513,09:22:30,-21.2,
20250513,09:22:30,-21.3,
20250513,09:22:31,-21.4,
20250513,09:22:31,-21.3,
20250513,09:22:31,-21.1,
20250513,09:22:32,-21,
20250513,09:22:32,-20.9,
20250513,09:22:32,-20.8,
20250513,09:22:32,-20.6,
20250513,09:22:33,-20.8,
20250513,09:22:33,-20.6,
20250513,09:22:33,-20.5,
20250513,09:22:33,-20.5,
20250513,09:22:34,-20.7,
20250513,09:22:34,-20.7,
20250513,09:22:34,-20.5,
20250513,09:22:35,-20.4,
20250513,09:22:35,-20.4,
20250513,09:22:35,-20.5,
20250513,09:22:35,-20.3,
20250513,09:22:36,-20.4,
20250513,09:22:36,-20.2,
20250513,09:22:36,-20.1,
20250513,09:22:36,-20.3,
20250513,09:22:37,-20.1,
20250513,09:22:37,-19.9,
20250513,09:22:37,-20,
20250513,09:22:38,-19.9,
20250513,09:22:38,-19.9,
20250513,09:22:38,-19.8,
20250513,09:22:38,-19.9,
20250513,09:22:39,-19.7,
20250513,09:22:39,-19.7,
20250513,09:22:39,-19.7,
20250513,09:22:40,-19.6,
20250513,09:22:40,-19.7,
20250513,09:22:40,-19.5,
20250513,09:22:40,-19.7,
20250513,09:22:41,-19.2,
20250513,09:22:41,-19.4,
20250513,09:22:41,-19.3,
20250513,09:22:41,-19.3,
20250513,09:22:42,-19.1,
20250513,09:22:42,-19.1,
20250513,09:22:42,-19.2,
20250513,09:22:43,-19,
20250513,09:22:43,-18.9,
20250513,09:22:43,-19,
20250513,09:22:43,-18.8,
20250513,09:22:44,-18.8,
20250513,09:22:44,-18.8,
20250513,09:22:44,-18.7,
20250513,09:22:45,-18.6,
20250513,09:22:45,-18.6,
20250513,09:22:45,-18.5,
20250513,09:22:45,-18.4,
20250513,09:22:46,-18.4,
20250513,09:22:46,-18.4,
20250513,09:22:46,-18.3,
20250513,09:22:46,-18.2,
20250513,09:22:47,-18.1,
20250513,09:22:47,-18.2,
20250513,09:22:47,-18.1,
20250513,09:22:48,-18.2,
20250513,09:22:48,-18.1,
20250513,09:22:48,-18,
20250513,09:22:48,-17.9,
20250513,09:22:49,-17.9,
20250513,09:22:49,-17.9,
20250513,09:22:49,-17.9,
20250513,09:22:50,-17.9,
20250513,09:22:50,-17.8,
20250513,09:22:50,-17.8,
20250513,09:22:50,-17.9,
20250513,09:22:51,-17.7,
20250513,09:22:51,-17.7,
20250513,09:22:51,-17.8,
20250513,09:22:51,-17.6,
20250513,09:22:52,-17.5,
20250513,09:22:52,-17.9,
20250513,09:22:52,-18,
20250513,09:22:53,-17.9,
20250513,09:22:53,-17.5,
20250513,09:22:53,-17.5,
20250513,09:22:53,-17.6,
20250513,09:22:54,-17.4,
20250513,09:22:54,-17.4,
20250513,09:22:54,-17.4,
20250513,09:22:54,-17.4,
20250513,09:22:55,-17.4,
20250513,09:22:55,-17.6,
20250513,09:22:55,-17.5,
20250513,09:22:56,-17.5,
20250513,09:22:56,-17.4,
20250513,09:22:56,-17.4,
20250513,09:22:56,-17.3,
20250513,09:22:57,-17.3,
20250513,09:22:57,-17.3,
20250513,09:22:57,-17.3,
20250513,09:22:58,-17.2,
20250513,09:22:58,-17.2,
20250513,09:22:58,-17.3,
20250513,09:22:58,-17.2,
20250513,09:22:59,-17.1,
20250513,09:22:59,-17.2,
20250513,09:22:59,-17.2,
20250513,09:22:59,-17.2,
20250513,09:23:00,-17.2,
20250513,09:23:00,-17.1,
20250513,09:23:00,-17.1,
20250513,09:23:01,-17.1,
20250513,09:23:01,-17.1,
20250513,09:23:01,-17,
20250513,09:23:01,-17,
20250513,09:23:02,-16.9,
20250513,09:23:02,-16.9,
20250513,09:23:02,-16.8,
20250513,09:23:03,-16.8,
20250513,09:23:03,-16.8,
20250513,09:23:03,-16.8,
20250513,09:23:03,-16.6,
20250513,09:23:04,-16.7,
20250513,09:23:04,-16.5,
20250513,09:23:04,-16.7,
20250513,09:23:04,-16.6,
20250513,09:23:05,-16.4,
20250513,09:23:05,-16.5,
20250513,09:23:05,-16.5,
20250513,09:23:06,-16.6,
20250513,09:23:06,-16.6,
20250513,09:23:06,-16.5,
20250513,09:23:06,-16.4,
20250513,09:23:07,-16.4,
20250513,09:23:07,-16.6,
20250513,09:23:07,-16.3,
20250513,09:23:08,-16.3,
20250513,09:23:08,-16.2,
20250513,09:23:08,-16.2,
20250513,09:23:08,-16.2,
20250513,09:23:09,-16.2,
20250513,09:23:09,-16.1,
20250513,09:23:09,-16.2,
20250513,09:23:09,-16.2,
20250513,09:23:10,-16.2,
20250513,09:23:10,-16.3,
20250513,09:23:10,-16.7,
20250513,09:23:11,-16.4,
20250513,09:23:11,-16.3,
20250513,09:23:11,-16.4,
20250513,09:23:11,-16.2,
20250513,09:23:12,-16.5,
20250513,09:23:12,-17,
20250513,09:23:12,-18.3,
20250513,09:23:12,-19.2,
20250513,09:23:13,-19.3,
20250513,09:23:13,-19.1,
20250513,09:23:13,-19.1,
20250513,09:23:14,-19.5,
20250513,09:23:14,-19.5,
20250513,09:23:14,-19.5,
20250513,09:23:14,-19.7,
20250513,09:23:15,-19.7,
20250513,09:23:15,-19.8,
20250513,09:23:15,-19.8,
20250513,09:23:16,-20.1,
20250513,09:23:16,-20.3,
20250513,09:23:16,-20.3,
20250513,09:23:16,-20.4,
20250513,09:23:17,-20.5,
20250513,09:23:17,-20.5,
20250513,09:23:17,-20.4,
20250513,09:23:17,-20.4,
20250513,09:23:18,-20.5,
20250513,09:23:18,-20.4,
20250513,09:23:18,-20.4,
20250513,09:23:19,-20.4,
20250513,09:23:19,-20.5,
20250513,09:23:19,-20.3,
20250513,09:23:19,-20.4,
20250513,09:23:20,-20.3,
20250513,09:23:20,-20.3,
20250513,09:23:20,-20.4,
20250513,09:23:21,-20.2,
20250513,09:23:21,-20.2,
20250513,09:23:21,-20.2,
20250513,09:23:21,-20.2,
20250513,09:23:22,-20.3,
20250513,09:23:22,-20.1,
20250513,09:23:22,-20.1,
20250513,09:23:22,-20,
20250513,09:23:23,-19.9,
20250513,09:23:23,-20,
20250513,09:23:23,-19.9,
20250513,09:23:24,-19.8,
20250513,09:23:24,-19.9,
20250513,09:23:24,-19.8,
20250513,09:23:24,-19.8,
20250513,09:23:25,-19.8,
20250513,09:23:25,-19.7,
20250513,09:23:25,-19.7,
20250513,09:23:26,-19.6,
20250513,09:23:26,-19.6,
20250513,09:23:26,-19.5,
20250513,09:23:26,-19.5,
20250513,09:23:27,-19.4,
20250513,09:23:27,-19.3,
20250513,09:23:27,-19.3,
20250513,09:23:27,-19.3,
20250513,09:23:28,-19.2,
20250513,09:23:28,-19.1,
20250513,09:23:28,-19.1,
20250513,09:23:29,-19,
20250513,09:23:29,-19,
20250513,09:23:29,-19,
20250513,09:23:29,-18.9,
20250513,09:23:30,-19,
20250513,09:23:30,-18.9,
20250513,09:23:30,-18.8,
20250513,09:23:30,-18.8,
20250513,09:23:31,-18.8,
20250513,09:23:31,-18.8,
20250513,09:23:31,-18.8,
20250513,09:23:32,-18.7,
20250513,09:23:32,-18.6,
20250513,09:23:32,-18.7,
20250513,09:23:32,-18.6,
20250513,09:23:33,-18.6,
20250513,09:23:33,-18.5,
20250513,09:23:33,-18.4,
20250513,09:23:34,-18.3,
20250513,09:23:34,-18.3,
20250513,09:23:34,-18.2,
20250513,09:23:34,-18.1,
20250513,09:23:35,-18.1,
20250513,09:23:35,-17.9,
20250513,09:23:35,-17.9,
20250513,09:23:35,-17.9,
20250513,09:23:36,-17.9,
20250513,09:23:36,-17.9,
20250513,09:23:36,-17.9,
20250513,09:23:37,-17.9,
20250513,09:23:37,-17.8,
20250513,09:23:37,-17.9,
20250513,09:23:37,-17.9,
20250513,09:23:38,-18,
20250513,09:23:38,-18.1,
20250513,09:23:38,-17.9,
20250513,09:23:39,-17.8,
20250513,09:23:39,-17.8,
20250513,09:23:39,-17.6,
20250513,09:23:39,-17.4,
20250513,09:23:40,-17.5,
20250513,09:23:40,-17.6,
20250513,09:23:40,-17.7,
20250513,09:23:40,-17.7,
20250513,09:23:41,-17.6,
20250513,09:23:41,-17.6,
20250513,09:23:41,-17.5,
20250513,09:23:42,-17.4,
20250513,09:23:42,-17.4,
20250513,09:23:42,-17.3,
20250513,09:23:42,-17.3,
20250513,09:23:43,-17.4,
20250513,09:23:43,-17.3,
20250513,09:23:43,-17.3,
20250513,09:23:44,-17.5,
20250513,09:23:44,-17.8,
20250513,09:23:44,-18,
20250513,09:23:44,-18.1,
20250513,09:23:45,-18,
20250513,09:23:45,-18,
20250513,09:23:45,-17.9,
20250513,09:23:45,-17.9,
20250513,09:23:46,-17.9,
20250513,09:23:46,-17.9,
20250513,09:23:46,-17.9,
20250513,09:23:47,-17.9,
20250513,09:23:47,-17.8,
20250513,09:23:47,-17.9,
20250513,09:23:47,-17.8,
20250513,09:23:48,-17.7,
20250513,09:23:48,-17.6,
20250513,09:23:48,-17.6,
20250513,09:23:48,-17.5,
20250513,09:23:49,-17.5,
20250513,09:23:49,-17.5,
20250513,09:23:49,-17.4,
20250513,09:23:50,-17.4,
20250513,09:23:50,-17.3,
20250513,09:23:50,-17.3,
20250513,09:23:50,-17.4,
20250513,09:23:51,-17.7,
20250513,09:23:51,-18,
20250513,09:23:51,-18.3,
20250513,09:23:52,-18.6,
20250513,09:23:52,-18.8,
20250513,09:23:52,-19,
20250513,09:23:52,-20.1,
20250513,09:23:53,-20.9,
20250513,09:23:53,-21.4,
20250513,09:23:53,-21.4,
20250513,09:23:53,-21.4,
20250513,09:23:54,-21.4,
20250513,09:23:54,-21.4,
20250513,09:23:54,-21.6,
20250513,09:23:55,-21.7,
20250513,09:23:55,-21.7,
20250513,09:23:55,-21.6,
20250513,09:23:55,-21.6,
20250513,09:23:56,-21.8,
20250513,09:23:56,-21.6,
20250513,09:23:56,-21.6,
20250513,09:23:57,-21.6,
20250513,09:23:57,-21.6,
20250513,09:23:57,-21.5,
20250513,09:23:57,-21.6,
20250513,09:23:58,-21.4,
20250513,09:23:58,-21.4,
20250513,09:23:58,-21.4,
20250513,09:23:58,-21.4,
20250513,09:23:59,-21.4,
20250513,09:23:59,-21.4,
20250513,09:23:59,-21.4,
20250513,09:24:00,-21.4,
20250513,09:24:00,-21.4,
20250513,09:24:00,-21.4,
20250513,09:24:00,-21.4,
20250513,09:24:01,-21.4,
20250513,09:24:01,-21.4,
20250513,09:24:01,-21.5,
20250513,09:24:01,-21.4,
20250513,09:24:02,-21.4,
20250513,09:24:02,-21.4,
20250513,09:24:02,-21.3,
20250513,09:24:03,-21.3,
20250513,09:24:03,-21.2,
20250513,09:24:03,-21.2,
20250513,09:24:03,-21.2,
20250513,09:24:04,-21.2,
20250513,09:24:04,-21,
20250513,09:24:04,-21,
20250513,09:24:05,-21,
20250513,09:24:05,-21,
20250513,09:24:05,-20.9,
20250513,09:24:05,-20.9,
20250513,09:24:06,-20.8,
20250513,09:24:06,-20.7,
20250513,09:24:06,-20.8,
20250513,09:24:06,-20.8,
20250513,09:24:07,-20.8,
20250513,09:24:07,-20.7,
20250513,09:24:07,-20.7,
20250513,09:24:08,-20.7,
20250513,09:24:08,-20.5,
20250513,09:24:08,-20.5,
20250513,09:24:08,-20.5,
20250513,09:24:09,-20.5,
20250513,09:24:09,-20.5,
20250513,09:24:09,-20.5,
20250513,09:24:10,-20.6,
20250513,09:24:10,-20.6,
20250513,09:24:10,-20.4,
20250513,09:24:10,-20.4,
20250513,09:24:11,-20.4,
20250513,09:24:11,-20.4,
20250513,09:24:11,-20.1,
20250513,09:24:11,-19.7,
20250513,09:24:12,-19.7,
20250513,09:24:12,-19.8,
20250513,09:24:12,-19.5,
20250513,09:24:13,-19.4,
20250513,09:24:13,-19.3,
20250513,09:24:13,-19.2,
20250513,09:24:13,-19.1,
20250513,09:24:14,-19.2,
20250513,09:24:14,-19.4,
20250513,09:24:14,-19.7,
20250513,09:24:15,-19.8,
20250513,09:24:15,-20,
20250513,09:24:15,-20.3,
20250513,09:24:15,-20.6,
20250513,09:24:16,-21.3,
20250513,09:24:16,-21.8,
20250513,09:24:16,-22.2,
20250513,09:24:16,-22.2,
20250513,09:24:17,-22.2,
20250513,09:24:17,-22.2,
20250513,09:24:17,-22.1,
20250513,09:24:18,-22.1,
20250513,09:24:18,-22,
20250513,09:24:18,-21.9,
20250513,09:24:18,-21.8,
20250513,09:24:19,-21.7,
20250513,09:24:19,-21.7,
20250513,09:24:19,-21.6,
20250513,09:24:19,-21.4,
20250513,09:24:20,-21.4,
20250513,09:24:20,-21.4,
20250513,09:24:20,-21.5,
20250513,09:24:21,-21.5,
20250513,09:24:21,-21.6,
20250513,09:24:21,-21.7,
20250513,09:24:21,-21.7,
20250513,09:24:22,-21.6,
20250513,09:24:22,-21.8,
20250513,09:24:22,-21.7,
20250513,09:24:23,-21.7,
20250513,09:24:23,-21.6,
20250513,09:24:23,-21.7,
20250513,09:24:23,-22.1,
20250513,09:24:24,-22.5,
20250513,09:24:24,-23,
20250513,09:24:24,-23.1,
20250513,09:24:24,-23.1,
20250513,09:24:25,-22.9,
20250513,09:24:25,-22.7,
20250513,09:24:25,-22.8,
20250513,09:24:26,-22.8,
20250513,09:24:26,-22.9,
20250513,09:24:26,-22.6,
20250513,09:24:26,-22.7,
20250513,09:24:27,-22.7,
20250513,09:24:27,-22.7,
20250513,09:24:27,-22.6,
20250513,09:24:28,-22.4,
20250513,09:24:28,-22.5,
20250513,09:24:28,-22.5,
20250513,09:24:28,-22.5,
20250513,09:24:29,-22.5,
20250513,09:24:29,-22.5,
20250513,09:24:29,-22.5,
20250513,09:24:29,-22.5,
20250513,09:24:30,-22.4,
20250513,09:24:30,-22.6,
20250513,09:24:30,-22.7,
20250513,09:24:31,-22.7,
20250513,09:24:31,-22.7,
20250513,09:24:31,-22.6,
20250513,09:24:31,-22.4,
20250513,09:24:32,-22.2,
20250513,09:24:32,-22.2,
20250513,09:24:32,-22.3,
20250513,09:24:32,-22.5,
20250513,09:24:33,-22.9,
20250513,09:24:33,-23,
20250513,09:24:33,-23,
20250513,09:24:34,-22.9,
20250513,09:24:34,-22.8,
20250513,09:24:34,-22.9,
20250513,09:24:34,-23.1,
20250513,09:24:35,-23.2,
20250513,09:24:35,-23.3,
20250513,09:24:35,-23.1,
20250513,09:24:36,-22.9,
20250513,09:24:36,-22.6,
20250513,09:24:36,-22,
20250513,09:24:36,-22.7,
20250513,09:24:37,-22.7,
20250513,09:24:37,-22.7,
20250513,09:24:37,-22.7,
20250513,09:24:37,-22.5,
20250513,09:24:38,-22.5,
20250513,09:24:38,-22.4,
20250513,09:24:38,-22.6,
20250513,09:24:39,-22.5,
20250513,09:24:39,-22.5,
20250513,09:24:39,-22.5,
20250513,09:24:39,-22.2,
20250513,09:24:40,-22.4,
20250513,09:24:40,-22.5,
20250513,09:24:40,-22.5,
20250513,09:24:41,-22.5,
20250513,09:24:41,-22.5,
20250513,09:24:41,-22.4,
20250513,09:24:41,-22.3,
20250513,09:24:42,-22.3,
20250513,09:24:42,-22.2,
20250513,09:24:42,-22.2,
20250513,09:24:42,-22.2,
20250513,09:24:43,-22.2,
20250513,09:24:43,-22.1,
20250513,09:24:43,-22,
20250513,09:24:44,-22,
20250513,09:24:44,-21.9,
20250513,09:24:44,-21.9,
20250513,09:24:44,-21.9,
20250513,09:24:45,-21.8,
20250513,09:24:45,-21.7,
20250513,09:24:45,-21.7,
20250513,09:24:46,-21.7,
20250513,09:24:46,-21.6,
20250513,09:24:46,-21.5,
20250513,09:24:46,-21.5,
20250513,09:24:47,-21.4,
20250513,09:24:47,-21.4,
20250513,09:24:47,-21.3,
20250513,09:24:47,-21.3,
20250513,09:24:48,-21.4,
20250513,09:24:48,-21.3,
20250513,09:24:48,-21.2,
20250513,09:24:49,-21,
20250513,09:24:49,-20.9,
20250513,09:24:49,-21,
20250513,09:24:49,-20.9,
20250513,09:24:50,-20.9,
20250513,09:24:50,-20.8,
20250513,09:24:50,-20.8,
20250513,09:24:50,-20.7,
20250513,09:24:51,-20.7,
20250513,09:24:51,-20.5,
20250513,09:24:51,-20.5,
20250513,09:24:52,-20.5,
20250513,09:24:52,-20.4,
20250513,09:24:52,-20.4,
20250513,09:24:52,-20.5,
20250513,09:24:53,-20.7,
20250513,09:24:53,-20.9,
20250513,09:24:53,-21,
20250513,09:24:54,-20.9,
20250513,09:24:54,-21.2,
20250513,09:24:54,-21.4,
20250513,09:24:54,-21.5,
20250513,09:24:55,-21.5,
20250513,09:24:55,-21.5,
20250513,09:24:55,-21.5,
20250513,09:24:55,-21.3,
20250513,09:24:56,-21.2,
20250513,09:24:56,-21,
20250513,09:24:56,-21,
20250513,09:24:57,-20.7,
20250513,09:24:57,-20.9,
20250513,09:24:57,-20.8,
20250513,09:24:57,-20.6,
20250513,09:24:58,-20.6,
20250513,09:24:58,-20.5,
20250513,09:24:58,-20.5,
20250513,09:24:59,-20.5,
20250513,09:24:59,-20.5,
20250513,09:24:59,-20.8,
20250513,09:24:59,-21,
20250513,09:25:00,-21,
20250513,09:25:00,-21,
20250513,09:25:00,-20.8,
20250513,09:25:00,-20.9,
20250513,09:25:01,-21.1,
20250513,09:25:01,-21.1,
20250513,09:25:01,-21.4,
20250513,09:25:02,-21.5,
20250513,09:25:02,-21.8,
20250513,09:25:02,-21.8,
20250513,09:25:02,-21.7,
20250513,09:25:03,-21.7,
20250513,09:25:03,-21.6,
20250513,09:25:03,-21.5,
20250513,09:25:04,-21.4,
20250513,09:25:04,-21.4,
20250513,09:25:04,-21.4,
20250513,09:25:04,-21.3,
20250513,09:25:05,-21.3,
20250513,09:25:05,-21.2,
20250513,09:25:05,-21.2,
20250513,09:25:05,-21.1,
20250513,09:25:06,-21.1,
20250513,09:25:06,-21.1,
20250513,09:25:06,-21,
20250513,09:25:07,-21,
20250513,09:25:07,-20.9,
20250513,09:25:07,-20.8,
20250513,09:25:07,-20.8,
20250513,09:25:08,-20.8,
20250513,09:25:08,-21,
20250513,09:25:08,-21.4,
20250513,09:25:08,-21.7,
20250513,09:25:09,-21.8,
20250513,09:25:09,-21.8,
20250513,09:25:09,-21.7,
20250513,09:25:10,-21.6,
20250513,09:25:10,-21.4,
20250513,09:25:10,-21.4,
20250513,09:25:10,-21.4,
20250513,09:25:11,-21.4,
20250513,09:25:11,-21.4,
20250513,09:25:11,-21.3,
20250513,09:25:12,-21.3,
20250513,09:25:12,-21.2,
20250513,09:25:12,-21.1,
20250513,09:25:12,-21,
20250513,09:25:13,-21,
20250513,09:25:13,-20.9,
20250513,09:25:13,-20.9,
20250513,09:25:13,-20.9,
20250513,09:25:14,-21,
20250513,09:25:14,-20.9,
20250513,09:25:14,-20.9,
20250513,09:25:15,-20.9,
20250513,09:25:15,-20.8,
20250513,09:25:15,-20.8,
20250513,09:25:15,-20.8,
20250513,09:25:16,-20.8,
20250513,09:25:16,-20.7,
20250513,09:25:16,-20.6,
20250513,09:25:17,-20.5,
20250513,09:25:17,-20.5,
20250513,09:25:17,-20.5,
20250513,09:25:17,-20.4,
20250513,09:25:18,-20.3,
20250513,09:25:18,-20.3,
20250513,09:25:18,-20.4,
20250513,09:25:18,-20.2,
20250513,09:25:19,-20.3,
20250513,09:25:19,-20.2,
20250513,09:25:19,-20.1,
20250513,09:25:20,-20,
20250513,09:25:20,-20,
20250513,09:25:20,-19.9,
20250513,09:25:20,-19.8,
20250513,09:25:21,-19.8,
20250513,09:25:21,-19.8,
20250513,09:25:21,-19.6,
20250513,09:25:21,-19.6,
20250513,09:25:22,-19.5,
20250513,09:25:22,-19.3,
20250513,09:25:22,-19.2,
20250513,09:25:23,-19.2,
20250513,09:25:23,-19.1,
20250513,09:25:23,-19,
20250513,09:25:23,-18.9,
20250513,09:25:24,-18.8,
20250513,09:25:24,-18.8,
20250513,09:25:24,-18.8,
20250513,09:25:25,-18.8,
20250513,09:25:25,-18.8,
20250513,09:25:25,-18.8,
20250513,09:25:25,-18.7,
20250513,09:25:26,-18.6,
20250513,09:25:26,-18.6,
20250513,09:25:26,-18.5,
20250513,09:25:26,-18.6,
20250513,09:25:27,-18.5,
20250513,09:25:27,-18.5,
20250513,09:25:27,-18.5,
20250513,09:25:28,-18.4,
20250513,09:25:28,-18.4,
20250513,09:25:28,-18.4,
20250513,09:25:28,-18.3,
20250513,09:25:29,-18.3,
20250513,09:25:29,-18.2,
20250513,09:25:29,-18.2,
20250513,09:25:30,-18.1,
20250513,09:25:30,-18.1,
20250513,09:25:30,-18.1,
20250513,09:25:30,-18,
20250513,09:25:31,-18,
20250513,09:25:31,-17.9,
20250513,09:25:31,-17.9,
20250513,09:25:31,-17.9,
20250513,09:25:32,-17.9,
20250513,09:25:32,-17.9,
20250513,09:25:32,-17.8,
20250513,09:25:33,-17.8,
20250513,09:25:33,-17.9,
20250513,09:25:33,-17.8,
20250513,09:25:33,-17.7,
20250513,09:25:34,-17.7,
20250513,09:25:34,-17.6,
20250513,09:25:34,-17.5,
20250513,09:25:35,-17.5,
20250513,09:25:35,-17.5,
20250513,09:25:35,-17.4,
20250513,09:25:35,-17.5,
20250513,09:25:36,-17.4,
20250513,09:25:36,-17.4,
20250513,09:25:36,-17.3,
20250513,09:25:36,-17.4,
20250513,09:25:37,-17.3,
20250513,09:25:37,-17.3,
20250513,09:25:37,-17.3,
20250513,09:25:38,-17.2,
20250513,09:25:38,-17.2,
20250513,09:25:38,-17.1,
20250513,09:25:38,-17.1,
20250513,09:25:39,-17.1,
20250513,09:25:39,-17.1,
20250513,09:25:39,-17.1,
20250513,09:25:39,-17.1,
20250513,09:25:40,-16.9,
20250513,09:25:40,-17,
20250513,09:25:40,-16.9,
20250513,09:25:41,-16.9,
20250513,09:25:41,-16.9,
20250513,09:25:41,-16.8,
20250513,09:25:41,-16.8,
20250513,09:25:42,-16.8,
20250513,09:25:42,-16.7,
20250513,09:25:42,-16.7,
20250513,09:25:43,-16.7,
20250513,09:25:43,-16.6,
20250513,09:25:43,-16.6,
20250513,09:25:43,-16.6,
20250513,09:25:44,-16.6,
20250513,09:25:44,-16.6,
20250513,09:25:44,-16.5,
20250513,09:25:44,-16.5,
20250513,09:25:45,-16.5,
20250513,09:25:45,-16.4,
20250513,09:25:45,-16.4,
20250513,09:25:46,-16.3,
20250513,09:25:46,-16.3,
20250513,09:25:46,-16.3,
20250513,09:25:46,-16.3,
20250513,09:25:47,-16.2,
20250513,09:25:47,-16.2,
20250513,09:25:47,-16.2,
20250513,09:25:48,-16.2,
20250513,09:25:48,-16.2,
20250513,09:25:48,-16.2,
20250513,09:25:48,-16.2,
20250513,09:25:49,-16.2,
20250513,09:25:49,-16.1,
20250513,09:25:49,-16.1,
20250513,09:25:49,-16,
20250513,09:25:50,-16,
20250513,09:25:50,-16,
20250513,09:25:50,-16.1,
20250513,09:25:51,-15.9,
20250513,09:25:51,-16,
20250513,09:25:51,-16,
20250513,09:25:51,-15.9,
20250513,09:25:52,-15.9,
20250513,09:25:52,-15.8,
20250513,09:25:52,-15.8,
20250513,09:25:53,-15.8,
20250513,09:25:53,-15.8,
20250513,09:25:53,-15.8,
20250513,09:25:53,-15.8,
20250513,09:25:54,-15.7,
20250513,09:25:54,-15.7,
20250513,09:25:54,-15.6,
20250513,09:25:54,-15.6,
20250513,09:25:55,-15.6,
20250513,09:25:55,-15.7,
20250513,09:25:55,-15.6,
20250513,09:25:56,-15.6,
20250513,09:25:56,-15.6,
20250513,09:25:56,-15.6,
20250513,09:25:56,-15.6,
20250513,09:25:57,-15.5,
20250513,09:25:57,-15.6,
20250513,09:25:57,-15.6,
20250513,09:25:57,-15.5,
20250513,09:25:58,-15.5,
20250513,09:25:58,-15.4,
20250513,09:25:58,-15.4,
20250513,09:25:59,-15.4,
20250513,09:25:59,-15.4,
20250513,09:25:59,-15.4,
20250513,09:25:59,-15.4,
20250513,09:26:00,-15.4,
20250513,09:26:00,-15.4,
20250513,09:26:00,-15.4,
20250513,09:26:01,-15.4,
20250513,09:26:01,-15.4,
20250513,09:26:01,-15.4,
20250513,09:26:01,-15.3,
20250513,09:26:02,-15.4,
20250513,09:26:02,-15.3,
20250513,09:26:02,-15.3,
20250513,09:26:02,-15.3,
20250513,09:26:03,-15.2,
20250513,09:26:03,-15.1,
20250513,09:26:03,-15.1,
20250513,09:26:04,-15.2,
20250513,09:26:04,-15.1,
20250513,09:26:04,-15.1,
20250513,09:26:04,-15.1,
20250513,09:26:05,-15.1,
20250513,09:26:05,-15.1,
20250513,09:26:05,-15.2,
20250513,09:26:06,-15.1,
20250513,09:26:06,-15.2,
20250513,09:26:06,-15.2,
20250513,09:26:06,-15.3,
20250513,09:26:07,-15.3,
20250513,09:26:07,-15.3,
20250513,09:26:07,-15.3,
20250513,09:26:07,-15.4,
20250513,09:26:08,-15.3,
20250513,09:26:08,-15.3,
20250513,09:26:08,-15.3,
20250513,09:26:09,-15.2,
20250513,09:26:09,-15.2,
20250513,09:26:09,-15.2,
20250513,09:26:09,-15.1,
20250513,09:26:10,-15.2,
20250513,09:26:10,-15.1,
20250513,09:26:10,-15.1,
20250513,09:26:10,-15.1,
20250513,09:26:11,-15.1,
20250513,09:26:11,-14.9,
20250513,09:26:11,-14.9,
20250513,09:26:12,-14.6,
20250513,09:26:12,-15.2,
20250513,09:26:12,-15,
20250513,09:26:12,-14.7,
20250513,09:26:13,-14.3,
20250513,09:26:13,-14.6,
20250513,09:26:13,-14.8,
20250513,09:26:14,-14.9,
20250513,09:26:14,-14.9,
20250513,09:26:14,-15,
20250513,09:26:14,-14.8,
20250513,09:26:15,-14.9,
20250513,09:26:15,-14.9,
20250513,09:26:15,-15,
20250513,09:26:15,-14.9,
20250513,09:26:16,-14.8,
20250513,09:26:16,-14.9,
20250513,09:26:16,-14.8,
20250513,09:26:17,-14.8,
20250513,09:26:17,-14.8,
20250513,09:26:17,-14.8,
20250513,09:26:17,-14.9,
20250513,09:26:18,-15.2,
20250513,09:26:18,-15.4,
20250513,09:26:18,-15.4,
20250513,09:26:19,-15.4,
20250513,09:26:19,-15.5,
20250513,09:26:19,-15.5,
20250513,09:26:19,-15.5,
20250513,09:26:20,-15.5,
20250513,09:26:20,-15.4,
20250513,09:26:20,-15.4,
20250513,09:26:20,-15.4,
20250513,09:26:21,-15.5,
20250513,09:26:21,-15.5,
20250513,09:26:21,-15.6,
20250513,09:26:22,-15.6,
20250513,09:26:22,-15.5,
20250513,09:26:22,-15.5,
20250513,09:26:22,-15.5,
20250513,09:26:23,-15.4,
20250513,09:26:23,-15.4,
20250513,09:26:23,-15.4,
20250513,09:26:24,-15.4,
20250513,09:26:24,-15.3,
20250513,09:26:24,-15.3,
20250513,09:26:24,-15.3,
20250513,09:26:25,-15.3,
20250513,09:26:25,-15.3,
20250513,09:26:25,-15.3,
20250513,09:26:25,-15.4,
20250513,09:26:26,-15.3,
20250513,09:26:26,-15.2,
20250513,09:26:26,-15.2,
20250513,09:26:27,-15.1,
20250513,09:26:27,-15.1,
20250513,09:26:27,-15.1,
20250513,09:26:27,-15,
20250513,09:26:28,-15.1,
20250513,09:26:28,-15.2,
20250513,09:26:28,-15.2,
20250513,09:26:28,-15,
20250513,09:26:29,-15.1,
20250513,09:26:29,-14.9,
20250513,09:26:29,-15,
20250513,09:26:30,-15,
20250513,09:26:30,-15,
20250513,09:26:30,-14.9,
20250513,09:26:30,-14.9,
20250513,09:26:31,-14.9,
20250513,09:26:31,-14.9,
20250513,09:26:31,-14.8,
20250513,09:26:32,-14.9,
20250513,09:26:32,-14.8,
20250513,09:26:32,-14.8,
20250513,09:26:32,-14.8,
20250513,09:26:33,-14.8,
20250513,09:26:33,-14.7,
20250513,09:26:33,-14.7,
20250513,09:26:33,-14.8,
20250513,09:26:34,-14.8,
20250513,09:26:34,-14.7,
20250513,09:26:34,-14.7,
20250513,09:26:35,-14.7,
20250513,09:26:35,-14.6,
20250513,09:26:35,-14.7,
20250513,09:26:35,-14.6,
20250513,09:26:36,-14.6,
20250513,09:26:36,-14.7,
20250513,09:26:36,-14.6,
20250513,09:26:37,-14.5,
20250513,09:26:37,-14.5,
20250513,09:26:37,-14.5,
20250513,09:26:37,-14.6,
20250513,09:26:38,-14.5,
20250513,09:26:38,-14.5,
20250513,09:26:38,-14.5,
20250513,09:26:38,-14.5,
20250513,09:26:39,-14.5,
20250513,09:26:39,-14.5,
20250513,09:26:39,-14.5,
20250513,09:26:40,-14.5,
20250513,09:26:40,-14.5,
20250513,09:26:40,-14.4,
20250513,09:26:40,-14.5,
20250513,09:26:41,-14.5,
20250513,09:26:41,-14.5,
20250513,09:26:41,-14.5,
20250513,09:26:42,-14.4,
20250513,09:26:42,-14.4,
20250513,09:26:42,-14.4,
20250513,09:26:42,-14.5,
20250513,09:26:43,-14.3,
20250513,09:26:43,-14.3,
20250513,09:26:43,-14.4,
20250513,09:26:43,-14.4,
20250513,09:26:44,-14.3,
20250513,09:26:44,-14.4,
20250513,09:26:44,-14.3,
20250513,09:26:45,-14.3,
20250513,09:26:45,-14.3,
20250513,09:26:45,-14.2,
20250513,09:26:45,-14.3,
20250513,09:26:46,-14.2,
20250513,09:26:46,-14.2,
20250513,09:26:46,-14.2,
20250513,09:26:46,-14.1,
20250513,09:26:47,-14.1,
20250513,09:26:47,-14.1,
20250513,09:26:47,-14.1,
20250513,09:26:48,-14.2,
20250513,09:26:48,-14.1,
20250513,09:26:48,-14.2,
20250513,09:26:48,-14.1,
20250513,09:26:49,-14.1,
20250513,09:26:49,-14,
20250513,09:26:49,-14,
20250513,09:26:50,-13.9,
20250513,09:26:50,-13.9,
20250513,09:26:50,-14,
20250513,09:26:50,-13.9,
20250513,09:26:51,-13.9,
20250513,09:26:51,-13.9,
20250513,09:26:51,-13.9,
20250513,09:26:51,-13.9,
20250513,09:26:52,-13.8,
20250513,09:26:52,-13.9,
20250513,09:26:52,-13.9,
20250513,09:26:53,-13.9,
20250513,09:26:53,-13.8,
20250513,09:26:53,-13.9,
20250513,09:26:53,-13.7,
20250513,09:26:54,-13.9,
20250513,09:26:54,-13.9,
20250513,09:26:54,-14,
20250513,09:26:55,-14.2,
20250513,09:26:55,-14.3,
20250513,09:26:55,-14.4,
20250513,09:26:55,-14.3,
20250513,09:26:56,-14.3,
20250513,09:26:56,-14.4,
20250513,09:26:56,-14.4,
20250513,09:26:56,-14.4,
20250513,09:26:57,-14.4,
20250513,09:26:57,-14.2,
20250513,09:26:57,-14.3,
20250513,09:26:58,-14.1,
20250513,09:26:58,-14.2,
20250513,09:26:58,-14.2,
20250513,09:26:58,-14.1,
20250513,09:26:59,-14.3,
20250513,09:26:59,-14.2,
20250513,09:26:59,-14.1,
20250513,09:27:00,-14.2,
20250513,09:27:00,-14.1,
20250513,09:27:00,-14.2,
20250513,09:27:00,-14,
20250513,09:27:01,-14.1,
20250513,09:27:01,-14,
20250513,09:27:01,-14.1,
20250513,09:27:01,-14.1,
20250513,09:27:02,-14.1,
20250513,09:27:02,-14.1,
20250513,09:27:02,-14.3,
20250513,09:27:03,-14.3,
20250513,09:27:03,-14.3,
20250513,09:27:03,-14.4,
20250513,09:27:03,-14.4,
20250513,09:27:04,-14.4,
20250513,09:27:04,-14.4,
20250513,09:27:04,-14.4,
20250513,09:27:04,-14.3,
20250513,09:27:05,-14.2,
20250513,09:27:05,-14.4,
20250513,09:27:05,-14.3,
20250513,09:27:06,-14.2,
20250513,09:27:06,-14.2,
20250513,09:27:06,-14.3,
20250513,09:27:06,-14.3,
20250513,09:27:07,-14.1,
20250513,09:27:07,-14.3,
20250513,09:27:07,-14.1,
20250513,09:27:08,-14.3,
20250513,09:27:08,-14.3,
20250513,09:27:08,-14.2,
20250513,09:27:08,-14.1,
20250513,09:27:09,-14.1,
20250513,09:27:09,-14.2,
20250513,09:27:09,-14.1,
20250513,09:27:09,-14.1,
20250513,09:27:10,-14.1,
20250513,09:27:10,-14.2,
20250513,09:27:10,-14.1,
20250513,09:27:11,-14.2,
20250513,09:27:11,-14.1,
20250513,09:27:11,-14.2,
20250513,09:27:11,-14.1,
20250513,09:27:12,-14,
20250513,09:27:12,-14,
20250513,09:27:12,-14.1,
20250513,09:27:13,-14,
20250513,09:27:13,-14,
20250513,09:27:13,-13.9,
20250513,09:27:13,-14,
20250513,09:27:14,-14,
20250513,09:27:14,-14.1,
20250513,09:27:14,-14.2,
20250513,09:27:14,-14.1,
20250513,09:27:15,-14.1,
20250513,09:27:15,-14.1,
20250513,09:27:15,-14.1,
20250513,09:27:16,-14.1,
20250513,09:27:16,-14.2,
20250513,09:27:16,-14.3,
20250513,09:27:16,-14.2,
20250513,09:27:17,-14.4,
20250513,09:27:17,-14.3,
20250513,09:27:17,-14.3,
20250513,09:27:18,-14.5,
20250513,09:27:18,-14.6,
20250513,09:27:18,-14.5,
20250513,09:27:18,-14.5,
20250513,09:27:19,-14.5,
20250513,09:27:19,-14.5,
20250513,09:27:19,-14.6,
20250513,09:27:19,-14.5,
20250513,09:27:20,-14.5,
20250513,09:27:20,-14.7,
20250513,09:27:20,-15,
20250513,09:27:21,-15.1,
20250513,09:27:21,-15.4,
20250513,09:27:21,-15.4,
20250513,09:27:21,-15.4,
20250513,09:27:22,-15.4,
20250513,09:27:22,-15.3,
20250513,09:27:22,-15.3,
20250513,09:27:22,-15.2,
20250513,09:27:23,-15.2,
20250513,09:27:23,-15.1,
20250513,09:27:23,-15.2,
20250513,09:27:24,-15.2,
20250513,09:27:24,-15.1,
20250513,09:27:24,-15.1,
20250513,09:27:24,-15,
20250513,09:27:25,-15.1,
20250513,09:27:25,-15,
20250513,09:27:25,-15,
20250513,09:27:26,-15,
20250513,09:27:26,-15,
20250513,09:27:26,-15,
20250513,09:27:26,-15,
20250513,09:27:27,-15,
20250513,09:27:27,-15,
20250513,09:27:27,-15,
20250513,09:27:27,-15,
20250513,09:27:28,-15.1,
20250513,09:27:28,-15.1,
20250513,09:27:28,-15,
20250513,09:27:29,-15,
20250513,09:27:29,-15,
20250513,09:27:29,-15,
20250513,09:27:29,-15,
20250513,09:27:30,-15.1,
20250513,09:27:30,-14.9,
20250513,09:27:30,-15,
20250513,09:27:31,-15,
20250513,09:27:31,-15,
20250513,09:27:31,-15,
20250513,09:27:31,-15,
20250513,09:27:32,-15,
20250513,09:27:32,-15.2,
20250513,09:27:32,-15.4,
20250513,09:27:32,-15.5,
20250513,09:27:33,-15.6,
20250513,09:27:33,-16.2,
20250513,09:27:33,-16.2,
20250513,09:27:34,-16.2,
20250513,09:27:34,-16.1,
20250513,09:27:34,-16,
20250513,09:27:34,-16,
20250513,09:27:35,-16,
20250513,09:27:35,-16,
20250513,09:27:35,-16,
20250513,09:27:36,-15.9,
20250513,09:27:36,-15.9,
20250513,09:27:36,-15.8,
20250513,09:27:36,-15.9,
20250513,09:27:37,-15.9,
20250513,09:27:37,-15.9,
20250513,09:27:37,-16,
20250513,09:27:37,-16,
20250513,09:27:38,-16,
20250513,09:27:38,-15.9,
20250513,09:27:38,-15.9,
20250513,09:27:39,-15.9,
20250513,09:27:39,-15.9,
20250513,09:27:39,-15.8,
20250513,09:27:39,-16,
20250513,09:27:40,-16.1,
20250513,09:27:40,-16,
20250513,09:27:40,-16,
20250513,09:27:40,-16,
20250513,09:27:41,-15.9,
20250513,09:27:41,-16,
20250513,09:27:41,-15.9,
20250513,09:27:42,-15.9,
20250513,09:27:42,-15.9,
20250513,09:27:42,-15.8,
20250513,09:27:42,-15.9,
20250513,09:27:43,-15.8,
20250513,09:27:43,-15.8,
20250513,09:27:43,-15.7,
20250513,09:27:44,-15.7,
20250513,09:27:44,-15.7,
20250513,09:27:44,-15.7,
20250513,09:27:44,-15.7,
20250513,09:27:45,-15.6,
20250513,09:27:45,-15.7,
20250513,09:27:45,-15.7,
20250513,09:27:45,-15.6,
20250513,09:27:46,-15.6,
20250513,09:27:46,-15.7,
20250513,09:27:46,-15.7,
20250513,09:27:47,-15.8,
20250513,09:27:47,-15.8,
20250513,09:27:47,-15.7,
20250513,09:27:47,-15.6,
20250513,09:27:48,-15.6,
20250513,09:27:48,-15.6,
20250513,09:27:48,-15.5,
20250513,09:27:49,-15.6,
20250513,09:27:49,-15.7,
20250513,09:27:49,-15.7,
20250513,09:27:49,-15.8,
20250513,09:27:50,-15.9,
20250513,09:27:50,-16,
20250513,09:27:50,-15.9,
20250513,09:27:50,-15.8,
20250513,09:27:51,-15.9,
20250513,09:27:51,-15.9,
20250513,09:27:51,-15.8,
20250513,09:27:52,-15.9,
20250513,09:27:52,-15.9,
20250513,09:27:52,-15.9,
20250513,09:27:52,-15.9,
20250513,09:27:53,-15.8,
20250513,09:27:53,-15.8,
20250513,09:27:53,-15.7,
20250513,09:27:53,-15.7,
20250513,09:27:54,-15.6,
20250513,09:27:54,-15.6,
20250513,09:27:54,-15.5,
20250513,09:27:55,-15.5,
20250513,09:27:55,-15.5,
20250513,09:27:55,-15.5,
20250513,09:27:55,-15.6,
20250513,09:27:56,-15.5,
20250513,09:27:56,-15.5,
20250513,09:27:56,-15.5,
20250513,09:27:57,-15.5,
20250513,09:27:57,-15.4,
20250513,09:27:57,-15.4,
20250513,09:27:57,-15.5,
20250513,09:27:58,-15.4,
20250513,09:27:58,-15.4,
20250513,09:27:58,-15.4,
20250513,09:27:58,-15.4,
20250513,09:27:59,-15.3,
20250513,09:27:59,-15.4,
20250513,09:27:59,-15.4,
20250513,09:28:00,-15.5,
20250513,09:28:00,-15.5,
20250513,09:28:00,-15.5,
20250513,09:28:00,-15.6,
20250513,09:28:01,-15.6,
20250513,09:28:01,-15.4,
20250513,09:28:01,-15.4,
20250513,09:28:02,-15.5,
20250513,09:28:02,-15.4,
20250513,09:28:02,-15.4,
20250513,09:28:02,-15.4,
20250513,09:28:03,-15.4,
20250513,09:28:03,-15.4,
20250513,09:28:03,-15.4,
20250513,09:28:03,-15.3,
20250513,09:28:04,-15.3,
20250513,09:28:04,-15.3,
20250513,09:28:04,-15.3,
20250513,09:28:05,-15.3,
20250513,09:28:05,-15.2,
20250513,09:28:05,-15.2,
20250513,09:28:05,-15.2,
20250513,09:28:06,-15.2,
20250513,09:28:06,-15.2,
20250513,09:28:06,-15.2,
20250513,09:28:07,-15.1,
20250513,09:28:07,-15.1,
20250513,09:28:07,-15.1,
20250513,09:28:07,-15.1,
20250513,09:28:08,-15.1,
20250513,09:28:08,-15.1,
20250513,09:28:08,-15,
20250513,09:28:08,-15,
20250513,09:28:09,-15.1,
20250513,09:28:09,-15,
20250513,09:28:09,-15,
20250513,09:28:10,-15,
20250513,09:28:10,-14.8,
20250513,09:28:10,-14.9,
20250513,09:28:10,-15,
20250513,09:28:11,-15.1,
20250513,09:28:11,-15.1,
20250513,09:28:11,-15,
20250513,09:28:11,-14.9,
20250513,09:28:12,-14.9,
20250513,09:28:12,-14.9,
20250513,09:28:12,-14.8,
20250513,09:28:13,-14.9,
20250513,09:28:13,-14.8,
20250513,09:28:13,-14.9,
20250513,09:28:13,-14.8,
20250513,09:28:14,-14.8,
20250513,09:28:14,-14.8,
20250513,09:28:14,-14.8,
20250513,09:28:15,-14.7,
20250513,09:28:15,-14.7,
20250513,09:28:15,-14.7,
20250513,09:28:15,-14.7,
20250513,09:28:16,-14.7,
20250513,09:28:16,-14.6,
20250513,09:28:16,-14.6,
20250513,09:28:16,-14.6,
20250513,09:28:17,-14.6,
20250513,09:28:17,-14.6,
20250513,09:28:17,-14.6,
20250513,09:28:18,-14.5,
20250513,09:28:18,-14.6,
20250513,09:28:18,-14.6,
20250513,09:28:18,-14.7,
20250513,09:28:19,-14.7,
20250513,09:28:19,-14.7,
20250513,09:28:19,-14.7,
20250513,09:28:20,-14.7,
20250513,09:28:20,-14.7,
20250513,09:28:20,-14.7,
20250513,09:28:20,-14.7,
20250513,09:28:21,-14.8,
20250513,09:28:21,-14.9,
20250513,09:28:21,-14.9,
20250513,09:28:21,-14.9,
20250513,09:28:22,-14.9,
20250513,09:28:22,-14.9,
20250513,09:28:22,-14.9,
20250513,09:28:23,-14.9,
20250513,09:28:23,-15,
20250513,09:28:23,-15,
20250513,09:28:23,-15,
20250513,09:28:24,-15,
20250513,09:28:24,-14.9,
20250513,09:28:24,-14.9,
20250513,09:28:25,-14.9,
20250513,09:28:25,-14.9,
20250513,09:28:25,-14.9,
20250513,09:28:25,-14.9,
20250513,09:28:26,-14.8,
20250513,09:28:26,-14.7,
20250513,09:28:26,-14.8,
20250513,09:28:26,-14.7,
20250513,09:28:27,-14.7,
20250513,09:28:27,-14.7,
20250513,09:28:27,-14.8,
20250513,09:28:28,-14.7,
20250513,09:28:28,-14.7,
20250513,09:28:28,-14.6,
20250513,09:28:28,-14.5,
20250513,09:28:29,-14.6,
20250513,09:28:29,-14.6,
20250513,09:28:29,-14.6,
20250513,09:28:29,-14.6,
20250513,09:28:30,-14.7,
20250513,09:28:30,-14.6,
20250513,09:28:30,-14.6,
20250513,09:28:31,-14.6,
20250513,09:28:31,-14.6,
20250513,09:28:31,-14.6,
20250513,09:28:31,-14.6,
20250513,09:28:32,-14.6,
20250513,09:28:32,-14.6,
20250513,09:28:32,-14.7,
20250513,09:28:33,-14.9,
20250513,09:28:33,-15.2,
20250513,09:28:33,-15.3,
20250513,09:28:33,-15.4,
20250513,09:28:34,-15.4,
20250513,09:28:34,-15.4,
20250513,09:28:34,-15.3,
20250513,09:28:34,-15.3,
20250513,09:28:35,-15.3,
20250513,09:28:35,-15.2,
20250513,09:28:35,-15.2,
20250513,09:28:36,-15.2,
20250513,09:28:36,-15.1,
20250513,09:28:36,-15.1,
20250513,09:28:36,-15,
20250513,09:28:37,-15.1,
20250513,09:28:37,-15.1,
20250513,09:28:37,-15.1,
20250513,09:28:38,-15,
20250513,09:28:38,-14.9,
20250513,09:28:38,-15,
20250513,09:28:38,-15,
20250513,09:28:39,-15.1,
20250513,09:28:39,-15,
20250513,09:28:39,-14.9,
20250513,09:28:39,-14.9,
20250513,09:28:40,-14.8,
20250513,09:28:40,-14.9,
20250513,09:28:40,-14.9,
20250513,09:28:41,-14.9,
20250513,09:28:41,-15,
20250513,09:28:41,-15.1,
20250513,09:28:41,-15.3,
20250513,09:28:42,-15.4,
20250513,09:28:42,-15.3,
20250513,09:28:42,-15.3,
20250513,09:28:43,-15.2,
20250513,09:28:43,-15.2,
20250513,09:28:43,-15.2,
20250513,09:28:43,-15.2,
20250513,09:28:44,-15.2,
20250513,09:28:44,-15.1,
20250513,09:28:44,-15.1,
20250513,09:28:44,-15.1,
20250513,09:28:45,-15.1,
20250513,09:28:45,-15.2,
20250513,09:28:45,-15.2,
20250513,09:28:46,-15.2,
20250513,09:28:46,-15.2,
20250513,09:28:46,-15.2,
20250513,09:28:46,-15.3,
20250513,09:28:47,-15.3,
20250513,09:28:47,-15.3,
20250513,09:28:47,-15.3,
20250513,09:28:47,-15.3,
20250513,09:28:48,-15.3,
20250513,09:28:48,-15.2,
20250513,09:28:48,-15.3,
20250513,09:28:49,-15.4,
20250513,09:28:49,-15.4,
20250513,09:28:49,-15.4,
20250513,09:28:49,-15.4,
20250513,09:28:50,-15.4,
20250513,09:28:50,-15.5,
20250513,09:28:50,-15.4,
20250513,09:28:51,-15.4,
20250513,09:28:51,-15.4,
20250513,09:28:51,-15.4,
20250513,09:28:51,-15.6,
20250513,09:28:52,-15.7,
20250513,09:28:52,-15.7,
20250513,09:28:52,-15.7,
20250513,09:28:52,-15.7,
20250513,09:28:53,-15.7,
20250513,09:28:53,-15.6,
20250513,09:28:53,-15.7,
20250513,09:28:54,-15.7,
20250513,09:28:54,-15.6,
20250513,09:28:54,-15.6,
20250513,09:28:54,-15.6,
20250513,09:28:55,-15.6,
20250513,09:28:55,-15.6,
20250513,09:28:55,-15.5,
20250513,09:28:56,-15.5,
20250513,09:28:56,-15.6,
20250513,09:28:56,-16,
20250513,09:28:56,-16.1,
20250513,09:28:57,-16.2,
20250513,09:28:57,-16.3,
20250513,09:28:57,-16.3,
20250513,09:28:57,-16.4,
20250513,09:28:58,-16.3,
20250513,09:28:58,-16.3,
20250513,09:28:58,-16.3,
20250513,09:28:59,-16.3,
20250513,09:28:59,-16.2,
20250513,09:28:59,-16.3,
20250513,09:28:59,-16.3,
20250513,09:29:00,-16.2,
20250513,09:29:00,-16.2,
20250513,09:29:00,-16.2,
20250513,09:29:00,-16.2,
20250513,09:29:01,-16.2,
20250513,09:29:01,-16.2,
20250513,09:29:01,-16.2,
20250513,09:29:02,-16.2,
20250513,09:29:02,-16.2,
20250513,09:29:02,-16.1,
20250513,09:29:02,-16.2,
20250513,09:29:03,-16.2,
20250513,09:29:03,-16.2,
20250513,09:29:03,-16.3,
20250513,09:29:04,-16.3,
20250513,09:29:04,-16.2,
20250513,09:29:04,-16.2,
20250513,09:29:04,-16.2,
20250513,09:29:05,-16.2,
20250513,09:29:05,-16.2,
20250513,09:29:05,-16.2,
20250513,09:29:05,-16.2,
20250513,09:29:06,-16.2,
20250513,09:29:06,-16.2,
20250513,09:29:06,-16.2,
20250513,09:29:07,-16.1,
20250513,09:29:07,-16.1,
20250513,09:29:07,-16,
20250513,09:29:07,-16,
20250513,09:29:08,-16.1,
20250513,09:29:08,-16.1,
20250513,09:29:08,-16,
20250513,09:29:09,-16,
20250513,09:29:09,-16,
20250513,09:29:09,-16,
20250513,09:29:09,-15.9,
20250513,09:29:10,-15.9,
20250513,09:29:10,-15.9,
20250513,09:29:10,-15.8,
20250513,09:29:10,-15.9,
20250513,09:29:11,-15.9,
20250513,09:29:11,-15.8,
20250513,09:29:11,-15.7,
20250513,09:29:12,-15.8,
20250513,09:29:12,-15.7,
20250513,09:29:12,-15.8,
20250513,09:29:12,-15.8,
20250513,09:29:13,-15.8,
20250513,09:29:13,-15.9,
20250513,09:29:13,-15.8,
20250513,09:29:14,-15.8,
20250513,09:29:14,-15.9,
20250513,09:29:14,-16,
20250513,09:29:14,-16,
20250513,09:29:15,-16,
20250513,09:29:15,-16,
20250513,09:29:15,-16,
20250513,09:29:15,-16,
20250513,09:29:16,-16.1,
20250513,09:29:16,-16,
20250513,09:29:16,-16,
20250513,09:29:17,-16,
20250513,09:29:17,-16.1,
20250513,09:29:17,-16.5,
20250513,09:29:17,-17.1,
20250513,09:29:18,-17.8,
20250513,09:29:18,-18.1,
20250513,09:29:18,-18.6,
20250513,09:29:18,-18.8,
20250513,09:29:19,-18.9,
20250513,09:29:19,-18.9,
20250513,09:29:19,-19,
20250513,09:29:20,-18.9,
20250513,09:29:20,-18.9,
20250513,09:29:20,-19,
20250513,09:29:20,-19.1,
20250513,09:29:21,-19.4,
20250513,09:29:21,-19.5,
20250513,09:29:21,-19.7,
20250513,09:29:22,-19.7,
20250513,09:29:22,-19.7,
20250513,09:29:22,-19.7,
20250513,09:29:22,-19.7,
20250513,09:29:23,-19.7,
20250513,09:29:23,-19.7,
20250513,09:29:23,-19.7,
20250513,09:29:23,-19.7,
20250513,09:29:24,-19.7,
20250513,09:29:24,-19.7,
20250513,09:29:24,-19.7,
20250513,09:29:25,-19.7,
20250513,09:29:25,-19.7,
20250513,09:29:25,-19.7,
20250513,09:29:25,-19.7,
20250513,09:29:26,-19.6,
20250513,09:29:26,-19.7,
20250513,09:29:26,-19.7,
20250513,09:29:27,-19.7,
20250513,09:29:27,-19.7,
20250513,09:29:27,-19.7,
20250513,09:29:27,-19.8,
20250513,09:29:28,-20.2,
20250513,09:29:28,-20.5,
20250513,09:29:28,-20.7,
20250513,09:29:28,-20.7,
20250513,09:29:29,-20.7,
20250513,09:29:29,-20.6,
20250513,09:29:29,-20.5,
20250513,09:29:30,-20.5,
20250513,09:29:30,-20.5,
20250513,09:29:30,-20.5,
20250513,09:29:30,-20.4,
20250513,09:29:31,-20.4,
20250513,09:29:31,-20.4,
20250513,09:29:31,-20.5,
20250513,09:29:32,-20.5,
20250513,09:29:32,-20.7,
20250513,09:29:32,-20.9,
20250513,09:29:32,-20.9,
20250513,09:29:33,-20.8,
20250513,09:29:33,-20.9,
20250513,09:29:33,-21.1,
20250513,09:29:33,-21.3,
20250513,09:29:34,-21.4,
20250513,09:29:34,-21.5,
20250513,09:29:34,-21.5,
20250513,09:29:35,-21.5,
20250513,09:29:35,-21.5,
20250513,09:29:35,-21.5,
20250513,09:29:35,-21.5,
20250513,09:29:36,-22,
20250513,09:29:36,-22.9,
20250513,09:29:36,-23.2,
20250513,09:29:36,-23.1,
20250513,09:29:37,-23,
20250513,09:29:37,-23,
20250513,09:29:37,-23.1,
20250513,09:29:38,-23.2,
20250513,09:29:38,-23.4,
20250513,09:29:38,-23.5,
20250513,09:29:38,-23.7,
20250513,09:29:39,-23.8,
20250513,09:29:39,-23.9,
20250513,09:29:39,-24.2,
20250513,09:29:40,-24.2,
20250513,09:29:40,-24.5,
20250513,09:29:40,-24.5,
20250513,09:29:40,-24.5,
20250513,09:29:41,-24.4,
20250513,09:29:41,-24.3,
20250513,09:29:41,-24.4,
20250513,09:29:41,-24.5,
20250513,09:29:42,-24.8,
20250513,09:29:42,-24.8,
20250513,09:29:42,-24.9,
20250513,09:29:43,-24.9,
20250513,09:29:43,-24.8,
20250513,09:29:43,-24.8,
20250513,09:29:43,-24.7,
20250513,09:29:44,-24.7,
20250513,09:29:44,-24.6,
20250513,09:29:44,-24.6,
20250513,09:29:45,-24.7,
20250513,09:29:45,-24.8,
20250513,09:29:45,-24.9,
20250513,09:29:45,-25.1,
20250513,09:29:46,-25,
20250513,09:29:46,-25,
20250513,09:29:46,-24.9,
20250513,09:29:46,-24.9,
20250513,09:29:47,-25.1,
20250513,09:29:47,-25.4,
20250513,09:29:47,-25.6,
20250513,09:29:48,-25.6,
20250513,09:29:48,-25.6,
20250513,09:29:48,-25.6,
20250513,09:29:48,-25.6,
20250513,09:29:49,-25.5,
20250513,09:29:49,-25.4,
20250513,09:29:49,-25.4,
20250513,09:29:50,-25.5,
20250513,09:29:50,-25.6,
20250513,09:29:50,-25.8,
20250513,09:29:50,-25.9,
20250513,09:29:51,-26,
20250513,09:29:51,-26.4,
20250513,09:29:51,-26.8,
20250513,09:29:51,-27.3,
20250513,09:29:52,-27.3,
20250513,09:29:52,-27.2,
20250513,09:29:52,-26.8,
20250513,09:29:53,-26.5,
20250513,09:29:53,-26.6,
20250513,09:29:53,-27.3,
20250513,09:29:53,-27.3,
20250513,09:29:54,-26.6,
20250513,09:29:54,-26.3,
20250513,09:29:54,-25.5,
20250513,09:29:54,-25.3,
20250513,09:29:55,-25.4,
20250513,09:29:55,-25.5,
20250513,09:29:55,-25.6,
20250513,09:29:56,-25.7,
20250513,09:29:56,-26.3,
20250513,09:29:56,-26.9,
20250513,09:29:56,-27.3,
20250513,09:29:57,-27.3,
20250513,09:29:57,-26.6,
20250513,09:29:57,-25.5,
20250513,09:29:58,-24.6,
20250513,09:29:58,-24.2,
20250513,09:29:58,-24.8,
20250513,09:29:58,-25.4,
20250513,09:29:59,-25.8,
20250513,09:29:59,-26.1,
20250513,09:29:59,-26.5,
20250513,09:29:59,-26.7,
20250513,09:30:00,-27,
20250513,09:30:00,-27.1,
20250513,09:30:00,-27.2,
20250513,09:30:01,-27.3,
20250513,09:30:01,-27.5,
20250513,09:30:01,-27.3,
20250513,09:30:01,-27.6,
20250513,09:30:02,-27.6,
20250513,09:30:02,-28.1,
20250513,09:30:02,-28,
20250513,09:30:03,-28,
20250513,09:30:03,-28.1,
20250513,09:30:03,-28.2,
20250513,09:30:03,-28.2,
20250513,09:30:04,-28.5,
20250513,09:30:04,-28.5,
20250513,09:30:04,-28.3,
20250513,09:30:04,-28.5,
20250513,09:30:05,-28.5,
20250513,09:30:05,-28.7,
20250513,09:30:05,-28.8,
20250513,09:30:06,-29,
20250513,09:30:06,-29.1,
20250513,09:30:06,-29.1,
20250513,09:30:06,-29,
20250513,09:30:07,-29.1,
20250513,09:30:07,-29.2,
20250513,09:30:07,-29.1,
20250513,09:30:08,-29.1,
20250513,09:30:08,-29.1,
20250513,09:30:08,-29.3,
20250513,09:30:08,-29.3,
20250513,09:30:09,-29.4,
20250513,09:30:09,-29.5,
20250513,09:30:09,-29.5,
20250513,09:30:09,-29.9,
20250513,09:30:10,-30.1,
20250513,09:30:10,-29.9,
20250513,09:30:10,-29.8,
20250513,09:30:11,-29.8,
20250513,09:30:11,-29.7,
20250513,09:30:11,-29.2,
20250513,09:30:11,-29.4,
20250513,09:30:12,-29.4,
20250513,09:30:12,-29.3,
20250513,09:30:12,-29.3,
20250513,09:30:12,-29.4,
20250513,09:30:13,-29.5,
20250513,09:30:13,-29.4,
20250513,09:30:13,-29.8,
20250513,09:30:14,-29.8,
20250513,09:30:14,-29.8,
20250513,09:30:14,-29.5,
20250513,09:30:14,-29.4,
20250513,09:30:15,-29.1,
20250513,09:30:15,-28.7,
20250513,09:30:15,-28.5,
20250513,09:30:16,-28.6,
20250513,09:30:16,-28.6,
20250513,09:30:16,-28.8,
20250513,09:30:16,-29,
20250513,09:30:17,-28.9,
20250513,09:30:17,-28.7,
20250513,09:30:17,-28.4,
20250513,09:30:17,-28.2,
20250513,09:30:18,-28.3,
20250513,09:30:18,-28.6,
20250513,09:30:18,-28.6,
20250513,09:30:19,-28.3,
20250513,09:30:19,-28,
20250513,09:30:19,-27.7,
20250513,09:30:19,-27.3,
20250513,09:30:20,-27.4,
20250513,09:30:20,-27.3,
20250513,09:30:20,-27.7,
20250513,09:30:21,-27.9,
20250513,09:30:21,-28,
20250513,09:30:21,-27.8,
20250513,09:30:21,-28,
20250513,09:30:22,-28.2,
20250513,09:30:22,-28.1,
20250513,09:30:22,-27.8,
20250513,09:30:22,-28,
20250513,09:30:23,-28.4,
20250513,09:30:23,-28.8,
20250513,09:30:23,-28.6,
20250513,09:30:24,-27.2,
20250513,09:30:24,-26.4,
20250513,09:30:24,-26,
20250513,09:30:24,-26,
20250513,09:30:25,-26,
20250513,09:30:25,-26.2,
20250513,09:30:25,-26.8,
20250513,09:30:26,-27,
20250513,09:30:26,-26.2,
20250513,09:30:26,-24.9,
20250513,09:30:26,-24,
20250513,09:30:27,-23.8,
20250513,09:30:27,-23.8,
20250513,09:30:27,-23.9,
20250513,09:30:27,-23.9,
20250513,09:30:28,-23.8,
20250513,09:30:28,-23.7,
20250513,09:30:28,-23.7,
20250513,09:30:29,-23.8,
20250513,09:30:29,-24.2,
20250513,09:30:29,-24.3,
20250513,09:30:29,-24.4,
20250513,09:30:30,-24.3,
20250513,09:30:30,-24,
20250513,09:30:30,-23.9,
20250513,09:30:30,-24,
20250513,09:30:31,-24.3,
20250513,09:30:31,-24.5,
20250513,09:30:31,-24.7,
20250513,09:30:32,-24.8,
20250513,09:30:32,-25,
20250513,09:30:32,-25.1,
20250513,09:30:32,-25.2,
20250513,09:30:33,-25.6,
20250513,09:30:33,-26,
20250513,09:30:33,-26.2,
20250513,09:30:34,-26.4,
20250513,09:30:34,-26.1,
20250513,09:30:34,-24.9,
20250513,09:30:34,-23.9,
20250513,09:30:35,-23,
20250513,09:30:35,-22.4,
20250513,09:30:35,-22.4,
20250513,09:30:35,-22.7,
20250513,09:30:36,-23,
20250513,09:30:36,-23.4,
20250513,09:30:36,-23.8,
20250513,09:30:37,-24,
20250513,09:30:37,-24.3,
20250513,09:30:37,-24.7,
20250513,09:30:37,-24.8,
20250513,09:30:38,-24.9,
20250513,09:30:38,-25,
20250513,09:30:38,-25.2,
20250513,09:30:39,-25.4,
20250513,09:30:39,-25.5,
20250513,09:30:39,-25.5,
20250513,09:30:39,-25.5,
20250513,09:30:40,-25.6,
20250513,09:30:40,-25.9,
20250513,09:30:40,-26.3,
20250513,09:30:40,-25.9,
20250513,09:30:41,-24.8,
20250513,09:30:41,-23.6,
20250513,09:30:41,-22.9,
20250513,09:30:42,-22.5,
20250513,09:30:42,-22.7,
20250513,09:30:42,-23,
20250513,09:30:42,-23.2,
20250513,09:30:43,-23.4,
20250513,09:30:43,-23.5,
20250513,09:30:43,-23.6,
20250513,09:30:44,-23.7,
20250513,09:30:44,-23.9,
20250513,09:30:44,-24.2,
20250513,09:30:44,-24.4,
20250513,09:30:45,-24.4,
20250513,09:30:45,-24.6,
20250513,09:30:45,-24.6,
20250513,09:30:45,-24.6,
20250513,09:30:46,-24.8,
20250513,09:30:46,-24.8,
20250513,09:30:46,-24.9,
20250513,09:30:47,-25,
20250513,09:30:47,-25.1,
20250513,09:30:47,-25.1,
20250513,09:30:47,-25.4,
20250513,09:30:48,-25.6,
20250513,09:30:48,-26.3,
20250513,09:30:48,-26.3,
20250513,09:30:48,-24.8,
20250513,09:30:49,-23.3,
20250513,09:30:49,-22.2,
20250513,09:30:49,-21.8,
20250513,09:30:50,-20.8,
20250513,09:30:50,-19.6,
20250513,09:30:50,-18.8,
20250513,09:30:50,-18.6,
20250513,09:30:51,-18.5,
20250513,09:30:51,-18.9,
20250513,09:30:51,-19.5,
20250513,09:30:52,-20.1,
20250513,09:30:52,-20.7,
20250513,09:30:52,-21.2,
20250513,09:30:52,-21.7,
20250513,09:30:53,-22.2,
20250513,09:30:53,-22.5,
20250513,09:30:53,-22.9,
20250513,09:30:53,-23.1,
20250513,09:30:54,-23.1,
20250513,09:30:54,-23.2,
20250513,09:30:54,-23.4,
20250513,09:30:55,-23.6,
20250513,09:30:55,-23.7,
20250513,09:30:55,-23.9,
20250513,09:30:55,-24,
20250513,09:30:56,-24.1,
20250513,09:30:56,-24.2,
20250513,09:30:56,-24.4,
20250513,09:30:57,-24.5,
20250513,09:30:57,-24.6,
20250513,09:30:57,-24.7,
20250513,09:30:57,-24.6,
20250513,09:30:58,-24.5,
20250513,09:30:58,-24.6,
20250513,09:30:58,-24.7,
20250513,09:30:58,-24.6,
20250513,09:30:59,-24.6,
20250513,09:30:59,-24.6,
20250513,09:30:59,-24.6,
20250513,09:31:00,-24.6,
20250513,09:31:00,-24.6,
20250513,09:31:00,-24.6,
20250513,09:31:00,-24.8,
20250513,09:31:01,-24.8,
20250513,09:31:01,-24.8,
20250513,09:31:01,-24.8,
20250513,09:31:02,-24.8,
20250513,09:31:02,-24.8,
20250513,09:31:02,-24.7,
20250513,09:31:02,-24.8,
20250513,09:31:03,-24.7,
20250513,09:31:03,-24.7,
20250513,09:31:03,-24.7,
20250513,09:31:03,-24.7,
20250513,09:31:04,-24.7,
20250513,09:31:04,-24.7,
20250513,09:31:04,-24.7,
20250513,09:31:05,-24.7,
20250513,09:31:05,-24.7,
20250513,09:31:05,-24.8,
20250513,09:31:05,-24.8,
20250513,09:31:06,-24.6,
20250513,09:31:06,-24.5,
20250513,09:31:06,-24.4,
20250513,09:31:06,-24.3,
20250513,09:31:07,-24.3,
20250513,09:31:07,-24.3,
20250513,09:31:07,-24.3,
20250513,09:31:08,-24.2,
20250513,09:31:08,-24.2,
20250513,09:31:08,-24.2,
20250513,09:31:08,-24.2,
20250513,09:31:09,-24.2,
20250513,09:31:09,-24.2,
20250513,09:31:09,-24.3,
20250513,09:31:10,-24.2,
20250513,09:31:10,-24.2,
20250513,09:31:10,-24.2,
20250513,09:31:10,-24.3,
20250513,09:31:11,-24.4,
20250513,09:31:11,-24.3,
20250513,09:31:11,-24.2,
20250513,09:31:11,-24.1,
20250513,09:31:12,-24.1,
20250513,09:31:12,-24.2,
20250513,09:31:12,-24.8,
20250513,09:31:13,-24.9,
20250513,09:31:13,-23.9,
20250513,09:31:13,-23,
20250513,09:31:13,-22.1,
20250513,09:31:14,-21.6,
20250513,09:31:14,-21.7,
20250513,09:31:14,-21.8,
20250513,09:31:15,-22,
20250513,09:31:15,-22.2,
20250513,09:31:15,-22.4,
20250513,09:31:15,-22.5,
20250513,09:31:16,-22.6,
20250513,09:31:16,-22.7,
20250513,09:31:16,-22.8,
20250513,09:31:16,-22.8,
20250513,09:31:17,-22.9,
20250513,09:31:17,-22.9,
20250513,09:31:17,-22.9,
20250513,09:31:18,-23,
20250513,09:31:18,-23,
20250513,09:31:18,-23.1,
20250513,09:31:18,-23.1,
20250513,09:31:19,-23.1,
20250513,09:31:19,-23.1,
20250513,09:31:19,-23.1,
20250513,09:31:20,-23.1,
20250513,09:31:20,-23.1,
20250513,09:31:20,-23.1,
20250513,09:31:20,-23.1,
20250513,09:31:21,-23.1,
20250513,09:31:21,-23.3,
20250513,09:31:21,-23.6,
20250513,09:31:21,-23.7,
20250513,09:31:22,-23.6,
20250513,09:31:22,-23.3,
20250513,09:31:22,-23.1,
20250513,09:31:23,-23,
20250513,09:31:23,-23,
20250513,09:31:23,-22.9,
20250513,09:31:23,-22.9,
20250513,09:31:24,-22.8,
20250513,09:31:24,-22.8,
20250513,09:31:24,-22.4,
20250513,09:31:24,-22.1,
20250513,09:31:25,-22,
20250513,09:31:25,-21.7,
20250513,09:31:25,-21.7,
20250513,09:31:26,-21.6,
20250513,09:31:26,-21.6,
20250513,09:31:26,-21.5,
20250513,09:31:26,-21.6,
20250513,09:31:27,-21.6,
20250513,09:31:27,-21.5,
20250513,09:31:27,-21.5,
20250513,09:31:28,-21.5,
20250513,09:31:28,-21.6,
20250513,09:31:28,-21.7,
20250513,09:31:28,-22.1,
20250513,09:31:29,-22.5,
20250513,09:31:29,-22.7,
20250513,09:31:29,-22.6,
20250513,09:31:29,-22.4,
20250513,09:31:30,-22.2,
20250513,09:31:30,-22.2,
20250513,09:31:30,-22.2,
20250513,09:31:31,-22.2,
20250513,09:31:31,-22.2,
20250513,09:31:31,-22.3,
20250513,09:31:31,-22.4,
20250513,09:31:32,-22.4,
20250513,09:31:32,-22.3,
20250513,09:31:32,-22.4,
20250513,09:31:33,-22.3,
20250513,09:31:33,-22.3,
20250513,09:31:33,-22.3,
20250513,09:31:33,-22.3,
20250513,09:31:34,-22.3,
20250513,09:31:34,-22.2,
20250513,09:31:34,-22.3,
20250513,09:31:34,-22.2,
20250513,09:31:35,-22.3,
20250513,09:31:35,-22.2,
20250513,09:31:35,-22.2,
20250513,09:31:36,-22.2,
20250513,09:31:36,-22.3,
20250513,09:31:36,-22.2,
20250513,09:31:36,-22.2,
20250513,09:31:37,-22.2,
20250513,09:31:37,-22.2,
20250513,09:31:37,-22.2,
20250513,09:31:38,-22.2,
20250513,09:31:38,-22,
20250513,09:31:38,-22.2,
20250513,09:31:38,-22.1,
20250513,09:31:39,-22.2,
20250513,09:31:39,-22.1,
20250513,09:31:39,-22.1,
20250513,09:31:39,-22.1,
20250513,09:31:40,-22,
20250513,09:31:40,-22,
20250513,09:31:40,-22.1,
20250513,09:31:41,-22,
20250513,09:31:41,-21.9,
20250513,09:31:41,-22.1,
20250513,09:31:41,-22.1,
20250513,09:31:42,-22,
20250513,09:31:42,-21.9,
20250513,09:31:42,-21.9,
20250513,09:31:42,-22,
20250513,09:31:43,-21.8,
20250513,09:31:43,-22.1,
20250513,09:31:43,-22.2,
20250513,09:31:44,-22.1,
20250513,09:31:44,-22.1,
20250513,09:31:44,-22.1,
20250513,09:31:44,-21.9,
20250513,09:31:45,-21.6,
20250513,09:31:45,-21.4,
20250513,09:31:45,-21.2,
20250513,09:31:46,-20.8,
20250513,09:31:46,-20.8,
20250513,09:31:46,-20.8,
20250513,09:31:46,-20.8,
20250513,09:31:47,-20.8,
20250513,09:31:47,-20.9,
20250513,09:31:47,-20.9,
20250513,09:31:47,-21,
20250513,09:31:48,-20.9,
20250513,09:31:48,-21.1,
20250513,09:31:48,-21.1,
20250513,09:31:49,-21.2,
20250513,09:31:49,-21.3,
20250513,09:31:49,-21.3,
20250513,09:31:49,-21.2,
20250513,09:31:50,-21.4,
20250513,09:31:50,-21.4,
20250513,09:31:50,-21.7,
20250513,09:31:51,-22.4,
20250513,09:31:51,-22.4,
20250513,09:31:51,-21.9,
20250513,09:31:51,-21.4,
20250513,09:31:52,-20.9,
20250513,09:31:52,-20.3,
20250513,09:31:52,-19.8,
20250513,09:31:52,-19.7,
20250513,09:31:53,-19.6,
20250513,09:31:53,-19.7,
20250513,09:31:53,-19.9,
20250513,09:31:54,-20.1,
20250513,09:31:54,-20.3,
20250513,09:31:54,-20.5,
20250513,09:31:54,-20.7,
20250513,09:31:55,-20.8,
20250513,09:31:55,-20.8,
20250513,09:31:55,-20.9,
20250513,09:31:55,-20.9,
20250513,09:31:56,-21.1,
20250513,09:31:56,-21.1,
20250513,09:31:56,-21.2,
20250513,09:31:57,-21.3,
20250513,09:31:57,-21.4,
20250513,09:31:57,-21.4,
20250513,09:31:57,-21.4,
20250513,09:31:58,-21.5,
20250513,09:31:58,-22.2,
20250513,09:31:58,-23.3,
20250513,09:31:59,-21.8,
20250513,09:31:59,-19.1,
20250513,09:31:59,-17.6,
20250513,09:31:59,-16.8,
20250513,09:32:00,-16.7,
20250513,09:32:00,-17,
20250513,09:32:00,-17.1,
20250513,09:32:00,-17.7,
20250513,09:32:01,-18,
20250513,09:32:01,-18.5,
20250513,09:32:01,-18.7,
20250513,09:32:02,-18.9,
20250513,09:32:02,-18.9,
20250513,09:32:02,-19.1,
20250513,09:32:02,-19.3,
20250513,09:32:03,-19.4,
20250513,09:32:03,-19.5,
20250513,09:32:03,-19.5,
20250513,09:32:04,-19.7,
20250513,09:32:04,-20,
20250513,09:32:04,-20.4,
20250513,09:32:04,-20.4,
20250513,09:32:05,-20.3,
20250513,09:32:05,-20,
20250513,09:32:05,-19.9,
20250513,09:32:05,-19.8,
20250513,09:32:06,-20.1,
20250513,09:32:06,-20.1,
20250513,09:32:06,-19.9,
20250513,09:32:07,-19.7,
20250513,09:32:07,-19.5,
20250513,09:32:07,-19.3,
20250513,09:32:07,-19.3,
20250513,09:32:08,-19.5,
20250513,09:32:08,-19.9,
20250513,09:32:08,-20.3,
20250513,09:32:09,-20,
20250513,09:32:09,-19.6,
20250513,09:32:09,-19,
20250513,09:32:09,-18.7,
20250513,09:32:10,-18.8,
20250513,09:32:10,-19,
20250513,09:32:10,-19,
20250513,09:32:10,-18.6,
20250513,09:32:11,-17.9,
20250513,09:32:11,-17.7,
20250513,09:32:11,-17.5,
20250513,09:32:12,-17.4,
20250513,09:32:12,-17.3,
20250513,09:32:12,-17.4,
20250513,09:32:12,-17.4,
20250513,09:32:13,-17.5,
20250513,09:32:13,-17.9,
20250513,09:32:13,-18.4,
20250513,09:32:13,-18.8,
20250513,09:32:14,-18.8,
20250513,09:32:14,-18.8,
20250513,09:32:14,-19.1,
20250513,09:32:15,-18,
20250513,09:32:15,-15.5,
20250513,09:32:15,-13.8,
20250513,09:32:15,-12.8,
20250513,09:32:16,-12.2,
20250513,09:32:16,-11.9,
20250513,09:32:16,-11.9,
20250513,09:32:17,-12.3,
20250513,09:32:17,-12.8,
20250513,09:32:17,-13.3,
20250513,09:32:17,-13.7,
20250513,09:32:18,-14.2,
20250513,09:32:18,-14.7,
20250513,09:32:18,-15.1,
20250513,09:32:18,-15.2,
20250513,09:32:19,-15.1,
20250513,09:32:19,-15.4,
20250513,09:32:19,-15.7,
20250513,09:32:20,-15.4,
20250513,09:32:20,-14.2,
20250513,09:32:20,-12.8,
20250513,09:32:20,-11.8,
20250513,09:32:21,-11.2,
20250513,09:32:21,-11.1,
20250513,09:32:21,-11.4,
20250513,09:32:22,-11.3,
20250513,09:32:22,-10.7,
20250513,09:32:22,-9.8,
20250513,09:32:22,-9.2,
20250513,09:32:23,-8.9,
20250513,09:32:23,-8.9,
20250513,09:32:23,-9.3,
20250513,09:32:23,-9.7,
20250513,09:32:24,-10.3,
20250513,09:32:24,-10.7,
20250513,09:32:24,-11.1,
20250513,09:32:25,-11.5,
20250513,09:32:25,-12,
20250513,09:32:25,-12.4,
20250513,09:32:25,-12.8,
20250513,09:32:26,-13.2,
20250513,09:32:26,-13.6,
20250513,09:32:26,-13.9,
20250513,09:32:27,-14.5,
20250513,09:32:27,-15,
20250513,09:32:27,-15.4,
20250513,09:32:27,-15.1,
20250513,09:32:28,-14.7,
20250513,09:32:28,-14.4,
20250513,09:32:28,-14.1,
20250513,09:32:28,-13.9,
20250513,09:32:29,-13.7,
20250513,09:32:29,-13.6,
20250513,09:32:29,-13.7,
20250513,09:32:30,-14.1,
20250513,09:32:30,-14.5,
20250513,09:32:30,-15.1,
20250513,09:32:30,-15.4,
20250513,09:32:31,-15.8,
20250513,09:32:31,-16.1,
20250513,09:32:31,-15.4,
20250513,09:32:31,-14.3,
20250513,09:32:32,-13,
20250513,09:32:32,-12.3,
20250513,09:32:32,-12,
20250513,09:32:33,-11.5,
20250513,09:32:33,-10.6,
20250513,09:32:33,-9.8,
20250513,09:32:33,-8.7,
20250513,09:32:34,-7.5,
20250513,09:32:34,-6.5,
20250513,09:32:34,-5.7,
20250513,09:32:35,-5.1,
20250513,09:32:35,-4.9,
20250513,09:32:35,-5,
20250513,09:32:35,-5.2,
20250513,09:32:36,-4.7,
20250513,09:32:36,-3.2,
20250513,09:32:36,-2.6,
20250513,09:32:36,-2.1,
20250513,09:32:37,-1.6,
20250513,09:32:37,-1.1,
20250513,09:32:37,-0.9,
20250513,09:32:38,-0.9,
20250513,09:32:38,-0.9,
20250513,09:32:38,-1,
20250513,09:32:38,-1,
20250513,09:32:39,-1.1,
20250513,09:32:39,-1.4,
20250513,09:32:39,-1.8,
20250513,09:32:39,-2.4,
20250513,09:32:40,-2.9,
20250513,09:32:40,-3.4,
20250513,09:32:40,-4,
20250513,09:32:41,-4.3,
20250513,09:32:41,-4.6,
20250513,09:32:41,-4.7,
20250513,09:32:41,-4.9,
20250513,09:32:42,-5.1,
20250513,09:32:42,-5.4,
20250513,09:32:42,-6,
20250513,09:32:43,-6.7,
20250513,09:32:43,-7.2,
20250513,09:32:43,-7.7,
20250513,09:32:43,-7.9,
20250513,09:32:44,-8.1,
20250513,09:32:44,-8.5,
20250513,09:32:44,-8.6,
20250513,09:32:44,-8.6,
20250513,09:32:45,-8.6,
20250513,09:32:45,-8.6,
20250513,09:32:45,-8.7,
20250513,09:32:46,-9.1,
20250513,09:32:46,-9.5,
20250513,09:32:46,-9.9,
20250513,09:32:46,-10.3,
20250513,09:32:47,-10.8,
20250513,09:32:47,-11.1,
20250513,09:32:47,-11.3,
20250513,09:32:47,-11.7,
20250513,09:32:48,-11.9,
20250513,09:32:48,-12.1,
20250513,09:32:48,-12.4,
20250513,09:32:49,-12.6,
20250513,09:32:49,-12.8,
20250513,09:32:49,-13.1,
20250513,09:32:49,-13.4,
20250513,09:32:50,-13.7,
20250513,09:32:50,-13.8,
20250513,09:32:50,-14,
20250513,09:32:51,-14.2,
20250513,09:32:51,-14.4,
20250513,09:32:51,-14.4,
20250513,09:32:51,-14.4,
20250513,09:32:52,-14.4,
20250513,09:32:52,-14.5,
20250513,09:32:52,-15,
20250513,09:32:52,-14.8,
20250513,09:32:53,-13.6,
20250513,09:32:53,-12.2,
20250513,09:32:53,-11.4,
20250513,09:32:54,-11.1,
20250513,09:32:54,-11.2,
20250513,09:32:54,-11.5,
20250513,09:32:54,-12,
20250513,09:32:55,-12.3,
20250513,09:32:55,-12.8,
20250513,09:32:55,-13,
20250513,09:32:56,-13.3,
20250513,09:32:56,-13.5,
20250513,09:32:56,-13.7,
20250513,09:32:56,-13.8,
20250513,09:32:57,-13.9,
20250513,09:32:57,-14.1,
20250513,09:32:57,-14.2,
20250513,09:32:57,-14.4,
20250513,09:32:58,-14.5,
20250513,09:32:58,-14.6,
20250513,09:32:58,-14.7,
20250513,09:32:59,-14.9,
20250513,09:32:59,-15,
20250513,09:32:59,-15,
20250513,09:32:59,-15.1,
20250513,09:33:00,-15.2,
20250513,09:33:00,-15.2,
20250513,09:33:00,-15.2,
20250513,09:33:01,-15.2,
20250513,09:33:01,-15.2,
20250513,09:33:01,-15,
20250513,09:33:01,-14.9,
20250513,09:33:02,-14.7,
20250513,09:33:02,-14.6,
20250513,09:33:02,-14.7,
20250513,09:33:02,-14.8,
20250513,09:33:03,-14.8,
20250513,09:33:03,-15,
20250513,09:33:03,-15,
20250513,09:33:04,-15,
20250513,09:33:04,-15,
20250513,09:33:04,-15.1,
20250513,09:33:04,-15.2,
20250513,09:33:05,-15,
20250513,09:33:05,-14.7,
20250513,09:33:05,-14.3,
20250513,09:33:05,-14.1,
20250513,09:33:06,-14.1,
20250513,09:33:06,-14.1,
20250513,09:33:06,-14.3,
20250513,09:33:07,-14.3,
20250513,09:33:07,-14.4,
20250513,09:33:07,-14.4,
20250513,09:33:07,-14.5,
20250513,09:33:08,-14.5,
20250513,09:33:08,-14.6,
20250513,09:33:08,-14.7,
20250513,09:33:09,-14.9,
20250513,09:33:09,-15.4,
20250513,09:33:09,-15.3,
20250513,09:33:09,-13.7,
20250513,09:33:10,-11.9,
20250513,09:33:10,-10.9,
20250513,09:33:10,-10.4,
20250513,09:33:10,-10.5,
20250513,09:33:11,-10.7,
20250513,09:33:11,-11,
20250513,09:33:11,-11.6,
20250513,09:33:12,-12.1,
20250513,09:33:12,-12.2,
20250513,09:33:12,-11.5,
20250513,09:33:12,-10.6,
20250513,09:33:13,-10,
20250513,09:33:13,-9.8,
20250513,09:33:13,-9.7,
20250513,09:33:14,-10,
20250513,09:33:14,-10.3,
20250513,09:33:14,-10.7,
20250513,09:33:14,-11.4,
20250513,09:33:15,-11.3,
20250513,09:33:15,-10.1,
20250513,09:33:15,-8.8,
20250513,09:33:15,-8.1,
20250513,09:33:16,-7.7,
20250513,09:33:16,-7.7,
20250513,09:33:16,-8.3,
20250513,09:33:17,-8.7,
20250513,09:33:17,-9.2,
20250513,09:33:17,-8.9,
20250513,09:33:17,-8.4,
20250513,09:33:18,-7.9,
20250513,09:33:18,-7.6,
20250513,09:33:18,-7.7,
20250513,09:33:18,-7.8,
20250513,09:33:19,-8,
20250513,09:33:19,-8.4,
20250513,09:33:19,-8.6,
20250513,09:33:20,-8.4,
20250513,09:33:20,-8.1,
20250513,09:33:20,-7.8,
20250513,09:33:20,-7.7,
20250513,09:33:21,-7.7,
20250513,09:33:21,-7.8,
20250513,09:33:21,-8,
20250513,09:33:22,-8.2,
20250513,09:33:22,-8.4,
20250513,09:33:22,-8.6,
20250513,09:33:22,-9.2,
20250513,09:33:23,-8.9,
20250513,09:33:23,-7.8,
20250513,09:33:23,-6.9,
20250513,09:33:23,-6.4,
20250513,09:33:24,-6.2,
20250513,09:33:24,-6.4,
20250513,09:33:24,-6.8,
20250513,09:33:25,-7,
20250513,09:33:25,-7.4,
20250513,09:33:25,-7.7,
20250513,09:33:25,-7.7,
20250513,09:33:26,-7.9,
20250513,09:33:26,-7.9,
20250513,09:33:26,-8.2,
20250513,09:33:26,-8.2,
20250513,09:33:27,-8.4,
20250513,09:33:27,-8.6,
20250513,09:33:27,-8.8,
20250513,09:33:28,-8.9,
20250513,09:33:28,-9,
20250513,09:33:28,-9.2,
20250513,09:33:28,-9.4,
20250513,09:33:29,-9.5,
20250513,09:33:29,-9.6,
20250513,09:33:29,-9.9,
20250513,09:33:30,-10.1,
20250513,09:33:30,-10.2,
20250513,09:33:30,-10.3,
20250513,09:33:30,-10.3,
20250513,09:33:31,-10.3,
20250513,09:33:31,-10.4,
20250513,09:33:31,-10.7,
20250513,09:33:31,-10.8,
20250513,09:33:32,-11.1,
20250513,09:33:32,-11,
20250513,09:33:32,-10.9,
20250513,09:33:33,-10.9,
20250513,09:33:33,-10.9,
20250513,09:33:33,-11.1,
20250513,09:33:33,-11.2,
20250513,09:33:34,-11.2,
20250513,09:33:34,-11.3,
20250513,09:33:34,-11.2,
20250513,09:33:35,-11.2,
20250513,09:33:35,-11.3,
20250513,09:33:35,-11.4,
20250513,09:33:35,-11.4,
20250513,09:33:36,-11.6,
20250513,09:33:36,-11.7,
20250513,09:33:36,-11.8,
20250513,09:33:36,-12,
20250513,09:33:37,-12,
20250513,09:33:37,-12.2,
20250513,09:33:37,-12.4,
20250513,09:33:38,-12.6,
20250513,09:33:38,-12.6,
20250513,09:33:38,-12.7,
20250513,09:33:38,-12.8,
20250513,09:33:39,-12.8,
20250513,09:33:39,-12.9,
20250513,09:33:39,-13,
20250513,09:33:39,-13,
20250513,09:33:40,-13,
20250513,09:33:40,-13,
20250513,09:33:40,-13,
20250513,09:33:41,-13.1,
20250513,09:33:41,-13.1,
20250513,09:33:41,-13.1,
20250513,09:33:41,-13.2,
20250513,09:33:42,-13.3,
20250513,09:33:42,-13.3,
20250513,09:33:42,-13.3,
20250513,09:33:43,-13.5,
20250513,09:33:43,-13.4,
20250513,09:33:43,-13.4,
20250513,09:33:43,-13.5,
20250513,09:33:44,-13.4,
20250513,09:33:44,-13.4,
20250513,09:33:44,-13.4,
20250513,09:33:44,-13.5,
20250513,09:33:45,-13.5,
20250513,09:33:45,-13.6,
20250513,09:33:45,-13.5,
20250513,09:33:46,-13.5,
20250513,09:33:46,-13.6,
20250513,09:33:46,-13.6,
20250513,09:33:46,-13.6,
20250513,09:33:47,-13.5,
20250513,09:33:47,-13.5,
20250513,09:33:47,-13.5,
20250513,09:33:48,-13.4,
20250513,09:33:48,-13.2,
20250513,09:33:48,-12.8,
20250513,09:33:48,-12.6,
20250513,09:33:49,-12.5,
20250513,09:33:49,-12.5,
20250513,09:33:49,-12.6,
20250513,09:33:49,-12.8,
20250513,09:33:50,-12.8,
20250513,09:33:50,-12.8,
20250513,09:33:50,-12.9,
20250513,09:33:51,-12.9,
20250513,09:33:51,-12.8,
20250513,09:33:51,-12.8,
20250513,09:33:51,-12.8,
20250513,09:33:52,-12.8,
20250513,09:33:52,-12.8,
20250513,09:33:52,-12.8,
20250513,09:33:52,-12.7,
20250513,09:33:53,-12.3,
20250513,09:33:53,-12,
20250513,09:33:53,-11.7,
20250513,09:33:54,-11.7,
20250513,09:33:54,-11.7,
20250513,09:33:54,-11.9,
20250513,09:33:54,-12,
20250513,09:33:55,-12.2,
20250513,09:33:55,-12.4,
20250513,09:33:55,-12.6,
20250513,09:33:56,-12.6,
20250513,09:33:56,-12.7,
20250513,09:33:56,-12.6,
20250513,09:33:56,-12.5,
20250513,09:33:57,-12.6,
20250513,09:33:57,-12.5,
20250513,09:33:57,-12.5,
20250513,09:33:57,-12.6,
20250513,09:33:58,-12.6,
20250513,09:33:58,-12.6,
20250513,09:33:58,-12.6,
20250513,09:33:59,-12.6,
20250513,09:33:59,-12.5,
20250513,09:33:59,-12.5,
20250513,09:33:59,-12.5,
20250513,09:34:00,-12.5,
20250513,09:34:00,-12.4,
20250513,09:34:00,-12.4,
20250513,09:34:01,-12.4,
20250513,09:34:01,-12.4,
20250513,09:34:01,-12.4,
20250513,09:34:01,-12.5,
20250513,09:34:02,-12.4,
20250513,09:34:02,-12,
20250513,09:34:02,-11.8,
20250513,09:34:02,-11.4,
20250513,09:34:03,-11.3,
20250513,09:34:03,-11.2,
20250513,09:34:03,-11.4,
20250513,09:34:04,-11.5,
20250513,09:34:04,-11.7,
20250513,09:34:04,-11.7,
20250513,09:34:04,-11.7,
20250513,09:34:05,-11.7,
20250513,09:34:05,-11.7,
20250513,09:34:05,-11.6,
20250513,09:34:06,-11.6,
20250513,09:34:06,-11.6,
20250513,09:34:06,-11.6,
20250513,09:34:06,-11.6,
20250513,09:34:07,-11.5,
20250513,09:34:07,-11.6,
20250513,09:34:07,-11.6,
20250513,09:34:07,-11.6,
20250513,09:34:08,-11.7,
20250513,09:34:08,-11.6,
20250513,09:34:08,-11.7,
20250513,09:34:09,-11.7,
20250513,09:34:09,-11.8,
20250513,09:34:09,-11.7,
20250513,09:34:09,-11.7,
20250513,09:34:10,-11.8,
20250513,09:34:10,-11.7,
20250513,09:34:10,-11.7,
20250513,09:34:10,-11.6,
20250513,09:34:11,-11.7,
20250513,09:34:11,-11.6,
20250513,09:34:11,-11.8,
20250513,09:34:12,-11.8,
20250513,09:34:12,-11.7,
20250513,09:34:12,-11.8,
20250513,09:34:12,-11.8,
20250513,09:34:13,-11.9,
20250513,09:34:13,-11.9,
20250513,09:34:13,-12,
20250513,09:34:14,-12.3,
20250513,09:34:14,-12.3,
20250513,09:34:14,-12,
20250513,09:34:14,-11.5,
20250513,09:34:15,-11.2,
20250513,09:34:15,-11,
20250513,09:34:15,-11.1,
20250513,09:34:15,-11.1,
20250513,09:34:16,-11.2,
20250513,09:34:16,-11.2,
20250513,09:34:16,-11,
20250513,09:34:17,-10.7,
20250513,09:34:17,-10.5,
20250513,09:34:17,-10.4,
20250513,09:34:17,-10.5,
20250513,09:34:18,-10.6,
20250513,09:34:18,-10.9,
20250513,09:34:18,-11.3,
20250513,09:34:19,-11.9,
20250513,09:34:19,-11.8,
20250513,09:34:19,-11.2,
20250513,09:34:19,-10.5,
20250513,09:34:20,-10,
20250513,09:34:20,-9.7,
20250513,09:34:20,-9.5,
20250513,09:34:20,-9.5,
20250513,09:34:21,-9.5,
20250513,09:34:21,-9.6,
20250513,09:34:21,-9.7,
20250513,09:34:22,-9.6,
20250513,09:34:22,-10,
20250513,09:34:22,-10.1,
20250513,09:34:22,-10.3,
20250513,09:34:23,-10.3,
20250513,09:34:23,-10.3,
20250513,09:34:23,-10.2,
20250513,09:34:24,-10,
20250513,09:34:24,-9.7,
20250513,09:34:24,-9.6,
20250513,09:34:24,-9.6,
20250513,09:34:25,-9.6,
20250513,09:34:25,-9.8,
20250513,09:34:25,-10,
20250513,09:34:25,-10.1,
20250513,09:34:26,-10.2,
20250513,09:34:26,-10.2,
20250513,09:34:26,-10.2,
20250513,09:34:27,-10.2,
20250513,09:34:27,-10.2,
20250513,09:34:27,-10.2,
20250513,09:34:27,-10.2,
20250513,09:34:28,-10.3,
20250513,09:34:28,-10.3,
20250513,09:34:28,-10.4,
20250513,09:34:28,-10.5,
20250513,09:34:29,-10.4,
20250513,09:34:29,-10.3,
20250513,09:34:29,-10.2,
20250513,09:34:30,-10.3,
20250513,09:34:30,-10.1,
20250513,09:34:30,-9.5,
20250513,09:34:30,-9.2,
20250513,09:34:31,-8.9,
20250513,09:34:31,-8.9,
20250513,09:34:31,-9.1,
20250513,09:34:32,-9.3,
20250513,09:34:32,-9.4,
20250513,09:34:32,-9.8,
20250513,09:34:32,-10.3,
20250513,09:34:33,-10.5,
20250513,09:34:33,-10.5,
20250513,09:34:33,-10.3,
20250513,09:34:33,-10,
20250513,09:34:34,-9.8,
20250513,09:34:34,-9.9,
20250513,09:34:34,-9.9,
20250513,09:34:35,-10,
20250513,09:34:35,-10.1,
20250513,09:34:35,-10.3,
20250513,09:34:35,-10.3,
20250513,09:34:36,-10.5,
20250513,09:34:36,-10.6,
20250513,09:34:36,-10.6,
20250513,09:34:36,-10.6,
20250513,09:34:37,-10.7,
20250513,09:34:37,-10.8,
20250513,09:34:37,-10.9,
20250513,09:34:38,-11,
20250513,09:34:38,-11.1,
20250513,09:34:38,-11.1,
20250513,09:34:38,-11.1,
20250513,09:34:39,-11.2,
20250513,09:34:39,-11.2,
20250513,09:34:39,-11.3,
20250513,09:34:40,-11.3,
20250513,09:34:40,-11.4,
20250513,09:34:40,-11.5,
20250513,09:34:40,-11.5,
20250513,09:34:41,-11.4,
20250513,09:34:41,-11.4,
20250513,09:34:41,-11.3,
20250513,09:34:41,-11.3,
20250513,09:34:42,-11.3,
20250513,09:34:42,-11.4,
20250513,09:34:42,-11.6,
20250513,09:34:43,-11.6,
20250513,09:34:43,-11.5,
20250513,09:34:43,-11.4,
20250513,09:34:43,-11.3,
20250513,09:34:44,-11.2,
20250513,09:34:44,-11.1,
20250513,09:34:44,-10.8,
20250513,09:34:45,-10.5,
20250513,09:34:45,-10.3,
20250513,09:34:45,-10.3,
20250513,09:34:45,-10.4,
20250513,09:34:46,-10.6,
20250513,09:34:46,-10.8,
20250513,09:34:46,-10.9,
20250513,09:34:46,-11.1,
20250513,09:34:47,-11,
20250513,09:34:47,-11.1,
20250513,09:34:47,-11.2,
20250513,09:34:48,-11.2,
20250513,09:34:48,-11.1,
20250513,09:34:48,-10.9,
20250513,09:34:48,-10.8,
20250513,09:34:49,-10.7,
20250513,09:34:49,-10.8,
20250513,09:34:49,-10.8,
20250513,09:34:50,-11.1,
20250513,09:34:50,-11.7,
20250513,09:34:50,-12,
20250513,09:34:50,-11.9,
20250513,09:34:51,-11.6,
20250513,09:34:51,-11.2,
20250513,09:34:51,-11,
20250513,09:34:51,-10.9,
20250513,09:34:52,-10.8,
20250513,09:34:52,-10.9,
20250513,09:34:52,-11,
20250513,09:34:53,-10.9,
20250513,09:34:53,-10.8,
20250513,09:34:53,-10.4,
20250513,09:34:53,-10,
20250513,09:34:54,-9.6,
20250513,09:34:54,-9.6,
20250513,09:34:54,-9.8,
20250513,09:34:54,-10,
20250513,09:34:55,-10.3,
20250513,09:34:55,-10.3,
20250513,09:34:55,-10.5,
20250513,09:34:56,-10.4,
20250513,09:34:56,-10.4,
20250513,09:34:56,-10.4,
20250513,09:34:56,-10.4,
20250513,09:34:57,-10.7,
20250513,09:34:57,-11,
20250513,09:34:57,-11.1,
20250513,09:34:58,-10.9,
20250513,09:34:58,-10.6,
20250513,09:34:58,-10.4,
20250513,09:34:58,-10.3,
20250513,09:34:59,-10.3,
20250513,09:34:59,-10.3,
20250513,09:34:59,-10.3,
20250513,09:34:59,-10.3,
20250513,09:35:00,-10.3,
20250513,09:35:00,-10.3,
20250513,09:35:00,-10.2,
20250513,09:35:01,-10.2,
20250513,09:35:01,-10.1,
20250513,09:35:01,-10.3,
20250513,09:35:01,-10.3,
20250513,09:35:02,-10.3,
20250513,09:35:02,-10.3,
20250513,09:35:02,-10.3,
20250513,09:35:03,-10.2,
20250513,09:35:03,-10,
20250513,09:35:03,-9.9,
20250513,09:35:03,-9.8,
20250513,09:35:04,-9.9,
20250513,09:35:04,-9.9,
20250513,09:35:04,-9.9,
20250513,09:35:04,-9.9,
20250513,09:35:05,-9.9,
20250513,09:35:05,-9.9,
20250513,09:35:05,-9.9,
20250513,09:35:06,-9.9,
20250513,09:35:06,-9.8,
20250513,09:35:06,-9.5,
20250513,09:35:06,-9.4,
20250513,09:35:07,-9.2,
20250513,09:35:07,-9.3,
20250513,09:35:07,-9.4,
20250513,09:35:07,-9.5,
20250513,09:35:08,-9.6,
20250513,09:35:08,-9.6,
20250513,09:35:08,-9.7,
20250513,09:35:09,-9.6,
20250513,09:35:09,-9.5,
20250513,09:35:09,-9.5,
20250513,09:35:09,-9.5,
20250513,09:35:10,-9.5,
20250513,09:35:10,-9.5,
20250513,09:35:10,-9.5,
20250513,09:35:11,-9.6,
20250513,09:35:11,-9.8,
20250513,09:35:11,-9.9,
20250513,09:35:11,-9.9,
20250513,09:35:12,-9.9,
20250513,09:35:12,-9.9,
20250513,09:35:12,-9.9,
20250513,09:35:12,-9.9,
20250513,09:35:13,-10,
20250513,09:35:13,-9.9,
20250513,09:35:13,-9.9,
20250513,09:35:14,-10,
20250513,09:35:14,-10,
20250513,09:35:14,-10,
20250513,09:35:14,-10.1,
20250513,09:35:15,-10.1,
20250513,09:35:15,-10,
20250513,09:35:15,-10,
20250513,09:35:15,-9.9,
20250513,09:35:16,-9.8,
20250513,09:35:16,-9.5,
20250513,09:35:16,-9.4,
20250513,09:35:17,-9.6,
20250513,09:35:17,-9.8,
20250513,09:35:17,-9.7,
20250513,09:35:17,-9.6,
20250513,09:35:18,-9.5,
20250513,09:35:18,-9.5,
20250513,09:35:18,-9.5,
20250513,09:35:19,-9.5,
20250513,09:35:19,-9.6,
20250513,09:35:19,-9.6,
20250513,09:35:19,-9.7,
20250513,09:35:20,-9.8,
20250513,09:35:20,-9.7,
20250513,09:35:20,-10,
20250513,09:35:20,-9.8,
20250513,09:35:21,-9.4,
20250513,09:35:21,-9,
20250513,09:35:21,-8.7,
20250513,09:35:22,-8.7,
20250513,09:35:22,-8.9,
20250513,09:35:22,-9.1,
20250513,09:35:22,-9.2,
20250513,09:35:23,-9.3,
20250513,09:35:23,-9.4,
20250513,09:35:23,-9.5,
20250513,09:35:23,-9.5,
20250513,09:35:24,-9.6,
20250513,09:35:24,-9.7,
20250513,09:35:24,-9.6,
20250513,09:35:25,-9.5,
20250513,09:35:25,-9.4,
20250513,09:35:25,-9.4,
20250513,09:35:25,-9.7,
20250513,09:35:26,-10.1,
20250513,09:35:26,-10.4,
20250513,09:35:26,-10.7,
20250513,09:35:27,-10.7,
20250513,09:35:27,-10.4,
20250513,09:35:27,-10.1,
20250513,09:35:27,-9.8,
20250513,09:35:28,-9.6,
20250513,09:35:28,-9.5,
20250513,09:35:28,-9.5,
20250513,09:35:28,-9.6,
20250513,09:35:29,-9.7,
20250513,09:35:29,-9.7,
20250513,09:35:29,-9.8,
20250513,09:35:30,-9.8,
20250513,09:35:30,-9.9,
20250513,09:35:30,-9.9,
20250513,09:35:30,-9.9,
20250513,09:35:31,-9.9,
20250513,09:35:31,-10,
20250513,09:35:31,-10.1,
20250513,09:35:32,-10.2,
20250513,09:35:32,-10.1,
20250513,09:35:32,-10.3,
20250513,09:35:32,-10.3,
20250513,09:35:33,-10.3,
20250513,09:35:33,-10.3,
20250513,09:35:33,-10.3,
20250513,09:35:33,-10.4,
20250513,09:35:34,-10.5,
20250513,09:35:34,-10.5,
20250513,09:35:34,-10.8,
20250513,09:35:35,-10.8,
20250513,09:35:35,-10.9,
20250513,09:35:35,-10.7,
20250513,09:35:35,-10.7,
20250513,09:35:36,-10.8,
20250513,09:35:36,-10.9,
20250513,09:35:36,-10.8,
20250513,09:35:36,-10.9,
20250513,09:35:37,-10.7,
20250513,09:35:37,-10.4,
20250513,09:35:37,-10,
20250513,09:35:38,-9.6,
20250513,09:35:38,-9.5,
20250513,09:35:38,-9.4,
20250513,09:35:38,-9.5,
20250513,09:35:39,-9.7,
20250513,09:35:39,-9.9,
20250513,09:35:39,-10,
20250513,09:35:40,-10.1,
20250513,09:35:40,-10.1,
20250513,09:35:40,-10.2,
20250513,09:35:40,-10.2,
20250513,09:35:41,-10.3,
20250513,09:35:41,-10.3,
20250513,09:35:41,-10.5,
20250513,09:35:41,-10.9,
20250513,09:35:42,-11.1,
20250513,09:35:42,-10.5,
20250513,09:35:42,-9.5,
20250513,09:35:43,-8.9,
20250513,09:35:43,-8.6,
20250513,09:35:43,-8.7,
20250513,09:35:43,-9.2,
20250513,09:35:44,-9.6,
20250513,09:35:44,-9.7,
20250513,09:35:44,-9.4,
20250513,09:35:44,-9.1,
20250513,09:35:45,-8.9,
20250513,09:35:45,-8.9,
20250513,09:35:45,-9.1,
20250513,09:35:46,-9.4,
20250513,09:35:46,-9.4,
20250513,09:35:46,-9.4,
20250513,09:35:46,-9.4,
20250513,09:35:47,-9.4,
20250513,09:35:47,-9.4,
20250513,09:35:47,-9.5,
20250513,09:35:48,-9.6,
20250513,09:35:48,-9.8,
20250513,09:35:48,-9.8,
20250513,09:35:48,-9.9,
20250513,09:35:49,-9.9,
20250513,09:35:49,-10,
20250513,09:35:49,-10,
20250513,09:35:49,-10.1,
20250513,09:35:50,-10.1,
20250513,09:35:50,-10.2,
20250513,09:35:50,-9.9,
20250513,09:35:51,-9.5,
20250513,09:35:51,-9.2,
20250513,09:35:51,-9.2,
20250513,09:35:51,-9.2,
20250513,09:35:52,-9.4,
20250513,09:35:52,-9.5,
20250513,09:35:52,-9.6,
20250513,09:35:53,-9.6,
20250513,09:35:53,-9.6,
20250513,09:35:53,-9.5,
20250513,09:35:53,-9.6,
20250513,09:35:54,-9.7,
20250513,09:35:54,-9.3,
20250513,09:35:54,-8.6,
20250513,09:35:54,-8.2,
20250513,09:35:55,-8,
20250513,09:35:55,-8,
20250513,09:35:55,-8.3,
20250513,09:35:56,-8.6,
20250513,09:35:56,-9.2,
20250513,09:35:56,-10.2,
20250513,09:35:56,-10.5,
20250513,09:35:57,-10,
20250513,09:35:57,-9.1,
20250513,09:35:57,-8.4,
20250513,09:35:57,-7.9,
20250513,09:35:58,-7.7,
20250513,09:35:58,-7.7,
20250513,09:35:58,-8,
20250513,09:35:59,-8.1,
20250513,09:35:59,-8.5,
20250513,09:35:59,-8.6,
20250513,09:35:59,-8.3,
20250513,09:36:00,-7.9,
20250513,09:36:00,-7.7,
20250513,09:36:00,-7.5,
20250513,09:36:01,-7.7,
20250513,09:36:01,-7.9,
20250513,09:36:01,-8.2,
20250513,09:36:01,-8.3,
20250513,09:36:02,-8.4,
20250513,09:36:02,-8.5,
20250513,09:36:02,-8.6,
20250513,09:36:02,-8.5,
20250513,09:36:03,-8.5,
20250513,09:36:03,-8.5,
20250513,09:36:03,-8.1,
20250513,09:36:04,-7.8,
20250513,09:36:04,-7.6,
20250513,09:36:04,-7.5,
20250513,09:36:04,-7.7,
20250513,09:36:05,-7.8,
20250513,09:36:05,-8.1,
20250513,09:36:05,-8.3,
20250513,09:36:05,-8.5,
20250513,09:36:06,-8.7,
20250513,09:36:06,-9.3,
20250513,09:36:06,-9.4,
20250513,09:36:07,-9.1,
20250513,09:36:07,-8.6,
20250513,09:36:07,-8.2,
20250513,09:36:07,-8,
20250513,09:36:08,-8,
20250513,09:36:08,-7.7,
20250513,09:36:08,-7.3,
20250513,09:36:08,-7,
20250513,09:36:09,-6.9,
20250513,09:36:09,-6.9,
20250513,09:36:09,-7.1,
20250513,09:36:10,-7.3,
20250513,09:36:10,-7.6,
20250513,09:36:10,-7.7,
20250513,09:36:10,-7.8,
20250513,09:36:11,-8,
20250513,09:36:11,-8,
20250513,09:36:11,-8.2,
20250513,09:36:12,-8.4,
20250513,09:36:12,-8.5,
20250513,09:36:12,-8.6,
20250513,09:36:12,-8.6,
20250513,09:36:13,-8.7,
20250513,09:36:13,-8.9,
20250513,09:36:13,-8.9,
20250513,09:36:13,-8.9,
20250513,09:36:14,-9,
20250513,09:36:14,-9,
20250513,09:36:14,-9.1,
20250513,09:36:15,-9.2,
20250513,09:36:15,-9.2,
20250513,09:36:15,-9.3,
20250513,09:36:15,-9.4,
20250513,09:36:16,-9.5,
20250513,09:36:16,-9.4,
20250513,09:36:16,-9.1,
20250513,09:36:16,-8.9,
20250513,09:36:17,-8.6,
20250513,09:36:17,-8.6,
20250513,09:36:17,-8.5,
20250513,09:36:18,-8.6,
20250513,09:36:18,-8.8,
20250513,09:36:18,-8.8,
20250513,09:36:18,-9.1,
20250513,09:36:19,-8.8,
20250513,09:36:19,-8.4,
20250513,09:36:19,-8,
20250513,09:36:20,-7.7,
20250513,09:36:20,-7.7,
20250513,09:36:20,-8,
20250513,09:36:20,-8.2,
20250513,09:36:21,-8.4,
20250513,09:36:21,-8.6,
20250513,09:36:21,-8.6,
20250513,09:36:21,-8.7,
20250513,09:36:22,-8.7,
20250513,09:36:22,-8.8,
20250513,09:36:22,-8.7,
20250513,09:36:23,-8.8,
20250513,09:36:23,-8.7,
20250513,09:36:23,-8.8,
20250513,09:36:23,-8.8,
20250513,09:36:24,-8.8,
20250513,09:36:24,-8.6,
20250513,09:36:24,-8.5,
20250513,09:36:24,-8.3,
20250513,09:36:25,-8.3,
20250513,09:36:25,-8.3,
20250513,09:36:25,-8.6,
20250513,09:36:26,-9,
20250513,09:36:26,-9.2,
20250513,09:36:26,-9,
20250513,09:36:26,-8.8,
20250513,09:36:27,-8.7,
20250513,09:36:27,-8.6,
20250513,09:36:27,-8.6,
20250513,09:36:28,-8.6,
20250513,09:36:28,-8.6,
20250513,09:36:28,-8.6,
20250513,09:36:28,-8.6,
20250513,09:36:29,-8.7,
20250513,09:36:29,-8.6,
20250513,09:36:29,-8.8,
20250513,09:36:29,-8.8,
20250513,09:36:30,-8.8,
20250513,09:36:30,-8.8,
20250513,09:36:30,-8.8,
20250513,09:36:31,-8.9,
20250513,09:36:31,-8.8,
20250513,09:36:31,-8.9,
20250513,09:36:31,-8.9,
20250513,09:36:32,-8.8,
20250513,09:36:32,-8.6,
20250513,09:36:32,-8.3,
20250513,09:36:32,-8.1,
20250513,09:36:33,-8,
20250513,09:36:33,-8.1,
20250513,09:36:33,-8.1,
20250513,09:36:34,-8.2,
20250513,09:36:34,-8.4,
20250513,09:36:34,-8.4,
20250513,09:36:34,-8.5,
20250513,09:36:35,-8.5,
20250513,09:36:35,-8.5,
20250513,09:36:35,-8.5,
20250513,09:36:36,-8.5,
20250513,09:36:36,-8.4,
20250513,09:36:36,-8.2,
20250513,09:36:36,-7.9,
20250513,09:36:37,-7.9,
20250513,09:36:37,-7.9,
20250513,09:36:37,-7.8,
20250513,09:36:37,-8,
20250513,09:36:38,-8,
20250513,09:36:38,-8.2,
20250513,09:36:38,-8.3,
20250513,09:36:39,-8.6,
20250513,09:36:39,-8.8,
20250513,09:36:39,-8.6,
20250513,09:36:39,-7.9,
20250513,09:36:40,-7.4,
20250513,09:36:40,-7,
20250513,09:36:40,-7.1,
20250513,09:36:40,-7.2,
20250513,09:36:41,-7.4,
20250513,09:36:41,-7.7,
20250513,09:36:41,-7.7,
20250513,09:36:42,-7.8,
20250513,09:36:42,-7.9,
20250513,09:36:42,-7.8,
20250513,09:36:42,-7.9,
20250513,09:36:43,-7.8,
20250513,09:36:43,-8,
20250513,09:36:43,-8.9,
20250513,09:36:44,-8.9,
20250513,09:36:44,-7.8,
20250513,09:36:44,-6.6,
20250513,09:36:44,-6.1,
20250513,09:36:45,-6,
20250513,09:36:45,-6,
20250513,09:36:45,-6.5,
20250513,09:36:45,-7,
20250513,09:36:46,-7.7,
20250513,09:36:46,-7.5,
20250513,09:36:46,-6.5,
20250513,09:36:47,-5.8,
20250513,09:36:47,-5.2,
20250513,09:36:47,-5.1,
20250513,09:36:47,-5.2,
20250513,09:36:48,-5.6,
20250513,09:36:48,-6,
20250513,09:36:48,-6.2,
20250513,09:36:48,-6.5,
20250513,09:36:49,-6.6,
20250513,09:36:49,-6.8,
20250513,09:36:49,-6.7,
20250513,09:36:50,-6.8,
20250513,09:36:50,-6.9,
20250513,09:36:50,-7.6,
20250513,09:36:50,-7.7,
20250513,09:36:51,-6.8,
20250513,09:36:51,-5.7,
20250513,09:36:51,-5,
20250513,09:36:52,-4.4,
20250513,09:36:52,-4.6,
20250513,09:36:52,-4.9,
20250513,09:36:52,-5.1,
20250513,09:36:53,-5.5,
20250513,09:36:53,-5.8,
20250513,09:36:53,-5.9,
20250513,09:36:53,-6,
20250513,09:36:54,-6,
20250513,09:36:54,-6.2,
20250513,09:36:54,-6.3,
20250513,09:36:55,-6.5,
20250513,09:36:55,-6.1,
20250513,09:36:55,-5.9,
20250513,09:36:55,-5.7,
20250513,09:36:56,-5.5,
20250513,09:36:56,-5.5,
20250513,09:36:56,-5.5,
20250513,09:36:56,-5.5,
20250513,09:36:57,-5.4,
20250513,09:36:57,-5.5,
20250513,09:36:57,-5.6,
20250513,09:36:58,-5.8,
20250513,09:36:58,-6.1,
20250513,09:36:58,-6.4,
20250513,09:36:58,-6.8,
20250513,09:36:59,-6.9,
20250513,09:36:59,-7,
20250513,09:36:59,-6.6,
20250513,09:37:00,-6,
20250513,09:37:00,-5.7,
20250513,09:37:00,-5.6,
20250513,09:37:00,-5.6,
20250513,09:37:01,-5.8,
20250513,09:37:01,-6.1,
20250513,09:37:01,-6.4,
20250513,09:37:01,-6.2,
20250513,09:37:02,-5.2,
20250513,09:37:02,-4.5,
20250513,09:37:02,-4.3,
20250513,09:37:03,-4.3,
20250513,09:37:03,-4.5,
20250513,09:37:03,-4.8,
20250513,09:37:03,-5.1,
20250513,09:37:04,-5.3,
20250513,09:37:04,-5.7,
20250513,09:37:04,-5.9,
20250513,09:37:04,-5.9,
20250513,09:37:05,-5.9,
20250513,09:37:05,-5.7,
20250513,09:37:05,-5.8,
20250513,09:37:06,-5.8,
20250513,09:37:06,-6,
20250513,09:37:06,-6.2,
20250513,09:37:06,-6.2,
20250513,09:37:07,-6.5,
20250513,09:37:07,-6.7,
20250513,09:37:07,-6.8,
20250513,09:37:08,-7,
20250513,09:37:08,-6.9,
20250513,09:37:08,-7.1,
20250513,09:37:08,-7.2,
20250513,09:37:09,-7.4,
20250513,09:37:09,-7.4,
20250513,09:37:09,-7.2,
20250513,09:37:09,-7.6,
20250513,09:37:10,-7.7,
20250513,09:37:10,-8.1,
20250513,09:37:10,-8.1,
20250513,09:37:11,-8.2,
20250513,09:37:11,-7.7,
20250513,09:37:11,-7.5,
20250513,09:37:11,-7.4,
20250513,09:37:12,-7.4,
20250513,09:37:12,-7.6,
20250513,09:37:12,-7.7,
20250513,09:37:12,-7.8,
20250513,09:37:13,-7.8,
20250513,09:37:13,-8,
20250513,09:37:13,-8.2,
20250513,09:37:14,-8,
20250513,09:37:14,-7.7,
20250513,09:37:14,-7.4,
20250513,09:37:14,-7.1,
20250513,09:37:15,-7,
20250513,09:37:15,-7.4,
20250513,09:37:15,-7.7,
20250513,09:37:16,-8.4,
20250513,09:37:16,-9,
20250513,09:37:16,-9.6,
20250513,09:37:16,-9.4,
20250513,09:37:17,-9,
20250513,09:37:17,-8.3,
20250513,09:37:17,-7.4,
20250513,09:37:17,-6.9,
20250513,09:37:18,-6.6,
20250513,09:37:18,-6.3,
20250513,09:37:18,-6.7,
20250513,09:37:19,-6.8,
20250513,09:37:19,-7.2,
20250513,09:37:19,-7.4,
20250513,09:37:19,-7.5,
20250513,09:37:20,-7.7,
20250513,09:37:20,-7.7,
20250513,09:37:20,-7.7,
20250513,09:37:20,-7.8,
20250513,09:37:21,-8,
20250513,09:37:21,-8,
20250513,09:37:21,-8.2,
20250513,09:37:22,-8.2,
20250513,09:37:22,-8.4,
20250513,09:37:22,-8.6,
20250513,09:37:22,-8.6,
20250513,09:37:23,-8.5,
20250513,09:37:23,-8.6,
20250513,09:37:23,-8.6,
20250513,09:37:23,-8.6,
20250513,09:37:24,-8.3,
20250513,09:37:24,-8.6,
20250513,09:37:24,-8.6,
20250513,09:37:25,-8.8,
20250513,09:37:25,-8.7,
20250513,09:37:25,-8.6,
20250513,09:37:25,-8.6,
20250513,09:37:26,-8.7,
20250513,09:37:26,-8.8,
20250513,09:37:26,-9.1,
20250513,09:37:27,-9.1,
20250513,09:37:27,-8.9,
20250513,09:37:27,-8.9,
20250513,09:37:27,-8.8,
20250513,09:37:28,-9,
20250513,09:37:28,-8.7,
20250513,09:37:28,-8.6,
20250513,09:37:28,-8.2,
20250513,09:37:29,-8.1,
20250513,09:37:29,-8.1,
20250513,09:37:29,-8.1,
20250513,09:37:30,-8.4,
20250513,09:37:30,-8.5,
20250513,09:37:30,-8.6,
20250513,09:37:30,-8.6,
20250513,09:37:31,-8.7,
20250513,09:37:31,-8.8,
20250513,09:37:31,-8.8,
20250513,09:37:31,-8.8,
20250513,09:37:32,-8.7,
20250513,09:37:32,-8.7,
20250513,09:37:32,-8.8,
20250513,09:37:33,-8.8,
20250513,09:37:33,-8.9,
20250513,09:37:33,-8.8,
20250513,09:37:33,-8.7,
20250513,09:37:34,-8.6,
20250513,09:37:34,-8.6,
20250513,09:37:34,-8.6,
20250513,09:37:35,-8.7,
20250513,09:37:35,-8.7,
20250513,09:37:35,-8.7,
20250513,09:37:35,-8.7,
20250513,09:37:36,-8.7,
20250513,09:37:36,-8.7,
20250513,09:37:36,-8.8,
20250513,09:37:36,-8.9,
20250513,09:37:37,-8.9,
20250513,09:37:37,-9,
20250513,09:37:37,-9.1,
20250513,09:37:38,-9,
20250513,09:37:38,-9,
20250513,09:37:38,-9,
20250513,09:37:38,-9,
20250513,09:37:39,-8.8,
20250513,09:37:39,-9,
20250513,09:37:39,-8.9,
20250513,09:37:39,-8.8,
20250513,09:37:40,-8.7,
20250513,09:37:40,-8.5,
20250513,09:37:40,-8.1,
20250513,09:37:41,-8,
20250513,09:37:41,-8,
20250513,09:37:41,-8.1,
20250513,09:37:41,-8.2,
20250513,09:37:42,-8.4,
20250513,09:37:42,-8.5,
20250513,09:37:42,-8.6,
20250513,09:37:43,-8.6,
20250513,09:37:43,-8.5,
20250513,09:37:43,-8.6,
20250513,09:37:43,-8.6,
20250513,09:37:44,-8.6,
20250513,09:37:44,-8.6,
20250513,09:37:44,-8.6,
20250513,09:37:44,-8.7,
20250513,09:37:45,-8.6,
20250513,09:37:45,-8.6,
20250513,09:37:45,-8.6,
20250513,09:37:46,-8.6,
20250513,09:37:46,-8.6,
20250513,09:37:46,-8.6,
20250513,09:37:46,-8.6,
20250513,09:37:47,-8.9,
20250513,09:37:47,-8.9,
20250513,09:37:47,-8.6,
20250513,09:37:47,-8.2,
20250513,09:37:48,-7.9,
20250513,09:37:48,-7.7,
20250513,09:37:48,-7.8,
20250513,09:37:49,-8,
20250513,09:37:49,-8.2,
20250513,09:37:49,-8.4,
20250513,09:37:49,-8.6,
20250513,09:37:50,-8.7,
20250513,09:37:50,-8.6,
20250513,09:37:50,-8.6,
20250513,09:37:51,-8.6,
20250513,09:37:51,-8.5,
20250513,09:37:51,-8.7,
20250513,09:37:51,-8.7,
20250513,09:37:52,-8.5,
20250513,09:37:52,-8.2,
20250513,09:37:52,-7.9,
20250513,09:37:52,-7.7,
20250513,09:37:53,-7.8,
20250513,09:37:53,-8,
20250513,09:37:53,-8.1,
20250513,09:37:54,-8.2,
20250513,09:37:54,-8.2,
20250513,09:37:54,-8.3,
20250513,09:37:54,-8.4,
20250513,09:37:55,-8.3,
20250513,09:37:55,-7.9,
20250513,09:37:55,-7.5,
20250513,09:37:55,-7.3,
20250513,09:37:56,-7.2,
20250513,09:37:56,-7.7,
20250513,09:37:56,-8.3,
20250513,09:37:57,-7.7,
20250513,09:37:57,-6.8,
20250513,09:37:57,-6.1,
20250513,09:37:57,-5.8,
20250513,09:37:58,-5.8,
20250513,09:37:58,-6.2,
20250513,09:37:58,-6.4,
20250513,09:37:59,-6.8,
20250513,09:37:59,-7.1,
20250513,09:37:59,-7.3,
20250513,09:37:59,-7.4,
20250513,09:38:00,-7.4,
20250513,09:38:00,-7.4,
20250513,09:38:00,-7.5,
20250513,09:38:00,-7.4,
20250513,09:38:01,-7.9,
20250513,09:38:01,-8.6,
20250513,09:38:01,-8.3,
20250513,09:38:02,-7.5,
20250513,09:38:02,-6.6,
20250513,09:38:02,-6,
20250513,09:38:02,-5.8,
20250513,09:38:03,-6,
20250513,09:38:03,-6.2,
20250513,09:38:03,-6.3,
20250513,09:38:03,-5.6,
20250513,09:38:04,-4.9,
20250513,09:38:04,-4.3,
20250513,09:38:04,-4.1,
20250513,09:38:05,-4.2,
20250513,09:38:05,-4.5,
20250513,09:38:05,-4.9,
20250513,09:38:05,-5.1,
20250513,09:38:06,-5.5,
20250513,09:38:06,-5.7,
20250513,09:38:06,-5.9,
20250513,09:38:07,-5.9,
20250513,09:38:07,-6,
20250513,09:38:07,-6,
20250513,09:38:07,-6,
20250513,09:38:08,-6.2,
20250513,09:38:08,-6.2,
20250513,09:38:08,-6.3,
20250513,09:38:08,-6.4,
20250513,09:38:09,-6.4,
20250513,09:38:09,-6.5,
20250513,09:38:09,-6.6,
20250513,09:38:10,-6.7,
20250513,09:38:10,-6.8,
20250513,09:38:10,-6.8,
20250513,09:38:10,-6.8,
20250513,09:38:11,-6.9,
20250513,09:38:11,-6.9,
20250513,09:38:11,-7,
20250513,09:38:11,-7.1,
20250513,09:38:12,-7.2,
20250513,09:38:12,-7.3,
20250513,09:38:12,-7.4,
20250513,09:38:13,-7.5,
20250513,09:38:13,-7.6,
20250513,09:38:13,-7.7,
20250513,09:38:13,-8,
20250513,09:38:14,-8.4,
20250513,09:38:14,-8,
20250513,09:38:14,-7.2,
20250513,09:38:15,-6.7,
20250513,09:38:15,-6.3,
20250513,09:38:15,-6.4,
20250513,09:38:15,-6.7,
20250513,09:38:16,-7,
20250513,09:38:16,-7.3,
20250513,09:38:16,-7.7,
20250513,09:38:16,-7.7,
20250513,09:38:17,-7.7,
20250513,09:38:17,-7.7,
20250513,09:38:17,-7.6,
20250513,09:38:18,-7.6,
20250513,09:38:18,-7.6,
20250513,09:38:18,-7.7,
20250513,09:38:18,-7.7,
20250513,09:38:19,-7.8,
20250513,09:38:19,-7.9,
20250513,09:38:19,-7.9,
20250513,09:38:19,-8.1,
20250513,09:38:20,-8.1,
20250513,09:38:20,-8.2,
20250513,09:38:20,-8.3,
20250513,09:38:21,-8.3,
20250513,09:38:21,-8.3,
20250513,09:38:21,-8.3,
20250513,09:38:21,-8.3,
20250513,09:38:22,-8.2,
20250513,09:38:22,-8.2,
20250513,09:38:22,-8.2,
20250513,09:38:23,-8.2,
20250513,09:38:23,-8.1,
20250513,09:38:23,-8.2,
20250513,09:38:23,-8.2,
20250513,09:38:24,-8.2,
20250513,09:38:24,-8.3,
20250513,09:38:24,-8.4,
20250513,09:38:24,-8.4,
20250513,09:38:25,-8.4,
20250513,09:38:25,-8.4,
20250513,09:38:25,-8.4,
20250513,09:38:26,-8.6,
20250513,09:38:26,-8.6,
20250513,09:38:26,-8.6,
20250513,09:38:26,-8.6,
20250513,09:38:27,-8.4,
20250513,09:38:27,-8,
20250513,09:38:27,-7.7,
20250513,09:38:27,-7.4,
20250513,09:38:28,-7.4,
20250513,09:38:28,-7.4,
20250513,09:38:28,-7.6,
20250513,09:38:29,-7.8,
20250513,09:38:29,-7.9,
20250513,09:38:29,-8,
20250513,09:38:29,-8.1,
20250513,09:38:30,-8.1,
20250513,09:38:30,-8.5,
20250513,09:38:30,-8.6,
20250513,09:38:31,-8.6,
20250513,09:38:31,-8.3,
20250513,09:38:31,-7.9,
20250513,09:38:31,-7.7,
20250513,09:38:32,-7.7,
20250513,09:38:32,-7.8,
20250513,09:38:32,-7.9,
20250513,09:38:32,-7.9,
20250513,09:38:33,-7.9,
20250513,09:38:33,-8,
20250513,09:38:33,-8.1,
20250513,09:38:34,-8.2,
20250513,09:38:34,-8.2,
20250513,09:38:34,-8.1,
20250513,09:38:34,-8.1,
20250513,09:38:35,-7.9,
20250513,09:38:35,-7.9,
20250513,09:38:35,-7.9,
20250513,09:38:35,-7.9,
20250513,09:38:36,-7.9,
20250513,09:38:36,-8,
20250513,09:38:36,-8,
20250513,09:38:37,-8,
20250513,09:38:37,-8,
20250513,09:38:37,-8.1,
20250513,09:38:37,-8.2,
20250513,09:38:38,-8.2,
20250513,09:38:38,-8.2,
20250513,09:38:38,-8.1,
20250513,09:38:38,-8.1,
20250513,09:38:39,-8.1,
20250513,09:38:39,-8.1,
20250513,09:38:39,-8.1,
20250513,09:38:40,-8.1,
20250513,09:38:40,-8.1,
20250513,09:38:40,-8.2,
20250513,09:38:40,-8.2,
20250513,09:38:41,-8,
20250513,09:38:41,-7.8,
20250513,09:38:41,-7.7,
20250513,09:38:42,-7.6,
20250513,09:38:42,-7.5,
20250513,09:38:42,-7.6,
20250513,09:38:42,-7.5,
20250513,09:38:43,-7.1,
20250513,09:38:43,-6.7,
20250513,09:38:43,-6.6,
20250513,09:38:43,-6.5,
20250513,09:38:44,-6.6,
20250513,09:38:44,-6.8,
20250513,09:38:44,-7,
20250513,09:38:45,-7.1,
20250513,09:38:45,-7.3,
20250513,09:38:45,-7.4,
20250513,09:38:45,-7.4,
20250513,09:38:46,-7.4,
20250513,09:38:46,-7.4,
20250513,09:38:46,-7.4,
20250513,09:38:46,-7.4,
20250513,09:38:47,-7.4,
20250513,09:38:47,-7.4,
20250513,09:38:47,-7.3,
20250513,09:38:48,-7.3,
20250513,09:38:48,-7.4,
20250513,09:38:48,-7.4,
20250513,09:38:48,-7.5,
20250513,09:38:49,-7.7,
20250513,09:38:49,-7.9,
20250513,09:38:49,-8,
20250513,09:38:50,-8.1,
20250513,09:38:50,-8.4,
20250513,09:38:50,-8.2,
20250513,09:38:50,-7.7,
20250513,09:38:51,-7.2,
20250513,09:38:51,-6.8,
20250513,09:38:51,-6.7,
20250513,09:38:51,-6.8,
20250513,09:38:52,-6.8,
20250513,09:38:52,-7.1,
20250513,09:38:52,-7.6,
20250513,09:38:53,-8,
20250513,09:38:53,-8.2,
20250513,09:38:53,-8.4,
20250513,09:38:53,-8.5,
20250513,09:38:54,-8.4,
20250513,09:38:54,-8.1,
20250513,09:38:54,-7.7,
20250513,09:38:54,-7.6,
20250513,09:38:55,-7.5,
20250513,09:38:55,-7.5,
20250513,09:38:55,-7.5,
20250513,09:38:56,-7.5,
20250513,09:38:56,-7.5,
20250513,09:38:56,-7.3,
20250513,09:38:56,-7.1,
20250513,09:38:57,-7,
20250513,09:38:57,-6.9,
20250513,09:38:57,-7,
20250513,09:38:58,-7,
20250513,09:38:58,-7.2,
20250513,09:38:58,-7.3,
20250513,09:38:58,-7.5,
20250513,09:38:59,-7.7,
20250513,09:38:59,-8,
20250513,09:38:59,-7.8,
20250513,09:38:59,-7.1,
20250513,09:39:00,-6.6,
20250513,09:39:00,-6.1,
20250513,09:39:00,-6,
20250513,09:39:01,-6,
20250513,09:39:01,-6.2,
20250513,09:39:01,-6.4,
20250513,09:39:01,-6.6,
20250513,09:39:02,-6.8,
20250513,09:39:02,-6.8,
20250513,09:39:02,-6.9,
20250513,09:39:02,-6.9,
20250513,09:39:03,-7,
20250513,09:39:03,-7.1,
20250513,09:39:03,-7.1,
20250513,09:39:04,-6.9,
20250513,09:39:04,-6.7,
20250513,09:39:04,-6.4,
20250513,09:39:04,-6.3,
20250513,09:39:05,-6.2,
20250513,09:39:05,-6.3,
20250513,09:39:05,-6.5,
20250513,09:39:06,-6.7,
20250513,09:39:06,-6.8,
20250513,09:39:06,-6.9,
20250513,09:39:06,-7.2,
20250513,09:39:07,-7.4,
20250513,09:39:07,-7.4,
20250513,09:39:07,-7.2,
20250513,09:39:07,-6.9,
20250513,09:39:08,-6.8,
20250513,09:39:08,-6.8,
20250513,09:39:08,-6.9,
20250513,09:39:09,-7,
20250513,09:39:09,-7.1,
20250513,09:39:09,-7.1,
20250513,09:39:09,-7.2,
20250513,09:39:10,-7.2,
20250513,09:39:10,-7.4,
20250513,09:39:10,-7.4,
20250513,09:39:10,-7.5,
20250513,09:39:11,-7.5,
20250513,09:39:11,-7.5,
20250513,09:39:11,-7.5,
20250513,09:39:12,-7.5,
20250513,09:39:12,-7.6,
20250513,09:39:12,-7.6,
20250513,09:39:12,-7.7,
20250513,09:39:13,-7.7,
20250513,09:39:13,-7.7,
20250513,09:39:13,-7.8,
20250513,09:39:14,-7.8,
20250513,09:39:14,-7.8,
20250513,09:39:14,-7.7,
20250513,09:39:14,-7.7,
20250513,09:39:15,-7.7,
20250513,09:39:15,-7.8,
20250513,09:39:15,-7.7,
20250513,09:39:15,-7.7,
20250513,09:39:16,-7.7,
20250513,09:39:16,-7.7,
20250513,09:39:16,-7.7,
20250513,09:39:17,-7.7,
20250513,09:39:17,-7.7,
20250513,09:39:17,-7.8,
20250513,09:39:17,-7.8,
20250513,09:39:18,-7.9,
20250513,09:39:18,-7.9,
20250513,09:39:18,-7.9,
20250513,09:39:18,-7.9,
20250513,09:39:19,-7.8,
20250513,09:39:19,-7.9,
20250513,09:39:19,-7.9,
20250513,09:39:20,-7.9,
20250513,09:39:20,-7.9,
20250513,09:39:20,-7.9,
20250513,09:39:20,-7.9,
20250513,09:39:21,-7.9,
20250513,09:39:21,-8,
20250513,09:39:21,-8,
20250513,09:39:22,-7.9,
20250513,09:39:22,-8,
20250513,09:39:22,-7.9,
20250513,09:39:22,-8,
20250513,09:39:23,-7.9,
20250513,09:39:23,-8,
20250513,09:39:23,-8,
20250513,09:39:23,-8,
20250513,09:39:24,-8,
20250513,09:39:24,-8,
20250513,09:39:24,-8,
20250513,09:39:25,-8.1,
20250513,09:39:25,-8.1,
20250513,09:39:25,-8.1,
20250513,09:39:25,-8.1,
20250513,09:39:26,-8.1,
20250513,09:39:26,-8.1,
20250513,09:39:26,-7.8,
20250513,09:39:26,-7.6,
20250513,09:39:27,-7.2,
20250513,09:39:27,-7,
20250513,09:39:27,-6.9,
20250513,09:39:28,-7,
20250513,09:39:28,-7.1,
20250513,09:39:28,-7.2,
20250513,09:39:28,-7.4,
20250513,09:39:29,-7.4,
20250513,09:39:29,-7.7,
20250513,09:39:29,-7.8,
20250513,09:39:30,-7.8,
20250513,09:39:30,-7.7,
20250513,09:39:30,-7.7,
20250513,09:39:30,-7.7,
20250513,09:39:31,-7.6,
20250513,09:39:31,-7.6,
20250513,09:39:31,-7.4,
20250513,09:39:31,-7,
20250513,09:39:32,-6.8,
20250513,09:39:32,-6.7,
20250513,09:39:32,-6.8,
20250513,09:39:33,-6.9,
20250513,09:39:33,-7.1,
20250513,09:39:33,-7.3,
20250513,09:39:33,-7.5,
20250513,09:39:34,-7.6,
20250513,09:39:34,-7.7,
20250513,09:39:34,-7.7,
20250513,09:39:34,-7.7,
20250513,09:39:35,-7.7,
20250513,09:39:35,-7.7,
20250513,09:39:35,-7.7,
20250513,09:39:36,-7.7,
20250513,09:39:36,-7.7,
20250513,09:39:36,-7.8,
20250513,09:39:36,-7.8,
20250513,09:39:37,-7.8,
20250513,09:39:37,-7.8,
20250513,09:39:37,-7.9,
20250513,09:39:38,-8.1,
20250513,09:39:38,-8.1,
20250513,09:39:38,-8,
20250513,09:39:38,-8,
20250513,09:39:39,-8,
20250513,09:39:39,-8,
20250513,09:39:39,-8.2,
20250513,09:39:39,-8,
20250513,09:39:40,-7.8,
20250513,09:39:40,-7.6,
20250513,09:39:40,-7.4,
20250513,09:39:41,-7.3,
20250513,09:39:41,-7.7,
20250513,09:39:41,-8.7,
20250513,09:39:41,-9,
20250513,09:39:42,-9.5,
20250513,09:39:42,-10.1,
20250513,09:39:42,-10.5,
20250513,09:39:42,-11.3,
20250513,09:39:43,-12,
20250513,09:39:43,-11.9,
20250513,09:39:43,-11.3,
20250513,09:39:44,-10.3,
20250513,09:39:44,-9.8,
20250513,09:39:44,-9.4,
20250513,09:39:44,-8.7,
20250513,09:39:45,-8.6,
20250513,09:39:45,-8.5,
20250513,09:39:45,-8.5,
20250513,09:39:46,-8.5,
20250513,09:39:46,-8.4,
20250513,09:39:46,-8.4,
20250513,09:39:46,-8.3,
20250513,09:39:47,-8.3,
20250513,09:39:47,-8.2,
20250513,09:39:47,-8.2,
20250513,09:39:47,-8.2,
20250513,09:39:48,-8.2,
20250513,09:39:48,-8.1,
20250513,09:39:48,-8.1,
20250513,09:39:49,-8.1,
20250513,09:39:49,-8.1,
20250513,09:39:49,-8,
20250513,09:39:49,-8,
20250513,09:39:50,-8,
20250513,09:39:50,-8,
20250513,09:39:50,-7.9,
20250513,09:39:50,-8,
20250513,09:39:51,-8,
20250513,09:39:51,-8,
20250513,09:39:51,-8.1,
20250513,09:39:52,-8.1,
20250513,09:39:52,-8.2,
20250513,09:39:52,-8.2,
20250513,09:39:52,-8.3,
20250513,09:39:53,-8.4,
20250513,09:39:53,-8.9,
20250513,09:39:53,-9.3,
20250513,09:39:54,-9.3,
20250513,09:39:54,-8.7,
20250513,09:39:54,-8.4,
20250513,09:39:54,-7.9,
20250513,09:39:55,-7.8,
20250513,09:39:55,-7.9,
20250513,09:39:55,-8,
20250513,09:39:55,-8.1,
20250513,09:39:56,-8.3,
20250513,09:39:56,-8.4,
20250513,09:39:56,-8.5,
20250513,09:39:57,-8.5,
20250513,09:39:57,-8.6,
20250513,09:39:57,-8.6,
20250513,09:39:57,-8.6,
20250513,09:39:58,-8.7,
20250513,09:39:58,-8.7,
20250513,09:39:58,-8.7,
20250513,09:39:58,-8.7,
20250513,09:39:59,-8.7,
20250513,09:39:59,-9,
20250513,09:39:59,-9.4,
20250513,09:40:00,-9.5,
20250513,09:40:00,-9.4,
20250513,09:40:00,-9,
20250513,09:40:00,-8.6,
20250513,09:40:01,-8.6,
20250513,09:40:01,-8.6,
20250513,09:40:01,-8.8,
20250513,09:40:02,-8.8,
20250513,09:40:02,-8.9,
20250513,09:40:02,-8.8,
20250513,09:40:02,-8.7,
20250513,09:40:03,-8.8,
20250513,09:40:03,-8.9,
20250513,09:40:03,-8.9,
20250513,09:40:03,-8.9,
20250513,09:40:04,-9.1,
20250513,09:40:04,-9.4,
20250513,09:40:04,-9.7,
20250513,09:40:05,-9.5,
20250513,09:40:05,-9.1,
20250513,09:40:05,-8.6,
20250513,09:40:05,-8.3,
20250513,09:40:06,-8.2,
20250513,09:40:06,-8.3,
20250513,09:40:06,-8.5,
20250513,09:40:06,-8.6,
20250513,09:40:07,-8.8,
20250513,09:40:07,-8.9,
20250513,09:40:07,-9,
20250513,09:40:08,-9.1,
20250513,09:40:08,-9.2,
20250513,09:40:08,-9.2,
20250513,09:40:08,-9.3,
20250513,09:40:09,-9.2,
20250513,09:40:09,-9,
20250513,09:40:09,-9,
20250513,09:40:10,-8.9,
20250513,09:40:10,-8.9,
20250513,09:40:10,-9,
20250513,09:40:10,-9,
20250513,09:40:11,-9.1,
20250513,09:40:11,-9.2,
20250513,09:40:11,-9.1,
20250513,09:40:11,-9.1,
20250513,09:40:12,-9.1,
20250513,09:40:12,-9.1,
20250513,09:40:12,-9.1,
20250513,09:40:13,-9.2,
20250513,09:40:13,-9.2,
20250513,09:40:13,-9.4,
20250513,09:40:13,-9.4,
20250513,09:40:14,-9.5,
20250513,09:40:14,-9.6,
20250513,09:40:14,-9.8,
20250513,09:40:14,-10.1,
20250513,09:40:15,-10.3,
20250513,09:40:15,-10.3,
20250513,09:40:15,-10.2,
20250513,09:40:16,-10,
20250513,09:40:16,-9.9,
20250513,09:40:16,-9.8,
20250513,09:40:16,-9.7,
20250513,09:40:17,-9.7,
20250513,09:40:17,-9.8,
20250513,09:40:17,-9.7,
20250513,09:40:18,-9.7,
20250513,09:40:18,-9.8,
20250513,09:40:18,-9.8,
20250513,09:40:18,-9.9,
20250513,09:40:19,-10,
20250513,09:40:19,-10,
20250513,09:40:19,-10,
20250513,09:40:19,-10,
20250513,09:40:20,-10,
20250513,09:40:20,-10.1,
20250513,09:40:20,-10.2,
20250513,09:40:21,-10.2,
20250513,09:40:21,-10.3,
20250513,09:40:21,-10.2,
20250513,09:40:21,-10.3,
20250513,09:40:22,-10.3,
20250513,09:40:22,-10.3,
20250513,09:40:22,-10.3,
20250513,09:40:22,-10.2,
20250513,09:40:23,-10.1,
20250513,09:40:23,-9.9,
20250513,09:40:23,-9.5,
20250513,09:40:24,-9.4,
20250513,09:40:24,-9.3,
20250513,09:40:24,-9.3,
20250513,09:40:24,-9.3,
20250513,09:40:25,-9.4,
20250513,09:40:25,-9.5,
20250513,09:40:25,-9.5,
20250513,09:40:26,-9.5,
20250513,09:40:26,-9.6,
20250513,09:40:26,-9.6,
20250513,09:40:26,-9.7,
20250513,09:40:27,-9.7,
20250513,09:40:27,-9.8,
20250513,09:40:27,-9.8,
20250513,09:40:27,-9.8,
20250513,09:40:28,-9.8,
20250513,09:40:28,-9.8,
20250513,09:40:28,-9.8,
20250513,09:40:29,-9.7,
20250513,09:40:29,-9.6,
20250513,09:40:29,-9.6,
20250513,09:40:29,-9.6,
20250513,09:40:30,-9.8,
20250513,09:40:30,-9.8,
20250513,09:40:30,-9.6,
20250513,09:40:30,-9.4,
20250513,09:40:31,-9.3,
20250513,09:40:31,-9.3,
20250513,09:40:31,-9.4,
20250513,09:40:32,-9.4,
20250513,09:40:32,-9.5,
20250513,09:40:32,-10.1,
20250513,09:40:32,-10.7,
20250513,09:40:33,-10.3,
20250513,09:40:33,-9.4,
20250513,09:40:33,-8.9,
20250513,09:40:34,-8.6,
20250513,09:40:34,-8.6,
20250513,09:40:34,-8.7,
20250513,09:40:34,-9,
20250513,09:40:35,-9.3,
20250513,09:40:35,-9.4,
20250513,09:40:35,-9.4,
20250513,09:40:35,-9.3,
20250513,09:40:36,-9.3,
20250513,09:40:36,-9.3,
20250513,09:40:36,-9.3,
20250513,09:40:37,-9.4,
20250513,09:40:37,-9.4,
20250513,09:40:37,-9.5,
20250513,09:40:37,-9.5,
20250513,09:40:38,-9.6,
20250513,09:40:38,-9.4,
20250513,09:40:38,-9.4,
20250513,09:40:38,-9.2,
20250513,09:40:39,-9.2,
20250513,09:40:39,-9.2,
20250513,09:40:39,-9.3,
20250513,09:40:40,-9.4,
20250513,09:40:40,-9.4,
20250513,09:40:40,-9.5,