静息,正性,中性,负性
9:54:39,9:56:42,9:57:49,10:01:51
,,,
CTP266,88:4A:EA:8B:D1:E6,,
,,,
,,,
,,,
,,,
,,,
,,,
20250514,9:47:33,-104.5,
20250514,9:47:33,-111.7,
20250514,9:47:33,-114.5,
20250514,9:47:34,-114.9,
20250514,9:47:34,-115.2,
20250514,9:47:34,-108.4,
20250514,9:47:34,-112.8,
20250514,9:47:35,-105.4,
20250514,9:47:35,-110.5,
20250514,9:47:35,-102.8,
20250514,9:47:36,-107.3,
20250514,9:47:36,-111.1,
20250514,9:47:36,-105.3,
20250514,9:47:36,-109.2,
20250514,9:47:37,-108.4,
20250514,9:47:37,-114.6,
20250514,9:47:37,-113.4,
20250514,9:47:37,-101.8,
20250514,9:47:38,-114.9,
20250514,9:47:38,-88.6,
20250514,9:47:38,-94.6,
20250514,9:47:39,-104.9,
20250514,9:47:39,-108.5,
20250514,9:47:39,-109.9,
20250514,9:47:39,-97.5,
20250514,9:47:40,-107.9,
20250514,9:47:40,-100.7,
20250514,9:47:40,-104.9,
20250514,9:47:41,-94.9,
20250514,9:47:41,-114.8,
20250514,9:47:41,-112.4,
20250514,9:47:41,-114.6,
20250514,9:47:42,-105.5,
20250514,9:47:42,-109.9,
20250514,9:47:42,-105.7,
20250514,9:47:43,-112.3,
20250514,9:47:43,-102.8,
20250514,9:47:43,-108.1,
20250514,9:47:43,-104.3,
20250514,9:47:44,-95.6,
20250514,9:47:44,-103.1,
20250514,9:47:44,-86.9,
20250514,9:47:44,-112.1,
20250514,9:47:45,-114.9,
20250514,9:47:45,-108.7,
20250514,9:47:45,-105.5,
20250514,9:47:46,-107.5,
20250514,9:47:46,-93.7,
20250514,9:47:46,-88.4,
20250514,9:47:46,-104.3,
20250514,9:47:47,-114.6,
20250514,9:47:47,-101.4,
20250514,9:47:47,-108.2,
20250514,9:47:47,-93.6,
20250514,9:47:48,-103.3,
20250514,9:47:48,-89.5,
20250514,9:47:48,-92.7,
20250514,9:47:49,-107.5,
20250514,9:47:49,-107.6,
20250514,9:47:49,-93.9,
20250514,9:47:49,-102.3,
20250514,9:47:50,-94.6,
20250514,9:47:50,-97.4,
20250514,9:47:50,-87.8,
20250514,9:47:51,-104.9,
20250514,9:47:51,-103.1,
20250514,9:47:51,-104.1,
20250514,9:47:51,-107.1,
20250514,9:47:52,-105.8,
20250514,9:47:52,-102,
20250514,9:47:52,-104.5,
20250514,9:47:52,-108.9,
20250514,9:47:53,-81,
20250514,9:47:53,-102.5,
20250514,9:47:53,-104.1,
20250514,9:47:54,-106.2,
20250514,9:47:54,-110.1,
20250514,9:47:54,-112.7,
20250514,9:47:54,-100.6,
20250514,9:47:55,-110.9,
20250514,9:47:55,-104.6,
20250514,9:47:55,-112.2,
20250514,9:47:56,-113.4,
20250514,9:47:56,-114.3,
20250514,9:47:56,-90.6,
20250514,9:47:56,-109.7,
20250514,9:47:57,-109,
20250514,9:47:57,-111.7,
20250514,9:47:57,-106.7,
20250514,9:47:57,-114.7,
20250514,9:47:58,-107.4,
20250514,9:47:58,-114.4,
20250514,9:47:58,-115,
20250514,9:47:59,-103,
20250514,9:47:59,-114.8,
20250514,9:47:59,-105.1,
20250514,9:47:59,-106.2,
20250514,9:48:00,-88.1,
20250514,9:48:00,-103.9,
20250514,9:48:00,-102.7,
20250514,9:48:01,-107.5,
20250514,9:48:01,-106.4,
20250514,9:48:01,-105.9,
20250514,9:48:01,-106.5,
20250514,9:48:02,-106.2,
20250514,9:48:02,-102.1,
20250514,9:48:02,-108.4,
20250514,9:48:02,-90.9,
20250514,9:48:03,-99,
20250514,9:48:03,-115,
20250514,9:48:03,-102.4,
20250514,9:48:04,-96.4,
20250514,9:48:04,-100.4,
20250514,9:48:04,-94.4,
20250514,9:48:04,-103,
20250514,9:48:05,-101.2,
20250514,9:48:05,-84.1,
20250514,9:48:05,-103.3,
20250514,9:48:06,-111.3,
20250514,9:48:06,-107,
20250514,9:48:06,-114.3,
20250514,9:48:06,-82.5,
20250514,9:48:07,-98.9,
20250514,9:48:07,-112.1,
20250514,9:48:07,-104.9,
20250514,9:48:07,-98.9,
20250514,9:48:08,-113.8,
20250514,9:48:08,-106,
20250514,9:48:08,-106.6,
20250514,9:48:09,-105.5,
20250514,9:48:09,-99.1,
20250514,9:48:09,-98.2,
20250514,9:48:09,-88.2,
20250514,9:48:10,-96.3,
20250514,9:48:10,-110.6,
20250514,9:48:10,-99.4,
20250514,9:48:11,-107.5,
20250514,9:48:11,-107.1,
20250514,9:48:11,-88.1,
20250514,9:48:11,-102.7,
20250514,9:48:12,-104.3,
20250514,9:48:12,-107.7,
20250514,9:48:12,-92.1,
20250514,9:48:12,-94.8,
20250514,9:48:13,-97.1,
20250514,9:48:13,-104.1,
20250514,9:48:13,-100.6,
20250514,9:48:14,-100.4,
20250514,9:48:14,-109,
20250514,9:48:14,-110.4,
20250514,9:48:14,-107.5,
20250514,9:48:15,-110.1,
20250514,9:48:15,-104.3,
20250514,9:48:15,-91.4,
20250514,9:48:16,-90.6,
20250514,9:48:16,-103.4,
20250514,9:48:16,-108,
20250514,9:48:16,-94.4,
20250514,9:48:17,-114.3,
20250514,9:48:17,-81.3,
20250514,9:48:17,-112.2,
20250514,9:48:17,-114.9,
20250514,9:48:18,-109.7,
20250514,9:48:18,-111.7,
20250514,9:48:18,-108,
20250514,9:48:19,-110,
20250514,9:48:19,-105.9,
20250514,9:48:19,-101.5,
20250514,9:48:19,-111.4,
20250514,9:48:20,-111.8,
20250514,9:48:20,-110.6,
20250514,9:48:20,-114.9,
20250514,9:48:21,-114.9,
20250514,9:48:21,-114.9,
20250514,9:48:21,-115.1,
20250514,9:48:21,-114.8,
20250514,9:48:22,-104.4,
20250514,9:48:22,-114.9,
20250514,9:48:22,-94.6,
20250514,9:48:22,-114.8,
20250514,9:48:23,-107.9,
20250514,9:48:23,-115,
20250514,9:48:23,-108.5,
20250514,9:48:24,-110.1,
20250514,9:48:24,-114.7,
20250514,9:48:24,-110.9,
20250514,9:48:24,-114.3,
20250514,9:48:25,-114.9,
20250514,9:48:25,-114.8,
20250514,9:48:25,-114.8,
20250514,9:48:26,-114.8,
20250514,9:48:26,-107.5,
20250514,9:48:26,-109.8,
20250514,9:48:26,-114.6,
20250514,9:48:27,-112.6,
20250514,9:48:27,-97.2,
20250514,9:48:27,-102.8,
20250514,9:48:27,-114.9,
20250514,9:48:28,-112.4,
20250514,9:48:28,-109.5,
20250514,9:48:28,-108.9,
20250514,9:48:29,-111.5,
20250514,9:48:29,-109.4,
20250514,9:48:29,-102.2,
20250514,9:48:29,-105.4,
20250514,9:48:30,-110.5,
20250514,9:48:30,-111.4,
20250514,9:48:30,-109,
20250514,9:48:31,-104,
20250514,9:48:31,-113.2,
20250514,9:48:31,-92.6,
20250514,9:48:31,-103,
20250514,9:48:32,-111.7,
20250514,9:48:32,-114.6,
20250514,9:48:32,-108.2,
20250514,9:48:33,-111.1,
20250514,9:48:33,-102.5,
20250514,9:48:33,-106.9,
20250514,9:48:33,-114,
20250514,9:48:34,-108.1,
20250514,9:48:34,-107.9,
20250514,9:48:34,-114.9,
20250514,9:48:34,-114.3,
20250514,9:48:35,-114.7,
20250514,9:48:35,-110.2,
20250514,9:48:35,-107.9,
20250514,9:48:36,-114.4,
20250514,9:48:36,-115,
20250514,9:48:36,-114.9,
20250514,9:48:36,-110.1,
20250514,9:48:37,-107.4,
20250514,9:48:37,-115,
20250514,9:48:37,-109.6,
20250514,9:48:37,-104.1,
20250514,9:48:38,-114.9,
20250514,9:48:38,-115.1,
20250514,9:48:38,-115,
20250514,9:48:39,-109.2,
20250514,9:48:39,-114.3,
20250514,9:48:39,-113.5,
20250514,9:48:39,-114.9,
20250514,9:48:40,-109.8,
20250514,9:48:40,-105,
20250514,9:48:40,-106.3,
20250514,9:48:41,-102.7,
20250514,9:48:41,-114.8,
20250514,9:48:41,-103.9,
20250514,9:48:41,-110.4,
20250514,9:48:42,-113.6,
20250514,9:48:42,-105.8,
20250514,9:48:42,-114.4,
20250514,9:48:43,-98,
20250514,9:48:43,-114.9,
20250514,9:48:43,-103.7,
20250514,9:48:43,-109.5,
20250514,9:48:44,-112,
20250514,9:48:44,-104.9,
20250514,9:48:44,-114.9,
20250514,9:48:44,-103.5,
20250514,9:48:45,-115,
20250514,9:48:45,-113.4,
20250514,9:48:45,-109.5,
20250514,9:48:46,-106.7,
20250514,9:48:46,-111.3,
20250514,9:48:46,-110,
20250514,9:48:46,-103,
20250514,9:48:47,-113.4,
20250514,9:48:47,-113.5,
20250514,9:48:47,-115.1,
20250514,9:48:48,-111.6,
20250514,9:48:48,-96.1,
20250514,9:48:48,-106.3,
20250514,9:48:48,-90.4,
20250514,9:48:49,-110.7,
20250514,9:48:49,-105,
20250514,9:48:49,-105.8,
20250514,9:48:49,-97.7,
20250514,9:48:50,-106.1,
20250514,9:48:50,-113.7,
20250514,9:48:50,-104.2,
20250514,9:48:51,-114.7,
20250514,9:48:51,-115,
20250514,9:48:51,-115,
20250514,9:48:51,-108.3,
20250514,9:48:52,-114.9,
20250514,9:48:52,-110.8,
20250514,9:48:52,-100.8,
20250514,9:48:52,-112.9,
20250514,9:48:53,-115,
20250514,9:48:53,-110.2,
20250514,9:48:53,-102.1,
20250514,9:48:54,-72.6,
20250514,9:48:54,-107.4,
20250514,9:48:54,-114.9,
20250514,9:48:54,-101.3,
20250514,9:48:55,-95.2,
20250514,9:48:55,-114.6,
20250514,9:48:55,-109.5,
20250514,9:48:56,-112.5,
20250514,9:48:56,-109.4,
20250514,9:48:56,-114,
20250514,9:48:56,-93.6,
20250514,9:48:57,-105.4,
20250514,9:48:57,-115.5,
20250514,9:48:57,-108.2,
20250514,9:48:58,-104.4,
20250514,9:48:58,-104.8,
20250514,9:48:58,-101.3,
20250514,9:48:58,-100.5,
20250514,9:48:59,-99.7,
20250514,9:48:59,-108.1,
20250514,9:48:59,-114.7,
20250514,9:48:59,-104.3,
20250514,9:49:00,-109.7,
20250514,9:49:00,-102.9,
20250514,9:49:00,-106.5,
20250514,9:49:01,-102.8,
20250514,9:49:01,-104.1,
20250514,9:49:01,-103.5,
20250514,9:49:01,-103.3,
20250514,9:49:02,-104.9,
20250514,9:49:02,-110.3,
20250514,9:49:02,-97.4,
20250514,9:49:03,-98.7,
20250514,9:49:03,-113.8,
20250514,9:49:03,-112.7,
20250514,9:49:03,-110.2,
20250514,9:49:04,-110.1,
20250514,9:49:04,-106.6,
20250514,9:49:04,-107.8,
20250514,9:49:04,-109.8,
20250514,9:49:05,-111.3,
20250514,9:49:05,-99.5,
20250514,9:49:05,-94.8,
20250514,9:49:06,-112.9,
20250514,9:49:06,-108.1,
20250514,9:49:06,-113.5,
20250514,9:49:06,-104.1,
20250514,9:49:07,-102.4,
20250514,9:49:07,-89.3,
20250514,9:49:07,-103.5,
20250514,9:49:08,-106.5,
20250514,9:49:08,-102.1,
20250514,9:49:08,-95.2,
20250514,9:49:08,-112.1,
20250514,9:49:09,-104.1,
20250514,9:49:09,-110.8,
20250514,9:49:09,-110.1,
20250514,9:49:09,-100.5,
20250514,9:49:10,-92.2,
20250514,9:49:10,-105.5,
20250514,9:49:10,-102.8,
20250514,9:49:11,-110.9,
20250514,9:49:11,-107.8,
20250514,9:49:11,-84.5,
20250514,9:49:11,-103,
20250514,9:49:12,-107.9,
20250514,9:49:12,-105.3,
20250514,9:49:12,-109.2,
20250514,9:49:13,-103.8,
20250514,9:49:13,-95.6,
20250514,9:49:13,-99.1,
20250514,9:49:13,-113.7,
20250514,9:49:14,-101.7,
20250514,9:49:14,-104.4,
20250514,9:49:14,-100.3,
20250514,9:49:14,-112.7,
20250514,9:49:15,-105.8,
20250514,9:49:15,-104.7,
20250514,9:49:15,-101.5,
20250514,9:49:16,-114.6,
20250514,9:49:16,-110.2,
20250514,9:49:16,-111.7,
20250514,9:49:16,-105.9,
20250514,9:49:17,-103.9,
20250514,9:49:17,-108.3,
20250514,9:49:17,-114.8,
20250514,9:49:18,-114.5,
20250514,9:49:18,-105,
20250514,9:49:18,-101,
20250514,9:49:18,-104.3,
20250514,9:49:19,-114.9,
20250514,9:49:19,-102.3,
20250514,9:49:19,-104.1,
20250514,9:49:19,-94.4,
20250514,9:49:20,-87.3,
20250514,9:49:20,-98.1,
20250514,9:49:20,-114.6,
20250514,9:49:21,-92,
20250514,9:49:21,-108,
20250514,9:49:21,-100.1,
20250514,9:49:21,-101.9,
20250514,9:49:22,-89.7,
20250514,9:49:22,-98.4,
20250514,9:49:22,-101.1,
20250514,9:49:23,-101.1,
20250514,9:49:23,-115.1,
20250514,9:49:23,-104.1,
20250514,9:49:23,-107,
20250514,9:49:24,-96.4,
20250514,9:49:24,-106.1,
20250514,9:49:24,-109.8,
20250514,9:49:24,-109,
20250514,9:49:25,-97.6,
20250514,9:49:25,-109,
20250514,9:49:25,-97.5,
20250514,9:49:26,-96.1,
20250514,9:49:26,-102.4,
20250514,9:49:26,-95.8,
20250514,9:49:26,-99.4,
20250514,9:49:27,-96.4,
20250514,9:49:27,-99.2,
20250514,9:49:27,-98.4,
20250514,9:49:28,-104,
20250514,9:49:28,-113.2,
20250514,9:49:28,-99.9,
20250514,9:49:28,-105.4,
20250514,9:49:29,-84.3,
20250514,9:49:29,-93.6,
20250514,9:49:29,-102.1,
20250514,9:49:29,-94,
20250514,9:49:30,-102.3,
20250514,9:49:30,-106.2,
20250514,9:49:30,-84,
20250514,9:49:31,-115,
20250514,9:49:31,-99.4,
20250514,9:49:31,-101.9,
20250514,9:49:31,-100.3,
20250514,9:49:32,-114.2,
20250514,9:49:32,-100,
20250514,9:49:32,-96.4,
20250514,9:49:33,-101.2,
20250514,9:49:33,-94.4,
20250514,9:49:33,-101.7,
20250514,9:49:33,-91.2,
20250514,9:49:34,-113.2,
20250514,9:49:34,-99.5,
20250514,9:49:34,-107,
20250514,9:49:35,-96.7,
20250514,9:49:35,-99.6,
20250514,9:49:35,-71.9,
20250514,9:49:35,-84.3,
20250514,9:49:36,-99.5,
20250514,9:49:36,-87.9,
20250514,9:49:36,-95.7,
20250514,9:49:36,-99,
20250514,9:49:37,-98.2,
20250514,9:49:37,-109.2,
20250514,9:49:37,-102.4,
20250514,9:49:38,-97.6,
20250514,9:49:38,-111.2,
20250514,9:49:38,-102.7,
20250514,9:49:38,-115.1,
20250514,9:49:39,-105.4,
20250514,9:49:39,-115,
20250514,9:49:39,-105.3,
20250514,9:49:39,-106.8,
20250514,9:49:40,-107.7,
20250514,9:49:40,-92.9,
20250514,9:49:40,-113.5,
20250514,9:49:41,-95,
20250514,9:49:41,-95.9,
20250514,9:49:41,-115.1,
20250514,9:49:41,-107.8,
20250514,9:49:42,-89.6,
20250514,9:49:42,-98.7,
20250514,9:49:42,-106.8,
20250514,9:49:43,-100.3,
20250514,9:49:43,-94.5,
20250514,9:49:43,-93.1,
20250514,9:49:43,-82,
20250514,9:49:44,-94.7,
20250514,9:49:44,-97.3,
20250514,9:49:44,-107.6,
20250514,9:49:44,-95.5,
20250514,9:49:45,-104.9,
20250514,9:49:45,-93,
20250514,9:49:45,-97.6,
20250514,9:49:46,-115.2,
20250514,9:49:46,-91,
20250514,9:49:46,-81.9,
20250514,9:49:46,-105.9,
20250514,9:49:47,-97.8,
20250514,9:49:47,-99.8,
20250514,9:49:47,-97.1,
20250514,9:49:48,-84.9,
20250514,9:49:48,-104,
20250514,9:49:48,-113.7,
20250514,9:49:48,-99.6,
20250514,9:49:49,-110.5,
20250514,9:49:49,-95.5,
20250514,9:49:49,-112.6,
20250514,9:49:49,-110,
20250514,9:49:50,-72,
20250514,9:49:50,-109.7,
20250514,9:49:50,-90.5,
20250514,9:49:51,-114.8,
20250514,9:49:51,-106.4,
20250514,9:49:51,-102.1,
20250514,9:49:51,-93,
20250514,9:49:52,-97.6,
20250514,9:49:52,-90,
20250514,9:49:52,-103.3,
20250514,9:49:53,-103.4,
20250514,9:49:53,-107.1,
20250514,9:49:53,-114.7,
20250514,9:49:53,-97,
20250514,9:49:54,-98.7,
20250514,9:49:54,-97.4,
20250514,9:49:54,-87.9,
20250514,9:49:54,-103.5,
20250514,9:49:55,-94.4,
20250514,9:49:55,-101.6,
20250514,9:49:55,-110,
20250514,9:49:56,-85.3,
20250514,9:49:56,-105.9,
20250514,9:49:56,-97.5,
20250514,9:49:56,-88.9,
20250514,9:49:57,-95.9,
20250514,9:49:57,-106.4,
20250514,9:49:57,-106.3,
20250514,9:49:58,-96.4,
20250514,9:49:58,-78.6,
20250514,9:49:58,-97.6,
20250514,9:49:58,-107.6,
20250514,9:49:59,-110.4,
20250514,9:49:59,-97.1,
20250514,9:49:59,-101.4,
20250514,9:49:59,-98.2,
20250514,9:50:00,-101.1,
20250514,9:50:00,-97.2,
20250514,9:50:00,-102.1,
20250514,9:50:01,-114.8,
20250514,9:50:01,-98.8,
20250514,9:50:01,-91,
20250514,9:50:01,-94.4,
20250514,9:50:02,-104.8,
20250514,9:50:02,-106.3,
20250514,9:50:02,-98.9,
20250514,9:50:03,-101.4,
20250514,9:50:03,-100.6,
20250514,9:50:03,-97.4,
20250514,9:50:03,-108.3,
20250514,9:50:04,-99.7,
20250514,9:50:04,-105.6,
20250514,9:50:04,-97.6,
20250514,9:50:04,-96.8,
20250514,9:50:05,-100.8,
20250514,9:50:05,-104.7,
20250514,9:50:05,-112,
20250514,9:50:06,-107.1,
20250514,9:50:06,-88.7,
20250514,9:50:06,-92.1,
20250514,9:50:06,-107.8,
20250514,9:50:07,-106.6,
20250514,9:50:07,-95.4,
20250514,9:50:07,-97.6,
20250514,9:50:08,-104.4,
20250514,9:50:08,-94.7,
20250514,9:50:08,-94.6,
20250514,9:50:08,-85.8,
20250514,9:50:09,-93.9,
20250514,9:50:09,-109.5,
20250514,9:50:09,-94.9,
20250514,9:50:09,-85.3,
20250514,9:50:10,-103,
20250514,9:50:10,-101.1,
20250514,9:50:10,-102.2,
20250514,9:50:11,-90.4,
20250514,9:50:11,-81.1,
20250514,9:50:11,-93,
20250514,9:50:11,-93.4,
20250514,9:50:12,-102.2,
20250514,9:50:12,-103.9,
20250514,9:50:12,-102.5,
20250514,9:50:13,-95.9,
20250514,9:50:13,-103.2,
20250514,9:50:13,-88.9,
20250514,9:50:13,-102.9,
20250514,9:50:14,-89.2,
20250514,9:50:14,-91.6,
20250514,9:50:14,-88,
20250514,9:50:14,-98.9,
20250514,9:50:15,-109.8,
20250514,9:50:15,-96.2,
20250514,9:50:15,-87.4,
20250514,9:50:16,-100.3,
20250514,9:50:16,-104.1,
20250514,9:50:16,-103.1,
20250514,9:50:16,-103.8,
20250514,9:50:17,-98.2,
20250514,9:50:17,-70.2,
20250514,9:50:17,-105.9,
20250514,9:50:18,-84.7,
20250514,9:50:18,-100.4,
20250514,9:50:18,-104.5,
20250514,9:50:18,-105.4,
20250514,9:50:19,-94.7,
20250514,9:50:19,-95.7,
20250514,9:50:19,-103.2,
20250514,9:50:19,-103.9,
20250514,9:50:20,-103.8,
20250514,9:50:20,-115.1,
20250514,9:50:20,-112.8,
20250514,9:50:21,-114.1,
20250514,9:50:21,-111.7,
20250514,9:50:21,-107.6,
20250514,9:50:21,-111.9,
20250514,9:50:22,-114.8,
20250514,9:50:22,-109.5,
20250514,9:50:22,-101.6,
20250514,9:50:22,-100.8,
20250514,9:50:23,-109,
20250514,9:50:23,-110,
20250514,9:50:23,-105.9,
20250514,9:50:24,-105.8,
20250514,9:50:24,-96.7,
20250514,9:50:24,-103.7,
20250514,9:50:24,-100.6,
20250514,9:50:25,-100,
20250514,9:50:25,-94.5,
20250514,9:50:25,-110,
20250514,9:50:26,-89.1,
20250514,9:50:26,-108.2,
20250514,9:50:26,-115.2,
20250514,9:50:26,-102.2,
20250514,9:50:27,-105.5,
20250514,9:50:27,-112.6,
20250514,9:50:27,-106.7,
20250514,9:50:28,-95.9,
20250514,9:50:28,-97.1,
20250514,9:50:28,-79.2,
20250514,9:50:28,-54.4,
20250514,9:50:29,-86.8,
20250514,9:50:29,-103,
20250514,9:50:29,-107.7,
20250514,9:50:29,-104.6,
20250514,9:50:30,-85.4,
20250514,9:50:30,-53.1,
20250514,9:50:30,-110.3,
20250514,9:50:31,-96.6,
20250514,9:50:31,-90.4,
20250514,9:50:31,-92.3,
20250514,9:50:31,-109.5,
20250514,9:50:32,-92.1,
20250514,9:50:32,-109.2,
20250514,9:50:32,-112,
20250514,9:50:32,-100.6,
20250514,9:50:33,-102,
20250514,9:50:33,-107.5,
20250514,9:50:33,-114.9,
20250514,9:50:34,-109.5,
20250514,9:50:34,-95.7,
20250514,9:50:34,-114.8,
20250514,9:50:34,-115,
20250514,9:50:35,-115.2,
20250514,9:50:35,-115,
20250514,9:50:35,-114.7,
20250514,9:50:36,-115,
20250514,9:50:36,-115,
20250514,9:50:36,-115,
20250514,9:50:36,-114.9,
20250514,9:50:37,-115.1,
20250514,9:50:37,-115,
20250514,9:50:37,-115,
20250514,9:50:38,-114.9,
20250514,9:50:38,-115,
20250514,9:50:38,-115,
20250514,9:50:38,-114.9,
20250514,9:50:39,-115,
20250514,9:50:39,-115.2,
20250514,9:50:39,-84.5,
20250514,9:50:39,-106.5,
20250514,9:50:40,-102.4,
20250514,9:50:40,-97.3,
20250514,9:50:40,-107.1,
20250514,9:50:41,-109.8,
20250514,9:50:41,-110.7,
20250514,9:50:41,-103.9,
20250514,9:50:41,-106.1,
20250514,9:50:42,-105,
20250514,9:50:42,-96.8,
20250514,9:50:42,-58.7,
20250514,9:50:43,-101.6,
20250514,9:50:43,-98.1,
20250514,9:50:43,-93.6,
20250514,9:50:43,-109.6,
20250514,9:50:44,-95.1,
20250514,9:50:44,-114.1,
20250514,9:50:44,-104.4,
20250514,9:50:44,-100.7,
20250514,9:50:45,-101.9,
20250514,9:50:45,-106.6,
20250514,9:50:45,-114.3,
20250514,9:50:46,-104.4,
20250514,9:50:46,-107,
20250514,9:50:46,-103.5,
20250514,9:50:46,-106.4,
20250514,9:50:47,-111.3,
20250514,9:50:47,-108.5,
20250514,9:50:47,-98,
20250514,9:50:48,-109.8,
20250514,9:50:48,-97.2,
20250514,9:50:48,-112.7,
20250514,9:50:48,-108.9,
20250514,9:50:49,-89.2,
20250514,9:50:49,-107.5,
20250514,9:50:49,-90.8,
20250514,9:50:49,-95,
20250514,9:50:50,-87.2,
20250514,9:50:50,-107.1,
20250514,9:50:50,-115.2,
20250514,9:50:51,-113.9,
20250514,9:50:51,-111.8,
20250514,9:50:51,-104.5,
20250514,9:50:51,-109.1,
20250514,9:50:52,-114.7,
20250514,9:50:52,-97.8,
20250514,9:50:52,-94.2,
20250514,9:50:53,-115.1,
20250514,9:50:53,-103.9,
20250514,9:50:53,-100.3,
20250514,9:50:53,-103.2,
20250514,9:50:54,-93.4,
20250514,9:50:54,-112.1,
20250514,9:50:54,-96.3,
20250514,9:50:54,-90.6,
20250514,9:50:55,-100.2,
20250514,9:50:55,-110,
20250514,9:50:55,-108,
20250514,9:50:56,-115.2,
20250514,9:50:56,-104.3,
20250514,9:50:56,-102.7,
20250514,9:50:56,-110,
20250514,9:50:57,-87.8,
20250514,9:50:57,-110,
20250514,9:50:57,-103.9,
20250514,9:50:57,-102.8,
20250514,9:50:58,-103.7,
20250514,9:50:58,-111.9,
20250514,9:50:58,-103,
20250514,9:50:59,-93.8,
20250514,9:50:59,-115.2,
20250514,9:50:59,-107.4,
20250514,9:50:59,-115.1,
20250514,9:51:00,-111.7,
20250514,9:51:00,-98.5,
20250514,9:51:00,-99.2,
20250514,9:51:01,-102.8,
20250514,9:51:01,-115.2,
20250514,9:51:01,-109,
20250514,9:51:01,-109.7,
20250514,9:51:02,-104.9,
20250514,9:51:02,-90.9,
20250514,9:51:02,-106.8,
20250514,9:51:03,-110.3,
20250514,9:51:03,-105.2,
20250514,9:51:03,-104.7,
20250514,9:51:03,-110.6,
20250514,9:51:04,-100.4,
20250514,9:51:04,-91.9,
20250514,9:51:04,-100.4,
20250514,9:51:04,-105.4,
20250514,9:51:05,-104.9,
20250514,9:51:05,-105.4,
20250514,9:51:05,-105.3,
20250514,9:51:06,-110,
20250514,9:51:06,-105.7,
20250514,9:51:06,-113.8,
20250514,9:51:06,-114.6,
20250514,9:51:07,-93.3,
20250514,9:51:07,-107.3,
20250514,9:51:07,-114.8,
20250514,9:51:08,-91.3,
20250514,9:51:08,-110.2,
20250514,9:51:08,-84.6,
20250514,9:51:08,-104.9,
20250514,9:51:09,-64.7,
20250514,9:51:09,-69,
20250514,9:51:09,-78.4,
20250514,9:51:09,-88.3,
20250514,9:51:10,-87.9,
20250514,9:51:10,-71.1,
20250514,9:51:10,-84.7,
20250514,9:51:11,-58.6,
20250514,9:51:11,-99,
20250514,9:51:11,-107.3,
20250514,9:51:11,-115,
20250514,9:51:12,-85.3,
20250514,9:51:12,-114.9,
20250514,9:51:12,-107.5,
20250514,9:51:13,-98.8,
20250514,9:51:13,-114.6,
20250514,9:51:13,-106,
20250514,9:51:13,-115,
20250514,9:51:14,-115,
20250514,9:51:14,-115,
20250514,9:51:14,-115,
20250514,9:51:14,-115,
20250514,9:51:15,-115,
20250514,9:51:15,-115,
20250514,9:51:15,-115,
20250514,9:51:16,-115,
20250514,9:51:16,-115,
20250514,9:51:16,-115,
20250514,9:51:16,-115,
20250514,9:51:17,-115,
20250514,9:51:17,-115,
20250514,9:51:17,-115,
20250514,9:51:18,-115,
20250514,9:51:18,-115,
20250514,9:51:18,-115,
20250514,9:51:18,-115,
20250514,9:51:19,-115,
20250514,9:51:19,-115,
20250514,9:51:19,-115,
20250514,9:51:19,-115,
20250514,9:51:20,-115,
20250514,9:51:20,-115,
20250514,9:51:20,-115,
20250514,9:51:21,-115,
20250514,9:51:21,-115,
20250514,9:51:21,-115,
20250514,9:51:21,-112.9,
20250514,9:51:22,-115,
20250514,9:51:22,-106.8,
20250514,9:51:22,-115,
20250514,9:51:23,-115,
20250514,9:51:23,-115,
20250514,9:51:23,-115,
20250514,9:51:23,-115,
20250514,9:51:24,-115,
20250514,9:51:24,-115,
20250514,9:51:24,-115,
20250514,9:51:24,-115,
20250514,9:51:25,-115,
20250514,9:51:25,-115,
20250514,9:51:25,-115,
20250514,9:51:26,-115,
20250514,9:51:26,-115,
20250514,9:51:26,-115,
20250514,9:51:26,-115,
20250514,9:51:27,-115,
20250514,9:51:27,-115,
20250514,9:51:27,-111.3,
20250514,9:51:28,-115.1,
20250514,9:51:28,-111.4,
20250514,9:51:28,-107.5,
20250514,9:51:28,-114.6,
20250514,9:51:29,-113.5,
20250514,9:51:29,-115.2,
20250514,9:51:29,-109.9,
20250514,9:51:29,-114.8,
20250514,9:51:30,-102.5,
20250514,9:51:30,-112.6,
20250514,9:51:30,-115,
20250514,9:51:31,-113.7,
20250514,9:51:31,-115,
20250514,9:51:31,-115.1,
20250514,9:51:31,-115,
20250514,9:51:32,-115,
20250514,9:51:32,-115,
20250514,9:51:32,-115,
20250514,9:51:33,-115,
20250514,9:51:33,-115,
20250514,9:51:33,-114.8,
20250514,9:51:33,-90.6,
20250514,9:51:34,-114.8,
20250514,9:51:34,-115.1,
20250514,9:51:34,-106.6,
20250514,9:51:34,-106.6,
20250514,9:51:35,-115.1,
20250514,9:51:35,-114.8,
20250514,9:51:35,-106.5,
20250514,9:51:36,-110.1,
20250514,9:51:36,-115.1,
20250514,9:51:36,-114.7,
20250514,9:51:36,-112.5,
20250514,9:51:37,-115.1,
20250514,9:51:37,-108.5,
20250514,9:51:37,-109.1,
20250514,9:51:38,-104.5,
20250514,9:51:38,-99.3,
20250514,9:51:38,-108.7,
20250514,9:51:38,-104.4,
20250514,9:51:39,-110.9,
20250514,9:51:39,-110.3,
20250514,9:51:39,-114.3,
20250514,9:51:39,-113.8,
20250514,9:51:40,-114.7,
20250514,9:51:40,-109.3,
20250514,9:51:40,-115.1,
20250514,9:51:41,-107.2,
20250514,9:51:41,-112.6,
20250514,9:51:41,-110,
20250514,9:51:41,-112.7,
20250514,9:51:42,-115.1,
20250514,9:51:42,-114.9,
20250514,9:51:42,-114.9,
20250514,9:51:43,-112.1,
20250514,9:51:43,-115,
20250514,9:51:43,-113.9,
20250514,9:51:43,-105.3,
20250514,9:51:44,-110.1,
20250514,9:51:44,-115.5,
20250514,9:51:44,-110.8,
20250514,9:51:44,-110.9,
20250514,9:51:45,-112.7,
20250514,9:51:45,-115.3,
20250514,9:51:45,-109.8,
20250514,9:51:46,-103.2,
20250514,9:51:46,-106.4,
20250514,9:51:46,-105.9,
20250514,9:51:46,-107.4,
20250514,9:51:47,-106.2,
20250514,9:51:47,-104.9,
20250514,9:51:47,-113.2,
20250514,9:51:48,-86.6,
20250514,9:51:48,-99.7,
20250514,9:51:48,-100.1,
20250514,9:51:48,-109.1,
20250514,9:51:49,-100.7,
20250514,9:51:49,-108,
20250514,9:51:49,-98.5,
20250514,9:51:50,-104,
20250514,9:51:50,-103.9,
20250514,9:51:50,-107.8,
20250514,9:51:50,-113.4,
20250514,9:51:51,-102.3,
20250514,9:51:51,-89.3,
20250514,9:51:51,-115.6,
20250514,9:51:51,-109.6,
20250514,9:51:52,-103.9,
20250514,9:51:52,-101.5,
20250514,9:51:52,-101.3,
20250514,9:51:53,-104.9,
20250514,9:51:53,-102.3,
20250514,9:51:53,-114.6,
20250514,9:51:53,-112.3,
20250514,9:51:54,-104.5,
20250514,9:51:54,-109.2,
20250514,9:51:54,-109.2,
20250514,9:51:54,-100.8,
20250514,9:51:55,-101,
20250514,9:51:55,-109.7,
20250514,9:51:55,-103.3,
20250514,9:51:56,-102.2,
20250514,9:51:56,-98.9,
20250514,9:51:56,-101.8,
20250514,9:51:56,-86.7,
20250514,9:51:57,-88.9,
20250514,9:51:57,-57.9,
20250514,9:51:57,-76.8,
20250514,9:51:58,-81.2,
20250514,9:51:58,-83.9,
20250514,9:51:58,-90.3,
20250514,9:51:58,-74.2,
20250514,9:51:59,-101.7,
20250514,9:51:59,-91.3,
20250514,9:51:59,-80.7,
20250514,9:52:00,-88.3,
20250514,9:52:00,-74.8,
20250514,9:52:00,-99.2,
20250514,9:52:00,-95.3,
20250514,9:52:01,-91.7,
20250514,9:52:01,-94,
20250514,9:52:01,-102.6,
20250514,9:52:01,-76.3,
20250514,9:52:02,-105.8,
20250514,9:52:02,-97.2,
20250514,9:52:02,-99.8,
20250514,9:52:03,-115,
20250514,9:52:03,-115,
20250514,9:52:03,-115,
20250514,9:52:03,-115,
20250514,9:52:04,-115,
20250514,9:52:04,-115,
20250514,9:52:04,-115,
20250514,9:52:04,-115,
20250514,9:52:05,-115,
20250514,9:52:05,-115,
20250514,9:52:05,-115,
20250514,9:52:06,-115,
20250514,9:52:06,-115.1,
20250514,9:52:06,-115,
20250514,9:52:06,-115,
20250514,9:52:07,-115,
20250514,9:52:07,-115,
20250514,9:52:07,-115,
20250514,9:52:08,-115.1,
20250514,9:52:08,-115.1,
20250514,9:52:08,-115.1,
20250514,9:52:08,-115,
20250514,9:52:09,-115,
20250514,9:52:09,-115,
20250514,9:52:09,-115,
20250514,9:52:09,-115,
20250514,9:52:10,-115,
20250514,9:52:10,-115,
20250514,9:52:10,-115,
20250514,9:52:11,-115,
20250514,9:52:11,-115,
20250514,9:52:11,-115,
20250514,9:52:11,-115,
20250514,9:52:12,-115,
20250514,9:52:12,-115,
20250514,9:52:12,-115,
20250514,9:52:13,-115,
20250514,9:52:13,-115,
20250514,9:52:13,-114.9,
20250514,9:52:13,-115.1,
20250514,9:52:14,-115.1,
20250514,9:52:14,-111.9,
20250514,9:52:14,-110.2,
20250514,9:52:15,-110.8,
20250514,9:52:15,-112,
20250514,9:52:15,-111.6,
20250514,9:52:15,-100.1,
20250514,9:52:16,-114.7,
20250514,9:52:16,-110.5,
20250514,9:52:16,-106,
20250514,9:52:16,-104.6,
20250514,9:52:17,-102.4,
20250514,9:52:17,-70.1,
20250514,9:52:17,-110.6,
20250514,9:52:18,-115.1,
20250514,9:52:18,-107.2,
20250514,9:52:18,-102.5,
20250514,9:52:18,-115.2,
20250514,9:52:19,-94.1,
20250514,9:52:19,-110.6,
20250514,9:52:19,-111.4,
20250514,9:52:19,-115.1,
20250514,9:52:20,-109,
20250514,9:52:20,-109.1,
20250514,9:52:20,-101.2,
20250514,9:52:21,-91.2,
20250514,9:52:21,-87.1,
20250514,9:52:21,-88.2,
20250514,9:52:21,-86.2,
20250514,9:52:22,-93,
20250514,9:52:22,-97.2,
20250514,9:52:22,-92.1,
20250514,9:52:23,-115.2,
20250514,9:52:23,-115,
20250514,9:52:23,-109.5,
20250514,9:52:23,-107.7,
20250514,9:52:24,-115,
20250514,9:52:24,-115,
20250514,9:52:24,-115,
20250514,9:52:25,-115,
20250514,9:52:25,-97.4,
20250514,9:52:25,-115.2,
20250514,9:52:25,-112.7,
20250514,9:52:26,-112.6,
20250514,9:52:26,-103.3,
20250514,9:52:26,-114.8,
20250514,9:52:26,-97.5,
20250514,9:52:27,-112.9,
20250514,9:52:27,-100.1,
20250514,9:52:27,-108.8,
20250514,9:52:28,-92.4,
20250514,9:52:28,-98.5,
20250514,9:52:28,-106.1,
20250514,9:52:28,-104.9,
20250514,9:52:29,-90.7,
20250514,9:52:29,-109.2,
20250514,9:52:29,-96.9,
20250514,9:52:29,-105.7,
20250514,9:52:30,-115,
20250514,9:52:30,-115,
20250514,9:52:30,-115,
20250514,9:52:31,-115,
20250514,9:52:31,-115,
20250514,9:52:31,-115.1,
20250514,9:52:31,-115.1,
20250514,9:52:32,-115,
20250514,9:52:32,-115,
20250514,9:52:32,-115.1,
20250514,9:52:33,-115,
20250514,9:52:33,-115,
20250514,9:52:33,-115.1,
20250514,9:52:33,-115.1,
20250514,9:52:34,-115,
20250514,9:52:34,-115.1,
20250514,9:52:34,-115,
20250514,9:52:35,-115,
20250514,9:52:35,-115,
20250514,9:52:35,-115,
20250514,9:52:35,-115.1,
20250514,9:52:36,-115,
20250514,9:52:36,-115,
20250514,9:52:36,-115,
20250514,9:52:36,-115,
20250514,9:52:37,-115.1,
20250514,9:52:37,-115,
20250514,9:52:37,-115,
20250514,9:52:38,-115,
20250514,9:52:38,-115,
20250514,9:52:38,-115,
20250514,9:52:38,-115,
20250514,9:52:39,-115,
20250514,9:52:39,-115,
20250514,9:52:39,-115.2,
20250514,9:52:40,-115,
20250514,9:52:40,-110.8,
20250514,9:52:40,-111,
20250514,9:52:40,-101.9,
20250514,9:52:41,-110.8,
20250514,9:52:41,-113.8,
20250514,9:52:41,-115.1,
20250514,9:52:41,-108.1,
20250514,9:52:42,-105.6,
20250514,9:52:42,-114.6,
20250514,9:52:42,-115.2,
20250514,9:52:43,-105.8,
20250514,9:52:43,-114.8,
20250514,9:52:43,-108.3,
20250514,9:52:43,-115.1,
20250514,9:52:44,-104.5,
20250514,9:52:44,-115,
20250514,9:52:44,-107,
20250514,9:52:45,-94,
20250514,9:52:45,-106.1,
20250514,9:52:45,-104.5,
20250514,9:52:45,-114.5,
20250514,9:52:46,-110.2,
20250514,9:52:46,-107.7,
20250514,9:52:46,-104.9,
20250514,9:52:46,-94.4,
20250514,9:52:47,-107.5,
20250514,9:52:47,-103.3,
20250514,9:52:47,-113.5,
20250514,9:52:48,-99.7,
20250514,9:52:48,-113.2,
20250514,9:52:48,-113.1,
20250514,9:52:48,-106.6,
20250514,9:52:49,-115.2,
20250514,9:52:49,-109.3,
20250514,9:52:49,-100.5,
20250514,9:52:50,-94.3,
20250514,9:52:50,-114,
20250514,9:52:50,-100.2,
20250514,9:52:50,-110.5,
20250514,9:52:51,-103.1,
20250514,9:52:51,-113.1,
20250514,9:52:51,-115.2,
20250514,9:52:51,-93.8,
20250514,9:52:52,-108,
20250514,9:52:52,-115.2,
20250514,9:52:52,-103.2,
20250514,9:52:53,-107.5,
20250514,9:52:53,-103.7,
20250514,9:52:53,-106.1,
20250514,9:52:53,-100.9,
20250514,9:52:54,-112.4,
20250514,9:52:54,-99.1,
20250514,9:52:54,-115.2,
20250514,9:52:55,-97.3,
20250514,9:52:55,-99.3,
20250514,9:52:55,-103.2,
20250514,9:52:55,-103.3,
20250514,9:52:56,-104.3,
20250514,9:52:56,-94.5,
20250514,9:52:56,-114.6,
20250514,9:52:56,-102.7,
20250514,9:52:57,-98.9,
20250514,9:52:57,-91.8,
20250514,9:52:57,-100.8,
20250514,9:52:58,-93,
20250514,9:52:58,-115,
20250514,9:52:58,-91.2,
20250514,9:52:58,-114.1,
20250514,9:52:59,-106.5,
20250514,9:52:59,-85.8,
20250514,9:52:59,-106.9,
20250514,9:53:00,-110.1,
20250514,9:53:00,-89.5,
20250514,9:53:00,-102.9,
20250514,9:53:00,-104.9,
20250514,9:53:01,-77.2,
20250514,9:53:01,-75,
20250514,9:53:01,-74.1,
20250514,9:53:01,-93.7,
20250514,9:53:02,-20.9,
20250514,9:53:02,-59.6,
20250514,9:53:02,-71.7,
20250514,9:53:03,-57.9,
20250514,9:53:03,-75.3,
20250514,9:53:03,-75.7,
20250514,9:53:03,-72,
20250514,9:53:04,-78.6,
20250514,9:53:04,-74.7,
20250514,9:53:04,-87.1,
20250514,9:53:05,-85.6,
20250514,9:53:05,-90.3,
20250514,9:53:05,-87.2,
20250514,9:53:05,-88,
20250514,9:53:06,-115.2,
20250514,9:53:06,-85.3,
20250514,9:53:06,-86.3,
20250514,9:53:06,-99,
20250514,9:53:07,-94.7,
20250514,9:53:07,-72.3,
20250514,9:53:07,-79.6,
20250514,9:53:08,-87.6,
20250514,9:53:08,-56.4,
20250514,9:53:08,-76.8,
20250514,9:53:08,-79.7,
20250514,9:53:09,-87,
20250514,9:53:09,-88,
20250514,9:53:09,-102.4,
20250514,9:53:10,-103.9,
20250514,9:53:10,-93.3,
20250514,9:53:10,-78.3,
20250514,9:53:10,-104.7,
20250514,9:53:11,-113.2,
20250514,9:53:11,-90.5,
20250514,9:53:11,-92.1,
20250514,9:53:11,-93.3,
20250514,9:53:12,-43.7,
20250514,9:53:12,-101.1,
20250514,9:53:12,-101.2,
20250514,9:53:13,-90.6,
20250514,9:53:13,-76.8,
20250514,9:53:13,-72.4,
20250514,9:53:13,-93.8,
20250514,9:53:14,-102.5,
20250514,9:53:14,-89.3,
20250514,9:53:14,-99.1,
20250514,9:53:14,-89.8,
20250514,9:53:15,-95,
20250514,9:53:15,-95.4,
20250514,9:53:15,-95.5,
20250514,9:53:16,-115.2,
20250514,9:53:16,-97,
20250514,9:53:16,-106.2,
20250514,9:53:16,-110.2,
20250514,9:53:17,-83.5,
20250514,9:53:17,-104,
20250514,9:53:17,-97.5,
20250514,9:53:18,-92.3,
20250514,9:53:18,-81.7,
20250514,9:53:18,-99.5,
20250514,9:53:18,-94.8,
20250514,9:53:19,-101.2,
20250514,9:53:19,-93.4,
20250514,9:53:19,-92.5,
20250514,9:53:20,-83.2,
20250514,9:53:20,-114.3,
20250514,9:53:20,-83.9,
20250514,9:53:20,-95.9,
20250514,9:53:21,-81.5,
20250514,9:53:21,-64.5,
20250514,9:53:21,-88.8,
20250514,9:53:21,-63.5,
20250514,9:53:22,-93,
20250514,9:53:22,-89.8,
20250514,9:53:22,-95.5,
20250514,9:53:23,-67.5,
20250514,9:53:23,-72.5,
20250514,9:53:23,-98.9,
20250514,9:53:23,-69.9,
20250514,9:53:24,-82.1,
20250514,9:53:24,-70.4,
20250514,9:53:24,-83.9,
20250514,9:53:24,-86.7,
20250514,9:53:25,-74.7,
20250514,9:53:25,-94.6,
20250514,9:53:25,-84.3,
20250514,9:53:26,-73,
20250514,9:53:26,-68.7,
20250514,9:53:26,-80.1,
20250514,9:53:26,-80.6,
20250514,9:53:27,-91.2,
20250514,9:53:27,-93.3,
20250514,9:53:27,-104.3,
20250514,9:53:28,-115.3,
20250514,9:53:28,-94.2,
20250514,9:53:28,-103.6,
20250514,9:53:28,-87.5,
20250514,9:53:29,-99.9,
20250514,9:53:29,-100.2,
20250514,9:53:29,-102,
20250514,9:53:29,-90.3,
20250514,9:53:30,-92.7,
20250514,9:53:30,-96.3,
20250514,9:53:30,-96.2,
20250514,9:53:31,-76.2,
20250514,9:53:31,-101.9,
20250514,9:53:31,-108.5,
20250514,9:53:31,-101.6,
20250514,9:53:32,-96.4,
20250514,9:53:32,-69.6,
20250514,9:53:32,-78.8,
20250514,9:53:33,-114.3,
20250514,9:53:33,-106.1,
20250514,9:53:33,-102.3,
20250514,9:53:33,-83.7,
20250514,9:53:34,-105.1,
20250514,9:53:34,-98,
20250514,9:53:34,-87.1,
20250514,9:53:34,-94.7,
20250514,9:53:35,-90.7,
20250514,9:53:35,-89.2,
20250514,9:53:35,-100.3,
20250514,9:53:36,-94.4,
20250514,9:53:36,-92.8,
20250514,9:53:36,-94.7,
20250514,9:53:36,-99.9,
20250514,9:53:37,-96.2,
20250514,9:53:37,-102.8,
20250514,9:53:37,-106.6,
20250514,9:53:37,-102.6,
20250514,9:53:38,-98.6,
20250514,9:53:38,-112.8,
20250514,9:53:38,-98.6,
20250514,9:53:39,-25.9,
20250514,9:53:39,-73.8,
20250514,9:53:39,-86.8,
20250514,9:53:39,-87.7,
20250514,9:53:40,-85.5,
20250514,9:53:40,-102.5,
20250514,9:53:40,-100.9,
20250514,9:53:41,-86.8,
20250514,9:53:41,-91.4,
20250514,9:53:41,-103.2,
20250514,9:53:41,-101.7,
20250514,9:53:42,-100.8,
20250514,9:53:42,-93,
20250514,9:53:42,-100.6,
20250514,9:53:43,-99.7,
20250514,9:53:43,-95.3,
20250514,9:53:43,-85.3,
20250514,9:53:43,-102.8,
20250514,9:53:44,-90.5,
20250514,9:53:44,-103.6,
20250514,9:53:44,-99.8,
20250514,9:53:44,-104.2,
20250514,9:53:45,-98.1,
20250514,9:53:45,-92,
20250514,9:53:45,-91.5,
20250514,9:53:46,-86.3,
20250514,9:53:46,-104.1,
20250514,9:53:46,-99.3,
20250514,9:53:46,-97,
20250514,9:53:47,-93,
20250514,9:53:47,-82.1,
20250514,9:53:47,-96.9,
20250514,9:53:47,-115.4,
20250514,9:53:48,-104.9,
20250514,9:53:48,-106.1,
20250514,9:53:48,-108,
20250514,9:53:49,-85,
20250514,9:53:49,-69.9,
20250514,9:53:49,-83.5,
20250514,9:53:49,-67.7,
20250514,9:53:50,-72.8,
20250514,9:53:50,-73.3,
20250514,9:53:50,-65.8,
20250514,9:53:51,-37.1,
20250514,9:53:51,-97.7,
20250514,9:53:51,-75.4,
20250514,9:53:51,-93.4,
20250514,9:53:52,-96.2,
20250514,9:53:52,-87.4,
20250514,9:53:52,-105.6,
20250514,9:53:53,-90.6,
20250514,9:53:53,-109.4,
20250514,9:53:53,-108.4,
20250514,9:53:53,-103.1,
20250514,9:53:54,-100.3,
20250514,9:53:54,-98.3,
20250514,9:53:54,-90.8,
20250514,9:53:54,-101.8,
20250514,9:53:55,-115.2,
20250514,9:53:55,-97.8,
20250514,9:53:55,-111.8,
20250514,9:53:56,-99.8,
20250514,9:53:56,-97.1,
20250514,9:53:56,-115.4,
20250514,9:53:56,-103.7,
20250514,9:53:57,-107,
20250514,9:53:57,-102.7,
20250514,9:53:57,-106,
20250514,9:53:58,-109.6,
20250514,9:53:58,-90.5,
20250514,9:53:58,-89.5,
20250514,9:53:58,-106.6,
20250514,9:53:59,-101.3,
20250514,9:53:59,-106.4,
20250514,9:53:59,-68,
20250514,9:53:59,-77.8,
20250514,9:54:00,-75.2,
20250514,9:54:00,-70.8,
20250514,9:54:00,-82.4,
20250514,9:54:01,-74.1,
20250514,9:54:01,-73.7,
20250514,9:54:01,-81.9,
20250514,9:54:01,-55.6,
20250514,9:54:02,-73.1,
20250514,9:54:02,-67.3,
20250514,9:54:02,-103.6,
20250514,9:54:03,-87.7,
20250514,9:54:03,-102,
20250514,9:54:03,-104.8,
20250514,9:54:03,-94.1,
20250514,9:54:04,-108.8,
20250514,9:54:04,-103.1,
20250514,9:54:04,-71.7,
20250514,9:54:04,-70.9,
20250514,9:54:05,-83.6,
20250514,9:54:05,-79.3,
20250514,9:54:05,-89.1,
20250514,9:54:06,-65.1,
20250514,9:54:06,-81.5,
20250514,9:54:06,-107.5,
20250514,9:54:06,-92.3,
20250514,9:54:07,-80.1,
20250514,9:54:07,-104.1,
20250514,9:54:07,-64.6,
20250514,9:54:07,-85.7,
20250514,9:54:08,-99.8,
20250514,9:54:08,-76.3,
20250514,9:54:08,-76.8,
20250514,9:54:09,-105.2,
20250514,9:54:09,-87.4,
20250514,9:54:09,-83.3,
20250514,9:54:09,-91.9,
20250514,9:54:10,-79.1,
20250514,9:54:10,-102,
20250514,9:54:10,-86.4,
20250514,9:54:11,-86.8,
20250514,9:54:11,-111.6,
20250514,9:54:11,-91.1,
20250514,9:54:11,-90.4,
20250514,9:54:12,-94.4,
20250514,9:54:12,-99.4,
20250514,9:54:12,-106.8,
20250514,9:54:12,-97.9,
20250514,9:54:13,-93.7,
20250514,9:54:13,-93.6,
20250514,9:54:13,-96.2,
20250514,9:54:14,-91.5,
20250514,9:54:14,-96.1,
20250514,9:54:14,-98.6,
20250514,9:54:14,-92.4,
20250514,9:54:15,-106.9,
20250514,9:54:15,-101.7,
20250514,9:54:15,-86.5,
20250514,9:54:16,-95.1,
20250514,9:54:16,-99.8,
20250514,9:54:16,-91.4,
20250514,9:54:16,-91.1,
20250514,9:54:17,-45.2,
20250514,9:54:17,-84.4,
20250514,9:54:17,-109.9,
20250514,9:54:17,-100.4,
20250514,9:54:18,-101.3,
20250514,9:54:18,-91.2,
20250514,9:54:18,-97.9,
20250514,9:54:19,-103.2,
20250514,9:54:19,-114.8,
20250514,9:54:19,-93.8,
20250514,9:54:19,-115.6,
20250514,9:54:20,-99.5,
20250514,9:54:20,-99.4,
20250514,9:54:20,-97.6,
20250514,9:54:20,-91.2,
20250514,9:54:21,-98.6,
20250514,9:54:21,-96.1,
20250514,9:54:21,-112.3,
20250514,9:54:22,-96.5,
20250514,9:54:22,-105.1,
20250514,9:54:22,-90.6,
20250514,9:54:22,-95.2,
20250514,9:54:23,-102.4,
20250514,9:54:23,-103.9,
20250514,9:54:23,-115.2,
20250514,9:54:24,-75.7,
20250514,9:54:24,-101.5,
20250514,9:54:24,-97.1,
20250514,9:54:24,-99.1,
20250514,9:54:25,-34.3,
20250514,9:54:25,-110.9,
20250514,9:54:25,-115.2,
20250514,9:54:26,-104.6,
20250514,9:54:26,-38.8,
20250514,9:54:26,-99.2,
20250514,9:54:26,-72.7,
20250514,9:54:27,-88.3,
20250514,9:54:27,-95.9,
20250514,9:54:27,-91.1,
20250514,9:54:27,-86.6,
20250514,9:54:28,-90,
20250514,9:54:28,-71.6,
20250514,9:54:28,-76.5,
20250514,9:54:29,-93.1,
20250514,9:54:29,-75.1,
20250514,9:54:29,-84.7,
20250514,9:54:29,-71.8,
20250514,9:54:30,-93.6,
20250514,9:54:30,-92.3,
20250514,9:54:30,-84.7,
20250514,9:54:30,-92.4,
20250514,9:54:31,-99.8,
20250514,9:54:31,-69.5,
20250514,9:54:31,-73.9,
20250514,9:54:32,-80.3,
20250514,9:54:32,-104.3,
20250514,9:54:32,-82.1,
20250514,9:54:32,-91.4,
20250514,9:54:33,-108.3,
20250514,9:54:33,-98.8,
20250514,9:54:33,-102.4,
20250514,9:54:34,-97.2,
20250514,9:54:34,-103.2,
20250514,9:54:34,-93.8,
20250514,9:54:34,-94.5,
20250514,9:54:35,-97.5,
20250514,9:54:35,-113.9,
20250514,9:54:35,-115,
20250514,9:54:36,-101.5,
20250514,9:54:36,-98.5,
20250514,9:54:36,-97.8,
20250514,9:54:36,-103,
20250514,9:54:37,-92.2,
20250514,9:54:37,-100.9,
20250514,9:54:37,-99.8,
20250514,9:54:37,-98.5,
20250514,9:54:38,-104.6,
20250514,9:54:38,-92.1,
20250514,9:54:38,-96.8,
20250514,9:54:39,-68.1,
20250514,9:54:39,-100.4,
20250514,9:54:39,-107.7,
20250514,9:54:39,-114.9,
20250514,9:54:40,-93,
20250514,9:54:40,-100.3,
20250514,9:54:40,-87.2,
20250514,9:54:40,-95.2,
20250514,9:54:41,-81.9,
20250514,9:54:41,-115.3,
20250514,9:54:41,-98.9,
20250514,9:54:42,-90.7,
20250514,9:54:42,-82.9,
20250514,9:54:42,-96.6,
20250514,9:54:42,-70.9,
20250514,9:54:43,-85.4,
20250514,9:54:43,-97.4,
20250514,9:54:43,-114,
20250514,9:54:44,-95.1,
20250514,9:54:44,-108.4,
20250514,9:54:44,-88.8,
20250514,9:54:44,-82.7,
20250514,9:54:45,-96.6,
20250514,9:54:45,-80.9,
20250514,9:54:45,-93,
20250514,9:54:45,-87.8,
20250514,9:54:46,-102.5,
20250514,9:54:46,-92.4,
20250514,9:54:46,-93,
20250514,9:54:47,-89,
20250514,9:54:47,-43.4,
20250514,9:54:47,-90.8,
20250514,9:54:47,-116,
20250514,9:54:48,-107.4,
20250514,9:54:48,-97,
20250514,9:54:48,-115.5,
20250514,9:54:49,-107.5,
20250514,9:54:49,-96.2,
20250514,9:54:49,-101,
20250514,9:54:49,-96.9,
20250514,9:54:50,-98.8,
20250514,9:54:50,-82.4,
20250514,9:54:50,-96.1,
20250514,9:54:50,-39.7,
20250514,9:54:51,-101.7,
20250514,9:54:51,-87.1,
20250514,9:54:51,-100.4,
20250514,9:54:52,-92.3,
20250514,9:54:52,-100.9,
20250514,9:54:52,-108.8,
20250514,9:54:52,-88.3,
20250514,9:54:53,-91.8,
20250514,9:54:53,-97.7,
20250514,9:54:53,-115.2,
20250514,9:54:53,-107.7,
20250514,9:54:54,-84.8,
20250514,9:54:54,-98.6,
20250514,9:54:54,-90.9,
20250514,9:54:55,-111.5,
20250514,9:54:55,-99.3,
20250514,9:54:55,-101.9,
20250514,9:54:55,-99.5,
20250514,9:54:56,-104.9,
20250514,9:54:56,-73.2,
20250514,9:54:56,-97.4,
20250514,9:54:57,-90.2,
20250514,9:54:57,-112.9,
20250514,9:54:57,-89.9,
20250514,9:54:57,-115.2,
20250514,9:54:58,-96.8,
20250514,9:54:58,-87.4,
20250514,9:54:58,-103.9,
20250514,9:54:59,-81.8,
20250514,9:54:59,-91.9,
20250514,9:54:59,-95.5,
20250514,9:54:59,-97.2,
20250514,9:55:00,-79.7,
20250514,9:55:00,-83,
20250514,9:55:00,-96.2,
20250514,9:55:00,-107.9,
20250514,9:55:01,-100.9,
20250514,9:55:01,-88.6,
20250514,9:55:01,-109.6,
20250514,9:55:02,-68,
20250514,9:55:02,-99.6,
20250514,9:55:02,-107.5,
20250514,9:55:02,-96.3,
20250514,9:55:03,-87.4,
20250514,9:55:03,-107.8,
20250514,9:55:03,-103.2,
20250514,9:55:03,-93.9,
20250514,9:55:04,-96,
20250514,9:55:04,-91.8,
20250514,9:55:04,-90.3,
20250514,9:55:05,-98.9,
20250514,9:55:05,-99.4,
20250514,9:55:05,-107.8,
20250514,9:55:05,-97.9,
20250514,9:55:06,-105.3,
20250514,9:55:06,-91.3,
20250514,9:55:06,-91.2,
20250514,9:55:07,-101,
20250514,9:55:07,-88.2,
20250514,9:55:07,-91.3,
20250514,9:55:07,-94.5,
20250514,9:55:08,-96.6,
20250514,9:55:08,-81.8,
20250514,9:55:08,-94.7,
20250514,9:55:09,-97.6,
20250514,9:55:09,-99.9,
20250514,9:55:09,-100.6,
20250514,9:55:09,-108.4,
20250514,9:55:10,-113.6,
20250514,9:55:10,-101.4,
20250514,9:55:10,-98.9,
20250514,9:55:10,-95.9,
20250514,9:55:11,-97.7,
20250514,9:55:11,-91.3,
20250514,9:55:11,-89.6,
20250514,9:55:12,-91.1,
20250514,9:55:12,-98.9,
20250514,9:55:12,-97.7,
20250514,9:55:12,-105.8,
20250514,9:55:13,-94.1,
20250514,9:55:13,-95.9,
20250514,9:55:13,-96.9,
20250514,9:55:13,-84.6,
20250514,9:55:14,-101,
20250514,9:55:14,-92.7,
20250514,9:55:14,-83.6,
20250514,9:55:15,-103.2,
20250514,9:55:15,-95.9,
20250514,9:55:15,-77.6,
20250514,9:55:15,-85.6,
20250514,9:55:16,-96.4,
20250514,9:55:16,-97.4,
20250514,9:55:16,-110.6,
20250514,9:55:17,-85.6,
20250514,9:55:17,-82.7,
20250514,9:55:17,-110.3,
20250514,9:55:17,-88.3,
20250514,9:55:18,-89.5,
20250514,9:55:18,-90.6,
20250514,9:55:18,-94.5,
20250514,9:55:18,-104.1,
20250514,9:55:19,-96.8,
20250514,9:55:19,-96.2,
20250514,9:55:19,-107.6,
20250514,9:55:20,-108.8,
20250514,9:55:20,-114.9,
20250514,9:55:20,-115.2,
20250514,9:55:20,-98.3,
20250514,9:55:21,-87.8,
20250514,9:55:21,-98.9,
20250514,9:55:21,-98.4,
20250514,9:55:22,-81.9,
20250514,9:55:22,-87.4,
20250514,9:55:22,-99.8,
20250514,9:55:22,-108.3,
20250514,9:55:23,-89.5,
20250514,9:55:23,-107.7,
20250514,9:55:23,-100.2,
20250514,9:55:23,-93.6,
20250514,9:55:24,-93.8,
20250514,9:55:24,-91.6,
20250514,9:55:24,-93,
20250514,9:55:25,-95.1,
20250514,9:55:25,-102.2,
20250514,9:55:25,-93.9,
20250514,9:55:25,-91.4,
20250514,9:55:26,-104.2,
20250514,9:55:26,-98.1,
20250514,9:55:26,-94.7,
20250514,9:55:26,-80.6,
20250514,9:55:27,-111.8,
20250514,9:55:27,-89.5,
20250514,9:55:27,-92.4,
20250514,9:55:28,-86,
20250514,9:55:28,-115.2,
20250514,9:55:28,-87.5,
20250514,9:55:28,-108,
20250514,9:55:29,-107.7,
20250514,9:55:29,-100.5,
20250514,9:55:29,-93,
20250514,9:55:30,-97.3,
20250514,9:55:30,-103.9,
20250514,9:55:30,-91.4,
20250514,9:55:30,-84.4,
20250514,9:55:31,-110.2,
20250514,9:55:31,-93.6,
20250514,9:55:31,-90.9,
20250514,9:55:32,-113.9,
20250514,9:55:32,-82,
20250514,9:55:32,-79.9,
20250514,9:55:32,-115.3,
20250514,9:55:33,-100.1,
20250514,9:55:33,-89.2,
20250514,9:55:33,-94.3,
20250514,9:55:33,-96.2,
20250514,9:55:34,-86.3,
20250514,9:55:34,-92,
20250514,9:55:34,-106,
20250514,9:55:35,-101.5,
20250514,9:55:35,-80.8,
20250514,9:55:35,-96.6,
20250514,9:55:35,-104.3,
20250514,9:55:36,-85.1,
20250514,9:55:36,-86.2,
20250514,9:55:36,-104.4,
20250514,9:55:36,-80.7,
20250514,9:55:37,-94.1,
20250514,9:55:37,-88.5,
20250514,9:55:37,-103.3,
20250514,9:55:38,-89.2,
20250514,9:55:38,-93.4,
20250514,9:55:38,-97,
20250514,9:55:38,-78.3,
20250514,9:55:39,-98.8,
20250514,9:55:39,-115.3,
20250514,9:55:39,-83.6,
20250514,9:55:40,-97.7,
20250514,9:55:40,-78.1,
20250514,9:55:40,-93.6,
20250514,9:55:40,-88.6,
20250514,9:55:41,-115.1,
20250514,9:55:41,-102.3,
20250514,9:55:41,-101.6,
20250514,9:55:42,-90.8,
20250514,9:55:42,-76.1,
20250514,9:55:42,-85.3,
20250514,9:55:42,-97.8,
20250514,9:55:43,-91,
20250514,9:55:43,-109.2,
20250514,9:55:43,-101.5,
20250514,9:55:43,-87.1,
20250514,9:55:44,-104.1,
20250514,9:55:44,-91.9,
20250514,9:55:44,-82.1,
20250514,9:55:45,-67.3,
20250514,9:55:45,-102.1,
20250514,9:55:45,-108.2,
20250514,9:55:45,-85,
20250514,9:55:46,-101.7,
20250514,9:55:46,-97.8,
20250514,9:55:46,-86.5,
20250514,9:55:46,-107.5,
20250514,9:55:47,-83.8,
20250514,9:55:47,-94.5,
20250514,9:55:47,-87.1,
20250514,9:55:48,-91.5,
20250514,9:55:48,-87.6,
20250514,9:55:48,-94,
20250514,9:55:48,-83.2,
20250514,9:55:49,-116,
20250514,9:55:49,-96.4,
20250514,9:55:49,-96.3,
20250514,9:55:50,-87.3,
20250514,9:55:50,-84.1,
20250514,9:55:50,-94.3,
20250514,9:55:50,-90.7,
20250514,9:55:51,-85.4,
20250514,9:55:51,-89,
20250514,9:55:51,-89.8,
20250514,9:55:52,-98.8,
20250514,9:55:52,-75,
20250514,9:55:52,-91.1,
20250514,9:55:52,-110.1,
20250514,9:55:53,-90.7,
20250514,9:55:53,-80.2,
20250514,9:55:53,-86.2,
20250514,9:55:53,-95.3,
20250514,9:55:54,-96.1,
20250514,9:55:54,-87.2,
20250514,9:55:54,-86.6,
20250514,9:55:55,-83.8,
20250514,9:55:55,-75.7,
20250514,9:55:55,-101.5,
20250514,9:55:55,-104.9,
20250514,9:55:56,-85.8,
20250514,9:55:56,-82.7,
20250514,9:55:56,-110.8,
20250514,9:55:56,-96.1,
20250514,9:55:57,-86.3,
20250514,9:55:57,-79.7,
20250514,9:55:57,-92.5,
20250514,9:55:58,-87.6,
20250514,9:55:58,-90.7,
20250514,9:55:58,-91.3,
20250514,9:55:58,-40.1,
20250514,9:55:59,-113.1,
20250514,9:55:59,-90.5,
20250514,9:55:59,-93.3,
20250514,9:56:00,-87.1,
20250514,9:56:00,-88.9,
20250514,9:56:00,-76.7,
20250514,9:56:00,-81,
20250514,9:56:01,-80.3,
20250514,9:56:01,-88.6,
20250514,9:56:01,-97.8,
20250514,9:56:01,-81.9,
20250514,9:56:02,-84.1,
20250514,9:56:02,-81.7,
20250514,9:56:02,-67.5,
20250514,9:56:03,-99.5,
20250514,9:56:03,-88.1,
20250514,9:56:03,-96.6,
20250514,9:56:03,-78.4,
20250514,9:56:04,-87.9,
20250514,9:56:04,-83.6,
20250514,9:56:04,-102.7,
20250514,9:56:05,-93,
20250514,9:56:05,-96.3,
20250514,9:56:05,-87.4,
20250514,9:56:05,-80.4,
20250514,9:56:06,-91.3,
20250514,9:56:06,-89.2,
20250514,9:56:06,-110.8,
20250514,9:56:06,-115.1,
20250514,9:56:07,-98,
20250514,9:56:07,-110,
20250514,9:56:07,-85.3,
20250514,9:56:08,-89.4,
20250514,9:56:08,-66.9,
20250514,9:56:08,-88.3,
20250514,9:56:08,-79.1,
20250514,9:56:09,-67.3,
20250514,9:56:09,-93.8,
20250514,9:56:09,-67.2,
20250514,9:56:09,-61.5,
20250514,9:56:10,-86,
20250514,9:56:10,-103.8,
20250514,9:56:10,-106.1,
20250514,9:56:11,-102,
20250514,9:56:11,-95.2,
20250514,9:56:11,-87.7,
20250514,9:56:11,-103.4,
20250514,9:56:12,-101.6,
20250514,9:56:12,-97.5,
20250514,9:56:12,-101.6,
20250514,9:56:13,-91.6,
20250514,9:56:13,-101.8,
20250514,9:56:13,-93,
20250514,9:56:13,-112.2,
20250514,9:56:14,-110,
20250514,9:56:14,-102.6,
20250514,9:56:14,-106.6,
20250514,9:56:15,-95.2,
20250514,9:56:15,-97.8,
20250514,9:56:15,-71.1,
20250514,9:56:15,-84,
20250514,9:56:16,-107.9,
20250514,9:56:16,-104.3,
20250514,9:56:16,-104.1,
20250514,9:56:16,-106.8,
20250514,9:56:17,-104.9,
20250514,9:56:17,-88.6,
20250514,9:56:17,-99.3,
20250514,9:56:18,-100,
20250514,9:56:18,-114,
20250514,9:56:18,-103.4,
20250514,9:56:18,-103.2,
20250514,9:56:19,-90.6,
20250514,9:56:19,-88.2,
20250514,9:56:19,-97,
20250514,9:56:19,-106.7,
20250514,9:56:20,-80.2,
20250514,9:56:20,-99.7,
20250514,9:56:20,-81.3,
20250514,9:56:21,-77,
20250514,9:56:21,-96.4,
20250514,9:56:21,-94.3,
20250514,9:56:21,-101.6,
20250514,9:56:22,-99.1,
20250514,9:56:22,-93.9,
20250514,9:56:22,-98.7,
20250514,9:56:23,-82,
20250514,9:56:23,-86.1,
20250514,9:56:23,-105.7,
20250514,9:56:23,-90,
20250514,9:56:24,-76.3,
20250514,9:56:24,-99.2,
20250514,9:56:24,-89.8,
20250514,9:56:25,-75.7,
20250514,9:56:25,-100.2,
20250514,9:56:25,-93.4,
20250514,9:56:25,-100.6,
20250514,9:56:26,-95.6,
20250514,9:56:26,-84.4,
20250514,9:56:26,-99.8,
20250514,9:56:26,-85.5,
20250514,9:56:27,-101.5,
20250514,9:56:27,-94,
20250514,9:56:27,-103.5,
20250514,9:56:28,-93.7,
20250514,9:56:28,-88.7,
20250514,9:56:28,-93.9,
20250514,9:56:28,-76.9,
20250514,9:56:29,-94.6,
20250514,9:56:29,-90.2,
20250514,9:56:29,-97.5,
20250514,9:56:29,-94.4,
20250514,9:56:30,-94.5,
20250514,9:56:30,-111.2,
20250514,9:56:30,-94.5,
20250514,9:56:31,-106.5,
20250514,9:56:31,-88.4,
20250514,9:56:31,-97.2,
20250514,9:56:31,-115.4,
20250514,9:56:32,-90.1,
20250514,9:56:32,-88,
20250514,9:56:32,-83.4,
20250514,9:56:33,-105.5,
20250514,9:56:33,-105.3,
20250514,9:56:33,-40.4,
20250514,9:56:33,-92.6,
20250514,9:56:34,-114.9,
20250514,9:56:34,-115.6,
20250514,9:56:34,-95.2,
20250514,9:56:34,-101.9,
20250514,9:56:35,-101.9,
20250514,9:56:35,-102.5,
20250514,9:56:35,-90.4,
20250514,9:56:36,-68.6,
20250514,9:56:36,-87.9,
20250514,9:56:36,-93.8,
20250514,9:56:36,-104.4,
20250514,9:56:37,-100.5,
20250514,9:56:37,-96.5,
20250514,9:56:37,-93.9,
20250514,9:56:38,-108.1,
20250514,9:56:38,-108.6,
20250514,9:56:38,-115.1,
20250514,9:56:38,-93.7,
20250514,9:56:39,-97.2,
20250514,9:56:39,-100.6,
20250514,9:56:39,-113,
20250514,9:56:39,-91,
20250514,9:56:40,-105.8,
20250514,9:56:40,-82.7,
20250514,9:56:40,-95,
20250514,9:56:41,-98.8,
20250514,9:56:41,-112.9,
20250514,9:56:41,-99.5,
20250514,9:56:41,-87.9,
20250514,9:56:42,-91.2,
20250514,9:56:42,-93.9,
20250514,9:56:42,-99.1,
20250514,9:56:42,-95.2,
20250514,9:56:43,-93.4,
20250514,9:56:43,-90.9,
20250514,9:56:43,-99.8,
20250514,9:56:44,-103.1,
20250514,9:56:44,-87.8,
20250514,9:56:44,-92.7,
20250514,9:56:44,-107.9,
20250514,9:56:45,-99.1,
20250514,9:56:45,-89.7,
20250514,9:56:45,-58.4,
20250514,9:56:46,-90.7,
20250514,9:56:46,-105.8,
20250514,9:56:46,-106.6,
20250514,9:56:46,-95.6,
20250514,9:56:47,-102.3,
20250514,9:56:47,-100.6,
20250514,9:56:47,-104.2,
20250514,9:56:48,-101.5,
20250514,9:56:48,-112.5,
20250514,9:56:48,-76.4,
20250514,9:56:48,-112.4,
20250514,9:56:49,-88.9,
20250514,9:56:49,-85.8,
20250514,9:56:49,-97,
20250514,9:56:49,-85.9,
20250514,9:56:50,-83,
20250514,9:56:50,-99.9,
20250514,9:56:50,-60.8,
20250514,9:56:51,-103.7,
20250514,9:56:51,-80.1,
20250514,9:56:51,-103.6,
20250514,9:56:51,-93.9,
20250514,9:56:52,-106.5,
20250514,9:56:52,-98.7,
20250514,9:56:52,-94.4,
20250514,9:56:52,-82.9,
20250514,9:56:53,-103.1,
20250514,9:56:53,-70.6,
20250514,9:56:53,-79.2,
20250514,9:56:54,-95.5,
20250514,9:56:54,-95.7,
20250514,9:56:54,-112.9,
20250514,9:56:54,-103.1,
20250514,9:56:55,-92.9,
20250514,9:56:55,-105.6,
20250514,9:56:55,-88.5,
20250514,9:56:56,-102.8,
20250514,9:56:56,-96.9,
20250514,9:56:56,-79.3,
20250514,9:56:56,-103.2,
20250514,9:56:57,-99.2,
20250514,9:56:57,-105,
20250514,9:56:57,-115.4,
20250514,9:56:58,-102.5,
20250514,9:56:58,-98.1,
20250514,9:56:58,-101.5,
20250514,9:56:58,-91,
20250514,9:56:59,-92.2,
20250514,9:56:59,-98.1,
20250514,9:56:59,-102.5,
20250514,9:56:59,-100.1,
20250514,9:57:00,-110.2,
20250514,9:57:00,-102.7,
20250514,9:57:00,-75,
20250514,9:57:01,-98.5,
20250514,9:57:01,-91.7,
20250514,9:57:01,-93,
20250514,9:57:01,-109.3,
20250514,9:57:02,-100.5,
20250514,9:57:02,-106,
20250514,9:57:02,-105.4,
20250514,9:57:02,-109.8,
20250514,9:57:03,-88.6,
20250514,9:57:03,-110.1,
20250514,9:57:03,-84,
20250514,9:57:04,-99.2,
20250514,9:57:04,-106.7,
20250514,9:57:04,-97.1,
20250514,9:57:04,-107.7,
20250514,9:57:05,-57.9,
20250514,9:57:05,-99.6,
20250514,9:57:05,-91.7,
20250514,9:57:06,-98,
20250514,9:57:06,-96.4,
20250514,9:57:06,-98.9,
20250514,9:57:06,-103.5,
20250514,9:57:07,-100.7,
20250514,9:57:07,-110.8,
20250514,9:57:07,-94.7,
20250514,9:57:08,-105,
20250514,9:57:08,-105.8,
20250514,9:57:08,-98,
20250514,9:57:08,-91.7,
20250514,9:57:09,-74.2,
20250514,9:57:09,-78.9,
20250514,9:57:09,-38.7,
20250514,9:57:09,-62.2,
20250514,9:57:10,-87.7,
20250514,9:57:10,-107.9,
20250514,9:57:10,-95.5,
20250514,9:57:11,-101.3,
20250514,9:57:11,-80.4,
20250514,9:57:11,-84.8,
20250514,9:57:11,-91.5,
20250514,9:57:12,-83.4,
20250514,9:57:12,-69.9,
20250514,9:57:12,-103.2,
20250514,9:57:12,-84.8,
20250514,9:57:13,-105.9,
20250514,9:57:13,-106.5,
20250514,9:57:13,-101.6,
20250514,9:57:14,-109.6,
20250514,9:57:14,-100.2,
20250514,9:57:14,-96.3,
20250514,9:57:14,-67.3,
20250514,9:57:15,-98.5,
20250514,9:57:15,-98.7,
20250514,9:57:15,-90.3,
20250514,9:57:16,-84.5,
20250514,9:57:16,-107.6,
20250514,9:57:16,-100,
20250514,9:57:16,-99.8,
20250514,9:57:17,-82.7,
20250514,9:57:17,-82.3,
20250514,9:57:17,-94.3,
20250514,9:57:18,-97.4,
20250514,9:57:18,-91.5,
20250514,9:57:18,-101.4,
20250514,9:57:18,-115.3,
20250514,9:57:19,-98.2,
20250514,9:57:19,-87.6,
20250514,9:57:19,-105.6,
20250514,9:57:19,-102.8,
20250514,9:57:20,-93.2,
20250514,9:57:20,-108.3,
20250514,9:57:20,-115.3,
20250514,9:57:21,-103.8,
20250514,9:57:21,-98,
20250514,9:57:21,-94.8,
20250514,9:57:21,-96.9,
20250514,9:57:22,-90.8,
20250514,9:57:22,-79.5,
20250514,9:57:22,-95.5,
20250514,9:57:22,-97.2,
20250514,9:57:23,-100.5,
20250514,9:57:23,-110.6,
20250514,9:57:23,-92.6,
20250514,9:57:24,-105.8,
20250514,9:57:24,-107.6,
20250514,9:57:24,-69.2,
20250514,9:57:24,-87.4,
20250514,9:57:25,-110.1,
20250514,9:57:25,-96.6,
20250514,9:57:25,-103.3,
20250514,9:57:26,-32.7,
20250514,9:57:26,-114.7,
20250514,9:57:26,-104.3,
20250514,9:57:26,-102.9,
20250514,9:57:27,-65.2,
20250514,9:57:27,-115.2,
20250514,9:57:27,-99.4,
20250514,9:57:27,-84.5,
20250514,9:57:28,-83.8,
20250514,9:57:28,-97.9,
20250514,9:57:28,-99.9,
20250514,9:57:29,-114.6,
20250514,9:57:29,-97.2,
20250514,9:57:29,-97.2,
20250514,9:57:29,-107.5,
20250514,9:57:30,-114.1,
20250514,9:57:30,-100.6,
20250514,9:57:30,-69.8,
20250514,9:57:31,-83.8,
20250514,9:57:31,-91.5,
20250514,9:57:31,-85.4,
20250514,9:57:31,-87.7,
20250514,9:57:32,-80.9,
20250514,9:57:32,-73.8,
20250514,9:57:32,-100.5,
20250514,9:57:32,-105.8,
20250514,9:57:33,-93.8,
20250514,9:57:33,-94.3,
20250514,9:57:33,-95.1,
20250514,9:57:34,-103.9,
20250514,9:57:34,-74.4,
20250514,9:57:34,-110.1,
20250514,9:57:34,-110.9,
20250514,9:57:35,-105.4,
20250514,9:57:35,-103.7,
20250514,9:57:35,-95.2,
20250514,9:57:36,-99,
20250514,9:57:36,-94.6,
20250514,9:57:36,-115.3,
20250514,9:57:36,-113.5,
20250514,9:57:37,-104.7,
20250514,9:57:37,-102.7,
20250514,9:57:37,-102.7,
20250514,9:57:37,-104.1,
20250514,9:57:38,-103.7,
20250514,9:57:38,-95.2,
20250514,9:57:38,-103.3,
20250514,9:57:39,-97.9,
20250514,9:57:39,-114.1,
20250514,9:57:39,-98.7,
20250514,9:57:39,-99.8,
20250514,9:57:40,-98.1,
20250514,9:57:40,-101.9,
20250514,9:57:40,-109.9,
20250514,9:57:41,-104.9,
20250514,9:57:41,-103.1,
20250514,9:57:41,-107.5,
20250514,9:57:41,-111.6,
20250514,9:57:42,-103.5,
20250514,9:57:42,-101.4,
20250514,9:57:42,-104.7,
20250514,9:57:42,-115.1,
20250514,9:57:43,-104.1,
20250514,9:57:43,-92.3,
20250514,9:57:43,-109.9,
20250514,9:57:44,-92.3,
20250514,9:57:44,-92.1,
20250514,9:57:44,-101.3,
20250514,9:57:44,-97.2,
20250514,9:57:45,-105.7,
20250514,9:57:45,-94.7,
20250514,9:57:45,-96.2,
20250514,9:57:46,-103.9,
20250514,9:57:46,-115.2,
20250514,9:57:46,-108.5,
20250514,9:57:46,-103.6,
20250514,9:57:47,-112.6,
20250514,9:57:47,-96.2,
20250514,9:57:47,-101,
20250514,9:57:47,-114,
20250514,9:57:48,-106.8,
20250514,9:57:48,-101,
20250514,9:57:48,-108.1,
20250514,9:57:49,-99.5,
20250514,9:57:49,-91.7,
20250514,9:57:49,-105.2,
20250514,9:57:49,-103.5,
20250514,9:57:50,-100.8,
20250514,9:57:50,-95.4,
20250514,9:57:50,-114.7,
20250514,9:57:51,-89.7,
20250514,9:57:51,-97.9,
20250514,9:57:51,-107.6,
20250514,9:57:51,-95.6,
20250514,9:57:52,-103.5,
20250514,9:57:52,-85.1,
20250514,9:57:52,-96.4,
20250514,9:57:52,-90.3,
20250514,9:57:53,-106.4,
20250514,9:57:53,-98.3,
20250514,9:57:53,-100.9,
20250514,9:57:54,-103.5,
20250514,9:57:54,-96.6,
20250514,9:57:54,-109,
20250514,9:57:54,-108,
20250514,9:57:55,-86.1,
20250514,9:57:55,-101.6,
20250514,9:57:55,-108.3,
20250514,9:57:56,-102.3,
20250514,9:57:56,-99.2,
20250514,9:57:56,-107.7,
20250514,9:57:56,-92.7,
20250514,9:57:57,-102,
20250514,9:57:57,-105.2,
20250514,9:57:57,-101,
20250514,9:57:57,-102.7,
20250514,9:57:58,-107.5,
20250514,9:57:58,-106.2,
20250514,9:57:58,-108.8,
20250514,9:57:59,-106.4,
20250514,9:57:59,-115.3,
20250514,9:57:59,-107.6,
20250514,9:57:59,-104.1,
20250514,9:58:00,-102.3,
20250514,9:58:00,-93,
20250514,9:58:00,-115.3,
20250514,9:58:01,-115.4,
20250514,9:58:01,-111.9,
20250514,9:58:01,-107.3,
20250514,9:58:01,-92.4,
20250514,9:58:02,-115.2,
20250514,9:58:02,-100.6,
20250514,9:58:02,-101.7,
20250514,9:58:02,-115.2,
20250514,9:58:03,-101.4,
20250514,9:58:03,-96.2,
20250514,9:58:03,-104.4,
20250514,9:58:04,-102.3,
20250514,9:58:04,-98,
20250514,9:58:04,-94.4,
20250514,9:58:04,-114.2,
20250514,9:58:05,-103.7,
20250514,9:58:05,-110.3,
20250514,9:58:05,-95.4,
20250514,9:58:06,-103,
20250514,9:58:06,-103.5,
20250514,9:58:06,-100.5,
20250514,9:58:06,-108.1,
20250514,9:58:07,-110.9,
20250514,9:58:07,-115.3,
20250514,9:58:07,-92.1,
20250514,9:58:07,-113.1,
20250514,9:58:08,-87,
20250514,9:58:08,-95,
20250514,9:58:08,-81.4,
20250514,9:58:09,-58.5,
20250514,9:58:09,-102.9,
20250514,9:58:09,-110,
20250514,9:58:09,-110.9,
20250514,9:58:10,-93,
20250514,9:58:10,-108.6,
20250514,9:58:10,-105.4,
20250514,9:58:11,-100.5,
20250514,9:58:11,-105.3,
20250514,9:58:11,-102.5,
20250514,9:58:11,-102.5,
20250514,9:58:12,-98.7,
20250514,9:58:12,-100.3,
20250514,9:58:12,-109,
20250514,9:58:12,-114.3,
20250514,9:58:13,-104.1,
20250514,9:58:13,-109.2,
20250514,9:58:13,-107.3,
20250514,9:58:14,-115.2,
20250514,9:58:14,-101.2,
20250514,9:58:14,-110,
20250514,9:58:14,-105.4,
20250514,9:58:15,-110.8,
20250514,9:58:15,-114.3,
20250514,9:58:15,-97.5,
20250514,9:58:16,-84.8,
20250514,9:58:16,-88.7,
20250514,9:58:16,-106,
20250514,9:58:16,-90.4,
20250514,9:58:17,-93.1,
20250514,9:58:17,-109.4,
20250514,9:58:17,-107.5,
20250514,9:58:17,-110,
20250514,9:58:18,-83.6,
20250514,9:58:18,-103.6,
20250514,9:58:18,-104,
20250514,9:58:19,-111,
20250514,9:58:19,-107.9,
20250514,9:58:19,-91.3,
20250514,9:58:19,-102.1,
20250514,9:58:20,-109.1,
20250514,9:58:20,-80.7,
20250514,9:58:20,-93.5,
20250514,9:58:21,-99.8,
20250514,9:58:21,-73.6,
20250514,9:58:21,-97.2,
20250514,9:58:21,-92,
20250514,9:58:22,-73.8,
20250514,9:58:22,-72.7,
20250514,9:58:22,-98.2,
20250514,9:58:22,-61.4,
20250514,9:58:23,-72.1,
20250514,9:58:23,-75.9,
20250514,9:58:23,-82.7,
20250514,9:58:24,-69.9,
20250514,9:58:24,-71.6,
20250514,9:58:24,-65.2,
20250514,9:58:24,-75.6,
20250514,9:58:25,-98.4,
20250514,9:58:25,-90,
20250514,9:58:25,-84.2,
20250514,9:58:26,-91,
20250514,9:58:26,-83.1,
20250514,9:58:26,-89.7,
20250514,9:58:26,-84.3,
20250514,9:58:27,-67.1,
20250514,9:58:27,-72.4,
20250514,9:58:27,-48.4,
20250514,9:58:27,-80.5,
20250514,9:58:28,-71.8,
20250514,9:58:28,-69,
20250514,9:58:28,-60.5,
20250514,9:58:29,-74.2,
20250514,9:58:29,-68.2,
20250514,9:58:29,-53.8,
20250514,9:58:29,-79.9,
20250514,9:58:30,-83,
20250514,9:58:30,-82.7,
20250514,9:58:30,-66.5,
20250514,9:58:30,-73.9,
20250514,9:58:31,-61.2,
20250514,9:58:31,-78.4,
20250514,9:58:31,-79.4,
20250514,9:58:32,-91.9,
20250514,9:58:32,-66.6,
20250514,9:58:32,-114.3,
20250514,9:58:32,-80.7,
20250514,9:58:33,-76.4,
20250514,9:58:33,-115.3,
20250514,9:58:33,-80.8,
20250514,9:58:34,-90.1,
20250514,9:58:34,-47.1,
20250514,9:58:34,-67.3,
20250514,9:58:34,-79.3,
20250514,9:58:35,-74.2,
20250514,9:58:35,-67.6,
20250514,9:58:35,-81.7,
20250514,9:58:36,-80.3,
20250514,9:58:36,-80.2,
20250514,9:58:36,-66.1,
20250514,9:58:36,-98.8,
20250514,9:58:37,-103.4,
20250514,9:58:37,-53.2,
20250514,9:58:37,-87.2,
20250514,9:58:37,-85.1,
20250514,9:58:38,-85.6,
20250514,9:58:38,-75,
20250514,9:58:38,-74.4,
20250514,9:58:39,-99.1,
20250514,9:58:39,-75,
20250514,9:58:39,-82.4,
20250514,9:58:39,-78.4,
20250514,9:58:40,-94.7,
20250514,9:58:40,-76.7,
20250514,9:58:40,-77.9,
20250514,9:58:40,-82.5,
20250514,9:58:41,-80.8,
20250514,9:58:41,-81.8,
20250514,9:58:41,-73.2,
20250514,9:58:42,-84.4,
20250514,9:58:42,-91.9,
20250514,9:58:42,-72.3,
20250514,9:58:42,-87.5,
20250514,9:58:43,-97.7,
20250514,9:58:43,-82.2,
20250514,9:58:43,-82.2,
20250514,9:58:44,-98.4,
20250514,9:58:44,-99.4,
20250514,9:58:44,-97.2,
20250514,9:58:44,-88.9,
20250514,9:58:45,-87.7,
20250514,9:58:45,-115.7,
20250514,9:58:45,-89.5,
20250514,9:58:45,-95.5,
20250514,9:58:46,-43,
20250514,9:58:46,-104.1,
20250514,9:58:46,-83.9,
20250514,9:58:47,-92.8,
20250514,9:58:47,-94.6,
20250514,9:58:47,-95.7,
20250514,9:58:47,-89.9,
20250514,9:58:48,-96.7,
20250514,9:58:48,-82.7,
20250514,9:58:48,-91.2,
20250514,9:58:49,-94.8,
20250514,9:58:49,-91.2,
20250514,9:58:49,-93.6,
20250514,9:58:49,-84.6,
20250514,9:58:50,-94,
20250514,9:58:50,-75.8,
20250514,9:58:50,-87.6,
20250514,9:58:50,-94.2,
20250514,9:58:51,-81,
20250514,9:58:51,-80.1,
20250514,9:58:51,-98.3,
20250514,9:58:52,-101.9,
20250514,9:58:52,-83.8,
20250514,9:58:52,-92,
20250514,9:58:52,-86.5,
20250514,9:58:53,-88.6,
20250514,9:58:53,-78.9,
20250514,9:58:53,-75.4,
20250514,9:58:53,-93.5,
20250514,9:58:54,-94,
20250514,9:58:54,-87.8,
20250514,9:58:54,-96.4,
20250514,9:58:55,-70.8,
20250514,9:58:55,-72.1,
20250514,9:58:55,-93.2,
20250514,9:58:55,-80,
20250514,9:58:56,-76.9,
20250514,9:58:56,-79.3,
20250514,9:58:56,-86.7,
20250514,9:58:57,-93.2,
20250514,9:58:57,-88.7,
20250514,9:58:57,-87.9,
20250514,9:58:57,-81.9,
20250514,9:58:58,-80,
20250514,9:58:58,-75.8,
20250514,9:58:58,-80.4,
20250514,9:58:59,-85.8,
20250514,9:58:59,-95.5,
20250514,9:58:59,-64.4,
20250514,9:58:59,-94,
20250514,9:59:00,-31.5,
20250514,9:59:00,-81,
20250514,9:59:00,-89.5,
20250514,9:59:00,-77.6,
20250514,9:59:01,-81.7,
20250514,9:59:01,-99.8,
20250514,9:59:01,-96.5,
20250514,9:59:02,-94.6,
20250514,9:59:02,-92,
20250514,9:59:02,-81.2,
20250514,9:59:02,-73.5,
20250514,9:59:03,-68.9,
20250514,9:59:03,-66.1,
20250514,9:59:03,-77.4,
20250514,9:59:03,-77.7,
20250514,9:59:04,-78.9,
20250514,9:59:04,-80.6,
20250514,9:59:04,-82.7,
20250514,9:59:05,-84.8,
20250514,9:59:05,-87,
20250514,9:59:05,-89,
20250514,9:59:05,-90.9,
20250514,9:59:06,-92.5,
20250514,9:59:06,-93.8,
20250514,9:59:06,-94.9,
20250514,9:59:07,-95.9,
20250514,9:59:07,-96.8,
20250514,9:59:07,-97.4,
20250514,9:59:07,-98,
20250514,9:59:08,-97.9,
20250514,9:59:08,-94.4,
20250514,9:59:08,-86.7,
20250514,9:59:08,-80.4,
20250514,9:59:09,-77.7,
20250514,9:59:09,-76.7,
20250514,9:59:09,-76.7,
20250514,9:59:10,-77.6,
20250514,9:59:10,-78.7,
20250514,9:59:10,-80,
20250514,9:59:10,-81.4,
20250514,9:59:11,-82.9,
20250514,9:59:11,-84.6,
20250514,9:59:11,-86.3,
20250514,9:59:12,-87.8,
20250514,9:59:12,-89.1,
20250514,9:59:12,-90.4,
20250514,9:59:12,-91.5,
20250514,9:59:13,-92.4,
20250514,9:59:13,-93.3,
20250514,9:59:13,-93.9,
20250514,9:59:13,-94.5,
20250514,9:59:14,-94.9,
20250514,9:59:14,-95.3,
20250514,9:59:14,-95.6,
20250514,9:59:15,-95.9,
20250514,9:59:15,-96.1,
20250514,9:59:15,-96.2,
20250514,9:59:15,-96.4,
20250514,9:59:16,-96.6,
20250514,9:59:16,-96.9,
20250514,9:59:16,-97.1,
20250514,9:59:17,-97.4,
20250514,9:59:17,-97.8,
20250514,9:59:17,-98.1,
20250514,9:59:17,-98.2,
20250514,9:59:18,-98.4,
20250514,9:59:18,-98.6,
20250514,9:59:18,-98.9,
20250514,9:59:18,-99.1,
20250514,9:59:19,-99.4,
20250514,9:59:19,-99.6,
20250514,9:59:19,-99.8,
20250514,9:59:20,-99.9,
20250514,9:59:20,-100,
20250514,9:59:20,-100.2,
20250514,9:59:20,-100.4,
20250514,9:59:21,-100.6,
20250514,9:59:21,-100.6,
20250514,9:59:21,-100.6,
20250514,9:59:21,-100.7,
20250514,9:59:22,-100.8,
20250514,9:59:22,-100.8,
20250514,9:59:22,-100.9,
20250514,9:59:23,-101,
20250514,9:59:23,-100.9,
20250514,9:59:23,-100.9,
20250514,9:59:23,-101,
20250514,9:59:24,-101.1,
20250514,9:59:24,-101.3,
20250514,9:59:24,-101.5,
20250514,9:59:25,-101.5,
20250514,9:59:25,-101.5,
20250514,9:59:25,-101.5,
20250514,9:59:25,-101.4,
20250514,9:59:26,-101.3,
20250514,9:59:26,-101.4,
20250514,9:59:26,-101.5,
20250514,9:59:26,-101.8,
20250514,9:59:27,-54.2,
20250514,9:59:27,-83.8,
20250514,9:59:27,-94.3,
20250514,9:59:28,-79.3,
20250514,9:59:28,-81.4,
20250514,9:59:28,-84.2,
20250514,9:59:28,-73.2,
20250514,9:59:29,-69.8,
20250514,9:59:29,-75.5,
20250514,9:59:29,-72.4,
20250514,9:59:30,-61.6,
20250514,9:59:30,-90.4,
20250514,9:59:30,-71,
20250514,9:59:30,-70.8,
20250514,9:59:31,-59.3,
20250514,9:59:31,-87.8,
20250514,9:59:31,-77,
20250514,9:59:31,-82.2,
20250514,9:59:32,-90.4,
20250514,9:59:32,-74.2,
20250514,9:59:32,-87.3,
20250514,9:59:33,-90.7,
20250514,9:59:33,-76.1,
20250514,9:59:33,-87.4,
20250514,9:59:33,-89.5,
20250514,9:59:34,-86.5,
20250514,9:59:34,-80.5,
20250514,9:59:34,-93.9,
20250514,9:59:35,-77.6,
20250514,9:59:35,-77.6,
20250514,9:59:35,-87.5,
20250514,9:59:35,-90.3,
20250514,9:59:36,-115.5,
20250514,9:59:36,-81.8,
20250514,9:59:36,-79.3,
20250514,9:59:36,-76.1,
20250514,9:59:37,-49.6,
20250514,9:59:37,-83.1,
20250514,9:59:37,-85.6,
20250514,9:59:38,-85.3,
20250514,9:59:38,-95.8,
20250514,9:59:38,-103,
20250514,9:59:38,-98.4,
20250514,9:59:39,-112.5,
20250514,9:59:39,-92.2,
20250514,9:59:39,-83.6,
20250514,9:59:40,-97,
20250514,9:59:40,-115.7,
20250514,9:59:40,-102.8,
20250514,9:59:40,-101.8,
20250514,9:59:41,-94,
20250514,9:59:41,-94.6,
20250514,9:59:41,-80,
20250514,9:59:41,-86.7,
20250514,9:59:42,-75.7,
20250514,9:59:42,-87,
20250514,9:59:42,-84.5,
20250514,9:59:43,-92.5,
20250514,9:59:43,-86,
20250514,9:59:43,-66.4,
20250514,9:59:43,-67.2,
20250514,9:59:44,-3.8,
20250514,9:59:44,-69.4,
20250514,9:59:44,-99.2,
20250514,9:59:44,-82.9,
20250514,9:59:45,-82.1,
20250514,9:59:45,-115,
20250514,9:59:45,-84.9,
20250514,9:59:46,-98.6,
20250514,9:59:46,-96.5,
20250514,9:59:46,-95.9,
20250514,9:59:46,-83.5,
20250514,9:59:47,-84,
20250514,9:59:47,-85.4,
20250514,9:59:47,-80.7,
20250514,9:59:48,-107.3,
20250514,9:59:48,-93,
20250514,9:59:48,-85.9,
20250514,9:59:48,-101.1,
20250514,9:59:49,-82.7,
20250514,9:59:49,-83.3,
20250514,9:59:49,-91.2,
20250514,9:59:50,-98.7,
20250514,9:59:50,-58.6,
20250514,9:59:50,-102.3,
20250514,9:59:50,-65.1,
20250514,9:59:51,-70.2,
20250514,9:59:51,-73.2,
20250514,9:59:51,-80.9,
20250514,9:59:51,-78.4,
20250514,9:59:52,-75.2,
20250514,9:59:52,-68.8,
20250514,9:59:52,-69.8,
20250514,9:59:53,-52,
20250514,9:59:53,-79.9,
20250514,9:59:53,-101.5,
20250514,9:59:53,-66.6,
20250514,9:59:54,-92.5,
20250514,9:59:54,-76.2,
20250514,9:59:54,-86.1,
20250514,9:59:54,-77.5,
20250514,9:59:55,-78.7,
20250514,9:59:55,-92.5,
20250514,9:59:55,-111.7,
20250514,9:59:56,-77.9,
20250514,9:59:56,-86.1,
20250514,9:59:56,-82.2,
20250514,9:59:56,-87.7,
20250514,9:59:57,-35.8,
20250514,9:59:57,-97.2,
20250514,9:59:57,-92.9,
20250514,9:59:58,-90,
20250514,9:59:58,-104.7,
20250514,9:59:58,-84.2,
20250514,9:59:58,-102,
20250514,9:59:59,-115.4,
20250514,9:59:59,-103.1,
20250514,9:59:59,-83.7,
20250514,10:00:00,-104.9,
20250514,10:00:00,-95.5,
20250514,10:00:00,-114.3,
20250514,10:00:00,-87.8,
20250514,10:00:01,-85.1,
20250514,10:00:01,-93.7,
20250514,10:00:01,-90.7,
20250514,10:00:01,-94.3,
20250514,10:00:02,-97.2,
20250514,10:00:02,-98.5,
20250514,10:00:02,-101.9,
20250514,10:00:03,-87.3,
20250514,10:00:03,-89.8,
20250514,10:00:03,-95.7,
20250514,10:00:03,-90.3,
20250514,10:00:04,-97.6,
20250514,10:00:04,-84.1,
20250514,10:00:04,-90.1,
20250514,10:00:04,-92.3,
20250514,10:00:05,-88.5,
20250514,10:00:05,-100.5,
20250514,10:00:05,-98,
20250514,10:00:06,-91.4,
20250514,10:00:06,-73.3,
20250514,10:00:06,-98.3,
20250514,10:00:06,-80.1,
20250514,10:00:07,-100.9,
20250514,10:00:07,-86.6,
20250514,10:00:07,-98,
20250514,10:00:07,-62.2,
20250514,10:00:08,-96.8,
20250514,10:00:08,-109.2,
20250514,10:00:08,-98.1,
20250514,10:00:09,-111.1,
20250514,10:00:09,-94.1,
20250514,10:00:09,-115.3,
20250514,10:00:09,-87.4,
20250514,10:00:10,-87.9,
20250514,10:00:10,-93.5,
20250514,10:00:10,-54.7,
20250514,10:00:11,-86.8,
20250514,10:00:11,-88.5,
20250514,10:00:11,-91.3,
20250514,10:00:11,-90.6,
20250514,10:00:12,-81.8,
20250514,10:00:12,-111.1,
20250514,10:00:12,-88.5,
20250514,10:00:13,-89.8,
20250514,10:00:13,-105.9,
20250514,10:00:13,-72.7,
20250514,10:00:13,-94.5,
20250514,10:00:14,-84.3,
20250514,10:00:14,-94.6,
20250514,10:00:14,-101.5,
20250514,10:00:14,-89.2,
20250514,10:00:15,-114.8,
20250514,10:00:15,-85.4,
20250514,10:00:15,-93.1,
20250514,10:00:16,-72.4,
20250514,10:00:16,-97.4,
20250514,10:00:16,-102.4,
20250514,10:00:16,-84.9,
20250514,10:00:17,-89.8,
20250514,10:00:17,-87.2,
20250514,10:00:17,-91.2,
20250514,10:00:17,-96.2,
20250514,10:00:18,-114.8,
20250514,10:00:18,-101.2,
20250514,10:00:18,-93,
20250514,10:00:19,-95.8,
20250514,10:00:19,-102.9,
20250514,10:00:19,-100.4,
20250514,10:00:19,-103,
20250514,10:00:20,-88.1,
20250514,10:00:20,-115.4,
20250514,10:00:20,-82.7,
20250514,10:00:21,-92.1,
20250514,10:00:21,-105.1,
20250514,10:00:21,-82.5,
20250514,10:00:21,-95.3,
20250514,10:00:22,-101,
20250514,10:00:22,-64.3,
20250514,10:00:22,-91.1,
20250514,10:00:23,-84,
20250514,10:00:23,-101,
20250514,10:00:23,-80.5,
20250514,10:00:23,-102,
20250514,10:00:24,-83.8,
20250514,10:00:24,-91.5,
20250514,10:00:24,-92.5,
20250514,10:00:24,-58.9,
20250514,10:00:25,-65.9,
20250514,10:00:25,-83.4,
20250514,10:00:25,-68,
20250514,10:00:26,-76,
20250514,10:00:26,-86.8,
20250514,10:00:26,-81.8,
20250514,10:00:26,-71.4,
20250514,10:00:27,-84,
20250514,10:00:27,-96.5,
20250514,10:00:27,-95.6,
20250514,10:00:27,-96.9,
20250514,10:00:28,-69.6,
20250514,10:00:28,-75.2,
20250514,10:00:28,-98,
20250514,10:00:29,-87,
20250514,10:00:29,-105.9,
20250514,10:00:29,-93.9,
20250514,10:00:29,-92.8,
20250514,10:00:30,-58.8,
20250514,10:00:30,-98,
20250514,10:00:30,-92.1,
20250514,10:00:31,-81.8,
20250514,10:00:31,-97.7,
20250514,10:00:31,-100.3,
20250514,10:00:31,-92.1,
20250514,10:00:32,-92.7,
20250514,10:00:32,-115.7,
20250514,10:00:32,-84.9,
20250514,10:00:32,-75.3,
20250514,10:00:33,-89.7,
20250514,10:00:33,-77.6,
20250514,10:00:33,-107.8,
20250514,10:00:34,-84,
20250514,10:00:34,-96.2,
20250514,10:00:34,-94.1,
20250514,10:00:34,-85.1,
20250514,10:00:35,-88.7,
20250514,10:00:35,-85.3,
20250514,10:00:35,-83.5,
20250514,10:00:36,-97.2,
20250514,10:00:36,-62.3,
20250514,10:00:36,-65.9,
20250514,10:00:36,-78.4,
20250514,10:00:37,-86.5,
20250514,10:00:37,-96.5,
20250514,10:00:37,-98,
20250514,10:00:37,-98.7,
20250514,10:00:38,-99.7,
20250514,10:00:38,-114.8,
20250514,10:00:38,-103.8,
20250514,10:00:39,-96.9,
20250514,10:00:39,-112.8,
20250514,10:00:39,-88.1,
20250514,10:00:39,-105.5,
20250514,10:00:40,-95.9,
20250514,10:00:40,-98.1,
20250514,10:00:40,-90.7,
20250514,10:00:40,-87.2,
20250514,10:00:41,-93.6,
20250514,10:00:41,-85.2,
20250514,10:00:41,-93.9,
20250514,10:00:42,-91.8,
20250514,10:00:42,-93.1,
20250514,10:00:42,-116,
20250514,10:00:42,-103.7,
20250514,10:00:43,-86.1,
20250514,10:00:43,-97.7,
20250514,10:00:43,-88,
20250514,10:00:44,-101.3,
20250514,10:00:44,-81.6,
20250514,10:00:44,-93.5,
20250514,10:00:44,-82.2,
20250514,10:00:45,-115.1,
20250514,10:00:45,-91.5,
20250514,10:00:45,-83.6,
20250514,10:00:46,-105.5,
20250514,10:00:46,-85.3,
20250514,10:00:46,-107.6,
20250514,10:00:46,-99.2,
20250514,10:00:47,-98.8,
20250514,10:00:47,-92.8,
20250514,10:00:47,-107.5,
20250514,10:00:47,-99.6,
20250514,10:00:48,-105.5,
20250514,10:00:48,-89.8,
20250514,10:00:48,-94.3,
20250514,10:00:49,-80.1,
20250514,10:00:49,-95.8,
20250514,10:00:49,-69.9,
20250514,10:00:49,-73.1,
20250514,10:00:50,-83.8,
20250514,10:00:50,-98.1,
20250514,10:00:50,-88.9,
20250514,10:00:50,-77.7,
20250514,10:00:51,-105,
20250514,10:00:51,-98.5,
20250514,10:00:51,-80.4,
20250514,10:00:52,-91.2,
20250514,10:00:52,-96.8,
20250514,10:00:52,-79.1,
20250514,10:00:52,-64.8,
20250514,10:00:53,-70.2,
20250514,10:00:53,-88.8,
20250514,10:00:53,-76.4,
20250514,10:00:54,-65.5,
20250514,10:00:54,-79.6,
20250514,10:00:54,-97.7,
20250514,10:00:54,-78.4,
20250514,10:00:55,-92.6,
20250514,10:00:55,-67.8,
20250514,10:00:55,-84.8,
20250514,10:00:55,-97.7,
20250514,10:00:56,-85,
20250514,10:00:56,-86.6,
20250514,10:00:56,-113.3,
20250514,10:00:57,-89.7,
20250514,10:00:57,-84.1,
20250514,10:00:57,-88.6,
20250514,10:00:57,-115,
20250514,10:00:58,-91.5,
20250514,10:00:58,-102.7,
20250514,10:00:58,-101.7,
20250514,10:00:59,-96.3,
20250514,10:00:59,-98.1,
20250514,10:00:59,-99.5,
20250514,10:00:59,-100.4,
20250514,10:01:00,-95.7,
20250514,10:01:00,-96.4,
20250514,10:01:00,-89.4,
20250514,10:01:00,-80.1,
20250514,10:01:01,-96,
20250514,10:01:01,-98.6,
20250514,10:01:01,-85.8,
20250514,10:01:02,-93.8,
20250514,10:01:02,-83.6,
20250514,10:01:02,-110.4,
20250514,10:01:02,-62.2,
20250514,10:01:03,-80.2,
20250514,10:01:03,-100,
20250514,10:01:03,-86.1,
20250514,10:01:04,-72,
20250514,10:01:04,-88.7,
20250514,10:01:04,-81.5,
20250514,10:01:04,-94.7,
20250514,10:01:05,-39.7,
20250514,10:01:05,-76.8,
20250514,10:01:05,-104.2,
20250514,10:01:05,-86.5,
20250514,10:01:06,-87.2,
20250514,10:01:06,-102.9,
20250514,10:01:06,-93.9,
20250514,10:01:07,-92,
20250514,10:01:07,-80.6,
20250514,10:01:07,-89.2,
20250514,10:01:07,-68.9,
20250514,10:01:08,-80.1,
20250514,10:01:08,-71.1,
20250514,10:01:08,-73,
20250514,10:01:09,-80.8,
20250514,10:01:09,-62.1,
20250514,10:01:09,-89.3,
20250514,10:01:09,-68.3,
20250514,10:01:10,-86.8,
20250514,10:01:10,-93,
20250514,10:01:10,-65.2,
20250514,10:01:10,-69.9,
20250514,10:01:11,-88.7,
20250514,10:01:11,-85.2,
20250514,10:01:11,-52.3,
20250514,10:01:12,-86.6,
20250514,10:01:12,-90,
20250514,10:01:12,-90.3,
20250514,10:01:12,-105.4,
20250514,10:01:13,-81.9,
20250514,10:01:13,-86.4,
20250514,10:01:13,-83.7,
20250514,10:01:14,-105.7,
20250514,10:01:14,-80.7,
20250514,10:01:14,-88.8,
20250514,10:01:14,-81.3,
20250514,10:01:15,-75.5,
20250514,10:01:15,-85.8,
20250514,10:01:15,-80.9,
20250514,10:01:15,-82.5,
20250514,10:01:16,-101.1,
20250514,10:01:16,-74.5,
20250514,10:01:16,-76.8,
20250514,10:01:17,-91.2,
20250514,10:01:17,-96.9,
20250514,10:01:17,-93.9,
20250514,10:01:17,-81.8,
20250514,10:01:18,-87.7,
20250514,10:01:18,-101.8,
20250514,10:01:18,-80.4,
20250514,10:01:18,-70.1,
20250514,10:01:19,-96.4,
20250514,10:01:19,-93,
20250514,10:01:19,-100.4,
20250514,10:01:20,-52.1,
20250514,10:01:20,-88.9,
20250514,10:01:20,-72.6,
20250514,10:01:20,-71.8,
20250514,10:01:21,-71.4,
20250514,10:01:21,-79.2,
20250514,10:01:21,-65.9,
20250514,10:01:22,-73.4,
20250514,10:01:22,-84.2,
20250514,10:01:22,-66.8,
20250514,10:01:22,-93.1,
20250514,10:01:23,-73.5,
20250514,10:01:23,-113.5,
20250514,10:01:23,-88.8,
20250514,10:01:23,-65,
20250514,10:01:24,-88.7,
20250514,10:01:24,-75.1,
20250514,10:01:24,-65,
20250514,10:01:25,-85.7,
20250514,10:01:25,-69.6,
20250514,10:01:25,-70.6,
20250514,10:01:25,-64.1,
20250514,10:01:26,-92.2,
20250514,10:01:26,-81.8,
20250514,10:01:26,-76,
20250514,10:01:27,-93.6,
20250514,10:01:27,-86.9,
20250514,10:01:27,-81.1,
20250514,10:01:27,-64.7,
20250514,10:01:28,-83.2,
20250514,10:01:28,-75.1,
20250514,10:01:28,-72.2,
20250514,10:01:28,-83.7,
20250514,10:01:29,-90.3,
20250514,10:01:29,-82.5,
20250514,10:01:29,-65.5,
20250514,10:01:30,-91.8,
20250514,10:01:30,-71.6,
20250514,10:01:30,-57,
20250514,10:01:30,-72.9,
20250514,10:01:31,-69.1,
20250514,10:01:31,-91.5,
20250514,10:01:31,-87.2,
20250514,10:01:31,-82.5,
20250514,10:01:32,-75.7,
20250514,10:01:32,-101.5,
20250514,10:01:32,-85.5,
20250514,10:01:33,-63.3,
20250514,10:01:33,-84.4,
20250514,10:01:33,-98.4,
20250514,10:01:33,-79.1,
20250514,10:01:34,-96.4,
20250514,10:01:34,2.5,
20250514,10:01:34,-73.3,
20250514,10:01:35,-72,
20250514,10:01:35,-91.2,
20250514,10:01:35,-82.7,
20250514,10:01:35,-84.1,
20250514,10:01:36,-73.9,
20250514,10:01:36,-84.8,
20250514,10:01:36,-86.8,
20250514,10:01:37,-84.7,
20250514,10:01:37,-97.2,
20250514,10:01:37,-89.3,
20250514,10:01:37,-83.2,
20250514,10:01:38,-91.5,
20250514,10:01:38,-85.6,
20250514,10:01:38,-115.2,
20250514,10:01:38,-114.4,
20250514,10:01:39,-78.1,
20250514,10:01:39,-59.8,
20250514,10:01:39,-79.6,
20250514,10:01:40,-116,
20250514,10:01:40,-86.4,
20250514,10:01:40,-91.2,
20250514,10:01:40,-90.3,
20250514,10:01:41,-36.1,
20250514,10:01:41,-90.3,
20250514,10:01:41,-115,
20250514,10:01:41,-79.8,
20250514,10:01:42,-115.8,
20250514,10:01:42,-78.5,
20250514,10:01:42,-87.6,
20250514,10:01:43,-88.9,
20250514,10:01:43,-98.9,
20250514,10:01:43,-70.3,
20250514,10:01:43,-82.5,
20250514,10:01:44,-88.7,
20250514,10:01:44,-69.3,
20250514,10:01:44,-92.9,
20250514,10:01:45,-73.9,
20250514,10:01:45,-51.1,
20250514,10:01:45,-114.3,
20250514,10:01:45,-101.4,
20250514,10:01:46,-89.5,
20250514,10:01:46,-87.8,
20250514,10:01:46,-83.1,
20250514,10:01:46,-94.4,
20250514,10:01:47,-91.4,
20250514,10:01:47,-86.8,
20250514,10:01:47,-98.5,
20250514,10:01:48,-82,
20250514,10:01:48,-83.3,
20250514,10:01:48,-94.6,
20250514,10:01:48,-97.2,
20250514,10:01:49,-104.4,
20250514,10:01:49,-101.6,
20250514,10:01:49,-99,
20250514,10:01:50,-85.5,
20250514,10:01:50,-92.2,
20250514,10:01:50,-115.8,
20250514,10:01:50,-80.5,
20250514,10:01:51,-93.1,
20250514,10:01:51,-97.4,
20250514,10:01:51,-105.8,
20250514,10:01:51,-78.4,
20250514,10:01:52,-89.6,
20250514,10:01:52,-91.1,
20250514,10:01:52,-100.9,
20250514,10:01:53,-82.1,
20250514,10:01:53,-86.6,
20250514,10:01:53,-88.7,
20250514,10:01:53,-93.9,
20250514,10:01:54,-90.9,
20250514,10:01:54,-97.6,
20250514,10:01:54,-82.9,
20250514,10:01:54,-79.2,
20250514,10:01:55,-44.5,
20250514,10:01:55,-91,
20250514,10:01:55,-87.9,
20250514,10:01:56,-97.6,
20250514,10:01:56,-98.7,
20250514,10:01:56,-87.5,
20250514,10:01:56,-70.7,
20250514,10:01:57,-73.9,
20250514,10:01:57,-112.2,
20250514,10:01:57,-74.8,
20250514,10:01:58,-82.9,
20250514,10:01:58,-86.3,
20250514,10:01:58,-69.5,
20250514,10:01:58,-61.3,
20250514,10:01:59,-82.3,
20250514,10:01:59,-87.2,
20250514,10:01:59,-75.9,
20250514,10:01:59,-70.5,
20250514,10:02:00,-75.3,
20250514,10:02:00,-74.1,
20250514,10:02:00,-67.4,
20250514,10:02:01,-69.5,
20250514,10:02:01,-92.4,
20250514,10:02:01,-66,
20250514,10:02:01,-81,
20250514,10:02:02,-80.5,
20250514,10:02:02,-108,
20250514,10:02:02,-87.1,
20250514,10:02:03,-80.9,
20250514,10:02:03,-66.1,
20250514,10:02:03,-84.6,
20250514,10:02:03,-115.3,
20250514,10:02:04,-86.9,
20250514,10:02:04,-84.5,
20250514,10:02:04,-62.4,
20250514,10:02:04,-87.8,
20250514,10:02:05,-72.7,
20250514,10:02:05,-83.1,
20250514,10:02:05,-76.8,
20250514,10:02:06,-106.9,
20250514,10:02:06,-81.2,
20250514,10:02:06,-115.3,
20250514,10:02:06,-76.1,
20250514,10:02:07,-86.1,
20250514,10:02:07,-80.8,
20250514,10:02:07,-90,
20250514,10:02:08,-108.9,
20250514,10:02:08,-86.5,
20250514,10:02:08,-87.3,
20250514,10:02:08,-82.4,
20250514,10:02:09,-100,
20250514,10:02:09,-75.3,
20250514,10:02:09,-84.9,
20250514,10:02:09,-85.1,
20250514,10:02:10,-60.3,
20250514,10:02:10,-90.2,
20250514,10:02:10,-94.1,
20250514,10:02:11,-73.9,
20250514,10:02:11,-91,
20250514,10:02:11,-77.8,
20250514,10:02:11,-86.2,
20250514,10:02:12,-112.1,
20250514,10:02:12,-79.7,
20250514,10:02:12,-80.5,
20250514,10:02:13,-82.9,
20250514,10:02:13,-79.9,
20250514,10:02:13,-82.6,
20250514,10:02:13,-84.7,
20250514,10:02:14,-76.7,
20250514,10:02:14,-92.2,
20250514,10:02:14,-70,
20250514,10:02:14,-83.5,
20250514,10:02:15,-68.1,
20250514,10:02:15,-87.3,
20250514,10:02:15,-113.5,
20250514,10:02:16,-87.1,
20250514,10:02:16,-91,
20250514,10:02:16,-84.4,
20250514,10:02:16,-52.8,
20250514,10:02:17,-85.8,
20250514,10:02:17,-80.3,
20250514,10:02:17,-95.7,
20250514,10:02:18,-66,
20250514,10:02:18,-53.9,
20250514,10:02:18,-85.1,
20250514,10:02:18,-85.5,
20250514,10:02:19,-81.8,
20250514,10:02:19,-70.1,
20250514,10:02:19,3.3,
20250514,10:02:19,-91.2,
20250514,10:02:20,-60.5,
20250514,10:02:20,-84,
20250514,10:02:20,-90.9,
20250514,10:02:21,-75,
20250514,10:02:21,-85.6,
20250514,10:02:21,-83.1,
20250514,10:02:21,-87.6,
20250514,10:02:22,-85.9,
20250514,10:02:22,-6.7,
20250514,10:02:22,-89.3,
20250514,10:02:22,-74.3,
20250514,10:02:23,-81.8,
20250514,10:02:23,-81,
20250514,10:02:23,-78.3,
20250514,10:02:24,-104.2,
20250514,10:02:24,-83,
20250514,10:02:24,-84.1,
20250514,10:02:24,-89.5,
20250514,10:02:25,-81,
20250514,10:02:25,-98,
20250514,10:02:25,-35.7,
20250514,10:02:26,-84.7,
20250514,10:02:26,-86.3,
20250514,10:02:26,-73,
20250514,10:02:26,-87.5,
20250514,10:02:27,-79.4,
20250514,10:02:27,-73.8,
20250514,10:02:27,-70.4,
20250514,10:02:27,-78.5,
20250514,10:02:28,-97,
20250514,10:02:28,-83.7,
20250514,10:02:28,-88.7,
20250514,10:02:29,-79.3,
20250514,10:02:29,-91.8,
20250514,10:02:29,-45.3,
20250514,10:02:29,-81,
20250514,10:02:30,-93,
20250514,10:02:30,-98.4,
20250514,10:02:30,-88.6,
20250514,10:02:31,-81.4,
20250514,10:02:31,-64.6,
20250514,10:02:31,-93.4,
20250514,10:02:31,-72.3,
20250514,10:02:32,-69,
20250514,10:02:32,-94.5,
20250514,10:02:32,-79.8,
20250514,10:02:32,-64.5,
20250514,10:02:33,-84.2,
20250514,10:02:33,-80.1,
20250514,10:02:33,-84,
20250514,10:02:34,-89.2,
20250514,10:02:34,-84.7,
20250514,10:02:34,-78,
20250514,10:02:34,-83.1,
20250514,10:02:35,-72.5,
20250514,10:02:35,-92.1,
20250514,10:02:35,-97.2,
20250514,10:02:36,-90.4,
20250514,10:02:36,-91.2,
20250514,10:02:36,-90.3,
20250514,10:02:36,-53.2,
20250514,10:02:37,-86.1,
20250514,10:02:37,-91.6,
20250514,10:02:37,-84.9,
20250514,10:02:37,-85.2,
20250514,10:02:38,-88.5,
20250514,10:02:38,-87.3,
20250514,10:02:38,-84.1,
20250514,10:02:39,-76.7,
20250514,10:02:39,-116.2,
20250514,10:02:39,-77.5,
20250514,10:02:39,-87.7,
20250514,10:02:40,-86.4,
20250514,10:02:40,-68.8,
20250514,10:02:40,-86.2,
20250514,10:02:40,-77.2,
20250514,10:02:41,-77.7,
20250514,10:02:41,-101,
20250514,10:02:41,-80,
20250514,10:02:42,-82.6,
20250514,10:02:42,-113.7,
20250514,10:02:42,-79.3,
20250514,10:02:42,-87.8,
20250514,10:02:43,-82.7,
20250514,10:02:43,-112.3,
20250514,10:02:43,-72.8,
20250514,10:02:44,-84,
20250514,10:02:44,-94.2,
20250514,10:02:44,-78.5,
20250514,10:02:44,-80.8,
20250514,10:02:45,-50.5,
20250514,10:02:45,-93.2,
20250514,10:02:45,-79.2,
20250514,10:02:45,-80.6,
20250514,10:02:46,-86.4,
20250514,10:02:46,-28.4,
20250514,10:02:46,-67.8,
20250514,10:02:47,-74.7,
20250514,10:02:47,-73.2,
20250514,10:02:47,-72.6,
20250514,10:02:47,-73,
20250514,10:02:48,-74.1,
20250514,10:02:48,-75.7,
20250514,10:02:48,-77.6,
20250514,10:02:49,-79.7,
20250514,10:02:49,-81.7,
20250514,10:02:49,-83.6,
20250514,10:02:49,-85.2,
20250514,10:02:50,-86.7,
20250514,10:02:50,-88,
20250514,10:02:50,-89.2,
20250514,10:02:50,-90.2,
20250514,10:02:51,-91,
20250514,10:02:51,-91.7,
20250514,10:02:51,-92.5,
20250514,10:02:52,-93.1,
20250514,10:02:52,-93.3,
20250514,10:02:52,-93.3,
20250514,10:02:52,-93.3,
20250514,10:02:53,-93.5,
20250514,10:02:53,-93.6,
20250514,10:02:53,-93.8,
20250514,10:02:54,-93.8,
20250514,10:02:54,-93.7,
20250514,10:02:54,-93.2,
20250514,10:02:54,-92.6,
20250514,10:02:55,-91.9,
20250514,10:02:55,-91.4,
20250514,10:02:55,-91.2,
20250514,10:02:55,-91.3,
20250514,10:02:56,-91.6,
20250514,10:02:56,-92,
20250514,10:02:56,-92.3,
20250514,10:02:57,-92.8,
20250514,10:02:57,-93,
20250514,10:02:57,-93.3,
20250514,10:02:57,-93.6,
20250514,10:02:58,-93.8,
20250514,10:02:58,-94,
20250514,10:02:58,-94.2,
20250514,10:02:59,-94.4,
20250514,10:02:59,-94.6,
20250514,10:02:59,-94.7,
20250514,10:02:59,-94.9,
20250514,10:03:00,-95,
20250514,10:03:00,-95.1,
20250514,10:03:00,-95.3,
20250514,10:03:00,-95.4,
20250514,10:03:01,-95.5,
20250514,10:03:01,-95.5,
20250514,10:03:01,-95.5,
20250514,10:03:02,-95.5,
20250514,10:03:02,-95.6,
20250514,10:03:02,-95.6,
20250514,10:03:02,-95.7,
20250514,10:03:03,-95.6,
20250514,10:03:03,-95.7,
20250514,10:03:03,-95.8,
20250514,10:03:03,-95.9,
20250514,10:03:04,-96,
20250514,10:03:04,-96.1,
20250514,10:03:04,-96.3,
20250514,10:03:05,-96.4,
20250514,10:03:05,-96.4,
20250514,10:03:05,-96.2,
20250514,10:03:05,-96.1,
20250514,10:03:06,-96.1,
20250514,10:03:06,-96.1,
20250514,10:03:06,-96.3,
20250514,10:03:07,-96.4,
20250514,10:03:07,-96.5,
20250514,10:03:07,-96.6,
20250514,10:03:07,-96.8,
20250514,10:03:08,-96.9,
20250514,10:03:08,-97.1,
20250514,10:03:08,-97.1,
20250514,10:03:08,-97.2,
20250514,10:03:09,-97.2,
20250514,10:03:09,-97.3,
20250514,10:03:09,-97.4,
20250514,10:03:10,-97.5,
20250514,10:03:10,-97.4,
20250514,10:03:10,-97.4,
20250514,10:03:10,-97.6,
20250514,10:03:11,-97.6,
20250514,10:03:11,-97.7,
20250514,10:03:11,-97.7,
20250514,10:03:12,-97.9,
20250514,10:03:12,-97.9,
20250514,10:03:12,-97.9,
20250514,10:03:12,-98,
20250514,10:03:13,-98.1,
20250514,10:03:13,-98.1,
20250514,10:03:13,-97.8,
20250514,10:03:13,-96.9,
20250514,10:03:14,-95.9,
20250514,10:03:14,-94.9,
20250514,10:03:14,-94.6,
20250514,10:03:15,-94.6,
20250514,10:03:15,-94.6,
20250514,10:03:15,-94.6,
20250514,10:03:15,-94.7,
20250514,10:03:16,-94.7,
20250514,10:03:16,-94.5,
20250514,10:03:16,-94.7,
20250514,10:03:17,-94.9,
20250514,10:03:17,-95.4,
20250514,10:03:17,-94.7,
20250514,10:03:17,-92.4,
20250514,10:03:18,-90.1,
20250514,10:03:18,-88.7,
20250514,10:03:18,-88.1,
20250514,10:03:18,-88.2,
20250514,10:03:19,-88.8,
20250514,10:03:19,-89.7,
20250514,10:03:19,-90.8,
20250514,10:03:20,-91.6,
20250514,10:03:20,-91.6,
20250514,10:03:20,-90.3,
20250514,10:03:20,-88.7,
20250514,10:03:21,-87.5,
20250514,10:03:21,-87.1,
20250514,10:03:21,-87.5,
20250514,10:03:21,-88.2,
20250514,10:03:22,-88.9,
20250514,10:03:22,-89,
20250514,10:03:22,-87,
20250514,10:03:23,-82.8,
20250514,10:03:23,-79.3,
20250514,10:03:23,-77,
20250514,10:03:23,-76.1,
20250514,10:03:24,-75.9,
20250514,10:03:24,-76.4,
20250514,10:03:24,-77.3,
20250514,10:03:25,-78.5,
20250514,10:03:25,-79.4,
20250514,10:03:25,-80,
20250514,10:03:25,-80.3,
20250514,10:03:26,-81.1,
20250514,10:03:26,-82,
20250514,10:03:26,-82.8,
20250514,10:03:26,-83.7,
20250514,10:03:27,-84.5,
20250514,10:03:27,-85.3,
20250514,10:03:27,-86.1,
20250514,10:03:28,-87,
20250514,10:03:28,-87.6,
20250514,10:03:28,-88,
20250514,10:03:28,-88.2,
20250514,10:03:29,-88,
20250514,10:03:29,-87.3,
20250514,10:03:29,-86.3,
20250514,10:03:30,-85.6,
20250514,10:03:30,-85.3,
20250514,10:03:30,-85,
20250514,10:03:30,-84.1,
20250514,10:03:31,-83.2,
20250514,10:03:31,-82.2,
20250514,10:03:31,-79.7,
20250514,10:03:31,-77.1,
20250514,10:03:32,-74.8,
20250514,10:03:32,-72.5,
20250514,10:03:32,-70.2,
20250514,10:03:33,-69,
20250514,10:03:33,-68.5,
20250514,10:03:33,-68.7,
20250514,10:03:33,-69.5,
20250514,10:03:34,-70.5,
20250514,10:03:34,-71,
20250514,10:03:34,-70.9,
20250514,10:03:34,-70.6,
20250514,10:03:35,-70.7,
20250514,10:03:35,-71.1,
20250514,10:03:35,-72,
20250514,10:03:36,-73.2,
20250514,10:03:36,-74.4,
20250514,10:03:36,-75.9,
20250514,10:03:36,-77.4,
20250514,10:03:37,-78.6,
20250514,10:03:37,-79.5,
20250514,10:03:37,-79.7,
20250514,10:03:38,-79.8,
20250514,10:03:38,-80.1,
20250514,10:03:38,-80.4,
20250514,10:03:38,-80.6,
20250514,10:03:39,-80.7,
20250514,10:03:39,-81,
20250514,10:03:39,-81.1,
20250514,10:03:40,-81.3,
20250514,10:03:40,-81.6,
20250514,10:03:40,-81.9,
20250514,10:03:40,-82.2,
20250514,10:03:41,-82.7,
20250514,10:03:41,-83.1,
20250514,10:03:41,-83.3,
20250514,10:03:41,-82.8,
20250514,10:03:42,-82,
20250514,10:03:42,-81.9,
20250514,10:03:42,-82.5,
20250514,10:03:43,-83.3,
20250514,10:03:43,-84.2,
20250514,10:03:43,-84.7,
20250514,10:03:43,-85,
20250514,10:03:44,-85.1,
20250514,10:03:44,-84.2,
20250514,10:03:44,-83.1,
20250514,10:03:44,-82.3,
20250514,10:03:45,-81.4,
20250514,10:03:45,-79.8,
20250514,10:03:45,-78.6,
20250514,10:03:46,-78.1,
20250514,10:03:46,-78.3,
20250514,10:03:46,-78,
20250514,10:03:46,-77.2,
20250514,10:03:47,-75.9,
20250514,10:03:47,-74.9,
20250514,10:03:47,-74.4,
20250514,10:03:48,-74.6,
20250514,10:03:48,-75.3,
20250514,10:03:48,-76.4,
20250514,10:03:48,-77.5,
20250514,10:03:49,-78.4,
20250514,10:03:49,-79.4,
20250514,10:03:49,-80.2,
20250514,10:03:49,-81,
20250514,10:03:50,-81.7,
20250514,10:03:50,-82.3,
20250514,10:03:50,-82.8,
20250514,10:03:51,-83.3,
20250514,10:03:51,-83.6,
20250514,10:03:51,-84,
20250514,10:03:51,-84.4,
20250514,10:03:52,-84.6,
20250514,10:03:52,-84.4,
20250514,10:03:52,-83.5,
20250514,10:03:53,-83,
20250514,10:03:53,-83.6,
20250514,10:03:53,-84.5,
20250514,10:03:53,-85.4,
20250514,10:03:54,-86.1,
20250514,10:03:54,-86.5,
20250514,10:03:54,-86.7,
20250514,10:03:54,-86.7,
20250514,10:03:55,-86.2,
20250514,10:03:55,-85.5,
20250514,10:03:55,-85.1,
20250514,10:03:56,-84.9,
20250514,10:03:56,-84.4,
20250514,10:03:56,-83.6,
20250514,10:03:56,-83,
20250514,10:03:57,-82.9,
20250514,10:03:57,-82.8,
20250514,10:03:57,-83.1,
20250514,10:03:57,-83.6,
20250514,10:03:58,-84.2,
20250514,10:03:58,-84.8,
20250514,10:03:58,-85.4,
20250514,10:03:59,-86.1,
20250514,10:03:59,-86.6,
20250514,10:03:59,-87,
20250514,10:03:59,-87.1,
20250514,10:04:00,-87.4,
20250514,10:04:00,-87.4,
20250514,10:04:00,-87.2,
20250514,10:04:01,-87,
20250514,10:04:01,-87.1,
20250514,10:04:01,-87.7,
20250514,10:04:01,-88.2,
20250514,10:04:02,-87.8,
20250514,10:04:02,-86.7,
20250514,10:04:02,-85.7,
20250514,10:04:02,-85,
20250514,10:04:03,-84.5,
20250514,10:04:03,-84.4,
20250514,10:04:03,-84.5,
20250514,10:04:04,-84.5,
20250514,10:04:04,-84.5,
20250514,10:04:04,-84.7,
20250514,10:04:04,-85.2,
20250514,10:04:05,-85.3,
20250514,10:04:05,-84.7,
20250514,10:04:05,-84,
20250514,10:04:06,-84.4,
20250514,10:04:06,-85.7,
20250514,10:04:06,-86.6,
20250514,10:04:06,-87,
20250514,10:04:07,-87,
20250514,10:04:07,-86.9,
20250514,10:04:07,-86.4,
20250514,10:04:07,-86.1,
20250514,10:04:08,-86,
20250514,10:04:08,-86,
20250514,10:04:08,-86.1,
20250514,10:04:09,-86.5,
20250514,10:04:09,-87,
20250514,10:04:09,-87.4,
20250514,10:04:09,-87.6,
20250514,10:04:10,-87.7,
20250514,10:04:10,-87.2,
20250514,10:04:10,-86.2,
20250514,10:04:11,-86,
20250514,10:04:11,-85.6,
20250514,10:04:11,-83.6,
20250514,10:04:11,-80.8,
20250514,10:04:12,-78.7,
20250514,10:04:12,-77.6,
20250514,10:04:12,-77.6,
20250514,10:04:12,-77.9,
20250514,10:04:13,-78.5,
20250514,10:04:13,-79.7,
20250514,10:04:13,-80.9,
20250514,10:04:14,-82,
20250514,10:04:14,-83.1,
20250514,10:04:14,-84.2,
20250514,10:04:14,-85.1,
20250514,10:04:15,-85.8,
20250514,10:04:15,-86.4,
20250514,10:04:15,-86.9,
20250514,10:04:15,-87.3,
20250514,10:04:16,-87.7,
20250514,10:04:16,-88,
20250514,10:04:16,-88.3,
20250514,10:04:17,-88.6,
20250514,10:04:17,-88.8,
20250514,10:04:17,-88.9,
20250514,10:04:17,-89.2,
20250514,10:04:18,-89.3,
20250514,10:04:18,-89.5,
20250514,10:04:18,-89.6,
20250514,10:04:19,-89.7,
20250514,10:04:19,-89.5,
20250514,10:04:19,-89.2,
20250514,10:04:19,-88.9,
20250514,10:04:20,-88.9,
20250514,10:04:20,-89,
20250514,10:04:20,-89.4,
20250514,10:04:21,-89.6,
20250514,10:04:21,-89.9,
20250514,10:04:21,-90.1,
20250514,10:04:21,-90.4,
20250514,10:04:22,-90.4,
20250514,10:04:22,-90.2,
20250514,10:04:22,-89.6,
20250514,10:04:22,-89.3,
20250514,10:04:23,-89.3,
20250514,10:04:23,-89.5,
20250514,10:04:23,-89.8,
20250514,10:04:24,-90.1,
20250514,10:04:24,-90.3,
20250514,10:04:24,-90.4,
20250514,10:04:24,-90.5,
20250514,10:04:25,-90.6,
20250514,10:04:25,-90.6,
20250514,10:04:25,-90.6,
20250514,10:04:25,-90.5,
20250514,10:04:26,-90.4,
20250514,10:04:26,-90.4,
20250514,10:04:26,-90.3,
20250514,10:04:27,-90.4,
20250514,10:04:27,-90.4,
20250514,10:04:27,-90.5,
20250514,10:04:27,-90.5,
20250514,10:04:28,-90.8,
20250514,10:04:28,-90.8,
20250514,10:04:28,-90.9,
20250514,10:04:29,-90.9,
20250514,10:04:29,-90.9,
20250514,10:04:29,-90.9,
20250514,10:04:29,-91,
20250514,10:04:30,-91.1,
20250514,10:04:30,-91.1,
20250514,10:04:30,-91,
20250514,10:04:30,-90.4,
20250514,10:04:31,-89.8,
20250514,10:04:31,-89.7,
20250514,10:04:31,-89.8,
20250514,10:04:32,-90,
20250514,10:04:32,-90.2,
20250514,10:04:32,-90.4,
20250514,10:04:32,-90.5,
20250514,10:04:33,-90.7,
20250514,10:04:33,-90.8,
20250514,10:04:33,-90.8,
20250514,10:04:34,-90.9,
20250514,10:04:34,-91,
20250514,10:04:34,-91.1,
20250514,10:04:34,-91,
20250514,10:04:35,-91.1,
20250514,10:04:35,-91.2,
20250514,10:04:35,-91.2,
20250514,10:04:35,-91.2,
20250514,10:04:36,-91.2,
20250514,10:04:36,-91.2,
20250514,10:04:36,-90.5,
20250514,10:04:37,-89.6,
20250514,10:04:37,-89,
20250514,10:04:37,-89.1,
20250514,10:04:37,-89.7,
20250514,10:04:38,-90.1,
20250514,10:04:38,-90.4,
20250514,10:04:38,-90.4,
20250514,10:04:38,-90.7,
20250514,10:04:39,-90.5,
20250514,10:04:39,-89.6,
20250514,10:04:39,-87.9,
20250514,10:04:40,-86.7,
20250514,10:04:40,-86.1,
20250514,10:04:40,-85.8,
20250514,10:04:40,-86,
20250514,10:04:41,-86.5,
20250514,10:04:41,-87.1,
20250514,10:04:41,-87.8,
20250514,10:04:42,-88.6,
20250514,10:04:42,-89.3,
20250514,10:04:42,-89.8,
20250514,10:04:42,-90.7,
20250514,10:04:43,-91.2,
20250514,10:04:43,-89.9,
20250514,10:04:43,-87.5,
20250514,10:04:43,-85.6,
20250514,10:04:44,-84.6,
20250514,10:04:44,-84.4,
20250514,10:04:44,-84.6,
20250514,10:04:45,-85.3,
20250514,10:04:45,-86.1,
20250514,10:04:45,-87.1,
20250514,10:04:45,-88,
20250514,10:04:46,-88.8,
20250514,10:04:46,-89.5,
20250514,10:04:46,-90.1,
20250514,10:04:47,-90.6,
20250514,10:04:47,-90.9,
20250514,10:04:47,-91,
20250514,10:04:47,-90.6,
20250514,10:04:48,-90,
20250514,10:04:48,-89.8,
20250514,10:04:48,-90.2,
20250514,10:04:48,-90.6,
20250514,10:04:49,-90.4,
20250514,10:04:49,-89.9,
20250514,10:04:49,-88.9,
20250514,10:04:50,-87.3,
20250514,10:04:50,-86,
20250514,10:04:50,-85.4,
20250514,10:04:50,-84.9,
20250514,10:04:51,-84.4,
20250514,10:04:51,-84.2,
20250514,10:04:51,-84.4,
20250514,10:04:52,-84.9,
20250514,10:04:52,-85.5,
20250514,10:04:52,-86,
20250514,10:04:52,-85.6,
20250514,10:04:53,-84.9,
20250514,10:04:53,-84.8,
20250514,10:04:53,-85.3,
20250514,10:04:53,-85.8,
20250514,10:04:54,-86.2,
20250514,10:04:54,-86.7,
20250514,10:04:54,-87,
20250514,10:04:55,-87.4,
20250514,10:04:55,-87.8,
20250514,10:04:55,-88.1,
20250514,10:04:55,-88.5,
20250514,10:04:56,-88.7,
20250514,10:04:56,-88.6,
20250514,10:04:56,-88,
20250514,10:04:56,-87.6,
20250514,10:04:57,-87.3,
20250514,10:04:57,-87.6,
20250514,10:04:57,-87.9,
20250514,10:04:58,-88.6,
20250514,10:04:58,-88.9,
20250514,10:04:58,-89.2,
20250514,10:04:58,-89.5,
20250514,10:04:59,-89.8,
20250514,10:04:59,-90,
20250514,10:04:59,-90.3,
20250514,10:05:00,-90.2,
20250514,10:05:00,-90.3,
20250514,10:05:00,-90.3,
20250514,10:05:00,-90.3,
20250514,10:05:01,-90.3,
20250514,10:05:01,-90.4,
20250514,10:05:01,-90.5,
20250514,10:05:01,-90.5,
20250514,10:05:02,-90.7,
20250514,10:05:02,-90.7,
20250514,10:05:02,-91,
20250514,10:05:03,-91,
20250514,10:05:03,-91.2,
20250514,10:05:03,-91.2,
20250514,10:05:03,-91.4,
20250514,10:05:04,-91.4,
20250514,10:05:04,-91.6,
20250514,10:05:04,-91.8,
20250514,10:05:05,-91.8,
20250514,10:05:05,-91.9,
20250514,10:05:05,-92,
20250514,10:05:05,-92.1,
20250514,10:05:06,-92.1,
20250514,10:05:06,-92.1,
20250514,10:05:06,-92.1,
20250514,10:05:06,-92.2,
20250514,10:05:07,-92.1,
20250514,10:05:07,-92.1,
20250514,10:05:07,-91.9,
20250514,10:05:08,-91.9,
20250514,10:05:08,-92.1,
20250514,10:05:08,-92.3,
20250514,10:05:08,-92.5,
20250514,10:05:09,-92.5,
20250514,10:05:09,-92.6,
20250514,10:05:09,-92.8,
20250514,10:05:10,-92.8,
20250514,10:05:10,-92.8,
20250514,10:05:10,-92.8,
20250514,10:05:10,-92.8,
20250514,10:05:11,-92.8,
20250514,10:05:11,-92.7,
20250514,10:05:11,-92.7,
20250514,10:05:11,-92.9,
20250514,10:05:12,-92.9,
20250514,10:05:12,-93,
20250514,10:05:12,-93,
20250514,10:05:13,-93.2,
20250514,10:05:13,-93.2,
20250514,10:05:13,-93,
20250514,10:05:13,-92.8,
20250514,10:05:14,-92.6,
20250514,10:05:14,-92.3,
20250514,10:05:14,-92.2,
20250514,10:05:15,-92.3,
20250514,10:05:15,-92.4,
20250514,10:05:15,-92.6,
20250514,10:05:15,-92.4,
20250514,10:05:16,-91.4,
20250514,10:05:16,-90.2,
20250514,10:05:16,-89.5,
20250514,10:05:16,-89.4,
20250514,10:05:17,-89,
20250514,10:05:17,-88.4,
20250514,10:05:17,-88.5,
20250514,10:05:18,-89.1,
20250514,10:05:18,-89.6,
20250514,10:05:18,-90,
20250514,10:05:18,-90.1,
20250514,10:05:19,-90.2,
20250514,10:05:19,-89.8,
20250514,10:05:19,-89.5,
20250514,10:05:19,-89.5,
20250514,10:05:20,-89.5,
20250514,10:05:20,-89.2,
20250514,10:05:20,-89.1,
20250514,10:05:21,-89.5,
20250514,10:05:21,-89.8,
20250514,10:05:21,-89.9,
20250514,10:05:21,-89.8,
20250514,10:05:22,-89.3,
20250514,10:05:22,-88.7,
20250514,10:05:22,-88.4,
20250514,10:05:23,-88.3,
20250514,10:05:23,-88.6,
20250514,10:05:23,-88.9,
20250514,10:05:23,-89,
20250514,10:05:24,-89.5,
20250514,10:05:24,-89.9,
20250514,10:05:24,-90.4,
20250514,10:05:24,-90.8,
20250514,10:05:25,-91.1,
20250514,10:05:25,-91.4,
20250514,10:05:25,-91.7,
20250514,10:05:26,-92.1,
20250514,10:05:26,-92.4,
20250514,10:05:26,-92.3,
20250514,10:05:26,-92.6,
20250514,10:05:27,-93,
20250514,10:05:27,-92.7,
20250514,10:05:27,-92.1,
20250514,10:05:28,-91.5,
20250514,10:05:28,-86.8,
20250514,10:05:28,-85,
20250514,10:05:28,-85.3,
20250514,10:05:29,-85.8,
20250514,10:05:29,-85.4,
20250514,10:05:29,-85.3,
20250514,10:05:29,-85.3,
20250514,10:05:30,-85.1,
20250514,10:05:30,-85,
20250514,10:05:30,-84.7,
20250514,10:05:31,-84.4,
20250514,10:05:31,-84.3,
20250514,10:05:31,-84.2,
20250514,10:05:31,-84,
20250514,10:05:32,-83.8,
20250514,10:05:32,-83.7,
20250514,10:05:32,-83.6,
20250514,10:05:33,-83.6,
20250514,10:05:33,-83.3,
20250514,10:05:33,-83.2,
20250514,10:05:33,-83.1,
20250514,10:05:34,-82.9,
20250514,10:05:34,-82.7,
20250514,10:05:34,-82.7,
20250514,10:05:34,-82.5,
20250514,10:05:35,-82.5,
20250514,10:05:35,-82.3,
20250514,10:05:35,-82.2,
20250514,10:05:36,-82,
20250514,10:05:36,-81.8,
20250514,10:05:36,-81.7,
20250514,10:05:36,-81.7,
20250514,10:05:37,-81.5,
20250514,10:05:37,-81.4,
20250514,10:05:37,-81.2,
20250514,10:05:37,-81,
20250514,10:05:38,-81,
20250514,10:05:38,-80.9,
20250514,10:05:38,-80.7,
20250514,10:05:39,-80.5,
20250514,10:05:39,-80.3,
20250514,10:05:39,-80.2,
20250514,10:05:39,-80.1,
20250514,10:05:40,-80,
20250514,10:05:40,-79.8,
20250514,10:05:40,-79.8,
20250514,10:05:41,-79.6,
20250514,10:05:41,-79.5,
20250514,10:05:41,-79.3,
20250514,10:05:41,-79.2,
20250514,10:05:42,-79.1,
20250514,10:05:42,-79.1,
20250514,10:05:42,-79,
20250514,10:05:42,-78.8,
20250514,10:05:43,-78.6,
20250514,10:05:43,-78.5,
20250514,10:05:43,-78.4,
20250514,10:05:44,-78.4,
20250514,10:05:44,-78.3,
20250514,10:05:44,-78.1,
20250514,10:05:44,-78,
20250514,10:05:45,-77.9,
20250514,10:05:45,-77.7,
20250514,10:05:45,-77.6,
20250514,10:05:46,-77.6,
20250514,10:05:46,-77.4,
20250514,10:05:46,-77.2,
20250514,10:05:46,-77,
20250514,10:05:47,-77,
20250514,10:05:47,-76.9,
20250514,10:05:47,-76.7,
20250514,10:05:47,-76.7,
20250514,10:05:48,-76.5,
20250514,10:05:48,-76.3,
20250514,10:05:48,-76.2,
20250514,10:05:49,-76,
20250514,10:05:49,-75.9,
20250514,10:05:49,-75.8,
20250514,10:05:49,-75.6,
20250514,10:05:50,-75.4,
20250514,10:05:50,-75.2,
20250514,10:05:50,-75.1,
20250514,10:05:51,-75,
20250514,10:05:51,-74.5,
20250514,10:05:51,-73.9,
20250514,10:05:51,-74,
20250514,10:05:52,-73.6,
20250514,10:05:52,-73.3,
20250514,10:05:52,-73.3,
20250514,10:05:52,-73.1,
20250514,10:05:53,-73.1,
20250514,10:05:53,-73,
20250514,10:05:53,-73,
20250514,10:05:54,-72.9,
20250514,10:05:54,-72.7,
20250514,10:05:54,-72.5,
20250514,10:05:54,-72.5,
20250514,10:05:55,-72.4,
20250514,10:05:55,-72.2,
20250514,10:05:55,-72.1,
20250514,10:05:55,-72,
20250514,10:05:56,-71.8,
20250514,10:05:56,-71.7,
20250514,10:05:56,-71.6,
20250514,10:05:57,-71.6,
20250514,10:05:57,-71.4,
20250514,10:05:57,-71.3,
20250514,10:05:57,-71.1,
20250514,10:05:58,-71,
20250514,10:05:58,-70.8,
20250514,10:05:58,-70.7,
20250514,10:05:59,-70.6,
20250514,10:05:59,-70.4,
20250514,10:05:59,-70.3,
20250514,10:05:59,-70.1,
20250514,10:06:00,-70,
20250514,10:06:00,-69.9,
20250514,10:06:00,-69.8,
20250514,10:06:00,-69.7,
20250514,10:06:01,-69.6,
20250514,10:06:01,-69.4,
20250514,10:06:01,-69.3,
20250514,10:06:02,-69.1,
20250514,10:06:02,-69,
20250514,10:06:02,-69,
20250514,10:06:02,-68.9,
20250514,10:06:03,-68.8,
20250514,10:06:03,-68.6,
20250514,10:06:03,-68.4,
20250514,10:06:04,-68.4,
20250514,10:06:04,-68.2,
20250514,10:06:04,-68.2,
20250514,10:06:04,-68,
20250514,10:06:05,-68,
20250514,10:06:05,-67.8,
20250514,10:06:05,-67.7,
20250514,10:06:05,-67.5,
20250514,10:06:06,-67.3,
20250514,10:06:06,-67.3,
20250514,10:06:06,-67.2,
20250514,10:06:07,-67,
20250514,10:06:07,-66.8,
20250514,10:06:07,-66.7,
20250514,10:06:07,-66.5,
20250514,10:06:08,-66.4,
20250514,10:06:08,-66.2,
20250514,10:06:08,-66.3,
20250514,10:06:08,-65.9,
20250514,10:06:09,-65.9,
20250514,10:06:09,-65.7,
20250514,10:06:09,-65.6,
20250514,10:06:10,-65.3,
20250514,10:06:10,-65.2,
20250514,10:06:10,-65,
20250514,10:06:10,-64.9,
20250514,10:06:11,-64.8,
20250514,10:06:11,-64.6,
20250514,10:06:11,-64.5,
20250514,10:06:12,-64.4,
20250514,10:06:12,-64.2,
20250514,10:06:12,-64,
20250514,10:06:12,-63.9,
20250514,10:06:13,-63.8,
20250514,10:06:13,-63.7,
20250514,10:06:13,-63.5,
20250514,10:06:14,-63.3,
20250514,10:06:14,-63.1,
20250514,10:06:14,-63.1,
20250514,10:06:14,-62.9,
20250514,10:06:15,-62.8,
20250514,10:06:15,-62.6,
20250514,10:06:15,-62.4,
20250514,10:06:15,-62.2,
20250514,10:06:16,-62.1,
20250514,10:06:16,-61.9,
20250514,10:06:16,-61.8,
20250514,10:06:17,-61.6,
20250514,10:06:17,-61.5,
20250514,10:06:17,-61.4,
20250514,10:06:17,-61.3,
20250514,10:06:18,-61.1,
20250514,10:06:18,-61,
20250514,10:06:18,-60.9,
20250514,10:06:18,-60.8,
20250514,10:06:19,-60.5,
20250514,10:06:19,-60.5,
20250514,10:06:19,-60.4,
20250514,10:06:20,-60.3,
20250514,10:06:20,-60,
20250514,10:06:20,-59.9,
20250514,10:06:20,-59.7,
20250514,10:06:21,-59.7,
20250514,10:06:21,-59.5,
20250514,10:06:21,-59.4,
20250514,10:06:22,-59.3,
20250514,10:06:22,-59.2,
20250514,10:06:22,-59,
20250514,10:06:22,-58.9,
20250514,10:06:23,-58.8,
20250514,10:06:23,-58.6,
20250514,10:06:23,-58.5,
20250514,10:06:23,-58.4,
20250514,10:06:24,-58.2,
20250514,10:06:24,-58.1,
20250514,10:06:24,-58,
20250514,10:06:25,-57.9,
20250514,10:06:25,-57.8,
20250514,10:06:25,-57.7,
20250514,10:06:25,-57.5,
20250514,10:06:26,-57.6,
20250514,10:06:26,-57.4,
20250514,10:06:26,-57.3,
20250514,10:06:27,-57.1,
20250514,10:06:27,-57.1,
20250514,10:06:27,-57,
20250514,10:06:27,-56.9,
20250514,10:06:28,-56.7,
20250514,10:06:28,-56.6,
20250514,10:06:28,-56.5,
20250514,10:06:28,-56.3,
20250514,10:06:29,-56.2,
20250514,10:06:29,-56.1,
20250514,10:06:29,-55.9,
20250514,10:06:30,-55.9,
20250514,10:06:30,-55.7,
20250514,10:06:30,-55.6,
20250514,10:06:30,-55.5,
20250514,10:06:31,-55.4,
20250514,10:06:31,-55.3,
20250514,10:06:31,-55.2,
20250514,10:06:31,-55,
20250514,10:06:32,-54.8,
20250514,10:06:32,-54.7,
20250514,10:06:32,-54.5,
20250514,10:06:33,-54.5,
20250514,10:06:33,-54.4,
20250514,10:06:33,-54.3,
20250514,10:06:33,-54.2,
20250514,10:06:34,-54.1,
20250514,10:06:34,-53.9,
20250514,10:06:34,-53.8,
20250514,10:06:35,-53.7,
20250514,10:06:35,-53.7,
20250514,10:06:35,-53.5,
20250514,10:06:35,-53.5,
20250514,10:06:36,-53.3,
20250514,10:06:36,-53.2,
20250514,10:06:36,-53,
20250514,10:06:36,-52.9,
20250514,10:06:37,-52.8,
20250514,10:06:37,-52.7,
20250514,10:06:37,-52.5,
20250514,10:06:38,-52.3,
20250514,10:06:38,-52.2,
20250514,10:06:38,-52,
20250514,10:06:38,-51.9,
20250514,10:06:39,-51.8,
20250514,10:06:39,-51.7,
20250514,10:06:39,-51.6,
20250514,10:06:40,-51.5,
20250514,10:06:40,-51.4,
20250514,10:06:40,-51.3,
20250514,10:06:40,-51.1,
20250514,10:06:41,-51.1,
20250514,10:06:41,-50.9,
20250514,10:06:41,-50.8,
20250514,10:06:41,-50.7,
20250514,10:06:42,-50.6,
20250514,10:06:42,-50.5,
20250514,10:06:42,-50.3,
20250514,10:06:43,-50.3,
20250514,10:06:43,-50.2,
20250514,10:06:43,-50.1,
20250514,10:06:43,-49.9,
20250514,10:06:44,-49.8,
20250514,10:06:44,-49.7,
20250514,10:06:44,-49.6,
20250514,10:06:45,-49.4,
20250514,10:06:45,-49.4,
20250514,10:06:45,-49.4,
20250514,10:06:45,-49.1,
20250514,10:06:46,-49,
20250514,10:06:46,-48.9,
20250514,10:06:46,-48.7,
20250514,10:06:46,-48.6,
20250514,10:06:47,-48.5,
20250514,10:06:47,-48.3,
20250514,10:06:47,-48.2,
20250514,10:06:48,-48.1,
20250514,10:06:48,-47.8,
20250514,10:06:48,-47.7,
20250514,10:06:48,-47.7,
20250514,10:06:49,-47.5,
20250514,10:06:49,-47.4,
20250514,10:06:49,-47.3,
20250514,10:06:49,-47.2,
20250514,10:06:50,-47,
20250514,10:06:50,-46.8,
20250514,10:06:50,-46.8,
20250514,10:06:51,-46.7,
20250514,10:06:51,-46.6,
20250514,10:06:51,-46.4,
20250514,10:06:51,-46.3,
20250514,10:06:52,-46.2,
20250514,10:06:52,-46,
20250514,10:06:52,-45.9,
20250514,10:06:53,-45.7,
20250514,10:06:53,-45.4,
20250514,10:06:53,-45.3,
20250514,10:06:53,-45.1,
20250514,10:06:54,-45.1,
20250514,10:06:54,-44.8,
20250514,10:06:54,-44.7,
20250514,10:06:55,-44.5,
20250514,10:06:55,-44.3,
20250514,10:06:55,-44.3,
20250514,10:06:55,-44,
20250514,10:06:56,-43.9,
20250514,10:06:56,-43.6,
20250514,10:06:56,-43.4,
20250514,10:06:56,-43.3,
20250514,10:06:57,-43.1,
20250514,10:06:57,-42.9,
20250514,10:06:57,-42.7,
20250514,10:06:58,-42.6,
20250514,10:06:58,-42.4,
20250514,10:06:58,-42.1,
20250514,10:06:58,-42,
20250514,10:06:59,-41.8,
20250514,10:06:59,-41.6,
20250514,10:06:59,-41.5,
20250514,10:06:59,-41.3,
20250514,10:07:00,-41.1,
20250514,10:07:00,-40.9,
20250514,10:07:00,-40.8,
20250514,10:07:01,-40.6,
20250514,10:07:01,-40.4,
20250514,10:07:01,-40.3,
20250514,10:07:01,-40.1,
20250514,10:07:02,-40,
20250514,10:07:02,-39.8,
20250514,10:07:02,-39.6,
20250514,10:07:03,-39.4,
20250514,10:07:03,-39.2,
20250514,10:07:03,-39.1,
20250514,10:07:03,-38.9,
20250514,10:07:04,-38.8,
20250514,10:07:04,-38.5,
20250514,10:07:04,-38.4,
20250514,10:07:04,-38.2,
20250514,10:07:05,-38.1,
20250514,10:07:05,-37.9,
20250514,10:07:05,-37.7,
20250514,10:07:06,-37.5,
20250514,10:07:06,-37.4,
20250514,10:07:06,-37.3,
20250514,10:07:06,-37,
20250514,10:07:07,-36.9,
20250514,10:07:07,-36.8,
20250514,10:07:07,-36.6,
20250514,10:07:08,-36.5,
20250514,10:07:08,-36.3,
20250514,10:07:08,-36.2,
20250514,10:07:08,-36,
20250514,10:07:09,-35.8,
20250514,10:07:09,-35.7,
20250514,10:07:09,-35.6,
20250514,10:07:09,-35.5,
20250514,10:07:10,-35.3,
20250514,10:07:10,-35.1,
20250514,10:07:10,-35,
20250514,10:07:11,-34.8,
20250514,10:07:11,-34.7,
20250514,10:07:11,-34.6,
20250514,10:07:11,-34.4,
20250514,10:07:12,-34.4,
20250514,10:07:12,-34.1,
20250514,10:07:12,-34,
20250514,10:07:13,-34,
20250514,10:07:13,-33.9,
20250514,10:07:13,-33.7,
20250514,10:07:13,-33.5,
20250514,10:07:14,-33.6,
20250514,10:07:14,-33.5,
20250514,10:07:14,-33.3,
20250514,10:07:14,-33.2,
20250514,10:07:15,-32.9,
20250514,10:07:15,-32.8,
20250514,10:07:15,-32.7,
20250514,10:07:16,-32.5,
20250514,10:07:16,-32.3,
20250514,10:07:16,-32.2,
20250514,10:07:16,-32.1,
20250514,10:07:17,-32,
20250514,10:07:17,-31.9,
20250514,10:07:17,-31.7,
20250514,10:07:17,-31.6,
20250514,10:07:18,-31.5,
20250514,10:07:18,-31.5,
20250514,10:07:18,-31.3,
20250514,10:07:19,-31.2,
20250514,10:07:19,-31,
20250514,10:07:19,-31,
20250514,10:07:19,-30.8,
20250514,10:07:20,-30.7,
20250514,10:07:20,-30.6,
20250514,10:07:20,-30.5,
20250514,10:07:21,-30.3,
20250514,10:07:21,-30.2,
20250514,10:07:21,-30.1,
20250514,10:07:21,-30,
20250514,10:07:22,-29.8,
20250514,10:07:22,-29.7,
20250514,10:07:22,-29.4,
20250514,10:07:22,-29.2,
20250514,10:07:23,-29.1,
20250514,10:07:23,-28.9,
20250514,10:07:23,-28.9,
20250514,10:07:24,-28.8,
20250514,10:07:24,-28.6,
20250514,10:07:24,-28.5,
20250514,10:07:24,-28.4,
20250514,10:07:25,-28.2,
20250514,10:07:25,-28,
20250514,10:07:25,-28,
20250514,10:07:26,-27.8,
20250514,10:07:26,-27.7,
20250514,10:07:26,-27.5,
20250514,10:07:26,-27.4,
20250514,10:07:27,-27.2,
20250514,10:07:27,-27.1,
20250514,10:07:27,-26.9,
20250514,10:07:27,-26.7,
20250514,10:07:28,-26.6,
20250514,10:07:28,-26.4,
20250514,10:07:28,-26.3,
20250514,10:07:29,-26.3,
20250514,10:07:29,-26.1,
20250514,10:07:29,-26,
20250514,10:07:29,-25.9,
20250514,10:07:30,-25.8,
20250514,10:07:30,-25.7,
20250514,10:07:30,-25.5,
20250514,10:07:30,-25.5,
20250514,10:07:31,-25.3,
20250514,10:07:31,-25.1,
20250514,10:07:31,-25,
20250514,10:07:32,-24.8,
20250514,10:07:32,-24.6,
20250514,10:07:32,-24.5,
20250514,10:07:32,-24.3,
20250514,10:07:33,-24.2,
20250514,10:07:33,-24,
20250514,10:07:33,-23.8,
20250514,10:07:34,-23.8,
20250514,10:07:34,-23.6,
20250514,10:07:34,-23.4,
20250514,10:07:34,-23.3,
20250514,10:07:35,-23.1,
20250514,10:07:35,-23,
20250514,10:07:35,-22.9,
20250514,10:07:36,-22.6,
20250514,10:07:36,-22.5,
20250514,10:07:36,-22.3,
20250514,10:07:36,-22.1,
20250514,10:07:37,-22.1,
20250514,10:07:37,-21.9,
20250514,10:07:37,-21.8,
20250514,10:07:37,-21.6,
20250514,10:07:38,-21.5,
20250514,10:07:38,-21.3,
20250514,10:07:38,-21.2,
20250514,10:07:39,-21.1,
20250514,10:07:39,-20.9,
20250514,10:07:39,-20.7,
20250514,10:07:39,-20.5,
20250514,10:07:40,-20.4,
20250514,10:07:40,-20.4,
20250514,10:07:40,-20.2,
20250514,10:07:40,-20.1,
20250514,10:07:41,-19.9,
20250514,10:07:41,-19.7,
20250514,10:07:41,-19.6,
20250514,10:07:42,-19.5,
20250514,10:07:42,-19.3,
20250514,10:07:42,-19.1,
20250514,10:07:42,-19,
20250514,10:07:43,-18.9,
20250514,10:07:43,-18.7,
20250514,10:07:43,-18.6,
20250514,10:07:44,-18.5,
20250514,10:07:44,-18.4,
20250514,10:07:44,-18.2,
20250514,10:07:44,-18,
20250514,10:07:45,-18,
20250514,10:07:45,-17.8,
20250514,10:07:45,-17.8,
20250514,10:07:45,-17.6,
20250514,10:07:46,-17.4,
20250514,10:07:46,-17.3,
20250514,10:07:46,-17.2,
20250514,10:07:47,-17,
20250514,10:07:47,-16.9,
20250514,10:07:47,-16.9,
20250514,10:07:47,-16.7,
20250514,10:07:48,-16.6,
20250514,10:07:48,-16.5,
20250514,10:07:48,-16.3,
20250514,10:07:49,-16.1,
20250514,10:07:49,-16.1,
20250514,10:07:49,-16,
20250514,10:07:49,-15.9,
20250514,10:07:50,-15.8,
20250514,10:07:50,-15.7,
20250514,10:07:50,-15.6,
20250514,10:07:50,-15.4,
20250514,10:07:51,-15.3,
20250514,10:07:51,-15.2,
20250514,10:07:51,-15.1,
20250514,10:07:52,-15.1,
20250514,10:07:52,-15,
20250514,10:07:52,-14.8,
20250514,10:07:52,-14.7,
20250514,10:07:53,-14.6,
20250514,10:07:53,-14.4,
20250514,10:07:53,-14.4,
20250514,10:07:54,-14.3,
20250514,10:07:54,-14.2,
20250514,10:07:54,-14,
20250514,10:07:54,-13.9,
20250514,10:07:55,-13.7,
20250514,10:07:55,-13.6,
20250514,10:07:55,-13.5,
20250514,10:07:55,-13.4,
20250514,10:07:56,-13.2,
20250514,10:07:56,-13.1,
20250514,10:07:56,-12.9,
20250514,10:07:57,-12.8,
20250514,10:07:57,-12.7,
20250514,10:07:57,-12.5,
20250514,10:07:57,-12.4,
20250514,10:07:58,-12.2,
20250514,10:07:58,-12.1,
20250514,10:07:58,-12,
20250514,10:07:58,-11.8,
20250514,10:07:59,-11.7,
20250514,10:07:59,-11.6,
20250514,10:07:59,-11.4,
20250514,10:08:00,-11.3,
20250514,10:08:00,-11.2,
20250514,10:08:00,-11,
20250514,10:08:00,-11,
20250514,10:08:01,-10.9,
20250514,10:08:01,-10.6,
20250514,10:08:01,-10.5,
20250514,10:08:02,-10.4,
20250514,10:08:02,-10.2,
20250514,10:08:02,-10.1,
20250514,10:08:02,-10,
20250514,10:08:03,-9.9,
20250514,10:08:03,-9.7,
20250514,10:08:03,-9.5,
20250514,10:08:03,-9.3,
20250514,10:08:04,-9.3,
20250514,10:08:04,-9.1,
20250514,10:08:04,-9,
20250514,10:08:05,-8.8,
20250514,10:08:05,-8.6,
20250514,10:08:05,-8.5,
20250514,10:08:05,-8.4,
20250514,10:08:06,-8.3,
20250514,10:08:06,-8.1,
20250514,10:08:06,-8,
20250514,10:08:07,-7.8,
20250514,10:08:07,-7.7,
20250514,10:08:07,-7.6,
20250514,10:08:07,-7.5,
20250514,10:08:08,-7.3,
20250514,10:08:08,-7.2,
20250514,10:08:08,-7,
20250514,10:08:08,-6.9,
20250514,10:08:09,-6.7,
20250514,10:08:09,-6.6,
20250514,10:08:09,-6.6,
20250514,10:08:10,-6.4,
20250514,10:08:10,-6.2,
20250514,10:08:10,-6.1,
20250514,10:08:10,-5.9,
20250514,10:08:11,-5.8,
20250514,10:08:11,-5.6,
20250514,10:08:11,-5.4,
20250514,10:08:11,-5.3,
20250514,10:08:12,-5.1,
20250514,10:08:12,-5,
20250514,10:08:12,-4.9,
20250514,10:08:13,-4.7,
20250514,10:08:13,-4.6,
20250514,10:08:13,-4.3,
20250514,10:08:13,-4.2,
20250514,10:08:14,-4.1,
20250514,10:08:14,-3.9,
20250514,10:08:14,-3.8,
20250514,10:08:15,-3.6,
20250514,10:08:15,-3.5,
20250514,10:08:15,-3.3,
20250514,10:08:15,-3.3,
20250514,10:08:16,-3.2,
20250514,10:08:16,-3.1,
20250514,10:08:16,-2.9,
20250514,10:08:16,-2.8,
20250514,10:08:17,-2.6,
20250514,10:08:17,-2.5,
20250514,10:08:17,-2.4,
20250514,10:08:18,-2.3,
20250514,10:08:18,-2.1,
20250514,10:08:18,-2,
20250514,10:08:18,-1.8,
20250514,10:08:19,-1.6,
20250514,10:08:19,-1.5,
20250514,10:08:19,-1.3,
20250514,10:08:19,-1.2,
20250514,10:08:20,-1.1,
20250514,10:08:20,-0.9,
20250514,10:08:20,-0.8,
20250514,10:08:21,-0.7,
20250514,10:08:21,-0.7,
20250514,10:08:21,-0.6,
20250514,10:08:21,-0.5,
20250514,10:08:22,-0.3,
20250514,10:08:22,-0.3,
20250514,10:08:22,-0.1,
20250514,10:08:23,0,
20250514,10:08:23,0.1,
20250514,10:08:23,0.2,
20250514,10:08:23,0.3,
20250514,10:08:24,0.5,
20250514,10:08:24,0.6,
20250514,10:08:24,0.7,
20250514,10:08:24,0.8,
20250514,10:08:25,1,
20250514,10:08:25,1,
20250514,10:08:25,1,
20250514,10:08:26,1.2,
20250514,10:08:26,1.3,
20250514,10:08:26,1.4,
20250514,10:08:26,1.5,
20250514,10:08:27,1.6,
20250514,10:08:27,1.7,
20250514,10:08:27,1.8,
20250514,10:08:27,1.8,
20250514,10:08:28,1.9,
20250514,10:08:28,2.1,
20250514,10:08:28,2.2,
20250514,10:08:29,2.4,
20250514,10:08:29,2.4,
20250514,10:08:29,2.6,
20250514,10:08:29,2.7,
20250514,10:08:30,2.7,
20250514,10:08:30,2.8,
20250514,10:08:30,2.9,
20250514,10:08:30,3,
20250514,10:08:31,3.1,
20250514,10:08:31,3.2,
20250514,10:08:31,3.3,
20250514,10:08:32,3.5,
20250514,10:08:32,3.6,
20250514,10:08:32,3.6,
20250514,10:08:32,3.8,
20250514,10:08:33,4,
20250514,10:08:33,4.1,
20250514,10:08:33,4.2,
20250514,10:08:33,4.4,
20250514,10:08:34,4.4,
20250514,10:08:34,4.5,
20250514,10:08:34,4.6,
20250514,10:08:35,4.7,
20250514,10:08:35,4.8,
20250514,10:08:35,4.9,
20250514,10:08:35,5,
20250514,10:08:36,5.2,
20250514,10:08:36,5.3,
20250514,10:08:36,5.3,
20250514,10:08:36,5.4,
20250514,10:08:37,5.5,
20250514,10:08:37,5.6,
20250514,10:08:37,5.7,
20250514,10:08:38,5.8,
20250514,10:08:38,5.9,
20250514,10:08:38,6,
20250514,10:08:38,6.1,
20250514,10:08:39,6.1,
20250514,10:08:39,6.2,
20250514,10:08:39,6.3,
20250514,10:08:40,6.4,
20250514,10:08:40,6.4,
20250514,10:08:40,6.5,
20250514,10:08:40,6.7,
20250514,10:08:41,6.7,
20250514,10:08:41,6.8,
20250514,10:08:41,6.9,
20250514,10:08:41,7,
20250514,10:08:42,7,
20250514,10:08:42,7.1,
20250514,10:08:42,7.2,
20250514,10:08:43,7.3,
20250514,10:08:43,7.4,
20250514,10:08:43,7.5,
20250514,10:08:43,7.6,
20250514,10:08:44,7.7,
20250514,10:08:44,7.8,
20250514,10:08:44,7.9,
20250514,10:08:44,8,
20250514,10:08:45,8.1,
20250514,10:08:45,8.2,
20250514,10:08:45,8.2,
20250514,10:08:46,8.4,
20250514,10:08:46,8.5,
20250514,10:08:46,8.6,
20250514,10:08:46,8.7,
20250514,10:08:47,8.8,
20250514,10:08:47,8.9,
20250514,10:08:47,9,
20250514,10:08:48,9.1,
20250514,10:08:48,9.3,
20250514,10:08:48,9.3,
20250514,10:08:48,9.5,
20250514,10:08:49,9.5,
20250514,10:08:49,9.6,
20250514,10:08:49,9.8,
20250514,10:08:49,9.9,
20250514,10:08:50,10.1,
20250514,10:08:50,10.1,
20250514,10:08:50,10.2,
20250514,10:08:51,10.4,
20250514,10:08:51,10.4,
20250514,10:08:51,10.5,
20250514,10:08:51,10.6,
20250514,10:08:52,10.7,
20250514,10:08:52,10.9,
20250514,10:08:52,11,
20250514,10:08:52,11.1,
20250514,10:08:53,11.2,
20250514,10:08:53,11.3,
20250514,10:08:53,11.3,
20250514,10:08:54,11.5,
20250514,10:08:54,11.6,
20250514,10:08:54,11.6,
20250514,10:08:54,11.7,
20250514,10:08:55,11.9,
20250514,10:08:55,12,
20250514,10:08:55,12.1,
20250514,10:08:56,12.1,
20250514,10:08:56,12.3,
20250514,10:08:56,12.4,
20250514,10:08:56,12.6,
20250514,10:08:57,12.8,
20250514,10:08:57,12.9,
20250514,10:08:57,13,
20250514,10:08:57,13.1,
20250514,10:08:58,13.3,
20250514,10:08:58,13.4,
20250514,10:08:58,13.6,
20250514,10:08:59,13.8,
20250514,10:08:59,13.8,
20250514,10:08:59,14,
20250514,10:08:59,14.1,
20250514,10:09:00,14.2,
20250514,10:09:00,14.4,
20250514,10:09:00,14.5,
20250514,10:09:00,14.7,
20250514,10:09:01,14.7,
20250514,10:09:01,14.8,
20250514,10:09:01,15,
20250514,10:09:02,15.2,
20250514,10:09:02,15.3,
20250514,10:09:02,15.5,
20250514,10:09:02,15.5,
20250514,10:09:03,15.6,
20250514,10:09:03,15.7,
20250514,10:09:03,15.8,
20250514,10:09:04,15.9,
20250514,10:09:04,16.1,
20250514,10:09:04,16.2,
20250514,10:09:04,16.3,
20250514,10:09:05,16.4,
20250514,10:09:05,16.5,
20250514,10:09:05,16.6,
20250514,10:09:05,16.8,
20250514,10:09:06,16.8,
20250514,10:09:06,17,
20250514,10:09:06,17.1,
20250514,10:09:07,17.2,
20250514,10:09:07,17.2,
20250514,10:09:07,17.3,
20250514,10:09:07,17.4,
20250514,10:09:08,17.6,
20250514,10:09:08,17.7,
20250514,10:09:08,17.8,
20250514,10:09:08,17.8,
20250514,10:09:09,17.9,
20250514,10:09:09,18,
20250514,10:09:09,18,
20250514,10:09:10,18.1,
20250514,10:09:10,18.1,
20250514,10:09:10,18.2,
20250514,10:09:10,18.3,
20250514,10:09:11,18.4,
20250514,10:09:11,18.4,
20250514,10:09:11,18.5,
20250514,10:09:11,18.5,
20250514,10:09:12,18.6,
20250514,10:09:12,18.7,
20250514,10:09:12,18.7,
20250514,10:09:13,18.8,
20250514,10:09:13,18.9,
20250514,10:09:13,18.9,
20250514,10:09:13,19.1,
20250514,10:09:14,19.2,
20250514,10:09:14,19.3,
20250514,10:09:14,19.4,
20250514,10:09:15,19.5,
20250514,10:09:15,19.7,
20250514,10:09:15,19.8,
20250514,10:09:15,19.8,
20250514,10:09:16,19.9,
20250514,10:09:16,20,
20250514,10:09:16,20.1,
20250514,10:09:16,20.3,
20250514,10:09:17,20.5,
20250514,10:09:17,20.6,
20250514,10:09:17,20.6,
20250514,10:09:18,20.7,
20250514,10:09:18,20.9,
20250514,10:09:18,21.1,
20250514,10:09:18,21.2,
20250514,10:09:19,21.4,
20250514,10:09:19,21.5,
20250514,10:09:19,21.5,
20250514,10:09:19,21.7,
20250514,10:09:20,21.8,
20250514,10:09:20,21.9,
20250514,10:09:20,22,
20250514,10:09:21,22.1,
20250514,10:09:21,22.2,
20250514,10:09:21,22.3,
20250514,10:09:21,22.4,
20250514,10:09:22,22.5,
20250514,10:09:22,22.6,
20250514,10:09:22,22.7,
20250514,10:09:23,22.8,
20250514,10:09:23,22.9,
20250514,10:09:23,23.1,
20250514,10:09:23,23.2,
20250514,10:09:24,23.3,
20250514,10:09:24,23.3,
20250514,10:09:24,23.6,
20250514,10:09:24,23.6,
20250514,10:09:25,23.8,
20250514,10:09:25,24,
20250514,10:09:25,24,
20250514,10:09:26,24.1,
20250514,10:09:26,24.3,
20250514,10:09:26,24.4,
20250514,10:09:26,24.5,
20250514,10:09:27,24.6,
20250514,10:09:27,24.7,
20250514,10:09:27,24.9,
20250514,10:09:27,24.9,
20250514,10:09:28,25,
20250514,10:09:28,25.1,
20250514,10:09:28,25.2,
20250514,10:09:29,25.3,
20250514,10:09:29,25.5,
20250514,10:09:29,25.7,
20250514,10:09:29,25.7,
20250514,10:09:30,25.8,
20250514,10:09:30,25.9,
20250514,10:09:30,26,
20250514,10:09:31,26.2,
20250514,10:09:31,26.3,
20250514,10:09:31,26.5,
20250514,10:09:31,26.6,
20250514,10:09:32,26.6,
20250514,10:09:32,26.8,
20250514,10:09:32,26.9,
20250514,10:09:32,27.1,
20250514,10:09:33,27.2,
20250514,10:09:33,27.3,
20250514,10:09:33,27.5,
20250514,10:09:34,27.5,
20250514,10:09:34,27.6,
20250514,10:09:34,27.8,
20250514,10:09:34,27.9,
20250514,10:09:35,28.1,
20250514,10:09:35,28.3,
20250514,10:09:35,28.3,
20250514,10:09:35,28.4,
20250514,10:09:36,28.5,
20250514,10:09:36,28.6,
20250514,10:09:36,28.7,
20250514,10:09:37,28.8,
20250514,10:09:37,28.9,
20250514,10:09:37,29,
20250514,10:09:37,29.2,
20250514,10:09:38,29.2,
20250514,10:09:38,29.3,
20250514,10:09:38,29.4,
20250514,10:09:39,29.5,
20250514,10:09:39,29.6,
20250514,10:09:39,29.8,
20250514,10:09:39,30,
20250514,10:09:40,30,
20250514,10:09:40,30.1,
20250514,10:09:40,30.2,
20250514,10:09:40,30.3,
20250514,10:09:41,30.4,
20250514,10:09:41,30.5,
20250514,10:09:41,30.6,
20250514,10:09:42,30.8,
20250514,10:09:42,30.9,
20250514,10:09:42,30.9,
20250514,10:09:42,31,
20250514,10:09:43,31.2,
20250514,10:09:43,31.3,
20250514,10:09:43,31.4,
20250514,10:09:43,31.5,
20250514,10:09:44,31.7,
20250514,10:09:44,31.7,
20250514,10:09:44,31.9,
20250514,10:09:45,32,
20250514,10:09:45,32.1,
20250514,10:09:45,32.2,
20250514,10:09:45,32.3,
20250514,10:09:46,32.5,
20250514,10:09:46,32.6,
20250514,10:09:46,32.7,
20250514,10:09:47,32.8,
20250514,10:09:47,32.9,
20250514,10:09:47,33.1,
20250514,10:09:47,33.2,
20250514,10:09:48,33.3,
20250514,10:09:48,33.3,
20250514,10:09:48,33.4,
20250514,10:09:48,33.6,
20250514,10:09:49,33.8,
20250514,10:09:49,33.9,
20250514,10:09:49,34,
20250514,10:09:50,34.2,
20250514,10:09:50,34.3,
20250514,10:09:50,34.4,
20250514,10:09:50,34.6,
20250514,10:09:51,34.7,
20250514,10:09:51,34.8,
20250514,10:09:51,35,
20250514,10:09:51,35.2,
20250514,10:09:52,35.3,
20250514,10:09:52,35.5,
20250514,10:09:52,35.6,
20250514,10:09:53,35.8,
20250514,10:09:53,36,
20250514,10:09:53,36,
20250514,10:09:53,36.1,
20250514,10:09:54,36.2,
20250514,10:09:54,36.4,
20250514,10:09:54,36.6,
20250514,10:09:54,36.8,
20250514,10:09:55,36.9,
20250514,10:09:55,37,
20250514,10:09:55,37.2,
20250514,10:09:56,37.2,
20250514,10:09:56,37.4,
20250514,10:09:56,37.5,
20250514,10:09:56,37.6,
20250514,10:09:57,37.7,
20250514,10:09:57,37.7,
20250514,10:09:57,37.9,
20250514,10:09:58,37.9,
20250514,10:09:58,38.1,
20250514,10:09:58,38.2,
20250514,10:09:58,38.4,
20250514,10:09:59,38.6,
20250514,10:09:59,38.6,
20250514,10:09:59,38.7,
20250514,10:09:59,38.8,
20250514,10:10:00,38.9,
20250514,10:10:00,39,
20250514,10:10:00,39.1,
20250514,10:10:01,39.2,
20250514,10:10:01,39.2,
20250514,10:10:01,39.4,
20250514,10:10:01,39.4,
20250514,10:10:02,39.5,
20250514,10:10:02,39.6,
20250514,10:10:02,39.6,
20250514,10:10:03,39.8,
20250514,10:10:03,39.8,
20250514,10:10:03,40,
20250514,10:10:03,40.1,
20250514,10:10:04,40.2,
20250514,10:10:04,40.2,
20250514,10:10:04,40.3,
20250514,10:10:04,40.4,
20250514,10:10:05,40.5,
20250514,10:10:05,40.7,
20250514,10:10:05,40.8,
20250514,10:10:06,40.8,
20250514,10:10:06,41,
20250514,10:10:06,41.1,
20250514,10:10:06,41.1,
20250514,10:10:07,41.2,
20250514,10:10:07,41.4,
20250514,10:10:07,41.5,
20250514,10:10:07,41.7,
20250514,10:10:08,41.8,
20250514,10:10:08,41.9,
20250514,10:10:08,42,
20250514,10:10:09,42,
20250514,10:10:09,42.2,
20250514,10:10:09,42.3,
20250514,10:10:09,42.5,
20250514,10:10:10,42.6,
20250514,10:10:10,42.7,
20250514,10:10:10,42.8,
20250514,10:10:11,42.9,
20250514,10:10:11,43,
20250514,10:10:11,43.2,
20250514,10:10:11,43.2,
20250514,10:10:12,43.4,
20250514,10:10:12,43.5,
20250514,10:10:12,43.6,
20250514,10:10:12,43.7,
20250514,10:10:13,43.8,
20250514,10:10:13,43.9,
20250514,10:10:13,44,
20250514,10:10:14,44.3,
20250514,10:10:14,44.4,
20250514,10:10:14,44.5,
20250514,10:10:14,44.6,
20250514,10:10:15,44.7,
20250514,10:10:15,44.9,
20250514,10:10:15,45,
20250514,10:10:15,45.1,
20250514,10:10:16,45.2,
20250514,10:10:16,45.4,
20250514,10:10:16,45.5,
20250514,10:10:17,45.7,
20250514,10:10:17,45.8,
20250514,10:10:17,46,
20250514,10:10:17,46.2,
20250514,10:10:18,46.3,
20250514,10:10:18,46.5,
20250514,10:10:18,46.5,
20250514,10:10:19,46.8,
20250514,10:10:19,46.9,
20250514,10:10:19,47,
20250514,10:10:19,47.1,
20250514,10:10:20,47.2,
20250514,10:10:20,47.3,
20250514,10:10:20,47.5,
20250514,10:10:20,47.7,
20250514,10:10:21,47.8,
20250514,10:10:21,47.8,
20250514,10:10:21,48,
20250514,10:10:22,48,
20250514,10:10:22,48.2,
20250514,10:10:22,48.2,
20250514,10:10:22,48.4,
20250514,10:10:23,48.5,
20250514,10:10:23,48.6,
20250514,10:10:23,48.8,
20250514,10:10:24,48.8,
20250514,10:10:24,48.9,
20250514,10:10:24,49.1,
20250514,10:10:24,49.1,
20250514,10:10:25,49.3,
20250514,10:10:25,49.5,
20250514,10:10:25,49.6,
20250514,10:10:25,49.7,
20250514,10:10:26,49.8,
20250514,10:10:26,50.1,
20250514,10:10:26,50.2,
20250514,10:10:27,50.3,
20250514,10:10:27,50.4,
20250514,10:10:27,50.5,
20250514,10:10:27,50.6,
20250514,10:10:28,50.8,
20250514,10:10:28,50.9,
20250514,10:10:28,51,
20250514,10:10:28,51.1,
20250514,10:10:29,51.3,
20250514,10:10:29,51.4,
20250514,10:10:29,51.4,
20250514,10:10:30,51.6,
20250514,10:10:30,51.7,
20250514,10:10:30,51.9,
20250514,10:10:30,52.1,
20250514,10:10:31,52.2,
20250514,10:10:31,52.2,
20250514,10:10:31,52.4,
20250514,10:10:32,52.6,
20250514,10:10:32,52.7,
20250514,10:10:32,52.9,
20250514,10:10:32,53,
20250514,10:10:33,53.1,
20250514,10:10:33,53.2,
20250514,10:10:33,53.3,
20250514,10:10:33,53.4,
20250514,10:10:34,53.5,
20250514,10:10:34,53.7,
20250514,10:10:34,53.8,
20250514,10:10:35,53.9,
20250514,10:10:35,54,
20250514,10:10:35,54.1,
20250514,10:10:35,54.2,
20250514,10:10:36,54.3,
20250514,10:10:36,54.4,
20250514,10:10:36,54.5,
20250514,10:10:36,54.6,
20250514,10:10:37,54.7,
20250514,10:10:37,54.8,
20250514,10:10:37,54.9,
20250514,10:10:38,54.9,
20250514,10:10:38,54.9,
20250514,10:10:38,55,
20250514,10:10:38,55.2,
20250514,10:10:39,55.4,
20250514,10:10:39,55.4,
20250514,10:10:39,55.6,
20250514,10:10:39,55.5,
20250514,10:10:40,55.6,
20250514,10:10:40,55.6,
20250514,10:10:40,55.8,
20250514,10:10:41,55.9,
20250514,10:10:41,56,
20250514,10:10:41,56.2,
20250514,10:10:41,56.2,
20250514,10:10:42,56.4,
20250514,10:10:42,56.5,
20250514,10:10:42,56.5,
20250514,10:10:43,56.6,
20250514,10:10:43,56.7,
20250514,10:10:43,56.9,
20250514,10:10:43,57,
20250514,10:10:44,57.1,
20250514,10:10:44,57.3,
20250514,10:10:44,57.4,
20250514,10:10:44,57.5,
20250514,10:10:45,57.7,
20250514,10:10:45,57.8,
20250514,10:10:45,57.9,
20250514,10:10:46,58.1,
20250514,10:10:46,58.2,
20250514,10:10:46,58.2,
20250514,10:10:46,58.3,
20250514,10:10:47,58.5,
20250514,10:10:47,58.6,
20250514,10:10:47,58.8,
20250514,10:10:47,58.8,
20250514,10:10:48,59,
20250514,10:10:48,59.1,
20250514,10:10:48,59.1,
20250514,10:10:49,59.3,
20250514,10:10:49,59.5,
20250514,10:10:49,59.5,
20250514,10:10:49,59.7,
20250514,10:10:50,59.7,
20250514,10:10:50,59.9,
20250514,10:10:50,59.9,
20250514,10:10:51,60,
20250514,10:10:51,60.2,
20250514,10:10:51,60.3,
20250514,10:10:51,60.4,
20250514,10:10:52,60.5,
20250514,10:10:52,60.7,
20250514,10:10:52,60.8,
20250514,10:10:52,60.9,
20250514,10:10:53,61,
20250514,10:10:53,61.2,
20250514,10:10:53,61.3,
20250514,10:10:54,61.4,
20250514,10:10:54,61.6,
20250514,10:10:54,61.7,
20250514,10:10:54,61.9,
20250514,10:10:55,61.9,
20250514,10:10:55,62.2,
20250514,10:10:55,62.3,
20250514,10:10:55,62.3,
20250514,10:10:56,62.5,
20250514,10:10:56,62.5,
20250514,10:10:56,62.7,
20250514,10:10:57,62.8,
20250514,10:10:57,62.9,
20250514,10:10:57,63.1,
20250514,10:10:57,63.2,
20250514,10:10:58,63.3,
20250514,10:10:58,63.3,
20250514,10:10:58,63.4,
20250514,10:10:59,63.6,
20250514,10:10:59,63.7,
20250514,10:10:59,63.8,
20250514,10:10:59,63.9,
20250514,10:11:00,64,
20250514,10:11:00,64.1,
20250514,10:11:00,64.2,
20250514,10:11:00,64.2,
20250514,10:11:01,64.3,
20250514,10:11:01,64.3,
20250514,10:11:01,64.4,
20250514,10:11:02,64.4,
20250514,10:11:02,64.6,
20250514,10:11:02,64.7,
20250514,10:11:02,64.8,
20250514,10:11:03,65,
20250514,10:11:03,65,
20250514,10:11:03,65.1,
20250514,10:11:03,65.2,
20250514,10:11:04,65.3,
20250514,10:11:04,65.4,
20250514,10:11:04,65.5,
20250514,10:11:05,65.6,
20250514,10:11:05,65.8,
20250514,10:11:05,65.9,
20250514,10:11:05,66,
20250514,10:11:06,66,
20250514,10:11:06,66.2,
20250514,10:11:06,66.3,
20250514,10:11:07,66.4,
20250514,10:11:07,66.5,
20250514,10:11:07,66.6,
20250514,10:11:07,66.7,
20250514,10:11:08,66.9,
20250514,10:11:08,66.9,
20250514,10:11:08,67,
20250514,10:11:08,67.1,
20250514,10:11:09,67.3,
20250514,10:11:09,67.5,
20250514,10:11:09,67.6,
20250514,10:11:10,67.5,
20250514,10:11:10,67.2,
20250514,10:11:10,66.8,
20250514,10:11:10,67.1,
20250514,10:11:11,67.3,
20250514,10:11:11,67.5,
20250514,10:11:11,67.7,
20250514,10:11:11,67.9,
20250514,10:11:12,68,
20250514,10:11:12,68,
20250514,10:11:12,68.2,
20250514,10:11:13,68.3,
20250514,10:11:13,68.5,
20250514,10:11:13,68.5,
20250514,10:11:13,68.5,
20250514,10:11:14,68.6,
20250514,10:11:14,68.6,
20250514,10:11:14,68.9,
20250514,10:11:14,68.9,
20250514,10:11:15,69,
20250514,10:11:15,69.1,
20250514,10:11:15,69.3,
20250514,10:11:16,69.3,
20250514,10:11:16,69.4,
20250514,10:11:16,69.6,
20250514,10:11:16,69.7,
20250514,10:11:17,69.7,
20250514,10:11:17,69.9,
20250514,10:11:17,70,
20250514,10:11:18,70.1,
20250514,10:11:18,70.2,
20250514,10:11:18,70.3,
20250514,10:11:18,70.4,
20250514,10:11:19,70.5,
20250514,10:11:19,70.6,
20250514,10:11:19,70.8,
20250514,10:11:19,70.9,
20250514,10:11:20,71,
20250514,10:11:20,71.1,
20250514,10:11:20,71.2,
20250514,10:11:21,71.2,
20250514,10:11:21,71.4,
20250514,10:11:21,71.5,
20250514,10:11:21,71.7,
20250514,10:11:22,71.7,
20250514,10:11:22,71.9,
20250514,10:11:22,71.9,
20250514,10:11:23,71.9,
20250514,10:11:23,72.1,
20250514,10:11:23,72.3,
20250514,10:11:23,72.4,
20250514,10:11:24,72.6,
20250514,10:11:24,72.7,
20250514,10:11:24,72.8,
20250514,10:11:24,72.9,
20250514,10:11:25,73,
20250514,10:11:25,73.2,
20250514,10:11:25,73.4,
20250514,10:11:26,73.5,
20250514,10:11:26,73.6,
20250514,10:11:26,73.6,
20250514,10:11:26,73.8,
20250514,10:11:27,73.9,
20250514,10:11:27,74.1,
20250514,10:11:27,74.1,
20250514,10:11:27,74.3,
20250514,10:11:28,74.4,
20250514,10:11:28,74.4,
20250514,10:11:28,74.5,
20250514,10:11:29,74.6,
20250514,10:11:29,74.8,
20250514,10:11:29,74.8,
20250514,10:11:29,75,
20250514,10:11:30,75.2,
20250514,10:11:30,75.2,
20250514,10:11:30,75.4,
20250514,10:11:31,75.5,
20250514,10:11:31,75.6,
20250514,10:11:31,75.8,
20250514,10:11:31,75.9,
20250514,10:11:32,76,
20250514,10:11:32,76.1,
20250514,10:11:32,76.2,
20250514,10:11:32,76.4,
20250514,10:11:33,76.4,
20250514,10:11:33,76.6,
20250514,10:11:33,76.8,
20250514,10:11:34,76.9,
20250514,10:11:34,77,
20250514,10:11:34,77,
20250514,10:11:34,77.2,
20250514,10:11:35,77.4,
20250514,10:11:35,77.4,
20250514,10:11:35,77.5,
20250514,10:11:35,77.7,
20250514,10:11:36,77.8,
20250514,10:11:36,77.8,
20250514,10:11:36,77.9,
20250514,10:11:37,78.1,
20250514,10:11:37,78.2,
20250514,10:11:37,78.3,
20250514,10:11:37,78.4,
20250514,10:11:38,78.6,
20250514,10:11:38,78.6,
20250514,10:11:38,78.7,
20250514,10:11:39,78.8,
20250514,10:11:39,79,
20250514,10:11:39,78.9,
20250514,10:11:39,79.1,
20250514,10:11:40,79.2,
20250514,10:11:40,79.3,
20250514,10:11:40,79.5,
20250514,10:11:40,79.6,
20250514,10:11:41,79.6,
20250514,10:11:41,79.7,
20250514,10:11:41,79.8,
20250514,10:11:42,79.9,
20250514,10:11:42,80,
20250514,10:11:42,80.1,
20250514,10:11:42,80.2,
20250514,10:11:43,80.3,
20250514,10:11:43,80.4,
20250514,10:11:43,80.4,
20250514,10:11:44,80.5,
20250514,10:11:44,80.6,
20250514,10:11:44,80.8,
20250514,10:11:44,80.8,
20250514,10:11:45,80.9,
20250514,10:11:45,81,
20250514,10:11:45,81.2,
20250514,10:11:45,81.2,
20250514,10:11:46,81.3,
20250514,10:11:46,81.3,
20250514,10:11:46,81.5,
20250514,10:11:47,81.7,
20250514,10:11:47,81.8,
20250514,10:11:47,82,
20250514,10:11:47,82.1,
20250514,10:11:48,82.2,
20250514,10:11:48,82.4,
20250514,10:11:48,82.5,
20250514,10:11:48,82.6,
20250514,10:11:49,82.7,
20250514,10:11:49,82.8,
20250514,10:11:49,83,
20250514,10:11:50,83.1,
20250514,10:11:50,83.2,
20250514,10:11:50,83.3,
20250514,10:11:50,83.4,
20250514,10:11:51,83.6,
20250514,10:11:51,83.7,
20250514,10:11:51,83.8,
20250514,10:11:51,83.8,
20250514,10:11:52,83.9,
20250514,10:11:52,84.1,
20250514,10:11:52,84.1,
20250514,10:11:53,84.2,
20250514,10:11:53,84.3,
20250514,10:11:53,84.4,
20250514,10:11:53,84.5,
20250514,10:11:54,84.6,
20250514,10:11:54,84.7,
20250514,10:11:54,84.7,
20250514,10:11:55,84.8,
20250514,10:11:55,84.9,
20250514,10:11:55,85,
20250514,10:11:55,85.1,
20250514,10:11:56,85.3,
20250514,10:11:56,85.2,
20250514,10:11:56,85.4,
20250514,10:11:56,85.5,
20250514,10:11:57,85.5,
20250514,10:11:57,85.6,
20250514,10:11:57,85.7,
20250514,10:11:58,85.9,
20250514,10:11:58,86,
20250514,10:11:58,86,
20250514,10:11:58,86.2,
20250514,10:11:59,86.4,
20250514,10:11:59,86.4,
20250514,10:11:59,86.4,
20250514,10:11:59,86.6,
20250514,10:12:00,86.8,
20250514,10:12:00,86.9,
20250514,10:12:00,87,
20250514,10:12:01,87.1,
20250514,10:12:01,87.2,
20250514,10:12:01,87.3,
20250514,10:12:01,87.4,
20250514,10:12:02,87.6,
20250514,10:12:02,87.7,
20250514,10:12:02,87.8,
20250514,10:12:03,87.9,
20250514,10:12:03,88,
20250514,10:12:03,88.1,
20250514,10:12:03,88.2,
20250514,10:12:04,88.2,
20250514,10:12:04,88.4,
20250514,10:12:04,88.5,
20250514,10:12:04,88.6,
20250514,10:12:05,88.7,
20250514,10:12:05,88.8,
20250514,10:12:05,88.9,
20250514,10:12:06,89,
20250514,10:12:06,89.1,
20250514,10:12:06,89.2,
20250514,10:12:06,89.3,
20250514,10:12:07,89.4,
20250514,10:12:07,89.5,
20250514,10:12:07,89.6,
20250514,10:12:07,89.7,
20250514,10:12:08,89.8,
20250514,10:12:08,89.8,
20250514,10:12:08,89.9,
20250514,10:12:09,90,
20250514,10:12:09,90.2,
20250514,10:12:09,90.2,
20250514,10:12:09,90.3,
20250514,10:12:10,90.4,
20250514,10:12:10,90.5,
20250514,10:12:10,90.6,
20250514,10:12:11,90.7,
20250514,10:12:11,90.7,
20250514,10:12:11,90.9,
20250514,10:12:11,91,
20250514,10:12:12,91,
20250514,10:12:12,91.2,
20250514,10:12:12,91.2,
20250514,10:12:12,91.4,
20250514,10:12:13,91.5,
20250514,10:12:13,91.5,
20250514,10:12:13,91.6,
20250514,10:12:14,91.6,
20250514,10:12:14,91.8,
20250514,10:12:14,91.8,
20250514,10:12:14,92,
20250514,10:12:15,92.1,
20250514,10:12:15,92.1,
20250514,10:12:15,92.2,
20250514,10:12:15,92.4,
20250514,10:12:16,92.5,
20250514,10:12:16,92.6,
20250514,10:12:16,92.7,
20250514,10:12:17,92.8,
20250514,10:12:17,92.9,
20250514,10:12:17,93,
20250514,10:12:17,93.1,
20250514,10:12:18,93.2,
20250514,10:12:18,93.3,
20250514,10:12:18,93.4,
20250514,10:12:19,93.6,
20250514,10:12:19,93.8,
20250514,10:12:19,93.9,
20250514,10:12:19,94,
20250514,10:12:20,94.1,
20250514,10:12:20,94.2,
20250514,10:12:20,94.3,
20250514,10:12:20,94.4,
20250514,10:12:21,94.6,
20250514,10:12:21,94.7,
20250514,10:12:21,94.9,
20250514,10:12:22,94.9,
20250514,10:12:22,95.1,
20250514,10:12:22,95.2,
20250514,10:12:22,95.3,
20250514,10:12:23,95.5,
20250514,10:12:23,95.7,
20250514,10:12:23,95.8,
20250514,10:12:23,95.8,
20250514,10:12:24,96,
20250514,10:12:24,96,
20250514,10:12:24,96.2,
20250514,10:12:25,96.3,
20250514,10:12:25,96.5,
20250514,10:12:25,96.6,
20250514,10:12:25,96.6,
20250514,10:12:26,96.7,
20250514,10:12:26,96.9,
20250514,10:12:26,97,
20250514,10:12:27,97.2,
20250514,10:12:27,97.3,
20250514,10:12:27,97.4,
20250514,10:12:27,97.5,
20250514,10:12:28,97.6,
20250514,10:12:28,97.6,
20250514,10:12:28,97.8,
20250514,10:12:28,97.9,
20250514,10:12:29,98,
20250514,10:12:29,98.2,
20250514,10:12:29,98.2,
20250514,10:12:30,98.3,
20250514,10:12:30,98.3,
20250514,10:12:30,98.5,
20250514,10:12:30,98.6,
20250514,10:12:31,98.7,
20250514,10:12:31,98.9,
20250514,10:12:31,99,
20250514,10:12:31,99.1,
20250514,10:12:32,99.2,
20250514,10:12:32,99.2,
20250514,10:12:32,99.3,
20250514,10:12:33,99.5,
20250514,10:12:33,99.6,
20250514,10:12:33,99.7,
20250514,10:12:33,99.9,
20250514,10:12:34,99.9,
20250514,10:12:34,100,
20250514,10:12:34,100.1,
20250514,10:12:34,100.2,
20250514,10:12:35,100.3,
20250514,10:12:35,100.4,
20250514,10:12:35,100.5,
20250514,10:12:36,100.6,
20250514,10:12:36,100.7,
20250514,10:12:36,100.8,
20250514,10:12:36,100.9,
20250514,10:12:37,101,
20250514,10:12:37,101,
20250514,10:12:37,101.1,
20250514,10:12:38,101.2,
20250514,10:12:38,101.3,
20250514,10:12:38,101.4,
20250514,10:12:38,101.6,
20250514,10:12:39,101.7,
20250514,10:12:39,101.8,
20250514,10:12:39,101.8,
20250514,10:12:40,102,
20250514,10:12:40,102,
20250514,10:12:40,102,
20250514,10:12:40,102.1,
20250514,10:12:41,102.2,
20250514,10:12:41,102.2,
20250514,10:12:41,102.4,
20250514,10:12:41,102.4,
20250514,10:12:42,102.6,
20250514,10:12:42,102.6,
20250514,10:12:42,102.6,
20250514,10:12:43,102.7,
20250514,10:12:43,102.8,
20250514,10:12:43,102.9,
20250514,10:12:43,102.9,
20250514,10:12:44,103,
20250514,10:12:44,103.1,
20250514,10:12:44,103.2,
20250514,10:12:44,103.3,
20250514,10:12:45,103.3,
20250514,10:12:45,103.4,
20250514,10:12:45,103.5,
20250514,10:12:46,103.5,
20250514,10:12:46,103.5,
20250514,10:12:46,103.7,
20250514,10:12:46,103.8,
20250514,10:12:47,103.8,
20250514,10:12:47,104,
20250514,10:12:47,104.1,
20250514,10:12:48,104.1,
20250514,10:12:48,104.3,
20250514,10:12:48,104.3,
20250514,10:12:48,104.4,
20250514,10:12:49,104.5,
20250514,10:12:49,104.6,
20250514,10:12:49,104.7,
20250514,10:12:49,104.8,
20250514,10:12:50,104.9,
20250514,10:12:50,105,
20250514,10:12:50,105.1,
20250514,10:12:51,105.2,
20250514,10:12:51,105.3,
20250514,10:12:51,105.2,
20250514,10:12:51,105.4,
20250514,10:12:52,105.5,
20250514,10:12:52,105.5,
20250514,10:12:52,105.7,
20250514,10:12:53,105.7,
20250514,10:12:53,105.9,
20250514,10:12:53,105.9,
20250514,10:12:53,106,
20250514,10:12:54,106,
20250514,10:12:54,106.1,
20250514,10:12:54,106.2,
20250514,10:12:54,106.3,
20250514,10:12:55,106.4,
20250514,10:12:55,106.4,
20250514,10:12:55,106.4,
20250514,10:12:56,106.5,
20250514,10:12:56,106.5,
20250514,10:12:56,107,
20250514,10:12:56,106.9,
20250514,10:12:57,106.8,
20250514,10:12:57,106.5,
20250514,10:12:57,106.5,
20250514,10:12:58,106.4,
20250514,10:12:58,106.7,
20250514,10:12:58,106.8,
20250514,10:12:58,106.9,
20250514,10:12:59,106.9,
20250514,10:12:59,107.1,
20250514,10:12:59,107.1,
20250514,10:12:59,107.1,
20250514,10:13:00,107.1,
20250514,10:13:00,107.2,
20250514,10:13:00,107.3,
20250514,10:13:01,107.4,
20250514,10:13:01,107.5,
20250514,10:13:01,107.5,
20250514,10:13:01,107.5,
20250514,10:13:02,107.7,
20250514,10:13:02,107.7,
20250514,10:13:02,107.8,
20250514,10:13:02,107.9,
20250514,10:13:03,108,
20250514,10:13:03,108.2,
20250514,10:13:03,108.2,
20250514,10:13:04,108.3,
20250514,10:13:04,108.4,
20250514,10:13:04,108.5,
20250514,10:13:04,108.6,
20250514,10:13:05,108.6,
20250514,10:13:05,108.7,
20250514,10:13:05,108.8,
20250514,10:13:06,108.8,
20250514,10:13:06,109.1,
20250514,10:13:06,109.1,
20250514,10:13:06,109,
20250514,10:13:07,109.2,
20250514,10:13:07,109.3,
20250514,10:13:07,109.2,
20250514,10:13:08,109.6,
20250514,10:13:08,109.7,
20250514,10:13:08,109.7,
20250514,10:13:08,109.8,
20250514,10:13:09,109.8,
20250514,10:13:09,109.8,
20250514,10:13:09,109.9,
20250514,10:13:09,110,
20250514,10:13:10,110.1,
20250514,10:13:10,110.1,
20250514,10:13:10,110.2,
20250514,10:13:11,110.4,
20250514,10:13:11,110.7,
20250514,10:13:11,110.6,
20250514,10:13:11,110.6,
20250514,10:13:12,110.6,
20250514,10:13:12,110.6,
20250514,10:13:12,110.7,
20250514,10:13:12,110.8,
20250514,10:13:13,110.8,
20250514,10:13:13,110.9,
20250514,10:13:13,111,
20250514,10:13:14,111.1,
20250514,10:13:14,111.1,
20250514,10:13:14,111.2,
20250514,10:13:14,111.2,
20250514,10:13:15,111.3,
20250514,10:13:15,111.3,
20250514,10:13:15,111.4,
20250514,10:13:15,111.4,
20250514,10:13:16,111.4,
20250514,10:13:16,111.4,
20250514,10:13:16,111.6,
20250514,10:13:17,111.6,
20250514,10:13:17,111.7,
20250514,10:13:17,111.7,
20250514,10:13:17,111.9,
20250514,10:13:18,112,
20250514,10:13:18,112,
20250514,10:13:18,112,
20250514,10:13:19,112.1,
20250514,10:13:19,112.2,
20250514,10:13:19,112.2,
20250514,10:13:19,112.4,
20250514,10:13:20,112.5,
20250514,10:13:20,112.5,
20250514,10:13:20,112.6,
20250514,10:13:21,112.7,
20250514,10:13:21,112.8,
20250514,10:13:21,112.9,
20250514,10:13:21,112.9,
20250514,10:13:22,112.9,
20250514,10:13:22,113,
20250514,10:13:22,113.1,
20250514,10:13:22,113.1,
20250514,10:13:23,113.1,
20250514,10:13:23,113.2,
20250514,10:13:23,113.2,
20250514,10:13:24,113.3,
20250514,10:13:24,113.4,
20250514,10:13:24,113.5,
20250514,10:13:24,113.4,
20250514,10:13:25,113.6,
20250514,10:13:25,113.6,
20250514,10:13:25,113.6,
20250514,10:13:25,113.7,
20250514,10:13:26,113.7,
20250514,10:13:26,113.7,
20250514,10:13:26,113.7,
20250514,10:13:27,113.8,
20250514,10:13:27,113.8,
20250514,10:13:27,113.9,
20250514,10:13:27,114,
20250514,10:13:28,114.1,
20250514,10:13:28,114.2,
20250514,10:13:28,114.2,
20250514,10:13:29,114.4,
20250514,10:13:29,114.4,
20250514,10:13:29,114.4,
20250514,10:13:29,114.4,
20250514,10:13:30,114.5,
20250514,10:13:30,114.5,
20250514,10:13:30,114.6,
20250514,10:13:30,114.6,
20250514,10:13:31,114.7,
20250514,10:13:31,114.6,
20250514,10:13:31,114.7,
20250514,10:13:32,114.8,
20250514,10:13:32,114.9,
20250514,10:13:32,114.9,
20250514,10:13:32,115,
20250514,10:13:33,115.2,
20250514,10:13:33,115.1,
20250514,10:13:33,115.2,
20250514,10:13:34,115.3,
20250514,10:13:34,115.4,
20250514,10:13:34,115.4,
20250514,10:13:34,115.4,
20250514,10:13:35,115.5,
20250514,10:13:35,115.8,
20250514,10:13:35,116.3,
20250514,10:13:35,116.7,
20250514,10:13:36,116.1,
20250514,10:13:36,116.3,
20250514,10:13:36,116.3,
20250514,10:13:37,116.3,
20250514,10:13:37,116.4,
20250514,10:13:37,116.5,
20250514,10:13:37,116.5,
20250514,10:13:38,116.6,
20250514,10:13:38,116.7,
20250514,10:13:38,116.9,
20250514,10:13:39,116.9,
20250514,10:13:39,117,
20250514,10:13:39,117.1,
20250514,10:13:39,117.2,
20250514,10:13:40,117.4,
20250514,10:13:40,119.2,
20250514,10:13:40,120.8,
20250514,10:13:40,121.1,
20250514,10:13:41,123.9,
20250514,10:13:41,119.5,
20250514,10:13:41,113.7,
20250514,10:13:42,113.3,
20250514,10:13:42,112.9,
20250514,10:13:42,112.9,
20250514,10:13:42,112,
20250514,10:13:43,112.3,
20250514,10:13:43,112.4,
20250514,10:13:43,113.2,
20250514,10:13:43,114.3,
20250514,10:13:44,113.1,
20250514,10:13:44,113.3,
20250514,10:13:44,113.8,
20250514,10:13:45,113.9,
20250514,10:13:45,114,
20250514,10:13:45,113.8,
20250514,10:13:45,113.8,
20250514,10:13:46,114,
20250514,10:13:46,115.1,
20250514,10:13:46,115.4,
20250514,10:13:47,115.4,
20250514,10:13:47,115.2,
20250514,10:13:47,115.1,
20250514,10:13:47,114.5,
20250514,10:13:48,114.4,
20250514,10:13:48,114.6,
20250514,10:13:48,114.2,
20250514,10:13:48,113.8,
20250514,10:13:49,113.9,
20250514,10:13:49,114.2,
20250514,10:13:49,114.6,
20250514,10:13:50,114.1,
20250514,10:13:50,114.9,
20250514,10:13:50,115,
20250514,10:13:50,116,
20250514,10:13:51,116.3,
20250514,10:13:51,116.6,
20250514,10:13:51,116.6,
20250514,10:13:52,116.6,
20250514,10:13:52,116.7,
20250514,10:13:52,117,
20250514,10:13:52,117.1,
20250514,10:13:53,117.1,
20250514,10:13:53,116.3,
20250514,10:13:53,116.1,
20250514,10:13:53,116.8,
20250514,10:13:54,116.3,
20250514,10:13:54,116,
20250514,10:13:54,115.7,
20250514,10:13:55,116,
20250514,10:13:55,116.3,
20250514,10:13:55,116.3,
20250514,10:13:55,116.5,
20250514,10:13:56,116.7,
20250514,10:13:56,116.9,
20250514,10:13:56,117.1,
20250514,10:13:56,117.1,
20250514,10:13:57,117.3,
20250514,10:13:57,117.4,
20250514,10:13:57,117.6,
20250514,10:13:58,117.8,
20250514,10:13:58,118,
20250514,10:13:58,118,
20250514,10:13:58,118.1,
20250514,10:13:59,118.3,
20250514,10:13:59,118.4,
20250514,10:13:59,118.6,
20250514,10:14:00,118.7,
20250514,10:14:00,118.8,
20250514,10:14:00,118.8,
20250514,10:14:00,118.9,
20250514,10:14:01,119.1,
20250514,10:14:01,119,
20250514,10:14:01,119.5,
20250514,10:14:02,119.7,
20250514,10:14:02,119.4,
20250514,10:14:02,119.7,
20250514,10:14:02,119.8,
20250514,10:14:03,119.9,
20250514,10:14:03,120.1,
20250514,10:14:03,120.2,
20250514,10:14:03,120.2,
20250514,10:14:04,120.2,
20250514,10:14:04,120.4,
20250514,10:14:04,119.7,
20250514,10:14:05,119.7,
20250514,10:14:05,119.8,
20250514,10:14:05,120.1,
20250514,10:14:05,120.2,
20250514,10:14:06,120.5,
20250514,10:14:06,120.6,
20250514,10:14:06,120.7,
20250514,10:14:06,120.9,
20250514,10:14:07,121,
20250514,10:14:07,121.2,
20250514,10:14:07,121.3,
20250514,10:14:08,121.4,
20250514,10:14:08,121.4,
20250514,10:14:08,121.6,
20250514,10:14:08,121.7,
20250514,10:14:09,121.8,
20250514,10:14:09,121.9,
20250514,10:14:09,122.1,
20250514,10:14:10,122.3,
20250514,10:14:10,122.1,
20250514,10:14:10,121.9,
20250514,10:14:10,121.8,
20250514,10:14:11,121.7,
20250514,10:14:11,121.8,
20250514,10:14:11,122,
20250514,10:14:11,122.1,
20250514,10:14:12,122.2,
20250514,10:14:12,122.3,
20250514,10:14:12,122.4,
20250514,10:14:13,122.5,
20250514,10:14:13,122.6,
20250514,10:14:13,122.8,
20250514,10:14:13,122.9,
20250514,10:14:14,123.1,
20250514,10:14:14,123.1,
20250514,10:14:14,123.1,
20250514,10:14:15,123.2,
20250514,10:14:15,123.3,
20250514,10:14:15,123.4,
20250514,10:14:15,123.6,
20250514,10:14:16,123.6,
20250514,10:14:16,123.7,
20250514,10:14:16,123.9,
20250514,10:14:16,124,
20250514,10:14:17,124.1,
20250514,10:14:17,124.2,
20250514,10:14:17,124.4,
20250514,10:14:18,124.5,
20250514,10:14:18,124.6,
20250514,10:14:18,124.8,
20250514,10:14:18,124.9,
20250514,10:14:19,125,
20250514,10:14:19,125.1,
20250514,10:14:19,125.3,
20250514,10:14:20,125.4,
20250514,10:14:20,125.5,
20250514,10:14:20,125.6,
20250514,10:14:20,125.7,
20250514,10:14:21,125.8,
20250514,10:14:21,125.9,
20250514,10:14:21,126,
20250514,10:14:21,126.1,
20250514,10:14:22,126.2,
20250514,10:14:22,126.4,
20250514,10:14:22,126.4,
20250514,10:14:23,126.7,
20250514,10:14:23,126.2,
20250514,10:14:23,125.7,
20250514,10:14:23,125.8,
20250514,10:14:24,126,
20250514,10:14:24,125.8,
20250514,10:14:24,125.9,
20250514,10:14:24,126.1,
20250514,10:14:25,126.5,
20250514,10:14:25,126.4,
20250514,10:14:25,126.5,
20250514,10:14:26,126.7,
20250514,10:14:26,127.1,
20250514,10:14:26,127,
20250514,10:14:26,126.9,
20250514,10:14:27,127.2,
20250514,10:14:27,127.4,
20250514,10:14:27,127.5,
20250514,10:14:28,128,
20250514,10:14:28,128.2,
20250514,10:14:28,128.2,
20250514,10:14:28,129.1,
20250514,10:14:29,148.5,
20250514,10:14:29,143.6,
20250514,10:14:29,141.9,
20250514,10:14:29,141.5,
20250514,10:14:30,140.6,
20250514,10:14:30,137.5,
20250514,10:14:30,139.7,
20250514,10:14:31,138.4,
20250514,10:14:31,137.6,
20250514,10:14:31,135.5,
20250514,10:14:31,135.7,
20250514,10:14:32,137,
20250514,10:14:32,136.8,
20250514,10:14:32,136.4,
20250514,10:14:33,136.2,
20250514,10:14:33,135.9,
20250514,10:14:33,135.8,
20250514,10:14:33,135.7,
20250514,10:14:34,135.8,
20250514,10:14:34,135.8,
20250514,10:14:34,135.9,
20250514,10:14:34,136,
20250514,10:14:35,136,
20250514,10:14:35,136.2,
20250514,10:14:35,136.3,
20250514,10:14:36,136.5,
20250514,10:14:36,136.9,
20250514,10:14:36,137,
20250514,10:14:36,137.2,
20250514,10:14:37,137.3,
20250514,10:14:37,137.4,
20250514,10:14:37,137.6,
20250514,10:14:37,137.6,
20250514,10:14:38,137.7,
20250514,10:14:38,137.8,
20250514,10:14:38,137.8,
20250514,10:14:39,137.9,
20250514,10:14:39,137.6,
20250514,10:14:39,137.6,
20250514,10:14:39,138.3,
20250514,10:14:40,141.1,
20250514,10:14:40,142.7,
20250514,10:14:40,142.6,
20250514,10:14:41,142.5,
20250514,10:14:41,142,
20250514,10:14:41,142.9,
20250514,10:14:41,106.4,
20250514,10:14:42,81.8,
20250514,10:14:42,81.5,
20250514,10:14:42,82.1,
20250514,10:14:42,82.6,
20250514,10:14:43,80.9,
20250514,10:14:43,79.6,
20250514,10:14:43,78.6,
20250514,10:14:44,77.5,
20250514,10:14:44,77.9,
20250514,10:14:44,77.9,
20250514,10:14:44,78.3,
20250514,10:14:45,79.1,
20250514,10:14:45,63.7,
20250514,10:14:45,43.8,
20250514,10:14:46,29.3,
20250514,10:14:46,18.2,
20250514,10:14:46,9,
20250514,10:14:46,0.4,
20250514,10:14:47,-6.1,
20250514,10:14:47,-11.3,
20250514,10:14:47,-15.7,
20250514,10:14:47,-19.3,
20250514,10:14:48,-22.5,
20250514,10:14:48,-24.9,
20250514,10:14:48,-27.6,
20250514,10:14:49,-29.4,
20250514,10:14:49,-31.7,
20250514,10:14:49,-34.2,
20250514,10:14:49,-35.7,
20250514,10:14:50,-34.7,
20250514,10:14:50,-36.6,
20250514,10:14:50,-37.6,
20250514,10:14:51,-39.1,
20250514,10:14:51,-41.8,
20250514,10:14:51,-42.4,
20250514,10:14:51,-43,
20250514,10:14:52,-43.6,
20250514,10:14:52,-44.6,
20250514,10:14:52,-45.5,
20250514,10:14:52,-46.3,
20250514,10:14:53,-47.1,
20250514,10:14:53,-48,
20250514,10:14:53,-48.7,
20250514,10:14:54,-49.5,
20250514,10:14:54,-50,
20250514,10:14:54,-50.5,
20250514,10:14:54,-50.9,
20250514,10:14:55,-51.1,
20250514,10:14:55,-51.1,
20250514,10:14:55,-48.8,
20250514,10:14:55,-45.6,
20250514,10:14:56,-46,
20250514,10:14:56,-46.6,
20250514,10:14:56,-45.2,
20250514,10:14:57,-45,
20250514,10:14:57,-45.1,
20250514,10:14:57,-44.9,
20250514,10:14:57,-44.6,
20250514,10:14:58,-44.3,
20250514,10:14:58,-44.1,
20250514,10:14:58,-43.7,
20250514,10:14:59,-43.5,
20250514,10:14:59,-43.4,
20250514,10:14:59,-43.4,
20250514,10:14:59,-43.4,
20250514,10:15:00,-43.4,
20250514,10:15:00,-43.6,
20250514,10:15:00,-43.8,
20250514,10:15:00,-44.1,
20250514,10:15:01,-44.3,
20250514,10:15:01,-44.4,
20250514,10:15:01,-44.4,
20250514,10:15:02,-44.4,
20250514,10:15:02,-44.4,
20250514,10:15:02,-44.3,
20250514,10:15:02,-44.2,
20250514,10:15:03,-44.1,
20250514,10:15:03,-44,
20250514,10:15:03,-43.8,
20250514,10:15:04,-43.6,
20250514,10:15:04,-43.5,
20250514,10:15:04,-43.4,
20250514,10:15:04,-43.1,
20250514,10:15:05,-43.1,
20250514,10:15:05,-42.9,
20250514,10:15:05,-42.6,
20250514,10:15:05,-42.3,
20250514,10:15:06,-41.9,
20250514,10:15:06,-41.6,
20250514,10:15:06,-41.2,
20250514,10:15:07,-40.9,
20250514,10:15:07,-40.8,
20250514,10:15:07,-40.7,
20250514,10:15:07,-40.5,
20250514,10:15:08,-40.4,
20250514,10:15:08,-40.1,
20250514,10:15:08,-39.9,
20250514,10:15:08,-39.6,
20250514,10:15:09,-39.2,
20250514,10:15:09,-39,
20250514,10:15:09,-38.8,
20250514,10:15:10,-38.4,
20250514,10:15:10,-38.3,
20250514,10:15:10,-38.2,
20250514,10:15:10,-38.1,
20250514,10:15:11,-38.3,
20250514,10:15:11,-38.3,
20250514,10:15:11,-38.3,
20250514,10:15:12,-38.3,
20250514,10:15:12,-38.3,
20250514,10:15:12,-38,
20250514,10:15:12,-37.9,
20250514,10:15:13,-37.5,
20250514,10:15:13,-37.4,
20250514,10:15:13,-37.1,
20250514,10:15:13,-36.8,
20250514,10:15:14,-36.6,
20250514,10:15:14,-36.6,
20250514,10:15:14,-36.6,
20250514,10:15:15,-36.4,
20250514,10:15:15,-36.4,
20250514,10:15:15,-36.6,
20250514,10:15:15,-36.8,
20250514,10:15:16,-36.9,
20250514,10:15:16,-36.7,
20250514,10:15:16,-36.6,
20250514,10:15:17,-36.3,
20250514,10:15:17,-36.1,
20250514,10:15:17,-35.9,
20250514,10:15:17,-35.7,
20250514,10:15:18,-35.6,
20250514,10:15:18,-35.5,
20250514,10:15:18,-35.4,
20250514,10:15:18,-35.4,
20250514,10:15:19,-35.2,
20250514,10:15:19,-35.2,
20250514,10:15:19,-35.1,
20250514,10:15:20,-35,
20250514,10:15:20,-34.9,
20250514,10:15:20,-34.9,
20250514,10:15:20,-34.9,
20250514,10:15:21,-34.9,
20250514,10:15:21,-35,
20250514,10:15:21,-34.9,
20250514,10:15:22,-34.9,
20250514,10:15:22,-34.9,
20250514,10:15:22,-35,
20250514,10:15:22,-35,
20250514,10:15:23,-34.9,
