静息,正,中,负
10:08:20,10:09:56,10:11:19,10:13:34
,,,
CTP208 ,D4:F5:13:0B:7B:1B,,
,,,
,,,
,,,
,,,
,,,
,,,
20250521,10:04:33,-33.9,
20250521,10:04:33,-33.4,
20250521,10:04:33,-33.3,
20250521,10:04:34,-33.5,
20250521,10:04:34,-33.5,
20250521,10:04:34,-33.3,
20250521,10:04:35,-32.9,
20250521,10:04:35,-32.5,
20250521,10:04:35,-32.4,
20250521,10:04:35,-32,
20250521,10:04:36,-32,
20250521,10:04:36,-31.8,
20250521,10:04:36,-31.8,
20250521,10:04:36,-32,
20250521,10:04:37,-32.3,
20250521,10:04:37,-33.1,
20250521,10:04:37,-33.3,
20250521,10:04:38,-33.7,
20250521,10:04:38,-34,
20250521,10:04:38,-34.2,
20250521,10:04:38,-34.2,
20250521,10:04:39,-34.5,
20250521,10:04:39,-34.9,
20250521,10:04:39,-35,
20250521,10:04:39,-34.9,
20250521,10:04:40,-34.8,
20250521,10:04:40,-34.4,
20250521,10:04:40,-35,
20250521,10:04:41,-35.1,
20250521,10:04:41,-35,
20250521,10:04:41,-34.6,
20250521,10:04:41,-34.2,
20250521,10:04:42,-33.8,
20250521,10:04:42,-33.5,
20250521,10:04:42,-33.3,
20250521,10:04:43,-33.2,
20250521,10:04:43,-33.5,
20250521,10:04:43,-33.4,
20250521,10:04:43,-33.2,
20250521,10:04:44,-33.3,
20250521,10:04:44,-33.6,
20250521,10:04:44,-34,
20250521,10:04:44,-34.9,
20250521,10:04:45,-36,
20250521,10:04:45,-36.7,
20250521,10:04:45,-36.7,
20250521,10:04:46,-36.2,
20250521,10:04:46,-35.6,
20250521,10:04:46,-35,
20250521,10:04:46,-34.5,
20250521,10:04:47,-34.1,
20250521,10:04:47,-34,
20250521,10:04:47,-33.8,
20250521,10:04:48,-33.8,
20250521,10:04:48,-33.8,
20250521,10:04:48,-33.8,
20250521,10:04:48,-33.8,
20250521,10:04:49,-34.1,
20250521,10:04:49,-34.8,
20250521,10:04:49,-35.9,
20250521,10:04:49,-36.4,
20250521,10:04:50,-36.3,
20250521,10:04:50,-35.9,
20250521,10:04:50,-35.6,
20250521,10:04:51,-35.9,
20250521,10:04:51,-35.9,
20250521,10:04:51,-35.9,
20250521,10:04:51,-35.7,
20250521,10:04:52,-35.6,
20250521,10:04:52,-35.4,
20250521,10:04:52,-35.3,
20250521,10:04:53,-35.6,
20250521,10:04:53,-36,
20250521,10:04:53,-36.1,
20250521,10:04:53,-35.3,
20250521,10:04:54,-34.2,
20250521,10:04:54,-32.7,
20250521,10:04:54,-31.8,
20250521,10:04:54,-31.2,
20250521,10:04:55,-31,
20250521,10:04:55,-30.8,
20250521,10:04:55,-30.6,
20250521,10:04:56,-30.1,
20250521,10:04:56,-30,
20250521,10:04:56,-30,
20250521,10:04:56,-30.1,
20250521,10:04:57,-30.4,
20250521,10:04:57,-30.7,
20250521,10:04:57,-30.9,
20250521,10:04:57,-31.2,
20250521,10:04:58,-31.4,
20250521,10:04:58,-31.6,
20250521,10:04:58,-32.1,
20250521,10:04:59,-32.8,
20250521,10:04:59,-33.1,
20250521,10:04:59,-32.9,
20250521,10:04:59,-32.6,
20250521,10:05:00,-32.1,
20250521,10:05:00,-31.6,
20250521,10:05:00,-31.4,
20250521,10:05:01,-31.5,
20250521,10:05:01,-31.3,
20250521,10:05:01,-30.7,
20250521,10:05:01,-31.5,
20250521,10:05:02,-31.6,
20250521,10:05:02,-31.6,
20250521,10:05:02,-32,
20250521,10:05:02,-32.2,
20250521,10:05:03,-32.3,
20250521,10:05:03,-32.3,
20250521,10:05:03,-32.1,
20250521,10:05:04,-32.3,
20250521,10:05:04,-32.5,
20250521,10:05:04,-32.4,
20250521,10:05:04,-32.5,
20250521,10:05:05,-32.7,
20250521,10:05:05,-33.5,
20250521,10:05:05,-34.4,
20250521,10:05:06,-35.4,
20250521,10:05:06,-35.8,
20250521,10:05:06,-35.8,
20250521,10:05:06,-35.5,
20250521,10:05:07,-35.5,
20250521,10:05:07,-35.3,
20250521,10:05:07,-35.1,
20250521,10:05:07,-35,
20250521,10:05:08,-34.9,
20250521,10:05:08,-34.7,
20250521,10:05:08,-34.4,
20250521,10:05:09,-34.2,
20250521,10:05:09,-34.2,
20250521,10:05:09,-34.6,
20250521,10:05:09,-35.4,
20250521,10:05:10,-35.8,
20250521,10:05:10,-35.9,
20250521,10:05:10,-35.5,
20250521,10:05:11,-35.2,
20250521,10:05:11,-34.9,
20250521,10:05:11,-34.6,
20250521,10:05:11,-34.2,
20250521,10:05:12,-33.8,
20250521,10:05:12,-33.4,
20250521,10:05:12,-33.3,
20250521,10:05:12,-33.4,
20250521,10:05:13,-33.4,
20250521,10:05:13,-33.3,
20250521,10:05:13,-33.6,
20250521,10:05:14,-34.2,
20250521,10:05:14,-34.9,
20250521,10:05:14,-34.5,
20250521,10:05:14,-33.8,
20250521,10:05:15,-32.5,
20250521,10:05:15,-31.7,
20250521,10:05:15,-30.9,
20250521,10:05:15,-30.5,
20250521,10:05:16,-30.1,
20250521,10:05:16,-30.2,
20250521,10:05:16,-30,
20250521,10:05:17,-30,
20250521,10:05:17,-30.3,
20250521,10:05:17,-30.3,
20250521,10:05:17,-30.6,
20250521,10:05:18,-31.1,
20250521,10:05:18,-31.7,
20250521,10:05:18,-31.3,
20250521,10:05:19,-31.1,
20250521,10:05:19,-30.8,
20250521,10:05:19,-30.4,
20250521,10:05:19,-30.1,
20250521,10:05:20,-29.5,
20250521,10:05:20,-29.5,
20250521,10:05:20,-29.3,
20250521,10:05:20,-29.6,
20250521,10:05:21,-29.7,
20250521,10:05:21,-29.2,
20250521,10:05:21,-28.8,
20250521,10:05:22,-28.2,
20250521,10:05:22,-27.9,
20250521,10:05:22,-27.7,
20250521,10:05:22,-27.8,
20250521,10:05:23,-28,
20250521,10:05:23,-28.2,
20250521,10:05:23,-28.5,
20250521,10:05:24,-28.7,
20250521,10:05:24,-28.8,
20250521,10:05:24,-29.3,
20250521,10:05:24,-29.5,
20250521,10:05:25,-29.8,
20250521,10:05:25,-29.7,
20250521,10:05:25,-29.7,
20250521,10:05:25,-29.7,
20250521,10:05:26,-29.9,
20250521,10:05:26,-30,
20250521,10:05:26,-30.2,
20250521,10:05:27,-30.1,
20250521,10:05:27,-30.1,
20250521,10:05:27,-30.2,
20250521,10:05:27,-30.4,
20250521,10:05:28,-31,
20250521,10:05:28,-31.7,
20250521,10:05:28,-32,
20250521,10:05:29,-32,
20250521,10:05:29,-31.9,
20250521,10:05:29,-31.8,
20250521,10:05:29,-31.6,
20250521,10:05:30,-31.4,
20250521,10:05:30,-31.4,
20250521,10:05:30,-31.1,
20250521,10:05:30,-31,
20250521,10:05:31,-30.8,
20250521,10:05:31,-30.9,
20250521,10:05:31,-31,
20250521,10:05:32,-30.9,
20250521,10:05:32,-30.9,
20250521,10:05:32,-31,
20250521,10:05:32,-31,
20250521,10:05:33,-31.6,
20250521,10:05:33,-32.8,
20250521,10:05:33,-34.2,
20250521,10:05:33,-34.9,
20250521,10:05:34,-34.7,
20250521,10:05:34,-33.9,
20250521,10:05:34,-33,
20250521,10:05:35,-32.2,
20250521,10:05:35,-31.6,
20250521,10:05:35,-31.1,
20250521,10:05:35,-30.8,
20250521,10:05:36,-30.7,
20250521,10:05:36,-30.5,
20250521,10:05:36,-30.5,
20250521,10:05:37,-30.4,
20250521,10:05:37,-30.4,
20250521,10:05:37,-30.5,
20250521,10:05:37,-30.9,
20250521,10:05:38,-31.6,
20250521,10:05:38,-32,
20250521,10:05:38,-32.3,
20250521,10:05:38,-32.2,
20250521,10:05:39,-32.1,
20250521,10:05:39,-31.8,
20250521,10:05:39,-31.6,
20250521,10:05:40,-31.3,
20250521,10:05:40,-31,
20250521,10:05:40,-30.8,
20250521,10:05:40,-30.8,
20250521,10:05:41,-30.6,
20250521,10:05:41,-30.4,
20250521,10:05:41,-30.3,
20250521,10:05:42,-30.2,
20250521,10:05:42,-30.1,
20250521,10:05:42,-30,
20250521,10:05:42,-29.9,
20250521,10:05:43,-29.8,
20250521,10:05:43,-29.8,
20250521,10:05:43,-29.6,
20250521,10:05:43,-29.6,
20250521,10:05:44,-29.5,
20250521,10:05:44,-29.3,
20250521,10:05:44,-29.2,
20250521,10:05:45,-29.1,
20250521,10:05:45,-29,
20250521,10:05:45,-28.9,
20250521,10:05:45,-28.8,
20250521,10:05:46,-28.7,
20250521,10:05:46,-28.7,
20250521,10:05:46,-28.8,
20250521,10:05:47,-29.1,
20250521,10:05:47,-29.4,
20250521,10:05:47,-29.7,
20250521,10:05:47,-30.1,
20250521,10:05:48,-30.9,
20250521,10:05:48,-32,
20250521,10:05:48,-32.8,
20250521,10:05:48,-33.3,
20250521,10:05:49,-33.4,
20250521,10:05:49,-33.3,
20250521,10:05:49,-33.1,
20250521,10:05:50,-33.1,
20250521,10:05:50,-33,
20250521,10:05:50,-33.3,
20250521,10:05:50,-33.6,
20250521,10:05:51,-34,
20250521,10:05:51,-34.3,
20250521,10:05:51,-34.1,
20250521,10:05:51,-33.7,
20250521,10:05:52,-33.1,
20250521,10:05:52,-32.5,
20250521,10:05:52,-32.1,
20250521,10:05:53,-31.9,
20250521,10:05:53,-31.9,
20250521,10:05:53,-31.9,
20250521,10:05:53,-32.1,
20250521,10:05:54,-32.1,
20250521,10:05:54,-32.1,
20250521,10:05:54,-32,
20250521,10:05:55,-31.9,
20250521,10:05:55,-31.7,
20250521,10:05:55,-31.5,
20250521,10:05:55,-31.6,
20250521,10:05:56,-31.6,
20250521,10:05:56,-31.5,
20250521,10:05:56,-31.5,
20250521,10:05:56,-31.6,
20250521,10:05:57,-31.6,
20250521,10:05:57,-31.5,
20250521,10:05:57,-31.4,
20250521,10:05:58,-31.2,
20250521,10:05:58,-31,
20250521,10:05:58,-30.8,
20250521,10:05:58,-30.8,
20250521,10:05:59,-31,
20250521,10:05:59,-31.5,
20250521,10:05:59,-31.8,
20250521,10:06:00,-32.1,
20250521,10:06:00,-32.2,
20250521,10:06:00,-32,
20250521,10:06:00,-32.1,
20250521,10:06:01,-31.7,
20250521,10:06:01,-31.6,
20250521,10:06:01,-31.4,
20250521,10:06:01,-31.6,
20250521,10:06:02,-32.6,
20250521,10:06:02,-34.1,
20250521,10:06:02,-35.1,
20250521,10:06:03,-35.4,
20250521,10:06:03,-35.2,
20250521,10:06:03,-34.9,
20250521,10:06:03,-34.3,
20250521,10:06:04,-33.9,
20250521,10:06:04,-34,
20250521,10:06:04,-34.2,
20250521,10:06:05,-34.2,
20250521,10:06:05,-33.8,
20250521,10:06:05,-33.5,
20250521,10:06:05,-33.5,
20250521,10:06:06,-33.3,
20250521,10:06:06,-32.8,
20250521,10:06:06,-32.5,
20250521,10:06:06,-32.1,
20250521,10:06:07,-31.9,
20250521,10:06:07,-31.8,
20250521,10:06:07,-32.1,
20250521,10:06:08,-33,
20250521,10:06:08,-34.2,
20250521,10:06:08,-34.8,
20250521,10:06:08,-34.7,
20250521,10:06:09,-34.5,
20250521,10:06:09,-34,
20250521,10:06:09,-33.6,
20250521,10:06:09,-33.1,
20250521,10:06:10,-32.8,
20250521,10:06:10,-32.5,
20250521,10:06:10,-32.4,
20250521,10:06:11,-32.4,
20250521,10:06:11,-32.5,
20250521,10:06:11,-32.5,
20250521,10:06:11,-32.5,
20250521,10:06:12,-32.5,
20250521,10:06:12,-32.8,
20250521,10:06:12,-33.4,
20250521,10:06:13,-34.1,
20250521,10:06:13,-34.5,
20250521,10:06:13,-34.4,
20250521,10:06:13,-34.4,
20250521,10:06:14,-34.7,
20250521,10:06:14,-34.8,
20250521,10:06:14,-34.9,
20250521,10:06:14,-34.8,
20250521,10:06:15,-34.4,
20250521,10:06:15,-34.1,
20250521,10:06:15,-33.8,
20250521,10:06:16,-33.4,
20250521,10:06:16,-33,
20250521,10:06:16,-32.6,
20250521,10:06:16,-32.5,
20250521,10:06:17,-32.3,
20250521,10:06:17,-32.1,
20250521,10:06:17,-32.1,
20250521,10:06:18,-32,
20250521,10:06:18,-32,
20250521,10:06:18,-31.9,
20250521,10:06:18,-31.9,
20250521,10:06:19,-32,
20250521,10:06:19,-32,
20250521,10:06:19,-32.4,
20250521,10:06:19,-33.3,
20250521,10:06:20,-34.3,
20250521,10:06:20,-35,
20250521,10:06:20,-35.2,
20250521,10:06:21,-35,
20250521,10:06:21,-35,
20250521,10:06:21,-35,
20250521,10:06:21,-34.9,
20250521,10:06:22,-34.3,
20250521,10:06:22,-33.9,
20250521,10:06:22,-33.3,
20250521,10:06:23,-32.6,
20250521,10:06:23,-32.5,
20250521,10:06:23,-32.3,
20250521,10:06:23,-31.7,
20250521,10:06:24,-31,
20250521,10:06:24,-29.9,
20250521,10:06:24,-29.1,
20250521,10:06:24,-28.5,
20250521,10:06:25,-28.3,
20250521,10:06:25,-28,
20250521,10:06:25,-28.2,
20250521,10:06:26,-28.4,
20250521,10:06:26,-28.7,
20250521,10:06:26,-29.3,
20250521,10:06:26,-30.1,
20250521,10:06:27,-31,
20250521,10:06:27,-31.2,
20250521,10:06:27,-30.8,
20250521,10:06:27,-30.4,
20250521,10:06:28,-29.7,
20250521,10:06:28,-28.6,
20250521,10:06:28,-27.3,
20250521,10:06:29,-26.1,
20250521,10:06:29,-25.1,
20250521,10:06:29,-24.5,
20250521,10:06:29,-24.4,
20250521,10:06:30,-24.9,
20250521,10:06:30,-25.5,
20250521,10:06:30,-25.6,
20250521,10:06:31,-25.9,
20250521,10:06:31,-26.1,
20250521,10:06:31,-26.1,
20250521,10:06:31,-25.8,
20250521,10:06:32,-25.6,
20250521,10:06:32,-25.6,
20250521,10:06:32,-26.1,
20250521,10:06:32,-26.2,
20250521,10:06:33,-26.4,
20250521,10:06:33,-26.8,
20250521,10:06:33,-27.3,
20250521,10:06:34,-27.9,
20250521,10:06:34,-28.4,
20250521,10:06:34,-28.7,
20250521,10:06:34,-29,
20250521,10:06:35,-29.1,
20250521,10:06:35,-29.1,
20250521,10:06:35,-29.2,
20250521,10:06:36,-29.2,
20250521,10:06:36,-29.3,
20250521,10:06:36,-29.5,
20250521,10:06:36,-29.5,
20250521,10:06:37,-29.6,
20250521,10:06:37,-29.8,
20250521,10:06:37,-30.1,
20250521,10:06:37,-31.1,
20250521,10:06:38,-32.2,
20250521,10:06:38,-32.6,
20250521,10:06:38,-32.6,
20250521,10:06:39,-32,
20250521,10:06:39,-31.5,
20250521,10:06:39,-30.8,
20250521,10:06:39,-30.4,
20250521,10:06:40,-30.1,
20250521,10:06:40,-29.9,
20250521,10:06:40,-30,
20250521,10:06:41,-30.2,
20250521,10:06:41,-30.3,
20250521,10:06:41,-30.1,
20250521,10:06:41,-29.9,
20250521,10:06:42,-29.7,
20250521,10:06:42,-29.5,
20250521,10:06:42,-29.4,
20250521,10:06:42,-29.3,
20250521,10:06:43,-29.2,
20250521,10:06:43,-29.3,
20250521,10:06:43,-29.3,
20250521,10:06:44,-29.2,
20250521,10:06:44,-29.2,
20250521,10:06:44,-29.2,
20250521,10:06:44,-29.2,
20250521,10:06:45,-29.1,
20250521,10:06:45,-29.1,
20250521,10:06:45,-29,
20250521,10:06:45,-29.1,
20250521,10:06:46,-29,
20250521,10:06:46,-28.9,
20250521,10:06:46,-28.7,
20250521,10:06:47,-28.6,
20250521,10:06:47,-28.4,
20250521,10:06:47,-28.4,
20250521,10:06:47,-28.4,
20250521,10:06:48,-28.3,
20250521,10:06:48,-28.3,
20250521,10:06:48,-28.2,
20250521,10:06:49,-28.3,
20250521,10:06:49,-28.9,
20250521,10:06:49,-29.9,
20250521,10:06:49,-31,
20250521,10:06:50,-31.8,
20250521,10:06:50,-32.1,
20250521,10:06:50,-32,
20250521,10:06:50,-32.1,
20250521,10:06:51,-32.3,
20250521,10:06:51,-32.5,
20250521,10:06:51,-33.1,
20250521,10:06:52,-33,
20250521,10:06:52,-32.7,
20250521,10:06:52,-32.2,
20250521,10:06:52,-31.6,
20250521,10:06:53,-31,
20250521,10:06:53,-30.6,
20250521,10:06:53,-30.4,
20250521,10:06:54,-30.2,
20250521,10:06:54,-29.8,
20250521,10:06:54,-29.7,
20250521,10:06:54,-30,
20250521,10:06:55,-29.9,
20250521,10:06:55,-29.8,
20250521,10:06:55,-29.6,
20250521,10:06:55,-29.5,
20250521,10:06:56,-29.7,
20250521,10:06:56,-29.9,
20250521,10:06:56,-30.1,
20250521,10:06:57,-30.2,
20250521,10:06:57,-30.1,
20250521,10:06:57,-29.9,
20250521,10:06:57,-29.7,
20250521,10:06:58,-29.5,
20250521,10:06:58,-29.4,
20250521,10:06:58,-29.6,
20250521,10:06:59,-30,
20250521,10:06:59,-30.2,
20250521,10:06:59,-30.2,
20250521,10:06:59,-30,
20250521,10:07:00,-29.8,
20250521,10:07:00,-29.2,
20250521,10:07:00,-28.9,
20250521,10:07:00,-28.5,
20250521,10:07:01,-28.3,
20250521,10:07:01,-28.5,
20250521,10:07:01,-29.1,
20250521,10:07:02,-29.8,
20250521,10:07:02,-30.4,
20250521,10:07:02,-30.8,
20250521,10:07:02,-30.6,
20250521,10:07:03,-30.6,
20250521,10:07:03,-30.3,
20250521,10:07:03,-29.9,
20250521,10:07:03,-29.8,
20250521,10:07:04,-30.6,
20250521,10:07:04,-31.8,
20250521,10:07:04,-32.6,
20250521,10:07:05,-32.1,
20250521,10:07:05,-31.1,
20250521,10:07:05,-30.4,
20250521,10:07:05,-29.7,
20250521,10:07:06,-29.6,
20250521,10:07:06,-29.4,
20250521,10:07:06,-29,
20250521,10:07:07,-28.7,
20250521,10:07:07,-27.9,
20250521,10:07:07,-27.1,
20250521,10:07:07,-26.3,
20250521,10:07:08,-25.5,
20250521,10:07:08,-24.8,
20250521,10:07:08,-24.2,
20250521,10:07:08,-23.9,
20250521,10:07:09,-23.1,
20250521,10:07:09,-21.7,
20250521,10:07:09,-20.4,
20250521,10:07:10,-19.5,
20250521,10:07:10,-19,
20250521,10:07:10,-18.7,
20250521,10:07:10,-18.4,
20250521,10:07:11,-17.9,
20250521,10:07:11,-17.5,
20250521,10:07:11,-17.1,
20250521,10:07:12,-17.3,
20250521,10:07:12,-17.7,
20250521,10:07:12,-18.2,
20250521,10:07:12,-18.3,
20250521,10:07:13,-17.9,
20250521,10:07:13,-17.3,
20250521,10:07:13,-16.3,
20250521,10:07:13,-15.3,
20250521,10:07:14,-14.4,
20250521,10:07:14,-13.9,
20250521,10:07:14,-13.8,
20250521,10:07:15,-14.1,
20250521,10:07:15,-14.6,
20250521,10:07:15,-15.4,
20250521,10:07:15,-16.2,
20250521,10:07:16,-17.1,
20250521,10:07:16,-18.2,
20250521,10:07:16,-19.1,
20250521,10:07:17,-20.2,
20250521,10:07:17,-21.1,
20250521,10:07:17,-22,
20250521,10:07:17,-22.9,
20250521,10:07:18,-23.7,
20250521,10:07:18,-24.5,
20250521,10:07:18,-25.1,
20250521,10:07:18,-25.7,
20250521,10:07:19,-26.2,
20250521,10:07:19,-26.8,
20250521,10:07:19,-27.6,
20250521,10:07:20,-29,
20250521,10:07:20,-29.6,
20250521,10:07:20,-29.9,
20250521,10:07:20,-29.7,
20250521,10:07:21,-29.2,
20250521,10:07:21,-29.2,
20250521,10:07:21,-29.1,
20250521,10:07:21,-29,
20250521,10:07:22,-28.8,
20250521,10:07:22,-28.7,
20250521,10:07:22,-29.2,
20250521,10:07:23,-28.7,
20250521,10:07:23,-28.8,
20250521,10:07:23,-28.6,
20250521,10:07:23,-28.5,
20250521,10:07:24,-28.5,
20250521,10:07:24,-28.7,
20250521,10:07:24,-28.5,
20250521,10:07:25,-28.3,
20250521,10:07:25,-28.3,
20250521,10:07:25,-28.4,
20250521,10:07:25,-28.2,
20250521,10:07:26,-28,
20250521,10:07:26,-27.8,
20250521,10:07:26,-27.8,
20250521,10:07:26,-28.2,
20250521,10:07:27,-29,
20250521,10:07:27,-29.8,
20250521,10:07:27,-30,
20250521,10:07:28,-30,
20250521,10:07:28,-29.8,
20250521,10:07:28,-29.2,
20250521,10:07:28,-29,
20250521,10:07:29,-28.3,
20250521,10:07:29,-28.2,
20250521,10:07:29,-28,
20250521,10:07:30,-27.8,
20250521,10:07:30,-27.6,
20250521,10:07:30,-27.4,
20250521,10:07:30,-27.3,
20250521,10:07:31,-27.4,
20250521,10:07:31,-27.1,
20250521,10:07:31,-27.1,
20250521,10:07:31,-27,
20250521,10:07:32,-27,
20250521,10:07:32,-26.8,
20250521,10:07:32,-26.8,
20250521,10:07:33,-26.7,
20250521,10:07:33,-26.6,
20250521,10:07:33,-26.5,
20250521,10:07:33,-26.4,
20250521,10:07:34,-26.5,
20250521,10:07:34,-26.5,
20250521,10:07:34,-27,
20250521,10:07:35,-28.3,
20250521,10:07:35,-30,
20250521,10:07:35,-31.1,
20250521,10:07:35,-31.6,
20250521,10:07:36,-31.6,
20250521,10:07:36,-31.4,
20250521,10:07:36,-30.9,
20250521,10:07:36,-30.5,
20250521,10:07:37,-30.2,
20250521,10:07:37,-29.9,
20250521,10:07:37,-29.6,
20250521,10:07:38,-29.1,
20250521,10:07:38,-28.9,
20250521,10:07:38,-28.9,
20250521,10:07:38,-29.3,
20250521,10:07:39,-29.6,
20250521,10:07:39,-29.5,
20250521,10:07:39,-29.1,
20250521,10:07:40,-28.7,
20250521,10:07:40,-28.3,
20250521,10:07:40,-28.3,
20250521,10:07:40,-28.7,
20250521,10:07:41,-28.7,
20250521,10:07:41,-27.6,
20250521,10:07:41,-26,
20250521,10:07:41,-24.4,
20250521,10:07:42,-23.1,
20250521,10:07:42,-22.5,
20250521,10:07:42,-22.4,
20250521,10:07:43,-22.8,
20250521,10:07:43,-23.3,
20250521,10:07:43,-23.9,
20250521,10:07:43,-24.1,
20250521,10:07:44,-24.4,
20250521,10:07:44,-24.6,
20250521,10:07:44,-24.4,
20250521,10:07:44,-24,
20250521,10:07:45,-23.9,
20250521,10:07:45,-23.8,
20250521,10:07:45,-23.5,
20250521,10:07:46,-23.2,
20250521,10:07:46,-22.7,
20250521,10:07:46,-22,
20250521,10:07:46,-20.7,
20250521,10:07:47,-19.1,
20250521,10:07:47,-17.9,
20250521,10:07:47,-17.1,
20250521,10:07:48,-16.9,
20250521,10:07:48,-17.1,
20250521,10:07:48,-17.5,
20250521,10:07:48,-18,
20250521,10:07:49,-18.8,
20250521,10:07:49,-19.5,
20250521,10:07:49,-20.3,
20250521,10:07:49,-21,
20250521,10:07:50,-21.6,
20250521,10:07:50,-22.2,
20250521,10:07:50,-22.9,
20250521,10:07:51,-23.6,
20250521,10:07:51,-24.5,
20250521,10:07:51,-25.3,
20250521,10:07:51,-25.9,
20250521,10:07:52,-26.1,
20250521,10:07:52,-26.3,
20250521,10:07:52,-26.2,
20250521,10:07:53,-26.3,
20250521,10:07:53,-26.3,
20250521,10:07:53,-26.2,
20250521,10:07:53,-26.3,
20250521,10:07:54,-26.4,
20250521,10:07:54,-26.5,
20250521,10:07:54,-26.5,
20250521,10:07:54,-26.5,
20250521,10:07:55,-26.8,
20250521,10:07:55,-27.4,
20250521,10:07:55,-27.9,
20250521,10:07:56,-28.2,
20250521,10:07:56,-28.5,
20250521,10:07:56,-29,
20250521,10:07:56,-29,
20250521,10:07:57,-28.6,
20250521,10:07:57,-28.2,
20250521,10:07:57,-27.5,
20250521,10:07:58,-27.3,
20250521,10:07:58,-26.6,
20250521,10:07:58,-26.1,
20250521,10:07:58,-26.1,
20250521,10:07:59,-26.1,
20250521,10:07:59,-26.1,
20250521,10:07:59,-26.2,
20250521,10:07:59,-26.4,
20250521,10:08:00,-26.7,
20250521,10:08:00,-27.2,
20250521,10:08:00,-27.5,
20250521,10:08:01,-27.6,
20250521,10:08:01,-27.3,
20250521,10:08:01,-27.2,
20250521,10:08:01,-26.9,
20250521,10:08:02,-26.7,
20250521,10:08:02,-26.6,
20250521,10:08:02,-26.5,
20250521,10:08:02,-26.5,
20250521,10:08:03,-26.4,
20250521,10:08:03,-26.4,
20250521,10:08:03,-26.3,
20250521,10:08:04,-26.3,
20250521,10:08:04,-26.2,
20250521,10:08:04,-26.2,
20250521,10:08:04,-26.5,
20250521,10:08:05,-27.3,
20250521,10:08:05,-28.5,
20250521,10:08:05,-29.4,
20250521,10:08:06,-29.7,
20250521,10:08:06,-29.7,
20250521,10:08:06,-29.4,
20250521,10:08:06,-29.1,
20250521,10:08:07,-28.7,
20250521,10:08:07,-28.4,
20250521,10:08:07,-28.2,
20250521,10:08:07,-28.1,
20250521,10:08:08,-28.3,
20250521,10:08:08,-29.1,
20250521,10:08:08,-30,
20250521,10:08:09,-30.7,
20250521,10:08:09,-30.6,
20250521,10:08:09,-29.9,
20250521,10:08:09,-29.2,
20250521,10:08:10,-28.8,
20250521,10:08:10,-28.2,
20250521,10:08:10,-28,
20250521,10:08:11,-27.8,
20250521,10:08:11,-27.7,
20250521,10:08:11,-27.6,
20250521,10:08:11,-27.7,
20250521,10:08:12,-27.6,
20250521,10:08:12,-27.6,
20250521,10:08:12,-27.5,
20250521,10:08:12,-27.4,
20250521,10:08:13,-27.3,
20250521,10:08:13,-27.4,
20250521,10:08:13,-27.9,
20250521,10:08:14,-29,
20250521,10:08:14,-30.1,
20250521,10:08:14,-30.8,
20250521,10:08:14,-31.1,
20250521,10:08:15,-30.7,
20250521,10:08:15,-29.6,
20250521,10:08:15,-28.5,
20250521,10:08:16,-27.6,
20250521,10:08:16,-27,
20250521,10:08:16,-26.8,
20250521,10:08:16,-26.8,
20250521,10:08:17,-26.9,
20250521,10:08:17,-27.1,
20250521,10:08:17,-27,
20250521,10:08:17,-26.9,
20250521,10:08:18,-26.7,
20250521,10:08:18,-26.6,
20250521,10:08:18,-26.7,
20250521,10:08:19,-26.8,
20250521,10:08:19,-26.8,
20250521,10:08:19,-27,
20250521,10:08:19,-27.2,
20250521,10:08:20,-27.6,
20250521,10:08:20,-28,
20250521,10:08:20,-28.3,
20250521,10:08:20,-28.8,
20250521,10:08:21,-29.7,
20250521,10:08:21,-30.4,
20250521,10:08:21,-30.3,
20250521,10:08:22,-29.4,
20250521,10:08:22,-28.1,
20250521,10:08:22,-27.2,
20250521,10:08:22,-26.6,
20250521,10:08:23,-26.1,
20250521,10:08:23,-25.7,
20250521,10:08:23,-25.6,
20250521,10:08:24,-25.6,
20250521,10:08:24,-25.6,
20250521,10:08:24,-25.7,
20250521,10:08:24,-25.8,
20250521,10:08:25,-25.6,
20250521,10:08:25,-25.3,
20250521,10:08:25,-25,
20250521,10:08:25,-24.8,
20250521,10:08:26,-24.7,
20250521,10:08:26,-24.4,
20250521,10:08:26,-24.2,
20250521,10:08:27,-24.1,
20250521,10:08:27,-24,
20250521,10:08:27,-24,
20250521,10:08:27,-24.1,
20250521,10:08:28,-24.3,
20250521,10:08:28,-24.5,
20250521,10:08:28,-24.6,
20250521,10:08:29,-24.8,
20250521,10:08:29,-24.8,
20250521,10:08:29,-24.9,
20250521,10:08:29,-24.9,
20250521,10:08:30,-24.8,
20250521,10:08:30,-24.9,
20250521,10:08:30,-24.9,
20250521,10:08:30,-24.8,
20250521,10:08:31,-24.8,
20250521,10:08:31,-25,
20250521,10:08:31,-24.8,
20250521,10:08:32,-24.9,
20250521,10:08:32,-24.7,
20250521,10:08:32,-24.8,
20250521,10:08:32,-24.7,
20250521,10:08:33,-24.7,
20250521,10:08:33,-24.7,
20250521,10:08:33,-24.5,
20250521,10:08:34,-24.5,
20250521,10:08:34,-24.4,
20250521,10:08:34,-24.4,
20250521,10:08:34,-24.2,
20250521,10:08:35,-24.1,
20250521,10:08:35,-23.9,
20250521,10:08:35,-23.9,
20250521,10:08:35,-23.8,
20250521,10:08:36,-23.8,
20250521,10:08:36,-23.6,
20250521,10:08:36,-23.5,
20250521,10:08:37,-23.4,
20250521,10:08:37,-23.3,
20250521,10:08:37,-23.2,
20250521,10:08:37,-23.1,
20250521,10:08:38,-23,
20250521,10:08:38,-23,
20250521,10:08:38,-23.1,
20250521,10:08:38,-23.1,
20250521,10:08:39,-23.4,
20250521,10:08:39,-23.9,
20250521,10:08:39,-24.4,
20250521,10:08:40,-24.7,
20250521,10:08:40,-24.8,
20250521,10:08:40,-24.7,
20250521,10:08:40,-24.3,
20250521,10:08:41,-24.3,
20250521,10:08:41,-24.2,
20250521,10:08:41,-24.8,
20250521,10:08:42,-25.5,
20250521,10:08:42,-26.4,
20250521,10:08:42,-27,
20250521,10:08:42,-27.2,
20250521,10:08:43,-27.3,
20250521,10:08:43,-27.1,
20250521,10:08:43,-27,
20250521,10:08:43,-26.7,
20250521,10:08:44,-26.4,
20250521,10:08:44,-26.1,
20250521,10:08:44,-25.9,
20250521,10:08:45,-25.7,
20250521,10:08:45,-25.5,
20250521,10:08:45,-25.4,
20250521,10:08:45,-25.1,
20250521,10:08:46,-25,
20250521,10:08:46,-24.8,
20250521,10:08:46,-24.9,
20250521,10:08:47,-25.5,
20250521,10:08:47,-26.2,
20250521,10:08:47,-27.1,
20250521,10:08:47,-27.8,
20250521,10:08:48,-28.4,
20250521,10:08:48,-28.7,
20250521,10:08:48,-28.9,
20250521,10:08:48,-29,
20250521,10:08:49,-28.6,
20250521,10:08:49,-28.4,
20250521,10:08:49,-28.2,
20250521,10:08:50,-28.2,
20250521,10:08:50,-28,
20250521,10:08:50,-28,
20250521,10:08:50,-27.8,
20250521,10:08:51,-27.6,
20250521,10:08:51,-27.4,
20250521,10:08:51,-27.3,
20250521,10:08:52,-27,
20250521,10:08:52,-26.8,
20250521,10:08:52,-26.6,
20250521,10:08:52,-26.5,
20250521,10:08:53,-26.4,
20250521,10:08:53,-26.2,
20250521,10:08:53,-26,
20250521,10:08:53,-25.7,
20250521,10:08:54,-25.6,
20250521,10:08:54,-25.6,
20250521,10:08:54,-25.4,
20250521,10:08:55,-25.3,
20250521,10:08:55,-25.1,
20250521,10:08:55,-24.9,
20250521,10:08:55,-24.8,
20250521,10:08:56,-24.8,
20250521,10:08:56,-24.6,
20250521,10:08:56,-24.6,
20250521,10:08:56,-24.5,
20250521,10:08:57,-24.3,
20250521,10:08:57,-24.2,
20250521,10:08:57,-24,
20250521,10:08:58,-23.9,
20250521,10:08:58,-23.9,
20250521,10:08:58,-23.9,
20250521,10:08:58,-23.9,
20250521,10:08:59,-24.4,
20250521,10:08:59,-25.5,
20250521,10:08:59,-26.6,
20250521,10:09:00,-27.5,
20250521,10:09:00,-28,
20250521,10:09:00,-28.2,
20250521,10:09:00,-28,
20250521,10:09:01,-27.7,
20250521,10:09:01,-27.4,
20250521,10:09:01,-27.1,
20250521,10:09:01,-26.8,
20250521,10:09:02,-26.5,
20250521,10:09:02,-26.2,
20250521,10:09:02,-26.4,
20250521,10:09:03,-26.5,
20250521,10:09:03,-26.9,
20250521,10:09:03,-27.1,
20250521,10:09:03,-27.1,
20250521,10:09:04,-27,
20250521,10:09:04,-26.8,
20250521,10:09:04,-26.5,
20250521,10:09:05,-26.3,
20250521,10:09:05,-26.1,
20250521,10:09:05,-25.8,
20250521,10:09:05,-25.6,
20250521,10:09:06,-25.6,
20250521,10:09:06,-25.4,
20250521,10:09:06,-25.2,
20250521,10:09:06,-25.1,
20250521,10:09:07,-25,
20250521,10:09:07,-24.8,
20250521,10:09:07,-24.7,
20250521,10:09:08,-24.5,
20250521,10:09:08,-24.4,
20250521,10:09:08,-24.3,
20250521,10:09:08,-24.1,
20250521,10:09:09,-24,
20250521,10:09:09,-23.9,
20250521,10:09:09,-23.7,
20250521,10:09:10,-23.6,
20250521,10:09:10,-23.4,
20250521,10:09:10,-23.2,
20250521,10:09:10,-23.1,
20250521,10:09:11,-23.1,
20250521,10:09:11,-23.1,
20250521,10:09:11,-23.5,
20250521,10:09:11,-23.9,
20250521,10:09:12,-24.5,
20250521,10:09:12,-24.8,
20250521,10:09:12,-24.9,
20250521,10:09:13,-24.9,
20250521,10:09:13,-24.7,
20250521,10:09:13,-24.6,
20250521,10:09:13,-24.5,
20250521,10:09:14,-24.3,
20250521,10:09:14,-24.6,
20250521,10:09:14,-25.6,
20250521,10:09:15,-27,
20250521,10:09:15,-28.2,
20250521,10:09:15,-29,
20250521,10:09:15,-29.2,
20250521,10:09:16,-29.1,
20250521,10:09:16,-28.9,
20250521,10:09:16,-28.6,
20250521,10:09:16,-28.5,
20250521,10:09:17,-28.6,
20250521,10:09:17,-28.8,
20250521,10:09:17,-28.7,
20250521,10:09:18,-28.5,
20250521,10:09:18,-28.3,
20250521,10:09:18,-28.1,
20250521,10:09:18,-27.8,
20250521,10:09:19,-27.6,
20250521,10:09:19,-27.3,
20250521,10:09:19,-27.1,
20250521,10:09:19,-26.9,
20250521,10:09:20,-26.5,
20250521,10:09:20,-26.3,
20250521,10:09:20,-26.2,
20250521,10:09:21,-26,
20250521,10:09:21,-25.7,
20250521,10:09:21,-25.6,
20250521,10:09:21,-25.6,
20250521,10:09:22,-25.4,
20250521,10:09:22,-25.3,
20250521,10:09:22,-25,
20250521,10:09:23,-24.9,
20250521,10:09:23,-24.8,
20250521,10:09:23,-24.6,
20250521,10:09:23,-24.6,
20250521,10:09:24,-24.8,
20250521,10:09:24,-26,
20250521,10:09:24,-27.5,
20250521,10:09:24,-28.6,
20250521,10:09:25,-29.3,
20250521,10:09:25,-29.5,
20250521,10:09:25,-29.4,
20250521,10:09:26,-29.1,
20250521,10:09:26,-29.6,
20250521,10:09:26,-30.3,
20250521,10:09:26,-31.1,
20250521,10:09:27,-31.6,
20250521,10:09:27,-31.6,
20250521,10:09:27,-31.6,
20250521,10:09:28,-31.3,
20250521,10:09:28,-30.9,
20250521,10:09:28,-30.7,
20250521,10:09:28,-30.4,
20250521,10:09:29,-30.1,
20250521,10:09:29,-30,
20250521,10:09:29,-30.8,
20250521,10:09:29,-32.1,
20250521,10:09:30,-32.6,
20250521,10:09:30,-32.5,
20250521,10:09:30,-31.9,
20250521,10:09:31,-31.5,
20250521,10:09:31,-31.2,
20250521,10:09:31,-30.8,
20250521,10:09:31,-30.5,
20250521,10:09:32,-30.5,
20250521,10:09:32,-30.3,
20250521,10:09:32,-30.2,
20250521,10:09:33,-30.1,
20250521,10:09:33,-30,
20250521,10:09:33,-29.9,
20250521,10:09:33,-29.9,
20250521,10:09:34,-29.9,
20250521,10:09:34,-29.9,
20250521,10:09:34,-29.9,
20250521,10:09:34,-29.9,
20250521,10:09:35,-29.9,
20250521,10:09:35,-29.8,
20250521,10:09:35,-29.8,
20250521,10:09:36,-29.8,
20250521,10:09:36,-29.7,
20250521,10:09:36,-29.6,
20250521,10:09:36,-29.6,
20250521,10:09:37,-29.4,
20250521,10:09:37,-29.4,
20250521,10:09:37,-29.2,
20250521,10:09:37,-29.1,
20250521,10:09:38,-29,
20250521,10:09:38,-28.9,
20250521,10:09:38,-28.7,
20250521,10:09:39,-28.5,
20250521,10:09:39,-28.5,
20250521,10:09:39,-28.4,
20250521,10:09:39,-28.3,
20250521,10:09:40,-28.2,
20250521,10:09:40,-28.2,
20250521,10:09:40,-28.2,
20250521,10:09:41,-28.2,
20250521,10:09:41,-28.2,
20250521,10:09:41,-28,
20250521,10:09:41,-28,
20250521,10:09:42,-27.8,
20250521,10:09:42,-27.6,
20250521,10:09:42,-27.5,
20250521,10:09:42,-27.3,
20250521,10:09:43,-27.2,
20250521,10:09:43,-27.2,
20250521,10:09:43,-26.7,
20250521,10:09:44,-26.8,
20250521,10:09:44,-27.6,
20250521,10:09:44,-29.5,
20250521,10:09:44,-31.6,
20250521,10:09:45,-32.6,
20250521,10:09:45,-33.2,
20250521,10:09:45,-33.2,
20250521,10:09:46,-32.8,
20250521,10:09:46,-32.7,
20250521,10:09:46,-32.6,
20250521,10:09:46,-32.5,
20250521,10:09:47,-31.9,
20250521,10:09:47,-31.6,
20250521,10:09:47,-31.4,
20250521,10:09:47,-31.2,
20250521,10:09:48,-31.3,
20250521,10:09:48,-31.8,
20250521,10:09:48,-31.9,
20250521,10:09:49,-31.3,
20250521,10:09:49,-30.6,
20250521,10:09:49,-30,
20250521,10:09:49,-29.7,
20250521,10:09:50,-29.4,
20250521,10:09:50,-29.2,
20250521,10:09:50,-29.4,
20250521,10:09:51,-29.6,
20250521,10:09:51,-29.9,
20250521,10:09:51,-30.1,
20250521,10:09:51,-30.6,
20250521,10:09:52,-31.3,
20250521,10:09:52,-31.6,
20250521,10:09:52,-31.7,
20250521,10:09:52,-31.6,
20250521,10:09:53,-31.5,
20250521,10:09:53,-31.6,
20250521,10:09:53,-31.7,
20250521,10:09:54,-32,
20250521,10:09:54,-31.4,
20250521,10:09:54,-30.5,
20250521,10:09:54,-29.9,
20250521,10:09:55,-29.4,
20250521,10:09:55,-29.3,
20250521,10:09:55,-29.2,
20250521,10:09:55,-29.4,
20250521,10:09:56,-29.6,
20250521,10:09:56,-29.9,
20250521,10:09:56,-30.1,
20250521,10:09:57,-30.6,
20250521,10:09:57,-30.9,
20250521,10:09:57,-31.2,
20250521,10:09:57,-31.4,
20250521,10:09:58,-31.7,
20250521,10:09:58,-32.1,
20250521,10:09:58,-32.7,
20250521,10:09:59,-32.8,
20250521,10:09:59,-32.6,
20250521,10:09:59,-32.4,
20250521,10:09:59,-31.9,
20250521,10:10:00,-31.6,
20250521,10:10:00,-31.4,
20250521,10:10:00,-31.4,
20250521,10:10:00,-31.6,
20250521,10:10:01,-31.7,
20250521,10:10:01,-31.9,
20250521,10:10:01,-31.9,
20250521,10:10:02,-32,
20250521,10:10:02,-32,
20250521,10:10:02,-31.9,
20250521,10:10:02,-31.9,
20250521,10:10:03,-31.9,
20250521,10:10:03,-32,
20250521,10:10:03,-32.1,
20250521,10:10:04,-32.1,
20250521,10:10:04,-32,
20250521,10:10:04,-31.9,
20250521,10:10:04,-31.7,
20250521,10:10:05,-31.6,
20250521,10:10:05,-31.5,
20250521,10:10:05,-31.5,
20250521,10:10:05,-31.4,
20250521,10:10:06,-31.3,
20250521,10:10:06,-31.2,
20250521,10:10:06,-31.2,
20250521,10:10:07,-30.9,
20250521,10:10:07,-30.4,
20250521,10:10:07,-30.2,
20250521,10:10:07,-29.9,
20250521,10:10:08,-29.9,
20250521,10:10:08,-30.5,
20250521,10:10:08,-31.7,
20250521,10:10:09,-32.7,
20250521,10:10:09,-33.3,
20250521,10:10:09,-33.2,
20250521,10:10:09,-32.7,
20250521,10:10:10,-32,
20250521,10:10:10,-30.9,
20250521,10:10:10,-29.6,
20250521,10:10:10,-28.5,
20250521,10:10:11,-27.4,
20250521,10:10:11,-27.1,
20250521,10:10:11,-27,
20250521,10:10:12,-27,
20250521,10:10:12,-27.3,
20250521,10:10:12,-27.8,
20250521,10:10:12,-28.5,
20250521,10:10:13,-29.1,
20250521,10:10:13,-28.7,
20250521,10:10:13,-28.1,
20250521,10:10:13,-27.3,
20250521,10:10:14,-26.8,
20250521,10:10:14,-26.7,
20250521,10:10:14,-26.6,
20250521,10:10:15,-26.1,
20250521,10:10:15,-25.4,
20250521,10:10:15,-24.8,
20250521,10:10:15,-24.5,
20250521,10:10:16,-24.4,
20250521,10:10:16,-24.5,
20250521,10:10:16,-24.8,
20250521,10:10:17,-25.3,
20250521,10:10:17,-25.7,
20250521,10:10:17,-26,
20250521,10:10:17,-26.5,
20250521,10:10:18,-26.8,
20250521,10:10:18,-27.2,
20250521,10:10:18,-27.5,
20250521,10:10:18,-27.9,
20250521,10:10:19,-28.2,
20250521,10:10:19,-28.5,
20250521,10:10:19,-29.2,
20250521,10:10:20,-30.1,
20250521,10:10:20,-30.8,
20250521,10:10:20,-31.2,
20250521,10:10:20,-31,
20250521,10:10:21,-30.8,
20250521,10:10:21,-30.3,
20250521,10:10:21,-29.9,
20250521,10:10:22,-29.6,
20250521,10:10:22,-29.2,
20250521,10:10:22,-29.1,
20250521,10:10:22,-28.9,
20250521,10:10:23,-28.7,
20250521,10:10:23,-28.7,
20250521,10:10:23,-28.5,
20250521,10:10:23,-28.5,
20250521,10:10:24,-28.4,
20250521,10:10:24,-28.3,
20250521,10:10:24,-28.2,
20250521,10:10:25,-28.2,
20250521,10:10:25,-28.2,
20250521,10:10:25,-28.7,
20250521,10:10:25,-29.3,
20250521,10:10:26,-29.9,
20250521,10:10:26,-30,
20250521,10:10:26,-29.9,
20250521,10:10:27,-29.6,
20250521,10:10:27,-29.1,
20250521,10:10:27,-28.7,
20250521,10:10:27,-28.4,
20250521,10:10:28,-28.3,
20250521,10:10:28,-28.2,
20250521,10:10:28,-28.3,
20250521,10:10:28,-28.4,
20250521,10:10:29,-28.3,
20250521,10:10:29,-28.2,
20250521,10:10:29,-28,
20250521,10:10:30,-27.8,
20250521,10:10:30,-27.6,
20250521,10:10:30,-27.4,
20250521,10:10:30,-27.3,
20250521,10:10:31,-27.3,
20250521,10:10:31,-27.1,
20250521,10:10:31,-27.1,
20250521,10:10:32,-27.1,
20250521,10:10:32,-27.3,
20250521,10:10:32,-27.5,
20250521,10:10:32,-27.8,
20250521,10:10:33,-28.2,
20250521,10:10:33,-28.3,
20250521,10:10:33,-28.3,
20250521,10:10:33,-28.3,
20250521,10:10:34,-28.2,
20250521,10:10:34,-28,
20250521,10:10:34,-27.9,
20250521,10:10:35,-28.3,
20250521,10:10:35,-29.3,
20250521,10:10:35,-29.9,
20250521,10:10:35,-30.2,
20250521,10:10:36,-30,
20250521,10:10:36,-29.8,
20250521,10:10:36,-29.3,
20250521,10:10:36,-29,
20250521,10:10:37,-28.6,
20250521,10:10:37,-28.3,
20250521,10:10:37,-28.1,
20250521,10:10:38,-27.9,
20250521,10:10:38,-27.6,
20250521,10:10:38,-27.4,
20250521,10:10:38,-27.2,
20250521,10:10:39,-27,
20250521,10:10:39,-26.9,
20250521,10:10:39,-26.8,
20250521,10:10:40,-26.9,
20250521,10:10:40,-27.6,
20250521,10:10:40,-28.7,
20250521,10:10:40,-29.5,
20250521,10:10:41,-29.8,
20250521,10:10:41,-29.8,
20250521,10:10:41,-29.5,
20250521,10:10:41,-29.2,
20250521,10:10:42,-28.9,
20250521,10:10:42,-28.5,
20250521,10:10:42,-28.2,
20250521,10:10:43,-28,
20250521,10:10:43,-27.6,
20250521,10:10:43,-27.4,
20250521,10:10:43,-27.3,
20250521,10:10:44,-27.1,
20250521,10:10:44,-26.9,
20250521,10:10:44,-26.7,
20250521,10:10:45,-26.5,
20250521,10:10:45,-26.5,
20250521,10:10:45,-26.4,
20250521,10:10:45,-26.2,
20250521,10:10:46,-26.1,
20250521,10:10:46,-26,
20250521,10:10:46,-25.8,
20250521,10:10:46,-25.7,
20250521,10:10:47,-25.6,
20250521,10:10:47,-25.6,
20250521,10:10:47,-25.7,
20250521,10:10:48,-26.1,
20250521,10:10:48,-26.6,
20250521,10:10:48,-27.1,
20250521,10:10:48,-27.6,
20250521,10:10:49,-27.8,
20250521,10:10:49,-27.9,
20250521,10:10:49,-27.8,
20250521,10:10:50,-27.6,
20250521,10:10:50,-27.4,
20250521,10:10:50,-27.3,
20250521,10:10:50,-27,
20250521,10:10:51,-26.8,
20250521,10:10:51,-26.6,
20250521,10:10:51,-26.4,
20250521,10:10:51,-26.2,
20250521,10:10:52,-26,
20250521,10:10:52,-25.9,
20250521,10:10:52,-25.9,
20250521,10:10:53,-26.3,
20250521,10:10:53,-26.5,
20250521,10:10:53,-26.7,
20250521,10:10:53,-26.7,
20250521,10:10:54,-26.6,
20250521,10:10:54,-26.5,
20250521,10:10:54,-26.3,
20250521,10:10:54,-26.1,
20250521,10:10:55,-25.9,
20250521,10:10:55,-25.7,
20250521,10:10:55,-25.6,
20250521,10:10:56,-25.5,
20250521,10:10:56,-25.3,
20250521,10:10:56,-25.3,
20250521,10:10:56,-25,
20250521,10:10:57,-24.8,
20250521,10:10:57,-24.6,
20250521,10:10:57,-24.5,
20250521,10:10:58,-24.2,
20250521,10:10:58,-24.2,
20250521,10:10:58,-24,
20250521,10:10:58,-24.3,
20250521,10:10:59,-25,
20250521,10:10:59,-26.1,
20250521,10:10:59,-27.2,
20250521,10:10:59,-28.1,
20250521,10:11:00,-28.6,
20250521,10:11:00,-28.7,
20250521,10:11:00,-28.7,
20250521,10:11:01,-28.7,
20250521,10:11:01,-29,
20250521,10:11:01,-29.7,
20250521,10:11:01,-30.5,
20250521,10:11:02,-30.8,
20250521,10:11:02,-30.8,
20250521,10:11:02,-30.7,
20250521,10:11:03,-30.4,
20250521,10:11:03,-30.1,
20250521,10:11:03,-29.8,
20250521,10:11:03,-29.4,
20250521,10:11:04,-29.2,
20250521,10:11:04,-28.9,
20250521,10:11:04,-28.6,
20250521,10:11:04,-28.2,
20250521,10:11:05,-28.1,
20250521,10:11:05,-27.9,
20250521,10:11:05,-28.2,
20250521,10:11:06,-29.6,
20250521,10:11:06,-31.4,
20250521,10:11:06,-32.8,
20250521,10:11:06,-33.3,
20250521,10:11:07,-33.3,
20250521,10:11:07,-33.1,
20250521,10:11:07,-32.7,
20250521,10:11:08,-32.4,
20250521,10:11:08,-32,
20250521,10:11:08,-31.8,
20250521,10:11:08,-31.7,
20250521,10:11:09,-31.6,
20250521,10:11:09,-31.6,
20250521,10:11:09,-31.6,
20250521,10:11:09,-31.4,
20250521,10:11:10,-31.2,
20250521,10:11:10,-31.3,
20250521,10:11:10,-31.3,
20250521,10:11:11,-31.3,
20250521,10:11:11,-31.2,
20250521,10:11:11,-31.1,
20250521,10:11:11,-30.8,
20250521,10:11:12,-30.6,
20250521,10:11:12,-30.4,
20250521,10:11:12,-30.1,
20250521,10:11:13,-30,
20250521,10:11:13,-29.8,
20250521,10:11:13,-29.6,
20250521,10:11:13,-29.5,
20250521,10:11:14,-29.3,
20250521,10:11:14,-29.1,
20250521,10:11:14,-29.1,
20250521,10:11:14,-29,
20250521,10:11:15,-28.8,
20250521,10:11:15,-28.7,
20250521,10:11:15,-29.2,
20250521,10:11:16,-30.1,
20250521,10:11:16,-31.3,
20250521,10:11:16,-32.1,
20250521,10:11:16,-32.5,
20250521,10:11:17,-32.5,
20250521,10:11:17,-32.3,
20250521,10:11:17,-32.1,
20250521,10:11:17,-32,
20250521,10:11:18,-32.4,
20250521,10:11:18,-32.9,
20250521,10:11:18,-33.3,
20250521,10:11:19,-33.3,
20250521,10:11:19,-33.3,
20250521,10:11:19,-33,
20250521,10:11:19,-32.8,
20250521,10:11:20,-33.2,
20250521,10:11:20,-33.9,
20250521,10:11:20,-34.6,
20250521,10:11:21,-34.9,
20250521,10:11:21,-34.8,
20250521,10:11:21,-34.3,
20250521,10:11:21,-34.1,
20250521,10:11:22,-33.6,
20250521,10:11:22,-33.3,
20250521,10:11:22,-33,
20250521,10:11:22,-32.6,
20250521,10:11:23,-32.4,
20250521,10:11:23,-32,
20250521,10:11:23,-31.7,
20250521,10:11:24,-31.6,
20250521,10:11:24,-31.6,
20250521,10:11:24,-31.6,
20250521,10:11:24,-32.3,
20250521,10:11:25,-33.6,
20250521,10:11:25,-35,
20250521,10:11:25,-35.9,
20250521,10:11:26,-35.9,
20250521,10:11:26,-35.4,
20250521,10:11:26,-35,
20250521,10:11:26,-34.5,
20250521,10:11:27,-34.2,
20250521,10:11:27,-33.9,
20250521,10:11:27,-33.8,
20250521,10:11:27,-33.8,
20250521,10:11:28,-33.8,
20250521,10:11:28,-33.6,
20250521,10:11:28,-33.5,
20250521,10:11:29,-33.3,
20250521,10:11:29,-33.3,
20250521,10:11:29,-33.1,
20250521,10:11:29,-33.2,
20250521,10:11:30,-33.3,
20250521,10:11:30,-33.7,
20250521,10:11:30,-34.1,
20250521,10:11:31,-34.2,
20250521,10:11:31,-34.2,
20250521,10:11:31,-34.1,
20250521,10:11:31,-33.9,
20250521,10:11:32,-33.6,
20250521,10:11:32,-33.4,
20250521,10:11:32,-33.3,
20250521,10:11:32,-33.1,
20250521,10:11:33,-33,
20250521,10:11:33,-32.8,
20250521,10:11:33,-32.7,
20250521,10:11:34,-32.5,
20250521,10:11:34,-32.4,
20250521,10:11:34,-32.4,
20250521,10:11:34,-32.2,
20250521,10:11:35,-32.1,
20250521,10:11:35,-31.9,
20250521,10:11:35,-31.8,
20250521,10:11:35,-31.6,
20250521,10:11:36,-31.6,
20250521,10:11:36,-31.4,
20250521,10:11:36,-31.2,
20250521,10:11:37,-31.1,
20250521,10:11:37,-31,
20250521,10:11:37,-30.8,
20250521,10:11:37,-30.8,
20250521,10:11:38,-30.7,
20250521,10:11:38,-30.5,
20250521,10:11:38,-30.4,
20250521,10:11:39,-30.3,
20250521,10:11:39,-30.1,
20250521,10:11:39,-30,
20250521,10:11:39,-30,
20250521,10:11:40,-30.5,
20250521,10:11:40,-31.1,
20250521,10:11:40,-31.9,
20250521,10:11:40,-32.5,
20250521,10:11:41,-32.9,
20250521,10:11:41,-33,
20250521,10:11:41,-32.9,
20250521,10:11:42,-32.8,
20250521,10:11:42,-32.6,
20250521,10:11:42,-32.4,
20250521,10:11:42,-32.2,
20250521,10:11:43,-31.9,
20250521,10:11:43,-31.7,
20250521,10:11:43,-31.7,
20250521,10:11:44,-31.9,
20250521,10:11:44,-32.2,
20250521,10:11:44,-32.5,
20250521,10:11:44,-32.6,
20250521,10:11:45,-32.7,
20250521,10:11:45,-32.6,
20250521,10:11:45,-32.5,
20250521,10:11:45,-32.3,
20250521,10:11:46,-32.1,
20250521,10:11:46,-31.8,
20250521,10:11:46,-31.6,
20250521,10:11:47,-31.5,
20250521,10:11:47,-31.3,
20250521,10:11:47,-31,
20250521,10:11:47,-30.8,
20250521,10:11:48,-30.8,
20250521,10:11:48,-30.7,
20250521,10:11:48,-30.7,
20250521,10:11:49,-30.8,
20250521,10:11:49,-31.6,
20250521,10:11:49,-32.7,
20250521,10:11:49,-33.7,
20250521,10:11:50,-34.3,
20250521,10:11:50,-34.8,
20250521,10:11:50,-35.4,
20250521,10:11:50,-36,
20250521,10:11:51,-36.5,
20250521,10:11:51,-36.7,
20250521,10:11:51,-36.7,
20250521,10:11:52,-36.6,
20250521,10:11:52,-36.3,
20250521,10:11:52,-35.9,
20250521,10:11:52,-35.6,
20250521,10:11:53,-35.4,
20250521,10:11:53,-35.2,
20250521,10:11:53,-35.3,
20250521,10:11:54,-35.5,
20250521,10:11:54,-35.6,
20250521,10:11:54,-35.5,
20250521,10:11:54,-35.3,
20250521,10:11:55,-35.1,
20250521,10:11:55,-35,
20250521,10:11:55,-34.8,
20250521,10:11:55,-34.4,
20250521,10:11:56,-34.2,
20250521,10:11:56,-34.1,
20250521,10:11:56,-34,
20250521,10:11:57,-33.8,
20250521,10:11:57,-33.6,
20250521,10:11:57,-33.5,
20250521,10:11:57,-33.3,
20250521,10:11:58,-33.2,
20250521,10:11:58,-32.9,
20250521,10:11:58,-32.7,
20250521,10:11:58,-32.7,
20250521,10:11:59,-33,
20250521,10:11:59,-33.5,
20250521,10:11:59,-33.8,
20250521,10:12:00,-34.1,
20250521,10:12:00,-34.4,
20250521,10:12:00,-34.8,
20250521,10:12:00,-35.3,
20250521,10:12:01,-35.7,
20250521,10:12:01,-36.3,
20250521,10:12:01,-36.8,
20250521,10:12:02,-36.9,
20250521,10:12:02,-37.2,
20250521,10:12:02,-36.9,
20250521,10:12:02,-36.7,
20250521,10:12:03,-36.5,
20250521,10:12:03,-36,
20250521,10:12:03,-35.8,
20250521,10:12:03,-35.7,
20250521,10:12:04,-35.8,
20250521,10:12:04,-35.7,
20250521,10:12:04,-35.9,
20250521,10:12:05,-36.7,
20250521,10:12:05,-38.1,
20250521,10:12:05,-39.1,
20250521,10:12:05,-39.4,
20250521,10:12:06,-39.3,
20250521,10:12:06,-39.1,
20250521,10:12:06,-38.7,
20250521,10:12:07,-38.4,
20250521,10:12:07,-38.1,
20250521,10:12:07,-37.8,
20250521,10:12:07,-37.5,
20250521,10:12:08,-37.3,
20250521,10:12:08,-36.9,
20250521,10:12:08,-36.7,
20250521,10:12:08,-36.6,
20250521,10:12:09,-36.3,
20250521,10:12:09,-36.2,
20250521,10:12:09,-36,
20250521,10:12:10,-35.9,
20250521,10:12:10,-35.7,
20250521,10:12:10,-35.7,
20250521,10:12:10,-35.8,
20250521,10:12:11,-35.9,
20250521,10:12:11,-35.9,
20250521,10:12:11,-35.8,
20250521,10:12:12,-35.7,
20250521,10:12:12,-35.5,
20250521,10:12:12,-35.4,
20250521,10:12:12,-35.3,
20250521,10:12:13,-35.1,
20250521,10:12:13,-35.2,
20250521,10:12:13,-35,
20250521,10:12:13,-35,
20250521,10:12:14,-34.8,
20250521,10:12:14,-34.9,
20250521,10:12:14,-34.7,
20250521,10:12:15,-34.5,
20250521,10:12:15,-34.4,
20250521,10:12:15,-34.4,
20250521,10:12:15,-34.7,
20250521,10:12:16,-34.9,
20250521,10:12:16,-34.9,
20250521,10:12:16,-34.8,
20250521,10:12:16,-34.6,
20250521,10:12:17,-34.4,
20250521,10:12:17,-34.2,
20250521,10:12:17,-34.2,
20250521,10:12:18,-34.2,
20250521,10:12:18,-34.1,
20250521,10:12:18,-34.1,
20250521,10:12:18,-33.9,
20250521,10:12:19,-33.7,
20250521,10:12:19,-33.5,
20250521,10:12:19,-33.3,
20250521,10:12:20,-33.2,
20250521,10:12:20,-33,
20250521,10:12:20,-32.9,
20250521,10:12:20,-33.2,
20250521,10:12:21,-34.3,
20250521,10:12:21,-36.1,
20250521,10:12:21,-37.7,
20250521,10:12:21,-38.6,
20250521,10:12:22,-38.9,
20250521,10:12:22,-38.8,
20250521,10:12:22,-38.6,
20250521,10:12:23,-38.2,
20250521,10:12:23,-37.8,
20250521,10:12:23,-37.4,
20250521,10:12:23,-37.6,
20250521,10:12:24,-37.9,
20250521,10:12:24,-38.4,
20250521,10:12:24,-38.7,
20250521,10:12:25,-38.6,
20250521,10:12:25,-38.4,
20250521,10:12:25,-37.9,
20250521,10:12:25,-37.6,
20250521,10:12:26,-37.8,
20250521,10:12:26,-38.2,
20250521,10:12:26,-39.1,
20250521,10:12:26,-38.9,
20250521,10:12:27,-38.4,
20250521,10:12:27,-37.8,
20250521,10:12:27,-37.6,
20250521,10:12:28,-37,
20250521,10:12:28,-37,
20250521,10:12:28,-37,
20250521,10:12:28,-36.9,
20250521,10:12:29,-36.9,
20250521,10:12:29,-37.6,
20250521,10:12:29,-38.5,
20250521,10:12:30,-39,
20250521,10:12:30,-39,
20250521,10:12:30,-38.5,
20250521,10:12:30,-38.1,
20250521,10:12:31,-37.6,
20250521,10:12:31,-37.4,
20250521,10:12:31,-37.1,
20250521,10:12:31,-37,
20250521,10:12:32,-37,
20250521,10:12:32,-36.9,
20250521,10:12:32,-37,
20250521,10:12:33,-37,
20250521,10:12:33,-36.9,
20250521,10:12:33,-36.8,
20250521,10:12:33,-36.8,
20250521,10:12:34,-36.7,
20250521,10:12:34,-36.7,
20250521,10:12:34,-36.7,
20250521,10:12:34,-36.5,
20250521,10:12:35,-36.4,
20250521,10:12:35,-36.4,
20250521,10:12:35,-36.1,
20250521,10:12:36,-36,
20250521,10:12:36,-35.9,
20250521,10:12:36,-35.9,
20250521,10:12:36,-35.9,
20250521,10:12:37,-36.3,
20250521,10:12:37,-36.5,
20250521,10:12:37,-36.5,
20250521,10:12:38,-36.7,
20250521,10:12:38,-36.4,
20250521,10:12:38,-36,
20250521,10:12:38,-35.7,
20250521,10:12:39,-35.5,
20250521,10:12:39,-35.3,
20250521,10:12:39,-35.1,
20250521,10:12:39,-35,
20250521,10:12:40,-35.3,
20250521,10:12:40,-35.7,
20250521,10:12:40,-36,
20250521,10:12:41,-36.2,
20250521,10:12:41,-36.4,
20250521,10:12:41,-36.3,
20250521,10:12:41,-36.1,
20250521,10:12:42,-35.9,
20250521,10:12:42,-35.7,
20250521,10:12:42,-35.5,
20250521,10:12:43,-35.2,
20250521,10:12:43,-35,
20250521,10:12:43,-34.7,
20250521,10:12:43,-34.4,
20250521,10:12:44,-34.4,
20250521,10:12:44,-34.1,
20250521,10:12:44,-33.9,
20250521,10:12:44,-33.6,
20250521,10:12:45,-33.6,
20250521,10:12:45,-33.8,
20250521,10:12:45,-34.5,
20250521,10:12:46,-35.7,
20250521,10:12:46,-36.6,
20250521,10:12:46,-37.3,
20250521,10:12:46,-37.7,
20250521,10:12:47,-37.6,
20250521,10:12:47,-37.6,
20250521,10:12:47,-37,
20250521,10:12:48,-36.8,
20250521,10:12:48,-36.6,
20250521,10:12:48,-36.2,
20250521,10:12:48,-35.9,
20250521,10:12:49,-35.7,
20250521,10:12:49,-35.5,
20250521,10:12:49,-35.3,
20250521,10:12:49,-35.2,
20250521,10:12:50,-34.8,
20250521,10:12:50,-34.6,
20250521,10:12:50,-34.3,
20250521,10:12:51,-34.2,
20250521,10:12:51,-34.2,
20250521,10:12:51,-34.2,
20250521,10:12:51,-34,
20250521,10:12:52,-33.9,
20250521,10:12:52,-33.7,
20250521,10:12:52,-33.5,
20250521,10:12:52,-33.3,
20250521,10:12:53,-33.1,
20250521,10:12:53,-32.9,
20250521,10:12:53,-32.8,
20250521,10:12:54,-32.8,
20250521,10:12:54,-32.9,
20250521,10:12:54,-32.9,
20250521,10:12:54,-33,
20250521,10:12:55,-32.9,
20250521,10:12:55,-32.6,
20250521,10:12:55,-32.5,
20250521,10:12:56,-32.4,
20250521,10:12:56,-32,
20250521,10:12:56,-31.9,
20250521,10:12:56,-32,
20250521,10:12:57,-32.2,
20250521,10:12:57,-32.5,
20250521,10:12:57,-32.8,
20250521,10:12:57,-33,
20250521,10:12:58,-33,
20250521,10:12:58,-33.3,
20250521,10:12:58,-34.2,
20250521,10:12:59,-35,
20250521,10:12:59,-36.3,
20250521,10:12:59,-36.5,
20250521,10:12:59,-36.8,
20250521,10:13:00,-37,
20250521,10:13:00,-36.9,
20250521,10:13:00,-36.7,
20250521,10:13:01,-36.4,
20250521,10:13:01,-36,
20250521,10:13:01,-35.7,
20250521,10:13:01,-35.4,
20250521,10:13:02,-35,
20250521,10:13:02,-34.8,
20250521,10:13:02,-34.5,
20250521,10:13:02,-34.2,
20250521,10:13:03,-33.9,
20250521,10:13:03,-33.7,
20250521,10:13:03,-33.5,
20250521,10:13:04,-33.3,
20250521,10:13:04,-32.9,
20250521,10:13:04,-32.6,
20250521,10:13:04,-32.5,
20250521,10:13:05,-32.3,
20250521,10:13:05,-32.1,
20250521,10:13:05,-31.8,
20250521,10:13:06,-31.8,
20250521,10:13:06,-31.8,
20250521,10:13:06,-32.1,
20250521,10:13:06,-32.6,
20250521,10:13:07,-32.9,
20250521,10:13:07,-33.1,
20250521,10:13:07,-33.2,
20250521,10:13:07,-33,
20250521,10:13:08,-33.1,
20250521,10:13:08,-33.7,
20250521,10:13:08,-34.2,
20250521,10:13:09,-34.4,
20250521,10:13:09,-34.6,
20250521,10:13:09,-34.5,
20250521,10:13:09,-34.1,
20250521,10:13:10,-33.9,
20250521,10:13:10,-33.8,
20250521,10:13:10,-33.7,
20250521,10:13:11,-33.5,
20250521,10:13:11,-33.3,
20250521,10:13:11,-33.7,
20250521,10:13:11,-34.9,
20250521,10:13:12,-36.1,
20250521,10:13:12,-36.8,
20250521,10:13:12,-36.8,
20250521,10:13:12,-36.4,
20250521,10:13:13,-35.9,
20250521,10:13:13,-35.6,
20250521,10:13:13,-35.2,
20250521,10:13:14,-35,
20250521,10:13:14,-34.9,
20250521,10:13:14,-34.7,
20250521,10:13:14,-34.5,
20250521,10:13:15,-34.3,
20250521,10:13:15,-34.2,
20250521,10:13:15,-34.1,
20250521,10:13:15,-33.9,
20250521,10:13:16,-33.7,
20250521,10:13:16,-33.5,
20250521,10:13:16,-33.4,
20250521,10:13:17,-33.3,
20250521,10:13:17,-33.2,
20250521,10:13:17,-33.2,
20250521,10:13:17,-33.3,
20250521,10:13:18,-33.4,
20250521,10:13:18,-33.4,
20250521,10:13:18,-33.4,
20250521,10:13:19,-33.3,
20250521,10:13:19,-33,
20250521,10:13:19,-32.8,
20250521,10:13:19,-32.5,
20250521,10:13:20,-32.4,
20250521,10:13:20,-32.1,
20250521,10:13:20,-31.9,
20250521,10:13:20,-31.8,
20250521,10:13:21,-31.8,
20250521,10:13:21,-32,
20250521,10:13:21,-32.4,
20250521,10:13:22,-32.8,
20250521,10:13:22,-33.1,
20250521,10:13:22,-33.2,
20250521,10:13:22,-33.2,
20250521,10:13:23,-33,
20250521,10:13:23,-32.7,
20250521,10:13:23,-32.5,
20250521,10:13:24,-32.3,
20250521,10:13:24,-32.2,
20250521,10:13:24,-32.5,
20250521,10:13:24,-32.9,
20250521,10:13:25,-33.4,
20250521,10:13:25,-33.4,
20250521,10:13:25,-33.4,
20250521,10:13:25,-33.2,
20250521,10:13:26,-32.9,
20250521,10:13:26,-32.5,
20250521,10:13:26,-32.3,
20250521,10:13:27,-32,
20250521,10:13:27,-31.6,
20250521,10:13:27,-31.5,
20250521,10:13:27,-31.3,
20250521,10:13:28,-31.1,
20250521,10:13:28,-31.3,
20250521,10:13:28,-32.5,
20250521,10:13:29,-34,
20250521,10:13:29,-35,
20250521,10:13:29,-35.4,
20250521,10:13:29,-35.1,
20250521,10:13:30,-35,
20250521,10:13:30,-34.9,
20250521,10:13:30,-35,
20250521,10:13:30,-34.8,
20250521,10:13:31,-34.3,
20250521,10:13:31,-33.7,
20250521,10:13:31,-33.3,
20250521,10:13:32,-32.9,
20250521,10:13:32,-32.5,
20250521,10:13:32,-32.3,
20250521,10:13:32,-32.3,
20250521,10:13:33,-32.5,
20250521,10:13:33,-32.6,
20250521,10:13:33,-33,
20250521,10:13:33,-33.3,
20250521,10:13:34,-33.3,
20250521,10:13:34,-33.3,
20250521,10:13:34,-33.1,
20250521,10:13:35,-33.2,
20250521,10:13:35,-33.5,
20250521,10:13:35,-33.5,
20250521,10:13:35,-33.2,
20250521,10:13:36,-32.7,
20250521,10:13:36,-32.5,
20250521,10:13:36,-32.2,
20250521,10:13:37,-31.8,
20250521,10:13:37,-31.3,
20250521,10:13:37,-30.8,
20250521,10:13:37,-30.6,
20250521,10:13:38,-30.4,
20250521,10:13:38,-30.2,
20250521,10:13:38,-30.5,
20250521,10:13:38,-30.5,
20250521,10:13:39,-30.5,
20250521,10:13:39,-30.8,
20250521,10:13:39,-31.1,
20250521,10:13:40,-31.6,
20250521,10:13:40,-32.5,
20250521,10:13:40,-33.3,
20250521,10:13:40,-32.8,
20250521,10:13:41,-30.8,
20250521,10:13:41,-27.9,
20250521,10:13:41,-25.5,
20250521,10:13:42,-23.5,
20250521,10:13:42,-21.7,
20250521,10:13:42,-20,
20250521,10:13:42,-18.3,
20250521,10:13:43,-16.6,
20250521,10:13:43,-15.3,
20250521,10:13:43,-14.5,
20250521,10:13:43,-13.8,
20250521,10:13:44,-13.1,
20250521,10:13:44,-12.8,
20250521,10:13:44,-12.4,
20250521,10:13:45,-12.2,
20250521,10:13:45,-12.5,
20250521,10:13:45,-12.6,
20250521,10:13:45,-12.5,
20250521,10:13:46,-13.1,
20250521,10:13:46,-13.6,
20250521,10:13:46,-12.8,
20250521,10:13:47,-11.6,
20250521,10:13:47,-11.1,
20250521,10:13:47,-10.8,
20250521,10:13:47,-10.8,
20250521,10:13:48,-11.2,
20250521,10:13:48,-12.1,
20250521,10:13:48,-13.4,
20250521,10:13:48,-14.2,
20250521,10:13:49,-15.4,
20250521,10:13:49,-16.1,
20250521,10:13:49,-16.8,
20250521,10:13:50,-17.5,
20250521,10:13:50,-18.6,
20250521,10:13:50,-19.7,
20250521,10:13:50,-19.7,
20250521,10:13:51,-19.2,
20250521,10:13:51,-15.7,
20250521,10:13:51,-12.8,
20250521,10:13:52,-11,
20250521,10:13:52,-9.8,
20250521,10:13:52,-9.4,
20250521,10:13:52,-8.9,
20250521,10:13:53,-7.9,
20250521,10:13:53,-6.8,
20250521,10:13:53,-6,
20250521,10:13:53,-5.5,
20250521,10:13:54,-5.1,
20250521,10:13:54,-5.1,
20250521,10:13:54,-5.1,
20250521,10:13:55,-4.9,
20250521,10:13:55,-5,
20250521,10:13:55,-5.3,
20250521,10:13:55,-6.7,
20250521,10:13:56,-8.4,
20250521,10:13:56,-9.5,
20250521,10:13:56,-9.8,
20250521,10:13:56,-10.1,
20250521,10:13:57,-10.4,
20250521,10:13:57,-10.4,
20250521,10:13:57,-10.7,
20250521,10:13:58,-10.5,
20250521,10:13:58,-9.7,
20250521,10:13:58,-8.9,
20250521,10:13:58,-8.5,
20250521,10:13:59,-8,
20250521,10:13:59,-7.7,
20250521,10:13:59,-7.7,
20250521,10:14:00,-7.8,
20250521,10:14:00,-7.6,
20250521,10:14:00,-7,
20250521,10:14:00,-6.6,
20250521,10:14:01,-6.2,
20250521,10:14:01,-6.2,
20250521,10:14:01,-6.5,
20250521,10:14:01,-6.8,
20250521,10:14:02,-6.8,
20250521,10:14:02,-6.6,
20250521,10:14:02,-6.6,
20250521,10:14:03,-6.8,
20250521,10:14:03,-7.3,
20250521,10:14:03,-8.1,
20250521,10:14:03,-8.6,
20250521,10:14:04,-8.5,
20250521,10:14:04,-8.2,
20250521,10:14:04,-7.7,
20250521,10:14:04,-7.5,
20250521,10:14:05,-7.4,
20250521,10:14:05,-7.4,
20250521,10:14:05,-7.6,
20250521,10:14:06,-7.8,
20250521,10:14:06,-8.2,
20250521,10:14:06,-8.7,
20250521,10:14:06,-9.4,
20250521,10:14:07,-10.2,
20250521,10:14:07,-11.1,
20250521,10:14:07,-12.5,
20250521,10:14:08,-13.9,
20250521,10:14:08,-14.6,
20250521,10:14:08,-14.7,
20250521,10:14:08,-14.5,
20250521,10:14:09,-14.2,
20250521,10:14:09,-13.9,
20250521,10:14:09,-13.7,
20250521,10:14:09,-13.7,
20250521,10:14:10,-14,
20250521,10:14:10,-14.4,
20250521,10:14:10,-14.8,
20250521,10:14:11,-15.3,
20250521,10:14:11,-15.7,
20250521,10:14:11,-15.9,
20250521,10:14:11,-15.7,
20250521,10:14:12,-15.4,
20250521,10:14:12,-14.5,
20250521,10:14:12,-13.5,
20250521,10:14:12,-12.6,
20250521,10:14:13,-12,
20250521,10:14:13,-11.9,
20250521,10:14:13,-12.2,
20250521,10:14:14,-12.4,
20250521,10:14:14,-12.3,
20250521,10:14:14,-12.2,
20250521,10:14:14,-12.1,
20250521,10:14:15,-12,
20250521,10:14:15,-12.2,
20250521,10:14:15,-12.5,
20250521,10:14:16,-12.8,
20250521,10:14:16,-13.1,
20250521,10:14:16,-13.4,
20250521,10:14:16,-13.7,
20250521,10:14:17,-14,
20250521,10:14:17,-14.3,
20250521,10:14:17,-14.4,
20250521,10:14:17,-13.9,
20250521,10:14:18,-13,
20250521,10:14:18,-11.9,
20250521,10:14:18,-11.1,
20250521,10:14:19,-10.5,
20250521,10:14:19,-10.3,
20250521,10:14:19,-10.4,
20250521,10:14:19,-10.7,
20250521,10:14:20,-11.1,
20250521,10:14:20,-11.8,
20250521,10:14:20,-12.9,
20250521,10:14:21,-13.9,
20250521,10:14:21,-14.5,
20250521,10:14:21,-14.5,
20250521,10:14:21,-14.5,
20250521,10:14:22,-14.4,
20250521,10:14:22,-14.4,
20250521,10:14:22,-14.7,
20250521,10:14:22,-15.2,
20250521,10:14:23,-15.7,
20250521,10:14:23,-16.2,
20250521,10:14:23,-16.5,
20250521,10:14:24,-16.3,
20250521,10:14:24,-15.6,
20250521,10:14:24,-15,
20250521,10:14:24,-14.5,
20250521,10:14:25,-14.2,
20250521,10:14:25,-14,
20250521,10:14:25,-14.1,
20250521,10:14:26,-14.6,
20250521,10:14:26,-15.8,
20250521,10:14:26,-16.7,
20250521,10:14:26,-16.3,
20250521,10:14:27,-15.4,
20250521,10:14:27,-14.3,
20250521,10:14:27,-13.3,
20250521,10:14:27,-12.5,
20250521,10:14:28,-12.1,
20250521,10:14:28,-11.9,
20250521,10:14:28,-11.9,
20250521,10:14:29,-12,
20250521,10:14:29,-12.2,
20250521,10:14:29,-12.9,
20250521,10:14:29,-13.9,
20250521,10:14:30,-14,
20250521,10:14:30,-13.2,
20250521,10:14:30,-12,
20250521,10:14:30,-10.9,
20250521,10:14:31,-10,
20250521,10:14:31,-9.6,
20250521,10:14:31,-9.4,
20250521,10:14:32,-9.5,
20250521,10:14:32,-9.7,
20250521,10:14:32,-10.2,
20250521,10:14:32,-11.1,
20250521,10:14:33,-12.7,
20250521,10:14:33,-13.6,
20250521,10:14:33,-13.2,
20250521,10:14:34,-12.1,
20250521,10:14:34,-11.1,
20250521,10:14:34,-10.3,
20250521,10:14:34,-9.9,
20250521,10:14:35,-9.8,
20250521,10:14:35,-10.2,
20250521,10:14:35,-11.1,
20250521,10:14:35,-11.7,
20250521,10:14:36,-11.4,
20250521,10:14:36,-10.6,
20250521,10:14:36,-9.7,
20250521,10:14:37,-9.2,
20250521,10:14:37,-8.9,
20250521,10:14:37,-8.6,
20250521,10:14:37,-8.4,
20250521,10:14:38,-8.3,
20250521,10:14:38,-8.1,
20250521,10:14:38,-8.1,
20250521,10:14:39,-8.3,
20250521,10:14:39,-8.6,
20250521,10:14:39,-8.6,
20250521,10:14:39,-8.5,
20250521,10:14:40,-8.3,
20250521,10:14:40,-8.4,
20250521,10:14:40,-8.1,
20250521,10:14:40,-7.1,
20250521,10:14:41,-6,
20250521,10:14:41,-5,
20250521,10:14:41,-4.3,
20250521,10:14:42,-4,
20250521,10:14:42,-4.1,
20250521,10:14:42,-4.4,
20250521,10:14:42,-5.2,
20250521,10:14:43,-6.2,
20250521,10:14:43,-6.9,
20250521,10:14:43,-7.3,
20250521,10:14:43,-7.5,
20250521,10:14:44,-7.7,
20250521,10:14:44,-7.9,
20250521,10:14:44,-8.3,
20250521,10:14:45,-8.7,
20250521,10:14:45,-9.6,
20250521,10:14:45,-10.6,
20250521,10:14:45,-10.6,
20250521,10:14:46,-10.1,
20250521,10:14:46,-9.3,
20250521,10:14:46,-8.5,
20250521,10:14:47,-8.2,
20250521,10:14:47,-8,
20250521,10:14:47,-8.1,
20250521,10:14:47,-8.3,
20250521,10:14:48,-8.3,
20250521,10:14:48,-8.1,
20250521,10:14:48,-8.1,
20250521,10:14:48,-8,
20250521,10:14:49,-8.1,
20250521,10:14:49,-8.3,
20250521,10:14:49,-8.9,
20250521,10:14:50,-9.5,
20250521,10:14:50,-10,
20250521,10:14:50,-10.3,
20250521,10:14:50,-10.3,
20250521,10:14:51,-10.4,
20250521,10:14:51,-10.8,
20250521,10:14:51,-11.1,
20250521,10:14:52,-11.1,
20250521,10:14:52,-11.1,
20250521,10:14:52,-10.9,
20250521,10:14:52,-10.8,
20250521,10:14:53,-10.8,
20250521,10:14:53,-11.1,
20250521,10:14:53,-11.6,
20250521,10:14:53,-12.1,
20250521,10:14:54,-12.4,
20250521,10:14:54,-12.7,
20250521,10:14:54,-12.8,
20250521,10:14:55,-12.8,
20250521,10:14:55,-13,
20250521,10:14:55,-13.3,
20250521,10:14:55,-13.9,
20250521,10:14:56,-15,
20250521,10:14:56,-15.8,
20250521,10:14:56,-15.8,
20250521,10:14:56,-15.4,
20250521,10:14:57,-14.9,
20250521,10:14:57,-14.4,
20250521,10:14:57,-14.2,
20250521,10:14:58,-14.2,
20250521,10:14:58,-14.4,
20250521,10:14:58,-14.5,
20250521,10:14:58,-14.6,
20250521,10:14:59,-14.9,
20250521,10:14:59,-15.3,
20250521,10:14:59,-14.8,
20250521,10:15:00,-13.8,
20250521,10:15:00,-12.5,
20250521,10:15:00,-11.5,
20250521,10:15:00,-10.9,
20250521,10:15:01,-10.5,
20250521,10:15:01,-10.5,
20250521,10:15:01,-10.6,
20250521,10:15:01,-10.8,
20250521,10:15:02,-11.4,
20250521,10:15:02,-12.1,
20250521,10:15:02,-12.4,
20250521,10:15:03,-12,
20250521,10:15:03,-11.5,
20250521,10:15:03,-11,
20250521,10:15:03,-10.5,
20250521,10:15:04,-10.4,
20250521,10:15:04,-10.4,
20250521,10:15:04,-10.7,
20250521,10:15:05,-11.3,
20250521,10:15:05,-12.4,
20250521,10:15:05,-12.8,
20250521,10:15:05,-12.7,
20250521,10:15:06,-12.1,
20250521,10:15:06,-11.5,
20250521,10:15:06,-11,
20250521,10:15:06,-10.7,
20250521,10:15:07,-10.6,
20250521,10:15:07,-10.8,
20250521,10:15:07,-11.4,
20250521,10:15:08,-11.8,
20250521,10:15:08,-12,
20250521,10:15:08,-12,
20250521,10:15:08,-11.8,
20250521,10:15:09,-11.8,
20250521,10:15:09,-12.2,
20250521,10:15:09,-12.8,
20250521,10:15:10,-12.8,
20250521,10:15:10,-12,
20250521,10:15:10,-10.9,
20250521,10:15:10,-9.8,
20250521,10:15:11,-8.9,
20250521,10:15:11,-8.5,
20250521,10:15:11,-8.2,
20250521,10:15:11,-8.3,
20250521,10:15:12,-8.6,
20250521,10:15:12,-9,
20250521,10:15:12,-9.9,
20250521,10:15:13,-10.9,
20250521,10:15:13,-10.8,
20250521,10:15:13,-10,
20250521,10:15:13,-8.8,
20250521,10:15:14,-7.7,
20250521,10:15:14,-6.8,
20250521,10:15:14,-6.1,
20250521,10:15:14,-5.8,
20250521,10:15:15,-5.8,
20250521,10:15:15,-6,
20250521,10:15:15,-6.3,
20250521,10:15:16,-6.8,
20250521,10:15:16,-7.5,
20250521,10:15:16,-8.2,
20250521,10:15:16,-9.1,
20250521,10:15:17,-9.9,
20250521,10:15:17,-10.3,
20250521,10:15:17,-10.1,
20250521,10:15:18,-9.9,
20250521,10:15:18,-9.8,
20250521,10:15:18,-9.8,
20250521,10:15:18,-10,
20250521,10:15:19,-10.4,
20250521,10:15:19,-11.3,
20250521,10:15:19,-12.1,
20250521,10:15:19,-12.5,
20250521,10:15:20,-12.5,
20250521,10:15:20,-12.6,
20250521,10:15:20,-12.3,
20250521,10:15:21,-11.6,
20250521,10:15:21,-10.5,
20250521,10:15:21,-9.4,
20250521,10:15:21,-8.7,
20250521,10:15:22,-8.2,
20250521,10:15:22,-8,
20250521,10:15:22,-8.2,
20250521,10:15:22,-8.7,
20250521,10:15:23,-9.4,
20250521,10:15:23,-9.6,
20250521,10:15:23,-9.2,
20250521,10:15:24,-8.6,
20250521,10:15:24,-7.9,
20250521,10:15:24,-7.5,
20250521,10:15:24,-7.5,
20250521,10:15:25,-7.8,
20250521,10:15:25,-8.2,
20250521,10:15:25,-8.5,
20250521,10:15:26,-8.5,
20250521,10:15:26,-8.5,
20250521,10:15:26,-8.5,
20250521,10:15:26,-8.5,
20250521,10:15:27,-8.6,
20250521,10:15:27,-8.9,
20250521,10:15:27,-9.2,
20250521,10:15:27,-9.5,
20250521,10:15:28,-10.2,
20250521,10:15:28,-11,
20250521,10:15:28,-11.5,
20250521,10:15:29,-11.6,
20250521,10:15:29,-11.4,
20250521,10:15:29,-11.1,
20250521,10:15:29,-10.8,
20250521,10:15:30,-10.7,
20250521,10:15:30,-10.6,
20250521,10:15:30,-10.8,
20250521,10:15:30,-10.9,
20250521,10:15:31,-11.1,
20250521,10:15:31,-11.5,
20250521,10:15:31,-12.4,
20250521,10:15:32,-13.3,
20250521,10:15:32,-13.7,
20250521,10:15:32,-13.9,
20250521,10:15:32,-13.8,
20250521,10:15:33,-13.8,
20250521,10:15:33,-14,
20250521,10:15:33,-13.9,
20250521,10:15:34,-13.7,
20250521,10:15:34,-13.2,
20250521,10:15:34,-12.8,
20250521,10:15:34,-12.5,
20250521,10:15:35,-12.9,
20250521,10:15:35,-13.6,
20250521,10:15:35,-13.7,
20250521,10:15:35,-13,
20250521,10:15:36,-12.4,
20250521,10:15:36,-11.8,
20250521,10:15:36,-11,
20250521,10:15:37,-10.3,
20250521,10:15:37,-9.4,
20250521,10:15:37,-8.9,
20250521,10:15:37,-8.6,
20250521,10:15:38,-8.4,
20250521,10:15:38,-8.4,
20250521,10:15:38,-8.6,
20250521,10:15:39,-8.8,
20250521,10:15:39,-9.2,
20250521,10:15:39,-9.5,
20250521,10:15:39,-9.8,
20250521,10:15:40,-10.2,
20250521,10:15:40,-10.9,
20250521,10:15:40,-12,
20250521,10:15:40,-12.8,
20250521,10:15:41,-13.2,
20250521,10:15:41,-13.1,
20250521,10:15:41,-12.8,
20250521,10:15:42,-12.3,
20250521,10:15:42,-12,
20250521,10:15:42,-11.8,
20250521,10:15:42,-11.7,
20250521,10:15:43,-11.6,
20250521,10:15:43,-11.5,
20250521,10:15:43,-11.4,
20250521,10:15:44,-11.6,
20250521,10:15:44,-12.3,
20250521,10:15:44,-12.7,
20250521,10:15:44,-12.3,
20250521,10:15:45,-11.6,
20250521,10:15:45,-10.7,
20250521,10:15:45,-9.9,
20250521,10:15:45,-9.5,
20250521,10:15:46,-9.4,
20250521,10:15:46,-9.7,
20250521,10:15:46,-10,
20250521,10:15:47,-9.9,
20250521,10:15:47,-9.9,
20250521,10:15:47,-9.9,
20250521,10:15:47,-9.9,
20250521,10:15:48,-10.1,
20250521,10:15:48,-10.3,
20250521,10:15:48,-10.4,
20250521,10:15:48,-10.7,
20250521,10:15:49,-11.1,
20250521,10:15:49,-11.9,
20250521,10:15:49,-13,
20250521,10:15:50,-14,
20250521,10:15:50,-14.4,
20250521,10:15:50,-14.1,
20250521,10:15:50,-13.7,
20250521,10:15:51,-13.1,
20250521,10:15:51,-12.7,
20250521,10:15:51,-12.4,
20250521,10:15:52,-12.2,
20250521,10:15:52,-12,
20250521,10:15:52,-12,
20250521,10:15:52,-11.9,
20250521,10:15:53,-11.8,
20250521,10:15:53,-11.8,
20250521,10:15:53,-11.9,
20250521,10:15:53,-12,
20250521,10:15:54,-12.2,
20250521,10:15:54,-12.4,
20250521,10:15:54,-12.6,
20250521,10:15:55,-12.9,
20250521,10:15:55,-13.3,
20250521,10:15:55,-13.6,
20250521,10:15:55,-13.7,
20250521,10:15:56,-13.8,
20250521,10:15:56,-13.8,
20250521,10:15:56,-13.9,
20250521,10:15:57,-14.5,
20250521,10:15:57,-15.7,
20250521,10:15:57,-16.5,
20250521,10:15:57,-17,
20250521,10:15:58,-16.6,
20250521,10:15:58,-16.2,
20250521,10:15:58,-15.7,
20250521,10:15:58,-15.3,
20250521,10:15:59,-15.2,
20250521,10:15:59,-15.3,
20250521,10:15:59,-15,
20250521,10:16:00,-14.2,
20250521,10:16:00,-13.1,
20250521,10:16:00,-11.7,
20250521,10:16:00,-10.4,
20250521,10:16:01,-9.4,
20250521,10:16:01,-8.6,
20250521,10:16:01,-8.3,
20250521,10:16:02,-8.3,
20250521,10:16:02,-8.6,
20250521,10:16:02,-8.8,
20250521,10:16:02,-8.7,
20250521,10:16:03,-8.6,
20250521,10:16:03,-8.4,
20250521,10:16:03,-8.4,
20250521,10:16:03,-8.5,
20250521,10:16:04,-8.7,
20250521,10:16:04,-9.1,
20250521,10:16:04,-9.4,
20250521,10:16:05,-9.7,
20250521,10:16:05,-10,
20250521,10:16:05,-10.3,
20250521,10:16:05,-10.7,
20250521,10:16:06,-11.1,
20250521,10:16:06,-11.5,
20250521,10:16:06,-12.4,
20250521,10:16:06,-13.4,
20250521,10:16:07,-13.7,
20250521,10:16:07,-13.1,
20250521,10:16:07,-12.1,
20250521,10:16:08,-11.2,
20250521,10:16:08,-10.5,
20250521,10:16:08,-10.2,
20250521,10:16:08,-10.2,
20250521,10:16:09,-10.3,
20250521,10:16:09,-10.5,
20250521,10:16:09,-10.4,
20250521,10:16:10,-10.3,
20250521,10:16:10,-10,
20250521,10:16:10,-9.8,
20250521,10:16:10,-9.7,
20250521,10:16:11,-9.8,
20250521,10:16:11,-10.1,
20250521,10:16:11,-10.6,
20250521,10:16:11,-11.2,
20250521,10:16:12,-11.6,
20250521,10:16:12,-12,
20250521,10:16:12,-12,
20250521,10:16:13,-12.1,
20250521,10:16:13,-12.1,
20250521,10:16:13,-12.2,
20250521,10:16:13,-12.4,
20250521,10:16:14,-12.8,
20250521,10:16:14,-13.7,
20250521,10:16:14,-14.5,
20250521,10:16:15,-14.8,
20250521,10:16:15,-14.5,
20250521,10:16:15,-14,
20250521,10:16:15,-13.5,
20250521,10:16:16,-12.9,
20250521,10:16:16,-12.6,
20250521,10:16:16,-12.5,
20250521,10:16:16,-12.8,
20250521,10:16:17,-12.7,
20250521,10:16:17,-12.1,
20250521,10:16:17,-11.2,
20250521,10:16:18,-10.4,
20250521,10:16:18,-10,
20250521,10:16:18,-9.7,
20250521,10:16:18,-9.7,
20250521,10:16:19,-9.9,
20250521,10:16:19,-10.3,
20250521,10:16:19,-10.7,
20250521,10:16:19,-11.2,
20250521,10:16:20,-11.6,
20250521,10:16:20,-11.8,
20250521,10:16:20,-12,
20250521,10:16:21,-11.9,
20250521,10:16:21,-12,
20250521,10:16:21,-12.4,
20250521,10:16:21,-12.6,
20250521,10:16:22,-12.2,
20250521,10:16:22,-11.7,
20250521,10:16:22,-11.1,
20250521,10:16:23,-10.5,
20250521,10:16:23,-10.2,
20250521,10:16:23,-10,
20250521,10:16:23,-10,
20250521,10:16:24,-10.1,
20250521,10:16:24,-10.3,
20250521,10:16:24,-10.9,
20250521,10:16:24,-11.6,
20250521,10:16:25,-12.1,
20250521,10:16:25,-12.1,
20250521,10:16:25,-11.8,
20250521,10:16:26,-11.5,
20250521,10:16:26,-11.2,
20250521,10:16:26,-11.2,
20250521,10:16:26,-11.1,
20250521,10:16:27,-10.9,
20250521,10:16:27,-10.7,
20250521,10:16:27,-10.6,
20250521,10:16:28,-10.6,
20250521,10:16:28,-10.7,
20250521,10:16:28,-10.8,
20250521,10:16:28,-11,
20250521,10:16:29,-11.4,
20250521,10:16:29,-12,
20250521,10:16:29,-12.8,
20250521,10:16:29,-12.8,
20250521,10:16:30,-12.5,
20250521,10:16:30,-11.9,
20250521,10:16:30,-11.2,
20250521,10:16:31,-10.5,
20250521,10:16:31,-9.6,
20250521,10:16:31,-8.6,
20250521,10:16:31,-7.9,
20250521,10:16:32,-7.5,
20250521,10:16:32,-7.3,
20250521,10:16:32,-7.4,
20250521,10:16:32,-7.7,
20250521,10:16:33,-8.2,
20250521,10:16:33,-8.7,
20250521,10:16:33,-9.4,
20250521,10:16:34,-10.3,
20250521,10:16:34,-11,
20250521,10:16:34,-11.3,
20250521,10:16:34,-11.6,
20250521,10:16:35,-11.9,
20250521,10:16:35,-12.1,
20250521,10:16:35,-12.3,
20250521,10:16:36,-12.6,
20250521,10:16:36,-12.8,
20250521,10:16:36,-13.3,
20250521,10:16:36,-14.2,
20250521,10:16:37,-14.9,
20250521,10:16:37,-15.2,
20250521,10:16:37,-15.3,
20250521,10:16:37,-15,
20250521,10:16:38,-14.5,
20250521,10:16:38,-14.2,
20250521,10:16:38,-13.9,
20250521,10:16:39,-14.1,
20250521,10:16:39,-14.6,
20250521,10:16:39,-15,
20250521,10:16:39,-14.8,
20250521,10:16:40,-14.5,
20250521,10:16:40,-14,
20250521,10:16:40,-13.7,
20250521,10:16:41,-13.4,
20250521,10:16:41,-13.4,
20250521,10:16:41,-13.4,
20250521,10:16:41,-13.5,
20250521,10:16:42,-13.9,
20250521,10:16:42,-14.5,
20250521,10:16:42,-14.9,
20250521,10:16:42,-14.9,
20250521,10:16:43,-14.5,
20250521,10:16:43,-14,
20250521,10:16:43,-13.7,
20250521,10:16:44,-13.2,
20250521,10:16:44,-12.9,
20250521,10:16:44,-12.9,
20250521,10:16:44,-12.9,
20250521,10:16:45,-13.2,
20250521,10:16:45,-13.9,
20250521,10:16:45,-14.7,
20250521,10:16:46,-15.4,
20250521,10:16:46,-15.4,
20250521,10:16:46,-15.3,
20250521,10:16:46,-15.1,
20250521,10:16:47,-14.9,
20250521,10:16:47,-14.5,
20250521,10:16:47,-13.7,
20250521,10:16:47,-13.1,
20250521,10:16:48,-12.7,
20250521,10:16:48,-12.4,
20250521,10:16:48,-12.9,
20250521,10:16:49,-12.9,
20250521,10:16:49,-12.3,
20250521,10:16:49,-11.4,
20250521,10:16:49,-10.6,
20250521,10:16:50,-10.1,
20250521,10:16:50,-9.8,
20250521,10:16:50,-9.8,
20250521,10:16:50,-9.9,
20250521,10:16:51,-10.2,
20250521,10:16:51,-10.5,
20250521,10:16:51,-10.9,
20250521,10:16:52,-11.4,
20250521,10:16:52,-12,
20250521,10:16:52,-12.8,
20250521,10:16:52,-13.5,
20250521,10:16:53,-13.8,
20250521,10:16:53,-14.2,
20250521,10:16:53,-14.8,
20250521,10:16:54,-15.4,
20250521,10:16:54,-15.7,
20250521,10:16:54,-15.6,
20250521,10:16:54,-15.2,
20250521,10:16:55,-14.9,
20250521,10:16:55,-15,
20250521,10:16:55,-14.9,
20250521,10:16:55,-14.5,
20250521,10:16:56,-14.1,
20250521,10:16:56,-13.7,
20250521,10:16:56,-13.4,
20250521,10:16:57,-13.2,
20250521,10:16:57,-13.1,
20250521,10:16:57,-13.3,
20250521,10:16:57,-13.7,
20250521,10:16:58,-14.1,
20250521,10:16:58,-14.4,
20250521,10:16:58,-14.5,
20250521,10:16:59,-14.5,
20250521,10:16:59,-14.5,
20250521,10:16:59,-14.5,
20250521,10:16:59,-14.5,
20250521,10:17:00,-14.5,
20250521,10:17:00,-14.5,
20250521,10:17:00,-15,
20250521,10:17:00,-16.1,
20250521,10:17:01,-16.7,
20250521,10:17:01,-16.9,
20250521,10:17:01,-16.5,
20250521,10:17:02,-16.1,
20250521,10:17:02,-15.5,
20250521,10:17:02,-15.2,
20250521,10:17:02,-15,
20250521,10:17:03,-14.7,
20250521,10:17:03,-14.9,
20250521,10:17:03,-15.3,
20250521,10:17:04,-15.8,
20250521,10:17:04,-16.2,
20250521,10:17:04,-16.2,
20250521,10:17:04,-16.2,
20250521,10:17:05,-15.9,
20250521,10:17:05,-15.7,
20250521,10:17:05,-15.4,
20250521,10:17:05,-15.1,
20250521,10:17:06,-15,
20250521,10:17:06,-15,
20250521,10:17:06,-15.4,
20250521,10:17:07,-15.9,
20250521,10:17:07,-15.8,
20250521,10:17:07,-15.1,
20250521,10:17:07,-14.4,
20250521,10:17:08,-13.7,
20250521,10:17:08,-13.1,
20250521,10:17:08,-12.8,
20250521,10:17:08,-12.6,
20250521,10:17:09,-12.6,
20250521,10:17:09,-12.7,
20250521,10:17:09,-13.1,
20250521,10:17:10,-14.2,
20250521,10:17:10,-15.2,
20250521,10:17:10,-15.3,
20250521,10:17:10,-14.9,
20250521,10:17:11,-14.2,
20250521,10:17:11,-13.6,
20250521,10:17:11,-13,
20250521,10:17:12,-12.8,
20250521,10:17:12,-12.8,
20250521,10:17:12,-13.4,
20250521,10:17:12,-13.8,
20250521,10:17:13,-13.5,
20250521,10:17:13,-12.7,
20250521,10:17:13,-11.8,
20250521,10:17:13,-11,
20250521,10:17:14,-10.5,
20250521,10:17:14,-10.3,
20250521,10:17:14,-10.4,
20250521,10:17:15,-10.5,
20250521,10:17:15,-10.8,
20250521,10:17:15,-11.1,
20250521,10:17:15,-11.6,
20250521,10:17:16,-12.6,
20250521,10:17:16,-13.7,
20250521,10:17:16,-14.2,
20250521,10:17:17,-13.7,
20250521,10:17:17,-12.7,
20250521,10:17:17,-12,
20250521,10:17:17,-11.3,
20250521,10:17:18,-11.1,
20250521,10:17:18,-11,
20250521,10:17:18,-11.1,
20250521,10:17:18,-11.3,
20250521,10:17:19,-11.6,
20250521,10:17:19,-11.8,
20250521,10:17:19,-12.2,
20250521,10:17:20,-12.8,
20250521,10:17:20,-13.6,
20250521,10:17:20,-14,
20250521,10:17:20,-14.2,
20250521,10:17:21,-14.2,
20250521,10:17:21,-14.2,
20250521,10:17:21,-14.2,
20250521,10:17:22,-14.5,
20250521,10:17:22,-15.4,
20250521,10:17:22,-16.2,
20250521,10:17:22,-16.4,
20250521,10:17:23,-16.3,
20250521,10:17:23,-16,
20250521,10:17:23,-15.7,
20250521,10:17:23,-15.5,
20250521,10:17:24,-15.4,
20250521,10:17:24,-15.4,
20250521,10:17:24,-15.1,
20250521,10:17:25,-15.5,
20250521,10:17:25,-16.2,
20250521,10:17:25,-16.5,
20250521,10:17:25,-16.3,
20250521,10:17:26,-15.8,
20250521,10:17:26,-15.4,
20250521,10:17:26,-14.9,
20250521,10:17:26,-15.3,
20250521,10:17:27,-14.8,
20250521,10:17:27,-14.5,
20250521,10:17:27,-14.5,
20250521,10:17:28,-14.8,
20250521,10:17:28,-15.4,
20250521,10:17:28,-15.6,
20250521,10:17:28,-15.2,
20250521,10:17:29,-14.3,
20250521,10:17:29,-13.6,
20250521,10:17:29,-13,
20250521,10:17:30,-12.7,
20250521,10:17:30,-12.5,
20250521,10:17:30,-12.6,
20250521,10:17:30,-12.8,
20250521,10:17:31,-12.9,
20250521,10:17:31,-13.6,
20250521,10:17:31,-14.2,
20250521,10:17:31,-14.8,
20250521,10:17:32,-15.4,
20250521,10:17:32,-15.6,
20250521,10:17:32,-15.7,
20250521,10:17:33,-15.6,
20250521,10:17:33,-15.4,
20250521,10:17:33,-15,
20250521,10:17:33,-14.8,
20250521,10:17:34,-14.5,
20250521,10:17:34,-14.5,
20250521,10:17:34,-14.9,
20250521,10:17:35,-15.5,
20250521,10:17:35,-16.1,
20250521,10:17:35,-16.2,
20250521,10:17:35,-16,
20250521,10:17:36,-15.7,
20250521,10:17:36,-15.5,
20250521,10:17:36,-15.4,
20250521,10:17:36,-15.3,
20250521,10:17:37,-15.3,
20250521,10:17:37,-15.4,
20250521,10:17:37,-15.6,
20250521,10:17:38,-15.8,
20250521,10:17:38,-16,
20250521,10:17:38,-16.2,
20250521,10:17:38,-16.2,
20250521,10:17:39,-16.1,
20250521,10:17:39,-16.1,
20250521,10:17:39,-16.1,
20250521,10:17:40,-16.3,
20250521,10:17:40,-16.8,
20250521,10:17:40,-17.6,
20250521,10:17:40,-17.9,
20250521,10:17:41,-17.9,
20250521,10:17:41,-17.9,
20250521,10:17:41,-17.7,
20250521,10:17:41,-17.6,
20250521,10:17:42,-17.6,
20250521,10:17:42,-17.6,
20250521,10:17:42,-17.4,
20250521,10:17:43,-17.3,
20250521,10:17:43,-17.3,
20250521,10:17:43,-17.7,
20250521,10:17:43,-18.4,
20250521,10:17:44,-19,
20250521,10:17:44,-19.2,
20250521,10:17:44,-19.2,
20250521,10:17:45,-18.9,
20250521,10:17:45,-18.8,
20250521,10:17:45,-18.6,
20250521,10:17:45,-18.4,
20250521,10:17:46,-18.2,
20250521,10:17:46,-18,
20250521,10:17:46,-17.9,
20250521,10:17:46,-17.9,
20250521,10:17:47,-18,
20250521,10:17:47,-18.3,
20250521,10:17:47,-18.3,
20250521,10:17:48,-18.3,
20250521,10:17:48,-18,
20250521,10:17:48,-17.9,
20250521,10:17:48,-18.1,
20250521,10:17:49,-19.1,
20250521,10:17:49,-19.8,
20250521,10:17:49,-20,
20250521,10:17:49,-19.6,
20250521,10:17:50,-19,
20250521,10:17:50,-18.2,
20250521,10:17:50,-17.8,
20250521,10:17:51,-17.4,
20250521,10:17:51,-17.1,
20250521,10:17:51,-17.1,
20250521,10:17:51,-17,
20250521,10:17:52,-17.3,
20250521,10:17:52,-18,
20250521,10:17:52,-18.5,
20250521,10:17:53,-18.4,
20250521,10:17:53,-17.6,
20250521,10:17:53,-16.6,
20250521,10:17:53,-15.8,
20250521,10:17:54,-15.3,
20250521,10:17:54,-15,
20250521,10:17:54,-14.9,
20250521,10:17:54,-15.4,
20250521,10:17:55,-15.9,
20250521,10:17:55,-16,
20250521,10:17:55,-15.4,
20250521,10:17:56,-14,
20250521,10:17:56,-12.7,
20250521,10:17:56,-11.4,
20250521,10:17:56,-10.1,
20250521,10:17:57,-8.7,
20250521,10:17:57,-7.7,
20250521,10:17:57,-6.7,
20250521,10:17:58,-6.2,
20250521,10:17:58,-6.3,
20250521,10:17:58,-6.6,
20250521,10:17:58,-7,
20250521,10:17:59,-7.8,
20250521,10:17:59,-8.6,
20250521,10:17:59,-9.4,
20250521,10:17:59,-10,
20250521,10:18:00,-10.4,
20250521,10:18:00,-10.9,
20250521,10:18:00,-11.3,
20250521,10:18:01,-12,
20250521,10:18:01,-12.6,
20250521,10:18:01,-12.9,
20250521,10:18:01,-13,
20250521,10:18:02,-13,
20250521,10:18:02,-12.8,
20250521,10:18:02,-12.7,
20250521,10:18:02,-12.6,
20250521,10:18:03,-12.8,
20250521,10:18:03,-13,
20250521,10:18:03,-13.2,
20250521,10:18:04,-13.7,
20250521,10:18:04,-13.9,
20250521,10:18:04,-14.4,
20250521,10:18:04,-15,
20250521,10:18:05,-15.8,
20250521,10:18:05,-16.4,
20250521,10:18:05,-16.4,
20250521,10:18:06,-16,
20250521,10:18:06,-15.5,
20250521,10:18:06,-15,
20250521,10:18:06,-14.6,
20250521,10:18:07,-14.1,
20250521,10:18:07,-13.3,
20250521,10:18:07,-12.3,
20250521,10:18:07,-11.6,
20250521,10:18:08,-11.1,
20250521,10:18:08,-10.7,
20250521,10:18:08,-10.4,
20250521,10:18:09,-10.3,
20250521,10:18:09,-10.3,
20250521,10:18:09,-10.5,
20250521,10:18:09,-10.8,
20250521,10:18:10,-11.1,
20250521,10:18:10,-10.9,
20250521,10:18:10,-10.6,
20250521,10:18:11,-10.2,
20250521,10:18:11,-10.1,
20250521,10:18:11,-10,
20250521,10:18:11,-10.2,
20250521,10:18:12,-10.7,
20250521,10:18:12,-11.4,
20250521,10:18:12,-11.9,
20250521,10:18:12,-12.2,
20250521,10:18:13,-12.4,
20250521,10:18:13,-12.6,
20250521,10:18:13,-12.7,
20250521,10:18:14,-12.6,
20250521,10:18:14,-12.7,
20250521,10:18:14,-12.6,
20250521,10:18:14,-12.4,
20250521,10:18:15,-11.8,
20250521,10:18:15,-11.1,
20250521,10:18:15,-10.3,
20250521,10:18:16,-10.1,
20250521,10:18:16,-9.9,
20250521,10:18:16,-10,
20250521,10:18:16,-10.3,
20250521,10:18:17,-10.9,
20250521,10:18:17,-11.3,
20250521,10:18:17,-11.4,
20250521,10:18:17,-11.6,
20250521,10:18:18,-11.9,
20250521,10:18:18,-12.1,
20250521,10:18:18,-12.2,
20250521,10:18:19,-12,
20250521,10:18:19,-11.9,
20250521,10:18:19,-12,
20250521,10:18:19,-12,
20250521,10:18:20,-12,
20250521,10:18:20,-11.5,
20250521,10:18:20,-10.7,
20250521,10:18:21,-10.1,
20250521,10:18:21,-9.5,
20250521,10:18:21,-9.2,
20250521,10:18:21,-8.8,
20250521,10:18:22,-8.5,
20250521,10:18:22,-8.2,
20250521,10:18:22,-8.3,
20250521,10:18:22,-8.3,
20250521,10:18:23,-8.6,
20250521,10:18:23,-9,
20250521,10:18:23,-9.5,
20250521,10:18:24,-9.7,
20250521,10:18:24,-10.3,
20250521,10:18:24,-10.6,
20250521,10:18:24,-11.1,
20250521,10:18:25,-11.7,
20250521,10:18:25,-12.8,
20250521,10:18:25,-13.8,
20250521,10:18:25,-14.7,
20250521,10:18:26,-15,
20250521,10:18:26,-15,
20250521,10:18:26,-14.8,
20250521,10:18:27,-14.6,
20250521,10:18:27,-14.5,
20250521,10:18:27,-14.7,
20250521,10:18:27,-14.9,
20250521,10:18:28,-14.8,
20250521,10:18:28,-14.8,
20250521,10:18:28,-14.7,
20250521,10:18:29,-14.5,
20250521,10:18:29,-14.5,
20250521,10:18:29,-14.5,
20250521,10:18:29,-14.5,
20250521,10:18:30,-14.5,
20250521,10:18:30,-14.5,
20250521,10:18:30,-14.5,
20250521,10:18:30,-14.8,
20250521,10:18:31,-15.3,
20250521,10:18:31,-15.6,
20250521,10:18:31,-15.9,
20250521,10:18:32,-15.9,
20250521,10:18:32,-15.9,
20250521,10:18:32,-16.1,
20250521,10:18:32,-16.1,
20250521,10:18:33,-16.2,
20250521,10:18:33,-16.4,
20250521,10:18:33,-16.9,
20250521,10:18:34,-17.5,
20250521,10:18:34,-17.6,
20250521,10:18:34,-17.4,
20250521,10:18:34,-17,
20250521,10:18:35,-16.6,
20250521,10:18:35,-16.2,
20250521,10:18:35,-16.2,
20250521,10:18:35,-16.3,
20250521,10:18:36,-16.7,
20250521,10:18:36,-16.8,
20250521,10:18:36,-16.8,
20250521,10:18:37,-16.5,
20250521,10:18:37,-16.2,
20250521,10:18:37,-16,
20250521,10:18:37,-15.8,
20250521,10:18:38,-15.7,
20250521,10:18:38,-16,
20250521,10:18:38,-16.2,
20250521,10:18:38,-16.5,
20250521,10:18:39,-16.4,
20250521,10:18:39,-16.4,
20250521,10:18:39,-16.2,
20250521,10:18:40,-16.2,
20250521,10:18:40,-16.2,
20250521,10:18:40,-16.3,
20250521,10:18:40,-16.4,
20250521,10:18:41,-16.5,
20250521,10:18:41,-16.3,
20250521,10:18:41,-16.1,
20250521,10:18:42,-15.9,
20250521,10:18:42,-15.7,
20250521,10:18:42,-15.7,
20250521,10:18:42,-16.2,
20250521,10:18:43,-16.8,
20250521,10:18:43,-17.2,
20250521,10:18:43,-17.3,
20250521,10:18:43,-17.2,
20250521,10:18:44,-17.1,
20250521,10:18:44,-17.4,
20250521,10:18:44,-17.9,
20250521,10:18:45,-18.7,
20250521,10:18:45,-19.1,
20250521,10:18:45,-19.1,
20250521,10:18:45,-18.8,
20250521,10:18:46,-18.5,
20250521,10:18:46,-18,
20250521,10:18:46,-17.6,
20250521,10:18:47,-17.3,
20250521,10:18:47,-17.1,
20250521,10:18:47,-17,
20250521,10:18:47,-17.1,
20250521,10:18:48,-17.4,
20250521,10:18:48,-17.8,
20250521,10:18:48,-17.9,
20250521,10:18:48,-17.9,
20250521,10:18:49,-17.8,
20250521,10:18:49,-17.8,
20250521,10:18:49,-18,
20250521,10:18:50,-18.8,
20250521,10:18:50,-19.3,
20250521,10:18:50,-19.4,
20250521,10:18:50,-19.1,
20250521,10:18:51,-19.1,
20250521,10:18:51,-19.2,
20250521,10:18:51,-19.2,
20250521,10:18:52,-18.8,
20250521,10:18:52,-17.9,
20250521,10:18:52,-17.2,
20250521,10:18:52,-16.6,
20250521,10:18:53,-16.2,
20250521,10:18:53,-15.9,
20250521,10:18:53,-15.8,
20250521,10:18:53,-15.8,
20250521,10:18:54,-15.9,
20250521,10:18:54,-16.2,
20250521,10:18:54,-17,
20250521,10:18:55,-17.9,
20250521,10:18:55,-18,
20250521,10:18:55,-17.9,
20250521,10:18:55,-17.7,
20250521,10:18:56,-17.3,
20250521,10:18:56,-17.1,
20250521,10:18:56,-17.3,
20250521,10:18:56,-17.6,
20250521,10:18:57,-17.8,
20250521,10:18:57,-17.8,
20250521,10:18:57,-17.4,
20250521,10:18:58,-17.1,
20250521,10:18:58,-16.9,
20250521,10:18:58,-16.7,
20250521,10:18:58,-16.6,
20250521,10:18:59,-16.7,
20250521,10:18:59,-17.1,
20250521,10:18:59,-17.9,
20250521,10:19:00,-18.4,
20250521,10:19:00,-18.5,
20250521,10:19:00,-18.2,
20250521,10:19:00,-17.9,
20250521,10:19:01,-17.5,
20250521,10:19:01,-17.2,
20250521,10:19:01,-17.1,
20250521,10:19:01,-16.9,
20250521,10:19:02,-16.8,
20250521,10:19:02,-16.9,
20250521,10:19:02,-17,
20250521,10:19:03,-17.1,
20250521,10:19:03,-17.3,
20250521,10:19:03,-17.4,
20250521,10:19:03,-17.5,
20250521,10:19:04,-17.6,
20250521,10:19:04,-17.5,
20250521,10:19:04,-17.5,
20250521,10:19:05,-17.8,
20250521,10:19:05,-18.3,
20250521,10:19:05,-19,
20250521,10:19:05,-19.4,
20250521,10:19:06,-19.5,
20250521,10:19:06,-19.7,
20250521,10:19:06,-19.9,
20250521,10:19:06,-19.9,
20250521,10:19:07,-19.3,
20250521,10:19:07,-18.4,
20250521,10:19:07,-17.5,
20250521,10:19:08,-16.8,
20250521,10:19:08,-16.5,
20250521,10:19:08,-16.1,
20250521,10:19:08,-15.1,
20250521,10:19:09,-13.8,
20250521,10:19:09,-12.8,
20250521,10:19:09,-11.9,
20250521,10:19:10,-11.3,
20250521,10:19:10,-10.9,
20250521,10:19:10,-10.6,
20250521,10:19:10,-10.4,
20250521,10:19:11,-10.4,
20250521,10:19:11,-10.4,
20250521,10:19:11,-10.4,
20250521,10:19:11,-10.8,
20250521,10:19:12,-11.3,
20250521,10:19:12,-12.3,
20250521,10:19:12,-13.4,
20250521,10:19:13,-14.1,
20250521,10:19:13,-13.9,
20250521,10:19:13,-13.6,
20250521,10:19:13,-13.3,
20250521,10:19:14,-13.1,
20250521,10:19:14,-13,
20250521,10:19:14,-13.1,
20250521,10:19:15,-13.4,
20250521,10:19:15,-13.4,
20250521,10:19:15,-13.1,
20250521,10:19:15,-12.9,
20250521,10:19:16,-12.5,
20250521,10:19:16,-12.1,
20250521,10:19:16,-12,
20250521,10:19:16,-11.8,
20250521,10:19:17,-11.8,
20250521,10:19:17,-11.9,
20250521,10:19:17,-12,
20250521,10:19:18,-12.1,
20250521,10:19:18,-12.4,
20250521,10:19:18,-12.3,
20250521,10:19:18,-12.1,
20250521,10:19:19,-12,
20250521,10:19:19,-11.9,
20250521,10:19:19,-11.8,
20250521,10:19:19,-11.9,
20250521,10:19:20,-12,
20250521,10:19:20,-12.1,
20250521,10:19:20,-12.4,
20250521,10:19:21,-12.8,
20250521,10:19:21,-13.6,
20250521,10:19:21,-14,
20250521,10:19:21,-14.3,
20250521,10:19:22,-14.5,
20250521,10:19:22,-14.5,
20250521,10:19:22,-14.5,
20250521,10:19:23,-14.5,
20250521,10:19:23,-14.5,
20250521,10:19:23,-14.5,
20250521,10:19:23,-14.5,
20250521,10:19:24,-14.5,
20250521,10:19:24,-14.5,
20250521,10:19:24,-14.5,
20250521,10:19:24,-14.8,
20250521,10:19:25,-15.6,
20250521,10:19:25,-16.3,
20250521,10:19:25,-16.8,
20250521,10:19:26,-16.9,
20250521,10:19:26,-16.8,
20250521,10:19:26,-16.4,
20250521,10:19:26,-16.1,
20250521,10:19:27,-15.8,
20250521,10:19:27,-15.5,
20250521,10:19:27,-15.8,
20250521,10:19:28,-16.2,
20250521,10:19:28,-16.4,
20250521,10:19:28,-16.4,
20250521,10:19:28,-16.2,
20250521,10:19:29,-16,
20250521,10:19:29,-15.7,
20250521,10:19:29,-15.5,
20250521,10:19:29,-15.3,
20250521,10:19:30,-14.9,
20250521,10:19:30,-14.6,
20250521,10:19:30,-14.5,
20250521,10:19:31,-14.2,
20250521,10:19:31,-14.1,
20250521,10:19:31,-14,
20250521,10:19:31,-14,
20250521,10:19:32,-13.9,
20250521,10:19:32,-14,
20250521,10:19:32,-14,
20250521,10:19:33,-14.1,
20250521,10:19:33,-14.1,
20250521,10:19:33,-14.2,
20250521,10:19:33,-14,
20250521,10:19:34,-13.9,
20250521,10:19:34,-14.3,
20250521,10:19:34,-14.7,
20250521,10:19:34,-15.2,
20250521,10:19:35,-15.4,
20250521,10:19:35,-15.7,
20250521,10:19:35,-15.8,
20250521,10:19:36,-15.7,
20250521,10:19:36,-15.5,
20250521,10:19:36,-15.2,
20250521,10:19:36,-15,
20250521,10:19:37,-14.7,
20250521,10:19:37,-14.7,
20250521,10:19:37,-14.7,
20250521,10:19:38,-14.6,
20250521,10:19:38,-14.6,
20250521,10:19:38,-14.5,
20250521,10:19:38,-14.5,
20250521,10:19:39,-14.4,
20250521,10:19:39,-14.2,
20250521,10:19:39,-14.3,
20250521,10:19:39,-14.3,
20250521,10:19:40,-14.7,
20250521,10:19:40,-15.6,
20250521,10:19:40,-16.4,
20250521,10:19:41,-16.9,
20250521,10:19:41,-17.1,
20250521,10:19:41,-17,
20250521,10:19:41,-16.5,
20250521,10:19:42,-16,
20250521,10:19:42,-15.4,
20250521,10:19:42,-15,
20250521,10:19:42,-14.6,
20250521,10:19:43,-14.5,
20250521,10:19:43,-14.5,
20250521,10:19:43,-15.1,
20250521,10:19:44,-15.2,
20250521,10:19:44,-14.9,
20250521,10:19:44,-14.5,
20250521,10:19:44,-14.1,
20250521,10:19:45,-13.8,
20250521,10:19:45,-13.7,
20250521,10:19:45,-13.7,
20250521,10:19:46,-13.7,
20250521,10:19:46,-13.7,
20250521,10:19:46,-13.7,
20250521,10:19:46,-13.9,
20250521,10:19:47,-14.3,
20250521,10:19:47,-14.9,
20250521,10:19:47,-15.2,
20250521,10:19:47,-15.1,
20250521,10:19:48,-15.1,
20250521,10:19:48,-14.9,
20250521,10:19:48,-14.8,
20250521,10:19:49,-14.7,
20250521,10:19:49,-14.5,
20250521,10:19:49,-14.5,
20250521,10:19:49,-14.6,
20250521,10:19:50,-14.5,
20250521,10:19:50,-14.5,
20250521,10:19:50,-15,
20250521,10:19:51,-15.2,
20250521,10:19:51,-15.3,
20250521,10:19:51,-15.4,
20250521,10:19:51,-15.4,
20250521,10:19:52,-15,
20250521,10:19:52,-14.8,
20250521,10:19:52,-14.5,
20250521,10:19:52,-14.4,
20250521,10:19:53,-14.3,
20250521,10:19:53,-14.5,
20250521,10:19:53,-15.3,
20250521,10:19:54,-16.1,
20250521,10:19:54,-16.5,
20250521,10:19:54,-16.4,
20250521,10:19:54,-16.2,
20250521,10:19:55,-15.8,
20250521,10:19:55,-15.4,
20250521,10:19:55,-15.1,
20250521,10:19:56,-14.8,
20250521,10:19:56,-14.5,
20250521,10:19:56,-14.3,
20250521,10:19:56,-14.1,
20250521,10:19:57,-13.9,
20250521,10:19:57,-13.7,
20250521,10:19:57,-13.6,
20250521,10:19:57,-13.7,
20250521,10:19:58,-14.1,
20250521,10:19:58,-14.5,
20250521,10:19:58,-14.8,
20250521,10:19:59,-15.1,
20250521,10:19:59,-14.9,
20250521,10:19:59,-14.8,
20250521,10:19:59,-15.1,
20250521,10:20:00,-15.6,
20250521,10:20:00,-16.1,
20250521,10:20:00,-16.1,
20250521,10:20:00,-15.7,
20250521,10:20:01,-15.1,
20250521,10:20:01,-14.4,
20250521,10:20:01,-13.9,
20250521,10:20:02,-13.4,
20250521,10:20:02,-12.9,
20250521,10:20:02,-12.6,
20250521,10:20:02,-12.4,
20250521,10:20:03,-12.2,
20250521,10:20:03,-12,
20250521,10:20:03,-11.7,
20250521,10:20:04,-11.3,
20250521,10:20:04,-10.9,
20250521,10:20:04,-10.4,
20250521,10:20:04,-9.8,
20250521,10:20:05,-9.1,
20250521,10:20:05,-8.6,
20250521,10:20:05,-8.3,
20250521,10:20:05,-8.4,
20250521,10:20:06,-8.4,
20250521,10:20:06,-8.7,
20250521,10:20:06,-9.1,
20250521,10:20:07,-9.6,
20250521,10:20:07,-10.3,
20250521,10:20:07,-10.9,
20250521,10:20:07,-11.1,
20250521,10:20:08,-11.1,
20250521,10:20:08,-11.1,
20250521,10:20:08,-11.1,
20250521,10:20:09,-11.3,
20250521,10:20:09,-11.6,
20250521,10:20:09,-11.9,
20250521,10:20:09,-11.5,
20250521,10:20:10,-10.6,
20250521,10:20:10,-9.8,
20250521,10:20:10,-9.2,
20250521,10:20:10,-8.8,
20250521,10:20:11,-8.6,
20250521,10:20:11,-8.6,
20250521,10:20:11,-8.6,
20250521,10:20:12,-8.9,
20250521,10:20:12,-9.2,
20250521,10:20:12,-9.6,
20250521,10:20:12,-10.1,
20250521,10:20:13,-10.2,
20250521,10:20:13,-10,
20250521,10:20:13,-9.8,
20250521,10:20:13,-9.5,
20250521,10:20:14,-9.2,
20250521,10:20:14,-9,
20250521,10:20:14,-9,
20250521,10:20:15,-9,
20250521,10:20:15,-9.1,
20250521,10:20:15,-9.3,
20250521,10:20:15,-9.4,
20250521,10:20:16,-9.5,
20250521,10:20:16,-9.6,
20250521,10:20:16,-9.7,
20250521,10:20:17,-9.9,
20250521,10:20:17,-10.3,
20250521,10:20:17,-11.1,
20250521,10:20:17,-11.9,
20250521,10:20:18,-12.1,
20250521,10:20:18,-12,
20250521,10:20:18,-11.7,
20250521,10:20:18,-11.4,
20250521,10:20:19,-11.4,
20250521,10:20:19,-11.2,
20250521,10:20:19,-10.9,
20250521,10:20:20,-10.4,
20250521,10:20:20,-9.8,
20250521,10:20:20,-9.4,
20250521,10:20:20,-9.3,
20250521,10:20:21,-9.1,
20250521,10:20:21,-9.1,
20250521,10:20:21,-9.2,
20250521,10:20:22,-9.3,
20250521,10:20:22,-9.1,
20250521,10:20:22,-8.8,
20250521,10:20:22,-8.6,
20250521,10:20:23,-8.4,
20250521,10:20:23,-8.2,
20250521,10:20:23,-8.1,
20250521,10:20:23,-7.9,
20250521,10:20:24,-7.9,
20250521,10:20:24,-7.9,
20250521,10:20:24,-7.9,
20250521,10:20:25,-8,
20250521,10:20:25,-8.1,
20250521,10:20:25,-8.2,
20250521,10:20:25,-8.2,
20250521,10:20:26,-8.1,
20250521,10:20:26,-8,
20250521,10:20:26,-8.1,
20250521,10:20:26,-8.4,
20250521,10:20:27,-9,
20250521,10:20:27,-9.5,
20250521,10:20:27,-9.7,
20250521,10:20:28,-9.5,
20250521,10:20:28,-9.3,
20250521,10:20:28,-8.7,
20250521,10:20:28,-8.5,
20250521,10:20:29,-8,
20250521,10:20:29,-7.9,
20250521,10:20:29,-7.9,
20250521,10:20:30,-7.7,
20250521,10:20:30,-7.8,
20250521,10:20:30,-8,
20250521,10:20:30,-8.3,
20250521,10:20:31,-8.6,
20250521,10:20:31,-9.1,
20250521,10:20:31,-9.4,
20250521,10:20:31,-9.4,
20250521,10:20:32,-9.4,
20250521,10:20:32,-9.2,
20250521,10:20:32,-9.2,
20250521,10:20:33,-9.1,
20250521,10:20:33,-9.2,
20250521,10:20:33,-9.4,
20250521,10:20:33,-9.4,
20250521,10:20:34,-9.6,
20250521,10:20:34,-9.8,
20250521,10:20:34,-10.1,
20250521,10:20:34,-10.2,
20250521,10:20:35,-9.9,
20250521,10:20:35,-9.6,
20250521,10:20:35,-9.3,
20250521,10:20:36,-9.1,
20250521,10:20:36,-8.7,
20250521,10:20:36,-8.6,
20250521,10:20:36,-8.4,
20250521,10:20:37,-8.5,
20250521,10:20:37,-8.5,
20250521,10:20:37,-8.4,
20250521,10:20:38,-8.3,
20250521,10:20:38,-8.3,
20250521,10:20:38,-8.4,
20250521,10:20:38,-8.4,
20250521,10:20:39,-8.8,
20250521,10:20:39,-9.3,
20250521,10:20:39,-9.6,
20250521,10:20:39,-9.7,
20250521,10:20:40,-9.6,
20250521,10:20:40,-9.4,
20250521,10:20:40,-9.3,
20250521,10:20:41,-9,
20250521,10:20:41,-8.8,
20250521,10:20:41,-8.6,
20250521,10:20:41,-8.4,
20250521,10:20:42,-8.6,
20250521,10:20:42,-8.7,
20250521,10:20:42,-9.1,
20250521,10:20:42,-9.2,
20250521,10:20:43,-9.2,
20250521,10:20:43,-9,
20250521,10:20:43,-9,
20250521,10:20:44,-9.4,
20250521,10:20:44,-9.7,
20250521,10:20:44,-9.9,
20250521,10:20:44,-10,
20250521,10:20:45,-9.9,
20250521,10:20:45,-9.7,
20250521,10:20:45,-9.4,
20250521,10:20:46,-9.1,
20250521,10:20:46,-8.9,
20250521,10:20:46,-8.7,
20250521,10:20:46,-8.8,
20250521,10:20:47,-9.2,
20250521,10:20:47,-9.4,
20250521,10:20:47,-9.5,
20250521,10:20:47,-9.4,
20250521,10:20:48,-9.4,
20250521,10:20:48,-9.2,
20250521,10:20:48,-9,
20250521,10:20:49,-8.8,
20250521,10:20:49,-8.7,
20250521,10:20:49,-8.5,
20250521,10:20:49,-8.2,
20250521,10:20:50,-7.7,
20250521,10:20:50,-7.3,
20250521,10:20:50,-6.9,
20250521,10:20:50,-6.8,
20250521,10:20:51,-6.6,
20250521,10:20:51,-6.4,
20250521,10:20:51,-6.3,
20250521,10:20:52,-6.1,
20250521,10:20:52,-6,
20250521,10:20:52,-6,
20250521,10:20:52,-6,
20250521,10:20:53,-5.9,
20250521,10:20:53,-6,
20250521,10:20:53,-6.4,
20250521,10:20:54,-7.3,
20250521,10:20:54,-8,
20250521,10:20:54,-8.6,
20250521,10:20:54,-9,
20250521,10:20:55,-9.5,
20250521,10:20:55,-9.9,
20250521,10:20:55,-10,
20250521,10:20:55,-9.9,
20250521,10:20:56,-9.8,
20250521,10:20:56,-9.6,
20250521,10:20:56,-9.4,
20250521,10:20:57,-9.1,
20250521,10:20:57,-8.8,
20250521,10:20:57,-8.6,
20250521,10:20:57,-8.6,
20250521,10:20:58,-8.4,
20250521,10:20:58,-8.2,
20250521,10:20:58,-8,
20250521,10:20:58,-7.9,
20250521,10:20:59,-7.8,
20250521,10:20:59,-8,
20250521,10:20:59,-8.4,
20250521,10:21:00,-9.1,
20250521,10:21:00,-9.7,
20250521,10:21:00,-10.1,
20250521,10:21:00,-10.3,
20250521,10:21:01,-10.6,
20250521,10:21:01,-10.8,
20250521,10:21:01,-11.1,
20250521,10:21:02,-11.2,
20250521,10:21:02,-11.3,
20250521,10:21:02,-11.2,
20250521,10:21:02,-11.1,
20250521,10:21:03,-10.7,
20250521,10:21:03,-10.6,
20250521,10:21:03,-10.3,
20250521,10:21:03,-10.2,
20250521,10:21:04,-9.9,
20250521,10:21:04,-9.8,
20250521,10:21:04,-9.9,
20250521,10:21:05,-9.8,
20250521,10:21:05,-9.7,
20250521,10:21:05,-9.6,
20250521,10:21:05,-9.5,
20250521,10:21:06,-9.4,
20250521,10:21:06,-9.4,
20250521,10:21:06,-9.4,
20250521,10:21:06,-9.3,
20250521,10:21:07,-9.2,
20250521,10:21:07,-9,
20250521,10:21:07,-9,
20250521,10:21:08,-8.9,
20250521,10:21:08,-8.9,
20250521,10:21:08,-8.8,
20250521,10:21:08,-8.7,
20250521,10:21:09,-8.9,
20250521,10:21:09,-9,
20250521,10:21:09,-9.3,
20250521,10:21:10,-9.6,
20250521,10:21:10,-9.9,
20250521,10:21:10,-10,
20250521,10:21:10,-10.1,
20250521,10:21:11,-9.9,
20250521,10:21:11,-9.7,
20250521,10:21:11,-9.6,
20250521,10:21:11,-9.5,
20250521,10:21:12,-9.3,
20250521,10:21:12,-9.3,
20250521,10:21:12,-9.2,
20250521,10:21:13,-9.4,
20250521,10:21:13,-9.4,
20250521,10:21:13,-9.5,
20250521,10:21:13,-9.7,
20250521,10:21:14,-9.8,
20250521,10:21:14,-10.1,
20250521,10:21:14,-10.6,
20250521,10:21:14,-10.8,
20250521,10:21:15,-10.9,
20250521,10:21:15,-10.6,
20250521,10:21:15,-10.3,
20250521,10:21:16,-10.3,
20250521,10:21:16,-10.7,
20250521,10:21:16,-11.3,
20250521,10:21:16,-12,
20250521,10:21:17,-12.4,
20250521,10:21:17,-12.5,
20250521,10:21:17,-12.9,
20250521,10:21:18,-13.4,
20250521,10:21:18,-13.5,
20250521,10:21:18,-13.5,
20250521,10:21:18,-13.3,
20250521,10:21:19,-13,
20250521,10:21:19,-12.7,
20250521,10:21:19,-12.3,
20250521,10:21:19,-12,
20250521,10:21:20,-11.8,
20250521,10:21:20,-11.5,
20250521,10:21:20,-11.3,
20250521,10:21:21,-11.4,
20250521,10:21:21,-11.6,
20250521,10:21:21,-11.9,
20250521,10:21:21,-12.2,
20250521,10:21:22,-12.5,
20250521,10:21:22,-12.5,
20250521,10:21:22,-12.4,
20250521,10:21:23,-12.3,
20250521,10:21:23,-12.2,
20250521,10:21:23,-12.1,
20250521,10:21:23,-12.1,
20250521,10:21:24,-12,
20250521,10:21:24,-12,
20250521,10:21:24,-12,
20250521,10:21:24,-12,
20250521,10:21:25,-12,
20250521,10:21:25,-12,
20250521,10:21:25,-12,
20250521,10:21:26,-12,
20250521,10:21:26,-12.1,
20250521,10:21:26,-12.8,
20250521,10:21:26,-13.7,
20250521,10:21:27,-14.5,
20250521,10:21:27,-14.8,
20250521,10:21:27,-15,
20250521,10:21:28,-15.1,
20250521,10:21:28,-15.1,
20250521,10:21:28,-14.9,
20250521,10:21:28,-14.6,
20250521,10:21:29,-14.5,
20250521,10:21:29,-14.2,
20250521,10:21:29,-13.9,
20250521,10:21:29,-13.7,
20250521,10:21:30,-13.5,
20250521,10:21:30,-13.3,
20250521,10:21:30,-13.2,
20250521,10:21:31,-13,
20250521,10:21:31,-13,
20250521,10:21:31,-13,
20250521,10:21:31,-13,
20250521,10:21:32,-13.2,
20250521,10:21:32,-13.2,
20250521,10:21:32,-13.3,
20250521,10:21:32,-13.3,
20250521,10:21:33,-13.3,
20250521,10:21:33,-14,
20250521,10:21:33,-15.2,
20250521,10:21:34,-15.9,
20250521,10:21:34,-16.2,
20250521,10:21:34,-16.1,
20250521,10:21:34,-15.7,
20250521,10:21:35,-15.3,
20250521,10:21:35,-14.9,
20250521,10:21:35,-14.5,
20250521,10:21:36,-14.2,
20250521,10:21:36,-14,
20250521,10:21:36,-13.8,
20250521,10:21:36,-13.5,
20250521,10:21:37,-13.3,
20250521,10:21:37,-13.1,
20250521,10:21:37,-12.9,
20250521,10:21:37,-12.8,
20250521,10:21:38,-12.8,
20250521,10:21:38,-12.7,
20250521,10:21:38,-12.6,
20250521,10:21:39,-12.5,
20250521,10:21:39,-12.4,
20250521,10:21:39,-12.4,
20250521,10:21:39,-12.4,
20250521,10:21:40,-12.3,
20250521,10:21:40,-12.4,
20250521,10:21:40,-12.9,
20250521,10:21:41,-13.8,
20250521,10:21:41,-14.6,
20250521,10:21:41,-15.2,
20250521,10:21:41,-15.3,
20250521,10:21:42,-15.4,
20250521,10:21:42,-15.4,
20250521,10:21:42,-15.7,
20250521,10:21:42,-16,
20250521,10:21:43,-16.1,
20250521,10:21:43,-15.9,
20250521,10:21:43,-15.5,
20250521,10:21:44,-15.2,
20250521,10:21:44,-14.9,
20250521,10:21:44,-14.5,
20250521,10:21:44,-14.3,
20250521,10:21:45,-14.2,
20250521,10:21:45,-14.3,
20250521,10:21:45,-14.5,
20250521,10:21:46,-14.5,
20250521,10:21:46,-14.5,
20250521,10:21:46,-14.5,
20250521,10:21:46,-14.5,
20250521,10:21:47,-14.7,
20250521,10:21:47,-15.5,
20250521,10:21:47,-16.2,
20250521,10:21:47,-16.4,
20250521,10:21:48,-16.3,
20250521,10:21:48,-16,
20250521,10:21:48,-15.5,
20250521,10:21:49,-15.4,
20250521,10:21:49,-15.4,
20250521,10:21:49,-15.6,
20250521,10:21:49,-15.8,
20250521,10:21:50,-15.7,
20250521,10:21:50,-15.4,
20250521,10:21:50,-15.3,
20250521,10:21:51,-15,
20250521,10:21:51,-14.7,
20250521,10:21:51,-14.6,
20250521,10:21:51,-14.5,
20250521,10:21:52,-14.5,
20250521,10:21:52,-14.7,
20250521,10:21:52,-15,
20250521,10:21:52,-15.4,
20250521,10:21:53,-15.6,
20250521,10:21:53,-15.7,
20250521,10:21:53,-15.7,
20250521,10:21:54,-15.6,
20250521,10:21:54,-15.6,
20250521,10:21:54,-15.6,
20250521,10:21:54,-15.6,
20250521,10:21:55,-15.5,
20250521,10:21:55,-15.6,
20250521,10:21:55,-15.6,
20250521,10:21:55,-15.6,
20250521,10:21:56,-15.6,
20250521,10:21:56,-16,
20250521,10:21:56,-16.8,
20250521,10:21:57,-17.7,
20250521,10:21:57,-18.2,
20250521,10:21:57,-18.4,
20250521,10:21:57,-18.2,
20250521,10:21:58,-17.9,
20250521,10:21:58,-17.7,
20250521,10:21:58,-17.3,
20250521,10:21:59,-17.1,
20250521,10:21:59,-16.9,
20250521,10:21:59,-16.7,
20250521,10:21:59,-16.4,
20250521,10:22:00,-16.2,
20250521,10:22:00,-16.2,
20250521,10:22:00,-16.2,
20250521,10:22:00,-16.6,
20250521,10:22:01,-17.1,
20250521,10:22:01,-17.2,
20250521,10:22:01,-17.3,
20250521,10:22:02,-17.3,
20250521,10:22:02,-17.1,
20250521,10:22:02,-17.1,
20250521,10:22:02,-16.8,
20250521,10:22:03,-16.6,
20250521,10:22:03,-16.5,
20250521,10:22:03,-16.5,
20250521,10:22:04,-16.5,
20250521,10:22:04,-16.4,
20250521,10:22:04,-16.2,
20250521,10:22:04,-16.2,
20250521,10:22:05,-16.1,
20250521,10:22:05,-16,
20250521,10:22:05,-16,
20250521,10:22:05,-16.1,
20250521,10:22:06,-16.1,
20250521,10:22:06,-16.2,
20250521,10:22:06,-16.2,
20250521,10:22:07,-16.3,
20250521,10:22:07,-16.2,
20250521,10:22:07,-16.2,
20250521,10:22:07,-16.1,
20250521,10:22:08,-16,
20250521,10:22:08,-16,
20250521,10:22:08,-15.9,
20250521,10:22:09,-16,
20250521,10:22:09,-16,
20250521,10:22:09,-16,
20250521,10:22:09,-16,
20250521,10:22:10,-15.9,
20250521,10:22:10,-15.8,
20250521,10:22:10,-15.7,
20250521,10:22:10,-15.9,
20250521,10:22:11,-16.1,
20250521,10:22:11,-16.2,
20250521,10:22:11,-16.2,
20250521,10:22:12,-16.2,
20250521,10:22:12,-16.2,
20250521,10:22:12,-16,
20250521,10:22:12,-16,
20250521,10:22:13,-16.6,
20250521,10:22:13,-17.8,
20250521,10:22:13,-18.8,
20250521,10:22:13,-19.3,
20250521,10:22:14,-19.3,
20250521,10:22:14,-19.1,
20250521,10:22:14,-19,
20250521,10:22:15,-19.3,
20250521,10:22:15,-19.2,
20250521,10:22:15,-18.8,
20250521,10:22:15,-18.3,
20250521,10:22:16,-17.6,
20250521,10:22:16,-17.1,
20250521,10:22:16,-16.9,
20250521,10:22:17,-16.6,
20250521,10:22:17,-16.4,
20250521,10:22:17,-16.5,
20250521,10:22:17,-16.9,
20250521,10:22:18,-17.9,
20250521,10:22:18,-18.8,
20250521,10:22:18,-19,
20250521,10:22:18,-18.8,
20250521,10:22:19,-18.6,
20250521,10:22:19,-18.2,
20250521,10:22:19,-17.9,
20250521,10:22:20,-17.7,
20250521,10:22:20,-17.5,
20250521,10:22:20,-17.4,
20250521,10:22:20,-17.4,
20250521,10:22:21,-17.7,
20250521,10:22:21,-18.2,
20250521,10:22:21,-18.7,
20250521,10:22:22,-18.8,
20250521,10:22:22,-18.4,
20250521,10:22:22,-18.1,
20250521,10:22:22,-17.8,
20250521,10:22:23,-17.4,
20250521,10:22:23,-17.3,
20250521,10:22:23,-17.1,
20250521,10:22:23,-17.1,
20250521,10:22:24,-17.1,
20250521,10:22:24,-17.1,
20250521,10:22:24,-17.1,
20250521,10:22:25,-17.1,
20250521,10:22:25,-17.1,
20250521,10:22:25,-17.1,
20250521,10:22:25,-17.1,
20250521,10:22:26,-17.2,
20250521,10:22:26,-17.4,
20250521,10:22:26,-17.5,
20250521,10:22:27,-17.6,
20250521,10:22:27,-17.5,
20250521,10:22:27,-17.4,
20250521,10:22:27,-17.4,
20250521,10:22:28,-17.2,
20250521,10:22:28,-17.1,
20250521,10:22:28,-17.1,
20250521,10:22:28,-17,
20250521,10:22:29,-16.8,
20250521,10:22:29,-16.8,
20250521,10:22:29,-16.7,
20250521,10:22:30,-16.7,
20250521,10:22:30,-16.6,
20250521,10:22:30,-16.9,
20250521,10:22:30,-17.7,
20250521,10:22:31,-18.7,
20250521,10:22:31,-19.3,
20250521,10:22:31,-19.5,
20250521,10:22:32,-19.4,
20250521,10:22:32,-19.5,
20250521,10:22:32,-19.7,
20250521,10:22:32,-19.7,
20250521,10:22:33,-19.4,
20250521,10:22:33,-19,
20250521,10:22:33,-18.7,
20250521,10:22:33,-18.3,
20250521,10:22:34,-17.9,
20250521,10:22:34,-17.6,
20250521,10:22:34,-17.4,
20250521,10:22:35,-17.2,
20250521,10:22:35,-17.2,
20250521,10:22:35,-17.6,
20250521,10:22:35,-18.5,
20250521,10:22:36,-19.2,
20250521,10:22:36,-19.6,
20250521,10:22:36,-19.7,
20250521,10:22:36,-19.3,
20250521,10:22:37,-19.1,
20250521,10:22:37,-18.8,
20250521,10:22:37,-18.6,
20250521,10:22:38,-18.4,
20250521,10:22:38,-18.2,
20250521,10:22:38,-18.1,
20250521,10:22:38,-18.1,
20250521,10:22:39,-18.1,
20250521,10:22:39,-18.1,
20250521,10:22:39,-18.1,
20250521,10:22:40,-18.1,
20250521,10:22:40,-18,
20250521,10:22:40,-18,
20250521,10:22:40,-18,
20250521,10:22:41,-18.1,
20250521,10:22:41,-18.4,
20250521,10:22:41,-18.8,
20250521,10:22:41,-19,
20250521,10:22:42,-19.4,
20250521,10:22:42,-19.6,
20250521,10:22:42,-19.7,
20250521,10:22:43,-19.7,
20250521,10:22:43,-20,
20250521,10:22:43,-20.3,
20250521,10:22:43,-20.5,
20250521,10:22:44,-20.7,
20250521,10:22:44,-20.5,
20250521,10:22:44,-20.4,
20250521,10:22:45,-20.1,
20250521,10:22:45,-19.9,
20250521,10:22:45,-19.9,
20250521,10:22:45,-19.8,
20250521,10:22:46,-19.7,
20250521,10:22:46,-19.6,
20250521,10:22:46,-19.4,
20250521,10:22:46,-19.1,
20250521,10:22:47,-19,
20250521,10:22:47,-19.1,
20250521,10:22:47,-19.4,
20250521,10:22:48,-19.8,
20250521,10:22:48,-20.1,
20250521,10:22:48,-20.1,
20250521,10:22:48,-19.9,
20250521,10:22:49,-19.7,
20250521,10:22:49,-19.6,
20250521,10:22:49,-19.3,
20250521,10:22:49,-19.1,
20250521,10:22:50,-19,
20250521,10:22:50,-18.8,
20250521,10:22:50,-18.7,
20250521,10:22:51,-18.7,
20250521,10:22:51,-18.6,
20250521,10:22:51,-18.5,
20250521,10:22:51,-18.6,
20250521,10:22:52,-18.6,
20250521,10:22:52,-18.8,
20250521,10:22:52,-19.1,
20250521,10:22:53,-19.4,
20250521,10:22:53,-19.7,
20250521,10:22:53,-19.9,
20250521,10:22:53,-19.9,
20250521,10:22:54,-19.8,
20250521,10:22:54,-19.7,
20250521,10:22:54,-19.5,
20250521,10:22:54,-19.4,
20250521,10:22:55,-19.3,
20250521,10:22:55,-19.8,
20250521,10:22:55,-20.9,
20250521,10:22:56,-21.7,
20250521,10:22:56,-22,
20250521,10:22:56,-22.1,
20250521,10:22:56,-21.9,
20250521,10:22:57,-21.7,
20250521,10:22:57,-21.4,
20250521,10:22:57,-21,
20250521,10:22:58,-20.6,
20250521,10:22:58,-20.4,
20250521,10:22:58,-20.2,
20250521,10:22:58,-19.9,
20250521,10:22:59,-19.8,
20250521,10:22:59,-19.9,
20250521,10:22:59,-20.1,
20250521,10:22:59,-20.3,
20250521,10:23:00,-20.2,
20250521,10:23:00,-20,
20250521,10:23:00,-19.8,
20250521,10:23:01,-19.7,
20250521,10:23:01,-19.6,
20250521,10:23:01,-19.5,
20250521,10:23:01,-19.4,
20250521,10:23:02,-19.3,
20250521,10:23:02,-19.5,
20250521,10:23:02,-19.7,
20250521,10:23:03,-20.1,
20250521,10:23:03,-20.4,
20250521,10:23:03,-20.3,
20250521,10:23:03,-20.2,
20250521,10:23:04,-19.8,
20250521,10:23:04,-19.7,
20250521,10:23:04,-19.5,
20250521,10:23:04,-19.2,
20250521,10:23:05,-19,
20250521,10:23:05,-18.9,
20250521,10:23:05,-18.8,
20250521,10:23:06,-18.8,
20250521,10:23:06,-18.8,
20250521,10:23:06,-18.7,
20250521,10:23:06,-18.6,
20250521,10:23:07,-18.7,
20250521,10:23:07,-18.9,
20250521,10:23:07,-19.3,
20250521,10:23:07,-19.7,
20250521,10:23:08,-19.8,
20250521,10:23:08,-19.7,
20250521,10:23:08,-19.6,
20250521,10:23:09,-19.6,
20250521,10:23:09,-19.4,
20250521,10:23:09,-19.1,
20250521,10:23:09,-18.9,
20250521,10:23:10,-18.8,
20250521,10:23:10,-18.7,
20250521,10:23:10,-18.6,
20250521,10:23:11,-18.4,
20250521,10:23:11,-18.3,
20250521,10:23:11,-18.1,
20250521,10:23:11,-18,
20250521,10:23:12,-17.9,
20250521,10:23:12,-17.8,
20250521,10:23:12,-17.6,
20250521,10:23:12,-17.4,
20250521,10:23:13,-17.2,
20250521,10:23:13,-17.1,
20250521,10:23:13,-17.3,
20250521,10:23:14,-17.5,
20250521,10:23:14,-17.7,
20250521,10:23:14,-17.9,
20250521,10:23:14,-18.1,
20250521,10:23:15,-18.7,
20250521,10:23:15,-19.9,
20250521,10:23:15,-21,
20250521,10:23:16,-21.7,
20250521,10:23:16,-22.2,
20250521,10:23:16,-22.2,
20250521,10:23:16,-22.1,
20250521,10:23:17,-21.9,
20250521,10:23:17,-21.4,
20250521,10:23:17,-21.1,
20250521,10:23:17,-20.9,
20250521,10:23:18,-21,
20250521,10:23:18,-21.3,
20250521,10:23:18,-21.3,
20250521,10:23:19,-21,
20250521,10:23:19,-20.8,
20250521,10:23:19,-20.4,
20250521,10:23:19,-20.2,
20250521,10:23:20,-19.9,
20250521,10:23:20,-19.7,
20250521,10:23:20,-19.6,
20250521,10:23:21,-19.5,
20250521,10:23:21,-19.3,
20250521,10:23:21,-19.3,
20250521,10:23:21,-19.2,
20250521,10:23:22,-19.4,
20250521,10:23:22,-19.5,
20250521,10:23:22,-19.7,
20250521,10:23:22,-19.7,
20250521,10:23:23,-19.3,
20250521,10:23:23,-19.1,
20250521,10:23:23,-18.9,
20250521,10:23:24,-18.8,
20250521,10:23:24,-18.6,
20250521,10:23:24,-18.8,
20250521,10:23:24,-19.7,
20250521,10:23:25,-20.6,
20250521,10:23:25,-20.7,
20250521,10:23:25,-20.5,
20250521,10:23:26,-20,
20250521,10:23:26,-19.6,
20250521,10:23:26,-19.4,
20250521,10:23:26,-19.2,
20250521,10:23:27,-19.1,
20250521,10:23:27,-19,
20250521,10:23:27,-19.1,
20250521,10:23:27,-19.3,
20250521,10:23:28,-20,
20250521,10:23:28,-20.8,
20250521,10:23:28,-21.4,
20250521,10:23:29,-21.4,
20250521,10:23:29,-21.2,
20250521,10:23:29,-20.8,
20250521,10:23:29,-20.5,
20250521,10:23:30,-20.2,
20250521,10:23:30,-19.9,
20250521,10:23:30,-19.8,
20250521,10:23:30,-19.7,
20250521,10:23:31,-19.7,
20250521,10:23:31,-19.6,
20250521,10:23:31,-19.7,
20250521,10:23:32,-20,
20250521,10:23:32,-20,
20250521,10:23:32,-20,
20250521,10:23:32,-19.8,
20250521,10:23:33,-19.8,
20250521,10:23:33,-20.3,
20250521,10:23:33,-20.6,
20250521,10:23:34,-20.9,
20250521,10:23:34,-20.9,
20250521,10:23:34,-20.4,
20250521,10:23:34,-19.9,
20250521,10:23:35,-19.6,
20250521,10:23:35,-19.4,
20250521,10:23:35,-19.4,
20250521,10:23:35,-19.4,
20250521,10:23:36,-19.7,
20250521,10:23:36,-20.3,
20250521,10:23:36,-20.4,
20250521,10:23:37,-20.2,
20250521,10:23:37,-20,
20250521,10:23:37,-19.8,
20250521,10:23:37,-19.7,
20250521,10:23:38,-19.6,
20250521,10:23:38,-19.4,
20250521,10:23:38,-19,
20250521,10:23:39,-19,
20250521,10:23:39,-18.8,
20250521,10:23:39,-18.9,
20250521,10:23:39,-19.3,
20250521,10:23:40,-19.3,
20250521,10:23:40,-19.3,
20250521,10:23:40,-19.2,
20250521,10:23:40,-18.9,
20250521,10:23:41,-18.7,
20250521,10:23:41,-18.6,
20250521,10:23:41,-18.4,
20250521,10:23:42,-18.1,
20250521,10:23:42,-18.1,
20250521,10:23:42,-18,
20250521,10:23:42,-17.8,
20250521,10:23:43,-17.9,
20250521,10:23:43,-17.9,
20250521,10:23:43,-18.1,
20250521,10:23:44,-18.2,
20250521,10:23:44,-18,
20250521,10:23:44,-18,
20250521,10:23:44,-17.9,
20250521,10:23:45,-17.9,
20250521,10:23:45,-17.9,
20250521,10:23:45,-17.9,
20250521,10:23:45,-17.9,
20250521,10:23:46,-17.9,
20250521,10:23:46,-17.9,
20250521,10:23:46,-17.9,
20250521,10:23:47,-17.7,
20250521,10:23:47,-17.3,
20250521,10:23:47,-17.1,
20250521,10:23:47,-17.1,
20250521,10:23:48,-17.4,
20250521,10:23:48,-18.1,
20250521,10:23:48,-18.7,
20250521,10:23:48,-19,
20250521,10:23:49,-19.1,
20250521,10:23:49,-18.9,
20250521,10:23:49,-18.8,
20250521,10:23:50,-18.6,
20250521,10:23:50,-18.4,
20250521,10:23:50,-18.5,
20250521,10:23:50,-18.6,
20250521,10:23:51,-18.6,
20250521,10:23:51,-18.6,
20250521,10:23:51,-19,
20250521,10:23:52,-19.8,
20250521,10:23:52,-20.3,
20250521,10:23:52,-20.2,
20250521,10:23:52,-19.4,
20250521,10:23:53,-18.8,
20250521,10:23:53,-18.7,
20250521,10:23:53,-18.5,
20250521,10:23:53,-18.4,
20250521,10:23:54,-18.5,
20250521,10:23:54,-18.4,
20250521,10:23:54,-18.4,
20250521,10:23:55,-18.4,
20250521,10:23:55,-18.5,
20250521,10:23:55,-18.4,
20250521,10:23:55,-18.7,
20250521,10:23:56,-18.9,