静息,正性,中性,负性
14:49:09,14:50:48,14:52:04,14:56:11
,,,
CTP266,88:4A:EA:8B:D1:E6,,
,,,
,,,
,,,
,,,
,,,
,,,
20250513,14:44:10,-30.8,
20250513,14:44:10,-31.1,
20250513,14:44:11,-31.3,
20250513,14:44:11,-31.5,
20250513,14:44:11,-31.5,
20250513,14:44:11,-31.7,
20250513,14:44:12,-31.7,
20250513,14:44:12,-31.8,
20250513,14:44:12,-31.9,
20250513,14:44:13,-31.7,
20250513,14:44:13,-31.5,
20250513,14:44:13,-31.3,
20250513,14:44:13,-31.1,
20250513,14:44:14,-31,
20250513,14:44:14,-30.9,
20250513,14:44:14,-30.9,
20250513,14:44:15,-30.9,
20250513,14:44:15,-30.9,
20250513,14:44:15,-31,
20250513,14:44:15,-31,
20250513,14:44:16,-31.1,
20250513,14:44:16,-31.1,
20250513,14:44:16,-31.1,
20250513,14:44:16,-31.1,
20250513,14:44:17,-31,
20250513,14:44:17,-31,
20250513,14:44:17,-31,
20250513,14:44:18,-30.9,
20250513,14:44:18,-30.9,
20250513,14:44:18,-31,
20250513,14:44:18,-30.9,
20250513,14:44:19,-31.1,
20250513,14:44:19,-31.3,
20250513,14:44:19,-31.4,
20250513,14:44:20,-31.3,
20250513,14:44:20,-31.2,
20250513,14:44:20,-31.1,
20250513,14:44:20,-31,
20250513,14:44:21,-31,
20250513,14:44:21,-30.9,
20250513,14:44:21,-30.8,
20250513,14:44:21,-30.8,
20250513,14:44:22,-30.7,
20250513,14:44:22,-30.6,
20250513,14:44:22,-30.6,
20250513,14:44:23,-30.4,
20250513,14:44:23,-30.1,
20250513,14:44:23,-29.8,
20250513,14:44:23,-29.2,
20250513,14:44:24,-28.5,
20250513,14:44:24,-27.9,
20250513,14:44:24,-27.5,
20250513,14:44:25,-27.4,
20250513,14:44:25,-27.2,
20250513,14:44:25,-27.2,
20250513,14:44:25,-27.5,
20250513,14:44:26,-27.6,
20250513,14:44:26,-27.8,
20250513,14:44:26,-27.8,
20250513,14:44:26,-27.7,
20250513,14:44:27,-27.8,
20250513,14:44:27,-27.7,
20250513,14:44:27,-27.7,
20250513,14:44:28,-27.7,
20250513,14:44:28,-27.6,
20250513,14:44:28,-27.6,
20250513,14:44:28,-27.2,
20250513,14:44:29,-26.7,
20250513,14:44:29,-26.4,
20250513,14:44:29,-26.2,
20250513,14:44:29,-26,
20250513,14:44:30,-25.9,
20250513,14:44:30,-25.9,
20250513,14:44:30,-26,
20250513,14:44:31,-26.1,
20250513,14:44:31,-26.2,
20250513,14:44:31,-26.2,
20250513,14:44:31,-26.2,
20250513,14:44:32,-26.2,
20250513,14:44:32,-26.1,
20250513,14:44:32,-26.2,
20250513,14:44:33,-26.1,
20250513,14:44:33,-26.2,
20250513,14:44:33,-26.3,
20250513,14:44:33,-26.2,
20250513,14:44:34,-26.1,
20250513,14:44:34,-26,
20250513,14:44:34,-26,
20250513,14:44:34,-26,
20250513,14:44:35,-25.8,
20250513,14:44:35,-25.9,
20250513,14:44:35,-25.7,
20250513,14:44:36,-25.6,
20250513,14:44:36,-25.6,
20250513,14:44:36,-25.8,
20250513,14:44:36,-25.8,
20250513,14:44:37,-25.5,
20250513,14:44:37,-25,
20250513,14:44:37,-24.8,
20250513,14:44:38,-24.6,
20250513,14:44:38,-24.6,
20250513,14:44:38,-24.6,
20250513,14:44:38,-24.5,
20250513,14:44:39,-24.4,
20250513,14:44:39,-24.4,
20250513,14:44:39,-24.3,
20250513,14:44:39,-24.3,
20250513,14:44:40,-24.4,
20250513,14:44:40,-24.2,
20250513,14:44:40,-24.2,
20250513,14:44:41,-24.1,
20250513,14:44:41,-24,
20250513,14:44:41,-24,
20250513,14:44:41,-23.9,
20250513,14:44:42,-23.9,
20250513,14:44:42,-23.9,
20250513,14:44:42,-23.8,
20250513,14:44:43,-23.7,
20250513,14:44:43,-23.4,
20250513,14:44:43,-23.1,
20250513,14:44:43,-22.9,
20250513,14:44:44,-22.5,
20250513,14:44:44,-22.4,
20250513,14:44:44,-22.2,
20250513,14:44:44,-22.1,
20250513,14:44:45,-22.1,
20250513,14:44:45,-21.9,
20250513,14:44:45,-21.6,
20250513,14:44:46,-21.2,
20250513,14:44:46,-21.2,
20250513,14:44:46,-21.2,
20250513,14:44:46,-21.2,
20250513,14:44:47,-21.4,
20250513,14:44:47,-21.3,
20250513,14:44:47,-21.6,
20250513,14:44:47,-21.7,
20250513,14:44:48,-21.8,
20250513,14:44:48,-21.9,
20250513,14:44:48,-21.9,
20250513,14:44:49,-22,
20250513,14:44:49,-21.8,
20250513,14:44:49,-21.8,
20250513,14:44:49,-21.7,
20250513,14:44:50,-21.7,
20250513,14:44:50,-21.5,
20250513,14:44:50,-21.4,
20250513,14:44:51,-21.4,
20250513,14:44:51,-21.2,
20250513,14:44:51,-21,
20250513,14:44:51,-20.6,
20250513,14:44:52,-20.4,
20250513,14:44:52,-20.4,
20250513,14:44:52,-20.2,
20250513,14:44:52,-20.3,
20250513,14:44:53,-21.1,
20250513,14:44:53,-22,
20250513,14:44:53,-22.8,
20250513,14:44:54,-23.2,
20250513,14:44:54,-23.5,
20250513,14:44:54,-23.8,
20250513,14:44:54,-24,
20250513,14:44:55,-24.3,
20250513,14:44:55,-24.3,
20250513,14:44:55,-24.4,
20250513,14:44:56,-24.3,
20250513,14:44:56,-24.3,
20250513,14:44:56,-24.3,
20250513,14:44:56,-24,
20250513,14:44:57,-24,
20250513,14:44:57,-24,
20250513,14:44:57,-23.8,
20250513,14:44:57,-23.7,
20250513,14:44:58,-23.5,
20250513,14:44:58,-23.1,
20250513,14:44:58,-23,
20250513,14:44:59,-22.8,
20250513,14:44:59,-22.7,
20250513,14:44:59,-22.6,
20250513,14:44:59,-22.7,
20250513,14:45:00,-22.7,
20250513,14:45:00,-22.7,
20250513,14:45:00,-22.7,
20250513,14:45:00,-22.7,
20250513,14:45:01,-22.6,
20250513,14:45:01,-22.6,
20250513,14:45:01,-22.4,
20250513,14:45:02,-22.5,
20250513,14:45:02,-22.3,
20250513,14:45:02,-22.2,
20250513,14:45:02,-22.2,
20250513,14:45:03,-22.1,
20250513,14:45:03,-22.1,
20250513,14:45:03,-22.1,
20250513,14:45:04,-22.1,
20250513,14:45:04,-22,
20250513,14:45:04,-21.9,
20250513,14:45:04,-21.8,
20250513,14:45:05,-21.7,
20250513,14:45:05,-21.5,
20250513,14:45:05,-21.3,
20250513,14:45:06,-21.2,
20250513,14:45:06,-21,
20250513,14:45:06,-20.8,
20250513,14:45:06,-20.8,
20250513,14:45:07,-20.7,
20250513,14:45:07,-20.7,
20250513,14:45:07,-20.5,
20250513,14:45:07,-20.5,
20250513,14:45:08,-20.4,
20250513,14:45:08,-20.3,
20250513,14:45:08,-20.3,
20250513,14:45:09,-20.3,
20250513,14:45:09,-20.4,
20250513,14:45:09,-20.4,
20250513,14:45:09,-20.3,
20250513,14:45:10,-20.1,
20250513,14:45:10,-20,
20250513,14:45:10,-19.8,
20250513,14:45:10,-19.8,
20250513,14:45:11,-19.6,
20250513,14:45:11,-19.8,
20250513,14:45:11,-19.7,
20250513,14:45:12,-19.7,
20250513,14:45:12,-19.7,
20250513,14:45:12,-19.6,
20250513,14:45:12,-19.9,
20250513,14:45:13,-21.1,
20250513,14:45:13,-22.1,
20250513,14:45:13,-22.6,
20250513,14:45:14,-22.8,
20250513,14:45:14,-22.8,
20250513,14:45:14,-22.9,
20250513,14:45:14,-23.1,
20250513,14:45:15,-23.3,
20250513,14:45:15,-23.7,
20250513,14:45:15,-23.7,
20250513,14:45:15,-23.8,
20250513,14:45:16,-23.9,
20250513,14:45:16,-23.8,
20250513,14:45:16,-23.8,
20250513,14:45:17,-23.7,
20250513,14:45:17,-23.7,
20250513,14:45:17,-23.5,
20250513,14:45:17,-23.5,
20250513,14:45:18,-23.6,
20250513,14:45:18,-23.4,
20250513,14:45:18,-23.4,
20250513,14:45:19,-23.3,
20250513,14:45:19,-23.3,
20250513,14:45:19,-23.2,
20250513,14:45:19,-23.1,
20250513,14:45:20,-23.1,
20250513,14:45:20,-23,
20250513,14:45:20,-22.9,
20250513,14:45:20,-22.8,
20250513,14:45:21,-22.5,
20250513,14:45:21,-22.5,
20250513,14:45:21,-22.3,
20250513,14:45:22,-22.1,
20250513,14:45:22,-21.9,
20250513,14:45:22,-21.3,
20250513,14:45:22,-21.2,
20250513,14:45:23,-20.9,
20250513,14:45:23,-20.9,
20250513,14:45:23,-20.7,
20250513,14:45:24,-20.7,
20250513,14:45:24,-20.8,
20250513,14:45:24,-20.9,
20250513,14:45:24,-20.8,
20250513,14:45:25,-21,
20250513,14:45:25,-21.1,
20250513,14:45:25,-20.9,
20250513,14:45:25,-20.6,
20250513,14:45:26,-20.2,
20250513,14:45:26,-19.8,
20250513,14:45:26,-19.6,
20250513,14:45:27,-19.5,
20250513,14:45:27,-19.5,
20250513,14:45:27,-19.5,
20250513,14:45:27,-19.7,
20250513,14:45:28,-19.9,
20250513,14:45:28,-19.8,
20250513,14:45:28,-19.8,
20250513,14:45:28,-19.8,
20250513,14:45:29,-19.6,
20250513,14:45:29,-19.5,
20250513,14:45:29,-19.2,
20250513,14:45:30,-19.1,
20250513,14:45:30,-19,
20250513,14:45:30,-19,
20250513,14:45:30,-19.2,
20250513,14:45:31,-19.1,
20250513,14:45:31,-19.1,
20250513,14:45:31,-19.1,
20250513,14:45:32,-18.6,
20250513,14:45:32,-18.1,
20250513,14:45:32,-17.7,
20250513,14:45:32,-17.5,
20250513,14:45:33,-17.4,
20250513,14:45:33,-17.4,
20250513,14:45:33,-17.6,
20250513,14:45:33,-17.7,
20250513,14:45:34,-17.8,
20250513,14:45:34,-17.8,
20250513,14:45:34,-17.8,
20250513,14:45:35,-17.8,
20250513,14:45:35,-17.8,
20250513,14:45:35,-17.6,
20250513,14:45:35,-17.3,
20250513,14:45:36,-17,
20250513,14:45:36,-16.7,
20250513,14:45:36,-16.4,
20250513,14:45:37,-16.1,
20250513,14:45:37,-16.2,
20250513,14:45:37,-16.3,
20250513,14:45:37,-16.4,
20250513,14:45:38,-16.7,
20250513,14:45:38,-16.8,
20250513,14:45:38,-16.9,
20250513,14:45:38,-16.8,
20250513,14:45:39,-16.9,
20250513,14:45:39,-16.8,
20250513,14:45:39,-16.8,
20250513,14:45:40,-16.8,
20250513,14:45:40,-16.8,
20250513,14:45:40,-16.7,
20250513,14:45:40,-16.3,
20250513,14:45:41,-15.8,
20250513,14:45:41,-15.4,
20250513,14:45:41,-15.1,
20250513,14:45:41,-15.1,
20250513,14:45:42,-15.4,
20250513,14:45:42,-16.8,
20250513,14:45:42,-19.1,
20250513,14:45:43,-20.4,
20250513,14:45:43,-20.6,
20250513,14:45:43,-19.9,
20250513,14:45:43,-19.1,
20250513,14:45:44,-19,
20250513,14:45:44,-19.2,
20250513,14:45:44,-19.5,
20250513,14:45:45,-19.8,
20250513,14:45:45,-20.3,
20250513,14:45:45,-20.5,
20250513,14:45:45,-20.7,
20250513,14:45:46,-20.8,
20250513,14:45:46,-20.9,
20250513,14:45:46,-20.8,
20250513,14:45:47,-20.8,
20250513,14:45:47,-20.8,
20250513,14:45:47,-20.7,
20250513,14:45:47,-20.8,
20250513,14:45:48,-20.6,
20250513,14:45:48,-20.7,
20250513,14:45:48,-20.6,
20250513,14:45:48,-20.5,
20250513,14:45:49,-20.5,
20250513,14:45:49,-20.4,
20250513,14:45:49,-20.4,
20250513,14:45:50,-20.4,
20250513,14:45:50,-20.3,
20250513,14:45:50,-20.3,
20250513,14:45:50,-20.3,
20250513,14:45:51,-20.2,
20250513,14:45:51,-20.3,
20250513,14:45:51,-20.2,
20250513,14:45:51,-20.1,
20250513,14:45:52,-20,
20250513,14:45:52,-20,
20250513,14:45:52,-19.9,
20250513,14:45:53,-20,
20250513,14:45:53,-20.2,
20250513,14:45:53,-20.4,
20250513,14:45:53,-20.4,
20250513,14:45:54,-20.4,
20250513,14:45:54,-20.2,
20250513,14:45:54,-19.9,
20250513,14:45:55,-19.8,
20250513,14:45:55,-19.5,
20250513,14:45:55,-19.1,
20250513,14:45:55,-18.9,
20250513,14:45:56,-18.7,
20250513,14:45:56,-18.7,
20250513,14:45:56,-18.5,
20250513,14:45:56,-18.5,
20250513,14:45:57,-18.6,
20250513,14:45:57,-18.5,
20250513,14:45:57,-18.6,
20250513,14:45:58,-18.5,
20250513,14:45:58,-18.5,
20250513,14:45:58,-18.4,
20250513,14:45:58,-18.3,
20250513,14:45:59,-18.3,
20250513,14:45:59,-18.2,
20250513,14:45:59,-18.1,
20250513,14:46:00,-18.1,
20250513,14:46:00,-18,
20250513,14:46:00,-17.9,
20250513,14:46:00,-18,
20250513,14:46:01,-17.8,
20250513,14:46:01,-17.8,
20250513,14:46:01,-17.8,
20250513,14:46:01,-17.7,
20250513,14:46:02,-17.7,
20250513,14:46:02,-17.5,
20250513,14:46:02,-17.5,
20250513,14:46:03,-17.3,
20250513,14:46:03,-17.3,
20250513,14:46:03,-17.3,
20250513,14:46:03,-17.2,
20250513,14:46:04,-17.5,
20250513,14:46:04,-17.8,
20250513,14:46:04,-18.2,
20250513,14:46:04,-18.7,
20250513,14:46:05,-19,
20250513,14:46:05,-19.2,
20250513,14:46:05,-19.2,
20250513,14:46:06,-19.4,
20250513,14:46:06,-19.6,
20250513,14:46:06,-20,
20250513,14:46:06,-20.1,
20250513,14:46:07,-20.3,
20250513,14:46:07,-20.4,
20250513,14:46:07,-20.3,
20250513,14:46:08,-20.3,
20250513,14:46:08,-20.4,
20250513,14:46:08,-20.8,
20250513,14:46:08,-20.9,
20250513,14:46:09,-20.8,
20250513,14:46:09,-20.7,
20250513,14:46:09,-20.6,
20250513,14:46:09,-20.5,
20250513,14:46:10,-20.6,
20250513,14:46:10,-20.8,
20250513,14:46:10,-21.1,
20250513,14:46:11,-21.2,
20250513,14:46:11,-21.3,
20250513,14:46:11,-21.3,
20250513,14:46:11,-21.2,
20250513,14:46:12,-21.3,
20250513,14:46:12,-21.2,
20250513,14:46:12,-21.3,
20250513,14:46:13,-21.2,
20250513,14:46:13,-21.2,
20250513,14:46:13,-20.9,
20250513,14:46:13,-20.7,
20250513,14:46:14,-20.8,
20250513,14:46:14,-21,
20250513,14:46:14,-21.1,
20250513,14:46:14,-21.2,
20250513,14:46:15,-21.4,
20250513,14:46:15,-21.8,
20250513,14:46:15,-21.9,
20250513,14:46:16,-22.2,
20250513,14:46:16,-23.4,
20250513,14:46:16,-23.8,
20250513,14:46:16,-22.6,
20250513,14:46:17,-20.8,
20250513,14:46:17,-19.7,
20250513,14:46:17,-19.1,
20250513,14:46:18,-19,
20250513,14:46:18,-19.1,
20250513,14:46:18,-19.5,
20250513,14:46:18,-20.2,
20250513,14:46:19,-21.1,
20250513,14:46:19,-22.1,
20250513,14:46:19,-23.2,
20250513,14:46:19,-24.1,
20250513,14:46:20,-24.9,
20250513,14:46:20,-25.5,
20250513,14:46:20,-25.9,
20250513,14:46:21,-26.3,
20250513,14:46:21,-26.5,
20250513,14:46:21,-26.8,
20250513,14:46:21,-27,
20250513,14:46:22,-27.2,
20250513,14:46:22,-27.3,
20250513,14:46:22,-27.6,
20250513,14:46:22,-27.7,
20250513,14:46:23,-27.7,
20250513,14:46:23,-27.7,
20250513,14:46:23,-27.7,
20250513,14:46:24,-27.9,
20250513,14:46:24,-27.9,
20250513,14:46:24,-28,
20250513,14:46:24,-27.9,
20250513,14:46:25,-28,
20250513,14:46:25,-28,
20250513,14:46:25,-28,
20250513,14:46:26,-28,
20250513,14:46:26,-28,
20250513,14:46:26,-28.1,
20250513,14:46:26,-28.1,
20250513,14:46:27,-28,
20250513,14:46:27,-28.1,
20250513,14:46:27,-28,
20250513,14:46:28,-28,
20250513,14:46:28,-28,
20250513,14:46:28,-28,
20250513,14:46:28,-28,
20250513,14:46:29,-28,
20250513,14:46:29,-28,
20250513,14:46:29,-28,
20250513,14:46:29,-28,
20250513,14:46:30,-28,
20250513,14:46:30,-28,
20250513,14:46:30,-28,
20250513,14:46:31,-28,
20250513,14:46:31,-28,
20250513,14:46:31,-28,
20250513,14:46:31,-28,
20250513,14:46:32,-28,
20250513,14:46:32,-28.1,
20250513,14:46:32,-28,
20250513,14:46:32,-28,
20250513,14:46:33,-28,
20250513,14:46:33,-28,
20250513,14:46:33,-28,
20250513,14:46:34,-28.2,
20250513,14:46:34,-28.4,
20250513,14:46:34,-28.3,
20250513,14:46:34,-28.7,
20250513,14:46:35,-28.9,
20250513,14:46:35,-29.1,
20250513,14:46:35,-28.9,
20250513,14:46:36,-28.9,
20250513,14:46:36,-29,
20250513,14:46:36,-29.1,
20250513,14:46:36,-29,
20250513,14:46:37,-29.1,
20250513,14:46:37,-28.9,
20250513,14:46:37,-28.8,
20250513,14:46:37,-28.6,
20250513,14:46:38,-28.3,
20250513,14:46:38,-28,
20250513,14:46:38,-27.7,
20250513,14:46:39,-27.6,
20250513,14:46:39,-27.6,
20250513,14:46:39,-27.6,
20250513,14:46:39,-27.7,
20250513,14:46:40,-27.8,
20250513,14:46:40,-27.8,
20250513,14:46:40,-27.8,
20250513,14:46:41,-27.8,
20250513,14:46:41,-27.6,
20250513,14:46:41,-27.5,
20250513,14:46:41,-27.2,
20250513,14:46:42,-26.7,
20250513,14:46:42,-26.3,
20250513,14:46:42,-26.1,
20250513,14:46:42,-25.9,
20250513,14:46:43,-25.7,
20250513,14:46:43,-25.5,
20250513,14:46:43,-25,
20250513,14:46:44,-24.5,
20250513,14:46:44,-24,
20250513,14:46:44,-23.9,
20250513,14:46:44,-24.1,
20250513,14:46:45,-24.3,
20250513,14:46:45,-24.5,
20250513,14:46:45,-24.4,
20250513,14:46:45,-24.3,
20250513,14:46:46,-24.2,
20250513,14:46:46,-24.4,
20250513,14:46:46,-24.5,
20250513,14:46:47,-24.6,
20250513,14:46:47,-24.9,
20250513,14:46:47,-25.2,
20250513,14:46:47,-25.4,
20250513,14:46:48,-25.5,
20250513,14:46:48,-25.5,
20250513,14:46:48,-25.5,
20250513,14:46:49,-25.1,
20250513,14:46:49,-24.6,
20250513,14:46:49,-24.4,
20250513,14:46:49,-24,
20250513,14:46:50,-23.9,
20250513,14:46:50,-24,
20250513,14:46:50,-24.3,
20250513,14:46:50,-24.6,
20250513,14:46:51,-24.7,
20250513,14:46:51,-24.7,
20250513,14:46:51,-24.7,
20250513,14:46:52,-24.6,
20250513,14:46:52,-24.4,
20250513,14:46:52,-24.2,
20250513,14:46:52,-23.8,
20250513,14:46:53,-23.4,
20250513,14:46:53,-23,
20250513,14:46:53,-23.2,
20250513,14:46:54,-23.5,
20250513,14:46:54,-24.2,
20250513,14:46:54,-24.2,
20250513,14:46:54,-22.8,
20250513,14:46:55,-21.2,
20250513,14:46:55,-20.5,
20250513,14:46:55,-20.5,
20250513,14:46:55,-20.8,
20250513,14:46:56,-20.7,
20250513,14:46:56,-20,
20250513,14:46:56,-19.4,
20250513,14:46:57,-19.3,
20250513,14:46:57,-19.7,
20250513,14:46:57,-20.4,
20250513,14:46:57,-21.5,
20250513,14:46:58,-22.3,
20250513,14:46:58,-23.3,
20250513,14:46:58,-23.9,
20250513,14:46:59,-24.6,
20250513,14:46:59,-25,
20250513,14:46:59,-25.3,
20250513,14:46:59,-25.5,
20250513,14:47:00,-25.6,
20250513,14:47:00,-25.7,
20250513,14:47:00,-25.7,
20250513,14:47:00,-25.8,
20250513,14:47:01,-25.9,
20250513,14:47:01,-26,
20250513,14:47:01,-26,
20250513,14:47:02,-25.9,
20250513,14:47:02,-26.1,
20250513,14:47:02,-26.2,
20250513,14:47:02,-26.3,
20250513,14:47:03,-26.3,
20250513,14:47:03,-26.3,
20250513,14:47:03,-26.4,
20250513,14:47:03,-26.4,
20250513,14:47:04,-26.3,
20250513,14:47:04,-26.2,
20250513,14:47:04,-25.8,
20250513,14:47:05,-25.5,
20250513,14:47:05,-25.4,
20250513,14:47:05,-25.3,
20250513,14:47:05,-25.3,
20250513,14:47:06,-25.5,
20250513,14:47:06,-25.7,
20250513,14:47:06,-25.8,
20250513,14:47:07,-26,
20250513,14:47:07,-26.1,
20250513,14:47:07,-26.1,
20250513,14:47:07,-26,
20250513,14:47:08,-25.9,
20250513,14:47:08,-25.9,
20250513,14:47:08,-25.9,
20250513,14:47:08,-25.9,
20250513,14:47:09,-26,
20250513,14:47:09,-26,
20250513,14:47:09,-25.9,
20250513,14:47:10,-25.9,
20250513,14:47:10,-25.5,
20250513,14:47:10,-25.3,
20250513,14:47:10,-24.8,
20250513,14:47:11,-24.6,
20250513,14:47:11,-24.6,
20250513,14:47:11,-24.8,
20250513,14:47:12,-25.1,
20250513,14:47:12,-25.5,
20250513,14:47:12,-25.5,
20250513,14:47:12,-25.6,
20250513,14:47:13,-25.6,
20250513,14:47:13,-25.6,
20250513,14:47:13,-25.6,
20250513,14:47:13,-25.5,
20250513,14:47:14,-25.7,
20250513,14:47:14,-25.7,
20250513,14:47:14,-25.6,
20250513,14:47:15,-25.5,
20250513,14:47:15,-25.5,
20250513,14:47:15,-25.3,
20250513,14:47:15,-25.2,
20250513,14:47:16,-25,
20250513,14:47:16,-24.9,
20250513,14:47:16,-24.9,
20250513,14:47:17,-24.9,
20250513,14:47:17,-24.8,
20250513,14:47:17,-24.9,
20250513,14:47:17,-24.8,
20250513,14:47:18,-24.8,
20250513,14:47:18,-24.8,
20250513,14:47:18,-24.7,
20250513,14:47:18,-24.8,
20250513,14:47:19,-24.8,
20250513,14:47:19,-24.9,
20250513,14:47:19,-24.8,
20250513,14:47:20,-24.8,
20250513,14:47:20,-24.8,
20250513,14:47:20,-24.8,
20250513,14:47:20,-24.9,
20250513,14:47:21,-25,
20250513,14:47:21,-25.1,
20250513,14:47:21,-24.9,
20250513,14:47:21,-24.7,
20250513,14:47:22,-24.6,
20250513,14:47:22,-24.4,
20250513,14:47:22,-24.2,
20250513,14:47:23,-24.1,
20250513,14:47:23,-24,
20250513,14:47:23,-24,
20250513,14:47:23,-24,
20250513,14:47:24,-24,
20250513,14:47:24,-23.9,
20250513,14:47:24,-24,
20250513,14:47:25,-23.9,
20250513,14:47:25,-24,
20250513,14:47:25,-23.9,
20250513,14:47:25,-23.8,
20250513,14:47:26,-23.8,
20250513,14:47:26,-23.7,
20250513,14:47:26,-23.5,
20250513,14:47:26,-23.4,
20250513,14:47:27,-23.3,
20250513,14:47:27,-23.3,
20250513,14:47:27,-23.2,
20250513,14:47:28,-23.2,
20250513,14:47:28,-22.9,
20250513,14:47:28,-22.9,
20250513,14:47:28,-22.7,
20250513,14:47:29,-22.6,
20250513,14:47:29,-22.3,
20250513,14:47:29,-22.1,
20250513,14:47:30,-21.8,
20250513,14:47:30,-21.5,
20250513,14:47:30,-21.3,
20250513,14:47:30,-21.2,
20250513,14:47:31,-21.2,
20250513,14:47:31,-21.1,
20250513,14:47:31,-21.2,
20250513,14:47:31,-21.2,
20250513,14:47:32,-21.2,
20250513,14:47:32,-21.2,
20250513,14:47:32,-21.2,
20250513,14:47:33,-21.1,
20250513,14:47:33,-21.1,
20250513,14:47:33,-21.1,
20250513,14:47:33,-20.9,
20250513,14:47:34,-20.8,
20250513,14:47:34,-20.6,
20250513,14:47:34,-20.5,
20250513,14:47:34,-20.4,
20250513,14:47:35,-20.4,
20250513,14:47:35,-20.5,
20250513,14:47:35,-20.5,
20250513,14:47:36,-20.4,
20250513,14:47:36,-20.4,
20250513,14:47:36,-20.2,
20250513,14:47:36,-19.9,
20250513,14:47:37,-19.9,
20250513,14:47:37,-20,
20250513,14:47:37,-20,
20250513,14:47:38,-20.2,
20250513,14:47:38,-20.3,
20250513,14:47:38,-20.4,
20250513,14:47:38,-20.5,
20250513,14:47:39,-20.5,
20250513,14:47:39,-20.4,
20250513,14:47:39,-20.1,
20250513,14:47:40,-19.6,
20250513,14:47:40,-19.2,
20250513,14:47:40,-18.9,
20250513,14:47:40,-18.7,
20250513,14:47:41,-18.7,
20250513,14:47:41,-18.7,
20250513,14:47:41,-18.7,
20250513,14:47:41,-18.8,
20250513,14:47:42,-18.9,
20250513,14:47:42,-18.9,
20250513,14:47:42,-19,
20250513,14:47:43,-19.1,
20250513,14:47:43,-19.2,
20250513,14:47:43,-19.3,
20250513,14:47:43,-19.2,
20250513,14:47:44,-19,
20250513,14:47:44,-19.1,
20250513,14:47:44,-19.3,
20250513,14:47:44,-19.4,
20250513,14:47:45,-19.4,
20250513,14:47:45,-19.5,
20250513,14:47:45,-19.7,
20250513,14:47:46,-19.9,
20250513,14:47:46,-19.9,
20250513,14:47:46,-20,
20250513,14:47:46,-20,
20250513,14:47:47,-20,
20250513,14:47:47,-20.2,
20250513,14:47:47,-20.2,
20250513,14:47:48,-20.3,
20250513,14:47:48,-20.3,
20250513,14:47:48,-20.4,
20250513,14:47:48,-20.4,
20250513,14:47:49,-20.3,
20250513,14:47:49,-20,
20250513,14:47:49,-20,
20250513,14:47:49,-19.9,
20250513,14:47:50,-19.8,
20250513,14:47:50,-19.9,
20250513,14:47:50,-19.8,
20250513,14:47:51,-19.9,
20250513,14:47:51,-19.9,
20250513,14:47:51,-19.9,
20250513,14:47:51,-19.9,
20250513,14:47:52,-19.7,
20250513,14:47:52,-19.7,
20250513,14:47:52,-19.7,
20250513,14:47:53,-19.6,
20250513,14:47:53,-19.5,
20250513,14:47:53,-19.5,
20250513,14:47:53,-19.4,
20250513,14:47:54,-19.3,
20250513,14:47:54,-19.3,
20250513,14:47:54,-19.3,
20250513,14:47:54,-19.2,
20250513,14:47:55,-19.1,
20250513,14:47:55,-19.1,
20250513,14:47:55,-19.1,
20250513,14:47:56,-18.9,
20250513,14:47:56,-18.9,
20250513,14:47:56,-18.7,
20250513,14:47:56,-18.7,
20250513,14:47:57,-18.6,
20250513,14:47:57,-18.7,
20250513,14:47:57,-18.7,
20250513,14:47:57,-18.7,
20250513,14:47:58,-18.7,
20250513,14:47:58,-18.6,
20250513,14:47:58,-18.4,
20250513,14:47:59,-18.2,
20250513,14:47:59,-18.1,
20250513,14:47:59,-17.6,
20250513,14:47:59,-17.2,
20250513,14:48:00,-17.1,
20250513,14:48:00,-16.9,
20250513,14:48:00,-16.9,
20250513,14:48:01,-16.9,
20250513,14:48:01,-16.9,
20250513,14:48:01,-17,
20250513,14:48:01,-17,
20250513,14:48:02,-16.9,
20250513,14:48:02,-16.9,
20250513,14:48:02,-16.9,
20250513,14:48:02,-16.8,
20250513,14:48:03,-16.9,
20250513,14:48:03,-16.7,
20250513,14:48:03,-16.7,
20250513,14:48:04,-16.6,
20250513,14:48:04,-16.6,
20250513,14:48:04,-16.7,
20250513,14:48:04,-16.4,
20250513,14:48:05,-16.4,
20250513,14:48:05,-16.3,
20250513,14:48:05,-16.2,
20250513,14:48:06,-16.1,
20250513,14:48:06,-16,
20250513,14:48:06,-15.9,
20250513,14:48:06,-15.8,
20250513,14:48:07,-15.7,
20250513,14:48:07,-15.5,
20250513,14:48:07,-15.5,
20250513,14:48:07,-15.8,
20250513,14:48:08,-16.4,
20250513,14:48:08,-16.9,
20250513,14:48:08,-17.1,
20250513,14:48:09,-16.9,
20250513,14:48:09,-16.7,
20250513,14:48:09,-16.7,
20250513,14:48:09,-16.7,
20250513,14:48:10,-16.8,
20250513,14:48:10,-16.8,
20250513,14:48:10,-17,
20250513,14:48:11,-17.2,
20250513,14:48:11,-17.5,
20250513,14:48:11,-17.4,
20250513,14:48:11,-17.5,
20250513,14:48:12,-17.4,
20250513,14:48:12,-17.2,
20250513,14:48:12,-16.8,
20250513,14:48:12,-16.4,
20250513,14:48:13,-16.1,
20250513,14:48:13,-15.9,
20250513,14:48:13,-15.7,
20250513,14:48:14,-15.6,
20250513,14:48:14,-15.7,
20250513,14:48:14,-15.8,
20250513,14:48:14,-16.1,
20250513,14:48:15,-16.4,
20250513,14:48:15,-16.4,
20250513,14:48:15,-16.5,
20250513,14:48:15,-16.4,
20250513,14:48:16,-16.3,
20250513,14:48:16,-16.2,
20250513,14:48:16,-16.3,
20250513,14:48:17,-16.3,
20250513,14:48:17,-16.4,
20250513,14:48:17,-16.3,
20250513,14:48:17,-16.4,
20250513,14:48:18,-16.4,
20250513,14:48:18,-16.3,
20250513,14:48:18,-16,
20250513,14:48:19,-15.7,
20250513,14:48:19,-15.5,
20250513,14:48:19,-15.2,
20250513,14:48:19,-15.1,
20250513,14:48:20,-14.9,
20250513,14:48:20,-15,
20250513,14:48:20,-14.9,
20250513,14:48:21,-15.1,
20250513,14:48:21,-15.1,
20250513,14:48:21,-15.2,
20250513,14:48:21,-15.3,
20250513,14:48:22,-15.5,
20250513,14:48:22,-15.3,
20250513,14:48:22,-15.1,
20250513,14:48:22,-14.9,
20250513,14:48:23,-14.9,
20250513,14:48:23,-15,
20250513,14:48:23,-15,
20250513,14:48:24,-15.2,
20250513,14:48:24,-15.2,
20250513,14:48:24,-15.4,
20250513,14:48:24,-15.6,
20250513,14:48:25,-15.8,
20250513,14:48:25,-15.8,
20250513,14:48:25,-15.4,
20250513,14:48:25,-14.9,
20250513,14:48:26,-14.4,
20250513,14:48:26,-14.1,
20250513,14:48:26,-13.9,
20250513,14:48:27,-14.1,
20250513,14:48:27,-14.3,
20250513,14:48:27,-14.4,
20250513,14:48:27,-14.5,
20250513,14:48:28,-14.6,
20250513,14:48:28,-14.7,
20250513,14:48:28,-14.9,
20250513,14:48:29,-14.8,
20250513,14:48:29,-14.8,
20250513,14:48:29,-15,
20250513,14:48:29,-15.2,
20250513,14:48:30,-15.5,
20250513,14:48:30,-15.3,
20250513,14:48:30,-14.9,
20250513,14:48:30,-14.7,
20250513,14:48:31,-14.7,
20250513,14:48:31,-14.8,
20250513,14:48:31,-15,
20250513,14:48:32,-15.2,
20250513,14:48:32,-15.2,
20250513,14:48:32,-15.2,
20250513,14:48:32,-15.1,
20250513,14:48:33,-15.1,
20250513,14:48:33,-15.2,
20250513,14:48:33,-15.3,
20250513,14:48:34,-15.2,
20250513,14:48:34,-15,
20250513,14:48:34,-14.6,
20250513,14:48:34,-14.6,
20250513,14:48:35,-14.6,
20250513,14:48:35,-14.6,
20250513,14:48:35,-14.5,
20250513,14:48:35,-14.3,
20250513,14:48:36,-13.9,
20250513,14:48:36,-13.7,
20250513,14:48:36,-13.8,
20250513,14:48:37,-13.9,
20250513,14:48:37,-14.2,
20250513,14:48:37,-14.5,
20250513,14:48:37,-14.6,
20250513,14:48:38,-14.6,
20250513,14:48:38,-14.6,
20250513,14:48:38,-14.4,
20250513,14:48:39,-14.4,
20250513,14:48:39,-14.3,
20250513,14:48:39,-14.3,
20250513,14:48:39,-14.4,
20250513,14:48:40,-14.5,
20250513,14:48:40,-14.7,
20250513,14:48:40,-14.8,
20250513,14:48:40,-15,
20250513,14:48:41,-15,
20250513,14:48:41,-15,
20250513,14:48:41,-14.9,
20250513,14:48:42,-14.7,
20250513,14:48:42,-14.6,
20250513,14:48:42,-14.5,
20250513,14:48:42,-14.5,
20250513,14:48:43,-14.5,
20250513,14:48:43,-14.6,
20250513,14:48:43,-14.6,
20250513,14:48:43,-14.5,
20250513,14:48:44,-14.4,
20250513,14:48:44,-14.4,
20250513,14:48:44,-14.4,
20250513,14:48:45,-14.4,
20250513,14:48:45,-14.4,
20250513,14:48:45,-14.2,
20250513,14:48:45,-13.9,
20250513,14:48:46,-13.7,
20250513,14:48:46,-13.5,
20250513,14:48:46,-13.6,
20250513,14:48:47,-13.7,
20250513,14:48:47,-13.9,
20250513,14:48:47,-14.3,
20250513,14:48:47,-14.3,
20250513,14:48:48,-14.4,
20250513,14:48:48,-14.3,
20250513,14:48:48,-14.4,
20250513,14:48:48,-14.3,
20250513,14:48:49,-14.3,
20250513,14:48:49,-14,
20250513,14:48:49,-13.6,
20250513,14:48:50,-13.4,
20250513,14:48:50,-13.3,
20250513,14:48:50,-13.4,
20250513,14:48:50,-13.4,
20250513,14:48:51,-13.5,
20250513,14:48:51,-13.7,
20250513,14:48:51,-13.9,
20250513,14:48:52,-13.9,
20250513,14:48:52,-14.1,
20250513,14:48:52,-14.1,
20250513,14:48:52,-14.3,
20250513,14:48:53,-14.4,
20250513,14:48:53,-14.5,
20250513,14:48:53,-14.6,
20250513,14:48:53,-14.3,
20250513,14:48:54,-13.8,
20250513,14:48:54,-13.4,
20250513,14:48:54,-13.2,
20250513,14:48:55,-13.1,
20250513,14:48:55,-13.1,
20250513,14:48:55,-13.1,
20250513,14:48:55,-13.5,
20250513,14:48:56,-13.7,
20250513,14:48:56,-14.1,
20250513,14:48:56,-14.9,
20250513,14:48:56,-15.5,
20250513,14:48:57,-15.7,
20250513,14:48:57,-15.5,
20250513,14:48:57,-15.3,
20250513,14:48:58,-15.2,
20250513,14:48:58,-15.2,
20250513,14:48:58,-15.2,
20250513,14:48:58,-15.2,
20250513,14:48:59,-15.4,
20250513,14:48:59,-15.4,
20250513,14:48:59,-15.5,
20250513,14:49:00,-15.5,
20250513,14:49:00,-15.5,
20250513,14:49:00,-15.6,
20250513,14:49:00,-15.6,
20250513,14:49:01,-15.6,
20250513,14:49:01,-15.5,
20250513,14:49:01,-15.6,
20250513,14:49:01,-15.5,
20250513,14:49:02,-15.5,
20250513,14:49:02,-15.5,
20250513,14:49:02,-15.5,
20250513,14:49:03,-15.5,
20250513,14:49:03,-15.4,
20250513,14:49:03,-15.4,
20250513,14:49:03,-15.3,
20250513,14:49:04,-15.3,
20250513,14:49:04,-15.3,
20250513,14:49:04,-15.3,
20250513,14:49:05,-15.3,
20250513,14:49:05,-15.3,
20250513,14:49:05,-15.2,
20250513,14:49:05,-15.2,
20250513,14:49:06,-15.2,
20250513,14:49:06,-15.2,
20250513,14:49:06,-15.2,
20250513,14:49:06,-15.1,
20250513,14:49:07,-15.1,
20250513,14:49:07,-15.1,
20250513,14:49:07,-15,
20250513,14:49:08,-15,
20250513,14:49:08,-15,
20250513,14:49:08,-15,
20250513,14:49:08,-15,
20250513,14:49:09,-14.8,
20250513,14:49:09,-14.7,
20250513,14:49:09,-14.6,
20250513,14:49:10,-14.7,
20250513,14:49:10,-14.5,
20250513,14:49:10,-14.5,
20250513,14:49:10,-14.5,
20250513,14:49:11,-14.4,
20250513,14:49:11,-14.4,
20250513,14:49:11,-14.3,
20250513,14:49:11,-14.2,
20250513,14:49:12,-14.2,
20250513,14:49:12,-14.1,
20250513,14:49:12,-14.3,
20250513,14:49:13,-14.2,
20250513,14:49:13,-14.1,
20250513,14:49:13,-14.1,
20250513,14:49:13,-14.1,
20250513,14:49:14,-14,
20250513,14:49:14,-14,
20250513,14:49:14,-13.8,
20250513,14:49:15,-13.8,
20250513,14:49:15,-13.7,
20250513,14:49:15,-13.6,
20250513,14:49:15,-13.5,
20250513,14:49:16,-13.5,
20250513,14:49:16,-13.5,
20250513,14:49:16,-13.4,
20250513,14:49:16,-13.5,
20250513,14:49:17,-13.5,
20250513,14:49:17,-13.3,
20250513,14:49:17,-13.3,
20250513,14:49:18,-13.3,
20250513,14:49:18,-13.2,
20250513,14:49:18,-13.2,
20250513,14:49:18,-13.1,
20250513,14:49:19,-13.2,
20250513,14:49:19,-13.2,
20250513,14:49:19,-13,
20250513,14:49:19,-13,
20250513,14:49:20,-12.8,
20250513,14:49:20,-12.9,
20250513,14:49:20,-13,
20250513,14:49:21,-12.7,
20250513,14:49:21,-12.7,
20250513,14:49:21,-12.7,
20250513,14:49:21,-12.6,
20250513,14:49:22,-12.7,
20250513,14:49:22,-12.5,
20250513,14:49:22,-12.6,
20250513,14:49:23,-12.6,
20250513,14:49:23,-12.4,
20250513,14:49:23,-12.4,
20250513,14:49:23,-12.3,
20250513,14:49:24,-12.2,
20250513,14:49:24,-12.3,
20250513,14:49:24,-12.3,
20250513,14:49:24,-12.2,
20250513,14:49:25,-12.1,
20250513,14:49:25,-12.2,
20250513,14:49:25,-12.1,
20250513,14:49:26,-12.1,
20250513,14:49:26,-12,
20250513,14:49:26,-12,
20250513,14:49:26,-11.8,
20250513,14:49:27,-11.8,
20250513,14:49:27,-11.8,
20250513,14:49:27,-11.7,
20250513,14:49:28,-11.7,
20250513,14:49:28,-11.7,
20250513,14:49:28,-11.7,
20250513,14:49:28,-11.6,
20250513,14:49:29,-11.5,
20250513,14:49:29,-11.5,
20250513,14:49:29,-11.5,
20250513,14:49:29,-11.4,
20250513,14:49:30,-11.4,
20250513,14:49:30,-11.4,
20250513,14:49:30,-11.3,
20250513,14:49:31,-11.2,
20250513,14:49:31,-11,
20250513,14:49:31,-11,
20250513,14:49:31,-11,
20250513,14:49:32,-10.9,
20250513,14:49:32,-10.8,
20250513,14:49:32,-10.9,
20250513,14:49:33,-10.8,
20250513,14:49:33,-10.7,
20250513,14:49:33,-10.7,
20250513,14:49:33,-10.6,
20250513,14:49:34,-10.6,
20250513,14:49:34,-10.5,
20250513,14:49:34,-10.6,
20250513,14:49:34,-10.5,
20250513,14:49:35,-10.5,
20250513,14:49:35,-10.5,
20250513,14:49:35,-10.4,
20250513,14:49:36,-10.3,
20250513,14:49:36,-10.2,
20250513,14:49:36,-10.1,
20250513,14:49:36,-10.1,
20250513,14:49:37,-10.1,
20250513,14:49:37,-10,
20250513,14:49:37,-10,
20250513,14:49:37,-10,
20250513,14:49:38,-9.9,
20250513,14:49:38,-9.8,
20250513,14:49:38,-9.7,
20250513,14:49:39,-9.7,
20250513,14:49:39,-9.6,
20250513,14:49:39,-9.5,
20250513,14:49:39,-9.5,
20250513,14:49:40,-9.5,
20250513,14:49:40,-9.3,
20250513,14:49:40,-9.3,
20250513,14:49:41,-9.3,
20250513,14:49:41,-9.3,
20250513,14:49:41,-9.4,
20250513,14:49:41,-9.3,
20250513,14:49:42,-9.1,
20250513,14:49:42,-9.2,
20250513,14:49:42,-9.1,
20250513,14:49:42,-9.2,
20250513,14:49:43,-9.3,
20250513,14:49:43,-9.4,
20250513,14:49:43,-9.4,
20250513,14:49:44,-9.7,
20250513,14:49:44,-9.8,
20250513,14:49:44,-9.7,
20250513,14:49:44,-9.8,
20250513,14:49:45,-9.8,
20250513,14:49:45,-9.7,
20250513,14:49:45,-9.8,
20250513,14:49:45,-9.7,
20250513,14:49:46,-9.7,
20250513,14:49:46,-9.7,
20250513,14:49:46,-9.8,
20250513,14:49:47,-10,
20250513,14:49:47,-9.9,
20250513,14:49:47,-10.1,
20250513,14:49:47,-10.1,
20250513,14:49:48,-9.9,
20250513,14:49:48,-10,
20250513,14:49:48,-10,
20250513,14:49:49,-10,
20250513,14:49:49,-9.9,
20250513,14:49:49,-10,
20250513,14:49:49,-10,
20250513,14:49:50,-9.9,
20250513,14:49:50,-9.8,
20250513,14:49:50,-9.8,
20250513,14:49:50,-9.7,
20250513,14:49:51,-9.6,
20250513,14:49:51,-9.6,
20250513,14:49:51,-9.5,
20250513,14:49:52,-9.5,
20250513,14:49:52,-9.5,
20250513,14:49:52,-9.4,
20250513,14:49:52,-9.4,
20250513,14:49:53,-9.4,
20250513,14:49:53,-9.3,
20250513,14:49:53,-9.3,
20250513,14:49:53,-9.3,
20250513,14:49:54,-9.3,
20250513,14:49:54,-9.3,
20250513,14:49:54,-9.1,
20250513,14:49:55,-9.1,
20250513,14:49:55,-9.1,
20250513,14:49:55,-9.1,
20250513,14:49:55,-8.9,
20250513,14:49:56,-8.8,
20250513,14:49:56,-8.8,
20250513,14:49:56,-8.8,
20250513,14:49:57,-8.6,
20250513,14:49:57,-8.6,
20250513,14:49:57,-8.5,
20250513,14:49:57,-8.5,
20250513,14:49:58,-8.4,
20250513,14:49:58,-8.4,
20250513,14:49:58,-8.4,
20250513,14:49:58,-8.3,
20250513,14:49:59,-8.3,
20250513,14:49:59,-8.2,
20250513,14:49:59,-8.2,
20250513,14:50:00,-8.2,
20250513,14:50:00,-7.9,
20250513,14:50:00,-8,
20250513,14:50:00,-8.1,
20250513,14:50:01,-8,
20250513,14:50:01,-8,
20250513,14:50:01,-8,
20250513,14:50:02,-7.8,
20250513,14:50:02,-7.8,
20250513,14:50:02,-7.6,
20250513,14:50:02,-7.6,
20250513,14:50:03,-7.6,
20250513,14:50:03,-7.6,
20250513,14:50:03,-7.6,
20250513,14:50:03,-7.6,
20250513,14:50:04,-7.6,
20250513,14:50:04,-7.5,
20250513,14:50:04,-7.4,
20250513,14:50:05,-7.4,
20250513,14:50:05,-7.5,
20250513,14:50:05,-7.4,
20250513,14:50:05,-7.4,
20250513,14:50:06,-7.2,
20250513,14:50:06,-7.2,
20250513,14:50:06,-7.2,
20250513,14:50:06,-7,
20250513,14:50:07,-7.2,
20250513,14:50:07,-7,
20250513,14:50:07,-7,
20250513,14:50:08,-7,
20250513,14:50:08,-7,
20250513,14:50:08,-7,
20250513,14:50:08,-6.8,
20250513,14:50:09,-6.8,
20250513,14:50:09,-6.9,
20250513,14:50:09,-6.8,
20250513,14:50:10,-6.7,
20250513,14:50:10,-6.8,
20250513,14:50:10,-6.8,
20250513,14:50:10,-6.7,
20250513,14:50:11,-6.7,
20250513,14:50:11,-6.7,
20250513,14:50:11,-6.7,
20250513,14:50:11,-6.6,
20250513,14:50:12,-6.7,
20250513,14:50:12,-6.6,
20250513,14:50:12,-6.6,
20250513,14:50:13,-6.6,
20250513,14:50:13,-6.5,
20250513,14:50:13,-6.5,
20250513,14:50:13,-6.4,
20250513,14:50:14,-6.5,
20250513,14:50:14,-6.5,
20250513,14:50:14,-6.5,
20250513,14:50:14,-6.7,
20250513,14:50:15,-6.7,
20250513,14:50:15,-6.7,
20250513,14:50:15,-6.8,
20250513,14:50:16,-6.8,
20250513,14:50:16,-6.8,
20250513,14:50:16,-6.8,
20250513,14:50:16,-6.8,
20250513,14:50:17,-6.8,
20250513,14:50:17,-6.8,
20250513,14:50:17,-6.8,
20250513,14:50:18,-6.7,
20250513,14:50:18,-6.7,
20250513,14:50:18,-6.7,
20250513,14:50:18,-6.7,
20250513,14:50:19,-6.7,
20250513,14:50:19,-6.7,
20250513,14:50:19,-6.7,
20250513,14:50:19,-6.7,
20250513,14:50:20,-6.7,
20250513,14:50:20,-6.7,
20250513,14:50:20,-6.7,
20250513,14:50:21,-6.7,
20250513,14:50:21,-6.7,
20250513,14:50:21,-6.6,
20250513,14:50:21,-6.6,
20250513,14:50:22,-6.7,
20250513,14:50:22,-6.7,
20250513,14:50:22,-6.6,
20250513,14:50:22,-6.6,
20250513,14:50:23,-6.6,
20250513,14:50:23,-6.6,
20250513,14:50:23,-6.6,
20250513,14:50:24,-6.6,
20250513,14:50:24,-6.6,
20250513,14:50:24,-6.5,
20250513,14:50:24,-6.5,
20250513,14:50:25,-6.4,
20250513,14:50:25,-6.4,
20250513,14:50:25,-6.4,
20250513,14:50:26,-6.4,
20250513,14:50:26,-6.4,
20250513,14:50:26,-6.4,
20250513,14:50:26,-6.4,
20250513,14:50:27,-6.4,
20250513,14:50:27,-6.3,
20250513,14:50:27,-6.3,
20250513,14:50:27,-6.5,
20250513,14:50:28,-6.5,
20250513,14:50:28,-6.4,
20250513,14:50:28,-6.4,
20250513,14:50:29,-6.4,
20250513,14:50:29,-6.7,
20250513,14:50:29,-7.5,
20250513,14:50:29,-9.3,
20250513,14:50:30,-11.2,
20250513,14:50:30,-12.6,
20250513,14:50:30,-13.6,
20250513,14:50:30,-14.2,
20250513,14:50:31,-14.8,
20250513,14:50:31,-15.4,
20250513,14:50:31,-15.8,
20250513,14:50:32,-16.4,
20250513,14:50:32,-16.8,
20250513,14:50:32,-17,
20250513,14:50:32,-17.4,
20250513,14:50:33,-17.9,
20250513,14:50:33,-18.4,
20250513,14:50:33,-18.9,
20250513,14:50:34,-19.3,
20250513,14:50:34,-19.6,
20250513,14:50:34,-20,
20250513,14:50:34,-20.5,
20250513,14:50:35,-21.2,
20250513,14:50:35,-21.8,
20250513,14:50:35,-22.3,
20250513,14:50:35,-22.9,
20250513,14:50:36,-23.5,
20250513,14:50:36,-23.9,
20250513,14:50:36,-24.4,
20250513,14:50:37,-24.7,
20250513,14:50:37,-25.3,
20250513,14:50:37,-25.9,
20250513,14:50:37,-26.3,
20250513,14:50:38,-26.4,
20250513,14:50:38,-26.7,
20250513,14:50:38,-27,
20250513,14:50:38,-27,
20250513,14:50:39,-27.1,
20250513,14:50:39,-27.2,
20250513,14:50:39,-27.5,
20250513,14:50:40,-27.7,
20250513,14:50:40,-28,
20250513,14:50:40,-28.2,
20250513,14:50:40,-28.3,
20250513,14:50:41,-28.4,
20250513,14:50:41,-28.6,
20250513,14:50:41,-28.6,
20250513,14:50:42,-28.7,
20250513,14:50:42,-28.8,
20250513,14:50:42,-28.7,
20250513,14:50:42,-28.9,
20250513,14:50:43,-28.8,
20250513,14:50:43,-28.9,
20250513,14:50:43,-28.9,
20250513,14:50:43,-29,
20250513,14:50:44,-29,
20250513,14:50:44,-29,
20250513,14:50:44,-29.1,
20250513,14:50:45,-29,
20250513,14:50:45,-29.1,
20250513,14:50:45,-29.1,
20250513,14:50:45,-29.2,
20250513,14:50:46,-29.1,
20250513,14:50:46,-29.2,
20250513,14:50:46,-29.3,
20250513,14:50:47,-29.2,
20250513,14:50:47,-29.2,
20250513,14:50:47,-29.1,
20250513,14:50:47,-29.2,
20250513,14:50:48,-29.1,
20250513,14:50:48,-29,
20250513,14:50:48,-28.9,
20250513,14:50:48,-28.9,
20250513,14:50:49,-29,
20250513,14:50:49,-29,
20250513,14:50:49,-28.9,
20250513,14:50:50,-28.9,
20250513,14:50:50,-28.7,
20250513,14:50:50,-28.7,
20250513,14:50:50,-28.6,
20250513,14:50:51,-28.5,
20250513,14:50:51,-28.6,
20250513,14:50:51,-28.4,
20250513,14:50:52,-28.3,
20250513,14:50:52,-28.2,
20250513,14:50:52,-28.2,
20250513,14:50:52,-28.1,
20250513,14:50:53,-28,
20250513,14:50:53,-28,
20250513,14:50:53,-27.9,
20250513,14:50:53,-27.7,
20250513,14:50:54,-27.7,
20250513,14:50:54,-27.6,
20250513,14:50:54,-27.6,
20250513,14:50:55,-27.4,
20250513,14:50:55,-27.4,
20250513,14:50:55,-27.4,
20250513,14:50:55,-27.3,
20250513,14:50:56,-27.2,
20250513,14:50:56,-27.1,
20250513,14:50:56,-27.1,
20250513,14:50:57,-27,
20250513,14:50:57,-26.9,
20250513,14:50:57,-26.8,
20250513,14:50:57,-26.7,
20250513,14:50:58,-26.6,
20250513,14:50:58,-26.5,
20250513,14:50:58,-26.4,
20250513,14:50:58,-26.3,
20250513,14:50:59,-26.3,
20250513,14:50:59,-26.2,
20250513,14:50:59,-26,
20250513,14:51:00,-25.9,
20250513,14:51:00,-26,
20250513,14:51:00,-25.9,
20250513,14:51:00,-25.8,
20250513,14:51:01,-25.7,
20250513,14:51:01,-25.7,
20250513,14:51:01,-25.5,
20250513,14:51:01,-25.5,
20250513,14:51:02,-25.4,
20250513,14:51:02,-25.3,
20250513,14:51:02,-25.3,
20250513,14:51:03,-25.1,
20250513,14:51:03,-25.2,
20250513,14:51:03,-25,
20250513,14:51:03,-25.2,
20250513,14:51:04,-25.1,
20250513,14:51:04,-25,
20250513,14:51:04,-25,
20250513,14:51:05,-25,
20250513,14:51:05,-24.9,
20250513,14:51:05,-24.8,
20250513,14:51:05,-24.8,
20250513,14:51:06,-24.8,
20250513,14:51:06,-25.2,
20250513,14:51:06,-25.6,
20250513,14:51:06,-25.9,
20250513,14:51:07,-26,
20250513,14:51:07,-25.9,
20250513,14:51:07,-25.8,
20250513,14:51:08,-25.8,
20250513,14:51:08,-25.7,
20250513,14:51:08,-25.7,
20250513,14:51:08,-25.7,
20250513,14:51:09,-25.6,
20250513,14:51:09,-25.6,
20250513,14:51:09,-25.7,
20250513,14:51:10,-25.7,
20250513,14:51:10,-25.7,
20250513,14:51:10,-25.6,
20250513,14:51:10,-25.6,
20250513,14:51:11,-25.8,
20250513,14:51:11,-25.7,
20250513,14:51:11,-25.7,
20250513,14:51:11,-25.6,
20250513,14:51:12,-25.6,
20250513,14:51:12,-25.5,
20250513,14:51:12,-25.5,
20250513,14:51:13,-25.5,
20250513,14:51:13,-25.4,
20250513,14:51:13,-25.4,
20250513,14:51:13,-25.2,
20250513,14:51:14,-25,
20250513,14:51:14,-24.9,
20250513,14:51:14,-24.9,
20250513,14:51:14,-24.9,
20250513,14:51:15,-25,
20250513,14:51:15,-25.3,
20250513,14:51:15,-25.8,
20250513,14:51:16,-26,
20250513,14:51:16,-25.8,
20250513,14:51:16,-25.7,
20250513,14:51:16,-25.6,
20250513,14:51:17,-25.5,
20250513,14:51:17,-25.6,
20250513,14:51:17,-25.6,
20250513,14:51:18,-25.7,
20250513,14:51:18,-25.9,
20250513,14:51:18,-26.1,
20250513,14:51:18,-26.3,
20250513,14:51:19,-26.9,
20250513,14:51:19,-28,
20250513,14:51:19,-28.7,
20250513,14:51:19,-28.7,
20250513,14:51:20,-28.3,
20250513,14:51:20,-28.1,
20250513,14:51:20,-28.3,
20250513,14:51:21,-28.9,
20250513,14:51:21,-29.6,
20250513,14:51:21,-30.5,
20250513,14:51:21,-31,
20250513,14:51:22,-31.5,
20250513,14:51:22,-31.7,
20250513,14:51:22,-31.9,
20250513,14:51:23,-32,
20250513,14:51:23,-31.9,
20250513,14:51:23,-31.8,
20250513,14:51:23,-31.8,
20250513,14:51:24,-31.7,
20250513,14:51:24,-31.7,
20250513,14:51:24,-31.9,
20250513,14:51:24,-32,
20250513,14:51:25,-32.3,
20250513,14:51:25,-32.4,
20250513,14:51:25,-32.5,
20250513,14:51:26,-32.8,
20250513,14:51:26,-32.7,
20250513,14:51:26,-32.7,
20250513,14:51:26,-32.5,
20250513,14:51:27,-32.4,
20250513,14:51:27,-32.4,
20250513,14:51:27,-32.5,
20250513,14:51:28,-32.5,
20250513,14:51:28,-32.5,
20250513,14:51:28,-32.4,
20250513,14:51:28,-32.5,
20250513,14:51:29,-32.3,
20250513,14:51:29,-32.3,
20250513,14:51:29,-32.2,
20250513,14:51:29,-32.2,
20250513,14:51:30,-32.1,
20250513,14:51:30,-32,
20250513,14:51:30,-31.9,
20250513,14:51:31,-31.9,
20250513,14:51:31,-31.9,
20250513,14:51:31,-31.9,
20250513,14:51:31,-32,
20250513,14:51:32,-32,
20250513,14:51:32,-32,
20250513,14:51:32,-32,
20250513,14:51:32,-32.2,
20250513,14:51:33,-32.3,
20250513,14:51:33,-32.3,
20250513,14:51:33,-31.9,
20250513,14:51:34,-31.4,
20250513,14:51:34,-30.9,
20250513,14:51:34,-30.7,
20250513,14:51:34,-30.6,
20250513,14:51:35,-30.7,
20250513,14:51:35,-30.9,
20250513,14:51:35,-31.1,
20250513,14:51:36,-31.2,
20250513,14:51:36,-31.1,
20250513,14:51:36,-31.1,
20250513,14:51:36,-31.2,
20250513,14:51:37,-31.1,
20250513,14:51:37,-31.1,
20250513,14:51:37,-31.2,
20250513,14:51:38,-31.2,
20250513,14:51:38,-31.1,
20250513,14:51:38,-31,
20250513,14:51:38,-31,
20250513,14:51:39,-31,
20250513,14:51:39,-31,
20250513,14:51:39,-31,
20250513,14:51:39,-30.9,
20250513,14:51:40,-31,
20250513,14:51:40,-30.9,
20250513,14:51:40,-30.9,
20250513,14:51:41,-30.7,
20250513,14:51:41,-30.7,
20250513,14:51:41,-30.6,
20250513,14:51:41,-30.6,
20250513,14:51:42,-30.6,
20250513,14:51:42,-30.5,
20250513,14:51:42,-30.5,
20250513,14:51:42,-30.4,
20250513,14:51:43,-30.4,
20250513,14:51:43,-30.3,
20250513,14:51:43,-30.3,
20250513,14:51:44,-30.2,
20250513,14:51:44,-30.1,
20250513,14:51:44,-30,
20250513,14:51:44,-29.8,
20250513,14:51:45,-29.8,
20250513,14:51:45,-29.7,
20250513,14:51:45,-29.7,
20250513,14:51:46,-29.5,
20250513,14:51:46,-29.3,
20250513,14:51:46,-29.3,
20250513,14:51:46,-29.3,
20250513,14:51:47,-29.2,
20250513,14:51:47,-29.1,
20250513,14:51:47,-29,
20250513,14:51:47,-28.9,
20250513,14:51:48,-28.9,
20250513,14:51:48,-28.9,
20250513,14:51:48,-28.9,
20250513,14:51:49,-28.7,
20250513,14:51:49,-28.7,
20250513,14:51:49,-28.5,
20250513,14:51:49,-28.4,
20250513,14:51:50,-28.5,
20250513,14:51:50,-28.7,
20250513,14:51:50,-28.8,
20250513,14:51:51,-28.5,
20250513,14:51:51,-28.2,
20250513,14:51:51,-28,
20250513,14:51:51,-27.9,
20250513,14:51:52,-27.9,
20250513,14:51:52,-27.9,
20250513,14:51:52,-28,
20250513,14:51:52,-28.1,
20250513,14:51:53,-28.2,
20250513,14:51:53,-28,
20250513,14:51:53,-28,
20250513,14:51:54,-27.8,
20250513,14:51:54,-27.7,
20250513,14:51:54,-27.7,
20250513,14:51:54,-27.6,
20250513,14:51:55,-27.5,
20250513,14:51:55,-27.5,
20250513,14:51:55,-27.4,
20250513,14:51:56,-27.5,
20250513,14:51:56,-27.4,
20250513,14:51:56,-27.4,
20250513,14:51:56,-27.3,
20250513,14:51:57,-27.2,
20250513,14:51:57,-27.2,
20250513,14:51:57,-27,
20250513,14:51:57,-26.9,
20250513,14:51:58,-26.8,
20250513,14:51:58,-26.7,
20250513,14:51:58,-26.8,
20250513,14:51:59,-26.5,
20250513,14:51:59,-26.4,
20250513,14:51:59,-26.3,
20250513,14:51:59,-26.3,
20250513,14:52:00,-26.3,
20250513,14:52:00,-26.2,
20250513,14:52:00,-26.1,
20250513,14:52:00,-26,
20250513,14:52:01,-25.9,
20250513,14:52:01,-25.8,
20250513,14:52:01,-25.7,
20250513,14:52:02,-25.6,
20250513,14:52:02,-25.5,
20250513,14:52:02,-25.5,
20250513,14:52:02,-25.3,
20250513,14:52:03,-25.2,
20250513,14:52:03,-25.1,
20250513,14:52:03,-24.9,
20250513,14:52:04,-24.8,
20250513,14:52:04,-24.7,
20250513,14:52:04,-24.6,
20250513,14:52:04,-24.6,
20250513,14:52:05,-24.4,
20250513,14:52:05,-24.4,
20250513,14:52:05,-24.2,
20250513,14:52:05,-24,
20250513,14:52:06,-24,
20250513,14:52:06,-23.8,
20250513,14:52:06,-23.8,
20250513,14:52:07,-23.6,
20250513,14:52:07,-23.6,
20250513,14:52:07,-23.5,
20250513,14:52:07,-23.4,
20250513,14:52:08,-23.3,
20250513,14:52:08,-23.3,
20250513,14:52:08,-23.1,
20250513,14:52:09,-23,
20250513,14:52:09,-22.8,
20250513,14:52:09,-22.8,
20250513,14:52:09,-22.7,
20250513,14:52:10,-22.5,
20250513,14:52:10,-22.5,
20250513,14:52:10,-22.2,
20250513,14:52:10,-22.1,
20250513,14:52:11,-22.1,
20250513,14:52:11,-22,
20250513,14:52:11,-21.9,
20250513,14:52:12,-21.8,
20250513,14:52:12,-21.8,
20250513,14:52:12,-21.8,
20250513,14:52:12,-22,
20250513,14:52:13,-22.1,
20250513,14:52:13,-22.2,
20250513,14:52:13,-22.6,
20250513,14:52:13,-22.7,
20250513,14:52:14,-22.8,
20250513,14:52:14,-22.8,
20250513,14:52:14,-22.7,
20250513,14:52:15,-22.6,
20250513,14:52:15,-22.4,
20250513,14:52:15,-22.3,
20250513,14:52:15,-22.1,
20250513,14:52:16,-21.9,
20250513,14:52:16,-21.9,
20250513,14:52:16,-21.7,
20250513,14:52:17,-21.6,
20250513,14:52:17,-21.5,
20250513,14:52:17,-21.3,
20250513,14:52:17,-21.3,
20250513,14:52:18,-21.2,
20250513,14:52:18,-21.2,
20250513,14:52:18,-21.1,
20250513,14:52:18,-21,
20250513,14:52:19,-20.8,
20250513,14:52:19,-20.8,
20250513,14:52:19,-20.5,
20250513,14:52:20,-20.4,
20250513,14:52:20,-20.4,
20250513,14:52:20,-20.4,
20250513,14:52:20,-20.4,
20250513,14:52:21,-20.4,
20250513,14:52:21,-20.1,
20250513,14:52:21,-20,
20250513,14:52:22,-19.7,
20250513,14:52:22,-19.6,
20250513,14:52:22,-19.5,
20250513,14:52:22,-19.3,
20250513,14:52:23,-19.4,
20250513,14:52:23,-19.2,
20250513,14:52:23,-19,
20250513,14:52:23,-19.1,
20250513,14:52:24,-19.1,
20250513,14:52:24,-19,
20250513,14:52:24,-18.9,
20250513,14:52:25,-18.9,
20250513,14:52:25,-18.7,
20250513,14:52:25,-18.7,
20250513,14:52:25,-18.7,
20250513,14:52:26,-18.6,
20250513,14:52:26,-18.5,
20250513,14:52:26,-18.3,
20250513,14:52:27,-18.2,
20250513,14:52:27,-18.1,
20250513,14:52:27,-18.1,
20250513,14:52:27,-18,
20250513,14:52:28,-17.8,
20250513,14:52:28,-17.8,
20250513,14:52:28,-17.7,
20250513,14:52:28,-17.6,
20250513,14:52:29,-17.5,
20250513,14:52:29,-17.3,
20250513,14:52:29,-17.3,
20250513,14:52:30,-17.2,
20250513,14:52:30,-17.1,
20250513,14:52:30,-17,
20250513,14:52:30,-17,
20250513,14:52:31,-16.9,
20250513,14:52:31,-16.9,
20250513,14:52:31,-16.7,
20250513,14:52:32,-16.6,
20250513,14:52:32,-16.4,
20250513,14:52:32,-16.5,
20250513,14:52:32,-16.3,
20250513,14:52:33,-16.2,
20250513,14:52:33,-16.1,
20250513,14:52:33,-16.1,
20250513,14:52:33,-16,
20250513,14:52:34,-16,
20250513,14:52:34,-15.9,
20250513,14:52:34,-15.7,
20250513,14:52:35,-15.6,
20250513,14:52:35,-15.6,
20250513,14:52:35,-15.5,
20250513,14:52:35,-15.4,
20250513,14:52:36,-15.3,
20250513,14:52:36,-15.3,
20250513,14:52:36,-15.2,
20250513,14:52:36,-15.2,
20250513,14:52:37,-15.1,
20250513,14:52:37,-14.9,
20250513,14:52:37,-14.8,
20250513,14:52:38,-14.7,
20250513,14:52:38,-15,
20250513,14:52:38,-15.2,
20250513,14:52:38,-15.5,
20250513,14:52:39,-15.5,
20250513,14:52:39,-15.8,
20250513,14:52:39,-15.5,
20250513,14:52:40,-15.6,
20250513,14:52:40,-15.3,
20250513,14:52:40,-15.3,
20250513,14:52:40,-15.3,
20250513,14:52:41,-15.2,
20250513,14:52:41,-15.2,
20250513,14:52:41,-15.6,
20250513,14:52:41,-15.9,
20250513,14:52:42,-16,
20250513,14:52:42,-16.1,
20250513,14:52:42,-16.1,
20250513,14:52:43,-15.9,
20250513,14:52:43,-15.8,
20250513,14:52:43,-15.7,
20250513,14:52:43,-15.7,
20250513,14:52:44,-15.5,
20250513,14:52:44,-15.6,
20250513,14:52:44,-15.6,
20250513,14:52:45,-15.9,
20250513,14:52:45,-16.1,
20250513,14:52:45,-16.1,
20250513,14:52:45,-16.4,
20250513,14:52:46,-16.2,
20250513,14:52:46,-16.2,
20250513,14:52:46,-16.1,
20250513,14:52:46,-16.1,
20250513,14:52:47,-16.3,
20250513,14:52:47,-16.9,
20250513,14:52:47,-17.9,
20250513,14:52:48,-19.1,
20250513,14:52:48,-19.8,
20250513,14:52:48,-20.4,
20250513,14:52:48,-20.8,
20250513,14:52:49,-21.1,
20250513,14:52:49,-21.2,
20250513,14:52:49,-21.4,
20250513,14:52:50,-21.3,
20250513,14:52:50,-21.6,
20250513,14:52:50,-21.6,
20250513,14:52:50,-21.7,
20250513,14:52:51,-21.6,
20250513,14:52:51,-21.6,
20250513,14:52:51,-21.4,
20250513,14:52:51,-21.3,
20250513,14:52:52,-21.2,
20250513,14:52:52,-21.1,
20250513,14:52:52,-21.2,
20250513,14:52:53,-21.2,
20250513,14:52:53,-21.2,
20250513,14:52:53,-21.1,
20250513,14:52:53,-20.9,
20250513,14:52:54,-20.8,
20250513,14:52:54,-20.5,
20250513,14:52:54,-20.4,
20250513,14:52:54,-20.3,
20250513,14:52:55,-20.3,
20250513,14:52:55,-20.4,
20250513,14:52:55,-20.4,
20250513,14:52:56,-20.4,
20250513,14:52:56,-20.4,
20250513,14:52:56,-20.2,
20250513,14:52:56,-20.2,
20250513,14:52:57,-20.1,
20250513,14:52:57,-19.9,
20250513,14:52:57,-19.9,
20250513,14:52:58,-19.8,
20250513,14:52:58,-19.9,
20250513,14:52:58,-20.1,
20250513,14:52:58,-20.4,
20250513,14:52:59,-20.4,
20250513,14:52:59,-20.3,
20250513,14:52:59,-20.1,
20250513,14:52:59,-19.7,
20250513,14:53:00,-19.4,
20250513,14:53:00,-19.2,
20250513,14:53:00,-18.9,
20250513,14:53:01,-18.7,
20250513,14:53:01,-18.5,
20250513,14:53:01,-18.4,
20250513,14:53:01,-18.3,
20250513,14:53:02,-18.3,
20250513,14:53:02,-18.2,
20250513,14:53:02,-18.1,
20250513,14:53:03,-18.2,
20250513,14:53:03,-18.2,
20250513,14:53:03,-18.4,
20250513,14:53:03,-18.4,
20250513,14:53:04,-18.2,
20250513,14:53:04,-18.2,
20250513,14:53:04,-18.2,
20250513,14:53:04,-18,
20250513,14:53:05,-18,
20250513,14:53:05,-18,
20250513,14:53:05,-18,
20250513,14:53:06,-17.9,
20250513,14:53:06,-17.8,
20250513,14:53:06,-17.8,
20250513,14:53:06,-17.7,
20250513,14:53:07,-17.7,
20250513,14:53:07,-17.6,
20250513,14:53:07,-17.5,
20250513,14:53:08,-17.3,
20250513,14:53:08,-17.1,
20250513,14:53:08,-17.2,
20250513,14:53:08,-17,
20250513,14:53:09,-16.9,
20250513,14:53:09,-16.9,
20250513,14:53:09,-16.9,
20250513,14:53:09,-16.8,
20250513,14:53:10,-16.8,
20250513,14:53:10,-16.7,
20250513,14:53:10,-16.5,
20250513,14:53:11,-16.5,
20250513,14:53:11,-16.4,
20250513,14:53:11,-16.3,
20250513,14:53:11,-16.1,
20250513,14:53:12,-16.1,
20250513,14:53:12,-16.1,
20250513,14:53:12,-15.9,
20250513,14:53:12,-16,
20250513,14:53:13,-15.8,
20250513,14:53:13,-15.8,
20250513,14:53:13,-15.7,
20250513,14:53:14,-15.5,
20250513,14:53:14,-15.5,
20250513,14:53:14,-15.2,
20250513,14:53:14,-15.3,
20250513,14:53:15,-15.2,
20250513,14:53:15,-15.1,
20250513,14:53:15,-15.1,
20250513,14:53:16,-15,
20250513,14:53:16,-15,
20250513,14:53:16,-15,
20250513,14:53:16,-14.7,
20250513,14:53:17,-14.7,
20250513,14:53:17,-14.6,
20250513,14:53:17,-14.5,
20250513,14:53:17,-14.5,
20250513,14:53:18,-14.3,
20250513,14:53:18,-14.3,
20250513,14:53:18,-14.2,
20250513,14:53:19,-14.1,
20250513,14:53:19,-14.1,
20250513,14:53:19,-13.9,
20250513,14:53:19,-13.8,
20250513,14:53:20,-13.8,
20250513,14:53:20,-13.7,
20250513,14:53:20,-13.6,
20250513,14:53:21,-13.5,
20250513,14:53:21,-13.5,
20250513,14:53:21,-13.4,
20250513,14:53:21,-13.2,
20250513,14:53:22,-13.3,
20250513,14:53:22,-13.1,
20250513,14:53:22,-13,
20250513,14:53:22,-12.9,
20250513,14:53:23,-12.8,
20250513,14:53:23,-12.8,
20250513,14:53:23,-12.7,
20250513,14:53:24,-12.5,
20250513,14:53:24,-12.5,
20250513,14:53:24,-12.4,
20250513,14:53:24,-12.2,
20250513,14:53:25,-12.2,
20250513,14:53:25,-12.1,
20250513,14:53:25,-12.1,
20250513,14:53:25,-11.9,
20250513,14:53:26,-11.9,
20250513,14:53:26,-11.8,
20250513,14:53:26,-11.8,
20250513,14:53:27,-11.7,
20250513,14:53:27,-11.5,
20250513,14:53:27,-11.5,
20250513,14:53:27,-11.5,
20250513,14:53:28,-11.4,
20250513,14:53:28,-11.2,
20250513,14:53:28,-11,
20250513,14:53:29,-11.1,
20250513,14:53:29,-11,
20250513,14:53:29,-11,
20250513,14:53:29,-11.6,
20250513,14:53:30,-12.1,
20250513,14:53:30,-12.4,
20250513,14:53:30,-12.6,
20250513,14:53:31,-12.4,
20250513,14:53:31,-12.4,
20250513,14:53:31,-12.3,
20250513,14:53:31,-12.2,
20250513,14:53:32,-12.1,
20250513,14:53:32,-12.1,
20250513,14:53:32,-12.1,
20250513,14:53:32,-12.1,
20250513,14:53:33,-12.1,
20250513,14:53:33,-12,
20250513,14:53:33,-12,
20250513,14:53:34,-11.9,
20250513,14:53:34,-11.8,
20250513,14:53:34,-11.8,
20250513,14:53:34,-11.8,
20250513,14:53:35,-11.8,
20250513,14:53:35,-11.7,
20250513,14:53:35,-11.7,
20250513,14:53:35,-11.7,
20250513,14:53:36,-11.6,
20250513,14:53:36,-11.7,
20250513,14:53:36,-11.5,
20250513,14:53:37,-11.6,
20250513,14:53:37,-11.5,
20250513,14:53:37,-11.4,
20250513,14:53:37,-11.4,
20250513,14:53:38,-11.3,
20250513,14:53:38,-11.3,
20250513,14:53:38,-11.2,
20250513,14:53:39,-11.3,
20250513,14:53:39,-11.1,
20250513,14:53:39,-11.1,
20250513,14:53:39,-11.1,
20250513,14:53:40,-11,
20250513,14:53:40,-11,
20250513,14:53:40,-11,
20250513,14:53:40,-10.9,
20250513,14:53:41,-11,
20250513,14:53:41,-10.9,
20250513,14:53:41,-10.8,
20250513,14:53:42,-10.8,
20250513,14:53:42,-10.7,
20250513,14:53:42,-10.9,
20250513,14:53:42,-11,
20250513,14:53:43,-11.1,
20250513,14:53:43,-11.3,
20250513,14:53:43,-11.2,
20250513,14:53:44,-11.3,
20250513,14:53:44,-11.3,
20250513,14:53:44,-11.3,
20250513,14:53:44,-11.3,
20250513,14:53:45,-11.3,
20250513,14:53:45,-11.3,
20250513,14:53:45,-11.2,
20250513,14:53:45,-11.2,
20250513,14:53:46,-11.2,
20250513,14:53:46,-11.1,
20250513,14:53:46,-11.2,
20250513,14:53:47,-11.1,
20250513,14:53:47,-11.2,
20250513,14:53:47,-11.1,
20250513,14:53:47,-11.2,
20250513,14:53:48,-11.2,
20250513,14:53:48,-11.1,
20250513,14:53:48,-11.1,
20250513,14:53:49,-11,
20250513,14:53:49,-11,
20250513,14:53:49,-11,
20250513,14:53:49,-11,
20250513,14:53:50,-10.9,
20250513,14:53:50,-10.8,
20250513,14:53:50,-10.8,
20250513,14:53:50,-10.9,
20250513,14:53:51,-11,
20250513,14:53:51,-10.9,
20250513,14:53:51,-11,
20250513,14:53:52,-10.9,
20250513,14:53:52,-10.9,
20250513,14:53:52,-10.9,
20250513,14:53:52,-10.8,
20250513,14:53:53,-10.8,
20250513,14:53:53,-10.7,
20250513,14:53:53,-10.7,
20250513,14:53:53,-10.7,
20250513,14:53:54,-10.8,
20250513,14:53:54,-10.7,
20250513,14:53:54,-10.8,
20250513,14:53:55,-10.7,
20250513,14:53:55,-10.7,
20250513,14:53:55,-10.7,
20250513,14:53:55,-10.7,
20250513,14:53:56,-10.6,
20250513,14:53:56,-10.7,
20250513,14:53:56,-10.6,
20250513,14:53:57,-10.4,
20250513,14:53:57,-10.4,
20250513,14:53:57,-10.4,
20250513,14:53:57,-10.3,
20250513,14:53:58,-10.3,
20250513,14:53:58,-10.3,
20250513,14:53:58,-10.2,
20250513,14:53:58,-10.2,
20250513,14:53:59,-10.2,
20250513,14:53:59,-10.2,
20250513,14:53:59,-10.1,
20250513,14:54:00,-10.1,
20250513,14:54:00,-10.1,
20250513,14:54:00,-10.1,
20250513,14:54:00,-10.1,
20250513,14:54:01,-10.1,
20250513,14:54:01,-10.1,
20250513,14:54:01,-10.1,
20250513,14:54:02,-10,
20250513,14:54:02,-10,
20250513,14:54:02,-9.9,
20250513,14:54:02,-9.9,
20250513,14:54:03,-10,
20250513,14:54:03,-10.1,
20250513,14:54:03,-10.2,
20250513,14:54:03,-10.1,
20250513,14:54:04,-10.1,
20250513,14:54:04,-10.1,
20250513,14:54:04,-10.2,
20250513,14:54:05,-10.4,
20250513,14:54:05,-10.4,
20250513,14:54:05,-10.5,
20250513,14:54:05,-10.6,
20250513,14:54:06,-10.5,
20250513,14:54:06,-10.5,
20250513,14:54:06,-10.4,
20250513,14:54:06,-10.5,
20250513,14:54:07,-10.5,
20250513,14:54:07,-10.7,
20250513,14:54:07,-10.8,
20250513,14:54:08,-10.9,
20250513,14:54:08,-10.7,
20250513,14:54:08,-10.9,
20250513,14:54:08,-11.3,
20250513,14:54:09,-12.2,
20250513,14:54:09,-13.3,
20250513,14:54:09,-13.9,
20250513,14:54:10,-14.2,
20250513,14:54:10,-14.4,
20250513,14:54:10,-14.7,
20250513,14:54:10,-15.4,
20250513,14:54:11,-15.6,
20250513,14:54:11,-16,
20250513,14:54:11,-16.3,
20250513,14:54:11,-16.6,
20250513,14:54:12,-17.1,
20250513,14:54:12,-17.5,
20250513,14:54:12,-17.6,
20250513,14:54:13,-17.9,
20250513,14:54:13,-18.7,
20250513,14:54:13,-19.5,
20250513,14:54:13,-20.5,
20250513,14:54:14,-21.6,
20250513,14:54:14,-22.1,
20250513,14:54:14,-22.8,
20250513,14:54:15,-23.2,
20250513,14:54:15,-23.6,
20250513,14:54:15,-24,
20250513,14:54:15,-24.6,
20250513,14:54:16,-25.3,
20250513,14:54:16,-25.9,
20250513,14:54:16,-26.2,
20250513,14:54:16,-26.7,
20250513,14:54:17,-26.6,
20250513,14:54:17,-26.7,
20250513,14:54:17,-26.6,
20250513,14:54:18,-26.9,
20250513,14:54:18,-26.7,
20250513,14:54:18,-26.5,
20250513,14:54:18,-26.4,
20250513,14:54:19,-26.6,
20250513,14:54:19,-27.3,
20250513,14:54:19,-27.9,
20250513,14:54:20,-28.1,
20250513,14:54:20,-27.8,
20250513,14:54:20,-27.6,
20250513,14:54:20,-27.5,
20250513,14:54:21,-27.6,
20250513,14:54:21,-28,
20250513,14:54:21,-28.6,
20250513,14:54:21,-29,
20250513,14:54:22,-29.6,
20250513,14:54:22,-29.9,
20250513,14:54:22,-29.8,
20250513,14:54:23,-29.3,
20250513,14:54:23,-28.6,
20250513,14:54:23,-28.3,
20250513,14:54:23,-28.4,
20250513,14:54:24,-28.9,
20250513,14:54:24,-29.4,
20250513,14:54:24,-29.8,
20250513,14:54:24,-30.1,
20250513,14:54:25,-30.3,
20250513,14:54:25,-30.4,
20250513,14:54:25,-30.2,
20250513,14:54:26,-30,
20250513,14:54:26,-29.8,
20250513,14:54:26,-29.5,
20250513,14:54:26,-28.9,
20250513,14:54:27,-28.2,
20250513,14:54:27,-28,
20250513,14:54:27,-28.2,
20250513,14:54:28,-28.7,
20250513,14:54:28,-29.1,
20250513,14:54:28,-29.6,
20250513,14:54:28,-29.9,
20250513,14:54:29,-30.2,
20250513,14:54:29,-30.4,
20250513,14:54:29,-30.6,
20250513,14:54:30,-30.7,
20250513,14:54:30,-30.8,
20250513,14:54:30,-30.9,
20250513,14:54:30,-31,
20250513,14:54:31,-31.1,
20250513,14:54:31,-31,
20250513,14:54:31,-31.1,
20250513,14:54:31,-31.4,
20250513,14:54:32,-31.5,
20250513,14:54:32,-29.2,
20250513,14:54:32,-23.9,
20250513,14:54:33,-20.3,
20250513,14:54:33,-18.6,
20250513,14:54:33,-17.9,
20250513,14:54:33,-18,
20250513,14:54:34,-18.1,
20250513,14:54:34,-17.8,
20250513,14:54:34,-17.5,
20250513,14:54:34,-17.4,
20250513,14:54:35,-17.3,
20250513,14:54:35,-17.2,
20250513,14:54:35,-16.9,
20250513,14:54:36,-16.9,
20250513,14:54:36,-17.2,
20250513,14:54:36,-17.6,
20250513,14:54:36,-18.5,
20250513,14:54:37,-19.5,
20250513,14:54:37,-20.3,
20250513,14:54:37,-21.2,
20250513,14:54:38,-22,
20250513,14:54:38,-22.7,
20250513,14:54:38,-23.3,
20250513,14:54:38,-23.9,
20250513,14:54:39,-24.3,
20250513,14:54:39,-24.6,
20250513,14:54:39,-24.6,
20250513,14:54:39,-24.6,
20250513,14:54:40,-24.3,
20250513,14:54:40,-24.1,
20250513,14:54:40,-24.2,
20250513,14:54:41,-24.3,
20250513,14:54:41,-24.1,
20250513,14:54:41,-24.1,
20250513,14:54:41,-24.1,
20250513,14:54:42,-24.2,
20250513,14:54:42,-24.4,
20250513,14:54:42,-24.6,
20250513,14:54:43,-24.6,
20250513,14:54:43,-24.9,
20250513,14:54:43,-25.3,
20250513,14:54:43,-25.6,
20250513,14:54:44,-26.1,
20250513,14:54:44,-26.3,
20250513,14:54:44,-26.8,
20250513,14:54:45,-27,
20250513,14:54:45,-27.2,
20250513,14:54:45,-27.3,
20250513,14:54:45,-27.5,
20250513,14:54:46,-27.7,
20250513,14:54:46,-28,
20250513,14:54:46,-28.2,
20250513,14:54:46,-28.5,
20250513,14:54:47,-28.2,
20250513,14:54:47,-27.5,
20250513,14:54:47,-26.9,
20250513,14:54:47,-26.4,
20250513,14:54:48,-26.3,
20250513,14:54:48,-26.6,
20250513,14:54:48,-27,
20250513,14:54:49,-27.2,
20250513,14:54:49,-27.1,
20250513,14:54:49,-26.8,
20250513,14:54:49,-26.6,
20250513,14:54:50,-26.5,
20250513,14:54:50,-26.7,
20250513,14:54:50,-27.1,
20250513,14:54:51,-27.5,
20250513,14:54:51,-28,
20250513,14:54:51,-28.4,
20250513,14:54:51,-28.8,
20250513,14:54:52,-29,
20250513,14:54:52,-29.4,
20250513,14:54:52,-29.7,
20250513,14:54:52,-29.8,
20250513,14:54:53,-29.8,
20250513,14:54:53,-29.9,
20250513,14:54:53,-30.1,
20250513,14:54:54,-30.3,
20250513,14:54:54,-30.7,
20250513,14:54:54,-30.9,
20250513,14:54:54,-30.5,
20250513,14:54:55,-30,
20250513,14:54:55,-29.6,
20250513,14:54:55,-29.2,
20250513,14:54:56,-28.9,
20250513,14:54:56,-28.7,
20250513,14:54:56,-28.6,
20250513,14:54:56,-28.5,
20250513,14:54:57,-28.5,
20250513,14:54:57,-28.4,
20250513,14:54:57,-28.3,
20250513,14:54:57,-28.4,
20250513,14:54:58,-28.5,
20250513,14:54:58,-28.7,
20250513,14:54:58,-28.9,
20250513,14:54:59,-29.1,
20250513,14:54:59,-29.5,
20250513,14:54:59,-29.8,
20250513,14:54:59,-30.1,
20250513,14:55:00,-30.3,
20250513,14:55:00,-30.6,
20250513,14:55:00,-30.6,
20250513,14:55:01,-30.8,
20250513,14:55:01,-31.3,
20250513,14:55:01,-31.7,
20250513,14:55:01,-31.7,
20250513,14:55:02,-30,
20250513,14:55:02,-27.3,
20250513,14:55:02,-25.3,
20250513,14:55:02,-24.2,
20250513,14:55:03,-24.1,
20250513,14:55:03,-24.6,
20250513,14:55:03,-25.4,
20250513,14:55:04,-26.2,
20250513,14:55:04,-27.1,
20250513,14:55:04,-27.9,
20250513,14:55:04,-28.7,
20250513,14:55:05,-29.2,
20250513,14:55:05,-29.6,
20250513,14:55:05,-29.9,
20250513,14:55:05,-30.1,
20250513,14:55:06,-29.9,
20250513,14:55:06,-29.1,
20250513,14:55:06,-27.7,
20250513,14:55:07,-25.7,
20250513,14:55:07,-24.2,
20250513,14:55:07,-23.6,
20250513,14:55:07,-23.7,
20250513,14:55:08,-24.2,
20250513,14:55:08,-24.8,
20250513,14:55:08,-25.6,
20250513,14:55:09,-26.5,
20250513,14:55:09,-27.3,
20250513,14:55:09,-28,
20250513,14:55:09,-28.5,
20250513,14:55:10,-28.9,
20250513,14:55:10,-29.2,
20250513,14:55:10,-29.4,
20250513,14:55:11,-29.5,
20250513,14:55:11,-29.2,
20250513,14:55:11,-28.6,
20250513,14:55:11,-27.5,
20250513,14:55:12,-25.5,
20250513,14:55:12,-23,
20250513,14:55:12,-21.2,
20250513,14:55:12,-20,
20250513,14:55:13,-19.5,
20250513,14:55:13,-19.2,
20250513,14:55:13,-19.3,
20250513,14:55:14,-19.4,
20250513,14:55:14,-19.6,
20250513,14:55:14,-20.3,
20250513,14:55:14,-20.9,
20250513,14:55:15,-21.6,
20250513,14:55:15,-22.3,
20250513,14:55:15,-22.7,
20250513,14:55:15,-23,
20250513,14:55:16,-23.4,
20250513,14:55:16,-23.8,
20250513,14:55:16,-24,
20250513,14:55:17,-24.4,
20250513,14:55:17,-24.6,
20250513,14:55:17,-24.6,
20250513,14:55:17,-24.4,
20250513,14:55:18,-24,
20250513,14:55:18,-23.7,
20250513,14:55:18,-23.3,
20250513,14:55:18,-23.2,
20250513,14:55:19,-23.5,
20250513,14:55:19,-23.8,
20250513,14:55:19,-24.3,
20250513,14:55:20,-24.7,
20250513,14:55:20,-25.1,
20250513,14:55:20,-25.4,
20250513,14:55:20,-25.6,
20250513,14:55:21,-25.8,
20250513,14:55:21,-26.1,
20250513,14:55:21,-26.3,
20250513,14:55:22,-26.5,
20250513,14:55:22,-26.5,
20250513,14:55:22,-26.2,
20250513,14:55:22,-25.5,
20250513,14:55:23,-25.2,
20250513,14:55:23,-25,
20250513,14:55:23,-25,
20250513,14:55:24,-25.2,
20250513,14:55:24,-25.5,
20250513,14:55:24,-25.8,
20250513,14:55:24,-26.3,
20250513,14:55:25,-26.8,
20250513,14:55:25,-26.3,
20250513,14:55:25,-25.1,
20250513,14:55:25,-23.6,
20250513,14:55:26,-22.5,
20250513,14:55:26,-22,
20250513,14:55:26,-22,
20250513,14:55:27,-21.8,
20250513,14:55:27,-21.7,
20250513,14:55:27,-21.4,
20250513,14:55:27,-21.2,
20250513,14:55:28,-20.6,
20250513,14:55:28,-20,
20250513,14:55:28,-19.6,
20250513,14:55:28,-19.7,
20250513,14:55:29,-20.2,
20250513,14:55:29,-20.8,
20250513,14:55:29,-21.4,
20250513,14:55:30,-22.1,
20250513,14:55:30,-22.8,
20250513,14:55:30,-23.2,
20250513,14:55:30,-23.6,
20250513,14:55:31,-23.8,
20250513,14:55:31,-23.9,
20250513,14:55:31,-24.2,
20250513,14:55:32,-24.6,
20250513,14:55:32,-25,
20250513,14:55:32,-25.4,
20250513,14:55:32,-25.7,
20250513,14:55:33,-26.1,
20250513,14:55:33,-26.4,
20250513,14:55:33,-26.7,
20250513,14:55:33,-26.9,
20250513,14:55:34,-27.2,
20250513,14:55:34,-27.4,
20250513,14:55:34,-27.6,
20250513,14:55:35,-27.8,
20250513,14:55:35,-27.9,
20250513,14:55:35,-28,
20250513,14:55:35,-28.3,
20250513,14:55:36,-28.5,
20250513,14:55:36,-28.5,
20250513,14:55:36,-28.7,
20250513,14:55:37,-28.5,
20250513,14:55:37,-28.1,
20250513,14:55:37,-27.8,
20250513,14:55:37,-27.5,
20250513,14:55:38,-27.2,
20250513,14:55:38,-27.4,
20250513,14:55:38,-27.5,
20250513,14:55:38,-27.8,
20250513,14:55:39,-28,
20250513,14:55:39,-28.1,
20250513,14:55:39,-28.1,
20250513,14:55:40,-28.3,
20250513,14:55:40,-28.4,
20250513,14:55:40,-28.6,
20250513,14:55:40,-28.8,
20250513,14:55:41,-28.8,
20250513,14:55:41,-29,
20250513,14:55:41,-29.2,
20250513,14:55:42,-29,
20250513,14:55:42,-28.5,
20250513,14:55:42,-27.9,
20250513,14:55:42,-27.4,
20250513,14:55:43,-27.3,
20250513,14:55:43,-27.3,
20250513,14:55:43,-27.5,
20250513,14:55:43,-27.7,
20250513,14:55:44,-27.8,
20250513,14:55:44,-27.9,
20250513,14:55:44,-28,
20250513,14:55:45,-28.1,
20250513,14:55:45,-28.2,
20250513,14:55:45,-28.5,
20250513,14:55:45,-28.6,
20250513,14:55:46,-28.6,
20250513,14:55:46,-28.7,
20250513,14:55:46,-28.8,
20250513,14:55:46,-28.6,
20250513,14:55:47,-28.2,
20250513,14:55:47,-27.9,
20250513,14:55:47,-27.5,
20250513,14:55:48,-27.4,
20250513,14:55:48,-27.7,
20250513,14:55:48,-27.3,
20250513,14:55:48,-24.6,
20250513,14:55:49,-20,
20250513,14:55:49,-16.6,
20250513,14:55:49,-15,
20250513,14:55:50,-14.4,
20250513,14:55:50,-14.3,
20250513,14:55:50,-14.6,
20250513,14:55:50,-15.2,
20250513,14:55:51,-16,
20250513,14:55:51,-16.1,
20250513,14:55:51,-15.6,
20250513,14:55:51,-15.1,
20250513,14:55:52,-14.6,
20250513,14:55:52,-14.5,
20250513,14:55:52,-14.2,
20250513,14:55:53,-13.1,
20250513,14:55:53,-11.5,
20250513,14:55:53,-10.1,
20250513,14:55:53,-9.3,
20250513,14:55:54,-8.9,
20250513,14:55:54,-8.8,
20250513,14:55:54,-8.4,
20250513,14:55:55,-7.6,
20250513,14:55:55,-6.6,
20250513,14:55:55,-5.6,
20250513,14:55:55,-4.6,
20250513,14:55:56,-3.9,
20250513,14:55:56,-3.3,
20250513,14:55:56,-3,
20250513,14:55:56,-3.1,
20250513,14:55:57,-3.3,
20250513,14:55:57,-3.9,
20250513,14:55:57,-4.5,
20250513,14:55:58,-5.2,
20250513,14:55:58,-5.8,
20250513,14:55:58,-6.5,
20250513,14:55:58,-7,
20250513,14:55:59,-7.6,
20250513,14:55:59,-8.1,
20250513,14:55:59,-8.4,
20250513,14:55:59,-8.6,
20250513,14:56:00,-8.8,
20250513,14:56:00,-9.1,
20250513,14:56:00,-9.3,
20250513,14:56:01,-9.6,
20250513,14:56:01,-9.9,
20250513,14:56:01,-10.2,
20250513,14:56:01,-10.6,
20250513,14:56:02,-10.9,
20250513,14:56:02,-11,
20250513,14:56:02,-10.7,
20250513,14:56:03,-10.2,
20250513,14:56:03,-9.3,
20250513,14:56:03,-8,
20250513,14:56:03,-6.6,
20250513,14:56:04,-5.6,
20250513,14:56:04,-5,
20250513,14:56:04,-5,
20250513,14:56:04,-5.4,
20250513,14:56:05,-5.8,
20250513,14:56:05,-6.5,
20250513,14:56:05,-7.1,
20250513,14:56:06,-7.8,
20250513,14:56:06,-8.5,
20250513,14:56:06,-9.2,
20250513,14:56:06,-9.8,
20250513,14:56:07,-10.3,
20250513,14:56:07,-10.9,
20250513,14:56:07,-11.5,
20250513,14:56:07,-12.1,
20250513,14:56:08,-12.7,
20250513,14:56:08,-13.4,
20250513,14:56:08,-13.8,
20250513,14:56:09,-14.4,
20250513,14:56:09,-14.8,
20250513,14:56:09,-15.2,
20250513,14:56:09,-15.7,
20250513,14:56:10,-16.2,
20250513,14:56:10,-17,
20250513,14:56:10,-17.6,
20250513,14:56:11,-17.2,
20250513,14:56:11,-16.1,
20250513,14:56:11,-15.1,
20250513,14:56:11,-14.4,
20250513,14:56:12,-14.3,
20250513,14:56:12,-14.1,
20250513,14:56:12,-14,
20250513,14:56:12,-13.9,
20250513,14:56:13,-14,
20250513,14:56:13,-14.4,
20250513,14:56:13,-14.9,
20250513,14:56:14,-15.5,
20250513,14:56:14,-16.3,
20250513,14:56:14,-17,
20250513,14:56:14,-17.7,
20250513,14:56:15,-18.3,
20250513,14:56:15,-18.7,
20250513,14:56:15,-19.1,
20250513,14:56:16,-19.4,
20250513,14:56:16,-19.5,
20250513,14:56:16,-19.6,
20250513,14:56:16,-19.8,
20250513,14:56:17,-20.1,
20250513,14:56:17,-20.3,
20250513,14:56:17,-20.8,
20250513,14:56:17,-20.8,
20250513,14:56:18,-20.2,
20250513,14:56:18,-19.4,
20250513,14:56:18,-18.7,
20250513,14:56:19,-18,
20250513,14:56:19,-17.4,
20250513,14:56:19,-16.9,
20250513,14:56:19,-16.7,
20250513,14:56:20,-16.8,
20250513,14:56:20,-17.2,
20250513,14:56:20,-17.8,
20250513,14:56:21,-18.4,
20250513,14:56:21,-19,
20250513,14:56:21,-19.6,
20250513,14:56:21,-20.1,
20250513,14:56:22,-20.4,
20250513,14:56:22,-20.8,
20250513,14:56:22,-21.1,
20250513,14:56:22,-21.2,
20250513,14:56:23,-21.3,
20250513,14:56:23,-21.4,
20250513,14:56:23,-21.5,
20250513,14:56:24,-21.6,
20250513,14:56:24,-21.8,
20250513,14:56:24,-21.9,
20250513,14:56:24,-22.1,
20250513,14:56:25,-22.4,
20250513,14:56:25,-22.7,
20250513,14:56:25,-23,
20250513,14:56:25,-23.4,
20250513,14:56:26,-23.7,
20250513,14:56:26,-23.6,
20250513,14:56:26,-23.7,
20250513,14:56:27,-23.7,
20250513,14:56:27,-23.7,
20250513,14:56:27,-23.7,
20250513,14:56:27,-23.8,
20250513,14:56:28,-23.8,
20250513,14:56:28,-23.8,
20250513,14:56:28,-23.9,
20250513,14:56:29,-23.9,
20250513,14:56:29,-23.6,
20250513,14:56:29,-22.7,
20250513,14:56:29,-21.8,
20250513,14:56:30,-21.1,
20250513,14:56:30,-21,
20250513,14:56:30,-21,
20250513,14:56:30,-21,
20250513,14:56:31,-21,
20250513,14:56:31,-21.2,
20250513,14:56:31,-21.4,
20250513,14:56:32,-21.7,
20250513,14:56:32,-21.9,
20250513,14:56:32,-22.1,
20250513,14:56:32,-22.3,
20250513,14:56:33,-22.5,
20250513,14:56:33,-22.7,
20250513,14:56:33,-22.9,
20250513,14:56:34,-23.1,
20250513,14:56:34,-23.3,
20250513,14:56:34,-23.7,
20250513,14:56:34,-23.9,
20250513,14:56:35,-23.9,
20250513,14:56:35,-24.1,
20250513,14:56:35,-24.3,
20250513,14:56:35,-24.3,
20250513,14:56:36,-24.4,
20250513,14:56:36,-24.4,
20250513,14:56:36,-24.4,
20250513,14:56:37,-24.4,
20250513,14:56:37,-24.4,
20250513,14:56:37,-24.5,
20250513,14:56:37,-24.6,
20250513,14:56:38,-24.8,
20250513,14:56:38,-24.9,
20250513,14:56:38,-24.9,
20250513,14:56:38,-24.8,
20250513,14:56:39,-24.8,
20250513,14:56:39,-24.8,
20250513,14:56:39,-24.8,
20250513,14:56:40,-24.8,
20250513,14:56:40,-24.9,
20250513,14:56:40,-25,
20250513,14:56:40,-25.1,
20250513,14:56:41,-25.1,
20250513,14:56:41,-25,
20250513,14:56:41,-25.1,
20250513,14:56:42,-25.2,
20250513,14:56:42,-25.2,
20250513,14:56:42,-25.5,
20250513,14:56:42,-25.5,
20250513,14:56:43,-25.3,
20250513,14:56:43,-24.6,
20250513,14:56:43,-23.5,
20250513,14:56:43,-22.2,
20250513,14:56:44,-21.4,
20250513,14:56:44,-21.2,
20250513,14:56:44,-21.2,
20250513,14:56:45,-21.5,
20250513,14:56:45,-22,
20250513,14:56:45,-22.3,
20250513,14:56:45,-22.3,
20250513,14:56:46,-22.1,
20250513,14:56:46,-21.8,
20250513,14:56:46,-21.8,
20250513,14:56:47,-22,
20250513,14:56:47,-22.3,
20250513,14:56:47,-22.6,
20250513,14:56:47,-23,
20250513,14:56:48,-23.4,
20250513,14:56:48,-23.8,
20250513,14:56:48,-23.8,
20250513,14:56:48,-23.6,
20250513,14:56:49,-23.1,
20250513,14:56:49,-22.7,
20250513,14:56:49,-22.7,
20250513,14:56:50,-22.8,
20250513,14:56:50,-22.9,
20250513,14:56:50,-23.1,
20250513,14:56:50,-23.4,
20250513,14:56:51,-23.7,
20250513,14:56:51,-23.8,
20250513,14:56:51,-24.1,
20250513,14:56:52,-24.3,
20250513,14:56:52,-24.5,
20250513,14:56:52,-24.7,
20250513,14:56:52,-24.9,
20250513,14:56:53,-24.8,
20250513,14:56:53,-24.6,
20250513,14:56:53,-24.3,
20250513,14:56:53,-24.1,
20250513,14:56:54,-24,
20250513,14:56:54,-24,
20250513,14:56:54,-24,
20250513,14:56:55,-24.2,
20250513,14:56:55,-24.3,
20250513,14:56:55,-24.3,
20250513,14:56:55,-23.8,
20250513,14:56:56,-23.4,
20250513,14:56:56,-23.4,
20250513,14:56:56,-23.3,
20250513,14:56:56,-23.8,
20250513,14:56:57,-24.3,
20250513,14:56:57,-24.4,
20250513,14:56:57,-24.6,
20250513,14:56:58,-24.9,
20250513,14:56:58,-25.1,
20250513,14:56:58,-25.1,
20250513,14:56:58,-25.2,
20250513,14:56:59,-25.3,
20250513,14:56:59,-25.5,
20250513,14:56:59,-25.8,
20250513,14:57:00,-25.9,
20250513,14:57:00,-25.8,
20250513,14:57:00,-25.5,
20250513,14:57:00,-25.3,
20250513,14:57:01,-25.2,
20250513,14:57:01,-25.2,
20250513,14:57:01,-25.2,
20250513,14:57:02,-25.3,
20250513,14:57:02,-25.3,
20250513,14:57:02,-25.3,
20250513,14:57:02,-25.4,
20250513,14:57:03,-25.5,
20250513,14:57:03,-25.5,
20250513,14:57:03,-25.7,
20250513,14:57:03,-25.8,
20250513,14:57:04,-25.9,
20250513,14:57:04,-26,
20250513,14:57:04,-26.1,
20250513,14:57:05,-26.3,
20250513,14:57:05,-26.3,
20250513,14:57:05,-26.2,
20250513,14:57:05,-25.9,
20250513,14:57:06,-25.6,
20250513,14:57:06,-25.3,
20250513,14:57:06,-25.2,
20250513,14:57:06,-25.2,
20250513,14:57:07,-25.3,
20250513,14:57:07,-25.5,
20250513,14:57:07,-25.5,
20250513,14:57:08,-25.7,
20250513,14:57:08,-25.8,
20250513,14:57:08,-25.7,
20250513,14:57:08,-25.4,
20250513,14:57:09,-25.1,
20250513,14:57:09,-24.6,
20250513,14:57:09,-24.5,
20250513,14:57:09,-24.5,
20250513,14:57:10,-24.6,
20250513,14:57:10,-24.9,
20250513,14:57:10,-24.8,
20250513,14:57:11,-24.6,
20250513,14:57:11,-24.5,
20250513,14:57:11,-24.6,
20250513,14:57:11,-24.7,
20250513,14:57:12,-24.6,
20250513,14:57:12,-24.4,
20250513,14:57:12,-24.2,
20250513,14:57:13,-24.3,
20250513,14:57:13,-24.3,
20250513,14:57:13,-24.5,
20250513,14:57:13,-24.6,
20250513,14:57:14,-24.8,
20250513,14:57:14,-25,
20250513,14:57:14,-25,
20250513,14:57:15,-25.2,
20250513,14:57:15,-25.2,
20250513,14:57:15,-25.2,
20250513,14:57:15,-25,
20250513,14:57:16,-24.8,
20250513,14:57:16,-24.7,
20250513,14:57:16,-24.8,
20250513,14:57:16,-24.9,
20250513,14:57:17,-25.1,
20250513,14:57:17,-25.2,
20250513,14:57:17,-25.5,
20250513,14:57:18,-25.5,
20250513,14:57:18,-25.7,
20250513,14:57:18,-25.8,
20250513,14:57:18,-26,
20250513,14:57:19,-26.1,
20250513,14:57:19,-26,
20250513,14:57:19,-25.4,
20250513,14:57:19,-24.6,
20250513,14:57:20,-24,
20250513,14:57:20,-23.9,
20250513,14:57:20,-24,
20250513,14:57:21,-24.2,
20250513,14:57:21,-24.4,
20250513,14:57:21,-24.3,
20250513,14:57:21,-24.2,
20250513,14:57:22,-24.2,
20250513,14:57:22,-24.1,
20250513,14:57:22,-24.2,
20250513,14:57:23,-24.4,
20250513,14:57:23,-24.7,
20250513,14:57:23,-25.1,
20250513,14:57:23,-25.3,
20250513,14:57:24,-25.3,
20250513,14:57:24,-25.3,
20250513,14:57:24,-25.2,
20250513,14:57:24,-25.1,
20250513,14:57:25,-25.1,
20250513,14:57:25,-25.1,
20250513,14:57:25,-25.1,
20250513,14:57:26,-25.1,
20250513,14:57:26,-25,
20250513,14:57:26,-24.8,
20250513,14:57:26,-24.8,
20250513,14:57:27,-24.7,
20250513,14:57:27,-24.7,
20250513,14:57:27,-24.8,
20250513,14:57:28,-25,
20250513,14:57:28,-25,
20250513,14:57:28,-25.2,
20250513,14:57:28,-25.3,
20250513,14:57:29,-25.3,
20250513,14:57:29,-25.4,
20250513,14:57:29,-25.4,
20250513,14:57:29,-25.4,
20250513,14:57:30,-25.5,
20250513,14:57:30,-25.3,
20250513,14:57:30,-25.3,
20250513,14:57:31,-25.4,
20250513,14:57:31,-25.4,
20250513,14:57:31,-25.4,
20250513,14:57:31,-25.4,
20250513,14:57:32,-25.4,
20250513,14:57:32,-25.4,
20250513,14:57:32,-25.4,
20250513,14:57:33,-25.4,
20250513,14:57:33,-25.3,
20250513,14:57:33,-25.2,
20250513,14:57:33,-25.3,
20250513,14:57:34,-25.2,
20250513,14:57:34,-25.1,
20250513,14:57:34,-25,
20250513,14:57:34,-24.8,
20250513,14:57:35,-24.8,
20250513,14:57:35,-24.7,
20250513,14:57:35,-24.4,
20250513,14:57:36,-23.9,
20250513,14:57:36,-23.7,
20250513,14:57:36,-23.7,
20250513,14:57:36,-23.8,
20250513,14:57:37,-23.9,
20250513,14:57:37,-23.8,
20250513,14:57:37,-23.9,
20250513,14:57:37,-23.8,
20250513,14:57:38,-23.9,
20250513,14:57:38,-23.8,
20250513,14:57:38,-23.8,
20250513,14:57:39,-24,
20250513,14:57:39,-24.2,
20250513,14:57:39,-24.3,
20250513,14:57:39,-24.2,
20250513,14:57:40,-24.2,
20250513,14:57:40,-24.1,
20250513,14:57:40,-24.2,
20250513,14:57:41,-24.1,
20250513,14:57:41,-24.2,
20250513,14:57:41,-24.1,
20250513,14:57:41,-24.1,
20250513,14:57:42,-24.2,
20250513,14:57:42,-24.3,
20250513,14:57:42,-24.3,
20250513,14:57:42,-24.3,
20250513,14:57:43,-24.2,
20250513,14:57:43,-24.2,
20250513,14:57:43,-24.2,
20250513,14:57:44,-23.8,
20250513,14:57:44,-23.8,
20250513,14:57:44,-23.8,
20250513,14:57:44,-23.7,
20250513,14:57:45,-23.8,
20250513,14:57:45,-24.2,
20250513,14:57:45,-24.3,
20250513,14:57:46,-24.6,
20250513,14:57:46,-24.9,
20250513,14:57:46,-25,
20250513,14:57:46,-24.8,
20250513,14:57:47,-24.5,
20250513,14:57:47,-23.8,
20250513,14:57:47,-23.2,
20250513,14:57:47,-22.3,
20250513,14:57:48,-21.4,
20250513,14:57:48,-20,
20250513,14:57:48,-19.4,
20250513,14:57:49,-19.3,
20250513,14:57:49,-19.4,
20250513,14:57:49,-19.6,
20250513,14:57:49,-19.8,
20250513,14:57:50,-19.9,
20250513,14:57:50,-20.2,
20250513,14:57:50,-20.4,
20250513,14:57:50,-21,
20250513,14:57:51,-21.3,
20250513,14:57:51,-21.5,
20250513,14:57:51,-21.5,
20250513,14:57:52,-21.3,
20250513,14:57:52,-21.3,
20250513,14:57:52,-21.3,
20250513,14:57:52,-21.5,
20250513,14:57:53,-21.8,
20250513,14:57:53,-21.9,
20250513,14:57:53,-22,
20250513,14:57:54,-22.1,
20250513,14:57:54,-22.2,
20250513,14:57:54,-22.2,
20250513,14:57:54,-22.1,
20250513,14:57:55,-22.2,
20250513,14:57:55,-22.1,
20250513,14:57:55,-22.1,
20250513,14:57:55,-22.1,
20250513,14:57:56,-22,
20250513,14:57:56,-22,
20250513,14:57:56,-21.9,
20250513,14:57:57,-22.1,
20250513,14:57:57,-22.5,
20250513,14:57:57,-22.5,
20250513,14:57:57,-22.4,
20250513,14:57:58,-22.1,
20250513,14:57:58,-21.9,
20250513,14:57:58,-21.8,
20250513,14:57:59,-21.8,
20250513,14:57:59,-21.9,
20250513,14:57:59,-22.1,
20250513,14:57:59,-22.2,
20250513,14:58:00,-22.3,
20250513,14:58:00,-22.5,
20250513,14:58:00,-22.7,
20250513,14:58:00,-22.7,
20250513,14:58:01,-22.9,
20250513,14:58:01,-22.9,
20250513,14:58:01,-22.9,
20250513,14:58:02,-23,
20250513,14:58:02,-23.1,
20250513,14:58:02,-23.1,
20250513,14:58:02,-23.2,
20250513,14:58:03,-23.3,
20250513,14:58:03,-23.4,
20250513,14:58:03,-23.4,
20250513,14:58:04,-23.5,
20250513,14:58:04,-23.6,
20250513,14:58:04,-23.7,
20250513,14:58:04,-23.6,
20250513,14:58:05,-23.7,
20250513,14:58:05,-23.8,
20250513,14:58:05,-24.3,
20250513,14:58:05,-24.8,
20250513,14:58:06,-24.7,
20250513,14:58:06,-23.8,
20250513,14:58:06,-22,
20250513,14:58:07,-19.4,
20250513,14:58:07,-17.3,
20250513,14:58:07,-16.1,
20250513,14:58:07,-15.3,
20250513,14:58:08,-14.8,
20250513,14:58:08,-14.8,
20250513,14:58:08,-15.3,
20250513,14:58:09,-16.1,
20250513,14:58:09,-16.9,
20250513,14:58:09,-17.8,
20250513,14:58:09,-18.5,
20250513,14:58:10,-19.1,
20250513,14:58:10,-19.8,
20250513,14:58:10,-20.3,
20250513,14:58:10,-20.7,
20250513,14:58:11,-21,
20250513,14:58:11,-21.2,
20250513,14:58:11,-21.4,
20250513,14:58:12,-21.7,
20250513,14:58:12,-22,
20250513,14:58:12,-22,
20250513,14:58:12,-22.2,
20250513,14:58:13,-22.4,
20250513,14:58:13,-22.5,
20250513,14:58:13,-22.8,
20250513,14:58:14,-22.9,
20250513,14:58:14,-22.9,
20250513,14:58:14,-22.9,
20250513,14:58:14,-23,
20250513,14:58:15,-23.1,
20250513,14:58:15,-23,
20250513,14:58:15,-23.1,
20250513,14:58:15,-23.1,
20250513,14:58:16,-23.2,
20250513,14:58:16,-23.3,
20250513,14:58:16,-23.4,
20250513,14:58:17,-23.6,
20250513,14:58:17,-23.7,
20250513,14:58:17,-23.7,
20250513,14:58:17,-23.8,
20250513,14:58:18,-23.8,
20250513,14:58:18,-23.8,
20250513,14:58:18,-23.8,
20250513,14:58:18,-23.8,
20250513,14:58:19,-23.9,
20250513,14:58:19,-23.9,
20250513,14:58:19,-24,
20250513,14:58:20,-24,
20250513,14:58:20,-24,
20250513,14:58:20,-24.1,
20250513,14:58:20,-24.2,
20250513,14:58:21,-24.3,
20250513,14:58:21,-24.3,
20250513,14:58:21,-24.4,
20250513,14:58:22,-24.3,
20250513,14:58:22,-24.3,
20250513,14:58:22,-24.4,
20250513,14:58:22,-24.3,
20250513,14:58:23,-24.4,
20250513,14:58:23,-24.3,
20250513,14:58:23,-24.5,
20250513,14:58:23,-24.5,
20250513,14:58:24,-24.5,
20250513,14:58:24,-24.4,
20250513,14:58:24,-24.3,
20250513,14:58:25,-24.3,
20250513,14:58:25,-24.1,
20250513,14:58:25,-24.1,
20250513,14:58:25,-24.2,
20250513,14:58:26,-24.1,
20250513,14:58:26,-24.2,
20250513,14:58:26,-24.2,
20250513,14:58:27,-24.1,
20250513,14:58:27,-24.2,
20250513,14:58:27,-24.2,
20250513,14:58:27,-24.1,
20250513,14:58:28,-24.1,
20250513,14:58:28,-24.3,
20250513,14:58:28,-24.2,
20250513,14:58:28,-24.3,
20250513,14:58:29,-24.4,
20250513,14:58:29,-24.4,
20250513,14:58:29,-24.3,
20250513,14:58:30,-24.4,
20250513,14:58:30,-24.5,
20250513,14:58:30,-24.4,
20250513,14:58:30,-24.5,
20250513,14:58:31,-24.5,
20250513,14:58:31,-24.6,
20250513,14:58:31,-24.3,
20250513,14:58:31,-24.3,
20250513,14:58:32,-24.3,
20250513,14:58:32,-24.6,
20250513,14:58:32,-24.6,
20250513,14:58:33,-24.7,
20250513,14:58:33,-24.6,
20250513,14:58:33,-24.5,
20250513,14:58:33,-24.5,
20250513,14:58:34,-24.6,
20250513,14:58:34,-24.6,
20250513,14:58:34,-24.6,
20250513,14:58:35,-24.6,
20250513,14:58:35,-24.6,
20250513,14:58:35,-24.6,
20250513,14:58:35,-24.6,
20250513,14:58:36,-24.5,
20250513,14:58:36,-24.4,
20250513,14:58:36,-24.4,
20250513,14:58:36,-24.4,
20250513,14:58:37,-24.3,
20250513,14:58:37,-24.4,
20250513,14:58:37,-24.7,
20250513,14:58:38,-24.9,
20250513,14:58:38,-25.3,
20250513,14:58:38,-25.1,
20250513,14:58:38,-24.6,
20250513,14:58:39,-24.4,
20250513,14:58:39,-24.4,
20250513,14:58:39,-24.4,
20250513,14:58:40,-24.3,
20250513,14:58:40,-24.5,
20250513,14:58:40,-24.6,
20250513,14:58:40,-24.7,
20250513,14:58:41,-24.7,
20250513,14:58:41,-24.6,
20250513,14:58:41,-24.6,
20250513,14:58:41,-24.6,
20250513,14:58:42,-24.7,
20250513,14:58:42,-24.7,
20250513,14:58:42,-24.7,
20250513,14:58:43,-24.9,
20250513,14:58:43,-24.8,
20250513,14:58:43,-25,
20250513,14:58:43,-24.9,
20250513,14:58:44,-24.9,
20250513,14:58:44,-25.2,
20250513,14:58:44,-25,
20250513,14:58:45,-25.1,
20250513,14:58:45,-25.1,
20250513,14:58:45,-25.3,
20250513,14:58:45,-25.2,
20250513,14:58:46,-25.2,
20250513,14:58:46,-24.9,
20250513,14:58:46,-24.9,
20250513,14:58:46,-24.6,
20250513,14:58:47,-24.6,
20250513,14:58:47,-24.6,
20250513,14:58:47,-24.9,
20250513,14:58:48,-24.6,
20250513,14:58:48,-24.7,
20250513,14:58:48,-24.7,
20250513,14:58:48,-24.8,
20250513,14:58:49,-24.7,
20250513,14:58:49,-24.1,
20250513,14:58:49,-23.8,
20250513,14:58:49,-23.4,
20250513,14:58:50,-23.2,
20250513,14:58:50,-23.3,
20250513,14:58:50,-23.5,
20250513,14:58:51,-23.8,
20250513,14:58:51,-23.9,
20250513,14:58:51,-23.9,
20250513,14:58:51,-24.1,
20250513,14:58:52,-24,
20250513,14:58:52,-24.3,
20250513,14:58:52,-24.3,
20250513,14:58:53,-24.5,
20250513,14:58:53,-24.6,
20250513,14:58:53,-24.6,
20250513,14:58:53,-24.7,
20250513,14:58:54,-24.6,
20250513,14:58:54,-24.9,
20250513,14:58:54,-25.1,
20250513,14:58:55,-25,
20250513,14:58:55,-25.3,
20250513,14:58:55,-25.3,
20250513,14:58:55,-25.3,
20250513,14:58:56,-25.3,
20250513,14:58:56,-25.2,
20250513,14:58:56,-25.3,
20250513,14:58:56,-25.2,
20250513,14:58:57,-25.3,
20250513,14:58:57,-25.2,
20250513,14:58:57,-25.2,
20250513,14:58:58,-25.3,
20250513,14:58:58,-25.3,
20250513,14:58:58,-25.4,
20250513,14:58:58,-25.7,
20250513,14:58:59,-25.9,
20250513,14:58:59,-25.9,
20250513,14:58:59,-26.2,
20250513,14:58:59,-25.9,
20250513,14:59:00,-25.5,
20250513,14:59:00,-25.5,
20250513,14:59:00,-25.5,
20250513,14:59:01,-25.4,
20250513,14:59:01,-25.5,
20250513,14:59:01,-25.5,
20250513,14:59:01,-25.5,
20250513,14:59:02,-25.5,
20250513,14:59:02,-25.4,
20250513,14:59:02,-25.4,
20250513,14:59:03,-25.5,
20250513,14:59:03,-25.5,
20250513,14:59:03,-25.4,
20250513,14:59:03,-25.3,
20250513,14:59:04,-25.4,
20250513,14:59:04,-25.4,
20250513,14:59:04,-25.5,
20250513,14:59:04,-25.5,
20250513,14:59:05,-25.2,
20250513,14:59:05,-25.2,
20250513,14:59:05,-25.3,
20250513,14:59:06,-25.4,
20250513,14:59:06,-26.1,
20250513,14:59:06,-26.6,
20250513,14:59:06,-26.6,
20250513,14:59:07,-25.1,
20250513,14:59:07,-23.2,
20250513,14:59:07,-21.8,
20250513,14:59:08,-21.6,
20250513,14:59:08,-21.8,
20250513,14:59:08,-22.1,
20250513,14:59:08,-22.8,
20250513,14:59:09,-23,
20250513,14:59:09,-23.2,
20250513,14:59:09,-23.3,
20250513,14:59:09,-23.4,
20250513,14:59:10,-23.5,
20250513,14:59:10,-23.7,
20250513,14:59:10,-24.1,
20250513,14:59:11,-24.3,
20250513,14:59:11,-24.6,
20250513,14:59:11,-24.7,
20250513,14:59:11,-24.9,
20250513,14:59:12,-25,
20250513,14:59:12,-24.9,
20250513,14:59:12,-25,
20250513,14:59:12,-25.1,
20250513,14:59:13,-25.2,
20250513,14:59:13,-25.3,
20250513,14:59:13,-25.3,
20250513,14:59:14,-25.5,
20250513,14:59:14,-25.3,
20250513,14:59:14,-25.3,
20250513,14:59:14,-25.3,
20250513,14:59:15,-25.3,
20250513,14:59:15,-25.5,
20250513,14:59:15,-25.5,
20250513,14:59:16,-25.6,
20250513,14:59:16,-25.6,
20250513,14:59:16,-25.7,
20250513,14:59:16,-25.8,
20250513,14:59:17,-25.7,
20250513,14:59:17,-25.8,
20250513,14:59:17,-25.7,
20250513,14:59:17,-25.8,
20250513,14:59:18,-26,
20250513,14:59:18,-26.4,
20250513,14:59:18,-26.3,
20250513,14:59:19,-26.5,
20250513,14:59:19,-26.5,
20250513,14:59:19,-26.4,
20250513,14:59:19,-26.5,
20250513,14:59:20,-26.3,
20250513,14:59:20,-26.3,
20250513,14:59:20,-26.4,
20250513,14:59:21,-26.3,
20250513,14:59:21,-26.4,
20250513,14:59:21,-26.6,
20250513,14:59:21,-26.6,
20250513,14:59:22,-26.4,
20250513,14:59:22,-26.6,
20250513,14:59:22,-26.6,
20250513,14:59:22,-26.6,
20250513,14:59:23,-26.7,
20250513,14:59:23,-26.6,
20250513,14:59:23,-26.7,
20250513,14:59:24,-26.5,
20250513,14:59:24,-26.6,
20250513,14:59:24,-27.1,
20250513,14:59:24,-27.2,
20250513,14:59:25,-27.3,
20250513,14:59:25,-27,
20250513,14:59:25,-26.5,
20250513,14:59:26,-25.7,
20250513,14:59:26,-24.9,
20250513,14:59:26,-23.9,
20250513,14:59:26,-23.3,
20250513,14:59:27,-23.3,
20250513,14:59:27,-23.2,
20250513,14:59:27,-23.5,
20250513,14:59:27,-23.9,
20250513,14:59:28,-24.4,
20250513,14:59:28,-24.5,
20250513,14:59:28,-24.5,
20250513,14:59:29,-24.3,
20250513,14:59:29,-24.1,
20250513,14:59:29,-24.1,
20250513,14:59:29,-24,
20250513,14:59:30,-23.8,
20250513,14:59:30,-23.3,
20250513,14:59:30,-23.5,
20250513,14:59:30,-23.7,
20250513,14:59:31,-23.9,
20250513,14:59:31,-24,
20250513,14:59:31,-24.2,
20250513,14:59:32,-24.5,
20250513,14:59:32,-24.6,
20250513,14:59:32,-24.8,
20250513,14:59:32,-25,
20250513,14:59:33,-25,
20250513,14:59:33,-25.3,
20250513,14:59:33,-25.5,
20250513,14:59:34,-25.5,
20250513,14:59:34,-25.5,
20250513,14:59:34,-25.6,
20250513,14:59:34,-25.7,
20250513,14:59:35,-25.9,
20250513,14:59:35,-25.9,
20250513,14:59:35,-25.9,
20250513,14:59:35,-26,
20250513,14:59:36,-26.1,
20250513,14:59:36,-26.1,
20250513,14:59:36,-26.2,
20250513,14:59:37,-26.2,
20250513,14:59:37,-26.3,
20250513,14:59:37,-26.2,
20250513,14:59:37,-26,
20250513,14:59:38,-25.9,
20250513,14:59:38,-25.5,
20250513,14:59:38,-25.2,
20250513,14:59:39,-24.8,
20250513,14:59:39,-24.6,
20250513,14:59:39,-24.4,
20250513,14:59:39,-24.5,
20250513,14:59:40,-24.6,
20250513,14:59:40,-24.7,
20250513,14:59:40,-24.8,
20250513,14:59:40,-24.9,
20250513,14:59:41,-24.9,
20250513,14:59:41,-25,
20250513,14:59:41,-25.1,
20250513,14:59:42,-25.1,
20250513,14:59:42,-25.2,
20250513,14:59:42,-24.6,
20250513,14:59:42,-24.6,
20250513,14:59:43,-24.6,
20250513,14:59:43,-24.5,
20250513,14:59:43,-24.6,
20250513,14:59:44,-24.5,
20250513,14:59:44,-24.3,
20250513,14:59:44,-24.4,
20250513,14:59:44,-24.4,
20250513,14:59:45,-24.3,
20250513,14:59:45,-24.3,
20250513,14:59:45,-24.2,
20250513,14:59:45,-24.1,
20250513,14:59:46,-24.2,
20250513,14:59:46,-24.3,
20250513,14:59:46,-24.3,
20250513,14:59:47,-24.3,
20250513,14:59:47,-24.4,
20250513,14:59:47,-24.3,
20250513,14:59:47,-24.4,
20250513,14:59:48,-24.4,
20250513,14:59:48,-24.2,
20250513,14:59:48,-24.3,
20250513,14:59:48,-24.3,
20250513,14:59:49,-24.2,
20250513,14:59:49,-24.3,
20250513,14:59:49,-24.2,
20250513,14:59:50,-24,
20250513,14:59:50,-23.8,
20250513,14:59:50,-23.8,
20250513,14:59:50,-23.7,
20250513,14:59:51,-23.8,
20250513,14:59:51,-23.8,
20250513,14:59:51,-23.7,
20250513,14:59:52,-23.5,
20250513,14:59:52,-23.5,
20250513,14:59:52,-23.4,
20250513,14:59:52,-23.2,
20250513,14:59:53,-23.4,
20250513,14:59:53,-23.3,
20250513,14:59:53,-23.6,
20250513,14:59:53,-23.5,
20250513,14:59:54,-23.6,
20250513,14:59:54,-23.6,
20250513,14:59:54,-23.8,
20250513,14:59:55,-24.3,
20250513,14:59:55,-24.4,
20250513,14:59:55,-24.4,
20250513,14:59:55,-24.4,
20250513,14:59:56,-24.1,
20250513,14:59:56,-24,
20250513,14:59:56,-23.8,
20250513,14:59:57,-23.8,
20250513,14:59:57,-23.8,
20250513,14:59:57,-23.8,
20250513,14:59:57,-23.5,
20250513,14:59:58,-23.2,
20250513,14:59:58,-22.8,
20250513,14:59:58,-22.9,
20250513,14:59:58,-22.9,
20250513,14:59:59,-23.2,
20250513,14:59:59,-23.3,
20250513,14:59:59,-23.4,
20250513,15:00:00,-23.4,
20250513,15:00:00,-23.6,
20250513,15:00:00,-23.8,
20250513,15:00:00,-23.8,
20250513,15:00:01,-24,
20250513,15:00:01,-24.1,
20250513,15:00:01,-24.2,
20250513,15:00:01,-24.2,
20250513,15:00:02,-24.2,
20250513,15:00:02,-24.1,
20250513,15:00:02,-24.1,
20250513,15:00:03,-24,
20250513,15:00:03,-24,
20250513,15:00:03,-23.8,
20250513,15:00:03,-23.7,
20250513,15:00:04,-23.3,
20250513,15:00:04,-22.9,
20250513,15:00:04,-22.6,
20250513,15:00:05,-22.6,
20250513,15:00:05,-22.6,
20250513,15:00:05,-22.8,
20250513,15:00:05,-22.9,
20250513,15:00:06,-22.9,
20250513,15:00:06,-22.9,
20250513,15:00:06,-23,
20250513,15:00:07,-23.1,
20250513,15:00:07,-23.2,
20250513,15:00:07,-23.2,
20250513,15:00:07,-23.1,
20250513,15:00:08,-22.8,
20250513,15:00:08,-22.5,
20250513,15:00:08,-22.3,
20250513,15:00:08,-22.1,
20250513,15:00:09,-22.1,
20250513,15:00:09,-22.3,
20250513,15:00:09,-22.4,
20250513,15:00:10,-22.4,
20250513,15:00:10,-22.6,
20250513,15:00:10,-22.7,
20250513,15:00:10,-22.8,
20250513,15:00:11,-22.7,
20250513,15:00:11,-22.4,
20250513,15:00:11,-22.1,
20250513,15:00:11,-21.9,
20250513,15:00:12,-21.8,
20250513,15:00:12,-21.9,
20250513,15:00:12,-22.1,
20250513,15:00:13,-22.2,
20250513,15:00:13,-22.3,
20250513,15:00:13,-22.4,
20250513,15:00:13,-22.5,
20250513,15:00:14,-22.6,
20250513,15:00:14,-22.6,
20250513,15:00:14,-22.5,
20250513,15:00:15,-22.7,
20250513,15:00:15,-22.9,
20250513,15:00:15,-22.9,
20250513,15:00:15,-22.8,
20250513,15:00:16,-22.7,
20250513,15:00:16,-22.7,
20250513,15:00:16,-22.7,
20250513,15:00:16,-22.7,
20250513,15:00:17,-22.7,
20250513,15:00:17,-22.6,
20250513,15:00:17,-22.6,
20250513,15:00:18,-22.6,
20250513,15:00:18,-22.6,
20250513,15:00:18,-22.5,
20250513,15:00:18,-22.4,
20250513,15:00:19,-22.4,
20250513,15:00:19,-22.3,
20250513,15:00:19,-22.2,
20250513,15:00:20,-22.1,
20250513,15:00:20,-22.2,
20250513,15:00:20,-22.1,
20250513,15:00:20,-22.1,
20250513,15:00:21,-22.1,
20250513,15:00:21,-22.1,
20250513,15:00:21,-22.1,
20250513,15:00:21,-22.1,
20250513,15:00:22,-22.1,
20250513,15:00:22,-22.1,
20250513,15:00:22,-22.1,
20250513,15:00:23,-22.1,
20250513,15:00:23,-22.1,
20250513,15:00:23,-22.1,
20250513,15:00:23,-22.1,
20250513,15:00:24,-22.1,
20250513,15:00:24,-22,
20250513,15:00:24,-22,
20250513,15:00:25,-22,
20250513,15:00:25,-22,
20250513,15:00:25,-21.9,
20250513,15:00:25,-21.7,
20250513,15:00:26,-21.4,
20250513,15:00:26,-21.3,
20250513,15:00:26,-21.2,
20250513,15:00:26,-21.1,
20250513,15:00:27,-21.1,
20250513,15:00:27,-21.1,
20250513,15:00:27,-20.9,
20250513,15:00:28,-21,
20250513,15:00:28,-21,
20250513,15:00:28,-21,
20250513,15:00:28,-21,
20250513,15:00:29,-21.1,
20250513,15:00:29,-20.7,
20250513,15:00:29,-20.4,
20250513,15:00:29,-20.2,
20250513,15:00:30,-20,
20250513,15:00:30,-19.9,
20250513,15:00:30,-19.9,
20250513,15:00:31,-20,
20250513,15:00:31,-20.1,
20250513,15:00:31,-20.4,
20250513,15:00:31,-20.4,
20250513,15:00:32,-20.4,
20250513,15:00:32,-20.4,
20250513,15:00:32,-20.2,
20250513,15:00:33,-19.8,
20250513,15:00:33,-19.3,
20250513,15:00:33,-19.2,
20250513,15:00:33,-19,
20250513,15:00:34,-19,
20250513,15:00:34,-19.1,
20250513,15:00:34,-19.2,
20250513,15:00:34,-19.4,
20250513,15:00:35,-19.5,
20250513,15:00:35,-19.5,
20250513,15:00:35,-19.5,
20250513,15:00:36,-19.5,
20250513,15:00:36,-19.5,
20250513,15:00:36,-19.5,
20250513,15:00:36,-19.5,
20250513,15:00:37,-19.6,
20250513,15:00:37,-19.7,
20250513,15:00:37,-19.7,
20250513,15:00:38,-19.7,
20250513,15:00:38,-19.7,
20250513,15:00:38,-19.6,
20250513,15:00:38,-19.5,
20250513,15:00:39,-19.6,
20250513,15:00:39,-19.6,
20250513,15:00:39,-19.5,
20250513,15:00:39,-19.5,
20250513,15:00:40,-19.5,
20250513,15:00:40,-19.4,
20250513,15:00:40,-19.4,
20250513,15:00:41,-19.4,
20250513,15:00:41,-19.3,
20250513,15:00:41,-19.3,
20250513,15:00:41,-19.3,
20250513,15:00:42,-19.4,
20250513,15:00:42,-19.3,
20250513,15:00:42,-19.3,
20250513,15:00:42,-19.3,
20250513,15:00:43,-19.3,
20250513,15:00:43,-19.3,
20250513,15:00:43,-19.3,
20250513,15:00:44,-19.3,
20250513,15:00:44,-19.2,
20250513,15:00:44,-19.2,
20250513,15:00:44,-19.1,
20250513,15:00:45,-18.9,
20250513,15:00:45,-18.8,
20250513,15:00:45,-18.6,
20250513,15:00:46,-18.2,
20250513,15:00:46,-18,
20250513,15:00:46,-17.8,
20250513,15:00:46,-17.7,
20250513,15:00:47,-17.8,
20250513,15:00:47,-17.8,
20250513,15:00:47,-17.8,
20250513,15:00:48,-17.8,
20250513,15:00:48,-17.8,
20250513,15:00:48,-17.8,
20250513,15:00:48,-17.8,
20250513,15:00:49,-17.7,
20250513,15:00:49,-17.6,
20250513,15:00:49,-17.6,
20250513,15:00:49,-17.5,
20250513,15:00:50,-17.4,
20250513,15:00:50,-17.2,
20250513,15:00:50,-16.9,
20250513,15:00:51,-16.9,
20250513,15:00:51,-17.2,
20250513,15:00:51,-17.1,
20250513,15:00:51,-17.2,
20250513,15:00:52,-17.3,
20250513,15:00:52,-17.2,
20250513,15:00:52,-17.1,
20250513,15:00:52,-17,
20250513,15:00:53,-17,
20250513,15:00:53,-16.9,
20250513,15:00:53,-16.9,
20250513,15:00:54,-17,
20250513,15:00:54,-16.9,
20250513,15:00:54,-16.9,
20250513,15:00:54,-16.9,
20250513,15:00:55,-17,
20250513,15:00:55,-17,
20250513,15:00:55,-17.1,
20250513,15:00:56,-17,
20250513,15:00:56,-16.9,
20250513,15:00:56,-16.9,
20250513,15:00:56,-17,
20250513,15:00:57,-17,
20250513,15:00:57,-16.9,
20250513,15:00:57,-16.9,
20250513,15:00:57,-16.9,
20250513,15:00:58,-16.9,
20250513,15:00:58,-16.9,
20250513,15:00:58,-16.8,
20250513,15:00:59,-16.7,
20250513,15:00:59,-16.6,
20250513,15:00:59,-16.5,
20250513,15:00:59,-16.5,
20250513,15:01:00,-16.5,
20250513,15:01:00,-16.5,
20250513,15:01:00,-16.5,
20250513,15:01:01,-16.5,
20250513,15:01:01,-16.3,
20250513,15:01:01,-16.3,
20250513,15:01:01,-16.2,
20250513,15:01:02,-16.2,
20250513,15:01:02,-16.1,
20250513,15:01:02,-16.1,
20250513,15:01:02,-16.1,
20250513,15:01:03,-16,
20250513,15:01:03,-16,
20250513,15:01:03,-16,
20250513,15:01:04,-15.9,
20250513,15:01:04,-16,
20250513,15:01:04,-15.8,
20250513,15:01:04,-15.8,
20250513,15:01:05,-15.7,
20250513,15:01:05,-15.7,
20250513,15:01:05,-15.7,
20250513,15:01:05,-15.6,
20250513,15:01:06,-15.5,
20250513,15:01:06,-15.5,
20250513,15:01:06,-15.5,
20250513,15:01:07,-15.7,
20250513,15:01:07,-16,
20250513,15:01:07,-16.2,
20250513,15:01:07,-16.4,
20250513,15:01:08,-16.5,
20250513,15:01:08,-16.7,
20250513,15:01:08,-16.6,
20250513,15:01:09,-16.6,
20250513,15:01:09,-16.8,
20250513,15:01:09,-17.1,
20250513,15:01:09,-17.5,
20250513,15:01:10,-17.8,
20250513,15:01:10,-17.9,
20250513,15:01:10,-17.8,
20250513,15:01:10,-17.8,
20250513,15:01:11,-17.8,
20250513,15:01:11,-17.8,
20250513,15:01:11,-17.8,
20250513,15:01:12,-17.8,
20250513,15:01:12,-17.8,
20250513,15:01:12,-17.7,
20250513,15:01:12,-17.7,
20250513,15:01:13,-17.7,
20250513,15:01:13,-17.7,
20250513,15:01:13,-17.8,
20250513,15:01:14,-17.7,
20250513,15:01:14,-17.7,
20250513,15:01:14,-17.8,
20250513,15:01:14,-17.6,
20250513,15:01:15,-17.6,
20250513,15:01:15,-17.5,
20250513,15:01:15,-17.4,
20250513,15:01:15,-17.3,
20250513,15:01:16,-17.4,
20250513,15:01:16,-17.3,
20250513,15:01:16,-17.4,
20250513,15:01:17,-17.3,
20250513,15:01:17,-17.3,
20250513,15:01:17,-17.2,
20250513,15:01:17,-17.1,
20250513,15:01:18,-17.1,
20250513,15:01:18,-17,
20250513,15:01:18,-17,
20250513,15:01:19,-17,
20250513,15:01:19,-17.5,
20250513,15:01:19,-18,
20250513,15:01:19,-18.7,
20250513,15:01:20,-19.2,
20250513,15:01:20,-19.5,
20250513,15:01:20,-19.5,
20250513,15:01:20,-19.5,
20250513,15:01:21,-19.5,
20250513,15:01:21,-19.5,
20250513,15:01:21,-19.5,
20250513,15:01:22,-19.4,
20250513,15:01:22,-19.4,
20250513,15:01:22,-19.4,
20250513,15:01:22,-19.3,
20250513,15:01:23,-19.3,
20250513,15:01:23,-19.3,
20250513,15:01:23,-19.3,
20250513,15:01:23,-19.3,
20250513,15:01:24,-19.4,
20250513,15:01:24,-19.4,
20250513,15:01:24,-19.5,
20250513,15:01:25,-19.5,
20250513,15:01:25,-19.3,
20250513,15:01:25,-19.3,
20250513,15:01:25,-19.2,
20250513,15:01:26,-19.2,
20250513,15:01:26,-19.1,
20250513,15:01:26,-19,
20250513,15:01:27,-19,
20250513,15:01:27,-19,
20250513,15:01:27,-19.1,
20250513,15:01:27,-19,
20250513,15:01:28,-18.9,
20250513,15:01:28,-18.8,
20250513,15:01:28,-18.7,
20250513,15:01:28,-18.7,
20250513,15:01:29,-18.6,
20250513,15:01:29,-18.7,
20250513,15:01:29,-18.7,
20250513,15:01:30,-18.8,
20250513,15:01:30,-18.7,
20250513,15:01:30,-19.2,
20250513,15:01:30,-20,
20250513,15:01:31,-20.1,
20250513,15:01:31,-19.1,
20250513,15:01:31,-17.8,
20250513,15:01:32,-16.7,
20250513,15:01:32,-15.6,
20250513,15:01:32,-14.8,
20250513,15:01:32,-14.5,
20250513,15:01:33,-14.5,
20250513,15:01:33,-15,
20250513,15:01:33,-15.5,
20250513,15:01:33,-16.2,
20250513,15:01:34,-16.9,
20250513,15:01:34,-17.6,
20250513,15:01:34,-18.3,
20250513,15:01:35,-18.9,
20250513,15:01:35,-19.8,
20250513,15:01:35,-20.7,
20250513,15:01:35,-21.1,
20250513,15:01:36,-21.6,
20250513,15:01:36,-22.1,
20250513,15:01:36,-22.7,
20250513,15:01:37,-23,
20250513,15:01:37,-23.3,
20250513,15:01:37,-23.4,
20250513,15:01:37,-23.2,
20250513,15:01:38,-22.8,
20250513,15:01:38,-22.3,
20250513,15:01:38,-22,
20250513,15:01:38,-21.8,
20250513,15:01:39,-21.8,
20250513,15:01:39,-22,
20250513,15:01:39,-22.1,
20250513,15:01:40,-22.3,
20250513,15:01:40,-22.1,
20250513,15:01:40,-22.1,
20250513,15:01:40,-22.1,
20250513,15:01:41,-22.1,
20250513,15:01:41,-22.1,
20250513,15:01:41,-22.2,
20250513,15:01:41,-22.4,
20250513,15:01:42,-22.7,
20250513,15:01:42,-22.9,
20250513,15:01:42,-23.2,
20250513,15:01:43,-23.4,
20250513,15:01:43,-23.7,
20250513,15:01:43,-23.8,
20250513,15:01:43,-24,
20250513,15:01:44,-24.1,
20250513,15:01:44,-24.2,
20250513,15:01:44,-24.4,
20250513,15:01:45,-24.5,
20250513,15:01:45,-24.8,
20250513,15:01:45,-25.1,
20250513,15:01:45,-25.2,
20250513,15:01:46,-25.2,
20250513,15:01:46,-25.2,
20250513,15:01:46,-25.2,
20250513,15:01:46,-25.2,
20250513,15:01:47,-25.4,
20250513,15:01:47,-25.4,
20250513,15:01:47,-25.4,
20250513,15:01:48,-25.5,
20250513,15:01:48,-25.5,
20250513,15:01:48,-25.5,
20250513,15:01:48,-25.6,
20250513,15:01:49,-25.6,
20250513,15:01:49,-25.7,
20250513,15:01:49,-25.9,
20250513,15:01:50,-26,
20250513,15:01:50,-26,
20250513,15:01:50,-25.9,
20250513,15:01:50,-26,
20250513,15:01:51,-25.9,
20250513,15:01:51,-25.7,
20250513,15:01:51,-25.5,
20250513,15:01:51,-25.2,
20250513,15:01:52,-24.9,
20250513,15:01:52,-24.8,
20250513,15:01:52,-24.8,
20250513,15:01:53,-24.8,
20250513,15:01:53,-24.9,
20250513,15:01:53,-24.9,
20250513,15:01:53,-25,
20250513,15:01:54,-25.1,
20250513,15:01:54,-25.3,
20250513,15:01:54,-25.2,
20250513,15:01:54,-24.8,
20250513,15:01:55,-24.6,
20250513,15:01:55,-24.4,
20250513,15:01:55,-24.2,
20250513,15:01:56,-24.3,
20250513,15:01:56,-24.5,
20250513,15:01:56,-24.6,
20250513,15:01:56,-24.8,
20250513,15:01:57,-24.7,
20250513,15:01:57,-24.4,
20250513,15:01:57,-24.6,
20250513,15:01:58,-24.7,
20250513,15:01:58,-23.8,
20250513,15:01:58,-22.4,
20250513,15:01:58,-21.2,
20250513,15:01:59,-19.9,
20250513,15:01:59,-17.9,
20250513,15:01:59,-16.3,
20250513,15:02:00,-15.2,
20250513,15:02:00,-14.4,
20250513,15:02:00,-14.2,
20250513,15:02:00,-14.4,
20250513,15:02:01,-15.1,
20250513,15:02:01,-16,
20250513,15:02:01,-16.9,
20250513,15:02:01,-17.8,
20250513,15:02:02,-18.8,
20250513,15:02:02,-19.7,
20250513,15:02:02,-20.5,
20250513,15:02:03,-21.3,
20250513,15:02:03,-22,
20250513,15:02:03,-22.5,
20250513,15:02:03,-22.7,
20250513,15:02:04,-22.8,
20250513,15:02:04,-22.8,
20250513,15:02:04,-23,
20250513,15:02:04,-23.2,
20250513,15:02:05,-23.6,
20250513,15:02:05,-23.8,
20250513,15:02:05,-24,
20250513,15:02:06,-24.3,
20250513,15:02:06,-24.5,
20250513,15:02:06,-24.6,
20250513,15:02:06,-24.6,
20250513,15:02:07,-24.6,
20250513,15:02:07,-24.6,
20250513,15:02:07,-24.7,
20250513,15:02:08,-24.9,
20250513,15:02:08,-25.2,
20250513,15:02:08,-25.5,
20250513,15:02:08,-25.6,
20250513,15:02:09,-25.8,
20250513,15:02:09,-25.8,
20250513,15:02:09,-25.5,
20250513,15:02:09,-25.2,
20250513,15:02:10,-25,
20250513,15:02:10,-24.8,
20250513,15:02:10,-24.8,
20250513,15:02:11,-24.9,
20250513,15:02:11,-25.1,
20250513,15:02:11,-25.3,
20250513,15:02:11,-25.5,
20250513,15:02:12,-25.6,
20250513,15:02:12,-25.7,
20250513,15:02:12,-25.8,
20250513,15:02:13,-25.9,
20250513,15:02:13,-26,
20250513,15:02:13,-26.1,
20250513,15:02:13,-26.3,
20250513,15:02:14,-26.3,
20250513,15:02:14,-26.3,
20250513,15:02:14,-26.1,
20250513,15:02:14,-25.6,
20250513,15:02:15,-25.3,
20250513,15:02:15,-25.1,
20250513,15:02:15,-25,
20250513,15:02:16,-25.1,
20250513,15:02:16,-25.4,
20250513,15:02:16,-25.6,
20250513,15:02:16,-25.7,
20250513,15:02:17,-25.7,
20250513,15:02:17,-25.6,
20250513,15:02:17,-25.5,
20250513,15:02:18,-25.4,
20250513,15:02:18,-25.4,
20250513,15:02:18,-25.5,
20250513,15:02:18,-25.6,
20250513,15:02:19,-25.8,
20250513,15:02:19,-25.7,
20250513,15:02:19,-25.8,
20250513,15:02:19,-25.7,
20250513,15:02:20,-25.6,
20250513,15:02:20,-26,
20250513,15:02:20,-25.9,
20250513,15:02:21,-25.9,
20250513,15:02:21,-25.9,
20250513,15:02:21,-25.9,
20250513,15:02:21,-26.1,
20250513,15:02:22,-26,
20250513,15:02:22,-26,
20250513,15:02:22,-26.1,
20250513,15:02:22,-26.1,
20250513,15:02:23,-26.1,
20250513,15:02:23,-26.1,
20250513,15:02:23,-26,
20250513,15:02:24,-26,
20250513,15:02:24,-26,
20250513,15:02:24,-25.8,
20250513,15:02:24,-25.3,
20250513,15:02:25,-24.7,
20250513,15:02:25,-24.5,
20250513,15:02:25,-24.5,
20250513,15:02:26,-24.6,
20250513,15:02:26,-24.8,
20250513,15:02:26,-25,
20250513,15:02:26,-25.1,
20250513,15:02:27,-25.3,
20250513,15:02:27,-25.4,
20250513,15:02:27,-25.4,
20250513,15:02:27,-25.5,
20250513,15:02:28,-25.4,
20250513,15:02:28,-25.4,
20250513,15:02:28,-25.3,
20250513,15:02:29,-25.3,
20250513,15:02:29,-25.2,
20250513,15:02:29,-25.4,
20250513,15:02:29,-25.4,
20250513,15:02:30,-25.4,
20250513,15:02:30,-25.4,
20250513,15:02:30,-25.6,
20250513,15:02:31,-25.7,
20250513,15:02:31,-25.4,
20250513,15:02:31,-24.7,
20250513,15:02:31,-24.3,
20250513,15:02:32,-23.8,
20250513,15:02:32,-23.7,
20250513,15:02:32,-23.7,
20250513,15:02:32,-23.9,
20250513,15:02:33,-24.2,
20250513,15:02:33,-24.3,
20250513,15:02:33,-24.4,
20250513,15:02:34,-24.6,
20250513,15:02:34,-24.6,
20250513,15:02:34,-24.6,
20250513,15:02:34,-24.6,
20250513,15:02:35,-24.6,
20250513,15:02:35,-24.5,
20250513,15:02:35,-24.1,
20250513,15:02:35,-23.6,
20250513,15:02:36,-23.1,
20250513,15:02:36,-23.1,
20250513,15:02:36,-23,
20250513,15:02:37,-23.1,
20250513,15:02:37,-23.4,
20250513,15:02:37,-23.6,
20250513,15:02:37,-23.8,
20250513,15:02:38,-23.8,
20250513,15:02:38,-23.8,
20250513,15:02:38,-23.8,
20250513,15:02:39,-23.7,
20250513,15:02:39,-23.7,
20250513,15:02:39,-23.7,
20250513,15:02:39,-23.8,
20250513,15:02:40,-23.8,
20250513,15:02:40,-23.7,
20250513,15:02:40,-23.6,
20250513,15:02:41,-23.6,
20250513,15:02:41,-23.7,
20250513,15:02:41,-23.6,
20250513,15:02:41,-23.6,
20250513,15:02:42,-23.4,
20250513,15:02:42,-23.2,
20250513,15:02:42,-23.1,
20250513,15:02:42,-23,
20250513,15:02:43,-23,
20250513,15:02:43,-22.8,
20250513,15:02:43,-22.7,
20250513,15:02:44,-22.7,
20250513,15:02:44,-22.9,
20250513,15:02:44,-22.8,
20250513,15:02:44,-22.8,
20250513,15:02:45,-22.7,
20250513,15:02:45,-22.5,
20250513,15:02:45,-22.2,
20250513,15:02:45,-22.2,
20250513,15:02:46,-22.2,
20250513,15:02:46,-22.1,
20250513,15:02:46,-22.1,
20250513,15:02:47,-22.1,
20250513,15:02:47,-22.1,
20250513,15:02:47,-22.1,
20250513,15:02:47,-22.1,
20250513,15:02:48,-22.1,
20250513,15:02:48,-22.1,
20250513,15:02:48,-22,
20250513,15:02:49,-22,
20250513,15:02:49,-21.9,
20250513,15:02:49,-21.9,
20250513,15:02:49,-21.9,
20250513,15:02:50,-21.7,
20250513,15:02:50,-21.2,
20250513,15:02:50,-20.8,
20250513,15:02:50,-20.4,
20250513,15:02:51,-20.4,
20250513,15:02:51,-20.5,
20250513,15:02:51,-20.6,
20250513,15:02:52,-20.5,
20250513,15:02:52,-20.3,
20250513,15:02:52,-20.2,
20250513,15:02:52,-20,
20250513,15:02:53,-19.5,
20250513,15:02:53,-19.2,
20250513,15:02:53,-19.3,
20250513,15:02:54,-19.4,
20250513,15:02:54,-19.5,
20250513,15:02:54,-19.5,
20250513,15:02:54,-19.5,
20250513,15:02:55,-19.5,
20250513,15:02:55,-19.4,
20250513,15:02:55,-19,
20250513,15:02:55,-18.4,
20250513,15:02:56,-18.5,
20250513,15:02:56,-19,
20250513,15:02:56,-19.5,
20250513,15:02:57,-19.7,
20250513,15:02:57,-19.8,
20250513,15:02:57,-19.9,
20250513,15:02:57,-20,
20250513,15:02:58,-20.1,
20250513,15:02:58,-20.3,
20250513,15:02:58,-20.4,
20250513,15:02:59,-20.5,
20250513,15:02:59,-20.7,
20250513,15:02:59,-20.7,
20250513,15:02:59,-20.7,
20250513,15:03:00,-20.7,
20250513,15:03:00,-20.7,
20250513,15:03:00,-20.6,
20250513,15:03:00,-20.7,
20250513,15:03:01,-20.6,
20250513,15:03:01,-20.5,
20250513,15:03:01,-20.5,
20250513,15:03:02,-20.4,
20250513,15:03:02,-20.4,
20250513,15:03:02,-20.4,
20250513,15:03:02,-20.4,
20250513,15:03:03,-20.3,
20250513,15:03:03,-20.2,
20250513,15:03:03,-19.9,
20250513,15:03:03,-19.9,
20250513,15:03:04,-19.8,
20250513,15:03:04,-19.9,
20250513,15:03:04,-19.8,
20250513,15:03:05,-19.7,
20250513,15:03:05,-19.4,
20250513,15:03:05,-19.4,
20250513,15:03:05,-19.4,
20250513,15:03:06,-19.3,
20250513,15:03:06,-19.1,
20250513,15:03:06,-19,
20250513,15:03:07,-19,
20250513,15:03:07,-18.9,
20250513,15:03:07,-18.7,
20250513,15:03:07,-18.7,
20250513,15:03:08,-18.6,
20250513,15:03:08,-18.5,
20250513,15:03:08,-18.5,
20250513,15:03:08,-18.3,
20250513,15:03:09,-17.9,
20250513,15:03:09,-17.3,
20250513,15:03:09,-16.9,
20250513,15:03:10,-16.6,
20250513,15:03:10,-16.7,
20250513,15:03:10,-16.9,
20250513,15:03:10,-17,
20250513,15:03:11,-17.2,
20250513,15:03:11,-17.3,
20250513,15:03:11,-17.4,
20250513,15:03:12,-17.3,
20250513,15:03:12,-17.4,
20250513,15:03:12,-17.3,
20250513,15:03:12,-17,
20250513,15:03:13,-16.5,
20250513,15:03:13,-16.1,
20250513,15:03:13,-15.9,
20250513,15:03:13,-15.9,
20250513,15:03:14,-16,
20250513,15:03:14,-16.1,
20250513,15:03:14,-16.4,
20250513,15:03:15,-16.6,
20250513,15:03:15,-16.7,
20250513,15:03:15,-16.7,
20250513,15:03:15,-16.7,
20250513,15:03:16,-16.5,
20250513,15:03:16,-16.2,
20250513,15:03:16,-16.1,
20250513,15:03:16,-15.8,
20250513,15:03:17,-15.7,
20250513,15:03:17,-15.5,
20250513,15:03:17,-15.6,
20250513,15:03:18,-15.6,
20250513,15:03:18,-15.7,
20250513,15:03:18,-15.2,
20250513,15:03:18,-14.4,
20250513,15:03:19,-13.8,
20250513,15:03:19,-13.6,
20250513,15:03:19,-13.8,
20250513,15:03:20,-14,
20250513,15:03:20,-14.3,
20250513,15:03:20,-14.5,
20250513,15:03:20,-14.8,
20250513,15:03:21,-15,
20250513,15:03:21,-15.1,
20250513,15:03:21,-15.1,
20250513,15:03:21,-15,
20250513,15:03:22,-14.8,
20250513,15:03:22,-14.4,
20250513,15:03:22,-14.2,
20250513,15:03:23,-14,
20250513,15:03:23,-14,
20250513,15:03:23,-13.9,
20250513,15:03:23,-14.1,
20250513,15:03:24,-14,
20250513,15:03:24,-14.1,
20250513,15:03:24,-14.3,
20250513,15:03:25,-14.2,
20250513,15:03:25,-14.3,
20250513,15:03:25,-14.2,
20250513,15:03:25,-14.3,
20250513,15:03:26,-14.2,
20250513,15:03:26,-14.1,
20250513,15:03:26,-14.1,
20250513,15:03:26,-14.1,
20250513,15:03:27,-14.2,
20250513,15:03:27,-14.4,
20250513,15:03:27,-14.4,
20250513,15:03:28,-14.4,
20250513,15:03:28,-14.4,
20250513,15:03:28,-14.2,
20250513,15:03:28,-14.2,
20250513,15:03:29,-14.1,
20250513,15:03:29,-14,
20250513,15:03:29,-13.7,
20250513,15:03:30,-13.4,
20250513,15:03:30,-13.2,
20250513,15:03:30,-12.9,
20250513,15:03:30,-12.6,
20250513,15:03:31,-12.1,
20250513,15:03:31,-11.8,
20250513,15:03:31,-11.7,
20250513,15:03:31,-11.8,
20250513,15:03:32,-12,
20250513,15:03:32,-12.4,
20250513,15:03:32,-12.6,
20250513,15:03:33,-12.8,
20250513,15:03:33,-12.9,
20250513,15:03:33,-12.9,
20250513,15:03:33,-12.9,
20250513,15:03:34,-12.9,
20250513,15:03:34,-12.8,
20250513,15:03:34,-12.8,
20250513,15:03:35,-12.7,
20250513,15:03:35,-12.7,
20250513,15:03:35,-12.6,
20250513,15:03:35,-12.6,
20250513,15:03:36,-12.5,
20250513,15:03:36,-12.6,
20250513,15:03:36,-12.5,
20250513,15:03:36,-12.5,
20250513,15:03:37,-12.5,
20250513,15:03:37,-12.5,
20250513,15:03:37,-12.4,
20250513,15:03:38,-12.3,
20250513,15:03:38,-12.1,
20250513,15:03:38,-11.9,
20250513,15:03:38,-11.8,
20250513,15:03:39,-11.8,
20250513,15:03:39,-11.8,
20250513,15:03:39,-11.8,
20250513,15:03:40,-11.8,
20250513,15:03:40,-11.8,
20250513,15:03:40,-11.7,
20250513,15:03:40,-11.3,
20250513,15:03:41,-10.9,
20250513,15:03:41,-10.6,
20250513,15:03:41,-10.6,
20250513,15:03:41,-10.6,
20250513,15:03:42,-10.8,
20250513,15:03:42,-11,
20250513,15:03:42,-11.1,
20250513,15:03:43,-11.2,
20250513,15:03:43,-11.3,
20250513,15:03:43,-11.3,
20250513,15:03:43,-11.4,
20250513,15:03:44,-11.3,
20250513,15:03:44,-11.3,
20250513,15:03:44,-11.4,
20250513,15:03:44,-11.3,
20250513,15:03:45,-11.2,
20250513,15:03:45,-11.2,
20250513,15:03:45,-11.1,
20250513,15:03:46,-11,
20250513,15:03:46,-11,
20250513,15:03:46,-11,
20250513,15:03:46,-10.9,
20250513,15:03:47,-10.7,
20250513,15:03:47,-10.6,
20250513,15:03:47,-10.5,
20250513,15:03:48,-10.6,
20250513,15:03:48,-10.6,
20250513,15:03:48,-10.6,
20250513,15:03:48,-10.6,
20250513,15:03:49,-10.6,
20250513,15:03:49,-10.6,
20250513,15:03:49,-10.6,
20250513,15:03:49,-10.6,
20250513,15:03:50,-10.6,
20250513,15:03:50,-10.6,
20250513,15:03:50,-10.7,
20250513,15:03:51,-10.5,
20250513,15:03:51,-10.5,
20250513,15:03:51,-10.4,
20250513,15:03:51,-10.4,
20250513,15:03:52,-10.3,
20250513,15:03:52,-10.3,
20250513,15:03:52,-10.3,
20250513,15:03:53,-10.3,
20250513,15:03:53,-10.4,
20250513,15:03:53,-10.3,
20250513,15:03:53,-10.2,
20250513,15:03:54,-10.1,
20250513,15:03:54,-10,
20250513,15:03:54,-10,
20250513,15:03:54,-9.9,
20250513,15:03:55,-9.9,
20250513,15:03:55,-9.8,
20250513,15:03:55,-9.8,
20250513,15:03:56,-9.8,
20250513,15:03:56,-9.9,
20250513,15:03:56,-9.8,
20250513,15:03:56,-9.9,
20250513,15:03:57,-10,
20250513,15:03:57,-10.2,
20250513,15:03:57,-10.5,
20250513,15:03:57,-10.5,
20250513,15:03:58,-10.4,
20250513,15:03:58,-10.4,
20250513,15:03:58,-10.6,
20250513,15:03:59,-10.8,
20250513,15:03:59,-11,
20250513,15:03:59,-11,
20250513,15:03:59,-11,
20250513,15:04:00,-11,
20250513,15:04:00,-11,
20250513,15:04:00,-11,
20250513,15:04:01,-11,
20250513,15:04:01,-11.3,
20250513,15:04:01,-11.3,
20250513,15:04:01,-11.5,
20250513,15:04:02,-11.6,
20250513,15:04:02,-11.5,
20250513,15:04:02,-11.5,
20250513,15:04:02,-11.5,
20250513,15:04:03,-11.4,
20250513,15:04:03,-11.4,
20250513,15:04:03,-11.3,
20250513,15:04:04,-11.2,
20250513,15:04:04,-11.1,
20250513,15:04:04,-11.1,
20250513,15:04:04,-11.1,
20250513,15:04:05,-11,
20250513,15:04:05,-10.8,
20250513,15:04:05,-10.3,
20250513,15:04:06,-10,
20250513,15:04:06,-9.8,
20250513,15:04:06,-9.7,
20250513,15:04:06,-9.8,
20250513,15:04:07,-9.9,
20250513,15:04:07,-10.1,
20250513,15:04:07,-10.1,
20250513,15:04:07,-10.1,
20250513,15:04:08,-10.1,
20250513,15:04:08,-10.1,
20250513,15:04:08,-10.3,
20250513,15:04:09,-10.4,
20250513,15:04:09,-10.5,
20250513,15:04:09,-10.6,
20250513,15:04:09,-10.4,
20250513,15:04:10,-9.8,
20250513,15:04:10,-9.3,
20250513,15:04:10,-9.2,
20250513,15:04:11,-9.4,
20250513,15:04:11,-9.7,
20250513,15:04:11,-9.9,
20250513,15:04:11,-10,
20250513,15:04:12,-10.1,
20250513,15:04:12,-10.2,
20250513,15:04:12,-10.2,
20250513,15:04:12,-10.1,
20250513,15:04:13,-10.1,
20250513,15:04:13,-10.1,
20250513,15:04:13,-10.1,
20250513,15:04:14,-10.1,
20250513,15:04:14,-10.1,
20250513,15:04:14,-10.1,
20250513,15:04:14,-10.1,
20250513,15:04:15,-9.9,
20250513,15:04:15,-9.7,
20250513,15:04:15,-9.5,
20250513,15:04:15,-9.5,
20250513,15:04:16,-9.4,
20250513,15:04:16,-9.5,
20250513,15:04:16,-9.5,
20250513,15:04:17,-9.6,
20250513,15:04:17,-9.6,
20250513,15:04:17,-9.7,
20250513,15:04:17,-9.7,
20250513,15:04:18,-9.6,
20250513,15:04:18,-9.6,
20250513,15:04:18,-9.4,
20250513,15:04:19,-9.4,
20250513,15:04:19,-9.4,
20250513,15:04:19,-9.3,
20250513,15:04:19,-9.3,
20250513,15:04:20,-9.3,
20250513,15:04:20,-9.3,
20250513,15:04:20,-9.3,
20250513,15:04:20,-9.3,
20250513,15:04:21,-9.3,
20250513,15:04:21,-9.3,
20250513,15:04:21,-9.2,
20250513,15:04:22,-9.1,
20250513,15:04:22,-9.1,
20250513,15:04:22,-9,
20250513,15:04:22,-9,
20250513,15:04:23,-8.8,
20250513,15:04:23,-8.6,
20250513,15:04:23,-8.5,
20250513,15:04:23,-8.4,
20250513,15:04:24,-8.4,
20250513,15:04:24,-8.4,
20250513,15:04:24,-8.4,
20250513,15:04:25,-8.5,
20250513,15:04:25,-8.5,
20250513,15:04:25,-8.4,
20250513,15:04:25,-8.4,
20250513,15:04:26,-8.2,
20250513,15:04:26,-8.2,
20250513,15:04:26,-8.2,
20250513,15:04:26,-8.1,
20250513,15:04:27,-7.7,
20250513,15:04:27,-7.4,
20250513,15:04:27,-7,
20250513,15:04:28,-7,
20250513,15:04:28,-7.2,
20250513,15:04:28,-7.4,
20250513,15:04:28,-7.5,
20250513,15:04:29,-7.5,
20250513,15:04:29,-7.3,
20250513,15:04:29,-7.5,
20250513,15:04:30,-7.9,
20250513,15:04:30,-8.6,
20250513,15:04:30,-9.3,
20250513,15:04:30,-9.7,
20250513,15:04:31,-9.8,
20250513,15:04:31,-10,
20250513,15:04:31,-10,
20250513,15:04:31,-9.8,
20250513,15:04:32,-9.6,
20250513,15:04:32,-9.3,
20250513,15:04:32,-9.2,
20250513,15:04:33,-9.1,
20250513,15:04:33,-9.1,
20250513,15:04:33,-9.3,
20250513,15:04:33,-9.3,
20250513,15:04:34,-9.5,
20250513,15:04:34,-9.7,
20250513,15:04:34,-9.8,
20250513,15:04:35,-9.8,
20250513,15:04:35,-9.8,
20250513,15:04:35,-9.8,
20250513,15:04:35,-9.8,
20250513,15:04:36,-9.7,
20250513,15:04:36,-9.6,
20250513,15:04:36,-9.7,
20250513,15:04:36,-9.5,
20250513,15:04:37,-9.6,
20250513,15:04:37,-9.5,
20250513,15:04:37,-9.6,
20250513,15:04:38,-9.5,
20250513,15:04:38,-9.5,
20250513,15:04:38,-9.4,
20250513,15:04:38,-9.4,
20250513,15:04:39,-9.4,
20250513,15:04:39,-9.4,
20250513,15:04:39,-9.3,
20250513,15:04:39,-9.3,
20250513,15:04:40,-9.3,
20250513,15:04:40,-9.2,
20250513,15:04:40,-9.3,
20250513,15:04:41,-9.2,
20250513,15:04:41,-9.3,
20250513,15:04:41,-9.2,
20250513,15:04:41,-9.2,
20250513,15:04:42,-9.1,
20250513,15:04:42,-8.9,
20250513,15:04:42,-8.5,
20250513,15:04:43,-8.4,
20250513,15:04:43,-8.3,
20250513,15:04:43,-8.2,
20250513,15:04:43,-8.3,
20250513,15:04:44,-8.4,
20250513,15:04:44,-8.4,
20250513,15:04:44,-8.4,
20250513,15:04:44,-8.5,
20250513,15:04:45,-8.6,
20250513,15:04:45,-8.6,
20250513,15:04:45,-8.5,
20250513,15:04:46,-8.6,
20250513,15:04:46,-8.5,
20250513,15:04:46,-8.5,
20250513,15:04:46,-8.4,
20250513,15:04:47,-8.1,
20250513,15:04:47,-7.6,
20250513,15:04:47,-7.4,
20250513,15:04:47,-7.4,
20250513,15:04:48,-7.4,
20250513,15:04:48,-7.4,
20250513,15:04:48,-7.3,
20250513,15:04:49,-7,
20250513,15:04:49,-6.9,
20250513,15:04:49,-6.7,
20250513,15:04:49,-6.9,
20250513,15:04:50,-6.8,
20250513,15:04:50,-6.9,
20250513,15:04:50,-7.1,
20250513,15:04:51,-7.3,
20250513,15:04:51,-7.3,
20250513,15:04:51,-7.3,
20250513,15:04:51,-7.2,
20250513,15:04:52,-7.3,
20250513,15:04:52,-7.5,
20250513,15:04:52,-7.5,
20250513,15:04:52,-7.5,
20250513,15:04:53,-7.4,
20250513,15:04:53,-7.4,
20250513,15:04:53,-7.4,
20250513,15:04:54,-7.3,
20250513,15:04:54,-7.2,
20250513,15:04:54,-7.1,
20250513,15:04:54,-7,
20250513,15:04:55,-7,
20250513,15:04:55,-7,
20250513,15:04:55,-7.1,
20250513,15:04:56,-7.1,
20250513,15:04:56,-7,
20250513,15:04:56,-7,
20250513,15:04:56,-7,
20250513,15:04:57,-6.8,
20250513,15:04:57,-6.7,
20250513,15:04:57,-6.6,
20250513,15:04:57,-6.5,
20250513,15:04:58,-6.5,
20250513,15:04:58,-6.5,
20250513,15:04:58,-6.7,
20250513,15:04:59,-6.7,
20250513,15:04:59,-6.8,
20250513,15:04:59,-6.9,
20250513,15:04:59,-6.9,
20250513,15:05:00,-6.9,
20250513,15:05:00,-6.7,
20250513,15:05:00,-6.8,
20250513,15:05:00,-6.8,
20250513,15:05:01,-6.8,
20250513,15:05:01,-6.7,
20250513,15:05:01,-6.8,
20250513,15:05:02,-6.8,
20250513,15:05:02,-6.8,
20250513,15:05:02,-6.7,
20250513,15:05:02,-6.8,
20250513,15:05:03,-6.8,
20250513,15:05:03,-6.8,
20250513,15:05:03,-6.8,
20250513,15:05:04,-6.8,
20250513,15:05:04,-6.8,
20250513,15:05:04,-6.8,
20250513,15:05:04,-6.8,
20250513,15:05:05,-6.7,
20250513,15:05:05,-6.7,
20250513,15:05:05,-6.6,
20250513,15:05:05,-6.7,
20250513,15:05:06,-6.5,
20250513,15:05:06,-6.6,
20250513,15:05:06,-6.5,
20250513,15:05:07,-6.4,
20250513,15:05:07,-6.4,
20250513,15:05:07,-6.4,
20250513,15:05:07,-6.3,
20250513,15:05:08,-6.2,
20250513,15:05:08,-6.3,
20250513,15:05:08,-6.3,
20250513,15:05:08,-6.2,
20250513,15:05:09,-6.2,
20250513,15:05:09,-6.4,
20250513,15:05:09,-6.3,
20250513,15:05:10,-6.2,
20250513,15:05:10,-6.2,
20250513,15:05:10,-6.3,
20250513,15:05:10,-6.2,
20250513,15:05:11,-6.1,
20250513,15:05:11,-5.9,
20250513,15:05:11,-5.9,
20250513,15:05:11,-5.8,
20250513,15:05:12,-5.8,
20250513,15:05:12,-5.8,
20250513,15:05:12,-5.8,
20250513,15:05:13,-5.7,
20250513,15:05:13,-5.7,
20250513,15:05:13,-5.6,
20250513,15:05:13,-5.7,
20250513,15:05:14,-5.5,
20250513,15:05:14,-5.3,
20250513,15:05:14,-5.1,
20250513,15:05:15,-4.6,
20250513,15:05:15,-4.5,
20250513,15:05:15,-4.5,
20250513,15:05:15,-4.5,
20250513,15:05:16,-4.6,
20250513,15:05:16,-5,
20250513,15:05:16,-5.1,
20250513,15:05:16,-5.2,
20250513,15:05:17,-5.1,
20250513,15:05:17,-5,
20250513,15:05:17,-5.1,
20250513,15:05:18,-5.1,
20250513,15:05:18,-5.1,
20250513,15:05:18,-5.1,
20250513,15:05:18,-5.2,
20250513,15:05:19,-5.1,
20250513,15:05:19,-5.1,
20250513,15:05:19,-5.1,
20250513,15:05:19,-5,
20250513,15:05:20,-5,
20250513,15:05:20,-5.2,
20250513,15:05:20,-5,
20250513,15:05:21,-4.9,
20250513,15:05:21,-4.4,
20250513,15:05:21,-4.1,
20250513,15:05:21,-3.9,
20250513,15:05:22,-3.8,
20250513,15:05:22,-3.7,
20250513,15:05:22,-3.9,
20250513,15:05:23,-4.1,
20250513,15:05:23,-4.1,
20250513,15:05:23,-4.2,
20250513,15:05:23,-4.3,
20250513,15:05:24,-4.4,
20250513,15:05:24,-4.6,
20250513,15:05:24,-4.4,
20250513,15:05:24,-4.1,
20250513,15:05:25,-3.6,
20250513,15:05:25,-3.2,
20250513,15:05:25,-2.9,
20250513,15:05:26,-2.8,
20250513,15:05:26,-2.9,
20250513,15:05:26,-3.3,
20250513,15:05:26,-3.6,
20250513,15:05:27,-3.9,
20250513,15:05:27,-4.1,
20250513,15:05:27,-4.2,
20250513,15:05:27,-4.3,
20250513,15:05:28,-4.4,
20250513,15:05:28,-4.4,
20250513,15:05:28,-4.6,
20250513,15:05:29,-4.6,
20250513,15:05:29,-4.7,
20250513,15:05:29,-4.7,
20250513,15:05:29,-4.7,
20250513,15:05:30,-4.8,
20250513,15:05:30,-4.7,
20250513,15:05:30,-4.8,
20250513,15:05:31,-4.8,
20250513,15:05:31,-4.7,
20250513,15:05:31,-4.6,
20250513,15:05:31,-4.6,
20250513,15:05:32,-4.5,
20250513,15:05:32,-4.2,
20250513,15:05:32,-3.8,
20250513,15:05:32,-3.4,
20250513,15:05:33,-3.3,
20250513,15:05:33,-3.3,
20250513,15:05:33,-3.4,
20250513,15:05:34,-3.5,
20250513,15:05:34,-3.8,
20250513,15:05:34,-3.9,
20250513,15:05:34,-4.1,
20250513,15:05:35,-4.2,
20250513,15:05:35,-4.3,
20250513,15:05:35,-4.3,
20250513,15:05:35,-4.4,
20250513,15:05:36,-4.4,
20250513,15:05:36,-4.5,
20250513,15:05:36,-4.5,
20250513,15:05:37,-4.5,
20250513,15:05:37,-4.5,
20250513,15:05:37,-4.4,
20250513,15:05:37,-4.1,
20250513,15:05:38,-3.8,
20250513,15:05:38,-3.7,
20250513,15:05:38,-3.8,
20250513,15:05:39,-3.9,
20250513,15:05:39,-4.1,
20250513,15:05:39,-4.1,
20250513,15:05:39,-4.1,
20250513,15:05:40,-4.3,
20250513,15:05:40,-4.4,
20250513,15:05:40,-4.5,
20250513,15:05:40,-4.3,
20250513,15:05:41,-4.4,
20250513,15:05:41,-4.5,
20250513,15:05:41,-4.5,
20250513,15:05:42,-4.6,
20250513,15:05:42,-4.5,
20250513,15:05:42,-4.2,
20250513,15:05:42,-3.7,
20250513,15:05:43,-3.3,
20250513,15:05:43,-2.9,
20250513,15:05:43,-2.8,
20250513,15:05:43,-3.1,
20250513,15:05:44,-3.2,
20250513,15:05:44,-3.4,
20250513,15:05:44,-3.6,
20250513,15:05:45,-3.8,
20250513,15:05:45,-3.8,
20250513,15:05:45,-3.7,
20250513,15:05:45,-3.8,
20250513,15:05:46,-3.7,
20250513,15:05:46,-3.5,
20250513,15:05:46,-3.4,
20250513,15:05:46,-3.1,
20250513,15:05:47,-2.8,
20250513,15:05:47,-2.7,
20250513,15:05:47,-2.7,
20250513,15:05:48,-2.9,
20250513,15:05:48,-2.9,
20250513,15:05:48,-3.2,
20250513,15:05:48,-3.2,
20250513,15:05:49,-3.4,
20250513,15:05:49,-3.5,
20250513,15:05:49,-3.6,
20250513,15:05:50,-3.8,
20250513,15:05:50,-3.7,
20250513,15:05:50,-3.9,
20250513,15:05:50,-3.8,
20250513,15:05:51,-3.8,
20250513,15:05:51,-3.7,
20250513,15:05:51,-3.7,
20250513,15:05:51,-3.6,
20250513,15:05:52,-3.7,
20250513,15:05:52,-3.7,
20250513,15:05:52,-3.8,
20250513,15:05:53,-3.7,
20250513,15:05:53,-3.8,
20250513,15:05:53,-3.7,
20250513,15:05:53,-3.7,
20250513,15:05:54,-3.6,
20250513,15:05:54,-3.5,
20250513,15:05:54,-3.6,
20250513,15:05:55,-3.6,
20250513,15:05:55,-3.5,
20250513,15:05:55,-3.5,
20250513,15:05:55,-3.5,
20250513,15:05:56,-3.6,
20250513,15:05:56,-3.5,
20250513,15:05:56,-3.6,
20250513,15:05:56,-3.7,
20250513,15:05:57,-3.7,
20250513,15:05:57,-3.7,
20250513,15:05:57,-3.6,
20250513,15:05:58,-3.5,
20250513,15:05:58,-3.6,
20250513,15:05:58,-3.7,
20250513,15:05:58,-3.5,
20250513,15:05:59,-3.3,
20250513,15:05:59,-3.3,
20250513,15:05:59,-2.9,
20250513,15:05:59,-2.9,
20250513,15:06:00,-2.9,
20250513,15:06:00,-2.9,
20250513,15:06:00,-3,
20250513,15:06:01,-2.9,
20250513,15:06:01,-2.6,
20250513,15:06:01,-2.7,
20250513,15:06:01,-2.8,
20250513,15:06:02,-2.8,
20250513,15:06:02,-2.9,
20250513,15:06:02,-3,
20250513,15:06:03,-2.9,
20250513,15:06:03,-2.5,
20250513,15:06:03,-2.2,
20250513,15:06:03,-2,
20250513,15:06:04,-2,
20250513,15:06:04,-2.2,
20250513,15:06:04,-2.2,
20250513,15:06:04,-2.4,
20250513,15:06:05,-2.5,
20250513,15:06:05,-2.5,
20250513,15:06:05,-2.6,
20250513,15:06:06,-2.7,
20250513,15:06:06,-2.7,
20250513,15:06:06,-2.6,
20250513,15:06:06,-2.6,
20250513,15:06:07,-2.4,
20250513,15:06:07,-2.4,
20250513,15:06:07,-2.3,
20250513,15:06:07,-2.4,
20250513,15:06:08,-2.4,
20250513,15:06:08,-2.4,
20250513,15:06:08,-2.1,
20250513,15:06:09,-1.8,
20250513,15:06:09,-1.6,
20250513,15:06:09,-1.6,
20250513,15:06:09,-1.7,
20250513,15:06:10,-1.8,
20250513,15:06:10,-2.1,
20250513,15:06:10,-2.4,
20250513,15:06:11,-2.4,
20250513,15:06:11,-2.4,
20250513,15:06:11,-2.1,
20250513,15:06:11,-2.1,
20250513,15:06:12,-1.6,
20250513,15:06:12,-1.3,
20250513,15:06:12,-1.1,
20250513,15:06:12,-1,
20250513,15:06:13,-1.1,
20250513,15:06:13,-1.4,
20250513,15:06:13,-1.6,
20250513,15:06:14,-2,
20250513,15:06:14,-2.1,
20250513,15:06:14,-2.2,
20250513,15:06:14,-2.1,
20250513,15:06:15,-1.8,
20250513,15:06:15,-1.6,
20250513,15:06:15,-1.6,
20250513,15:06:16,-1.6,
20250513,15:06:16,-1.6,
20250513,15:06:16,-1.8,
20250513,15:06:16,-1.8,
20250513,15:06:17,-2,
20250513,15:06:17,-2,
20250513,15:06:17,-2.2,
20250513,15:06:17,-2.2,
20250513,15:06:18,-2.2,
20250513,15:06:18,-2.1,
20250513,15:06:18,-2,
20250513,15:06:19,-2.2,
20250513,15:06:19,-2.1,
20250513,15:06:19,-2,
20250513,15:06:19,-1.9,
20250513,15:06:20,-1.7,
20250513,15:06:20,-1.8,
20250513,15:06:20,-1.7,
20250513,15:06:20,-1.8,
20250513,15:06:21,-1.8,
20250513,15:06:21,-1.9,
20250513,15:06:21,-1.9,
20250513,15:06:22,-2.1,
20250513,15:06:22,-2.1,
20250513,15:06:22,-2.2,
20250513,15:06:22,-2.2,
20250513,15:06:23,-2.3,
20250513,15:06:23,-2.3,
20250513,15:06:23,-2.1,
20250513,15:06:23,-1.4,
20250513,15:06:24,-0.7,
20250513,15:06:24,-0.3,
20250513,15:06:24,-0.3,
20250513,15:06:25,-0.5,
20250513,15:06:25,-0.7,
20250513,15:06:25,-1.1,
20250513,15:06:25,-1.4,
20250513,15:06:26,-1.7,
20250513,15:06:26,-1.9,
20250513,15:06:26,-2.1,
20250513,15:06:27,-2.1,
20250513,15:06:27,-2.3,
20250513,15:06:27,-2.3,
20250513,15:06:27,-2.4,
20250513,15:06:28,-2.3,
20250513,15:06:28,-2.4,
20250513,15:06:28,-2.4,
20250513,15:06:28,-2.4,
20250513,15:06:29,-2.4,
20250513,15:06:29,-2.5,
20250513,15:06:29,-2.6,
20250513,15:06:30,-2.7,
20250513,15:06:30,-2.5,
20250513,15:06:30,-2.5,
20250513,15:06:30,-2.2,
20250513,15:06:31,-1.8,
20250513,15:06:31,-1.6,
20250513,15:06:31,-1.6,
20250513,15:06:31,-1.6,
20250513,15:06:32,-1.6,
20250513,15:06:32,-1.8,
20250513,15:06:32,-2.1,
20250513,15:06:33,-2.3,
20250513,15:06:33,-2.4,
20250513,15:06:33,-2.3,
20250513,15:06:33,-2.4,
20250513,15:06:34,-2.4,
20250513,15:06:34,-2.4,
20250513,15:06:34,-2.2,
20250513,15:06:35,-1.6,
20250513,15:06:35,-1.7,
20250513,15:06:35,-1.8,
20250513,15:06:35,-1.7,
20250513,15:06:36,-1.8,
20250513,15:06:36,-1.7,
20250513,15:06:36,-1.9,
20250513,15:06:36,-2.3,
20250513,15:06:37,-2.4,
20250513,15:06:37,-2.5,
20250513,15:06:37,-2.6,
20250513,15:06:38,-2.8,
20250513,15:06:38,-2.7,
20250513,15:06:38,-2.8,
20250513,15:06:38,-2.7,
20250513,15:06:39,-2.7,
20250513,15:06:39,-2.7,
20250513,15:06:39,-2.8,
20250513,15:06:39,-2.8,
20250513,15:06:40,-2.8,
20250513,15:06:40,-2.8,
20250513,15:06:40,-2.9,
20250513,15:06:41,-2.9,
20250513,15:06:41,-2.8,
20250513,15:06:41,-2.8,
20250513,15:06:41,-2.5,
20250513,15:06:42,-2.1,
20250513,15:06:42,-1.6,
20250513,15:06:42,-1.5,
20250513,15:06:43,-1.4,
20250513,15:06:43,-1.6,
20250513,15:06:43,-1.7,
20250513,15:06:43,-1.9,
20250513,15:06:44,-2,
20250513,15:06:44,-2.2,
20250513,15:06:44,-2.2,
20250513,15:06:44,-2.3,
20250513,15:06:45,-2.2,
20250513,15:06:45,-2.2,
20250513,15:06:45,-2.2,
20250513,15:06:46,-2.3,
20250513,15:06:46,-2.3,
20250513,15:06:46,-2.4,
20250513,15:06:46,-2.4,
20250513,15:06:47,-2.5,
20250513,15:06:47,-2.4,
20250513,15:06:47,-2.6,
20250513,15:06:47,-2.6,
20250513,15:06:48,-2.6,
20250513,15:06:48,-2.7,
20250513,15:06:48,-2.7,
20250513,15:06:49,-2.7,
20250513,15:06:49,-2.7,
20250513,15:06:49,-2.7,
20250513,15:06:49,-2.7,
20250513,15:06:50,-2.8,
20250513,15:06:50,-2.8,
20250513,15:06:50,-2.8,
20250513,15:06:51,-2.9,
20250513,15:06:51,-2.8,
20250513,15:06:51,-2.8,
20250513,15:06:51,-2.7,
20250513,15:06:52,-2.7,
20250513,15:06:52,-2.7,
20250513,15:06:52,-2.6,
20250513,15:06:52,-2.7,
20250513,15:06:53,-2.8,
20250513,15:06:53,-2.7,
20250513,15:06:53,-2.8,
20250513,15:06:54,-2.9,
20250513,15:06:54,-2.9,
20250513,15:06:54,-2.9,
20250513,15:06:54,-3,
20250513,15:06:55,-3.1,
20250513,15:06:55,-3.1,
20250513,15:06:55,-3,
20250513,15:06:55,-2.9,
20250513,15:06:56,-2.9,
20250513,15:06:56,-2.9,
20250513,15:06:56,-2.8,
20250513,15:06:57,-2.8,
20250513,15:06:57,-2.7,
20250513,15:06:57,-2.6,
20250513,15:06:57,-2.7,
20250513,15:06:58,-2.9,
20250513,15:06:58,-3.1,
20250513,15:06:58,-3,
20250513,15:06:59,-3,
20250513,15:06:59,-3.1,
20250513,15:06:59,-3,
20250513,15:06:59,-3.1,
20250513,15:07:00,-3.2,
20250513,15:07:00,-3.1,
20250513,15:07:00,-3.2,
20250513,15:07:00,-3.1,
20250513,15:07:01,-3.2,
20250513,15:07:01,-3.2,
20250513,15:07:01,-3.1,
20250513,15:07:02,-3.1,
20250513,15:07:02,-3.1,
20250513,15:07:02,-3.1,
20250513,15:07:02,-3.1,
20250513,15:07:03,-3.1,
20250513,15:07:03,-3.2,
20250513,15:07:03,-3.3,
20250513,15:07:03,-3.3,
20250513,15:07:04,-3.3,
20250513,15:07:04,-3.1,
20250513,15:07:04,-3.1,
20250513,15:07:05,-3.1,
20250513,15:07:05,-3.1,
20250513,15:07:05,-3.1,
20250513,15:07:05,-3.1,
20250513,15:07:06,-3.2,
20250513,15:07:06,-3.2,
20250513,15:07:06,-3.3,
20250513,15:07:06,-3.3,
20250513,15:07:07,-3.3,
20250513,15:07:07,-3.3,
20250513,15:07:07,-3.3,
20250513,15:07:08,-3.2,
20250513,15:07:08,-3.2,
20250513,15:07:08,-3.2,
20250513,15:07:08,-3.2,
20250513,15:07:09,-3.2,
20250513,15:07:09,-3.1,
20250513,15:07:09,-3.1,
20250513,15:07:10,-2.9,
20250513,15:07:10,-2.8,
20250513,15:07:10,-2.8,
20250513,15:07:10,-2.8,
20250513,15:07:11,-2.8,
20250513,15:07:11,-2.8,
20250513,15:07:11,-2.6,
20250513,15:07:11,-2.4,
20250513,15:07:12,-2.2,
20250513,15:07:12,-1.9,
20250513,15:07:12,-2.1,
20250513,15:07:13,-2.2,
20250513,15:07:13,-2.2,
20250513,15:07:13,-2.2,
20250513,15:07:13,-2.4,
20250513,15:07:14,-2.4,
20250513,15:07:14,-2.5,
20250513,15:07:14,-2.6,
20250513,15:07:14,-2.7,
20250513,15:07:15,-2.9,
20250513,15:07:15,-2.9,
20250513,15:07:15,-2.7,
20250513,15:07:16,-2.8,
20250513,15:07:16,-3,
20250513,15:07:16,-3.1,
20250513,15:07:16,-3,
20250513,15:07:17,-3.2,
20250513,15:07:17,-3.3,
20250513,15:07:17,-3.7,
20250513,15:07:18,-3.8,
20250513,15:07:18,-3.9,
20250513,15:07:18,-3.5,
20250513,15:07:18,-2.9,
20250513,15:07:19,-2.6,
20250513,15:07:19,-2.7,
20250513,15:07:19,-3.1,
20250513,15:07:19,-3.4,
20250513,15:07:20,-3.8,
20250513,15:07:20,-4.1,
20250513,15:07:20,-4.6,
20250513,15:07:21,-4.9,
20250513,15:07:21,-5.1,
20250513,15:07:21,-5.3,
20250513,15:07:21,-5.5,
20250513,15:07:22,-5.6,
20250513,15:07:22,-5.8,
20250513,15:07:22,-5.8,
20250513,15:07:23,-5.8,
20250513,15:07:23,-5.4,
20250513,15:07:23,-5,
