静息,正性,中性,负性
10:50:37,10:52:12,10:53:37,10:57:10
,,,
CTP266,88:4A:EA:8B:D1:E6,,
,,,
,,,
,,,
,,,
,,,
,,,
20250422,10:03:23,-43.8,
20250422,10:03:23,-44.3,
20250422,10:03:23,-44.5,
20250422,10:03:23,-44.6,
20250422,10:03:24,-44.5,
20250422,10:03:24,-44.4,
20250422,10:03:24,-44.3,
20250422,10:03:24,-44.2,
20250422,10:03:25,-44,
20250422,10:03:25,-43.9,
20250422,10:03:25,-43.8,
20250422,10:03:26,-43.7,
20250422,10:03:26,-43.7,
20250422,10:03:26,-43.6,
20250422,10:03:26,-43.6,
20250422,10:03:27,-43.8,
20250422,10:03:27,-44.2,
20250422,10:03:27,-44.5,
20250422,10:03:27,-44.7,
20250422,10:03:28,-44.8,
20250422,10:03:28,-44.7,
20250422,10:03:28,-44.7,
20250422,10:03:29,-44.6,
20250422,10:03:29,-44.4,
20250422,10:03:29,-44.3,
20250422,10:03:29,-44.2,
20250422,10:03:30,-44.2,
20250422,10:03:30,-44.1,
20250422,10:03:30,-44.1,
20250422,10:03:30,-44,
20250422,10:03:31,-44,
20250422,10:03:31,-43.9,
20250422,10:03:31,-43.8,
20250422,10:03:32,-43.7,
20250422,10:03:32,-43.6,
20250422,10:03:32,-43.5,
20250422,10:03:32,-43.4,
20250422,10:03:33,-43.4,
20250422,10:03:33,-43.3,
20250422,10:03:33,-43.1,
20250422,10:03:34,-43,
20250422,10:03:34,-42.9,
20250422,10:03:34,-42.7,
20250422,10:03:34,-42.6,
20250422,10:03:35,-42.6,
20250422,10:03:35,-42.4,
20250422,10:03:35,-42.3,
20250422,10:03:35,-42.3,
20250422,10:03:36,-42,
20250422,10:03:36,-41.9,
20250422,10:03:36,-41.7,
20250422,10:03:37,-41.7,
20250422,10:03:37,-42.1,
20250422,10:03:37,-42.7,
20250422,10:03:37,-43.5,
20250422,10:03:38,-43.9,
20250422,10:03:38,-44.1,
20250422,10:03:38,-44.1,
20250422,10:03:39,-44,
20250422,10:03:39,-43.7,
20250422,10:03:39,-43.5,
20250422,10:03:39,-43.3,
20250422,10:03:40,-43.2,
20250422,10:03:40,-43,
20250422,10:03:40,-43.1,
20250422,10:03:40,-43.2,
20250422,10:03:41,-43.3,
20250422,10:03:41,-43.3,
20250422,10:03:41,-43.2,
20250422,10:03:42,-43.1,
20250422,10:03:42,-42.9,
20250422,10:03:42,-42.8,
20250422,10:03:42,-42.6,
20250422,10:03:43,-42.4,
20250422,10:03:43,-42.3,
20250422,10:03:43,-42.2,
20250422,10:03:43,-42.1,
20250422,10:03:44,-42,
20250422,10:03:44,-41.9,
20250422,10:03:44,-41.9,
20250422,10:03:45,-41.9,
20250422,10:03:45,-41.8,
20250422,10:03:45,-41.7,
20250422,10:03:45,-41.7,
20250422,10:03:46,-41.7,
20250422,10:03:46,-41.7,
20250422,10:03:46,-42.2,
20250422,10:03:47,-42.9,
20250422,10:03:47,-43.5,
20250422,10:03:47,-44,
20250422,10:03:47,-44.2,
20250422,10:03:48,-44.3,
20250422,10:03:48,-44.1,
20250422,10:03:48,-44.1,
20250422,10:03:48,-43.9,
20250422,10:03:49,-43.8,
20250422,10:03:49,-43.7,
20250422,10:03:49,-43.6,
20250422,10:03:50,-43.5,
20250422,10:03:50,-43.4,
20250422,10:03:50,-43.4,
20250422,10:03:50,-43.3,
20250422,10:03:51,-43.3,
20250422,10:03:51,-43.2,
20250422,10:03:51,-43.3,
20250422,10:03:52,-43.4,
20250422,10:03:52,-43.4,
20250422,10:03:52,-43.5,
20250422,10:03:52,-43.5,
20250422,10:03:53,-43.4,
20250422,10:03:53,-43.4,
20250422,10:03:53,-43.4,
20250422,10:03:53,-43.5,
20250422,10:03:54,-43.9,
20250422,10:03:54,-44.4,
20250422,10:03:54,-44.7,
20250422,10:03:55,-44.6,
20250422,10:03:55,-44.6,
20250422,10:03:55,-44.4,
20250422,10:03:55,-44.3,
20250422,10:03:56,-44.1,
20250422,10:03:56,-43.9,
20250422,10:03:56,-43.8,
20250422,10:03:57,-43.6,
20250422,10:03:57,-43.5,
20250422,10:03:57,-43.4,
20250422,10:03:57,-43.4,
20250422,10:03:58,-43.2,
20250422,10:03:58,-43.1,
20250422,10:03:58,-43,
20250422,10:03:58,-43,
20250422,10:03:59,-42.9,
20250422,10:03:59,-42.9,
20250422,10:03:59,-42.7,
20250422,10:04:00,-42.7,
20250422,10:04:00,-42.6,
20250422,10:04:00,-42.4,
20250422,10:04:00,-42.3,
20250422,10:04:01,-42.2,
20250422,10:04:01,-42,
20250422,10:04:01,-41.7,
20250422,10:04:02,-41.7,
20250422,10:04:02,-41.7,
20250422,10:04:02,-41.7,
20250422,10:04:02,-41.8,
20250422,10:04:03,-41.8,
20250422,10:04:03,-42,
20250422,10:04:03,-42.2,
20250422,10:04:03,-42.6,
20250422,10:04:04,-42.9,
20250422,10:04:04,-43.2,
20250422,10:04:04,-43.4,
20250422,10:04:05,-43.4,
20250422,10:04:05,-43.4,
20250422,10:04:05,-43.2,
20250422,10:04:05,-43.2,
20250422,10:04:06,-43.2,
20250422,10:04:06,-43.2,
20250422,10:04:06,-43.2,
20250422,10:04:07,-43.3,
20250422,10:04:07,-43.2,
20250422,10:04:07,-43,
20250422,10:04:07,-42.9,
20250422,10:04:08,-42.9,
20250422,10:04:08,-42.8,
20250422,10:04:08,-42.8,
20250422,10:04:08,-43.1,
20250422,10:04:09,-43.9,
20250422,10:04:09,-44.8,
20250422,10:04:09,-45.1,
20250422,10:04:10,-45.1,
20250422,10:04:10,-45,
20250422,10:04:10,-44.8,
20250422,10:04:10,-44.7,
20250422,10:04:11,-44.6,
20250422,10:04:11,-44.6,
20250422,10:04:11,-44.6,
20250422,10:04:11,-44.6,
20250422,10:04:12,-44.6,
20250422,10:04:12,-44.6,
20250422,10:04:12,-44.8,
20250422,10:04:13,-44.8,
20250422,10:04:13,-45,
20250422,10:04:13,-45.1,
20250422,10:04:13,-45.1,
20250422,10:04:14,-45.1,
20250422,10:04:14,-45,
20250422,10:04:14,-44.8,
20250422,10:04:15,-44.7,
20250422,10:04:15,-44.6,
20250422,10:04:15,-44.5,
20250422,10:04:15,-44.4,
20250422,10:04:16,-44.4,
20250422,10:04:16,-44.3,
20250422,10:04:16,-44,
20250422,10:04:16,-43.6,
20250422,10:04:17,-43.4,
20250422,10:04:17,-43.4,
20250422,10:04:17,-43.6,
20250422,10:04:18,-43.6,
20250422,10:04:18,-43.7,
20250422,10:04:18,-43.7,
20250422,10:04:18,-43.7,
20250422,10:04:19,-43.7,
20250422,10:04:19,-43.7,
20250422,10:04:19,-43.7,
20250422,10:04:20,-43.7,
20250422,10:04:20,-43.6,
20250422,10:04:20,-43.6,
20250422,10:04:20,-43.5,
20250422,10:04:21,-43.4,
20250422,10:04:21,-43.3,
20250422,10:04:21,-43.3,
20250422,10:04:21,-43.3,
20250422,10:04:22,-43.2,
20250422,10:04:22,-43.2,
20250422,10:04:22,-43.2,
20250422,10:04:23,-43.1,
20250422,10:04:23,-43,
20250422,10:04:23,-43,
20250422,10:04:23,-42.9,
20250422,10:04:24,-42.8,
20250422,10:04:24,-42.7,
20250422,10:04:24,-42.6,
20250422,10:04:24,-42.4,
20250422,10:04:25,-42.2,
20250422,10:04:25,-42,
20250422,10:04:25,-41.7,
20250422,10:04:26,-41.5,
20250422,10:04:26,-41.2,
20250422,10:04:26,-40.9,
20250422,10:04:26,-40.8,
20250422,10:04:27,-40.6,
20250422,10:04:27,-40.3,
20250422,10:04:27,-40,
20250422,10:04:28,-40,
20250422,10:04:28,-39.8,
20250422,10:04:28,-39.5,
20250422,10:04:28,-39.4,
20250422,10:04:29,-39.2,
20250422,10:04:29,-39.2,
20250422,10:04:29,-39.1,
20250422,10:04:29,-39.1,
20250422,10:04:30,-38.9,
20250422,10:04:30,-39,
20250422,10:04:30,-39.1,
20250422,10:04:31,-39.2,
20250422,10:04:31,-39.4,
20250422,10:04:31,-39.6,
20250422,10:04:31,-39.6,
20250422,10:04:32,-39.6,
20250422,10:04:32,-39.5,
20250422,10:04:32,-39.4,
20250422,10:04:33,-39.2,
20250422,10:04:33,-39.2,
20250422,10:04:33,-39,
20250422,10:04:33,-38.8,
20250422,10:04:34,-38.7,
20250422,10:04:34,-38.5,
20250422,10:04:34,-38.4,
20250422,10:04:34,-38.3,
20250422,10:04:35,-38.3,
20250422,10:04:35,-38.2,
20250422,10:04:35,-38.1,
20250422,10:04:36,-37.9,
20250422,10:04:36,-37.7,
20250422,10:04:36,-37.6,
20250422,10:04:36,-37.5,
20250422,10:04:37,-37.4,
20250422,10:04:37,-37.3,
20250422,10:04:37,-37.1,
20250422,10:04:38,-36.8,
20250422,10:04:38,-36.8,
20250422,10:04:38,-36.6,
20250422,10:04:38,-36.5,
20250422,10:04:39,-36.4,
20250422,10:04:39,-36.3,
20250422,10:04:39,-36.2,
20250422,10:04:39,-36.1,
20250422,10:04:40,-36,
20250422,10:04:40,-35.9,
20250422,10:04:40,-35.8,
20250422,10:04:41,-35.7,
20250422,10:04:41,-35.5,
20250422,10:04:41,-35.4,
20250422,10:04:41,-35.2,
20250422,10:04:42,-35,
20250422,10:04:42,-34.8,
20250422,10:04:42,-34.7,
20250422,10:04:43,-34.4,
20250422,10:04:43,-34.2,
20250422,10:04:43,-34,
20250422,10:04:43,-33.9,
20250422,10:04:44,-33.7,
20250422,10:04:44,-33.6,
20250422,10:04:44,-33.5,
20250422,10:04:44,-33.3,
20250422,10:04:45,-33.2,
20250422,10:04:45,-33,
20250422,10:04:45,-32.8,
20250422,10:04:46,-32.7,
20250422,10:04:46,-32.6,
20250422,10:04:46,-32.6,
20250422,10:04:46,-32.9,
20250422,10:04:47,-33.2,
20250422,10:04:47,-33.6,
20250422,10:04:47,-34,
20250422,10:04:48,-34.8,
20250422,10:04:48,-35.7,
20250422,10:04:48,-36.8,
20250422,10:04:48,-38,
20250422,10:04:49,-38.8,
20250422,10:04:49,-39.4,
20250422,10:04:49,-39.7,
20250422,10:04:49,-40,
20250422,10:04:50,-40.2,
20250422,10:04:50,-40.7,
20250422,10:04:50,-40.9,
20250422,10:04:51,-41,
20250422,10:04:51,-41.1,
20250422,10:04:51,-41.1,
20250422,10:04:51,-41.3,
20250422,10:04:52,-41.3,
20250422,10:04:52,-41.4,
20250422,10:04:52,-41.6,
20250422,10:04:52,-41.7,
20250422,10:04:53,-42,
20250422,10:04:53,-42.3,
20250422,10:04:53,-42.5,
20250422,10:04:54,-42.6,
20250422,10:04:54,-42.6,
20250422,10:04:54,-42.6,
20250422,10:04:54,-42.6,
20250422,10:04:55,-42.6,
20250422,10:04:55,-42.5,
20250422,10:04:55,-42.5,
20250422,10:04:56,-42.4,
20250422,10:04:56,-42.2,
20250422,10:04:56,-42.1,
20250422,10:04:56,-42,
20250422,10:04:57,-42,
20250422,10:04:57,-41.8,
20250422,10:04:57,-41.5,
20250422,10:04:57,-41.4,
20250422,10:04:58,-41.4,
20250422,10:04:58,-41.2,
20250422,10:04:58,-41.2,
20250422,10:04:59,-41,
20250422,10:04:59,-40.8,
20250422,10:04:59,-40.6,
20250422,10:04:59,-40.5,
20250422,10:05:00,-40.3,
20250422,10:05:00,-40.1,
20250422,10:05:00,-40,
20250422,10:05:01,-39.8,
20250422,10:05:01,-39.6,
20250422,10:05:01,-39.4,
20250422,10:05:01,-39.2,
20250422,10:05:02,-39,
20250422,10:05:02,-38.9,
20250422,10:05:02,-38.7,
20250422,10:05:02,-38.5,
20250422,10:05:03,-38.3,
20250422,10:05:03,-38.3,
20250422,10:05:03,-38.2,
20250422,10:05:04,-37.9,
20250422,10:05:04,-37.7,
20250422,10:05:04,-37.5,
20250422,10:05:04,-37.4,
20250422,10:05:05,-37.2,
20250422,10:05:05,-36.9,
20250422,10:05:05,-36.8,
20250422,10:05:05,-36.7,
20250422,10:05:06,-36.7,
20250422,10:05:06,-36.6,
20250422,10:05:06,-36.7,
20250422,10:05:07,-36.7,
20250422,10:05:07,-36.7,
20250422,10:05:07,-36.7,
20250422,10:05:07,-36.6,
20250422,10:05:08,-36.6,
20250422,10:05:08,-36.5,
20250422,10:05:08,-36.5,
20250422,10:05:09,-36.4,
20250422,10:05:09,-36.3,
20250422,10:05:09,-36.2,
20250422,10:05:09,-36.1,
20250422,10:05:10,-36,
20250422,10:05:10,-35.8,
20250422,10:05:10,-35.7,
20250422,10:05:11,-35.6,
20250422,10:05:11,-35.5,
20250422,10:05:11,-35.3,
20250422,10:05:11,-35.1,
20250422,10:05:12,-35,
20250422,10:05:12,-34.9,
20250422,10:05:12,-34.6,
20250422,10:05:12,-34.4,
20250422,10:05:13,-34.3,
20250422,10:05:13,-34.1,
20250422,10:05:13,-34,
20250422,10:05:14,-33.8,
20250422,10:05:14,-33.7,
20250422,10:05:14,-33.6,
20250422,10:05:14,-33.3,
20250422,10:05:15,-33.2,
20250422,10:05:15,-33.2,
20250422,10:05:15,-32.9,
20250422,10:05:15,-32.7,
20250422,10:05:16,-32.5,
20250422,10:05:16,-32.3,
20250422,10:05:16,-32.3,
20250422,10:05:17,-32.2,
20250422,10:05:17,-32.1,
20250422,10:05:17,-32,
20250422,10:05:17,-31.9,
20250422,10:05:18,-31.7,
20250422,10:05:18,-31.8,
20250422,10:05:18,-31.7,
20250422,10:05:19,-31.5,
20250422,10:05:19,-31.4,
20250422,10:05:19,-31.4,
20250422,10:05:19,-31.2,
20250422,10:05:20,-31.1,
20250422,10:05:20,-31.1,
20250422,10:05:20,-31.1,
20250422,10:05:20,-31.2,
20250422,10:05:21,-31.6,
20250422,10:05:21,-32,
20250422,10:05:21,-32.2,
20250422,10:05:22,-32.4,
20250422,10:05:22,-32.4,
20250422,10:05:22,-32.3,
20250422,10:05:22,-31.6,
20250422,10:05:23,-30.7,
20250422,10:05:23,-30,
20250422,10:05:23,-29.7,
20250422,10:05:24,-29.5,
20250422,10:05:24,-29.2,
20250422,10:05:24,-29,
20250422,10:05:24,-28.9,
20250422,10:05:25,-28.9,
20250422,10:05:25,-28.7,
20250422,10:05:25,-28.5,
20250422,10:05:25,-28.4,
20250422,10:05:26,-28.4,
20250422,10:05:26,-28.1,
20250422,10:05:26,-28.1,
20250422,10:05:27,-28,
20250422,10:05:27,-28,
20250422,10:05:27,-28,
20250422,10:05:27,-27.8,
20250422,10:05:28,-27.6,
20250422,10:05:28,-27.6,
20250422,10:05:28,-27.4,
20250422,10:05:29,-27.3,
20250422,10:05:29,-27.2,
20250422,10:05:29,-27.1,
20250422,10:05:29,-27,
20250422,10:05:30,-26.8,
20250422,10:05:30,-26.7,
20250422,10:05:30,-26.6,
20250422,10:05:30,-26.6,
20250422,10:05:31,-26.5,
20250422,10:05:31,-27,
20250422,10:05:31,-28,
20250422,10:05:32,-29.1,
20250422,10:05:32,-30.6,
20250422,10:05:32,-31.6,
20250422,10:05:32,-32.6,
20250422,10:05:33,-33.2,
20250422,10:05:33,-33.5,
20250422,10:05:33,-33.7,
20250422,10:05:33,-33.9,
20250422,10:05:34,-33.9,
20250422,10:05:34,-34,
20250422,10:05:34,-33.9,
20250422,10:05:35,-34.2,
20250422,10:05:35,-34.6,
20250422,10:05:35,-35.3,
20250422,10:05:35,-36.2,
20250422,10:05:36,-36.7,
20250422,10:05:36,-37.4,
20250422,10:05:36,-37.8,
20250422,10:05:37,-38.2,
20250422,10:05:37,-38.2,
20250422,10:05:37,-38.3,
20250422,10:05:37,-38.2,
20250422,10:05:38,-38.2,
20250422,10:05:38,-38,
20250422,10:05:38,-37.9,
20250422,10:05:39,-37.8,
20250422,10:05:39,-37.6,
20250422,10:05:39,-37.4,
20250422,10:05:39,-37.4,
20250422,10:05:40,-37.1,
20250422,10:05:40,-36.9,
20250422,10:05:40,-36.8,
20250422,10:05:40,-36.6,
20250422,10:05:41,-36.6,
20250422,10:05:41,-36.6,
20250422,10:05:41,-36.5,
20250422,10:05:42,-36.5,
20250422,10:05:42,-36.4,
20250422,10:05:42,-36.2,
20250422,10:05:42,-36.1,
20250422,10:05:43,-35.8,
20250422,10:05:43,-35.7,
20250422,10:05:43,-35.4,
20250422,10:05:43,-35.2,
20250422,10:05:44,-34.9,
20250422,10:05:44,-34.8,
20250422,10:05:44,-34.6,
20250422,10:05:45,-34.3,
20250422,10:05:45,-34.2,
20250422,10:05:45,-33.9,
20250422,10:05:45,-33.8,
20250422,10:05:46,-33.6,
20250422,10:05:46,-33.5,
20250422,10:05:46,-33.2,
20250422,10:05:46,-33,
20250422,10:05:47,-33,
20250422,10:05:47,-32.8,
20250422,10:05:47,-32.7,
20250422,10:05:48,-32.5,
20250422,10:05:48,-32.3,
20250422,10:05:48,-32.3,
20250422,10:05:48,-32.1,
20250422,10:05:49,-31.9,
20250422,10:05:49,-31.9,
20250422,10:05:49,-31.9,
20250422,10:05:50,-32.1,
20250422,10:05:50,-32.2,
20250422,10:05:50,-32,
20250422,10:05:50,-32.1,
20250422,10:05:51,-32.1,
20250422,10:05:51,-32,
20250422,10:05:51,-31.8,
20250422,10:05:52,-31.8,
20250422,10:05:52,-31.6,
20250422,10:05:52,-31.5,
20250422,10:05:52,-31.9,
20250422,10:05:53,-32.1,
20250422,10:05:53,-32.2,
20250422,10:05:53,-32.5,
20250422,10:05:53,-32.6,
20250422,10:05:54,-32.6,
20250422,10:05:54,-32.6,
20250422,10:05:54,-32.4,
20250422,10:05:55,-32.5,
20250422,10:05:55,-32.3,
20250422,10:05:55,-32.3,
20250422,10:05:55,-32.9,
20250422,10:05:56,-34.2,
20250422,10:05:56,-35.8,
20250422,10:05:56,-37.4,
20250422,10:05:56,-38.7,
20250422,10:05:57,-39.6,
20250422,10:05:57,-40.2,
20250422,10:05:57,-40.9,
20250422,10:05:58,-41,
20250422,10:05:58,-41.6,
20250422,10:05:58,-41.9,
20250422,10:05:58,-42.3,
20250422,10:05:59,-42.5,
20250422,10:05:59,-42.6,
20250422,10:05:59,-42.6,
20250422,10:06:00,-42.7,
20250422,10:06:00,-42.7,
20250422,10:06:00,-42.8,
20250422,10:06:00,-42.9,
20250422,10:06:01,-43.3,
20250422,10:06:01,-43.4,
20250422,10:06:01,-43.8,
20250422,10:06:01,-44,
20250422,10:06:02,-44.3,
20250422,10:06:02,-44.6,
20250422,10:06:02,-45.3,
20250422,10:06:03,-45.9,
20250422,10:06:03,-45.5,
20250422,10:06:03,-44.7,
20250422,10:06:03,-43.8,
20250422,10:06:04,-42.9,
20250422,10:06:04,-42.2,
20250422,10:06:04,-41.6,
20250422,10:06:05,-41.5,
20250422,10:06:05,-41.8,
20250422,10:06:05,-42.3,
20250422,10:06:05,-42.8,
20250422,10:06:06,-43.5,
20250422,10:06:06,-44.3,
20250422,10:06:06,-45.1,
20250422,10:06:06,-45.7,
20250422,10:06:07,-46.4,
20250422,10:06:07,-47.1,
20250422,10:06:07,-47.8,
20250422,10:06:08,-48.3,
20250422,10:06:08,-49,
20250422,10:06:08,-49.2,
20250422,10:06:08,-49.4,
20250422,10:06:09,-49.5,
20250422,10:06:09,-49.7,
20250422,10:06:09,-49.9,
20250422,10:06:10,-50,
20250422,10:06:10,-50.2,
20250422,10:06:10,-50.3,
20250422,10:06:10,-50.3,
20250422,10:06:11,-50.3,
20250422,10:06:11,-50.5,
20250422,10:06:11,-50.4,
20250422,10:06:11,-50.3,
20250422,10:06:12,-50.3,
20250422,10:06:12,-50.1,
20250422,10:06:12,-50.1,
20250422,10:06:13,-49.8,
20250422,10:06:13,-49.7,
20250422,10:06:13,-49.4,
20250422,10:06:13,-49.4,
20250422,10:06:14,-49.3,
20250422,10:06:14,-49.1,
20250422,10:06:14,-49.1,
20250422,10:06:14,-49,
20250422,10:06:15,-48.8,
20250422,10:06:15,-48.6,
20250422,10:06:15,-48.5,
20250422,10:06:16,-48.2,
20250422,10:06:16,-48,
20250422,10:06:16,-47.8,
20250422,10:06:16,-47.6,
20250422,10:06:17,-47.3,
20250422,10:06:17,-47.1,
20250422,10:06:17,-46.9,
20250422,10:06:18,-46.8,
20250422,10:06:18,-46.4,
20250422,10:06:18,-46.4,
20250422,10:06:18,-46.2,
20250422,10:06:19,-46.2,
20250422,10:06:19,-46.5,
20250422,10:06:19,-46.6,
20250422,10:06:19,-46.6,
20250422,10:06:20,-46.4,
20250422,10:06:20,-46,
20250422,10:06:20,-45.8,
20250422,10:06:21,-45.5,
20250422,10:06:21,-45.1,
20250422,10:06:21,-44.6,
20250422,10:06:21,-44.3,
20250422,10:06:22,-44,
20250422,10:06:22,-44,
20250422,10:06:22,-44.2,
20250422,10:06:23,-44.3,
20250422,10:06:23,-44.5,
20250422,10:06:23,-44.9,
20250422,10:06:23,-45.1,
20250422,10:06:24,-45.2,
20250422,10:06:24,-45.4,
20250422,10:06:24,-45.5,
20250422,10:06:25,-45.2,
20250422,10:06:25,-45,
20250422,10:06:25,-44.7,
20250422,10:06:25,-44.3,
20250422,10:06:26,-44.1,
20250422,10:06:26,-43.8,
20250422,10:06:26,-43.6,
20250422,10:06:26,-43.5,
20250422,10:06:27,-43.4,
20250422,10:06:27,-43.3,
20250422,10:06:27,-43.3,
20250422,10:06:27,-43.2,
20250422,10:06:28,-43,
20250422,10:06:28,-43,
20250422,10:06:28,-42.9,
20250422,10:06:29,-43.1,
20250422,10:06:29,-43.1,
20250422,10:06:29,-43,
20250422,10:06:29,-43.1,
20250422,10:06:30,-43.3,
20250422,10:06:30,-43.2,
20250422,10:06:30,-42.4,
20250422,10:06:31,-41.5,
20250422,10:06:31,-40.6,
20250422,10:06:31,-40,
20250422,10:06:31,-39.8,
20250422,10:06:32,-40,
20250422,10:06:32,-40.1,
20250422,10:06:32,-40.4,
20250422,10:06:33,-40.8,
20250422,10:06:33,-41.1,
20250422,10:06:33,-41.7,
20250422,10:06:33,-42.5,
20250422,10:06:34,-43,
20250422,10:06:34,-43.2,
20250422,10:06:34,-43.1,
20250422,10:06:34,-43,
20250422,10:06:35,-42.8,
20250422,10:06:35,-42.6,
20250422,10:06:35,-42.8,
20250422,10:06:36,-42.8,
20250422,10:06:36,-43.2,
20250422,10:06:36,-43.4,
20250422,10:06:36,-43.5,
20250422,10:06:37,-43,
20250422,10:06:37,-42.4,
20250422,10:06:37,-41.8,
20250422,10:06:37,-41.5,
20250422,10:06:38,-41.5,
20250422,10:06:38,-41.7,
20250422,10:06:38,-41.9,
20250422,10:06:39,-42.3,
20250422,10:06:39,-42.7,
20250422,10:06:39,-42.9,
20250422,10:06:39,-43.2,
20250422,10:06:40,-43.4,
20250422,10:06:40,-43.4,
20250422,10:06:40,-43.5,
20250422,10:06:41,-43.6,
20250422,10:06:41,-43.6,
20250422,10:06:41,-43.7,
20250422,10:06:41,-43.8,
20250422,10:06:42,-44,
20250422,10:06:42,-44.1,
20250422,10:06:42,-44.1,
20250422,10:06:42,-44.1,
20250422,10:06:43,-43.8,
20250422,10:06:43,-43.5,
20250422,10:06:43,-43.4,
20250422,10:06:44,-43.2,
20250422,10:06:44,-43,
20250422,10:06:44,-43,
20250422,10:06:44,-42.9,
20250422,10:06:45,-42.9,
20250422,10:06:45,-42.9,
20250422,10:06:45,-42.8,
20250422,10:06:46,-42.6,
20250422,10:06:46,-42.6,
20250422,10:06:46,-42.6,
20250422,10:06:46,-42.5,
20250422,10:06:47,-42.4,
20250422,10:06:47,-42.3,
20250422,10:06:47,-42.1,
20250422,10:06:47,-42,
20250422,10:06:48,-41.8,
20250422,10:06:48,-41.8,
20250422,10:06:48,-41.7,
20250422,10:06:49,-41.5,
20250422,10:06:49,-41.4,
20250422,10:06:49,-41.2,
20250422,10:06:49,-41,
20250422,10:06:50,-40.9,
20250422,10:06:50,-40.7,
20250422,10:06:50,-40.5,
20250422,10:06:51,-40.3,
20250422,10:06:51,-40.1,
20250422,10:06:51,-40,
20250422,10:06:51,-39.8,
20250422,10:06:52,-39.6,
20250422,10:06:52,-39.5,
20250422,10:06:52,-39.5,
20250422,10:06:52,-39.3,
20250422,10:06:53,-39.2,
20250422,10:06:53,-39.1,
20250422,10:06:53,-39,
20250422,10:06:54,-38.8,
20250422,10:06:54,-38.6,
20250422,10:06:54,-38.4,
20250422,10:06:54,-38.1,
20250422,10:06:55,-38,
20250422,10:06:55,-37.8,
20250422,10:06:55,-37.5,
20250422,10:06:55,-37.4,
20250422,10:06:56,-37.1,
20250422,10:06:56,-37,
20250422,10:06:56,-36.8,
20250422,10:06:57,-36.6,
20250422,10:06:57,-36.4,
20250422,10:06:57,-36.2,
20250422,10:06:57,-36,
20250422,10:06:58,-35.9,
20250422,10:06:58,-35.6,
20250422,10:06:58,-35.3,
20250422,10:06:59,-35.1,
20250422,10:06:59,-34.9,
20250422,10:06:59,-34.7,
20250422,10:06:59,-34.4,
20250422,10:07:00,-34.1,
20250422,10:07:00,-33.8,
20250422,10:07:00,-33.6,
20250422,10:07:00,-33.2,
20250422,10:07:01,-33,
20250422,10:07:01,-32.9,
20250422,10:07:01,-32.6,
20250422,10:07:02,-32.3,
20250422,10:07:02,-32.3,
20250422,10:07:02,-32.1,
20250422,10:07:02,-32,
20250422,10:07:03,-31.8,
20250422,10:07:03,-31.9,
20250422,10:07:03,-32.3,
20250422,10:07:04,-32.9,
20250422,10:07:04,-33.9,
20250422,10:07:04,-34.9,
20250422,10:07:04,-36,
20250422,10:07:05,-36.6,
20250422,10:07:05,-37.1,
20250422,10:07:05,-37.2,
20250422,10:07:05,-37.3,
20250422,10:07:06,-37.6,
20250422,10:07:06,-37.9,
20250422,10:07:06,-38.2,
20250422,10:07:07,-38.5,
20250422,10:07:07,-38.7,
20250422,10:07:07,-38.9,
20250422,10:07:07,-39.2,
20250422,10:07:08,-39.9,
20250422,10:07:08,-40.9,
20250422,10:07:08,-41.4,
20250422,10:07:08,-41.4,
20250422,10:07:09,-41,
20250422,10:07:09,-40.7,
20250422,10:07:09,-40.6,
20250422,10:07:10,-40.7,
20250422,10:07:10,-40.9,
20250422,10:07:10,-41,
20250422,10:07:10,-40.3,
20250422,10:07:11,-39.2,
20250422,10:07:11,-38.3,
20250422,10:07:11,-37.7,
20250422,10:07:12,-37.4,
20250422,10:07:12,-37.4,
20250422,10:07:12,-37.8,
20250422,10:07:12,-38.5,
20250422,10:07:13,-39.7,
20250422,10:07:13,-40.8,
20250422,10:07:13,-41.2,
20250422,10:07:14,-40.5,
20250422,10:07:14,-39.2,
20250422,10:07:14,-37.8,
20250422,10:07:14,-36.9,
20250422,10:07:15,-36.6,
20250422,10:07:15,-36.8,
20250422,10:07:15,-37.4,
20250422,10:07:15,-38.5,
20250422,10:07:16,-39.9,
20250422,10:07:16,-41.3,
20250422,10:07:16,-42.7,
20250422,10:07:17,-43.8,
20250422,10:07:17,-44.4,
20250422,10:07:17,-44.6,
20250422,10:07:17,-44.5,
20250422,10:07:18,-44.3,
20250422,10:07:18,-44.1,
20250422,10:07:18,-44.2,
20250422,10:07:18,-44.3,
20250422,10:07:19,-44.6,
20250422,10:07:19,-45.1,
20250422,10:07:19,-45.7,
20250422,10:07:20,-46.3,
20250422,10:07:20,-46.5,
20250422,10:07:20,-46.5,
20250422,10:07:20,-46.5,
20250422,10:07:21,-46.4,
20250422,10:07:21,-46.7,
20250422,10:07:21,-46.8,
20250422,10:07:22,-46.4,
20250422,10:07:22,-45.1,
20250422,10:07:22,-42.8,
20250422,10:07:22,-40.4,
20250422,10:07:23,-38.4,
20250422,10:07:23,-37.4,
20250422,10:07:23,-37,
20250422,10:07:23,-37.1,
20250422,10:07:24,-37.6,
20250422,10:07:24,-38.3,
20250422,10:07:24,-39.1,
20250422,10:07:25,-40,
20250422,10:07:25,-40.9,
20250422,10:07:25,-41.7,
20250422,10:07:25,-42.6,
20250422,10:07:26,-43.2,
20250422,10:07:26,-43.8,
20250422,10:07:26,-44.3,
20250422,10:07:27,-44.7,
20250422,10:07:27,-45.1,
20250422,10:07:27,-45.1,
20250422,10:07:27,-45.2,
20250422,10:07:28,-45.4,
20250422,10:07:28,-45.5,
20250422,10:07:28,-45.5,
20250422,10:07:29,-45.5,
20250422,10:07:29,-45.4,
20250422,10:07:29,-45.4,
20250422,10:07:29,-45.3,
20250422,10:07:30,-45.2,
20250422,10:07:30,-45.1,
20250422,10:07:30,-45.1,
20250422,10:07:30,-44.9,
20250422,10:07:31,-44.8,
20250422,10:07:31,-44.7,
20250422,10:07:31,-44.6,
20250422,10:07:32,-44.3,
20250422,10:07:32,-44.2,
20250422,10:07:32,-44,
20250422,10:07:32,-43.8,
20250422,10:07:33,-43.6,
20250422,10:07:33,-43.3,
20250422,10:07:33,-43.2,
20250422,10:07:33,-43,
20250422,10:07:34,-42.7,
20250422,10:07:34,-42.5,
20250422,10:07:34,-42.3,
20250422,10:07:35,-42.1,
20250422,10:07:35,-41.7,
20250422,10:07:35,-41.6,
20250422,10:07:35,-41.3,
20250422,10:07:36,-41.1,
20250422,10:07:36,-40.9,
20250422,10:07:36,-40.7,
20250422,10:07:37,-40.5,
20250422,10:07:37,-40.3,
20250422,10:07:37,-40,
20250422,10:07:37,-39.8,
20250422,10:07:38,-39.6,
20250422,10:07:38,-39.2,
20250422,10:07:38,-39,
20250422,10:07:38,-38.6,
20250422,10:07:39,-38.4,
20250422,10:07:39,-38.2,
20250422,10:07:39,-38.1,
20250422,10:07:40,-37.7,
20250422,10:07:40,-37.6,
20250422,10:07:40,-37.4,
20250422,10:07:40,-37.3,
20250422,10:07:41,-37,
20250422,10:07:41,-36.7,
20250422,10:07:41,-36.6,
20250422,10:07:41,-36.4,
20250422,10:07:42,-36.1,
20250422,10:07:42,-35.9,
20250422,10:07:42,-35.7,
20250422,10:07:43,-36,
20250422,10:07:43,-36.8,
20250422,10:07:43,-38.1,
20250422,10:07:43,-39.2,
20250422,10:07:44,-40.1,
20250422,10:07:44,-40.5,
20250422,10:07:44,-40.5,
20250422,10:07:45,-40.5,
20250422,10:07:45,-40.7,
20250422,10:07:45,-40.8,
20250422,10:07:45,-40.9,
20250422,10:07:46,-41,
20250422,10:07:46,-41.2,
20250422,10:07:46,-41.3,
20250422,10:07:46,-41.4,
20250422,10:07:47,-41.5,
20250422,10:07:47,-41.6,
20250422,10:07:47,-41.6,
20250422,10:07:48,-41.6,
20250422,10:07:48,-41.6,
20250422,10:07:48,-41.6,
20250422,10:07:48,-41.5,
20250422,10:07:49,-41.5,
20250422,10:07:49,-41.4,
20250422,10:07:49,-41.3,
20250422,10:07:50,-41.1,
20250422,10:07:50,-41.1,
20250422,10:07:50,-41.1,
20250422,10:07:50,-41.4,
20250422,10:07:51,-41.6,
20250422,10:07:51,-41.7,
20250422,10:07:51,-41.9,
20250422,10:07:51,-42.1,
20250422,10:07:52,-42.4,
20250422,10:07:52,-42.7,
20250422,10:07:52,-43.4,
20250422,10:07:53,-43.8,
20250422,10:07:53,-43.9,
20250422,10:07:53,-43.9,
20250422,10:07:53,-43.6,
20250422,10:07:54,-43.5,
20250422,10:07:54,-43.4,
20250422,10:07:54,-43.4,
20250422,10:07:55,-43.4,
20250422,10:07:55,-43.6,
20250422,10:07:55,-43.7,
20250422,10:07:55,-43.7,
20250422,10:07:56,-43.8,
20250422,10:07:56,-43.9,
20250422,10:07:56,-43.9,
20250422,10:07:56,-43.9,
20250422,10:07:57,-43.8,
20250422,10:07:57,-43.8,
20250422,10:07:57,-43.8,
20250422,10:07:58,-43.8,
20250422,10:07:58,-43.9,
20250422,10:07:58,-44,
20250422,10:07:58,-44.1,
20250422,10:07:59,-44.1,
20250422,10:07:59,-44.1,
20250422,10:07:59,-44.3,
20250422,10:07:59,-44.6,
20250422,10:08:00,-45.1,
20250422,10:08:00,-45.4,
20250422,10:08:00,-45.6,
20250422,10:08:01,-45.6,
20250422,10:08:01,-45.5,
20250422,10:08:01,-45.4,
20250422,10:08:01,-45.2,
20250422,10:08:02,-45.2,
20250422,10:08:02,-45.1,
20250422,10:08:02,-45.1,
20250422,10:08:03,-45,
20250422,10:08:03,-44.9,
20250422,10:08:03,-44.7,
20250422,10:08:03,-44.7,
20250422,10:08:04,-44.6,
20250422,10:08:04,-44.5,
20250422,10:08:04,-44.3,
20250422,10:08:04,-44.3,
20250422,10:08:05,-44.3,
20250422,10:08:05,-44.2,
20250422,10:08:05,-44,
20250422,10:08:06,-43.8,
20250422,10:08:06,-43.8,
20250422,10:08:06,-43.7,
20250422,10:08:06,-43.6,
20250422,10:08:07,-43.4,
20250422,10:08:07,-43.3,
20250422,10:08:07,-43.1,
20250422,10:08:08,-43,
20250422,10:08:08,-43.1,
20250422,10:08:08,-43.4,
20250422,10:08:08,-44.2,
20250422,10:08:09,-44.9,
20250422,10:08:09,-45.5,
20250422,10:08:09,-45.8,
20250422,10:08:09,-45.8,
20250422,10:08:10,-45.8,
20250422,10:08:10,-45.6,
20250422,10:08:10,-45.5,
20250422,10:08:11,-45.4,
20250422,10:08:11,-45.4,
20250422,10:08:11,-45.2,
20250422,10:08:11,-45.1,
20250422,10:08:12,-45,
20250422,10:08:12,-44.9,
20250422,10:08:12,-44.8,
20250422,10:08:13,-44.7,
20250422,10:08:13,-44.6,
20250422,10:08:13,-44.4,
20250422,10:08:13,-44.4,
20250422,10:08:14,-44.3,
20250422,10:08:14,-44.2,
20250422,10:08:14,-44.1,
20250422,10:08:14,-43.9,
20250422,10:08:15,-43.8,
20250422,10:08:15,-43.6,
20250422,10:08:15,-43.4,
20250422,10:08:16,-43.4,
20250422,10:08:16,-43.4,
20250422,10:08:16,-43.6,
20250422,10:08:16,-43.5,
20250422,10:08:17,-43.8,
20250422,10:08:17,-43.8,
20250422,10:08:17,-43.8,
20250422,10:08:18,-43.8,
20250422,10:08:18,-43.8,
20250422,10:08:18,-43.7,
20250422,10:08:18,-43.6,
20250422,10:08:19,-43.6,
20250422,10:08:19,-43.4,
20250422,10:08:19,-43.4,
20250422,10:08:19,-43.3,
20250422,10:08:20,-43.1,
20250422,10:08:20,-43.1,
20250422,10:08:20,-42.9,
20250422,10:08:21,-42.8,
20250422,10:08:21,-42.6,
20250422,10:08:21,-42.5,
20250422,10:08:21,-42.4,
20250422,10:08:22,-42.1,
20250422,10:08:22,-42.1,
20250422,10:08:22,-41.8,
20250422,10:08:22,-41.7,
20250422,10:08:23,-41.6,
20250422,10:08:23,-41.5,
20250422,10:08:23,-41.3,
20250422,10:08:24,-41.1,
20250422,10:08:24,-41,
20250422,10:08:24,-40.8,
20250422,10:08:24,-40.7,
20250422,10:08:25,-40.5,
20250422,10:08:25,-40.3,
20250422,10:08:25,-40,
20250422,10:08:26,-40,
20250422,10:08:26,-39.8,
20250422,10:08:26,-39.6,
20250422,10:08:26,-39.4,
20250422,10:08:27,-39.2,
20250422,10:08:27,-39.1,
20250422,10:08:27,-38.9,
20250422,10:08:27,-38.6,
20250422,10:08:28,-38.5,
20250422,10:08:28,-38.2,
20250422,10:08:28,-38.1,
20250422,10:08:29,-37.8,
20250422,10:08:29,-37.6,
20250422,10:08:29,-37.4,
20250422,10:08:29,-37.3,
20250422,10:08:30,-37.1,
20250422,10:08:30,-36.9,
20250422,10:08:30,-37.3,
20250422,10:08:31,-38.1,
20250422,10:08:31,-39.2,
20250422,10:08:31,-40.2,
20250422,10:08:31,-41.1,
20250422,10:08:32,-41.8,
20250422,10:08:32,-42.2,
20250422,10:08:32,-42.6,
20250422,10:08:32,-42.6,
20250422,10:08:33,-42.6,
20250422,10:08:33,-42.5,
20250422,10:08:33,-42.4,
20250422,10:08:34,-42.3,
20250422,10:08:34,-42,
20250422,10:08:34,-41.9,
20250422,10:08:34,-41.7,
20250422,10:08:35,-41.5,
20250422,10:08:35,-41.3,
20250422,10:08:35,-41,
20250422,10:08:36,-40.9,
20250422,10:08:36,-40.8,
20250422,10:08:36,-40.7,
20250422,10:08:36,-40.9,
20250422,10:08:37,-41.1,
20250422,10:08:37,-41.5,
20250422,10:08:37,-41.7,
20250422,10:08:37,-41.9,
20250422,10:08:38,-42.1,
20250422,10:08:38,-42,
20250422,10:08:38,-41.9,
20250422,10:08:39,-42.1,
20250422,10:08:39,-42.5,
20250422,10:08:39,-43.2,
20250422,10:08:39,-44.1,
20250422,10:08:40,-44.6,
20250422,10:08:40,-44.3,
20250422,10:08:40,-43.4,
20250422,10:08:40,-42.6,
20250422,10:08:41,-41.9,
20250422,10:08:41,-41.2,
20250422,10:08:41,-40.7,
20250422,10:08:42,-40.3,
20250422,10:08:42,-40.1,
20250422,10:08:42,-40.2,
20250422,10:08:42,-40.6,
20250422,10:08:43,-41.2,
20250422,10:08:43,-42,
20250422,10:08:43,-42.9,
20250422,10:08:44,-43.7,
20250422,10:08:44,-44.5,
20250422,10:08:44,-45.2,
20250422,10:08:44,-45.6,
20250422,10:08:45,-45.6,
20250422,10:08:45,-45.5,
20250422,10:08:45,-45.5,
20250422,10:08:46,-45.6,
20250422,10:08:46,-46,
20250422,10:08:46,-46.8,
20250422,10:08:46,-47.5,
20250422,10:08:47,-48.4,
20250422,10:08:47,-49.4,
20250422,10:08:47,-50.3,
20250422,10:08:47,-51.4,
20250422,10:08:48,-52.5,
20250422,10:08:48,-53.5,
20250422,10:08:48,-54.5,
20250422,10:08:49,-55.4,
20250422,10:08:49,-56.2,
20250422,10:08:49,-57.1,
20250422,10:08:49,-57.5,
20250422,10:08:50,-57.3,
20250422,10:08:50,-56.6,
20250422,10:08:50,-55.8,
20250422,10:08:50,-54.7,
20250422,10:08:51,-54,
20250422,10:08:51,-53.6,
20250422,10:08:51,-53.4,
20250422,10:08:52,-53.2,
20250422,10:08:52,-53.4,
20250422,10:08:52,-53.5,
20250422,10:08:52,-53.7,
20250422,10:08:53,-53.8,
20250422,10:08:53,-54,
20250422,10:08:53,-54.1,
20250422,10:08:53,-54.2,
20250422,10:08:54,-54.2,
20250422,10:08:54,-54.3,
20250422,10:08:54,-54.2,
20250422,10:08:55,-54.3,
20250422,10:08:55,-54,
20250422,10:08:55,-53.9,
20250422,10:08:55,-53.8,
20250422,10:08:56,-53.6,
20250422,10:08:56,-53.5,
20250422,10:08:56,-53.4,
20250422,10:08:57,-53.2,
20250422,10:08:57,-52.9,
20250422,10:08:57,-52.7,
20250422,10:08:57,-52.4,
20250422,10:08:58,-52,
20250422,10:08:58,-51.9,
20250422,10:08:58,-51.5,
20250422,10:08:59,-51.2,
20250422,10:08:59,-50.9,
20250422,10:08:59,-50.7,
20250422,10:08:59,-50.3,
20250422,10:09:00,-50.1,
20250422,10:09:00,-49.8,
20250422,10:09:00,-49.6,
20250422,10:09:00,-49.3,
20250422,10:09:01,-49.1,
20250422,10:09:01,-48.8,
20250422,10:09:01,-48.7,
20250422,10:09:02,-48.7,
20250422,10:09:02,-48.7,
20250422,10:09:02,-49,
20250422,10:09:02,-48.9,
20250422,10:09:03,-48.7,
20250422,10:09:03,-48.5,
20250422,10:09:03,-48.4,
20250422,10:09:03,-48.1,
20250422,10:09:04,-47.9,
20250422,10:09:04,-47.6,
20250422,10:09:04,-47.4,
20250422,10:09:05,-47.2,
20250422,10:09:05,-47,
20250422,10:09:05,-46.8,
20250422,10:09:05,-46.7,
20250422,10:09:06,-46.5,
20250422,10:09:06,-46.3,
20250422,10:09:06,-46.2,
20250422,10:09:07,-46.1,
20250422,10:09:07,-46.2,
20250422,10:09:07,-46.2,
20250422,10:09:07,-46.3,
20250422,10:09:08,-46.3,
20250422,10:09:08,-46.5,
20250422,10:09:08,-46.6,
20250422,10:09:08,-46.8,
20250422,10:09:09,-46.8,
20250422,10:09:09,-46.9,
20250422,10:09:09,-46.9,
20250422,10:09:10,-46.8,
20250422,10:09:10,-46.8,
20250422,10:09:10,-46.7,
20250422,10:09:10,-46.5,
20250422,10:09:11,-46.5,
20250422,10:09:11,-46.3,
20250422,10:09:11,-46.3,
20250422,10:09:12,-46.2,
20250422,10:09:12,-46,
20250422,10:09:12,-46,
20250422,10:09:12,-45.9,
20250422,10:09:13,-45.9,
20250422,10:09:13,-45.7,
20250422,10:09:13,-45.6,
20250422,10:09:13,-45.4,
20250422,10:09:14,-45.2,
20250422,10:09:14,-45.1,
20250422,10:09:14,-45.1,
20250422,10:09:15,-44.9,
20250422,10:09:15,-44.7,
20250422,10:09:15,-44.5,
20250422,10:09:15,-44.4,
20250422,10:09:16,-44.4,
20250422,10:09:16,-44.3,
20250422,10:09:16,-44.2,
20250422,10:09:17,-44,
20250422,10:09:17,-43.9,
20250422,10:09:17,-43.8,
20250422,10:09:17,-43.6,
20250422,10:09:18,-43.4,
20250422,10:09:18,-43.4,
20250422,10:09:18,-43.2,
20250422,10:09:18,-43,
20250422,10:09:19,-42.8,
20250422,10:09:19,-42.6,
20250422,10:09:19,-42.5,
20250422,10:09:20,-42.2,
20250422,10:09:20,-42.1,
20250422,10:09:20,-41.8,
20250422,10:09:20,-41.7,
20250422,10:09:21,-41.6,
20250422,10:09:21,-41.4,
20250422,10:09:21,-41.2,
20250422,10:09:21,-40.9,
20250422,10:09:22,-40.8,
20250422,10:09:22,-40.6,
20250422,10:09:22,-40.3,
20250422,10:09:23,-40,
20250422,10:09:23,-39.9,
20250422,10:09:23,-39.6,
20250422,10:09:23,-39.3,
20250422,10:09:24,-39.2,
20250422,10:09:24,-39,
20250422,10:09:24,-38.7,
20250422,10:09:25,-38.5,
20250422,10:09:25,-38.3,
20250422,10:09:25,-38.2,
20250422,10:09:25,-37.9,
20250422,10:09:26,-37.8,
20250422,10:09:26,-38.1,
20250422,10:09:26,-38.7,
20250422,10:09:27,-39.5,
20250422,10:09:27,-40.3,
20250422,10:09:27,-41,
20250422,10:09:27,-41.6,
20250422,10:09:28,-41.9,
20250422,10:09:28,-42.1,
20250422,10:09:28,-42.2,
20250422,10:09:28,-42.2,
20250422,10:09:29,-42.1,
20250422,10:09:29,-42,
20250422,10:09:29,-41.9,
20250422,10:09:30,-41.7,
20250422,10:09:30,-41.7,
20250422,10:09:30,-41.6,
20250422,10:09:30,-41.5,
20250422,10:09:31,-41.4,
20250422,10:09:31,-41.3,
20250422,10:09:31,-41.2,
20250422,10:09:31,-41,
20250422,10:09:32,-40.9,
20250422,10:09:32,-40.9,
20250422,10:09:32,-40.9,
20250422,10:09:33,-40.9,
20250422,10:09:33,-41,
20250422,10:09:33,-41.1,
20250422,10:09:33,-41.1,
20250422,10:09:34,-40.9,
20250422,10:09:34,-40.9,
20250422,10:09:34,-40.7,
20250422,10:09:34,-40.6,
20250422,10:09:35,-40.4,
20250422,10:09:35,-40.3,
20250422,10:09:35,-40,
20250422,10:09:36,-40,
20250422,10:09:36,-39.8,
20250422,10:09:36,-39.6,
20250422,10:09:36,-39.4,
20250422,10:09:37,-39.5,
20250422,10:09:37,-39.2,
20250422,10:09:37,-39.2,
20250422,10:09:38,-39.1,
20250422,10:09:38,-39,
20250422,10:09:38,-38.8,
20250422,10:09:38,-38.7,
20250422,10:09:39,-38.5,
20250422,10:09:39,-38.4,
20250422,10:09:39,-38.3,
20250422,10:09:40,-38.1,
20250422,10:09:40,-37.9,
20250422,10:09:40,-37.7,
20250422,10:09:40,-37.5,
20250422,10:09:41,-37.3,
20250422,10:09:41,-37.1,
20250422,10:09:41,-36.9,
20250422,10:09:41,-36.7,
20250422,10:09:42,-36.6,
20250422,10:09:42,-36.4,
20250422,10:09:42,-36.2,
20250422,10:09:43,-35.9,
20250422,10:09:43,-35.7,
20250422,10:09:43,-35.5,
20250422,10:09:43,-35.3,
20250422,10:09:44,-35.1,
20250422,10:09:44,-34.9,
20250422,10:09:44,-34.7,
20250422,10:09:44,-34.5,
20250422,10:09:45,-34.3,
20250422,10:09:45,-34.1,
20250422,10:09:45,-34,
20250422,10:09:46,-33.7,
20250422,10:09:46,-33.6,
20250422,10:09:46,-33.4,
20250422,10:09:46,-33.2,
20250422,10:09:47,-33,
20250422,10:09:47,-32.9,
20250422,10:09:47,-32.6,
20250422,10:09:48,-32.4,
20250422,10:09:48,-32.3,
20250422,10:09:48,-32.2,
20250422,10:09:48,-32.1,
20250422,10:09:49,-31.9,
20250422,10:09:49,-31.7,
20250422,10:09:49,-31.5,
20250422,10:09:49,-31.4,
20250422,10:09:50,-31.2,
20250422,10:09:50,-31,
20250422,10:09:50,-30.8,
20250422,10:09:51,-30.6,
20250422,10:09:51,-30.5,
20250422,10:09:51,-30.5,
20250422,10:09:51,-30.3,
20250422,10:09:52,-30.1,
20250422,10:09:52,-29.9,
20250422,10:09:52,-29.8,
20250422,10:09:53,-29.7,
20250422,10:09:53,-29.5,
20250422,10:09:53,-29.3,
20250422,10:09:53,-29.1,
20250422,10:09:54,-29,
20250422,10:09:54,-28.9,
20250422,10:09:54,-28.8,
20250422,10:09:54,-28.6,
20250422,10:09:55,-28.5,
20250422,10:09:55,-28.4,
20250422,10:09:55,-28.3,
20250422,10:09:56,-28.2,
20250422,10:09:56,-28.2,
20250422,10:09:56,-28.1,
20250422,10:09:56,-28.1,
20250422,10:09:57,-28.1,
20250422,10:09:57,-28,
20250422,10:09:57,-28,
20250422,10:09:58,-27.9,
20250422,10:09:58,-27.8,
20250422,10:09:58,-27.7,
20250422,10:09:58,-27.7,
20250422,10:09:59,-28,
20250422,10:09:59,-28.4,
20250422,10:09:59,-28.8,
20250422,10:09:59,-29.3,
20250422,10:10:00,-29.7,
20250422,10:10:00,-30,
20250422,10:10:00,-30.3,
20250422,10:10:01,-30.7,
20250422,10:10:01,-31.4,
20250422,10:10:01,-32.2,
20250422,10:10:01,-33,
20250422,10:10:02,-33.6,
20250422,10:10:02,-34.2,
20250422,10:10:02,-34.7,
20250422,10:10:02,-35,
20250422,10:10:03,-35.1,
20250422,10:10:03,-35.2,
20250422,10:10:03,-35.3,
20250422,10:10:04,-35.3,
20250422,10:10:04,-35.3,
20250422,10:10:04,-35.3,
20250422,10:10:04,-35.3,
20250422,10:10:05,-35.2,
20250422,10:10:05,-35.2,
20250422,10:10:05,-35.3,
20250422,10:10:06,-35.7,
20250422,10:10:06,-36.8,
20250422,10:10:06,-38.3,
20250422,10:10:06,-39.6,
20250422,10:10:07,-40.7,
20250422,10:10:07,-41.6,
20250422,10:10:07,-42.2,
20250422,10:10:08,-42.8,
20250422,10:10:08,-43.2,
20250422,10:10:08,-43.6,
20250422,10:10:08,-43.8,
20250422,10:10:09,-44,
20250422,10:10:09,-44.2,
20250422,10:10:09,-44.3,
20250422,10:10:09,-44.6,
20250422,10:10:10,-45.4,
20250422,10:10:10,-46.5,
20250422,10:10:10,-47.4,
20250422,10:10:11,-47.4,
20250422,10:10:11,-47.1,
20250422,10:10:11,-46.7,
20250422,10:10:11,-46.5,
20250422,10:10:12,-46.5,
20250422,10:10:12,-46.8,
20250422,10:10:12,-47.3,
20250422,10:10:12,-47.9,
20250422,10:10:13,-48.5,
20250422,10:10:13,-49.3,
20250422,10:10:13,-49.8,
20250422,10:10:14,-50.5,
20250422,10:10:14,-51,
20250422,10:10:14,-51.6,
20250422,10:10:14,-52,
20250422,10:10:15,-52.3,
20250422,10:10:15,-52.7,
20250422,10:10:15,-53,
20250422,10:10:16,-53.1,
20250422,10:10:16,-53.4,
20250422,10:10:16,-53.5,
20250422,10:10:16,-53.7,
20250422,10:10:17,-53.7,
20250422,10:10:17,-53.7,
20250422,10:10:17,-53.7,
20250422,10:10:17,-53.7,
20250422,10:10:18,-53.7,
20250422,10:10:18,-53.6,
20250422,10:10:18,-53.5,
20250422,10:10:19,-53.3,
20250422,10:10:19,-53.2,
20250422,10:10:19,-53.1,
20250422,10:10:19,-53,
20250422,10:10:20,-53,
20250422,10:10:20,-53.4,
20250422,10:10:20,-53.7,
20250422,10:10:21,-53.9,
20250422,10:10:21,-53.8,
20250422,10:10:21,-53.6,
20250422,10:10:21,-53.3,
20250422,10:10:22,-53,
20250422,10:10:22,-52.8,
20250422,10:10:22,-52.8,
20250422,10:10:22,-52.8,
20250422,10:10:23,-52.7,
20250422,10:10:23,-52.7,
20250422,10:10:23,-52.6,
20250422,10:10:24,-52.5,
20250422,10:10:24,-52.5,
20250422,10:10:24,-52.4,
20250422,10:10:24,-52.2,
20250422,10:10:25,-52.1,
20250422,10:10:25,-52,
20250422,10:10:25,-52,
20250422,10:10:25,-51.9,
20250422,10:10:26,-51.7,
20250422,10:10:26,-51.6,
20250422,10:10:26,-51.6,
20250422,10:10:27,-51.4,
20250422,10:10:27,-51.2,
20250422,10:10:27,-51.1,
20250422,10:10:27,-50.9,
20250422,10:10:28,-50.7,
20250422,10:10:28,-50.6,
20250422,10:10:28,-50.4,
20250422,10:10:29,-50.3,
20250422,10:10:29,-50.2,
20250422,10:10:29,-49.9,
20250422,10:10:29,-49.7,
20250422,10:10:30,-49.5,
20250422,10:10:30,-49.5,
20250422,10:10:30,-49.4,
20250422,10:10:31,-49.2,
20250422,10:10:31,-49,
20250422,10:10:31,-48.8,
20250422,10:10:31,-48.6,
20250422,10:10:32,-48.5,
20250422,10:10:32,-48.2,
20250422,10:10:32,-48,
20250422,10:10:32,-47.7,
20250422,10:10:33,-47.5,
20250422,10:10:33,-47.3,
20250422,10:10:33,-47,
20250422,10:10:34,-46.8,
20250422,10:10:34,-46.6,
20250422,10:10:34,-46.3,
20250422,10:10:34,-46.2,
20250422,10:10:35,-46.1,
20250422,10:10:35,-46.2,
20250422,10:10:35,-46.3,
20250422,10:10:35,-46.4,
20250422,10:10:36,-46.4,
20250422,10:10:36,-46.3,
20250422,10:10:36,-46.3,
20250422,10:10:37,-46.1,
20250422,10:10:37,-46,
20250422,10:10:37,-45.9,
20250422,10:10:37,-45.6,
20250422,10:10:38,-45.5,
20250422,10:10:38,-45.2,
20250422,10:10:38,-45.1,
20250422,10:10:39,-45.1,
20250422,10:10:39,-45.4,
20250422,10:10:39,-46.2,
20250422,10:10:39,-46.9,
20250422,10:10:40,-47.5,
20250422,10:10:40,-48,
20250422,10:10:40,-48.2,
20250422,10:10:40,-48.5,
20250422,10:10:41,-48.5,
20250422,10:10:41,-48.5,
20250422,10:10:41,-48.5,
20250422,10:10:42,-48.5,
20250422,10:10:42,-48.5,
20250422,10:10:42,-48.5,
20250422,10:10:42,-48.4,
20250422,10:10:43,-48.2,
20250422,10:10:43,-48.1,
20250422,10:10:43,-48,
20250422,10:10:44,-47.9,
20250422,10:10:44,-47.8,
20250422,10:10:44,-47.7,
20250422,10:10:44,-47.5,
20250422,10:10:45,-47.3,
20250422,10:10:45,-47.2,
20250422,10:10:45,-47,
20250422,10:10:45,-46.8,
20250422,10:10:46,-46.8,
20250422,10:10:46,-46.7,
20250422,10:10:46,-46.6,
20250422,10:10:47,-46.7,
20250422,10:10:47,-46.9,
20250422,10:10:47,-47.3,
20250422,10:10:47,-47.6,
20250422,10:10:48,-47.8,
20250422,10:10:48,-47.9,
20250422,10:10:48,-47.9,
20250422,10:10:49,-47.9,
20250422,10:10:49,-47.7,
20250422,10:10:49,-47.7,
20250422,10:10:49,-47.5,
20250422,10:10:50,-47.4,
20250422,10:10:50,-47.3,
20250422,10:10:50,-47.1,
20250422,10:10:50,-46.9,
20250422,10:10:51,-46.8,
20250422,10:10:51,-46.7,
20250422,10:10:51,-46.6,
20250422,10:10:52,-46.4,
20250422,10:10:52,-46.3,
20250422,10:10:52,-46.8,
20250422,10:10:52,-47.7,
20250422,10:10:53,-48.6,
20250422,10:10:53,-49.1,
20250422,10:10:53,-49.5,
20250422,10:10:53,-49.7,
20250422,10:10:54,-49.8,
20250422,10:10:54,-49.9,
20250422,10:10:54,-50,
20250422,10:10:55,-50.1,
20250422,10:10:55,-50.1,
20250422,10:10:55,-50.2,
20250422,10:10:55,-50.1,
20250422,10:10:56,-50,
20250422,10:10:56,-49.9,
20250422,10:10:56,-49.9,
20250422,10:10:57,-49.8,
20250422,10:10:57,-49.7,
20250422,10:10:57,-49.6,
20250422,10:10:57,-49.6,
20250422,10:10:58,-49.5,
20250422,10:10:58,-49.5,
20250422,10:10:58,-50,
20250422,10:10:58,-50.7,
20250422,10:10:59,-51.4,
20250422,10:10:59,-51.3,
20250422,10:10:59,-50.7,
20250422,10:11:00,-50,
20250422,10:11:00,-49.3,
20250422,10:11:00,-49,
20250422,10:11:00,-49,
20250422,10:11:01,-49.2,
20250422,10:11:01,-49.6,
20250422,10:11:01,-50.1,
20250422,10:11:02,-50.3,
20250422,10:11:02,-50.6,
20250422,10:11:02,-50.8,
20250422,10:11:02,-51.1,
20250422,10:11:03,-51.5,
20250422,10:11:03,-52,
20250422,10:11:03,-52.3,
20250422,10:11:03,-52.8,
20250422,10:11:04,-53,
20250422,10:11:04,-53.3,
20250422,10:11:04,-53.7,
20250422,10:11:05,-54.1,
20250422,10:11:05,-54.5,
20250422,10:11:05,-54.8,
20250422,10:11:05,-55.2,
20250422,10:11:06,-55.4,
20250422,10:11:06,-55.7,
20250422,10:11:06,-56.1,
20250422,10:11:06,-56.2,
20250422,10:11:07,-56.3,
20250422,10:11:07,-56.5,
20250422,10:11:07,-56.6,
20250422,10:11:08,-56.6,
20250422,10:11:08,-56.7,
20250422,10:11:08,-56.6,
20250422,10:11:08,-56.6,
20250422,10:11:09,-56.5,
20250422,10:11:09,-56.5,
20250422,10:11:09,-56.5,
20250422,10:11:10,-56.6,
20250422,10:11:10,-56.7,
20250422,10:11:10,-56.7,
20250422,10:11:10,-56.6,
20250422,10:11:11,-56.3,
20250422,10:11:11,-56.2,
20250422,10:11:11,-56,
20250422,10:11:12,-55.7,
20250422,10:11:12,-55.5,
20250422,10:11:12,-55.3,
20250422,10:11:12,-55.1,
20250422,10:11:13,-55,
20250422,10:11:13,-55,
20250422,10:11:13,-55.2,
20250422,10:11:13,-55.3,
20250422,10:11:14,-55.2,
20250422,10:11:14,-54.9,
20250422,10:11:14,-54.6,
20250422,10:11:15,-54.4,
20250422,10:11:15,-54.2,
20250422,10:11:15,-53.9,
20250422,10:11:15,-53.8,
20250422,10:11:16,-53.7,
20250422,10:11:16,-53.7,
20250422,10:11:16,-53.6,
20250422,10:11:16,-53.5,
20250422,10:11:17,-53.5,
20250422,10:11:17,-53.6,
20250422,10:11:17,-53.6,
20250422,10:11:18,-53.7,
20250422,10:11:18,-53.7,
20250422,10:11:18,-53.7,
20250422,10:11:18,-53.7,
20250422,10:11:19,-53.7,
20250422,10:11:19,-53.6,
20250422,10:11:19,-53.4,
20250422,10:11:20,-53.3,
20250422,10:11:20,-53.1,
20250422,10:11:20,-53,
20250422,10:11:20,-52.9,
20250422,10:11:21,-52.8,
20250422,10:11:21,-52.6,
20250422,10:11:21,-52.6,
20250422,10:11:21,-52.4,
20250422,10:11:22,-52.4,
20250422,10:11:22,-52.6,
20250422,10:11:22,-52.8,
20250422,10:11:23,-52.9,
20250422,10:11:23,-52.9,
20250422,10:11:23,-52.8,
20250422,10:11:23,-52.8,
20250422,10:11:24,-52.7,
20250422,10:11:24,-52.5,
20250422,10:11:24,-52.4,
20250422,10:11:25,-52.1,
20250422,10:11:25,-52.1,
20250422,10:11:25,-52,
20250422,10:11:25,-52,
20250422,10:11:26,-51.8,
20250422,10:11:26,-51.8,
20250422,10:11:26,-51.6,
20250422,10:11:26,-51.5,
20250422,10:11:27,-51.4,
20250422,10:11:27,-51.4,
20250422,10:11:27,-51.3,
20250422,10:11:28,-51.1,
20250422,10:11:28,-51,
20250422,10:11:28,-50.9,
20250422,10:11:28,-50.7,
20250422,10:11:29,-50.6,
20250422,10:11:29,-50.5,
20250422,10:11:29,-50.3,
20250422,10:11:30,-50.3,
20250422,10:11:30,-50.1,
20250422,10:11:30,-49.9,
20250422,10:11:30,-49.7,
20250422,10:11:31,-49.5,
20250422,10:11:31,-49.4,
20250422,10:11:31,-49.3,
20250422,10:11:31,-49.1,
20250422,10:11:32,-48.9,
20250422,10:11:32,-48.7,
20250422,10:11:32,-48.6,
20250422,10:11:33,-48.5,
20250422,10:11:33,-48.5,
20250422,10:11:33,-49,
20250422,10:11:33,-49.7,
20250422,10:11:34,-50.3,
20250422,10:11:34,-50.6,
20250422,10:11:34,-50.8,
20250422,10:11:34,-50.9,
20250422,10:11:35,-50.9,
20250422,10:11:35,-50.9,
20250422,10:11:35,-51,
20250422,10:11:36,-51,
20250422,10:11:36,-51,
20250422,10:11:36,-51.1,
20250422,10:11:36,-51,
20250422,10:11:37,-50.9,
20250422,10:11:37,-50.9,
20250422,10:11:37,-50.9,
20250422,10:11:38,-50.9,
20250422,10:11:38,-50.8,
20250422,10:11:38,-50.7,
20250422,10:11:38,-50.6,
20250422,10:11:39,-50.5,
20250422,10:11:39,-50.4,
20250422,10:11:39,-50.3,
20250422,10:11:39,-50.2,
20250422,10:11:40,-50,
20250422,10:11:40,-49.9,
20250422,10:11:40,-49.8,
20250422,10:11:41,-49.6,
20250422,10:11:41,-49.5,
20250422,10:11:41,-49.4,
20250422,10:11:41,-49.3,
20250422,10:11:42,-49.2,
20250422,10:11:42,-49.2,
20250422,10:11:42,-49.3,
20250422,10:11:43,-49.4,
20250422,10:11:43,-49.5,
20250422,10:11:43,-49.5,
20250422,10:11:43,-49.4,
20250422,10:11:44,-49.4,
20250422,10:11:44,-49.4,
20250422,10:11:44,-49.3,
20250422,10:11:44,-49.1,
20250422,10:11:45,-49,
20250422,10:11:45,-48.8,
20250422,10:11:45,-48.7,
20250422,10:11:46,-48.7,
20250422,10:11:46,-48.5,
20250422,10:11:46,-48.5,
20250422,10:11:46,-48.3,
20250422,10:11:47,-48.2,
20250422,10:11:47,-47.9,
20250422,10:11:47,-47.9,
20250422,10:11:47,-47.7,
20250422,10:11:48,-47.6,
20250422,10:11:48,-47.3,
20250422,10:11:48,-47.2,
20250422,10:11:49,-47,
20250422,10:11:49,-46.8,
20250422,10:11:49,-46.7,
20250422,10:11:49,-46.5,
20250422,10:11:50,-46.3,
20250422,10:11:50,-46.1,
20250422,10:11:50,-46,
20250422,10:11:51,-45.8,
20250422,10:11:51,-45.6,
20250422,10:11:51,-45.6,
20250422,10:11:51,-45.7,
20250422,10:11:52,-45.9,
20250422,10:11:52,-46.1,
20250422,10:11:52,-46.3,
20250422,10:11:53,-46.4,
20250422,10:11:53,-46.4,
20250422,10:11:53,-46.4,
20250422,10:11:53,-46.5,
20250422,10:11:54,-46.5,
20250422,10:11:54,-46.6,
20250422,10:11:54,-46.5,
20250422,10:11:54,-46.5,
20250422,10:11:55,-46.4,
20250422,10:11:55,-46.3,
20250422,10:11:55,-46.2,
20250422,10:11:56,-46.1,
20250422,10:11:56,-46.1,
20250422,10:11:56,-46,
20250422,10:11:56,-45.9,
20250422,10:11:57,-45.9,
20250422,10:11:57,-45.7,
20250422,10:11:57,-45.5,
20250422,10:11:57,-45.5,
20250422,10:11:58,-45.4,
20250422,10:11:58,-45.4,
20250422,10:11:58,-45.5,
20250422,10:11:59,-45.6,
20250422,10:11:59,-45.7,
20250422,10:11:59,-45.8,
20250422,10:11:59,-45.8,
20250422,10:12:00,-45.7,
20250422,10:12:00,-45.6,
20250422,10:12:00,-45.5,
20250422,10:12:01,-45.3,
20250422,10:12:01,-45.3,
20250422,10:12:01,-45.1,
20250422,10:12:01,-45,
20250422,10:12:02,-44.9,
20250422,10:12:02,-44.7,
20250422,10:12:02,-44.6,
20250422,10:12:02,-44.3,
20250422,10:12:03,-44.3,
20250422,10:12:03,-44.1,
20250422,10:12:03,-43.9,
20250422,10:12:04,-43.8,
20250422,10:12:04,-43.5,
20250422,10:12:04,-43.6,
20250422,10:12:04,-44,
20250422,10:12:05,-44.8,
20250422,10:12:05,-45.8,
20250422,10:12:05,-46.6,
20250422,10:12:06,-47.2,
20250422,10:12:06,-47.7,
20250422,10:12:06,-48,
20250422,10:12:06,-48.2,
20250422,10:12:07,-48.4,
20250422,10:12:07,-48.4,
20250422,10:12:07,-48.4,
20250422,10:12:07,-48.4,
20250422,10:12:08,-48.4,
20250422,10:12:08,-48.3,
20250422,10:12:08,-48.4,
20250422,10:12:09,-48.2,
20250422,10:12:09,-48.2,
20250422,10:12:09,-48,
20250422,10:12:09,-47.9,
20250422,10:12:10,-47.8,
20250422,10:12:10,-47.7,
20250422,10:12:10,-47.5,
20250422,10:12:11,-47.4,
20250422,10:12:11,-47.2,
20250422,10:12:11,-47,
20250422,10:12:11,-46.9,
20250422,10:12:12,-46.8,
20250422,10:12:12,-46.6,
20250422,10:12:12,-46.5,
20250422,10:12:12,-46.3,
20250422,10:12:13,-46.1,
20250422,10:12:13,-46,
20250422,10:12:13,-45.8,
20250422,10:12:14,-45.7,
20250422,10:12:14,-45.6,
20250422,10:12:14,-45.4,
20250422,10:12:14,-45.5,
20250422,10:12:15,-45.5,
20250422,10:12:15,-45.6,
20250422,10:12:15,-45.6,
20250422,10:12:15,-45.6,
20250422,10:12:16,-45.5,
20250422,10:12:16,-45.4,
20250422,10:12:16,-45.3,
20250422,10:12:17,-45.1,
20250422,10:12:17,-45.1,
20250422,10:12:17,-45,
20250422,10:12:17,-45.1,
20250422,10:12:18,-45.1,
20250422,10:12:18,-45.4,
20250422,10:12:18,-45.8,
20250422,10:12:19,-46,
20250422,10:12:19,-46.4,
20250422,10:12:19,-47,
20250422,10:12:19,-47.9,
20250422,10:12:20,-48.5,
20250422,10:12:20,-48.7,
20250422,10:12:20,-48.9,
20250422,10:12:20,-49.1,
20250422,10:12:21,-49.4,
20250422,10:12:21,-49.3,
20250422,10:12:21,-48.9,
20250422,10:12:22,-48.4,
20250422,10:12:22,-47.7,
20250422,10:12:22,-46.8,
20250422,10:12:22,-45.9,
20250422,10:12:23,-44.7,
20250422,10:12:23,-43.4,
20250422,10:12:23,-42.2,
20250422,10:12:24,-41,
20250422,10:12:24,-40.2,
20250422,10:12:24,-39.4,
20250422,10:12:24,-39,
20250422,10:12:25,-38.6,
20250422,10:12:25,-38.6,
20250422,10:12:25,-38.7,
20250422,10:12:25,-39,
20250422,10:12:26,-39.3,
20250422,10:12:26,-39.9,
20250422,10:12:26,-40.6,
20250422,10:12:27,-41.5,
20250422,10:12:27,-42.5,
20250422,10:12:27,-43.6,
20250422,10:12:27,-44.9,
20250422,10:12:28,-46.2,
20250422,10:12:28,-47.7,
20250422,10:12:28,-49.3,
20250422,10:12:29,-50.5,
20250422,10:12:29,-51.1,
20250422,10:12:29,-51.3,
20250422,10:12:29,-50.8,
20250422,10:12:30,-49.6,
20250422,10:12:30,-48,
20250422,10:12:30,-46.2,
20250422,10:12:30,-44.8,
20250422,10:12:31,-43.8,
20250422,10:12:31,-43.1,
20250422,10:12:31,-43,
20250422,10:12:32,-43.2,
20250422,10:12:32,-43.6,
20250422,10:12:32,-44,
20250422,10:12:32,-44.2,
20250422,10:12:33,-43.6,
20250422,10:12:33,-42.6,
20250422,10:12:33,-41.9,
20250422,10:12:34,-41.2,
20250422,10:12:34,-41.2,
20250422,10:12:34,-41.3,
20250422,10:12:34,-41.8,
20250422,10:12:35,-42.4,
20250422,10:12:35,-43,
20250422,10:12:35,-42.9,
20250422,10:12:35,-42.5,
20250422,10:12:36,-42.1,
20250422,10:12:36,-41.7,
20250422,10:12:36,-41.7,
20250422,10:12:37,-41.6,
20250422,10:12:37,-41,
20250422,10:12:37,-40,
20250422,10:12:37,-38.4,
20250422,10:12:38,-37.1,
20250422,10:12:38,-35.9,
20250422,10:12:38,-35,
20250422,10:12:38,-34.8,
20250422,10:12:39,-34.8,
20250422,10:12:39,-35,
20250422,10:12:39,-35.7,
20250422,10:12:40,-36.6,
20250422,10:12:40,-37.5,
20250422,10:12:40,-38.8,
20250422,10:12:40,-40,
20250422,10:12:41,-41.1,
20250422,10:12:41,-42.4,
20250422,10:12:41,-43.6,
20250422,10:12:42,-44.7,
20250422,10:12:42,-46,
20250422,10:12:42,-46.9,
20250422,10:12:42,-48,
20250422,10:12:43,-48.8,
20250422,10:12:43,-49.4,
20250422,10:12:43,-50,
20250422,10:12:43,-50.4,
20250422,10:12:44,-50.9,
20250422,10:12:44,-51.1,
20250422,10:12:44,-51.6,
20250422,10:12:45,-51.9,
20250422,10:12:45,-52.2,
20250422,10:12:45,-52.6,
20250422,10:12:45,-52.8,
20250422,10:12:46,-53.1,
20250422,10:12:46,-53.2,
20250422,10:12:46,-53.4,
20250422,10:12:47,-53.3,
20250422,10:12:47,-53.4,
20250422,10:12:47,-53.4,
20250422,10:12:47,-53.3,
20250422,10:12:48,-53.3,
20250422,10:12:48,-53.3,
20250422,10:12:48,-53.2,
20250422,10:12:48,-53.3,
20250422,10:12:49,-53.3,
20250422,10:12:49,-53.3,
20250422,10:12:49,-53.3,
20250422,10:12:50,-53.3,
20250422,10:12:50,-53.3,
20250422,10:12:50,-53.3,
20250422,10:12:50,-53.2,
20250422,10:12:51,-53.3,
20250422,10:12:51,-53.4,
20250422,10:12:51,-53.5,
20250422,10:12:51,-53.5,
20250422,10:12:52,-52.8,
20250422,10:12:52,-51.3,
20250422,10:12:52,-49.5,
20250422,10:12:53,-47.7,
20250422,10:12:53,-45.9,
20250422,10:12:53,-44.1,
20250422,10:12:53,-42.6,
20250422,10:12:54,-41.1,
20250422,10:12:54,-40.3,
20250422,10:12:54,-40,
20250422,10:12:55,-39.9,
20250422,10:12:55,-40,
20250422,10:12:55,-40.7,
20250422,10:12:55,-41.3,
20250422,10:12:56,-42.2,
20250422,10:12:56,-43.1,
20250422,10:12:56,-44,
20250422,10:12:56,-44.9,
20250422,10:12:57,-45.9,
20250422,10:12:57,-46.5,
20250422,10:12:57,-47.2,
20250422,10:12:58,-47.9,
20250422,10:12:58,-48.5,
20250422,10:12:58,-48.6,
20250422,10:12:58,-48.5,
20250422,10:12:59,-47.8,
20250422,10:12:59,-47.1,
20250422,10:12:59,-46.6,
20250422,10:13:00,-46,
20250422,10:13:00,-46,
20250422,10:13:00,-46,
20250422,10:13:00,-46,
20250422,10:13:01,-46.1,
20250422,10:13:01,-46.4,
20250422,10:13:01,-46.8,
20250422,10:13:01,-47.2,
20250422,10:13:02,-47.8,
20250422,10:13:02,-48,
20250422,10:13:02,-47.7,
20250422,10:13:03,-46.8,
20250422,10:13:03,-45.9,
20250422,10:13:03,-45,
20250422,10:13:03,-44.2,
20250422,10:13:04,-43.4,
20250422,10:13:04,-42.2,
20250422,10:13:04,-40.9,
20250422,10:13:05,-39.9,
20250422,10:13:05,-39.2,
20250422,10:13:05,-39,
20250422,10:13:05,-38.8,
20250422,10:13:06,-39.1,
20250422,10:13:06,-39.5,
20250422,10:13:06,-40,
20250422,10:13:06,-40.9,
20250422,10:13:07,-41.9,
20250422,10:13:07,-42.7,
20250422,10:13:07,-42.9,
20250422,10:13:08,-42.9,
20250422,10:13:08,-42.8,
20250422,10:13:08,-42.8,
20250422,10:13:08,-42.9,
20250422,10:13:09,-43,
20250422,10:13:09,-43.3,
20250422,10:13:09,-43.4,
20250422,10:13:10,-44,
20250422,10:13:10,-44.3,
20250422,10:13:10,-45,
20250422,10:13:10,-45.5,
20250422,10:13:11,-46,
20250422,10:13:11,-46.5,
20250422,10:13:11,-46.9,
20250422,10:13:11,-47.4,
20250422,10:13:12,-47.7,
20250422,10:13:12,-48.1,
20250422,10:13:12,-48.5,
20250422,10:13:13,-48.5,
20250422,10:13:13,-48.8,
20250422,10:13:13,-49.2,
20250422,10:13:13,-49.3,
20250422,10:13:14,-49.3,
20250422,10:13:14,-48.8,
20250422,10:13:14,-47.8,
20250422,10:13:15,-46.8,
20250422,10:13:15,-46,
20250422,10:13:15,-45.1,
20250422,10:13:15,-44.6,
20250422,10:13:16,-43.8,
20250422,10:13:16,-43.4,
20250422,10:13:16,-43,
20250422,10:13:16,-42.8,
20250422,10:13:17,-42.9,
20250422,10:13:17,-43.3,
20250422,10:13:17,-43.7,
20250422,10:13:18,-43.8,
20250422,10:13:18,-43.7,
20250422,10:13:18,-43.5,
20250422,10:13:18,-43.2,
20250422,10:13:19,-42.8,
20250422,10:13:19,-42.4,
20250422,10:13:19,-41.7,
20250422,10:13:19,-41.5,
20250422,10:13:20,-41.1,
20250422,10:13:20,-41.1,
20250422,10:13:20,-41.1,
20250422,10:13:21,-41.4,
20250422,10:13:21,-41.7,
20250422,10:13:21,-42.1,
20250422,10:13:21,-42.6,
20250422,10:13:22,-42.9,
20250422,10:13:22,-43.4,
20250422,10:13:22,-43.6,
20250422,10:13:23,-44,
20250422,10:13:23,-44.3,
20250422,10:13:23,-44.8,
20250422,10:13:23,-45.1,
20250422,10:13:24,-45.4,
20250422,10:13:24,-45.7,
20250422,10:13:24,-45.7,
20250422,10:13:24,-45.6,
20250422,10:13:25,-45.6,
20250422,10:13:25,-45.7,
20250422,10:13:25,-45.7,
20250422,10:13:26,-45.7,
20250422,10:13:26,-45.8,
20250422,10:13:26,-45.9,
20250422,10:13:26,-45.9,
20250422,10:13:27,-45.9,
20250422,10:13:27,-46.1,
20250422,10:13:27,-46.4,
20250422,10:13:28,-46.5,
20250422,10:13:28,-46,
20250422,10:13:28,-43.6,
20250422,10:13:28,-40.8,
20250422,10:13:29,-38,
20250422,10:13:29,-35.8,
20250422,10:13:29,-34.2,
20250422,10:13:29,-33.2,
20250422,10:13:30,-32.6,
20250422,10:13:30,-31.8,
20250422,10:13:30,-30.8,
20250422,10:13:31,-29.8,
20250422,10:13:31,-29.2,
20250422,10:13:31,-28.9,
20250422,10:13:31,-28.9,
20250422,10:13:32,-28.3,
20250422,10:13:32,-27.5,
20250422,10:13:32,-26.5,
20250422,10:13:32,-25.7,
20250422,10:13:33,-24.9,
20250422,10:13:33,-24.6,
20250422,10:13:33,-24.6,
20250422,10:13:34,-24.8,
20250422,10:13:34,-24.8,
20250422,10:13:34,-25.5,
20250422,10:13:34,-25.8,
20250422,10:13:35,-25.5,
20250422,10:13:35,-24.9,
20250422,10:13:35,-24.4,
20250422,10:13:36,-24.1,
20250422,10:13:36,-24.2,
20250422,10:13:36,-24.6,
20250422,10:13:36,-25.2,
20250422,10:13:37,-26,
20250422,10:13:37,-26.9,
20250422,10:13:37,-28,
20250422,10:13:37,-29,
20250422,10:13:38,-30.4,
20250422,10:13:38,-31.5,
20250422,10:13:38,-31.2,
20250422,10:13:39,-29.7,
20250422,10:13:39,-27.1,
20250422,10:13:39,-24.5,
20250422,10:13:39,-22.1,
20250422,10:13:40,-19.8,
20250422,10:13:40,-18.1,
20250422,10:13:40,-17.8,
20250422,10:13:41,-18.1,
20250422,10:13:41,-18.9,
20250422,10:13:41,-20,
20250422,10:13:41,-21.1,
20250422,10:13:42,-22.3,
20250422,10:13:42,-23.5,
20250422,10:13:42,-24.7,
20250422,10:13:42,-25.9,
20250422,10:13:43,-26.9,
20250422,10:13:43,-28,
20250422,10:13:43,-28.9,
20250422,10:13:44,-29.6,
20250422,10:13:44,-30.3,
20250422,10:13:44,-31,
20250422,10:13:44,-31.5,
20250422,10:13:45,-31.6,
20250422,10:13:45,-31.6,
20250422,10:13:45,-31.5,
20250422,10:13:46,-30.9,
20250422,10:13:46,-30.1,
20250422,10:13:46,-29.7,
20250422,10:13:46,-29.3,
20250422,10:13:47,-29.4,
20250422,10:13:47,-29.6,
20250422,10:13:47,-29.6,
20250422,10:13:47,-28.9,
20250422,10:13:48,-26.7,
20250422,10:13:48,-22.6,
20250422,10:13:48,-17.6,
20250422,10:13:49,-13.3,
20250422,10:13:49,-9.8,
20250422,10:13:49,-7.6,
20250422,10:13:49,-6.6,
20250422,10:13:50,-6.4,
20250422,10:13:50,-6.8,
20250422,10:13:50,-7.6,
20250422,10:13:50,-8.4,
20250422,10:13:51,-9.3,
20250422,10:13:51,-10.4,
20250422,10:13:51,-11.6,
20250422,10:13:52,-12.6,
20250422,10:13:52,-13.4,
20250422,10:13:52,-13.9,
20250422,10:13:52,-14.5,
20250422,10:13:53,-15.2,
20250422,10:13:53,-16.1,
20250422,10:13:53,-17.2,
20250422,10:13:54,-18.3,
20250422,10:13:54,-19.5,
20250422,10:13:54,-20.8,
20250422,10:13:54,-22.1,
20250422,10:13:55,-23.2,
20250422,10:13:55,-24.3,
20250422,10:13:55,-25.5,
20250422,10:13:56,-26.5,
20250422,10:13:56,-27.5,
20250422,10:13:56,-28.2,
20250422,10:13:56,-28.9,
20250422,10:13:57,-29.4,
20250422,10:13:57,-29.8,
20250422,10:13:57,-30.2,
20250422,10:13:57,-30.6,
20250422,10:13:58,-31.2,
20250422,10:13:58,-31.8,
20250422,10:13:58,-32.1,
20250422,10:13:59,-32.3,
20250422,10:13:59,-32,
20250422,10:13:59,-31.2,
20250422,10:13:59,-29.8,
20250422,10:14:00,-28.2,
20250422,10:14:00,-26.6,
20250422,10:14:00,-24.8,
20250422,10:14:00,-23.3,
20250422,10:14:01,-22.1,
20250422,10:14:01,-21.2,
20250422,10:14:01,-20.3,
20250422,10:14:02,-19.3,
20250422,10:14:02,-18.8,
20250422,10:14:02,-19.1,
20250422,10:14:02,-19.6,
20250422,10:14:03,-20.1,
20250422,10:14:03,-20.5,
20250422,10:14:03,-21,
20250422,10:14:04,-21.3,
20250422,10:14:04,-21.7,
20250422,10:14:04,-22.1,
20250422,10:14:04,-22.6,
20250422,10:14:05,-22.9,
20250422,10:14:05,-23.2,
20250422,10:14:05,-23.5,
20250422,10:14:05,-23.8,
20250422,10:14:06,-24,
20250422,10:14:06,-24.3,
20250422,10:14:06,-24.5,
20250422,10:14:07,-24.5,
20250422,10:14:07,-24.6,
20250422,10:14:07,-24.7,
20250422,10:14:07,-24.8,
20250422,10:14:08,-24.8,
20250422,10:14:08,-24.7,
20250422,10:14:08,-24.7,
20250422,10:14:09,-24.6,
20250422,10:14:09,-24.6,
20250422,10:14:09,-24.5,
20250422,10:14:09,-24.3,
20250422,10:14:10,-24.2,
20250422,10:14:10,-24.2,
20250422,10:14:10,-24.2,
20250422,10:14:10,-24.1,
20250422,10:14:11,-24.1,
20250422,10:14:11,-23.9,
20250422,10:14:11,-23.9,
20250422,10:14:12,-24.1,
20250422,10:14:12,-24.1,
20250422,10:14:12,-24.1,
20250422,10:14:12,-24.1,
20250422,10:14:13,-24,
20250422,10:14:13,-23.9,
20250422,10:14:13,-23.8,
20250422,10:14:13,-23.7,
20250422,10:14:14,-23.6,
20250422,10:14:14,-23.7,
20250422,10:14:14,-23.6,
20250422,10:14:15,-23.7,
20250422,10:14:15,-24.3,
20250422,10:14:15,-25.4,
20250422,10:14:15,-26.2,
20250422,10:14:16,-26.7,
20250422,10:14:16,-27,
20250422,10:14:16,-27.1,
20250422,10:14:17,-27,
20250422,10:14:17,-26.8,
20250422,10:14:17,-26.8,
20250422,10:14:17,-26.7,
20250422,10:14:18,-26.8,
20250422,10:14:18,-27.5,
20250422,10:14:18,-28,
20250422,10:14:18,-28.4,
20250422,10:14:19,-28.5,
20250422,10:14:19,-28.6,
20250422,10:14:19,-28.2,
20250422,10:14:20,-27.6,
20250422,10:14:20,-26.9,
20250422,10:14:20,-26.8,
20250422,10:14:20,-26.6,
20250422,10:14:21,-26.6,
20250422,10:14:21,-26.4,
20250422,10:14:21,-26.4,
20250422,10:14:22,-26.5,
20250422,10:14:22,-26.7,
20250422,10:14:22,-27.1,
20250422,10:14:22,-27.5,
20250422,10:14:23,-27.9,
20250422,10:14:23,-28.1,
20250422,10:14:23,-28.4,
20250422,10:14:23,-28.6,
20250422,10:14:24,-28.9,
20250422,10:14:24,-28.9,
20250422,10:14:24,-28.2,
20250422,10:14:25,-27.2,
20250422,10:14:25,-26.2,
20250422,10:14:25,-25.3,
20250422,10:14:25,-24.9,
20250422,10:14:26,-24.9,
20250422,10:14:26,-25.2,
20250422,10:14:26,-25.6,
20250422,10:14:27,-26.3,
20250422,10:14:27,-26.9,
20250422,10:14:27,-27.5,
20250422,10:14:27,-28,
20250422,10:14:28,-28.5,
20250422,10:14:28,-28.9,
20250422,10:14:28,-29.1,
20250422,10:14:28,-29.6,
20250422,10:14:29,-29.9,
20250422,10:14:29,-30.3,
20250422,10:14:29,-30.5,
20250422,10:14:30,-30.2,
20250422,10:14:30,-29.9,
20250422,10:14:30,-29.5,
20250422,10:14:30,-29.1,
20250422,10:14:31,-28.8,
20250422,10:14:31,-28.3,
20250422,10:14:31,-27.9,
20250422,10:14:31,-27.6,
20250422,10:14:32,-27.1,
20250422,10:14:32,-26.2,
20250422,10:14:32,-24.6,
20250422,10:14:33,-22.3,
20250422,10:14:33,-18.9,
20250422,10:14:33,-15.2,
20250422,10:14:33,-11.8,
20250422,10:14:34,-8.9,
20250422,10:14:34,-6.7,
20250422,10:14:34,-5.4,
20250422,10:14:35,-4.8,
20250422,10:14:35,-4.8,
20250422,10:14:35,-5.2,
20250422,10:14:35,-6.2,
20250422,10:14:36,-7.6,
20250422,10:14:36,-9.1,
20250422,10:14:36,-10.8,
20250422,10:14:36,-12.4,
20250422,10:14:37,-13.9,
20250422,10:14:37,-14.8,
20250422,10:14:37,-15.4,
20250422,10:14:38,-16,
20250422,10:14:38,-16.7,
20250422,10:14:38,-17.4,
20250422,10:14:38,-18.2,
20250422,10:14:39,-17.4,
20250422,10:14:39,-15,
20250422,10:14:39,-12.5,
20250422,10:14:40,-10.5,
20250422,10:14:40,-9.5,
20250422,10:14:40,-9.3,
20250422,10:14:40,-9.7,
20250422,10:14:41,-10.4,
20250422,10:14:41,-11.3,
20250422,10:14:41,-12.2,
20250422,10:14:41,-13.2,
20250422,10:14:42,-14.4,
20250422,10:14:42,-15.2,
20250422,10:14:42,-16.2,
20250422,10:14:43,-17.4,
20250422,10:14:43,-17.8,
20250422,10:14:43,-17.8,
20250422,10:14:43,-16.9,
20250422,10:14:44,-15.9,
20250422,10:14:44,-14.1,
20250422,10:14:44,-12.5,
20250422,10:14:45,-10.9,
20250422,10:14:45,-9.3,
20250422,10:14:45,-8.5,
20250422,10:14:45,-7.8,
20250422,10:14:46,-7.2,
20250422,10:14:46,-6.5,
20250422,10:14:46,-5.8,
20250422,10:14:46,-5.7,
20250422,10:14:47,-5.7,
20250422,10:14:47,-6.1,
20250422,10:14:47,-6.6,
20250422,10:14:48,-7.3,
20250422,10:14:48,-8,
20250422,10:14:48,-8.7,
20250422,10:14:48,-9.3,
20250422,10:14:49,-10.1,
20250422,10:14:49,-11,
20250422,10:14:49,-11.6,
20250422,10:14:49,-10.4,
20250422,10:14:50,-7.5,
20250422,10:14:50,-4.4,
20250422,10:14:50,-2.4,
20250422,10:14:51,-1.6,
20250422,10:14:51,-1.5,
20250422,10:14:51,-2.4,
20250422,10:14:51,-3.6,
20250422,10:14:52,-5.1,
20250422,10:14:52,-6.7,
20250422,10:14:52,-8.3,
20250422,10:14:52,-10.1,
20250422,10:14:53,-11.8,
20250422,10:14:53,-13.5,
20250422,10:14:53,-14.9,
20250422,10:14:54,-16.3,
20250422,10:14:54,-17.9,
20250422,10:14:54,-19.2,
20250422,10:14:54,-18.4,
20250422,10:14:55,-15.4,
20250422,10:14:55,-11.8,
20250422,10:14:55,-8.4,
20250422,10:14:56,-5.6,
20250422,10:14:56,-3.7,
20250422,10:14:56,-3.2,
20250422,10:14:56,-3.3,
20250422,10:14:57,-4,
20250422,10:14:57,-5,
20250422,10:14:57,-6.2,
20250422,10:14:57,-7.6,
20250422,10:14:58,-9.2,
20250422,10:14:58,-10.7,
20250422,10:14:58,-12.5,
20250422,10:14:59,-14.2,
20250422,10:14:59,-14.5,
20250422,10:14:59,-12.5,
20250422,10:14:59,-9.4,
20250422,10:15:00,-6.4,
20250422,10:15:00,-3.9,
20250422,10:15:00,-2.2,
20250422,10:15:01,-1.4,
20250422,10:15:01,-1.2,
20250422,10:15:01,-1.5,
20250422,10:15:01,-2.3,
20250422,10:15:02,-3.3,
20250422,10:15:02,-4.6,
20250422,10:15:02,-6.1,
20250422,10:15:02,-7.7,
20250422,10:15:03,-9.3,
20250422,10:15:03,-11,
20250422,10:15:03,-12.7,
20250422,10:15:04,-14.5,
20250422,10:15:04,-15.2,
20250422,10:15:04,-14.3,
20250422,10:15:04,-12.5,
20250422,10:15:05,-11.1,
20250422,10:15:05,-10.4,
20250422,10:15:05,-10.2,
20250422,10:15:06,-10.7,
20250422,10:15:06,-10.8,
20250422,10:15:06,-10.8,
20250422,10:15:06,-10.8,
20250422,10:15:07,-11,
20250422,10:15:07,-11.2,
20250422,10:15:07,-10.5,
20250422,10:15:07,-9.3,
20250422,10:15:08,-8.1,
20250422,10:15:08,-7.3,
20250422,10:15:08,-7.4,
20250422,10:15:09,-8,
20250422,10:15:09,-8.7,
20250422,10:15:09,-9.3,
20250422,10:15:09,-8.7,
20250422,10:15:10,-7.4,
20250422,10:15:10,-6.3,
20250422,10:15:10,-5.9,
20250422,10:15:10,-6.6,
20250422,10:15:11,-7.7,
20250422,10:15:11,-8.6,
20250422,10:15:11,-9.2,
20250422,10:15:12,-9.4,
20250422,10:15:12,-9.8,
20250422,10:15:12,-9.8,
20250422,10:15:12,-9.4,
20250422,10:15:13,-8.4,
20250422,10:15:13,-7.6,
20250422,10:15:13,-7.2,
20250422,10:15:14,-7.2,
20250422,10:15:14,-7.7,
20250422,10:15:14,-8.8,
20250422,10:15:14,-10.1,
20250422,10:15:15,-11.2,
20250422,10:15:15,-12.1,
20250422,10:15:15,-13.1,
20250422,10:15:15,-13.8,
20250422,10:15:16,-13.5,
20250422,10:15:16,-11.5,
20250422,10:15:16,-9,
20250422,10:15:17,-7,
20250422,10:15:17,-6,
20250422,10:15:17,-5.8,
20250422,10:15:17,-6,
20250422,10:15:18,-6.7,
20250422,10:15:18,-7.3,
20250422,10:15:18,-8.4,
20250422,10:15:18,-9.4,
20250422,10:15:19,-10.7,
20250422,10:15:19,-11.4,
20250422,10:15:19,-10.4,
20250422,10:15:20,-9,
20250422,10:15:20,-7.7,
20250422,10:15:20,-6.9,
20250422,10:15:20,-6.2,
20250422,10:15:21,-5.6,
20250422,10:15:21,-5,
20250422,10:15:21,-5.1,
20250422,10:15:22,-5.8,
20250422,10:15:22,-6.4,
20250422,10:15:22,-6,
20250422,10:15:22,-5.4,
20250422,10:15:23,-4.8,
20250422,10:15:23,-5.1,
20250422,10:15:23,-5.8,
20250422,10:15:23,-6.7,
20250422,10:15:24,-7.9,
20250422,10:15:24,-9.2,
20250422,10:15:24,-10.6,
20250422,10:15:25,-11.7,
20250422,10:15:25,-11.4,
20250422,10:15:25,-10.1,
20250422,10:15:25,-9.2,
20250422,10:15:26,-8.5,
20250422,10:15:26,-8.4,
20250422,10:15:26,-8.7,
20250422,10:15:26,-9.2,
20250422,10:15:27,-8.7,
20250422,10:15:27,-7.4,
20250422,10:15:27,-6,
20250422,10:15:28,-4.9,
20250422,10:15:28,-4.3,
20250422,10:15:28,-4.3,
20250422,10:15:28,-4.5,
20250422,10:15:29,-4.8,
20250422,10:15:29,-5.2,
20250422,10:15:29,-5.8,
20250422,10:15:30,-6.5,
20250422,10:15:30,-7.4,
20250422,10:15:30,-8.4,
20250422,10:15:30,-9.5,
20250422,10:15:31,-10.1,
20250422,10:15:31,-9.9,
20250422,10:15:31,-8.7,
20250422,10:15:31,-7.6,
20250422,10:15:32,-6.7,
20250422,10:15:32,-6.4,
20250422,10:15:32,-6.5,
20250422,10:15:33,-6.9,
20250422,10:15:33,-7.6,
20250422,10:15:33,-8.4,
20250422,10:15:33,-9.3,
20250422,10:15:34,-10.1,
20250422,10:15:34,-10.8,
20250422,10:15:34,-11.1,
20250422,10:15:35,-11.2,
20250422,10:15:35,-11.2,
20250422,10:15:35,-11.4,
20250422,10:15:35,-11.8,
20250422,10:15:36,-12.3,
20250422,10:15:36,-12.9,
20250422,10:15:36,-13.6,
20250422,10:15:36,-14.4,
20250422,10:15:37,-14.5,
20250422,10:15:37,-13.7,
20250422,10:15:37,-12.6,
20250422,10:15:38,-11.7,
20250422,10:15:38,-11,
20250422,10:15:38,-11,
20250422,10:15:38,-11.1,
20250422,10:15:39,-11.6,
20250422,10:15:39,-12.1,
20250422,10:15:39,-12.3,
20250422,10:15:39,-12,
20250422,10:15:40,-11.8,
20250422,10:15:40,-11.7,
20250422,10:15:40,-11.4,
20250422,10:15:41,-11.2,
20250422,10:15:41,-10.8,
20250422,10:15:41,-11,
20250422,10:15:41,-11.2,
20250422,10:15:42,-11.8,
20250422,10:15:42,-12.2,
20250422,10:15:42,-13,
20250422,10:15:43,-13.7,
20250422,10:15:43,-14.4,
20250422,10:15:43,-15.2,
20250422,10:15:43,-15.6,
20250422,10:15:44,-16.2,
20250422,10:15:44,-16.6,
20250422,10:15:44,-17.1,
20250422,10:15:44,-17.6,
20250422,10:15:45,-17.9,
20250422,10:15:45,-18.5,
20250422,10:15:45,-18.7,
20250422,10:15:46,-18.7,
20250422,10:15:46,-18.6,
20250422,10:15:46,-17.8,
20250422,10:15:46,-16.5,
20250422,10:15:47,-15.1,
20250422,10:15:47,-14,
20250422,10:15:47,-13.5,
20250422,10:15:48,-13.3,
20250422,10:15:48,-13,
20250422,10:15:48,-12,
20250422,10:15:48,-11.2,
20250422,10:15:49,-10.5,
20250422,10:15:49,-10.3,
20250422,10:15:49,-10.5,
20250422,10:15:49,-11.4,
20250422,10:15:50,-11.8,
20250422,10:15:50,-11.9,
20250422,10:15:50,-12.6,
20250422,10:15:51,-13.1,
20250422,10:15:51,-12.5,
20250422,10:15:51,-11.6,
20250422,10:15:51,-10.5,
20250422,10:15:52,-10.2,
20250422,10:15:52,-10.4,
20250422,10:15:52,-11.1,
20250422,10:15:53,-12.4,
20250422,10:15:53,-13.3,
20250422,10:15:53,-12.3,
20250422,10:15:53,-10.5,
20250422,10:15:54,-8.8,
20250422,10:15:54,-7.7,
20250422,10:15:54,-7.4,
20250422,10:15:54,-7.7,
20250422,10:15:55,-8.3,
20250422,10:15:55,-9.2,
20250422,10:15:55,-10.2,
20250422,10:15:56,-11.5,
20250422,10:15:56,-12.6,
20250422,10:15:56,-13.8,
20250422,10:15:56,-14.9,
20250422,10:15:57,-15.7,
20250422,10:15:57,-16.1,
20250422,10:15:57,-16.1,
20250422,10:15:57,-15.9,
20250422,10:15:58,-15.9,
20250422,10:15:58,-15.3,
20250422,10:15:58,-14.1,
20250422,10:15:59,-12.8,
20250422,10:15:59,-11.9,
20250422,10:15:59,-11.6,
20250422,10:15:59,-11.8,
20250422,10:16:00,-12.1,
20250422,10:16:00,-12.7,
20250422,10:16:00,-13.1,
20250422,10:16:01,-13.5,
20250422,10:16:01,-13.1,
20250422,10:16:01,-12.6,
20250422,10:16:01,-12.6,
20250422,10:16:02,-12.6,
20250422,10:16:02,-12.1,
20250422,10:16:02,-11.4,
20250422,10:16:02,-10.9,
20250422,10:16:03,-10.6,
20250422,10:16:03,-10.6,
20250422,10:16:03,-10.9,
20250422,10:16:04,-10.4,
20250422,10:16:04,-9.2,
20250422,10:16:04,-7.8,
20250422,10:16:04,-6.9,
20250422,10:16:05,-6.8,
20250422,10:16:05,-7.1,
20250422,10:16:05,-7.7,
20250422,10:16:06,-8.8,
20250422,10:16:06,-9.9,
20250422,10:16:06,-10.8,
20250422,10:16:06,-11.7,
20250422,10:16:07,-12.7,
20250422,10:16:07,-13.5,
20250422,10:16:07,-14.4,
20250422,10:16:07,-14.8,
20250422,10:16:08,-15.1,
20250422,10:16:08,-15.3,
20250422,10:16:08,-15.6,
20250422,10:16:09,-16,
20250422,10:16:09,-16.4,
20250422,10:16:09,-16.5,
20250422,10:16:09,-15.8,
20250422,10:16:10,-14.4,
20250422,10:16:10,-12.9,
20250422,10:16:10,-11.3,
20250422,10:16:10,-9.7,
20250422,10:16:11,-8.2,
20250422,10:16:11,-7.2,
20250422,10:16:11,-6.9,
20250422,10:16:12,-7.1,
20250422,10:16:12,-7.8,
20250422,10:16:12,-8.8,
20250422,10:16:12,-9.3,
20250422,10:16:13,-9.2,
20250422,10:16:13,-8.5,
20250422,10:16:13,-8,
20250422,10:16:14,-7.7,
20250422,10:16:14,-7.6,
20250422,10:16:14,-7.5,
20250422,10:16:14,-6.7,
20250422,10:16:15,-5.8,
20250422,10:16:15,-5.6,
20250422,10:16:15,-5.5,
20250422,10:16:15,-5.9,
20250422,10:16:16,-6.4,
20250422,10:16:16,-6.5,
20250422,10:16:16,-5.8,
20250422,10:16:17,-5,
20250422,10:16:17,-4.3,
20250422,10:16:17,-3.8,
20250422,10:16:17,-3.4,
20250422,10:16:18,-3,
20250422,10:16:18,-2.3,
20250422,10:16:18,-2.2,
20250422,10:16:18,-2.4,
20250422,10:16:19,-3.1,
20250422,10:16:19,-4,
20250422,10:16:19,-5,
20250422,10:16:20,-5.9,
20250422,10:16:20,-6.7,
20250422,10:16:20,-7.6,
20250422,10:16:20,-8.7,
20250422,10:16:21,-9.5,
20250422,10:16:21,-10.4,
20250422,10:16:21,-11.3,
20250422,10:16:22,-12.6,
20250422,10:16:22,-13.4,
20250422,10:16:22,-13.4,
20250422,10:16:22,-12.7,
20250422,10:16:23,-11.7,
20250422,10:16:23,-10.5,
20250422,10:16:23,-9.7,
20250422,10:16:23,-9.2,
20250422,10:16:24,-9.3,
20250422,10:16:24,-9.6,
20250422,10:16:24,-10.1,
20250422,10:16:25,-10.8,
20250422,10:16:25,-11.6,
20250422,10:16:25,-12.5,
20250422,10:16:25,-13.5,
20250422,10:16:26,-14.2,
20250422,10:16:26,-13.9,
20250422,10:16:26,-12.9,
20250422,10:16:27,-11.9,
20250422,10:16:27,-11.1,
20250422,10:16:27,-10.9,
20250422,10:16:27,-10.7,
20250422,10:16:28,-10.1,
20250422,10:16:28,-8.3,
20250422,10:16:28,-5.8,
20250422,10:16:28,-4.1,
20250422,10:16:29,-3.3,
20250422,10:16:29,-3.3,
20250422,10:16:29,-3.9,
20250422,10:16:30,-5,
20250422,10:16:30,-6.3,
20250422,10:16:30,-6.7,
20250422,10:16:30,-6.9,
20250422,10:16:31,-6.8,
20250422,10:16:31,-7.1,
20250422,10:16:31,-7.2,
20250422,10:16:32,-6.6,
20250422,10:16:32,-5.6,
20250422,10:16:32,-4.5,
20250422,10:16:32,-3.9,
20250422,10:16:33,-3.6,
20250422,10:16:33,-3.7,
20250422,10:16:33,-4.2,
20250422,10:16:33,-4.7,
20250422,10:16:34,-5,
20250422,10:16:34,-4.3,
20250422,10:16:34,-3.3,
20250422,10:16:35,-2.4,
20250422,10:16:35,-1.6,
20250422,10:16:35,-0.8,
20250422,10:16:35,-0.1,
20250422,10:16:36,0.1,
20250422,10:16:36,0.3,
20250422,10:16:36,0.5,
20250422,10:16:36,0.2,
20250422,10:16:37,-0.4,
20250422,10:16:37,-1.4,
20250422,10:16:37,-2.6,
20250422,10:16:38,-3.7,
20250422,10:16:38,-5.1,
20250422,10:16:38,-6.2,
20250422,10:16:38,-7,
20250422,10:16:39,-7.2,
20250422,10:16:39,-7.3,
20250422,10:16:39,-7.5,
20250422,10:16:40,-7.7,
20250422,10:16:40,-8.4,
20250422,10:16:40,-9.2,
20250422,10:16:40,-9.3,
20250422,10:16:41,-8.5,
20250422,10:16:41,-7.1,
20250422,10:16:41,-5.4,
20250422,10:16:41,-3.7,
20250422,10:16:42,-2.3,
20250422,10:16:42,-1.3,
20250422,10:16:42,-0.6,
20250422,10:16:43,0,
20250422,10:16:43,0.3,
20250422,10:16:43,0.1,
20250422,10:16:43,-0.3,
20250422,10:16:44,-1.1,
20250422,10:16:44,-2,
20250422,10:16:44,-3,
20250422,10:16:44,-4.1,
20250422,10:16:45,-5.4,
20250422,10:16:45,-6.5,
20250422,10:16:45,-7.2,
20250422,10:16:46,-7.4,
20250422,10:16:46,-6.1,
20250422,10:16:46,-4.2,
20250422,10:16:46,-2.6,
20250422,10:16:47,-1.6,
20250422,10:16:47,-1.3,
20250422,10:16:47,-1.3,
20250422,10:16:47,-1.1,
20250422,10:16:48,-0.9,
20250422,10:16:48,-0.5,
20250422,10:16:48,0.1,
20250422,10:16:49,1,
20250422,10:16:49,1.8,
20250422,10:16:49,2.1,
20250422,10:16:49,1.9,
20250422,10:16:50,1.4,
20250422,10:16:50,0.6,
20250422,10:16:50,-0.1,
20250422,10:16:51,-0.7,
20250422,10:16:51,-0.8,
20250422,10:16:51,-1.5,
20250422,10:16:51,-2.1,
20250422,10:16:52,-3.2,
20250422,10:16:52,-4.2,
20250422,10:16:52,-5,
20250422,10:16:52,-4.4,
20250422,10:16:53,-3.8,
20250422,10:16:53,-3.3,
20250422,10:16:53,-3.3,
20250422,10:16:54,-3.5,
20250422,10:16:54,-3.6,
20250422,10:16:54,-3.3,
20250422,10:16:54,-2.7,
20250422,10:16:55,-2.1,
20250422,10:16:55,-1.2,
20250422,10:16:55,-0.7,
20250422,10:16:55,-0.7,
20250422,10:16:56,-1.2,
20250422,10:16:56,-2.2,
20250422,10:16:56,-3.3,
20250422,10:16:57,-4.5,
20250422,10:16:57,-5.8,
20250422,10:16:57,-7.4,
20250422,10:16:57,-9,
20250422,10:16:58,-9.8,
20250422,10:16:58,-10,
20250422,10:16:58,-10,
20250422,10:16:59,-10.1,
20250422,10:16:59,-10.2,
20250422,10:16:59,-10,
20250422,10:16:59,-9.6,
20250422,10:17:00,-9,
20250422,10:17:00,-8,
20250422,10:17:00,-7.3,
20250422,10:17:00,-6.9,
20250422,10:17:01,-6.8,
20250422,10:17:01,-7,
20250422,10:17:01,-7.6,
20250422,10:17:02,-8.3,
20250422,10:17:02,-9,
20250422,10:17:02,-9.5,
20250422,10:17:02,-9.6,
20250422,10:17:03,-9.2,
20250422,10:17:03,-8.2,
20250422,10:17:03,-7.7,
20250422,10:17:03,-7.6,
20250422,10:17:04,-8,
20250422,10:17:04,-8.6,
20250422,10:17:04,-9.5,
20250422,10:17:05,-10.1,
20250422,10:17:05,-10.2,
20250422,10:17:05,-10,
20250422,10:17:05,-9.8,
20250422,10:17:06,-9.9,
20250422,10:17:06,-10.2,
20250422,10:17:06,-10.6,
20250422,10:17:07,-11.2,
20250422,10:17:07,-11.9,
20250422,10:17:07,-12.7,
20250422,10:17:07,-13.5,
20250422,10:17:08,-14.2,
20250422,10:17:08,-15.1,
20250422,10:17:08,-16,
20250422,10:17:08,-15.9,
20250422,10:17:09,-15.1,
20250422,10:17:09,-13.9,
20250422,10:17:09,-13.4,
20250422,10:17:10,-12.9,
20250422,10:17:10,-12.9,
20250422,10:17:10,-13.1,
20250422,10:17:10,-13.3,
20250422,10:17:11,-13.7,
20250422,10:17:11,-14.4,
20250422,10:17:11,-14.9,
20250422,10:17:12,-15.7,
20250422,10:17:12,-16.2,
20250422,10:17:12,-16.7,
20250422,10:17:12,-17.1,
20250422,10:17:13,-17.3,
20250422,10:17:13,-17.3,
20250422,10:17:13,-16.9,
20250422,10:17:13,-16.2,
20250422,10:17:14,-15.8,
20250422,10:17:14,-15.7,
20250422,10:17:14,-15.9,
20250422,10:17:15,-15.8,
20250422,10:17:15,-15.9,
20250422,10:17:15,-15.6,
20250422,10:17:15,-15.4,
20250422,10:17:16,-15.2,
20250422,10:17:16,-15.3,
20250422,10:17:16,-15.5,
20250422,10:17:17,-16,
20250422,10:17:17,-16.2,
20250422,10:17:17,-16.6,
20250422,10:17:17,-16.8,
20250422,10:17:18,-16.9,
20250422,10:17:18,-16.9,
20250422,10:17:18,-17.2,
20250422,10:17:18,-17.2,
20250422,10:17:19,-16.8,
20250422,10:17:19,-16.2,
20250422,10:17:19,-15.8,
20250422,10:17:20,-15.6,
20250422,10:17:20,-15.8,
20250422,10:17:20,-16.1,
20250422,10:17:20,-16.7,
20250422,10:17:21,-17.1,
20250422,10:17:21,-17.5,
20250422,10:17:21,-17.3,
20250422,10:17:21,-17,
20250422,10:17:22,-16.3,
20250422,10:17:22,-15.5,
20250422,10:17:22,-14.9,
20250422,10:17:23,-14.5,
20250422,10:17:23,-14.4,
20250422,10:17:23,-14.3,
20250422,10:17:23,-14,
20250422,10:17:24,-14.1,
20250422,10:17:24,-14.5,
20250422,10:17:24,-15.2,
20250422,10:17:25,-15.6,
20250422,10:17:25,-15.8,
20250422,10:17:25,-16,
20250422,10:17:25,-16,
20250422,10:17:26,-16.1,
20250422,10:17:26,-16.1,
20250422,10:17:26,-16.4,
20250422,10:17:26,-16.6,
20250422,10:17:27,-16.9,
20250422,10:17:27,-17.2,
20250422,10:17:27,-17.7,
20250422,10:17:28,-18.3,
20250422,10:17:28,-18.7,
20250422,10:17:28,-18.9,
20250422,10:17:28,-19.2,
20250422,10:17:29,-19.5,
20250422,10:17:29,-19.7,
20250422,10:17:29,-20.1,
20250422,10:17:30,-20.4,
20250422,10:17:30,-20.7,
20250422,10:17:30,-21.3,
20250422,10:17:30,-21.5,
20250422,10:17:31,-21.2,
20250422,10:17:31,-20.5,
20250422,10:17:31,-19.8,
20250422,10:17:31,-19.3,
20250422,10:17:32,-19,
20250422,10:17:32,-18.9,
20250422,10:17:32,-19,
20250422,10:17:33,-19.1,
20250422,10:17:33,-19.5,
20250422,10:17:33,-19.7,
20250422,10:17:33,-20.2,
20250422,10:17:34,-20.4,
20250422,10:17:34,-21,
20250422,10:17:34,-21.6,
20250422,10:17:35,-21.5,
20250422,10:17:35,-20.8,
20250422,10:17:35,-19.7,
20250422,10:17:35,-18.7,
20250422,10:17:36,-18.1,
20250422,10:17:36,-17.8,
20250422,10:17:36,-17.8,
20250422,10:17:36,-18.3,
20250422,10:17:37,-18.6,
20250422,10:17:37,-18.8,
20250422,10:17:37,-18.8,
20250422,10:17:38,-18.5,
20250422,10:17:38,-18,
20250422,10:17:38,-17.5,
20250422,10:17:38,-17.1,
20250422,10:17:39,-17.1,
20250422,10:17:39,-17.3,
20250422,10:17:39,-17.5,
20250422,10:17:40,-16.8,
20250422,10:17:40,-15.3,
20250422,10:17:40,-14,
20250422,10:17:40,-13.2,
20250422,10:17:41,-12.7,
20250422,10:17:41,-12.2,
20250422,10:17:41,-11.6,
20250422,10:17:42,-11.1,
20250422,10:17:42,-10.8,
20250422,10:17:42,-10.5,
20250422,10:17:42,-10.3,
20250422,10:17:43,-10.3,
20250422,10:17:43,-10.6,
20250422,10:17:43,-11.2,
20250422,10:17:43,-11.8,
20250422,10:17:44,-12.5,
20250422,10:17:44,-13.2,
20250422,10:17:44,-14.1,
20250422,10:17:44,-15.1,
20250422,10:17:45,-15.6,
20250422,10:17:45,-15.9,
20250422,10:17:45,-16.1,
20250422,10:17:46,-16.3,
20250422,10:17:46,-16.7,
20250422,10:17:46,-17.1,
20250422,10:17:46,-17.7,
20250422,10:17:47,-18.3,
20250422,10:17:47,-19,
20250422,10:17:47,-19.5,
20250422,10:17:48,-19.8,
20250422,10:17:48,-19.3,
20250422,10:17:48,-18.1,
20250422,10:17:48,-16.7,
20250422,10:17:49,-15.6,
20250422,10:17:49,-14.9,
20250422,10:17:49,-14.6,
20250422,10:17:49,-14.8,
20250422,10:17:50,-15.1,
20250422,10:17:50,-15.3,
20250422,10:17:50,-15.2,
20250422,10:17:51,-14.6,
20250422,10:17:51,-13.7,
20250422,10:17:51,-13.1,
20250422,10:17:51,-12.7,
20250422,10:17:52,-12.6,
20250422,10:17:52,-12.7,
20250422,10:17:52,-12.7,
20250422,10:17:53,-12.2,
20250422,10:17:53,-11.1,
20250422,10:17:53,-10.4,
20250422,10:17:53,-10,
20250422,10:17:54,-9.8,
20250422,10:17:54,-10,
20250422,10:17:54,-10.6,
20250422,10:17:54,-11.4,
20250422,10:17:55,-12.4,
20250422,10:17:55,-13.2,
20250422,10:17:55,-14.2,
20250422,10:17:56,-15.2,
20250422,10:17:56,-15.9,
20250422,10:17:56,-15.6,
20250422,10:17:56,-14.6,
20250422,10:17:57,-13.6,
20250422,10:17:57,-12.7,
20250422,10:17:57,-12.5,
20250422,10:17:57,-12.6,
20250422,10:17:58,-12.9,
20250422,10:17:58,-13.6,
20250422,10:17:58,-14.4,
20250422,10:17:59,-15.2,
20250422,10:17:59,-16.1,
20250422,10:17:59,-16.9,
20250422,10:17:59,-17.8,
,,,
,,,
,,,
,,,
,,,
,,,
,,,
,,,
,,,
,,,
20250422,10:23:22,-44.7,
20250422,10:23:22,-44.5,
20250422,10:23:23,-44.4,
20250422,10:23:23,-44.3,
20250422,10:23:23,-44.1,
20250422,10:23:23,-43.8,
20250422,10:23:24,-43.6,
20250422,10:23:24,-43.6,
20250422,10:23:24,-43.5,
20250422,10:23:24,-43.7,
20250422,10:23:25,-43.8,
20250422,10:23:25,-43.9,
20250422,10:23:25,-44.1,
20250422,10:23:26,-44.3,
20250422,10:23:26,-44.5,
20250422,10:23:26,-44.8,
20250422,10:23:26,-45,
20250422,10:23:27,-45.2,
20250422,10:23:27,-45.5,
20250422,10:23:27,-45.7,
20250422,10:23:27,-46,
20250422,10:23:28,-46.1,
20250422,10:23:28,-46.3,
20250422,10:23:28,-46.5,
20250422,10:23:29,-46.4,
20250422,10:23:29,-46.4,
20250422,10:23:29,-46.4,
20250422,10:23:29,-46.4,
20250422,10:23:30,-46.5,
20250422,10:23:30,-46.4,
20250422,10:23:30,-46.4,
20250422,10:23:31,-46.4,
20250422,10:23:31,-46.6,
20250422,10:23:31,-47.1,
20250422,10:23:31,-47.7,
20250422,10:23:32,-48.2,
20250422,10:23:32,-48.5,
20250422,10:23:32,-48.8,
20250422,10:23:33,-49,
20250422,10:23:33,-49.1,
20250422,10:23:33,-49.3,
20250422,10:23:33,-49.3,
20250422,10:23:34,-49.4,
20250422,10:23:34,-49.4,
20250422,10:23:34,-49.4,
20250422,10:23:34,-49.4,
20250422,10:23:35,-49.4,
20250422,10:23:35,-49.5,
20250422,10:23:35,-49.6,
20250422,10:23:36,-49.8,
20250422,10:23:36,-49.7,
20250422,10:23:36,-49.7,
20250422,10:23:36,-49.8,
20250422,10:23:37,-49.6,
20250422,10:23:37,-49.5,
20250422,10:23:37,-49.4,
20250422,10:23:37,-49.4,
20250422,10:23:38,-49.2,
20250422,10:23:38,-49.1,
20250422,10:23:38,-48.8,
20250422,10:23:39,-48.7,
20250422,10:23:39,-48.5,
20250422,10:23:39,-48.4,
20250422,10:23:39,-48.3,
20250422,10:23:40,-48.1,
20250422,10:23:40,-48,
20250422,10:23:40,-47.9,
20250422,10:23:41,-47.7,
20250422,10:23:41,-47.7,
20250422,10:23:41,-47.5,
20250422,10:23:41,-47.4,
20250422,10:23:42,-47.1,
20250422,10:23:42,-47,
20250422,10:23:42,-46.8,
20250422,10:23:42,-46.6,
20250422,10:23:43,-46.5,
20250422,10:23:43,-46.3,
20250422,10:23:43,-46,
20250422,10:23:44,-46,
20250422,10:23:44,-46.4,
20250422,10:23:44,-47.2,
20250422,10:23:44,-48.2,
20250422,10:23:45,-48.8,
20250422,10:23:45,-49.2,
20250422,10:23:45,-49.2,
20250422,10:23:46,-49.3,
20250422,10:23:46,-49.2,
20250422,10:23:46,-49.2,
20250422,10:23:46,-49.3,
20250422,10:23:47,-49.4,
20250422,10:23:47,-49.4,
20250422,10:23:47,-49.4,
20250422,10:23:47,-49.4,
20250422,10:23:48,-49.4,
20250422,10:23:48,-49.4,
20250422,10:23:48,-49.4,
20250422,10:23:49,-49.4,
20250422,10:23:49,-49.3,
20250422,10:23:49,-49.2,
20250422,10:23:49,-49.1,
20250422,10:23:50,-48.9,
20250422,10:23:50,-48.8,
20250422,10:23:50,-48.6,
20250422,10:23:50,-48.3,
20250422,10:23:51,-47.9,
20250422,10:23:51,-47.7,
20250422,10:23:51,-47.6,
20250422,10:23:52,-47.4,
20250422,10:23:52,-47.3,
20250422,10:23:52,-47.5,
20250422,10:23:52,-47.7,
20250422,10:23:53,-47.8,
20250422,10:23:53,-48,
20250422,10:23:53,-48.2,
20250422,10:23:54,-48.4,
20250422,10:23:54,-48.4,
20250422,10:23:54,-48.4,
20250422,10:23:54,-48.3,
20250422,10:23:55,-48.2,
20250422,10:23:55,-48.1,
20250422,10:23:55,-47.8,
20250422,10:23:55,-47.7,
20250422,10:23:56,-47.6,
20250422,10:23:56,-47.4,
20250422,10:23:56,-47.2,
20250422,10:23:57,-47.1,
20250422,10:23:57,-46.9,
20250422,10:23:57,-46.8,
20250422,10:23:57,-46.6,
20250422,10:23:58,-46.4,
20250422,10:23:58,-46.2,
20250422,10:23:58,-46,
20250422,10:23:59,-45.9,
20250422,10:23:59,-45.7,
20250422,10:23:59,-45.5,
20250422,10:23:59,-45.3,
20250422,10:24:00,-45.1,
20250422,10:24:00,-45.1,
20250422,10:24:00,-45,
20250422,10:24:00,-45,
20250422,10:24:01,-45.3,
20250422,10:24:01,-46,
20250422,10:24:01,-47.2,
20250422,10:24:02,-48.5,
20250422,10:24:02,-49.1,
20250422,10:24:02,-49.3,
20250422,10:24:02,-49.3,
20250422,10:24:03,-49.3,
20250422,10:24:03,-49.2,
20250422,10:24:03,-49.4,
20250422,10:24:04,-49.6,
20250422,10:24:04,-49.9,
20250422,10:24:04,-49.8,
20250422,10:24:04,-49.4,
20250422,10:24:05,-49.4,
20250422,10:24:05,-49.5,
20250422,10:24:05,-49.5,
20250422,10:24:05,-49.5,
20250422,10:24:06,-49.4,
20250422,10:24:06,-49.4,
20250422,10:24:06,-49.3,
20250422,10:24:07,-49.4,
20250422,10:24:07,-49.5,
20250422,10:24:07,-49.8,
20250422,10:24:07,-50.1,
20250422,10:24:08,-50.2,
20250422,10:24:08,-50.3,
20250422,10:24:08,-50.3,
20250422,10:24:08,-50.2,
20250422,10:24:09,-50.2,
20250422,10:24:09,-50.1,
20250422,10:24:09,-50,
20250422,10:24:10,-49.8,
20250422,10:24:10,-49.7,
20250422,10:24:10,-49.4,
20250422,10:24:10,-49.2,
20250422,10:24:11,-49,
20250422,10:24:11,-49,
20250422,10:24:11,-48.8,
20250422,10:24:12,-48.9,
20250422,10:24:12,-49.1,
20250422,10:24:12,-49.4,
20250422,10:24:12,-49.9,
20250422,10:24:13,-50.3,
20250422,10:24:13,-50.6,
20250422,10:24:13,-50.8,
20250422,10:24:14,-50.8,
20250422,10:24:14,-50.8,
20250422,10:24:14,-50.7,
20250422,10:24:14,-50.6,
20250422,10:24:15,-50.6,
20250422,10:24:15,-50.5,
20250422,10:24:15,-50.4,
20250422,10:24:15,-50.3,
20250422,10:24:16,-50.3,
20250422,10:24:16,-50.3,
20250422,10:24:16,-50.3,
20250422,10:24:17,-50.2,
20250422,10:24:17,-50.1,
20250422,10:24:17,-50,
20250422,10:24:17,-49.9,
20250422,10:24:18,-49.9,
20250422,10:24:18,-49.7,
20250422,10:24:18,-49.6,
20250422,10:24:18,-49.6,
20250422,10:24:19,-49.4,
20250422,10:24:19,-49.4,
20250422,10:24:19,-49.3,
20250422,10:24:20,-49.1,
20250422,10:24:20,-49,
20250422,10:24:20,-48.9,
20250422,10:24:20,-48.6,
20250422,10:24:21,-48.6,
20250422,10:24:21,-48.4,
20250422,10:24:21,-48.3,
20250422,10:24:22,-48.2,
20250422,10:24:22,-48,
20250422,10:24:22,-47.8,
20250422,10:24:22,-47.7,
20250422,10:24:23,-47.7,
20250422,10:24:23,-47.6,
20250422,10:24:23,-47.4,
20250422,10:24:23,-47.3,
20250422,10:24:24,-47.1,
20250422,10:24:24,-46.9,
20250422,10:24:24,-46.8,
20250422,10:24:25,-46.6,
20250422,10:24:25,-46.4,
20250422,10:24:25,-46.3,
20250422,10:24:25,-46.1,
20250422,10:24:26,-46.1,
20250422,10:24:26,-46,
20250422,10:24:26,-45.9,
20250422,10:24:27,-45.7,
20250422,10:24:27,-45.5,
20250422,10:24:27,-45.3,
20250422,10:24:27,-45.2,
20250422,10:24:28,-45.1,
20250422,10:24:28,-45.1,
20250422,10:24:28,-45.4,
20250422,10:24:28,-46.1,
20250422,10:24:29,-47,
20250422,10:24:29,-47.7,
20250422,10:24:29,-48.3,
20250422,10:24:30,-48.8,
20250422,10:24:30,-49.1,
20250422,10:24:30,-49.2,
20250422,10:24:30,-49.2,
20250422,10:24:31,-49,
20250422,10:24:31,-48.9,
20250422,10:24:31,-49,
20250422,10:24:31,-49,
20250422,10:24:32,-49.2,
20250422,10:24:32,-49.4,
20250422,10:24:32,-49.5,
20250422,10:24:33,-49.5,
20250422,10:24:33,-49.7,
20250422,10:24:33,-49.9,
20250422,10:24:33,-50.1,
20250422,10:24:34,-50.4,
20250422,10:24:34,-50.7,
20250422,10:24:34,-50.9,
20250422,10:24:35,-51,
20250422,10:24:35,-51.1,
20250422,10:24:35,-51.1,
20250422,10:24:35,-51,
20250422,10:24:36,-51,
20250422,10:24:36,-50.9,
20250422,10:24:36,-50.9,
20250422,10:24:36,-50.7,
20250422,10:24:37,-50.6,
20250422,10:24:37,-50.6,
20250422,10:24:37,-50.5,
20250422,10:24:38,-50.4,
20250422,10:24:38,-50.3,
20250422,10:24:38,-50.3,
20250422,10:24:38,-50.1,
20250422,10:24:39,-49.9,
20250422,10:24:39,-49.7,
20250422,10:24:39,-49.5,
20250422,10:24:40,-49.4,
20250422,10:24:40,-49.1,
20250422,10:24:40,-48.7,
20250422,10:24:40,-48.7,
20250422,10:24:41,-48.5,
20250422,10:24:41,-48.9,
20250422,10:24:41,-49.4,
20250422,10:24:41,-50.2,
20250422,10:24:42,-50.5,
20250422,10:24:42,-50.9,
20250422,10:24:42,-51.1,
20250422,10:24:43,-51.1,
20250422,10:24:43,-51.1,
20250422,10:24:43,-51.1,
20250422,10:24:43,-51.1,
20250422,10:24:44,-51,
20250422,10:24:44,-51,
20250422,10:24:44,-51,
20250422,10:24:45,-51.1,
20250422,10:24:45,-51.1,
20250422,10:24:45,-50.9,
20250422,10:24:45,-50.9,
20250422,10:24:46,-50.8,
20250422,10:24:46,-50.7,
20250422,10:24:46,-50.5,
20250422,10:24:46,-50.4,
20250422,10:24:47,-50.3,
20250422,10:24:47,-50.1,
20250422,10:24:47,-50,
20250422,10:24:48,-49.8,
20250422,10:24:48,-49.6,
20250422,10:24:48,-49.4,
20250422,10:24:48,-49.4,
20250422,10:24:49,-49.2,
20250422,10:24:49,-49.1,
20250422,10:24:49,-48.9,
20250422,10:24:49,-48.9,
20250422,10:24:50,-48.9,
20250422,10:24:50,-48.6,
20250422,10:24:50,-48.6,
20250422,10:24:51,-48.5,
20250422,10:24:51,-48.4,
20250422,10:24:51,-48.3,
20250422,10:24:51,-48.1,
20250422,10:24:52,-47.9,
20250422,10:24:52,-47.8,
20250422,10:24:52,-47.6,
20250422,10:24:53,-47.5,
20250422,10:24:53,-47.3,
20250422,10:24:53,-47.1,
20250422,10:24:53,-46.9,
20250422,10:24:54,-46.8,
20250422,10:24:54,-46.8,
20250422,10:24:54,-46.5,
20250422,10:24:55,-46.3,
20250422,10:24:55,-46.1,
20250422,10:24:55,-46,
20250422,10:24:55,-46,
20250422,10:24:56,-45.8,
20250422,10:24:56,-45.7,
20250422,10:24:56,-45.5,
20250422,10:24:56,-45.5,
20250422,10:24:57,-45.3,
20250422,10:24:57,-45.2,
20250422,10:24:57,-45.1,
20250422,10:24:58,-45,
20250422,10:24:58,-44.8,
20250422,10:24:58,-44.6,
20250422,10:24:58,-44.6,
20250422,10:24:59,-44.3,
20250422,10:24:59,-44.2,
20250422,10:24:59,-44,
20250422,10:24:59,-43.9,
20250422,10:25:00,-43.6,
20250422,10:25:00,-43.4,
20250422,10:25:00,-43.3,
20250422,10:25:01,-43.3,
20250422,10:25:01,-43.3,
20250422,10:25:01,-43.3,
20250422,10:25:01,-43.2,
20250422,10:25:02,-43,
20250422,10:25:02,-43,
20250422,10:25:02,-43.3,
20250422,10:25:03,-44.1,
20250422,10:25:03,-45.4,
20250422,10:25:03,-46.6,
20250422,10:25:03,-47.2,
20250422,10:25:04,-47.5,
20250422,10:25:04,-47.5,
20250422,10:25:04,-47.2,
20250422,10:25:04,-47.1,
20250422,10:25:05,-46.9,
20250422,10:25:05,-47,
20250422,10:25:05,-47.1,
20250422,10:25:06,-47.6,
20250422,10:25:06,-48.1,
20250422,10:25:06,-48.3,
20250422,10:25:06,-47.8,
20250422,10:25:07,-46.9,
20250422,10:25:07,-46,
20250422,10:25:07,-45,
20250422,10:25:08,-44.3,
20250422,10:25:08,-43.8,
20250422,10:25:08,-43.7,
20250422,10:25:08,-43.8,
20250422,10:25:09,-44.2,
20250422,10:25:09,-44.6,
20250422,10:25:09,-45.2,
20250422,10:25:09,-45.9,
20250422,10:25:10,-46.6,
20250422,10:25:10,-47.4,
20250422,10:25:10,-48.1,
20250422,10:25:11,-48.9,
20250422,10:25:11,-49.6,
20250422,10:25:11,-50.3,
20250422,10:25:11,-50.9,
20250422,10:25:12,-51.4,
20250422,10:25:12,-51.9,
20250422,10:25:12,-52.3,
20250422,10:25:12,-52.7,
20250422,10:25:13,-52.9,
20250422,10:25:13,-53.1,
20250422,10:25:13,-53.2,
20250422,10:25:14,-53.3,
20250422,10:25:14,-53.2,
20250422,10:25:14,-53.3,
20250422,10:25:14,-53.2,
20250422,10:25:15,-53,
20250422,10:25:15,-52.9,
20250422,10:25:15,-52.7,
20250422,10:25:16,-52.5,
20250422,10:25:16,-52.3,
20250422,10:25:16,-52,
20250422,10:25:16,-51.9,
20250422,10:25:17,-51.7,
20250422,10:25:17,-51.3,
20250422,10:25:17,-51.3,
20250422,10:25:17,-50.8,
20250422,10:25:18,-50.7,
20250422,10:25:18,-50.4,
20250422,10:25:18,-50.2,
20250422,10:25:19,-49.8,
20250422,10:25:19,-49.5,
20250422,10:25:19,-49.3,
20250422,10:25:19,-49.1,
20250422,10:25:20,-48.7,
20250422,10:25:20,-48.5,
20250422,10:25:20,-48.5,
20250422,10:25:21,-48.5,
20250422,10:25:21,-48.8,
20250422,10:25:21,-49.6,
20250422,10:25:21,-50.3,
20250422,10:25:22,-50.8,
20250422,10:25:22,-51.1,
20250422,10:25:22,-51,
20250422,10:25:22,-51.1,
20250422,10:25:23,-51,
20250422,10:25:23,-51,
20250422,10:25:23,-51,
20250422,10:25:24,-51.1,
20250422,10:25:24,-51.1,
20250422,10:25:24,-51.2,
20250422,10:25:24,-51.2,
20250422,10:25:25,-51.2,
20250422,10:25:25,-51.2,
20250422,10:25:25,-51.2,
20250422,10:25:26,-51.1,
20250422,10:25:26,-51.1,
20250422,10:25:26,-50.9,
20250422,10:25:26,-50.9,
20250422,10:25:27,-50.8,
20250422,10:25:27,-50.6,
20250422,10:25:27,-50.5,
20250422,10:25:27,-50.3,
20250422,10:25:28,-50.3,
20250422,10:25:28,-50.2,
20250422,10:25:28,-50,
20250422,10:25:29,-49.9,
20250422,10:25:29,-49.7,
20250422,10:25:29,-49.5,
20250422,10:25:29,-49.4,
20250422,10:25:30,-49.3,
20250422,10:25:30,-49.1,
20250422,10:25:30,-49,
20250422,10:25:31,-48.8,
20250422,10:25:31,-48.6,
20250422,10:25:31,-48.5,
20250422,10:25:31,-48.2,
20250422,10:25:32,-48.2,
20250422,10:25:32,-47.7,
20250422,10:25:32,-47.7,
20250422,10:25:32,-47.5,
20250422,10:25:33,-47.1,
20250422,10:25:33,-47,
20250422,10:25:33,-46.9,
20250422,10:25:34,-46.6,
20250422,10:25:34,-46.4,
20250422,10:25:34,-46.2,
20250422,10:25:34,-46,
20250422,10:25:35,-45.8,
20250422,10:25:35,-45.6,
20250422,10:25:35,-45.3,
20250422,10:25:36,-45.2,
20250422,10:25:36,-45,
20250422,10:25:36,-44.9,
20250422,10:25:36,-44.5,
20250422,10:25:37,-44.4,
20250422,10:25:37,-44.3,
20250422,10:25:37,-44.3,
20250422,10:25:37,-43.8,
20250422,10:25:38,-43.8,
20250422,10:25:38,-43.7,
20250422,10:25:38,-43.4,
20250422,10:25:39,-43.4,
20250422,10:25:39,-43.3,
20250422,10:25:39,-43,
20250422,10:25:39,-42.8,
20250422,10:25:40,-42.8,
20250422,10:25:40,-42.7,
20250422,10:25:40,-42.7,
20250422,10:25:40,-42.5,
20250422,10:25:41,-42.1,
20250422,10:25:41,-42.3,
20250422,10:25:41,-42,
20250422,10:25:42,-41.8,
20250422,10:25:42,-41.7,
20250422,10:25:42,-41.7,
20250422,10:25:42,-41.5,
20250422,10:25:43,-41.1,
20250422,10:25:43,-41.2,
20250422,10:25:43,-41,
20250422,10:25:44,-41.3,
20250422,10:25:44,-42.3,
20250422,10:25:44,-43.5,
20250422,10:25:44,-44.9,
20250422,10:25:45,-45.9,
20250422,10:25:45,-46.4,
20250422,10:25:45,-46.6,
20250422,10:25:45,-46,
20250422,10:25:46,-45.5,
20250422,10:25:46,-44.9,
20250422,10:25:46,-44.1,
20250422,10:25:47,-42.7,
20250422,10:25:47,-42,
20250422,10:25:47,-40.9,
20250422,10:25:47,-40,
20250422,10:25:48,-38.9,
20250422,10:25:48,-38.2,
20250422,10:25:48,-37.5,
20250422,10:25:49,-37.2,
20250422,10:25:49,-37,
20250422,10:25:49,-37.2,
20250422,10:25:49,-37,
20250422,10:25:50,-37.2,
20250422,10:25:50,-37.4,
20250422,10:25:50,-38,
20250422,10:25:50,-38.3,
20250422,10:25:51,-39,
20250422,10:25:51,-39.8,
20250422,10:25:51,-40.8,
20250422,10:25:52,-41.7,
20250422,10:25:52,-42.7,
20250422,10:25:52,-43.7,
20250422,10:25:52,-44.9,
20250422,10:25:53,-45.9,
20250422,10:25:53,-46.8,
20250422,10:25:53,-48,
20250422,10:25:53,-48.7,
20250422,10:25:54,-49.5,
20250422,10:25:54,-50.3,
20250422,10:25:54,-51,
20250422,10:25:55,-51.4,
20250422,10:25:55,-51.9,
20250422,10:25:55,-52.1,
20250422,10:25:55,-52.4,
20250422,10:25:56,-52.5,
20250422,10:25:56,-52.5,
20250422,10:25:56,-52.7,
20250422,10:25:57,-52.5,
20250422,10:25:57,-52.4,
20250422,10:25:57,-52.3,
20250422,10:25:57,-52,
20250422,10:25:58,-52,
20250422,10:25:58,-51.8,
20250422,10:25:58,-51.6,
20250422,10:25:59,-51.2,
20250422,10:25:59,-51.1,
20250422,10:25:59,-50.9,
20250422,10:25:59,-50.7,
20250422,10:26:00,-50.3,
20250422,10:26:00,-50.3,
20250422,10:26:00,-50,
20250422,10:26:00,-49.7,
20250422,10:26:01,-49.5,
20250422,10:26:01,-49.4,
20250422,10:26:01,-49.2,
20250422,10:26:02,-49.1,
20250422,10:26:02,-48.7,
20250422,10:26:02,-48.5,
20250422,10:26:02,-48.2,
20250422,10:26:03,-48,
20250422,10:26:03,-47.7,
20250422,10:26:03,-47.5,
20250422,10:26:03,-47.2,
20250422,10:26:04,-46.9,
20250422,10:26:04,-46.6,
20250422,10:26:04,-46.4,
20250422,10:26:05,-46.1,
20250422,10:26:05,-45.8,
20250422,10:26:05,-45.7,
20250422,10:26:05,-45.2,
20250422,10:26:06,-45.1,
20250422,10:26:06,-44.9,
20250422,10:26:06,-44.8,
20250422,10:26:07,-44.4,
20250422,10:26:07,-44.3,
20250422,10:26:07,-44.3,
20250422,10:26:07,-44.1,
20250422,10:26:08,-43.7,
20250422,10:26:08,-43.5,
20250422,10:26:08,-43.4,
20250422,10:26:08,-43.1,
20250422,10:26:09,-42.9,
20250422,10:26:09,-42.7,
20250422,10:26:09,-42.6,
20250422,10:26:10,-42.6,
20250422,10:26:10,-43.2,
20250422,10:26:10,-43.9,
20250422,10:26:10,-44.6,
20250422,10:26:11,-45.1,
20250422,10:26:11,-45.7,
20250422,10:26:11,-46,
20250422,10:26:12,-46.3,
20250422,10:26:12,-46.5,
20250422,10:26:12,-46.6,
20250422,10:26:12,-46.7,
20250422,10:26:13,-46.7,
20250422,10:26:13,-46.5,
20250422,10:26:13,-46.6,
20250422,10:26:13,-46.5,
20250422,10:26:14,-46.4,
20250422,10:26:14,-46.2,
20250422,10:26:14,-46.1,
20250422,10:26:15,-46,
20250422,10:26:15,-45.8,
20250422,10:26:15,-45.7,
20250422,10:26:15,-45.5,
20250422,10:26:16,-45.3,
20250422,10:26:16,-45.2,
20250422,10:26:16,-45,
20250422,10:26:17,-44.8,
20250422,10:26:17,-44.7,
20250422,10:26:17,-44.4,
20250422,10:26:17,-44.3,
20250422,10:26:18,-44.1,
20250422,10:26:18,-44,
20250422,10:26:18,-43.7,
20250422,10:26:18,-43.6,
20250422,10:26:19,-43.5,
20250422,10:26:19,-43.3,
20250422,10:26:19,-43.2,
20250422,10:26:20,-42.9,
20250422,10:26:20,-42.8,
20250422,10:26:20,-42.6,
20250422,10:26:20,-42.5,
20250422,10:26:21,-42.2,
20250422,10:26:21,-42.1,
20250422,10:26:21,-41.9,
20250422,10:26:21,-41.7,
20250422,10:26:22,-41.7,
20250422,10:26:22,-41.7,
20250422,10:26:22,-42.2,
20250422,10:26:23,-43.2,
20250422,10:26:23,-44.1,
20250422,10:26:23,-45,
20250422,10:26:23,-45.6,
20250422,10:26:24,-46.2,
20250422,10:26:24,-46.8,
20250422,10:26:24,-47.2,
20250422,10:26:25,-47.7,
20250422,10:26:25,-48.1,
20250422,10:26:25,-48.4,
20250422,10:26:25,-48.6,
20250422,10:26:26,-48.8,
20250422,10:26:26,-49,
20250422,10:26:26,-49.3,
20250422,10:26:27,-49.4,
20250422,10:26:27,-49.5,
20250422,10:26:27,-49.7,
20250422,10:26:27,-49.8,
20250422,10:26:28,-49.7,
20250422,10:26:28,-49.7,
20250422,10:26:28,-49.8,
20250422,10:26:28,-49.6,
20250422,10:26:29,-49.5,
20250422,10:26:29,-49.4,
20250422,10:26:29,-49.2,
20250422,10:26:30,-49,
20250422,10:26:30,-48.8,
20250422,10:26:30,-48.6,
20250422,10:26:30,-48.5,
20250422,10:26:31,-48.2,
20250422,10:26:31,-48,
20250422,10:26:31,-47.7,
20250422,10:26:31,-47.6,
20250422,10:26:32,-47.4,
20250422,10:26:32,-47.1,
20250422,10:26:32,-46.9,
20250422,10:26:33,-46.8,
20250422,10:26:33,-46.4,
20250422,10:26:33,-46.2,
20250422,10:26:33,-46,
20250422,10:26:34,-45.9,
20250422,10:26:34,-45.6,
20250422,10:26:34,-45.3,
20250422,10:26:34,-45.2,
20250422,10:26:35,-45,
20250422,10:26:35,-44.7,
20250422,10:26:35,-44.5,
20250422,10:26:36,-44.3,
20250422,10:26:36,-44,
20250422,10:26:36,-43.9,
20250422,10:26:36,-43.7,
20250422,10:26:37,-43.4,
20250422,10:26:37,-43.3,
20250422,10:26:37,-43.1,
20250422,10:26:38,-42.7,
20250422,10:26:38,-42.6,
20250422,10:26:38,-42.4,
20250422,10:26:38,-42.1,
20250422,10:26:39,-42,
20250422,10:26:39,-41.8,
20250422,10:26:39,-41.6,
20250422,10:26:40,-41.5,
20250422,10:26:40,-41.1,
20250422,10:26:40,-41,
20250422,10:26:40,-40.9,
20250422,10:26:41,-40.9,
20250422,10:26:41,-41.3,
20250422,10:26:41,-42.3,
20250422,10:26:41,-43.9,
20250422,10:26:42,-45.1,
20250422,10:26:42,-46.1,
20250422,10:26:42,-47,
20250422,10:26:43,-47.7,
20250422,10:26:43,-48.2,
20250422,10:26:43,-48.7,
20250422,10:26:43,-49.1,
20250422,10:26:44,-49.4,
20250422,10:26:44,-49.8,
20250422,10:26:44,-50.1,
20250422,10:26:44,-50.3,
20250422,10:26:45,-50.7,
20250422,10:26:45,-51.3,
20250422,10:26:45,-51.7,
20250422,10:26:46,-51.3,
20250422,10:26:46,-50.7,
20250422,10:26:46,-49.9,
20250422,10:26:46,-49.4,
20250422,10:26:47,-49.3,
20250422,10:26:47,-49.2,
20250422,10:26:47,-49.4,
20250422,10:26:48,-49.6,
20250422,10:26:48,-49.9,
20250422,10:26:48,-50.3,
20250422,10:26:48,-50.7,
20250422,10:26:49,-50.9,
20250422,10:26:49,-51.3,
20250422,10:26:49,-51.4,
20250422,10:26:49,-51.8,
20250422,10:26:50,-52.5,
20250422,10:26:50,-53,
20250422,10:26:50,-53.1,
20250422,10:26:51,-52.5,
20250422,10:26:51,-51.5,
20250422,10:26:51,-50.5,
20250422,10:26:51,-49.9,
20250422,10:26:52,-49.5,
20250422,10:26:52,-49.4,
20250422,10:26:52,-49.4,
20250422,10:26:53,-49.7,
20250422,10:26:53,-50.1,
20250422,10:26:53,-50.6,
20250422,10:26:53,-51,
20250422,10:26:54,-51.7,
20250422,10:26:54,-52.4,
20250422,10:26:54,-52.4,
20250422,10:26:54,-51.6,
20250422,10:26:55,-49.9,
20250422,10:26:55,-48.3,
20250422,10:26:55,-46.8,
20250422,10:26:56,-46,
20250422,10:26:56,-45.3,
20250422,10:26:56,-45.1,
20250422,10:26:56,-45.1,
20250422,10:26:57,-45.1,
20250422,10:26:57,-45.5,
20250422,10:26:57,-45.9,
20250422,10:26:58,-46.2,
20250422,10:26:58,-46.7,
20250422,10:26:58,-47.3,
20250422,10:26:58,-47.8,
20250422,10:26:59,-48.4,
20250422,10:26:59,-48.8,
20250422,10:26:59,-49.4,
20250422,10:26:59,-49.9,
20250422,10:27:00,-50.3,
20250422,10:27:00,-50.7,
20250422,10:27:00,-51.4,
20250422,10:27:01,-52.1,
20250422,10:27:01,-52.4,
20250422,10:27:01,-52,
20250422,10:27:01,-50.6,
20250422,10:27:02,-48.7,
20250422,10:27:02,-46.4,
20250422,10:27:02,-44,
20250422,10:27:02,-41.6,
20250422,10:27:03,-39.5,
20250422,10:27:03,-37.6,
20250422,10:27:03,-36.1,
20250422,10:27:04,-34.9,
20250422,10:27:04,-34.3,
20250422,10:27:04,-33.8,
20250422,10:27:04,-33.7,
20250422,10:27:05,-33.9,
20250422,10:27:05,-34.1,
20250422,10:27:05,-34.3,
20250422,10:27:06,-34.6,
20250422,10:27:06,-34.7,
20250422,10:27:06,-34.6,
20250422,10:27:06,-34.8,
20250422,10:27:07,-34.6,
20250422,10:27:07,-34.7,
20250422,10:27:07,-34.9,
20250422,10:27:07,-35.1,
20250422,10:27:08,-35.5,
20250422,10:27:08,-35.8,
20250422,10:27:08,-36.4,
20250422,10:27:09,-37.1,
20250422,10:27:09,-37.6,
20250422,10:27:09,-38.3,
20250422,10:27:09,-39.1,
20250422,10:27:10,-39.8,
20250422,10:27:10,-40.5,
20250422,10:27:10,-41.2,
20250422,10:27:11,-41.9,
20250422,10:27:11,-42.6,
20250422,10:27:11,-43.4,
20250422,10:27:11,-44.1,
20250422,10:27:12,-44.7,
20250422,10:27:12,-45.2,
20250422,10:27:12,-46,
20250422,10:27:12,-46.5,
20250422,10:27:13,-47,
20250422,10:27:13,-47.4,
20250422,10:27:13,-48,
20250422,10:27:14,-48.4,
20250422,10:27:14,-48.7,
20250422,10:27:14,-49.2,
20250422,10:27:14,-49.4,
20250422,10:27:15,-49.7,
20250422,10:27:15,-50,
20250422,10:27:15,-50.2,
20250422,10:27:15,-50.3,
20250422,10:27:16,-50.4,
20250422,10:27:16,-50.6,
20250422,10:27:16,-50.6,
20250422,10:27:17,-50.8,
20250422,10:27:17,-50.9,
20250422,10:27:17,-51.1,
20250422,10:27:17,-51.5,
20250422,10:27:18,-51.8,
20250422,10:27:18,-52,
20250422,10:27:18,-52.1,
20250422,10:27:19,-52.2,
20250422,10:27:19,-52.2,
20250422,10:27:19,-52.2,
20250422,10:27:19,-52.1,
20250422,10:27:20,-52.1,
20250422,10:27:20,-52,
20250422,10:27:20,-52,
20250422,10:27:21,-51.9,
20250422,10:27:21,-51.9,
20250422,10:27:21,-51.9,
20250422,10:27:21,-51.8,
20250422,10:27:22,-51.8,
20250422,10:27:22,-52,
20250422,10:27:22,-52.8,
20250422,10:27:22,-53.7,
20250422,10:27:23,-54.4,
20250422,10:27:23,-54.6,
20250422,10:27:23,-54.6,
20250422,10:27:24,-54.7,
20250422,10:27:24,-54.7,
20250422,10:27:24,-54.8,
20250422,10:27:24,-54.8,
20250422,10:27:25,-55,
20250422,10:27:25,-55.2,
20250422,10:27:25,-55.3,
20250422,10:27:25,-55.4,
20250422,10:27:26,-55.4,
20250422,10:27:26,-55.6,
20250422,10:27:26,-55.7,
20250422,10:27:27,-55.7,
20250422,10:27:27,-55.7,
20250422,10:27:27,-55.8,
20250422,10:27:27,-55.7,
20250422,10:27:28,-55.6,
20250422,10:27:28,-55.5,
20250422,10:27:28,-55.5,
20250422,10:27:29,-55.5,
20250422,10:27:29,-55.4,
20250422,10:27:29,-55.5,
20250422,10:27:29,-55.9,
20250422,10:27:30,-56.7,
20250422,10:27:30,-57.6,
20250422,10:27:30,-58,
20250422,10:27:30,-57.9,
20250422,10:27:31,-57.2,
20250422,10:27:31,-56.7,
20250422,10:27:31,-56.2,
20250422,10:27:32,-55.9,
20250422,10:27:32,-55.5,
20250422,10:27:32,-55.5,
20250422,10:27:32,-55.6,
20250422,10:27:33,-55.7,
20250422,10:27:33,-55.8,
20250422,10:27:33,-55.8,
20250422,10:27:34,-56.1,
20250422,10:27:34,-56.9,
20250422,10:27:34,-57.2,
20250422,10:27:34,-57.4,
20250422,10:27:35,-57.5,
20250422,10:27:35,-57.6,
20250422,10:27:35,-57.5,
20250422,10:27:35,-57.4,
20250422,10:27:36,-57.3,
20250422,10:27:36,-57.2,
20250422,10:27:36,-57.1,
20250422,10:27:37,-57.1,
20250422,10:27:37,-57,
20250422,10:27:37,-56.9,
20250422,10:27:37,-56.8,
20250422,10:27:38,-56.7,
20250422,10:27:38,-56.6,
20250422,10:27:38,-56.5,
20250422,10:27:39,-56.5,
20250422,10:27:39,-56.4,
20250422,10:27:39,-56.2,
20250422,10:27:39,-56.2,
20250422,10:27:40,-56.2,
20250422,10:27:40,-56.7,
20250422,10:27:40,-57.3,
20250422,10:27:40,-57.9,
20250422,10:27:41,-57.8,
20250422,10:27:41,-57.1,
20250422,10:27:41,-56.2,
20250422,10:27:42,-55.4,
20250422,10:27:42,-54.7,
20250422,10:27:42,-54.3,
20250422,10:27:42,-53.8,
20250422,10:27:43,-53.7,
20250422,10:27:43,-53.7,
20250422,10:27:43,-53.8,
20250422,10:27:43,-54,
20250422,10:27:44,-54.2,
20250422,10:27:44,-54.5,
20250422,10:27:44,-54.6,
20250422,10:27:45,-54.7,
20250422,10:27:45,-55.1,
20250422,10:27:45,-55.2,
20250422,10:27:45,-55.3,
20250422,10:27:46,-54.1,
20250422,10:27:46,-52,
20250422,10:27:46,-49.6,
20250422,10:27:47,-46.9,
20250422,10:27:47,-44.5,
20250422,10:27:47,-42.2,
20250422,10:27:47,-40,
20250422,10:27:48,-38.3,
20250422,10:27:48,-36.7,
20250422,10:27:48,-35.4,
20250422,10:27:48,-34.1,
20250422,10:27:49,-32.9,
20250422,10:27:49,-32,
20250422,10:27:49,-31.3,
20250422,10:27:50,-30.8,
20250422,10:27:50,-30.5,
20250422,10:27:50,-30.4,
20250422,10:27:50,-30.4,
20250422,10:27:51,-30.7,
20250422,10:27:51,-31.1,
20250422,10:27:51,-31.7,
20250422,10:27:52,-32.3,
20250422,10:27:52,-33,
20250422,10:27:52,-33.9,
20250422,10:27:52,-34.7,
20250422,10:27:53,-35.6,
20250422,10:27:53,-36.4,
20250422,10:27:53,-37.4,
20250422,10:27:53,-38.1,
20250422,10:27:54,-38.8,
20250422,10:27:54,-39.1,
20250422,10:27:54,-39.2,
20250422,10:27:55,-39.2,
20250422,10:27:55,-38.9,
20250422,10:27:55,-38.8,
20250422,10:27:55,-38.6,
20250422,10:27:56,-38.5,
20250422,10:27:56,-38.6,
20250422,10:27:56,-38.9,
20250422,10:27:57,-39.2,
20250422,10:27:57,-39.5,
20250422,10:27:57,-40,
20250422,10:27:57,-40.4,
20250422,10:27:58,-40.9,
20250422,10:27:58,-41.5,
20250422,10:27:58,-42.1,
20250422,10:27:58,-42.7,
20250422,10:27:59,-43.4,
20250422,10:27:59,-44,
20250422,10:27:59,-44.6,
20250422,10:28:00,-45,
20250422,10:28:00,-45.5,
20250422,10:28:00,-46,
20250422,10:28:00,-46.4,
20250422,10:28:01,-46.9,
20250422,10:28:01,-47.3,
20250422,10:28:01,-47.7,
20250422,10:28:02,-48.1,
20250422,10:28:02,-48.5,
20250422,10:28:02,-49.2,
20250422,10:28:02,-49.6,
20250422,10:28:03,-49.9,
20250422,10:28:03,-50.2,
20250422,10:28:03,-50.4,
20250422,10:28:03,-50.7,
20250422,10:28:04,-50.8,
20250422,10:28:04,-50.9,
20250422,10:28:04,-51.1,
20250422,10:28:05,-51.3,
20250422,10:28:05,-51.3,
20250422,10:28:05,-51.5,
20250422,10:28:05,-51.5,
20250422,10:28:06,-51.7,
20250422,10:28:06,-51.9,
20250422,10:28:06,-51.9,
20250422,10:28:06,-52,
20250422,10:28:07,-52,
20250422,10:28:07,-52,
20250422,10:28:07,-52,
20250422,10:28:08,-52,
20250422,10:28:08,-52,
20250422,10:28:08,-52,
20250422,10:28:08,-51.9,
20250422,10:28:09,-51.8,
20250422,10:28:09,-51.6,
20250422,10:28:09,-51.5,
20250422,10:28:10,-51.4,
20250422,10:28:10,-51.2,
20250422,10:28:10,-51.1,
20250422,10:28:10,-51,
20250422,10:28:11,-50.7,
20250422,10:28:11,-50.6,
20250422,10:28:11,-50.4,
20250422,10:28:12,-50.3,
20250422,10:28:12,-50.3,
20250422,10:28:12,-50.5,
20250422,10:28:12,-50.8,
20250422,10:28:13,-51,
20250422,10:28:13,-51.2,
20250422,10:28:13,-51.6,
20250422,10:28:13,-52.1,
20250422,10:28:14,-52.6,
20250422,10:28:14,-53.2,
20250422,10:28:14,-53.6,
20250422,10:28:15,-53.7,
20250422,10:28:15,-53.7,
20250422,10:28:15,-53.6,
20250422,10:28:15,-53.5,
20250422,10:28:16,-53.4,
20250422,10:28:16,-53.4,
20250422,10:28:16,-53.5,
20250422,10:28:16,-53.6,
20250422,10:28:17,-53.6,
20250422,10:28:17,-53.7,
20250422,10:28:17,-53.8,
20250422,10:28:18,-53.8,
20250422,10:28:18,-53.9,
20250422,10:28:18,-54,
20250422,10:28:18,-54.1,
20250422,10:28:19,-54.4,
20250422,10:28:19,-55,
20250422,10:28:19,-55.7,
20250422,10:28:20,-56.2,
20250422,10:28:20,-56.2,
20250422,10:28:20,-56.2,
20250422,10:28:20,-56.1,
20250422,10:28:21,-56,
20250422,10:28:21,-56,
20250422,10:28:21,-56,
20250422,10:28:21,-56,
20250422,10:28:22,-56,
20250422,10:28:22,-56,
20250422,10:28:22,-56,
20250422,10:28:23,-56,
20250422,10:28:23,-56.1,
20250422,10:28:23,-56.1,
20250422,10:28:23,-56,
20250422,10:28:24,-55.9,
20250422,10:28:24,-55.9,
20250422,10:28:24,-55.8,
20250422,10:28:25,-55.7,
20250422,10:28:25,-55.6,
20250422,10:28:25,-55.5,
20250422,10:28:25,-55.4,
20250422,10:28:26,-55.4,
20250422,10:28:26,-55.2,
20250422,10:28:26,-55,
20250422,10:28:26,-54.8,
20250422,10:28:27,-54.7,
20250422,10:28:27,-54.5,
20250422,10:28:27,-54.4,
20250422,10:28:28,-54.2,
20250422,10:28:28,-54.1,
20250422,10:28:28,-53.9,
20250422,10:28:28,-53.7,
20250422,10:28:29,-53.7,
20250422,10:28:29,-53.4,
20250422,10:28:29,-53.2,
20250422,10:28:29,-53,
20250422,10:28:30,-52.8,
20250422,10:28:30,-52.7,
20250422,10:28:30,-52.5,
20250422,10:28:31,-52.3,
20250422,10:28:31,-52,
20250422,10:28:31,-51.9,
20250422,10:28:31,-51.7,
20250422,10:28:32,-51.5,
20250422,10:28:32,-51.3,
20250422,10:28:32,-51.1,
20250422,10:28:33,-51,
20250422,10:28:33,-50.7,
20250422,10:28:33,-50.5,
20250422,10:28:33,-50.4,
20250422,10:28:34,-50.3,
20250422,10:28:34,-50.1,
20250422,10:28:34,-50,
20250422,10:28:34,-50,
20250422,10:28:35,-50.2,
20250422,10:28:35,-50.5,
20250422,10:28:35,-51,
20250422,10:28:36,-51.4,
20250422,10:28:36,-51.8,
20250422,10:28:36,-52.1,
20250422,10:28:36,-52.4,
20250422,10:28:37,-52.8,
20250422,10:28:37,-53.3,
20250422,10:28:37,-53.7,
20250422,10:28:38,-54,
20250422,10:28:38,-54.3,
20250422,10:28:38,-54.5,
20250422,10:28:38,-54.7,
20250422,10:28:39,-54.7,
20250422,10:28:39,-54.8,
20250422,10:28:39,-54.9,
20250422,10:28:39,-54.8,
20250422,10:28:40,-54.8,
20250422,10:28:40,-54.7,
20250422,10:28:40,-54.6,
20250422,10:28:41,-54.5,
20250422,10:28:41,-54.5,
20250422,10:28:41,-54.5,
20250422,10:28:41,-54.8,
20250422,10:28:42,-55.4,
20250422,10:28:42,-55.7,
20250422,10:28:42,-56.2,
20250422,10:28:43,-56.3,
20250422,10:28:43,-56.5,
20250422,10:28:43,-56.6,
20250422,10:28:43,-56.6,
20250422,10:28:44,-56.6,
20250422,10:28:44,-56.6,
20250422,10:28:44,-56.7,
20250422,10:28:44,-56.8,
20250422,10:28:45,-56.9,
20250422,10:28:45,-56.8,
20250422,10:28:45,-56.8,
20250422,10:28:46,-56.7,
20250422,10:28:46,-56.6,
20250422,10:28:46,-56.5,
20250422,10:28:46,-56.4,
20250422,10:28:47,-56.3,
20250422,10:28:47,-56.2,
20250422,10:28:47,-56.2,
20250422,10:28:47,-56.1,
20250422,10:28:48,-56,
20250422,10:28:48,-55.9,
20250422,10:28:48,-55.8,
20250422,10:28:49,-55.6,
20250422,10:28:49,-55.4,
20250422,10:28:49,-55.3,
20250422,10:28:49,-55.1,
20250422,10:28:50,-54.9,
20250422,10:28:50,-54.7,
20250422,10:28:50,-54.5,
20250422,10:28:51,-54.4,
20250422,10:28:51,-54.2,
20250422,10:28:51,-54.1,
20250422,10:28:51,-54.3,
20250422,10:28:52,-54.5,
20250422,10:28:52,-54.9,
20250422,10:28:52,-55.2,
20250422,10:28:53,-55.4,
20250422,10:28:53,-55.4,
20250422,10:28:53,-55.4,
20250422,10:28:53,-55.4,
20250422,10:28:54,-55.4,
20250422,10:28:54,-55.3,
20250422,10:28:54,-55.2,
20250422,10:28:54,-55.1,
20250422,10:28:55,-54.9,
20250422,10:28:55,-54.7,
20250422,10:28:55,-54.5,
20250422,10:28:56,-54.4,
20250422,10:28:56,-54.1,
20250422,10:28:56,-54,
20250422,10:28:56,-54,
20250422,10:28:57,-54.1,
20250422,10:28:57,-54.4,
20250422,10:28:57,-55,
20250422,10:28:57,-55.6,
20250422,10:28:58,-56.2,
20250422,10:28:58,-56.4,
20250422,10:28:58,-56.5,
20250422,10:28:59,-56.2,
20250422,10:28:59,-55.7,
20250422,10:28:59,-54.9,
20250422,10:28:59,-54.2,
20250422,10:29:00,-53.6,
20250422,10:29:00,-53,
20250422,10:29:00,-52.8,
20250422,10:29:01,-52.7,
20250422,10:29:01,-52.8,
20250422,10:29:01,-52.8,
20250422,10:29:01,-52.8,
20250422,10:29:02,-53,
20250422,10:29:02,-53,
20250422,10:29:02,-53,
20250422,10:29:02,-53,
20250422,10:29:03,-53,
20250422,10:29:03,-53.2,
20250422,10:29:03,-53.3,
20250422,10:29:04,-53.5,
20250422,10:29:04,-53.7,
20250422,10:29:04,-53.8,
20250422,10:29:04,-54.1,
20250422,10:29:05,-54.4,
20250422,10:29:05,-54.5,
20250422,10:29:05,-54.7,
20250422,10:29:06,-54.8,
20250422,10:29:06,-54.9,
20250422,10:29:06,-55,
20250422,10:29:06,-55,
20250422,10:29:07,-55.1,
20250422,10:29:07,-55.4,
20250422,10:29:07,-55.6,
20250422,10:29:07,-55.8,
20250422,10:29:08,-55.8,
20250422,10:29:08,-55.4,
20250422,10:29:08,-55.1,
20250422,10:29:09,-54.8,
20250422,10:29:09,-54.6,
20250422,10:29:09,-54.5,
20250422,10:29:09,-54.5,
20250422,10:29:10,-54.5,
20250422,10:29:10,-54.5,
20250422,10:29:10,-54.5,
20250422,10:29:10,-54.6,
20250422,10:29:11,-54.7,
20250422,10:29:11,-54.7,
20250422,10:29:11,-54.8,
20250422,10:29:12,-54.9,
20250422,10:29:12,-54.9,
20250422,10:29:12,-55,
20250422,10:29:12,-55.2,
20250422,10:29:13,-55.2,
20250422,10:29:13,-55.4,
20250422,10:29:13,-55.4,
20250422,10:29:14,-55.7,
20250422,10:29:14,-56.1,
20250422,10:29:14,-56.2,
20250422,10:29:14,-56.3,
20250422,10:29:15,-56.3,
20250422,10:29:15,-56.2,
20250422,10:29:15,-56.2,
20250422,10:29:15,-56.2,
20250422,10:29:16,-56.1,
20250422,10:29:16,-56,
20250422,10:29:16,-56,
20250422,10:29:17,-56,
20250422,10:29:17,-55.8,
20250422,10:29:17,-55.9,
20250422,10:29:17,-55.9,
20250422,10:29:18,-55.8,
20250422,10:29:18,-55.8,
20250422,10:29:18,-55.8,
20250422,10:29:19,-55.7,
20250422,10:29:19,-55.6,
20250422,10:29:19,-55.6,
20250422,10:29:19,-55.5,
20250422,10:29:20,-55.4,
20250422,10:29:20,-55.4,
20250422,10:29:20,-55.3,
20250422,10:29:20,-55.3,
20250422,10:29:21,-55.2,
20250422,10:29:21,-55.1,
20250422,10:29:21,-55.1,
20250422,10:29:22,-55,
20250422,10:29:22,-55,
20250422,10:29:22,-54.9,
20250422,10:29:22,-54.9,
20250422,10:29:23,-55.1,
20250422,10:29:23,-55.5,
20250422,10:29:23,-56.2,
20250422,10:29:24,-56.4,
20250422,10:29:24,-56.1,
20250422,10:29:24,-55.4,
20250422,10:29:24,-54.5,
20250422,10:29:25,-53.8,
20250422,10:29:25,-53.3,
20250422,10:29:25,-53,
20250422,10:29:25,-52.8,
20250422,10:29:26,-52.8,
20250422,10:29:26,-52.9,
20250422,10:29:26,-53.1,
20250422,10:29:27,-53.3,
20250422,10:29:27,-53.6,
20250422,10:29:27,-53.7,
20250422,10:29:27,-53.9,
20250422,10:29:28,-54.1,
20250422,10:29:28,-54.3,
20250422,10:29:28,-54.5,
20250422,10:29:28,-54.5,
20250422,10:29:29,-54.7,
20250422,10:29:29,-54.8,
20250422,10:29:29,-54.9,
20250422,10:29:30,-54.9,
20250422,10:29:30,-55,
20250422,10:29:30,-55,
20250422,10:29:30,-55.1,
20250422,10:29:31,-55.1,
20250422,10:29:31,-55.1,
20250422,10:29:31,-55.1,
20250422,10:29:32,-55.1,
20250422,10:29:32,-55.1,
20250422,10:29:32,-55.1,
20250422,10:29:32,-55.2,
20250422,10:29:33,-55.2,
20250422,10:29:33,-55.2,
20250422,10:29:33,-55.2,
20250422,10:29:34,-55.1,
20250422,10:29:34,-55.1,
20250422,10:29:34,-55,
20250422,10:29:34,-55,
20250422,10:29:35,-55.1,
20250422,10:29:35,-55.2,
20250422,10:29:35,-55.4,
20250422,10:29:35,-55.5,
20250422,10:29:36,-55.5,
20250422,10:29:36,-55.5,
20250422,10:29:36,-55.5,
20250422,10:29:37,-55.4,
20250422,10:29:37,-55.4,
20250422,10:29:37,-55.3,
20250422,10:29:37,-55.3,
20250422,10:29:38,-55.2,
20250422,10:29:38,-55.1,
20250422,10:29:38,-55,
20250422,10:29:38,-54.8,
20250422,10:29:39,-54.7,
20250422,10:29:39,-54.5,
20250422,10:29:39,-54.5,
20250422,10:29:40,-54.3,
20250422,10:29:40,-54.3,
20250422,10:29:40,-54.2,
20250422,10:29:40,-54.1,
20250422,10:29:41,-54,
20250422,10:29:41,-53.9,
20250422,10:29:41,-53.8,
20250422,10:29:42,-53.7,
20250422,10:29:42,-53.6,
20250422,10:29:42,-53.5,
20250422,10:29:42,-53.4,
20250422,10:29:43,-53.2,
20250422,10:29:43,-53.1,
20250422,10:29:43,-52.8,
20250422,10:29:43,-52.8,
20250422,10:29:44,-52.6,
20250422,10:29:44,-52.5,
20250422,10:29:44,-52.3,
20250422,10:29:45,-52.3,
20250422,10:29:45,-52.4,
20250422,10:29:45,-52.8,
20250422,10:29:45,-53.3,
20250422,10:29:46,-53.7,
20250422,10:29:46,-54.2,
20250422,10:29:46,-54.5,
20250422,10:29:47,-54.7,
20250422,10:29:47,-54.9,
20250422,10:29:47,-55,
20250422,10:29:47,-55,
20250422,10:29:48,-55.1,
20250422,10:29:48,-55.1,
20250422,10:29:48,-55.2,
20250422,10:29:48,-55.2,
20250422,10:29:49,-55.2,
20250422,10:29:49,-55.2,
20250422,10:29:49,-55.2,
20250422,10:29:50,-55.1,
20250422,10:29:50,-55.1,
20250422,10:29:50,-55,
20250422,10:29:50,-54.9,
20250422,10:29:51,-54.9,
20250422,10:29:51,-54.8,
20250422,10:29:51,-54.7,
20250422,10:29:51,-54.6,
20250422,10:29:52,-54.5,
20250422,10:29:52,-54.5,
20250422,10:29:52,-54.5,
20250422,10:29:53,-54.6,
20250422,10:29:53,-55,
20250422,10:29:53,-55.6,
20250422,10:29:53,-56.1,
20250422,10:29:54,-56.3,
20250422,10:29:54,-56.4,
20250422,10:29:54,-56.4,
20250422,10:29:55,-56.4,
20250422,10:29:55,-56.3,
20250422,10:29:55,-56.3,
20250422,10:29:55,-56.4,
20250422,10:29:56,-56.4,
20250422,10:29:56,-56.3,
20250422,10:29:56,-56.3,
20250422,10:29:56,-56.2,
20250422,10:29:57,-56.2,
20250422,10:29:57,-56.2,
20250422,10:29:57,-56.2,
20250422,10:29:58,-56.1,
20250422,10:29:58,-56,
20250422,10:29:58,-56,
20250422,10:29:58,-56,
20250422,10:29:59,-56.1,
20250422,10:29:59,-56.2,
20250422,10:29:59,-56.5,
20250422,10:30:00,-56.7,
20250422,10:30:00,-56.8,
20250422,10:30:00,-56.8,
20250422,10:30:00,-56.7,
20250422,10:30:01,-56.7,
20250422,10:30:01,-56.6,
20250422,10:30:01,-56.5,
20250422,10:30:01,-56.4,
20250422,10:30:02,-56.3,
20250422,10:30:02,-56.3,
20250422,10:30:02,-56.2,
20250422,10:30:03,-56.2,
20250422,10:30:03,-56.1,
20250422,10:30:03,-56,
20250422,10:30:03,-55.9,
20250422,10:30:04,-55.7,
20250422,10:30:04,-55.5,
20250422,10:30:04,-55.4,
20250422,10:30:05,-55.4,
20250422,10:30:05,-55.3,
20250422,10:30:05,-55.1,
20250422,10:30:05,-54.9,
20250422,10:30:06,-54.8,
20250422,10:30:06,-54.7,
20250422,10:30:06,-54.8,
20250422,10:30:06,-55.1,
20250422,10:30:07,-55.4,
20250422,10:30:07,-55.9,
20250422,10:30:07,-56.2,
20250422,10:30:08,-56.4,
20250422,10:30:08,-56.5,
20250422,10:30:08,-56.6,
20250422,10:30:08,-56.6,
20250422,10:30:09,-56.6,
20250422,10:30:09,-56.5,
20250422,10:30:09,-56.6,
20250422,10:30:09,-56.5,
20250422,10:30:10,-56.4,
20250422,10:30:10,-56.3,
20250422,10:30:10,-56.3,
20250422,10:30:11,-56.2,
20250422,10:30:11,-56.1,
20250422,10:30:11,-56,
20250422,10:30:11,-55.8,
20250422,10:30:12,-55.7,
20250422,10:30:12,-55.5,
20250422,10:30:12,-55.4,
20250422,10:30:13,-55.3,
20250422,10:30:13,-55,
20250422,10:30:13,-54.9,
20250422,10:30:13,-54.7,
20250422,10:30:14,-54.5,
20250422,10:30:14,-54.4,
20250422,10:30:14,-54.2,
20250422,10:30:15,-54,
20250422,10:30:15,-53.9,
20250422,10:30:15,-53.7,
20250422,10:30:15,-53.5,
20250422,10:30:16,-53.4,
20250422,10:30:16,-53.2,
20250422,10:30:16,-53,
20250422,10:30:16,-52.9,
20250422,10:30:17,-52.8,
20250422,10:30:17,-52.6,
20250422,10:30:17,-52.5,
20250422,10:30:18,-52.3,
20250422,10:30:18,-52.2,
20250422,10:30:18,-52,
20250422,10:30:18,-51.9,
20250422,10:30:19,-51.7,
20250422,10:30:19,-51.6,
20250422,10:30:19,-51.4,
20250422,10:30:19,-51.1,
20250422,10:30:20,-51.1,
20250422,10:30:20,-50.9,
20250422,10:30:20,-50.7,
20250422,10:30:21,-50.5,
20250422,10:30:21,-50.4,
20250422,10:30:21,-50.3,
20250422,10:30:21,-50.2,
20250422,10:30:22,-50.3,
20250422,10:30:22,-50.3,
20250422,10:30:22,-50.4,
20250422,10:30:23,-50.3,
20250422,10:30:23,-50.3,
20250422,10:30:23,-50.4,
20250422,10:30:23,-50.3,
20250422,10:30:24,-50.3,
20250422,10:30:24,-50.3,
20250422,10:30:24,-50.3,
20250422,10:30:24,-50.3,
20250422,10:30:25,-50.3,
20250422,10:30:25,-50.3,
20250422,10:30:25,-50.4,
20250422,10:30:26,-50.4,
20250422,10:30:26,-50.4,
20250422,10:30:26,-50.5,
20250422,10:30:26,-50.8,
20250422,10:30:27,-51.1,
20250422,10:30:27,-51.4,
20250422,10:30:27,-51.7,
20250422,10:30:28,-52,
20250422,10:30:28,-52,
20250422,10:30:28,-52.2,
20250422,10:30:28,-52.6,
20250422,10:30:29,-53.1,
20250422,10:30:29,-53.6,
20250422,10:30:29,-53.7,
20250422,10:30:29,-53.7,
20250422,10:30:30,-53.7,
20250422,10:30:30,-53.9,
20250422,10:30:30,-53.9,
20250422,10:30:31,-54.1,
20250422,10:30:31,-54.2,
20250422,10:30:31,-54.4,
20250422,10:30:31,-54.5,
20250422,10:30:32,-54.6,
20250422,10:30:32,-54.7,
20250422,10:30:32,-54.8,
20250422,10:30:32,-54.8,
20250422,10:30:33,-54.9,
20250422,10:30:33,-54.8,
20250422,10:30:33,-54.8,
20250422,10:30:34,-55,
20250422,10:30:34,-55.4,
20250422,10:30:34,-55.8,
20250422,10:30:34,-56.1,
20250422,10:30:35,-56.2,
20250422,10:30:35,-56.3,
20250422,10:30:35,-56.5,
20250422,10:30:36,-56.5,
20250422,10:30:36,-56.6,
20250422,10:30:36,-56.6,
20250422,10:30:36,-56.5,
20250422,10:30:37,-56.4,
20250422,10:30:37,-56.4,
20250422,10:30:37,-56.4,
20250422,10:30:37,-56.3,
20250422,10:30:38,-56.3,
20250422,10:30:38,-56.2,
20250422,10:30:38,-56.2,
20250422,10:30:39,-56.2,
20250422,10:30:39,-56.1,
20250422,10:30:39,-56,
20250422,10:30:39,-55.9,
20250422,10:30:40,-55.8,
20250422,10:30:40,-55.7,
20250422,10:30:40,-55.5,
20250422,10:30:41,-55.4,
20250422,10:30:41,-55.4,
20250422,10:30:41,-55.2,
20250422,10:30:41,-55,
20250422,10:30:42,-54.8,
20250422,10:30:42,-54.7,
20250422,10:30:42,-54.5,
20250422,10:30:42,-54.4,
20250422,10:30:43,-54.2,
20250422,10:30:43,-54.1,
20250422,10:30:43,-54,
20250422,10:30:44,-54,
20250422,10:30:44,-54,
20250422,10:30:44,-53.9,
20250422,10:30:44,-53.8,
20250422,10:30:45,-53.7,
20250422,10:30:45,-53.7,
20250422,10:30:45,-53.5,
20250422,10:30:46,-53.3,
20250422,10:30:46,-53.1,
20250422,10:30:46,-52.9,
20250422,10:30:46,-52.8,
20250422,10:30:47,-52.6,
20250422,10:30:47,-52.5,
20250422,10:30:47,-52.3,
20250422,10:30:47,-52,
20250422,10:30:48,-52,
20250422,10:30:48,-51.8,
20250422,10:30:48,-51.5,
20250422,10:30:49,-51.4,
20250422,10:30:49,-51.2,
20250422,10:30:49,-51.1,
20250422,10:30:49,-50.9,
20250422,10:30:50,-50.7,
20250422,10:30:50,-50.5,
20250422,10:30:50,-50.3,
20250422,10:30:51,-50.2,
20250422,10:30:51,-50,
20250422,10:30:51,-49.9,
20250422,10:30:51,-49.7,
20250422,10:30:52,-49.5,
20250422,10:30:52,-49.4,
20250422,10:30:52,-49.2,
20250422,10:30:52,-49,
20250422,10:30:53,-48.8,
20250422,10:30:53,-48.7,
20250422,10:30:53,-48.6,
20250422,10:30:54,-48.5,
20250422,10:30:54,-48.5,
20250422,10:30:54,-48.3,
20250422,10:30:54,-48.2,
20250422,10:30:55,-48,
20250422,10:30:55,-47.9,
20250422,10:30:55,-47.8,
20250422,10:30:56,-47.7,
20250422,10:30:56,-47.6,
20250422,10:30:56,-47.6,
20250422,10:30:56,-47.6,
20250422,10:30:57,-47.5,
20250422,10:30:57,-47.6,
20250422,10:30:57,-47.6,
20250422,10:30:57,-47.5,
20250422,10:30:58,-47.5,
20250422,10:30:58,-47.4,
20250422,10:30:58,-47.3,
20250422,10:30:59,-47.3,
20250422,10:30:59,-47.2,
20250422,10:30:59,-47.1,
20250422,10:30:59,-47,
20250422,10:31:00,-47,
20250422,10:31:00,-46.8,
20250422,10:31:00,-46.8,
20250422,10:31:00,-46.8,
20250422,10:31:01,-46.7,
20250422,10:31:01,-46.6,
20250422,10:31:01,-46.5,
20250422,10:31:02,-46.4,
20250422,10:31:02,-46.4,
20250422,10:31:02,-46.2,
20250422,10:31:02,-46.1,
20250422,10:31:03,-46,
20250422,10:31:03,-46,
20250422,10:31:03,-45.9,
20250422,10:31:04,-45.7,
20250422,10:31:04,-45.6,
20250422,10:31:04,-45.5,
20250422,10:31:04,-45.3,
20250422,10:31:05,-45.2,
20250422,10:31:05,-45.1,
20250422,10:31:05,-45,
20250422,10:31:05,-44.9,
20250422,10:31:06,-44.8,
20250422,10:31:06,-44.7,
20250422,10:31:06,-44.5,
20250422,10:31:07,-44.5,
20250422,10:31:07,-44.4,
20250422,10:31:07,-44.4,
20250422,10:31:07,-44.5,
20250422,10:31:08,-44.6,
20250422,10:31:08,-44.6,
20250422,10:31:08,-44.7,
20250422,10:31:09,-44.7,
20250422,10:31:09,-44.8,
20250422,10:31:09,-44.9,
20250422,10:31:09,-44.9,
20250422,10:31:10,-44.9,
20250422,10:31:10,-45,
20250422,10:31:10,-45.1,
20250422,10:31:10,-45.1,
20250422,10:31:11,-45.1,
20250422,10:31:11,-45.2,
20250422,10:31:11,-45.2,
20250422,10:31:12,-45.1,
20250422,10:31:12,-45.2,
20250422,10:31:12,-45.1,
20250422,10:31:12,-45.1,
20250422,10:31:13,-45.1,
20250422,10:31:13,-45,
20250422,10:31:13,-44.9,
20250422,10:31:13,-44.9,
20250422,10:31:14,-44.8,
20250422,10:31:14,-44.7,
20250422,10:31:14,-44.6,
20250422,10:31:15,-44.5,
20250422,10:31:15,-44.3,
20250422,10:31:15,-44.3,
20250422,10:31:15,-44.3,
20250422,10:31:16,-44.2,
20250422,10:31:16,-44.1,
20250422,10:31:16,-44,
20250422,10:31:17,-43.9,
20250422,10:31:17,-43.7,
20250422,10:31:17,-43.6,
20250422,10:31:17,-43.6,
20250422,10:31:18,-43.5,
20250422,10:31:18,-43.5,
20250422,10:31:18,-43.7,
20250422,10:31:18,-43.9,
20250422,10:31:19,-44.2,
20250422,10:31:19,-44.4,
20250422,10:31:19,-44.7,
20250422,10:31:20,-44.9,
20250422,10:31:20,-45.1,
20250422,10:31:20,-45.1,
20250422,10:31:20,-45.1,
20250422,10:31:21,-45.2,
20250422,10:31:21,-45.3,
20250422,10:31:21,-45.2,
20250422,10:31:22,-45.3,
20250422,10:31:22,-45.5,
20250422,10:31:22,-45.8,
20250422,10:31:22,-46,
20250422,10:31:23,-46.3,
20250422,10:31:23,-46.6,
20250422,10:31:23,-46.8,
20250422,10:31:23,-46.9,
20250422,10:31:24,-47.1,
20250422,10:31:24,-47.2,
20250422,10:31:24,-47.4,
20250422,10:31:25,-47.5,
20250422,10:31:25,-47.6,
20250422,10:31:25,-47.6,
20250422,10:31:25,-47.6,
20250422,10:31:26,-47.7,
20250422,10:31:26,-47.6,
20250422,10:31:26,-47.6,
20250422,10:31:27,-47.6,
20250422,10:31:27,-47.6,
20250422,10:31:27,-47.4,
20250422,10:31:27,-47.4,
20250422,10:31:28,-47.3,
20250422,10:31:28,-47.2,
20250422,10:31:28,-47.2,
20250422,10:31:28,-47.2,
20250422,10:31:29,-47.2,
20250422,10:31:29,-47.2,
20250422,10:31:29,-47.3,
20250422,10:31:30,-47.5,
20250422,10:31:30,-47.8,
20250422,10:31:30,-48.2,
20250422,10:31:30,-48.5,
20250422,10:31:31,-48.9,
20250422,10:31:31,-49.2,
20250422,10:31:31,-49.4,
20250422,10:31:32,-49.5,
20250422,10:31:32,-49.6,
20250422,10:31:32,-49.7,
20250422,10:31:32,-49.9,
20250422,10:31:33,-49.9,
20250422,10:31:33,-49.9,
20250422,10:31:33,-50,
20250422,10:31:33,-49.9,
20250422,10:31:34,-49.9,
20250422,10:31:34,-49.8,
20250422,10:31:34,-49.7,
20250422,10:31:35,-49.7,
20250422,10:31:35,-49.6,
20250422,10:31:35,-49.5,
20250422,10:31:35,-49.4,
20250422,10:31:36,-49.4,
20250422,10:31:36,-49.2,
20250422,10:31:36,-49.1,
20250422,10:31:37,-49,
20250422,10:31:37,-48.9,
20250422,10:31:37,-48.7,
20250422,10:31:37,-48.6,
20250422,10:31:38,-48.5,
20250422,10:31:38,-48.2,
20250422,10:31:38,-48.1,
20250422,10:31:38,-47.9,
20250422,10:31:39,-47.8,
20250422,10:31:39,-47.6,
20250422,10:31:39,-47.5,
20250422,10:31:40,-47.3,
20250422,10:31:40,-47.1,
20250422,10:31:40,-46.9,
20250422,10:31:40,-46.8,
20250422,10:31:41,-46.6,
20250422,10:31:41,-46.5,
20250422,10:31:41,-46.3,
20250422,10:31:41,-46.1,
20250422,10:31:42,-46,
20250422,10:31:42,-45.9,
20250422,10:31:42,-45.7,
20250422,10:31:43,-45.5,
20250422,10:31:43,-45.4,
20250422,10:31:43,-45.3,
20250422,10:31:43,-45.2,
20250422,10:31:44,-45.1,
20250422,10:31:44,-45,
20250422,10:31:44,-44.9,
20250422,10:31:45,-44.8,
20250422,10:31:45,-44.8,
20250422,10:31:45,-44.7,
20250422,10:31:45,-44.5,
20250422,10:31:46,-44.5,
20250422,10:31:46,-44.5,
20250422,10:31:46,-44.5,
20250422,10:31:46,-44.8,
20250422,10:31:47,-45,
20250422,10:31:47,-45.3,
20250422,10:31:47,-45.7,
20250422,10:31:48,-45.8,
20250422,10:31:48,-46,
20250422,10:31:48,-46,
20250422,10:31:48,-46.1,
20250422,10:31:49,-46.1,
20250422,10:31:49,-46.1,
20250422,10:31:49,-46.1,
20250422,10:31:50,-46,
20250422,10:31:50,-46,
20250422,10:31:50,-46,
20250422,10:31:50,-45.9,
20250422,10:31:51,-45.8,
20250422,10:31:51,-45.7,
20250422,10:31:51,-45.6,
20250422,10:31:51,-45.4,
20250422,10:31:52,-45.3,
20250422,10:31:52,-45.2,
20250422,10:31:52,-45.1,
20250422,10:31:53,-45.1,
20250422,10:31:53,-45.1,
20250422,10:31:53,-45,
20250422,10:31:53,-44.9,
20250422,10:31:54,-44.9,
20250422,10:31:54,-44.7,
20250422,10:31:54,-44.6,
20250422,10:31:54,-44.6,
20250422,10:31:55,-44.7,
20250422,10:31:55,-44.9,
20250422,10:31:55,-45.1,
20250422,10:31:56,-45.4,
20250422,10:31:56,-45.6,
20250422,10:31:56,-45.7,
20250422,10:31:56,-45.8,
20250422,10:31:57,-45.9,
20250422,10:31:57,-45.9,
20250422,10:31:57,-45.9,
20250422,10:31:58,-45.9,
20250422,10:31:58,-45.9,
20250422,10:31:58,-45.9,
20250422,10:31:58,-46,
20250422,10:31:59,-46,
20250422,10:31:59,-46,
20250422,10:31:59,-45.9,
20250422,10:31:59,-45.9,
20250422,10:32:00,-45.9,
20250422,10:32:00,-45.9,
20250422,10:32:00,-46,
20250422,10:32:01,-46.1,
20250422,10:32:01,-46.4,
20250422,10:32:01,-46.6,
20250422,10:32:01,-46.8,
20250422,10:32:02,-46.9,
20250422,10:32:02,-47,
20250422,10:32:02,-47.1,
20250422,10:32:03,-47.1,
20250422,10:32:03,-47.1,
20250422,10:32:03,-47.1,
20250422,10:32:03,-47.1,
20250422,10:32:04,-47.1,
20250422,10:32:04,-47.1,
20250422,10:32:04,-47,
20250422,10:32:04,-46.9,
20250422,10:32:05,-46.8,
20250422,10:32:05,-46.8,
20250422,10:32:05,-46.7,
20250422,10:32:06,-46.5,
20250422,10:32:06,-46.4,
20250422,10:32:06,-46.3,
20250422,10:32:06,-46.2,
20250422,10:32:07,-46,
20250422,10:32:07,-46,
20250422,10:32:07,-45.8,
20250422,10:32:08,-45.7,
20250422,10:32:08,-45.6,
20250422,10:32:08,-45.4,
20250422,10:32:08,-45.4,
20250422,10:32:09,-45.3,
20250422,10:32:09,-45.1,
20250422,10:32:09,-45.1,
20250422,10:32:09,-44.9,
20250422,10:32:10,-44.7,
20250422,10:32:10,-44.5,
20250422,10:32:10,-44.3,
20250422,10:32:11,-44.3,
20250422,10:32:11,-44.1,
20250422,10:32:11,-44,
20250422,10:32:11,-44,
20250422,10:32:12,-44,
20250422,10:32:12,-44.1,
20250422,10:32:12,-44.2,
20250422,10:32:13,-44.3,
20250422,10:32:13,-44.3,
20250422,10:32:13,-44.3,
20250422,10:32:13,-44.3,
20250422,10:32:14,-44.3,
20250422,10:32:14,-44.3,
20250422,10:32:14,-44.3,
20250422,10:32:14,-44.2,
20250422,10:32:15,-44,
20250422,10:32:15,-44,
20250422,10:32:15,-43.9,
20250422,10:32:16,-43.8,
20250422,10:32:16,-43.7,
20250422,10:32:16,-43.7,
20250422,10:32:16,-43.7,
20250422,10:32:17,-43.9,
20250422,10:32:17,-44.2,
20250422,10:32:17,-44.3,
20250422,10:32:18,-44.6,
20250422,10:32:18,-44.8,
20250422,10:32:18,-45.1,
20250422,10:32:18,-45.2,
20250422,10:32:19,-45.3,
20250422,10:32:19,-45.5,
20250422,10:32:19,-45.6,
20250422,10:32:19,-45.6,
20250422,10:32:20,-45.7,
20250422,10:32:20,-45.7,
20250422,10:32:20,-45.6,
20250422,10:32:21,-45.6,
20250422,10:32:21,-45.6,
20250422,10:32:21,-45.5,
20250422,10:32:21,-45.4,
20250422,10:32:22,-45.4,
20250422,10:32:22,-45.3,
20250422,10:32:22,-45.2,
20250422,10:32:22,-45.2,
20250422,10:32:23,-45.1,
20250422,10:32:23,-45,
20250422,10:32:23,-44.9,
20250422,10:32:24,-44.9,
20250422,10:32:24,-45.1,
20250422,10:32:24,-45.2,
20250422,10:32:24,-45.6,
20250422,10:32:25,-45.9,
20250422,10:32:25,-46,
20250422,10:32:25,-46.2,
20250422,10:32:26,-46.3,
20250422,10:32:26,-46.5,
20250422,10:32:26,-46.6,
20250422,10:32:26,-46.5,
20250422,10:32:27,-46.5,
20250422,10:32:27,-46.4,
20250422,10:32:27,-46.3,
20250422,10:32:27,-46.3,
20250422,10:32:28,-46.3,
20250422,10:32:28,-46.2,
20250422,10:32:28,-46.1,
20250422,10:32:29,-46.1,
20250422,10:32:29,-46.1,
20250422,10:32:29,-46,
20250422,10:32:29,-46.1,
20250422,10:32:30,-46.2,
20250422,10:32:30,-46.3,
20250422,10:32:30,-46.4,
20250422,10:32:31,-46.5,
20250422,10:32:31,-46.6,
20250422,10:32:31,-46.7,
20250422,10:32:31,-46.8,
20250422,10:32:32,-46.8,
20250422,10:32:32,-46.7,
20250422,10:32:32,-46.7,
20250422,10:32:32,-46.6,
20250422,10:32:33,-46.5,
20250422,10:32:33,-46.4,
20250422,10:32:33,-46.2,
20250422,10:32:34,-46.2,
20250422,10:32:34,-46.1,
20250422,10:32:34,-46,
20250422,10:32:34,-46,
20250422,10:32:35,-46,
20250422,10:32:35,-46,
20250422,10:32:35,-46,
20250422,10:32:35,-46,
20250422,10:32:36,-46,
20250422,10:32:36,-46.1,
20250422,10:32:36,-46.3,
20250422,10:32:37,-46.6,
20250422,10:32:37,-46.8,
20250422,10:32:37,-47.1,
20250422,10:32:37,-47.4,
20250422,10:32:38,-47.7,
20250422,10:32:38,-47.7,
20250422,10:32:38,-47.8,
20250422,10:32:39,-47.8,
20250422,10:32:39,-47.9,
20250422,10:32:39,-47.9,
20250422,10:32:39,-47.9,
20250422,10:32:40,-47.8,
20250422,10:32:40,-47.8,
20250422,10:32:40,-47.7,
20250422,10:32:41,-47.7,
20250422,10:32:41,-47.5,
20250422,10:32:41,-47.5,
20250422,10:32:41,-47.3,
20250422,10:32:42,-47.3,
20250422,10:32:42,-47.1,
20250422,10:32:42,-47,
20250422,10:32:42,-46.9,
20250422,10:32:43,-46.8,
20250422,10:32:43,-46.8,
20250422,10:32:43,-46.8,
20250422,10:32:44,-46.8,
20250422,10:32:44,-46.9,
20250422,10:32:44,-47.2,
20250422,10:32:44,-47.5,
20250422,10:32:45,-47.7,
20250422,10:32:45,-47.9,
20250422,10:32:45,-48.1,
20250422,10:32:45,-48.3,
20250422,10:32:46,-48.4,
20250422,10:32:46,-48.5,
20250422,10:32:46,-48.6,
20250422,10:32:47,-48.6,
20250422,10:32:47,-48.6,
20250422,10:32:47,-48.7,
20250422,10:32:47,-48.8,
20250422,10:32:48,-49.1,
20250422,10:32:48,-49.3,
20250422,10:32:48,-49.4,
20250422,10:32:49,-49.8,
20250422,10:32:49,-50.2,
20250422,10:32:49,-50.3,
20250422,10:32:49,-50.2,
20250422,10:32:50,-50.1,
20250422,10:32:50,-50,
20250422,10:32:50,-49.9,
20250422,10:32:50,-50.1,
20250422,10:32:51,-50.2,
20250422,10:32:51,-50.4,
20250422,10:32:51,-50.6,
20250422,10:32:52,-50.9,
20250422,10:32:52,-51,
20250422,10:32:52,-51.2,
20250422,10:32:52,-51.3,
20250422,10:32:53,-51.4,
20250422,10:32:53,-51.5,
20250422,10:32:53,-51.6,
20250422,10:32:54,-51.7,
20250422,10:32:54,-51.8,
20250422,10:32:54,-51.9,
20250422,10:32:54,-52,
20250422,10:32:55,-52.2,
20250422,10:32:55,-52.7,
20250422,10:32:55,-53.1,
20250422,10:32:55,-53.3,
20250422,10:32:56,-53.2,
20250422,10:32:56,-53.1,
20250422,10:32:56,-52.9,
20250422,10:32:57,-52.9,
20250422,10:32:57,-52.9,
20250422,10:32:57,-52.9,
20250422,10:32:57,-52.7,
20250422,10:32:58,-52.3,
20250422,10:32:58,-51.8,
20250422,10:32:58,-51.2,
20250422,10:32:59,-50.8,
20250422,10:32:59,-50.5,
20250422,10:32:59,-50.3,
20250422,10:32:59,-50.3,
20250422,10:33:00,-50.4,
20250422,10:33:00,-50.8,
20250422,10:33:00,-51.1,
20250422,10:33:00,-51.5,
20250422,10:33:01,-51.9,
20250422,10:33:01,-52.2,
20250422,10:33:01,-52.7,
20250422,10:33:02,-53.1,
20250422,10:33:02,-53.7,
20250422,10:33:02,-54.3,
20250422,10:33:02,-54.8,
20250422,10:33:03,-55,
20250422,10:33:03,-54.3,
20250422,10:33:03,-52.7,
20250422,10:33:03,-50.6,
20250422,10:33:04,-48.5,
20250422,10:33:04,-46.6,
20250422,10:33:04,-44.6,
20250422,10:33:05,-42.9,
20250422,10:33:05,-41.3,
20250422,10:33:05,-40,
20250422,10:33:05,-38.8,
20250422,10:33:06,-37.9,
20250422,10:33:06,-37.1,
20250422,10:33:06,-36.4,
20250422,10:33:07,-35.9,
20250422,10:33:07,-35.5,
20250422,10:33:07,-35.2,
20250422,10:33:07,-34.9,
20250422,10:33:08,-34.9,
20250422,10:33:08,-34.9,
20250422,10:33:08,-34.9,
20250422,10:33:08,-35.1,
20250422,10:33:09,-35.3,
20250422,10:33:09,-35.7,
20250422,10:33:09,-35.9,
20250422,10:33:10,-36,
20250422,10:33:10,-36.2,
20250422,10:33:10,-36.2,
20250422,10:33:10,-36.3,
20250422,10:33:11,-36.4,
20250422,10:33:11,-36.6,
20250422,10:33:11,-36.7,
20250422,10:33:12,-36.9,
20250422,10:33:12,-37.3,
20250422,10:33:12,-37.7,
20250422,10:33:12,-38.1,
20250422,10:33:13,-38.3,
20250422,10:33:13,-38.3,
20250422,10:33:13,-38.6,
20250422,10:33:13,-38.8,
20250422,10:33:14,-39.2,
20250422,10:33:14,-39.4,
20250422,10:33:14,-39.6,
20250422,10:33:15,-39.8,
20250422,10:33:15,-39.7,
20250422,10:33:15,-39.7,
20250422,10:33:15,-39.7,
20250422,10:33:16,-39.9,
20250422,10:33:16,-40.1,
20250422,10:33:16,-40.5,
20250422,10:33:16,-41,
20250422,10:33:17,-41.6,
20250422,10:33:17,-42.2,
20250422,10:33:17,-42.9,
20250422,10:33:18,-43.6,
20250422,10:33:18,-44.3,
20250422,10:33:18,-45.1,
20250422,10:33:18,-45.7,
20250422,10:33:19,-46.2,
20250422,10:33:19,-46.6,
20250422,10:33:19,-46.8,
20250422,10:33:20,-47.1,
20250422,10:33:20,-47.5,
20250422,10:33:20,-47.8,
20250422,10:33:20,-48.3,
20250422,10:33:21,-48.7,
20250422,10:33:21,-49.1,
20250422,10:33:21,-49.6,
20250422,10:33:22,-50.1,
20250422,10:33:22,-50.6,
20250422,10:33:22,-51.1,
20250422,10:33:22,-51.5,
20250422,10:33:23,-52,
20250422,10:33:23,-52.6,
20250422,10:33:23,-53,
20250422,10:33:23,-53.4,
20250422,10:33:24,-53.7,
20250422,10:33:24,-53.9,
20250422,10:33:24,-54.2,
20250422,10:33:25,-54.5,
20250422,10:33:25,-54.8,
20250422,10:33:25,-55.1,
20250422,10:33:25,-55.4,
20250422,10:33:26,-55.5,
20250422,10:33:26,-55.7,
20250422,10:33:26,-56,
20250422,10:33:26,-56.2,
20250422,10:33:27,-56.4,
20250422,10:33:27,-56.6,
20250422,10:33:27,-56.8,
20250422,10:33:28,-56.9,
20250422,10:33:28,-57.1,
20250422,10:33:28,-57.2,
20250422,10:33:28,-57.2,
20250422,10:33:29,-57.3,
20250422,10:33:29,-57.5,
20250422,10:33:29,-57.6,
20250422,10:33:30,-57.7,
20250422,10:33:30,-57.7,
20250422,10:33:30,-57.8,
20250422,10:33:30,-57.9,
20250422,10:33:31,-57.9,
20250422,10:33:31,-57.9,
20250422,10:33:31,-57.9,
20250422,10:33:31,-57.9,
20250422,10:33:32,-58.2,
20250422,10:33:32,-58.5,
20250422,10:33:32,-58.8,
20250422,10:33:33,-58.9,
20250422,10:33:33,-59,
20250422,10:33:33,-59.1,
20250422,10:33:33,-59.1,
20250422,10:33:34,-59,
20250422,10:33:34,-59,
20250422,10:33:34,-59,
20250422,10:33:35,-59,
20250422,10:33:35,-59.1,
20250422,10:33:35,-59.2,
20250422,10:33:35,-59.2,
20250422,10:33:36,-59.3,
20250422,10:33:36,-59.2,
20250422,10:33:36,-59.3,
20250422,10:33:36,-59.3,
20250422,10:33:37,-59.4,
20250422,10:33:37,-59.3,
20250422,10:33:37,-59.4,
20250422,10:33:38,-59.5,
20250422,10:33:38,-59.5,
20250422,10:33:38,-59.6,
20250422,10:33:38,-59.6,
20250422,10:33:39,-59.5,
20250422,10:33:39,-59.4,
20250422,10:33:39,-59.4,
20250422,10:33:39,-59.4,
20250422,10:33:40,-59.2,
20250422,10:33:40,-59.1,
20250422,10:33:40,-59,
20250422,10:33:41,-59,
20250422,10:33:41,-58.8,
20250422,10:33:41,-58.8,
20250422,10:33:41,-58.6,
20250422,10:33:42,-58.6,
20250422,10:33:42,-58.4,
20250422,10:33:42,-58.3,
20250422,10:33:43,-58.2,
20250422,10:33:43,-58.1,
20250422,10:33:43,-57.9,
20250422,10:33:43,-57.9,
20250422,10:33:44,-57.7,
20250422,10:33:44,-57.7,
20250422,10:33:44,-57.6,
20250422,10:33:44,-57.7,
20250422,10:33:45,-57.7,
20250422,10:33:45,-57.7,
20250422,10:33:45,-57.8,
20250422,10:33:46,-57.8,
20250422,10:33:46,-57.8,
20250422,10:33:46,-57.8,
20250422,10:33:46,-57.8,
20250422,10:33:47,-57.7,
20250422,10:33:47,-57.7,
20250422,10:33:47,-57.9,
20250422,10:33:48,-58.4,
20250422,10:33:48,-59,
20250422,10:33:48,-58.8,
20250422,10:33:48,-57.9,
20250422,10:33:49,-56.3,
20250422,10:33:49,-54.7,
20250422,10:33:49,-52.9,
20250422,10:33:49,-51.2,
20250422,10:33:50,-49.4,
20250422,10:33:50,-47.2,
20250422,10:33:50,-45.1,
20250422,10:33:51,-43.1,
20250422,10:33:51,-41.1,
20250422,10:33:51,-39.4,
20250422,10:33:51,-38.1,
20250422,10:33:52,-36.8,
20250422,10:33:52,-36,
20250422,10:33:52,-35.3,
20250422,10:33:53,-34.9,
20250422,10:33:53,-34.8,
20250422,10:33:53,-34.9,
20250422,10:33:53,-35.1,
20250422,10:33:54,-35.5,
20250422,10:33:54,-36,
20250422,10:33:54,-36.6,
20250422,10:33:54,-37.4,
20250422,10:33:55,-38,
20250422,10:33:55,-38.8,
20250422,10:33:55,-39.6,
20250422,10:33:56,-40.4,
20250422,10:33:56,-41.2,
20250422,10:33:56,-42.2,
20250422,10:33:56,-43,
20250422,10:33:57,-43.8,
20250422,10:33:57,-44.5,
20250422,10:33:57,-45.2,
20250422,10:33:57,-46,
20250422,10:33:58,-46.6,
20250422,10:33:58,-47.2,
20250422,10:33:58,-47.8,
20250422,10:33:59,-48.3,
20250422,10:33:59,-48.8,
20250422,10:33:59,-49.2,
20250422,10:33:59,-49.6,
20250422,10:34:00,-49.9,
20250422,10:34:00,-50.2,
20250422,10:34:00,-50.5,
20250422,10:34:01,-50.9,
20250422,10:34:01,-51.1,
20250422,10:34:01,-51.4,
20250422,10:34:01,-51.6,
20250422,10:34:02,-51.9,
20250422,10:34:02,-52,
20250422,10:34:02,-52.1,
20250422,10:34:03,-52.2,
20250422,10:34:03,-52.3,
20250422,10:34:03,-52.5,
20250422,10:34:03,-52.5,
20250422,10:34:04,-52.6,
20250422,10:34:04,-52.7,
20250422,10:34:04,-52.6,
20250422,10:34:04,-52.7,
20250422,10:34:05,-52.7,
20250422,10:34:05,-52.7,
20250422,10:34:05,-52.7,
20250422,10:34:06,-52.7,
20250422,10:34:06,-52.6,
20250422,10:34:06,-52.6,
20250422,10:34:06,-52.5,
20250422,10:34:07,-52.5,
20250422,10:34:07,-52.4,
20250422,10:34:07,-52.3,
20250422,10:34:07,-52.2,
20250422,10:34:08,-51.9,
20250422,10:34:08,-51.5,
20250422,10:34:08,-50.8,
20250422,10:34:09,-50.3,
20250422,10:34:09,-50,
20250422,10:34:09,-49.9,
20250422,10:34:09,-49.9,
20250422,10:34:10,-50,
20250422,10:34:10,-50.2,
20250422,10:34:10,-50.3,
20250422,10:34:11,-50.9,
20250422,10:34:11,-51.6,
20250422,10:34:11,-52.4,
20250422,10:34:11,-52.8,
20250422,10:34:12,-53.4,
20250422,10:34:12,-53.8,
20250422,10:34:12,-54.1,
20250422,10:34:12,-53.7,
20250422,10:34:13,-52.8,
20250422,10:34:13,-51.7,
20250422,10:34:13,-50.5,
20250422,10:34:14,-49.5,
20250422,10:34:14,-48.5,
20250422,10:34:14,-47.2,
20250422,10:34:14,-45.8,
20250422,10:34:15,-44.1,
20250422,10:34:15,-42.4,
20250422,10:34:15,-40.7,
20250422,10:34:16,-39.2,
20250422,10:34:16,-37.8,
20250422,10:34:16,-36.6,
20250422,10:34:16,-35.7,
20250422,10:34:17,-35,
20250422,10:34:17,-34.6,
20250422,10:34:17,-34.5,
20250422,10:34:17,-34.6,
20250422,10:34:18,-34.9,
20250422,10:34:18,-35.5,
20250422,10:34:18,-36.2,
20250422,10:34:19,-36.9,
20250422,10:34:19,-37.7,
20250422,10:34:19,-38.6,
20250422,10:34:19,-39.5,
20250422,10:34:20,-40.3,
20250422,10:34:20,-41.3,
20250422,10:34:20,-42.2,
20250422,10:34:20,-43.1,
20250422,10:34:21,-44,
20250422,10:34:21,-44.8,
20250422,10:34:21,-45.5,
20250422,10:34:22,-46.2,
20250422,10:34:22,-46.9,
20250422,10:34:22,-47.6,
20250422,10:34:22,-48.2,
20250422,10:34:23,-48.5,
20250422,10:34:23,-48.9,
20250422,10:34:23,-49.3,
20250422,10:34:24,-49.5,
20250422,10:34:24,-49.8,
20250422,10:34:24,-50.2,
20250422,10:34:24,-50.4,
20250422,10:34:25,-50.7,
20250422,10:34:25,-50.8,
20250422,10:34:25,-51,
20250422,10:34:25,-51,
20250422,10:34:26,-51.1,
20250422,10:34:26,-51.1,
20250422,10:34:26,-51.2,
20250422,10:34:27,-51.2,
20250422,10:34:27,-51.3,
20250422,10:34:27,-51.4,
20250422,10:34:27,-51.6,
20250422,10:34:28,-52,
20250422,10:34:28,-52.7,
20250422,10:34:28,-53,
20250422,10:34:29,-52.8,
20250422,10:34:29,-52.2,
20250422,10:34:29,-51.4,
20250422,10:34:29,-50.8,
20250422,10:34:30,-50.4,
20250422,10:34:30,-50.2,
20250422,10:34:30,-50.3,
20250422,10:34:30,-50.3,
20250422,10:34:31,-50.5,
20250422,10:34:31,-50.7,
20250422,10:34:31,-50.9,
20250422,10:34:32,-51.1,
20250422,10:34:32,-51.3,
20250422,10:34:32,-51.6,
20250422,10:34:32,-51.9,
20250422,10:34:33,-52,
20250422,10:34:33,-52.1,
20250422,10:34:33,-52.3,
20250422,10:34:34,-52.2,
20250422,10:34:34,-52.4,
20250422,10:34:34,-52.4,
20250422,10:34:34,-52.5,
20250422,10:34:35,-52.7,
20250422,10:34:35,-52.9,
20250422,10:34:35,-53,
20250422,10:34:35,-53.2,
20250422,10:34:36,-53.3,
20250422,10:34:36,-53.5,
20250422,10:34:36,-53.7,
20250422,10:34:37,-53.9,
20250422,10:34:37,-54,
20250422,10:34:37,-53.5,
20250422,10:34:37,-52.4,
20250422,10:34:38,-51,
20250422,10:34:38,-49.3,
20250422,10:34:38,-47.5,
20250422,10:34:38,-45.5,
20250422,10:34:39,-43.6,
20250422,10:34:39,-42,
20250422,10:34:39,-40.5,
20250422,10:34:40,-39.2,
20250422,10:34:40,-38.1,
20250422,10:34:40,-37.4,
20250422,10:34:40,-36.8,
20250422,10:34:41,-36.6,
20250422,10:34:41,-36.6,
20250422,10:34:41,-36.7,
20250422,10:34:42,-37,
20250422,10:34:42,-37.2,
20250422,10:34:42,-37.3,
20250422,10:34:42,-37.2,
20250422,10:34:43,-37,
20250422,10:34:43,-36.7,
20250422,10:34:43,-36.6,
20250422,10:34:44,-36.4,
20250422,10:34:44,-36.2,
20250422,10:34:44,-35.9,
20250422,10:34:44,-35.7,
20250422,10:34:45,-35.6,
20250422,10:34:45,-35.6,
20250422,10:34:45,-35.7,
20250422,10:34:45,-35.8,
20250422,10:34:46,-36.1,
20250422,10:34:46,-36.5,
20250422,10:34:46,-36.5,
20250422,10:34:47,-35.8,
20250422,10:34:47,-34.9,
20250422,10:34:47,-33.9,
20250422,10:34:47,-33.1,
20250422,10:34:48,-32.5,
20250422,10:34:48,-32.2,
20250422,10:34:48,-32.1,
20250422,10:34:48,-32.3,
20250422,10:34:49,-32.5,
20250422,10:34:49,-33.1,
20250422,10:34:49,-33.7,
20250422,10:34:50,-34.4,
20250422,10:34:50,-35.1,
20250422,10:34:50,-35.7,
20250422,10:34:50,-36.1,
20250422,10:34:51,-36.6,
20250422,10:34:51,-37,
20250422,10:34:51,-37.5,
20250422,10:34:52,-38.1,
20250422,10:34:52,-38.6,
20250422,10:34:52,-39.3,
20250422,10:34:52,-39.8,
20250422,10:34:53,-40.3,
20250422,10:34:53,-40.8,
20250422,10:34:53,-41,
20250422,10:34:53,-41.5,
20250422,10:34:54,-41.9,
20250422,10:34:54,-42.4,
20250422,10:34:54,-42.8,
20250422,10:34:55,-43.3,
20250422,10:34:55,-43.7,
20250422,10:34:55,-44.2,
20250422,10:34:55,-44.6,
20250422,10:34:56,-45.1,
20250422,10:34:56,-45.6,
20250422,10:34:56,-46.1,
20250422,10:34:57,-46.7,
20250422,10:34:57,-47.5,
20250422,10:34:57,-48.1,
20250422,10:34:57,-48.5,
20250422,10:34:58,-48.3,
20250422,10:34:58,-47.7,
20250422,10:34:58,-46.8,
20250422,10:34:58,-46.2,
20250422,10:34:59,-45.6,
20250422,10:34:59,-45.3,
20250422,10:34:59,-45,
20250422,10:35:00,-44.6,
20250422,10:35:00,-44.3,
20250422,10:35:00,-43.6,
20250422,10:35:00,-43,
20250422,10:35:01,-42.5,
20250422,10:35:01,-42.1,
20250422,10:35:01,-42,
20250422,10:35:01,-42.1,
20250422,10:35:02,-42.3,
20250422,10:35:02,-42.6,
20250422,10:35:02,-43.1,
20250422,10:35:03,-43.6,
20250422,10:35:03,-44.1,
20250422,10:35:03,-44.7,
20250422,10:35:03,-45.1,
20250422,10:35:04,-45.6,
20250422,10:35:04,-46.1,
20250422,10:35:04,-46.8,
20250422,10:35:05,-47.5,
20250422,10:35:05,-48.1,
20250422,10:35:05,-48.6,
20250422,10:35:05,-49.3,
20250422,10:35:06,-49.8,
20250422,10:35:06,-50.4,
20250422,10:35:06,-51.1,
20250422,10:35:06,-51.7,
20250422,10:35:07,-52.3,
20250422,10:35:07,-52.7,
20250422,10:35:07,-52.8,
20250422,10:35:08,-52.8,
20250422,10:35:08,-52.7,
20250422,10:35:08,-52.7,
20250422,10:35:08,-52.6,
20250422,10:35:09,-52.7,
20250422,10:35:09,-52.8,
20250422,10:35:09,-52.8,
20250422,10:35:10,-52.9,
20250422,10:35:10,-53,
20250422,10:35:10,-53.2,
20250422,10:35:10,-53.3,
20250422,10:35:11,-53.6,
20250422,10:35:11,-53.8,
20250422,10:35:11,-54,
20250422,10:35:11,-54.2,
20250422,10:35:12,-54.2,
20250422,10:35:12,-54.3,
20250422,10:35:12,-54.3,
20250422,10:35:13,-54.4,
20250422,10:35:13,-54.4,
20250422,10:35:13,-54.4,
20250422,10:35:13,-54.4,
20250422,10:35:14,-54.4,
20250422,10:35:14,-54.5,
20250422,10:35:14,-54.7,
20250422,10:35:15,-55,
20250422,10:35:15,-55.2,
20250422,10:35:15,-55.4,
20250422,10:35:15,-55.4,
20250422,10:35:16,-55.5,
20250422,10:35:16,-55.4,
20250422,10:35:16,-55.4,
20250422,10:35:16,-55.3,
20250422,10:35:17,-55.2,
20250422,10:35:17,-55.1,
20250422,10:35:17,-55,
20250422,10:35:18,-54.8,
20250422,10:35:18,-54.7,
20250422,10:35:18,-54.6,
20250422,10:35:18,-54.5,
20250422,10:35:19,-54.4,
20250422,10:35:19,-54.2,
20250422,10:35:19,-53.7,
20250422,10:35:19,-52.9,
20250422,10:35:20,-54.4,
20250422,10:35:20,-56.3,
20250422,10:35:20,-56.9,
20250422,10:35:21,-57.9,
20250422,10:35:21,-59.4,
20250422,10:35:21,-59.9,
20250422,10:35:21,-59.9,
20250422,10:35:22,-59.3,
20250422,10:35:22,-57.9,
20250422,10:35:22,-56.3,
20250422,10:35:23,-55.1,
20250422,10:35:23,-54.1,
20250422,10:35:23,-53.4,
20250422,10:35:23,-52.9,
20250422,10:35:24,-52.8,
20250422,10:35:24,-52.8,
20250422,10:35:24,-52.8,
20250422,10:35:25,-52.8,
20250422,10:35:25,-52.9,
20250422,10:35:25,-53.1,
20250422,10:35:25,-53.3,
20250422,10:35:26,-53.5,
20250422,10:35:26,-53.7,
20250422,10:35:26,-53.8,
20250422,10:35:26,-54,
20250422,10:35:27,-54.2,
20250422,10:35:27,-54.4,
20250422,10:35:27,-54.5,
20250422,10:35:28,-54.5,
20250422,10:35:28,-54.6,
20250422,10:35:28,-54.7,
20250422,10:35:28,-55.1,
20250422,10:35:29,-55.6,
20250422,10:35:29,-56.1,
20250422,10:35:29,-56.2,
20250422,10:35:29,-55.9,
20250422,10:35:30,-55.4,
20250422,10:35:30,-54.7,
20250422,10:35:30,-54.1,
20250422,10:35:31,-53.2,
20250422,10:35:31,-52.2,
20250422,10:35:31,-51.5,
20250422,10:35:31,-50.9,
20250422,10:35:32,-50.5,
20250422,10:35:32,-50.3,
20250422,10:35:32,-50.3,
20250422,10:35:33,-50.3,
20250422,10:35:33,-50.6,
20250422,10:35:33,-50.8,
20250422,10:35:33,-51.1,
20250422,10:35:34,-51.5,
20250422,10:35:34,-52,
20250422,10:35:34,-52.7,
20250422,10:35:34,-53.1,
20250422,10:35:35,-52.9,
20250422,10:35:35,-52.3,
20250422,10:35:35,-51.4,
20250422,10:35:36,-50.6,
20250422,10:35:36,-49.9,
20250422,10:35:36,-49.4,
20250422,10:35:36,-49.2,
20250422,10:35:37,-49.1,
20250422,10:35:37,-49.1,
20250422,10:35:37,-49.3,
20250422,10:35:38,-49.2,
20250422,10:35:38,-48.9,
20250422,10:35:38,-48.6,
20250422,10:35:38,-48.3,
20250422,10:35:39,-48.1,
20250422,10:35:39,-48,
20250422,10:35:39,-48.1,
20250422,10:35:39,-48.3,
20250422,10:35:40,-48.5,
20250422,10:35:40,-48.9,
20250422,10:35:40,-49.2,
20250422,10:35:41,-49.5,
20250422,10:35:41,-49.9,
20250422,10:35:41,-50.2,
20250422,10:35:41,-50.5,
20250422,10:35:42,-50.9,
20250422,10:35:42,-51.2,
20250422,10:35:42,-51.6,
20250422,10:35:42,-52,
20250422,10:35:43,-52.3,
20250422,10:35:43,-52.8,
20250422,10:35:43,-53.1,
20250422,10:35:44,-53.4,
20250422,10:35:44,-53.7,
20250422,10:35:44,-53.7,
20250422,10:35:44,-53.8,
20250422,10:35:45,-54,
20250422,10:35:45,-54.2,
20250422,10:35:45,-54.3,
20250422,10:35:46,-54.5,
20250422,10:35:46,-54.5,
20250422,10:35:46,-54.7,
20250422,10:35:46,-54.8,
20250422,10:35:47,-55,
20250422,10:35:47,-55.1,
20250422,10:35:47,-55.3,
20250422,10:35:47,-55.4,
20250422,10:35:48,-55.5,
20250422,10:35:48,-55.7,
20250422,10:35:48,-55.7,
20250422,10:35:49,-55.7,
20250422,10:35:49,-55.8,
20250422,10:35:49,-55.8,
20250422,10:35:49,-55.7,
20250422,10:35:50,-55.7,
20250422,10:35:50,-55.7,
20250422,10:35:50,-55.6,
20250422,10:35:51,-55.7,
20250422,10:35:51,-55.6,
20250422,10:35:51,-55.5,
20250422,10:35:51,-55.5,
20250422,10:35:52,-55.4,
20250422,10:35:52,-55.4,
20250422,10:35:52,-55.2,
20250422,10:35:52,-55.1,
20250422,10:35:53,-54.9,
20250422,10:35:53,-54.7,
20250422,10:35:53,-53.7,
20250422,10:35:54,-53.1,
20250422,10:35:54,-53.1,
20250422,10:35:54,-52.9,
20250422,10:35:54,-53,
20250422,10:35:55,-53.7,
20250422,10:35:55,-54.5,
20250422,10:35:55,-55.3,
20250422,10:35:56,-55.8,
20250422,10:35:56,-56.2,
20250422,10:35:56,-56.3,
20250422,10:35:56,-56.6,
20250422,10:35:57,-56.6,
20250422,10:35:57,-56.6,
20250422,10:35:57,-56.8,
20250422,10:35:57,-56.9,
20250422,10:35:58,-57,
20250422,10:35:58,-57.1,
20250422,10:35:58,-57.1,
20250422,10:35:59,-57.1,
20250422,10:35:59,-56.9,
20250422,10:35:59,-56.7,
20250422,10:35:59,-56.5,
20250422,10:36:00,-56.3,
20250422,10:36:00,-56.2,
20250422,10:36:00,-56.3,
20250422,10:36:00,-56.4,
20250422,10:36:01,-56.6,
20250422,10:36:01,-56.5,
20250422,10:36:01,-56.6,
20250422,10:36:02,-56.4,
20250422,10:36:02,-56.5,
20250422,10:36:02,-56.6,
20250422,10:36:02,-56.7,
20250422,10:36:03,-56.8,
20250422,10:36:03,-56.8,
20250422,10:36:03,-56.8,
20250422,10:36:04,-56.7,
20250422,10:36:04,-56.7,
20250422,10:36:04,-56.6,
20250422,10:36:04,-56.6,
20250422,10:36:05,-56.8,
20250422,10:36:05,-57.3,
20250422,10:36:05,-57.5,
20250422,10:36:06,-57.5,
20250422,10:36:06,-57.2,
20250422,10:36:06,-56.8,
20250422,10:36:06,-56.4,
20250422,10:36:07,-56.1,
20250422,10:36:07,-55.9,
20250422,10:36:07,-55.8,
20250422,10:36:07,-55.7,
20250422,10:36:08,-55.8,
20250422,10:36:08,-55.8,
20250422,10:36:08,-55.9,
20250422,10:36:09,-56,
20250422,10:36:09,-56.1,
20250422,10:36:09,-56.1,
20250422,10:36:09,-56.2,
20250422,10:36:10,-56.3,
20250422,10:36:10,-56.3,
20250422,10:36:10,-56.4,
20250422,10:36:10,-56.4,
20250422,10:36:11,-56.4,
20250422,10:36:11,-56.3,
20250422,10:36:11,-56.2,
20250422,10:36:12,-56.2,
20250422,10:36:12,-56.1,
20250422,10:36:12,-55.9,
20250422,10:36:12,-55.9,
20250422,10:36:13,-55.9,
20250422,10:36:13,-55.6,
20250422,10:36:13,-55.5,
20250422,10:36:14,-55.4,
20250422,10:36:14,-55.4,
20250422,10:36:14,-55.3,
20250422,10:36:14,-55,
20250422,10:36:15,-54.9,
20250422,10:36:15,-54.7,
20250422,10:36:15,-54.5,
20250422,10:36:15,-54.5,
20250422,10:36:16,-54.4,
20250422,10:36:16,-54.2,
20250422,10:36:16,-54,
20250422,10:36:17,-53.9,
20250422,10:36:17,-53.7,
20250422,10:36:17,-53.6,
20250422,10:36:17,-53.5,
20250422,10:36:18,-53.4,
20250422,10:36:18,-53.4,
20250422,10:36:18,-53.5,
20250422,10:36:19,-53.6,
20250422,10:36:19,-53.7,
20250422,10:36:19,-53.7,
20250422,10:36:19,-53.7,
20250422,10:36:20,-53.7,
20250422,10:36:20,-53.7,
20250422,10:36:20,-53.6,
20250422,10:36:20,-53.6,
20250422,10:36:21,-53.8,
20250422,10:36:21,-54.2,
20250422,10:36:21,-54.6,
20250422,10:36:22,-55.1,
20250422,10:36:22,-55.3,
20250422,10:36:22,-55.4,
20250422,10:36:22,-55.5,
20250422,10:36:23,-55.7,
20250422,10:36:23,-56,
20250422,10:36:23,-56.3,
20250422,10:36:23,-56.5,
20250422,10:36:24,-56.6,
20250422,10:36:24,-56.7,
20250422,10:36:24,-56.7,
20250422,10:36:25,-56.6,
20250422,10:36:25,-56.5,
20250422,10:36:25,-56.2,
20250422,10:36:25,-55.8,
20250422,10:36:26,-55,
20250422,10:36:26,-54.1,
20250422,10:36:26,-53.3,
20250422,10:36:27,-52.7,
20250422,10:36:27,-52.3,
20250422,10:36:27,-52,
20250422,10:36:27,-52,
20250422,10:36:28,-52.1,
20250422,10:36:28,-52.4,
20250422,10:36:28,-52.6,
20250422,10:36:28,-53,
20250422,10:36:29,-53.2,
20250422,10:36:29,-53.3,
20250422,10:36:29,-53.6,
20250422,10:36:30,-53.7,
20250422,10:36:30,-53.9,
20250422,10:36:30,-54,
20250422,10:36:30,-54.3,
20250422,10:36:31,-54.5,
20250422,10:36:31,-54.7,
20250422,10:36:31,-54.9,
20250422,10:36:32,-55,
20250422,10:36:32,-55.3,
20250422,10:36:32,-55.4,
20250422,10:36:32,-55.4,
20250422,10:36:33,-55.5,
20250422,10:36:33,-55.4,
20250422,10:36:33,-55.2,
20250422,10:36:33,-54.8,
20250422,10:36:34,-54.5,
20250422,10:36:34,-54.3,
20250422,10:36:34,-54.2,
20250422,10:36:35,-54.1,
20250422,10:36:35,-54.2,
20250422,10:36:35,-54.3,
20250422,10:36:35,-54.4,
20250422,10:36:36,-54.5,
20250422,10:36:36,-54.5,
20250422,10:36:36,-54.7,
20250422,10:36:37,-54.8,
20250422,10:36:37,-55,
20250422,10:36:37,-55,
20250422,10:36:37,-55.1,
20250422,10:36:38,-55.2,
20250422,10:36:38,-55.3,
20250422,10:36:38,-55.4,
20250422,10:36:38,-55.7,
20250422,10:36:39,-55.9,
20250422,10:36:39,-56.2,
20250422,10:36:39,-56.2,
20250422,10:36:40,-56.2,
20250422,10:36:40,-56.2,
20250422,10:36:40,-56.2,
20250422,10:36:40,-56.2,
20250422,10:36:41,-56.2,
20250422,10:36:41,-56.1,
20250422,10:36:41,-56.2,
20250422,10:36:41,-56.2,
20250422,10:36:42,-56.2,
20250422,10:36:42,-56.2,
20250422,10:36:42,-56.2,
20250422,10:36:43,-56.1,
20250422,10:36:43,-56.1,
20250422,10:36:43,-55.9,
20250422,10:36:43,-55.8,
20250422,10:36:44,-55.6,
20250422,10:36:44,-55.6,
20250422,10:36:44,-55.6,
20250422,10:36:45,-55.5,
20250422,10:36:45,-55.4,
20250422,10:36:45,-55.4,
20250422,10:36:45,-55.5,
20250422,10:36:46,-55.9,
20250422,10:36:46,-55.8,
20250422,10:36:46,-56.2,
20250422,10:36:47,-56.3,
20250422,10:36:47,-56.6,
20250422,10:36:47,-56.8,
20250422,10:36:47,-57,
20250422,10:36:48,-56.9,
20250422,10:36:48,-56.8,
20250422,10:36:48,-56.7,
20250422,10:36:48,-56.5,
20250422,10:36:49,-56.5,
20250422,10:36:49,-56.3,
20250422,10:36:49,-56.2,
20250422,10:36:50,-56.2,
20250422,10:36:50,-56.2,
20250422,10:36:50,-56.2,
20250422,10:36:50,-56.2,
20250422,10:36:51,-56.1,
20250422,10:36:51,-56,
20250422,10:36:51,-56,
20250422,10:36:51,-55.9,
20250422,10:36:52,-55.8,
20250422,10:36:52,-55.8,
20250422,10:36:52,-56,
20250422,10:36:53,-56.2,
20250422,10:36:53,-56.5,
20250422,10:36:53,-56.6,
20250422,10:36:53,-56.8,
20250422,10:36:54,-56.8,
20250422,10:36:54,-56.7,
20250422,10:36:54,-56.6,
20250422,10:36:55,-56.5,
20250422,10:36:55,-56.3,
20250422,10:36:55,-56.2,
20250422,10:36:55,-56.2,
20250422,10:36:56,-56.2,
20250422,10:36:56,-56.4,
20250422,10:36:56,-56.7,
20250422,10:36:56,-56.9,
20250422,10:36:57,-57,
20250422,10:36:57,-56.9,
20250422,10:36:57,-56.8,
20250422,10:36:58,-56.7,
20250422,10:36:58,-56.5,
20250422,10:36:58,-56.4,
20250422,10:36:58,-56.3,
20250422,10:36:59,-56.2,
20250422,10:36:59,-56.2,
20250422,10:36:59,-56.1,
20250422,10:37:00,-56,
20250422,10:37:00,-55.9,
20250422,10:37:00,-55.9,
20250422,10:37:00,-55.8,
20250422,10:37:01,-55.7,
20250422,10:37:01,-55.7,
20250422,10:37:01,-55.6,
20250422,10:37:01,-55.5,
20250422,10:37:02,-55.5,
20250422,10:37:02,-55.4,
20250422,10:37:02,-55.6,
20250422,10:37:03,-55.8,
20250422,10:37:03,-56,
20250422,10:37:03,-56.2,
20250422,10:37:03,-56.2,
20250422,10:37:04,-56.2,
20250422,10:37:04,-56.2,
20250422,10:37:04,-56.2,
20250422,10:37:04,-56.1,
20250422,10:37:05,-55.9,
20250422,10:37:05,-55.8,
20250422,10:37:05,-55.6,
20250422,10:37:06,-55.5,
20250422,10:37:06,-55.4,
20250422,10:37:06,-55.4,
20250422,10:37:06,-55.4,
20250422,10:37:07,-55.7,
20250422,10:37:07,-56,
20250422,10:37:07,-56.2,
20250422,10:37:08,-56.2,
20250422,10:37:08,-56.2,
20250422,10:37:08,-56.2,
20250422,10:37:08,-56.2,
20250422,10:37:09,-56.1,
20250422,10:37:09,-56.1,
20250422,10:37:09,-56,
20250422,10:37:09,-55.9,
20250422,10:37:10,-55.9,
20250422,10:37:10,-55.7,
20250422,10:37:10,-55.7,
20250422,10:37:11,-55.6,
20250422,10:37:11,-55.6,
20250422,10:37:11,-55.5,
20250422,10:37:11,-55.4,
20250422,10:37:12,-55.6,
20250422,10:37:12,-56.3,
20250422,10:37:12,-56.8,
20250422,10:37:13,-56.8,
20250422,10:37:13,-56.2,
20250422,10:37:13,-55.3,
20250422,10:37:13,-54.1,
20250422,10:37:14,-52.9,
20250422,10:37:14,-52,
20250422,10:37:14,-51.2,
20250422,10:37:14,-50.8,
20250422,10:37:15,-50.5,
20250422,10:37:15,-50.6,
20250422,10:37:15,-50.8,
20250422,10:37:16,-51,
20250422,10:37:16,-50.7,
20250422,10:37:16,-50.4,
20250422,10:37:16,-50.1,
20250422,10:37:17,-49.7,
20250422,10:37:17,-49.4,
20250422,10:37:17,-49.1,
20250422,10:37:18,-48.9,
20250422,10:37:18,-48.8,
20250422,10:37:18,-48.6,
20250422,10:37:18,-48.6,
20250422,10:37:19,-48.6,
20250422,10:37:19,-48.8,
20250422,10:37:19,-49,
20250422,10:37:19,-49.2,
20250422,10:37:20,-49.5,
20250422,10:37:20,-49.8,
20250422,10:37:20,-50.2,
20250422,10:37:21,-50.7,
20250422,10:37:21,-51.3,
20250422,10:37:21,-52,
20250422,10:37:21,-52.6,
20250422,10:37:22,-53.1,
20250422,10:37:22,-53.5,
20250422,10:37:22,-53.7,
20250422,10:37:23,-53.9,
20250422,10:37:23,-54,
20250422,10:37:23,-54.3,
20250422,10:37:23,-54.5,
20250422,10:37:24,-54.6,
20250422,10:37:24,-54.9,
20250422,10:37:24,-55,
20250422,10:37:24,-55.1,
20250422,10:37:25,-55.3,
20250422,10:37:25,-55.4,
20250422,10:37:25,-55.4,
20250422,10:37:26,-55.5,
20250422,10:37:26,-55.6,
20250422,10:37:26,-55.7,
20250422,10:37:26,-55.9,
20250422,10:37:27,-56.1,
20250422,10:37:27,-56.2,
20250422,10:37:27,-56.4,
20250422,10:37:28,-56.4,
20250422,10:37:28,-56.4,
20250422,10:37:28,-56.5,
20250422,10:37:28,-56.4,
20250422,10:37:29,-56.4,
20250422,10:37:29,-56.3,
20250422,10:37:29,-56.2,
20250422,10:37:29,-56.2,
20250422,10:37:30,-56.2,
20250422,10:37:30,-56.1,
20250422,10:37:30,-56.1,
20250422,10:37:31,-56,
20250422,10:37:31,-55.9,
20250422,10:37:31,-55.9,
20250422,10:37:31,-56.2,
20250422,10:37:32,-56.4,
20250422,10:37:32,-56.7,
20250422,10:37:32,-56.8,
20250422,10:37:32,-56.9,
20250422,10:37:33,-56.8,
20250422,10:37:33,-56.7,
20250422,10:37:33,-56.6,
20250422,10:37:34,-56.5,
20250422,10:37:34,-56.3,
20250422,10:37:34,-56.2,
20250422,10:37:34,-56.1,
20250422,10:37:35,-55.9,
20250422,10:37:35,-55.8,
20250422,10:37:35,-55.6,
20250422,10:37:36,-55.4,
20250422,10:37:36,-55.4,
20250422,10:37:36,-55.2,
20250422,10:37:36,-55.1,
20250422,10:37:37,-55,
20250422,10:37:37,-54.8,
20250422,10:37:37,-54.7,
20250422,10:37:37,-54.5,
20250422,10:37:38,-54.5,
20250422,10:37:38,-54.5,
20250422,10:37:38,-55,
20250422,10:37:39,-55.5,
20250422,10:37:39,-56.1,
20250422,10:37:39,-56.3,
20250422,10:37:39,-56.5,
20250422,10:37:40,-56.6,
20250422,10:37:40,-56.5,
20250422,10:37:40,-56.4,
20250422,10:37:41,-56.3,
20250422,10:37:41,-56.2,
20250422,10:37:41,-56.2,
20250422,10:37:41,-56.1,
20250422,10:37:42,-56,
20250422,10:37:42,-56,
20250422,10:37:42,-55.8,
20250422,10:37:42,-55.8,
20250422,10:37:43,-55.6,
20250422,10:37:43,-55.5,
20250422,10:37:43,-55.4,
20250422,10:37:44,-55.4,
20250422,10:37:44,-55.3,
20250422,10:37:44,-55.1,
20250422,10:37:44,-55,
20250422,10:37:45,-54.8,
20250422,10:37:45,-54.7,
20250422,10:37:45,-54.5,
20250422,10:37:45,-54.4,
20250422,10:37:46,-54.3,
20250422,10:37:46,-54,
20250422,10:37:46,-53.9,
20250422,10:37:47,-53.7,
20250422,10:37:47,-53.7,
20250422,10:37:47,-53.6,
20250422,10:37:47,-53.4,
20250422,10:37:48,-53.3,
20250422,10:37:48,-53.1,
20250422,10:37:48,-53.1,
20250422,10:37:49,-53.1,
20250422,10:37:49,-53.4,
20250422,10:37:49,-53.7,
20250422,10:37:49,-54.2,
20250422,10:37:50,-54.5,
20250422,10:37:50,-54.6,
20250422,10:37:50,-54.8,
20250422,10:37:51,-55,
20250422,10:37:51,-55.1,
20250422,10:37:51,-55.2,
20250422,10:37:51,-55.2,
20250422,10:37:52,-55.3,
20250422,10:37:52,-55.4,
20250422,10:37:52,-55.4,
20250422,10:37:52,-55.4,
20250422,10:37:53,-55.4,
20250422,10:37:53,-55.4,
20250422,10:37:53,-55.4,
20250422,10:37:54,-55.8,
20250422,10:37:54,-56.2,
20250422,10:37:54,-56.3,
20250422,10:37:54,-55.9,
20250422,10:37:55,-55.3,
20250422,10:37:55,-54.6,
20250422,10:37:55,-54.1,
20250422,10:37:55,-53.8,
20250422,10:37:56,-53.7,
20250422,10:37:56,-53.7,
20250422,10:37:56,-53.7,
20250422,10:37:57,-53.9,
20250422,10:37:57,-54.1,
20250422,10:37:57,-54.3,
20250422,10:37:57,-54.5,
20250422,10:37:58,-54.7,
20250422,10:37:58,-54.8,
20250422,10:37:58,-55.1,
20250422,10:37:59,-55.3,
20250422,10:37:59,-55.3,
20250422,10:37:59,-55.4,
20250422,10:37:59,-55.4,
20250422,10:38:00,-55.4,
20250422,10:38:00,-55.4,
20250422,10:38:00,-55.4,
20250422,10:38:00,-55.4,
20250422,10:38:01,-55.4,
20250422,10:38:01,-55.4,
20250422,10:38:01,-55.4,
20250422,10:38:02,-55.3,
20250422,10:38:02,-55.2,
20250422,10:38:02,-55.1,
20250422,10:38:02,-55,
20250422,10:38:03,-54.9,
20250422,10:38:03,-54.8,
20250422,10:38:03,-54.7,
20250422,10:38:04,-54.6,
20250422,10:38:04,-54.7,
20250422,10:38:04,-54.8,
20250422,10:38:04,-54.9,
20250422,10:38:05,-55,
20250422,10:38:05,-54.9,
20250422,10:38:05,-55,
20250422,10:38:05,-54.9,
20250422,10:38:06,-55.3,
20250422,10:38:06,-55.9,
20250422,10:38:06,-56.6,
20250422,10:38:07,-57,
20250422,10:38:07,-57.1,
20250422,10:38:07,-56.9,
20250422,10:38:07,-56.5,
20250422,10:38:08,-56.3,
20250422,10:38:08,-56.2,
20250422,10:38:08,-56.2,
20250422,10:38:09,-56.2,
20250422,10:38:09,-56.3,
20250422,10:38:09,-56,
20250422,10:38:09,-55.1,
20250422,10:38:10,-54,
20250422,10:38:10,-52.8,
20250422,10:38:10,-52,
20250422,10:38:10,-51.2,
20250422,10:38:11,-50.8,
20250422,10:38:11,-50.7,
20250422,10:38:11,-50.8,
20250422,10:38:12,-51.1,
20250422,10:38:12,-51.4,
20250422,10:38:12,-51.8,
20250422,10:38:12,-52.2,
20250422,10:38:13,-52.7,
20250422,10:38:13,-53.2,
20250422,10:38:13,-53.6,
20250422,10:38:13,-53.8,
20250422,10:38:14,-54,
20250422,10:38:14,-54.1,
20250422,10:38:14,-54.3,
20250422,10:38:15,-54.5,
20250422,10:38:15,-54.5,
20250422,10:38:15,-54.7,
20250422,10:38:15,-54.8,
20250422,10:38:16,-55,
20250422,10:38:16,-55.1,
20250422,10:38:16,-55.3,
20250422,10:38:17,-55.4,
20250422,10:38:17,-55.6,
20250422,10:38:17,-55.6,
20250422,10:38:17,-55.8,
20250422,10:38:18,-55.9,
20250422,10:38:18,-56.3,
20250422,10:38:18,-56.9,
20250422,10:38:18,-57.2,
20250422,10:38:19,-57.2,
20250422,10:38:19,-56.8,
20250422,10:38:19,-56.2,
20250422,10:38:20,-55.6,
20250422,10:38:20,-55.2,
20250422,10:38:20,-54.8,
20250422,10:38:20,-54.7,
20250422,10:38:21,-54.6,
20250422,10:38:21,-54.7,
20250422,10:38:21,-54.8,
20250422,10:38:22,-54.9,
20250422,10:38:22,-55.1,
20250422,10:38:22,-55.4,
20250422,10:38:22,-55.9,
20250422,10:38:23,-56.3,
20250422,10:38:23,-56,
20250422,10:38:23,-54.2,
20250422,10:38:23,-51.6,
20250422,10:38:24,-48.4,
20250422,10:38:24,-45.1,
20250422,10:38:24,-42,
20250422,10:38:25,-39.9,
20250422,10:38:25,-38.6,
20250422,10:38:25,-37.9,
20250422,10:38:25,-37.6,
20250422,10:38:26,-37.7,
20250422,10:38:26,-37.9,
20250422,10:38:26,-38.3,
20250422,10:38:26,-38.8,
20250422,10:38:27,-39.4,
20250422,10:38:27,-40,
20250422,10:38:27,-40.6,
20250422,10:38:28,-41,
20250422,10:38:28,-41.6,
20250422,10:38:28,-42,
20250422,10:38:28,-42.6,
20250422,10:38:29,-43.1,
20250422,10:38:29,-43.5,
20250422,10:38:29,-43.8,
20250422,10:38:30,-44.2,
20250422,10:38:30,-44.3,
20250422,10:38:30,-44.5,
20250422,10:38:30,-44.6,
20250422,10:38:31,-44.8,
20250422,10:38:31,-45,
20250422,10:38:31,-45.1,
20250422,10:38:32,-45.2,
20250422,10:38:32,-45.3,
20250422,10:38:32,-45.5,
20250422,10:38:32,-45.8,
20250422,10:38:33,-46.1,
20250422,10:38:33,-46.2,
20250422,10:38:33,-45.9,
20250422,10:38:33,-45.3,
20250422,10:38:34,-44.7,
20250422,10:38:34,-44.1,
20250422,10:38:34,-43.7,
20250422,10:38:35,-43.4,
20250422,10:38:35,-43.4,
20250422,10:38:35,-43.5,
20250422,10:38:35,-43.6,
20250422,10:38:36,-43.7,
20250422,10:38:36,-43.9,
20250422,10:38:36,-44.3,
20250422,10:38:36,-44.5,
20250422,10:38:37,-44.7,
20250422,10:38:37,-44.9,
20250422,10:38:37,-45.1,
20250422,10:38:38,-45.4,
20250422,10:38:38,-45.6,
20250422,10:38:38,-45.7,
20250422,10:38:38,-46,
20250422,10:38:39,-46.4,
20250422,10:38:39,-46.8,
20250422,10:38:39,-47.3,
20250422,10:38:40,-47.6,
20250422,10:38:40,-47.7,
20250422,10:38:40,-47.7,
20250422,10:38:40,-47.7,
20250422,10:38:41,-47.7,
20250422,10:38:41,-47.6,
20250422,10:38:41,-47.5,
20250422,10:38:41,-47.5,
20250422,10:38:42,-47.3,
20250422,10:38:42,-47.2,
20250422,10:38:42,-47.1,
20250422,10:38:43,-47.2,
20250422,10:38:43,-47.4,
20250422,10:38:43,-47.4,
,,,
,,,
,,,
,,,
,,,
,,,
,,,
,,,
,,,
,,,
20250422,10:46:12,-36.4,
20250422,10:46:12,-36.8,
20250422,10:46:13,-36.9,
20250422,10:46:13,-36.7,
20250422,10:46:13,-36.5,
20250422,10:46:13,-36.1,
20250422,10:46:14,-35.8,
20250422,10:46:14,-35.8,
20250422,10:46:14,-35.7,
20250422,10:46:15,-35.8,
20250422,10:46:15,-35.9,
20250422,10:46:15,-36.2,
20250422,10:46:15,-36.4,
20250422,10:46:16,-36.6,
20250422,10:46:16,-36.8,
20250422,10:46:16,-37.1,
20250422,10:46:16,-37.4,
20250422,10:46:17,-37.6,
20250422,10:46:17,-37.8,
20250422,10:46:17,-37.9,
20250422,10:46:18,-38.1,
20250422,10:46:18,-38.5,
20250422,10:46:18,-38.7,
20250422,10:46:18,-38.8,
20250422,10:46:19,-38.9,
20250422,10:46:19,-38.9,
20250422,10:46:19,-39.1,
20250422,10:46:20,-39.5,
20250422,10:46:20,-40,
20250422,10:46:20,-40,
20250422,10:46:20,-39.2,
20250422,10:46:21,-38.2,
20250422,10:46:21,-37.1,
20250422,10:46:21,-36.1,
20250422,10:46:21,-35.5,
20250422,10:46:22,-35,
20250422,10:46:22,-34.7,
20250422,10:46:22,-34.6,
20250422,10:46:23,-34.7,
20250422,10:46:23,-34.8,
20250422,10:46:23,-35.1,
20250422,10:46:23,-35.6,
20250422,10:46:24,-36.1,
20250422,10:46:24,-36.6,
20250422,10:46:24,-36.7,
20250422,10:46:24,-36.8,
20250422,10:46:25,-36.9,
20250422,10:46:25,-36.9,
20250422,10:46:25,-36.9,
20250422,10:46:26,-36.9,
20250422,10:46:26,-36.9,
20250422,10:46:26,-37,
20250422,10:46:26,-37,
20250422,10:46:27,-37.1,
20250422,10:46:27,-37.2,
20250422,10:46:27,-37.2,
20250422,10:46:28,-37.2,
20250422,10:46:28,-37.2,
20250422,10:46:28,-37.3,
20250422,10:46:28,-37.3,
20250422,10:46:29,-37.4,
20250422,10:46:29,-37.4,
20250422,10:46:29,-37.4,
20250422,10:46:30,-37.4,
20250422,10:46:30,-37.4,
20250422,10:46:30,-37.3,
20250422,10:46:30,-37.3,
20250422,10:46:31,-37.3,
20250422,10:46:31,-37.2,
20250422,10:46:31,-37.1,
20250422,10:46:31,-37,
20250422,10:46:32,-36.9,
20250422,10:46:32,-36.7,
20250422,10:46:32,-36.7,
20250422,10:46:33,-36.6,
20250422,10:46:33,-36.4,
20250422,10:46:33,-36.3,
20250422,10:46:33,-36.1,
20250422,10:46:34,-35.9,
20250422,10:46:34,-35.7,
20250422,10:46:34,-35.6,
20250422,10:46:34,-35.4,
20250422,10:46:35,-35.5,
20250422,10:46:35,-35.5,
20250422,10:46:35,-35.1,
20250422,10:46:36,-34.9,
20250422,10:46:36,-34.7,
20250422,10:46:36,-34.2,
20250422,10:46:36,-34,
20250422,10:46:37,-33.8,
20250422,10:46:37,-33.5,
20250422,10:46:37,-33.3,
20250422,10:46:38,-33.2,
20250422,10:46:38,-33.2,
20250422,10:46:38,-33.2,
20250422,10:46:38,-33.1,
20250422,10:46:39,-33,
20250422,10:46:39,-32.9,
20250422,10:46:39,-32.7,
20250422,10:46:39,-32.5,
20250422,10:46:40,-32.3,
20250422,10:46:40,-32.2,
20250422,10:46:40,-32,
20250422,10:46:41,-31.9,
20250422,10:46:41,-31.8,
20250422,10:46:41,-31.8,
20250422,10:46:41,-31.7,
20250422,10:46:42,-31.5,
20250422,10:46:42,-31.5,
20250422,10:46:42,-31.4,
20250422,10:46:43,-31.2,
20250422,10:46:43,-31.2,
20250422,10:46:43,-31.2,
20250422,10:46:43,-31.2,
20250422,10:46:44,-31.2,
20250422,10:46:44,-31.2,
20250422,10:46:44,-31.2,
20250422,10:46:44,-31.1,
20250422,10:46:45,-31,
20250422,10:46:45,-30.9,
20250422,10:46:45,-30.8,
20250422,10:46:46,-30.6,
20250422,10:46:46,-30.5,
20250422,10:46:46,-30.4,
20250422,10:46:46,-30.2,
20250422,10:46:47,-30.1,
20250422,10:46:47,-30.3,
20250422,10:46:47,-30.1,
20250422,10:46:47,-29.7,
20250422,10:46:48,-29.4,
20250422,10:46:48,-29.3,
20250422,10:46:48,-29.5,
20250422,10:46:49,-29.8,
20250422,10:46:49,-30,
20250422,10:46:49,-30.3,
20250422,10:46:49,-30.6,
20250422,10:46:50,-30.8,
20250422,10:46:50,-31,
20250422,10:46:50,-31,
20250422,10:46:51,-31.1,
20250422,10:46:51,-31.1,
20250422,10:46:51,-31,
20250422,10:46:51,-31,
20250422,10:46:52,-30.9,
20250422,10:46:52,-30.8,
20250422,10:46:52,-30.6,
20250422,10:46:52,-30.5,
20250422,10:46:53,-30.4,
20250422,10:46:53,-30.1,
20250422,10:46:53,-30,
20250422,10:46:54,-29.8,
20250422,10:46:54,-29.7,
20250422,10:46:54,-29.4,
20250422,10:46:54,-29.2,
20250422,10:46:55,-29,
20250422,10:46:55,-28.9,
20250422,10:46:55,-28.8,
20250422,10:46:56,-28.5,
20250422,10:46:56,-28.3,
20250422,10:46:56,-28.1,
20250422,10:46:56,-28,
20250422,10:46:57,-28,
20250422,10:46:57,-27.9,
20250422,10:46:57,-27.9,
20250422,10:46:57,-28,
20250422,10:46:58,-28,
20250422,10:46:58,-28,
20250422,10:46:58,-28,
20250422,10:46:59,-28,
20250422,10:46:59,-27.8,
20250422,10:46:59,-27.7,
20250422,10:46:59,-27.7,
20250422,10:47:00,-27.5,
20250422,10:47:00,-27.4,
20250422,10:47:00,-27.3,
20250422,10:47:01,-27.2,
20250422,10:47:01,-27.2,
20250422,10:47:01,-27.6,
20250422,10:47:01,-28.1,
20250422,10:47:02,-28.8,
20250422,10:47:02,-29.4,
20250422,10:47:02,-29.9,
20250422,10:47:02,-30.4,
20250422,10:47:03,-30.6,
20250422,10:47:03,-30.9,
20250422,10:47:03,-31,
20250422,10:47:04,-31.2,
20250422,10:47:04,-31.5,
20250422,10:47:04,-31.8,
20250422,10:47:04,-32.4,
20250422,10:47:05,-33.2,
20250422,10:47:05,-34,
20250422,10:47:05,-34.9,
20250422,10:47:05,-35.4,
20250422,10:47:06,-36,
20250422,10:47:06,-36.3,
20250422,10:47:06,-36.5,
20250422,10:47:07,-36.6,
20250422,10:47:07,-36.6,
20250422,10:47:07,-36.6,
20250422,10:47:07,-36.6,
20250422,10:47:08,-36.6,
20250422,10:47:08,-37,
20250422,10:47:08,-37.5,
20250422,10:47:09,-38.3,
20250422,10:47:09,-38.9,
20250422,10:47:09,-39.3,
20250422,10:47:09,-39.6,
20250422,10:47:10,-39.7,
20250422,10:47:10,-39.9,
20250422,10:47:10,-40,
20250422,10:47:11,-40,
20250422,10:47:11,-40,
20250422,10:47:11,-40,
20250422,10:47:11,-40,
20250422,10:47:12,-40.1,
20250422,10:47:12,-40.4,
20250422,10:47:12,-40.9,
20250422,10:47:12,-41.1,
20250422,10:47:13,-41.4,
20250422,10:47:13,-41.5,
20250422,10:47:13,-41.7,
20250422,10:47:14,-41.7,
20250422,10:47:14,-42,
20250422,10:47:14,-42.4,
20250422,10:47:15,-42.9,
20250422,10:47:15,-43.1,
20250422,10:47:15,-43.1,
20250422,10:47:15,-42.8,
20250422,10:47:15,-42.6,
20250422,10:47:16,-42.6,
20250422,10:47:16,-42.6,
20250422,10:47:16,-42.6,
20250422,10:47:17,-42.6,
20250422,10:47:17,-42.5,
20250422,10:47:17,-42,
20250422,10:47:17,-41,
20250422,10:47:18,-40,
20250422,10:47:18,-38.8,
20250422,10:47:18,-37.9,
20250422,10:47:18,-37.3,
20250422,10:47:19,-36.9,
20250422,10:47:19,-37.1,
20250422,10:47:19,-37.4,
20250422,10:47:20,-37.8,
20250422,10:47:20,-38.4,
20250422,10:47:20,-39.2,
20250422,10:47:21,-39.9,
20250422,10:47:21,-40.6,
20250422,10:47:21,-41.3,
20250422,10:47:21,-42.1,
20250422,10:47:22,-42.8,
20250422,10:47:22,-43.4,
20250422,10:47:22,-43.8,
20250422,10:47:22,-44.1,
20250422,10:47:23,-44.3,
20250422,10:47:23,-44.4,
20250422,10:47:23,-44.5,
20250422,10:47:24,-44.7,
20250422,10:47:24,-44.7,
20250422,10:47:24,-44.7,
20250422,10:47:24,-44.8,
20250422,10:47:25,-44.9,
20250422,10:47:25,-44.8,
20250422,10:47:25,-44.8,
20250422,10:47:25,-45,
20250422,10:47:26,-45.4,
20250422,10:47:26,-45.9,
20250422,10:47:26,-46,
20250422,10:47:27,-46,
20250422,10:47:27,-45.8,
20250422,10:47:27,-45.5,
20250422,10:47:27,-45.3,
20250422,10:47:28,-45.1,
20250422,10:47:28,-44.9,
20250422,10:47:28,-44.7,
20250422,10:47:28,-44.6,
20250422,10:47:29,-44.5,
20250422,10:47:29,-44.4,
20250422,10:47:29,-44.5,
20250422,10:47:30,-44.5,
20250422,10:47:30,-44.5,
20250422,10:47:30,-44.4,
20250422,10:47:30,-44.3,
20250422,10:47:31,-44.3,
20250422,10:47:31,-44.1,
20250422,10:47:31,-44,
20250422,10:47:32,-43.8,
20250422,10:47:32,-43.7,
20250422,10:47:32,-43.5,
20250422,10:47:32,-43.4,
20250422,10:47:33,-43.4,
20250422,10:47:33,-43.2,
20250422,10:47:33,-43.1,
20250422,10:47:33,-43,
20250422,10:47:34,-42.9,
20250422,10:47:34,-42.8,
20250422,10:47:34,-42.8,
20250422,10:47:35,-43,
20250422,10:47:35,-43.3,
20250422,10:47:35,-43.5,
20250422,10:47:35,-43.7,
20250422,10:47:36,-43.8,
20250422,10:47:36,-43.8,
20250422,10:47:36,-43.8,
20250422,10:47:37,-43.6,
20250422,10:47:37,-43.5,
20250422,10:47:37,-43.3,
20250422,10:47:37,-43.2,
20250422,10:47:38,-43,
20250422,10:47:38,-42.9,
20250422,10:47:38,-43,
20250422,10:47:38,-43.3,
20250422,10:47:39,-43.9,
20250422,10:47:39,-44.4,
20250422,10:47:39,-44.9,
20250422,10:47:40,-45.1,
20250422,10:47:40,-45.3,
20250422,10:47:40,-45.3,
20250422,10:47:40,-45.5,
20250422,10:47:41,-45.5,
20250422,10:47:41,-45.5,
20250422,10:47:41,-45.4,
20250422,10:47:42,-45.2,
20250422,10:47:42,-45.1,
20250422,10:47:42,-44.8,
20250422,10:47:42,-44.7,
20250422,10:47:43,-44.7,
20250422,10:47:43,-44.6,
20250422,10:47:43,-44.8,
20250422,10:47:43,-44.9,
20250422,10:47:44,-45,
20250422,10:47:44,-45.1,
20250422,10:47:44,-45.1,
20250422,10:47:45,-45.2,
20250422,10:47:45,-45.2,
20250422,10:47:45,-45.3,
20250422,10:47:45,-45.4,
20250422,10:47:46,-45.4,
20250422,10:47:46,-45.5,
20250422,10:47:46,-45.5,
20250422,10:47:46,-45.5,
20250422,10:47:47,-45.3,
20250422,10:47:47,-45.2,
20250422,10:47:47,-45.1,
20250422,10:47:48,-45.1,
20250422,10:47:48,-44.9,
20250422,10:47:48,-44.7,
20250422,10:47:48,-44.5,
20250422,10:47:49,-44.4,
20250422,10:47:49,-44.4,
20250422,10:47:49,-44.4,
20250422,10:47:50,-44.3,
20250422,10:47:50,-44.4,
20250422,10:47:50,-44.5,
20250422,10:47:50,-44.5,
20250422,10:47:51,-44.6,
20250422,10:47:51,-44.6,
20250422,10:47:51,-44.5,
20250422,10:47:52,-44.5,
20250422,10:47:52,-44.5,
20250422,10:47:52,-44.3,
20250422,10:47:52,-44.3,
20250422,10:47:53,-44.1,
20250422,10:47:53,-43.9,
20250422,10:47:53,-43.7,
20250422,10:47:53,-43.5,
20250422,10:47:54,-43.4,
20250422,10:47:54,-43.1,
20250422,10:47:54,-42.9,
20250422,10:47:55,-42.7,
20250422,10:47:55,-42.4,
20250422,10:47:55,-42.2,
20250422,10:47:55,-42,
20250422,10:47:56,-41.8,
20250422,10:47:56,-41.7,
20250422,10:47:56,-41.6,
20250422,10:47:56,-41.4,
20250422,10:47:57,-41.2,
20250422,10:47:57,-40.9,
20250422,10:47:57,-40.8,
20250422,10:47:58,-40.4,
20250422,10:47:58,-40.1,
20250422,10:47:58,-40,
20250422,10:47:58,-39.7,
20250422,10:47:59,-39.3,
20250422,10:47:59,-39.1,
20250422,10:47:59,-38.8,
20250422,10:48:00,-38.4,
20250422,10:48:00,-38.2,
20250422,10:48:00,-37.8,
20250422,10:48:00,-37.5,
20250422,10:48:01,-37.4,
20250422,10:48:01,-37.2,
20250422,10:48:01,-37,
20250422,10:48:01,-36.8,
20250422,10:48:02,-36.6,
20250422,10:48:02,-36.4,
20250422,10:48:02,-36.2,
20250422,10:48:03,-35.9,
20250422,10:48:03,-35.7,
20250422,10:48:03,-35.5,
20250422,10:48:03,-35.2,
20250422,10:48:04,-34.9,
20250422,10:48:04,-34.7,
20250422,10:48:04,-34.4,
20250422,10:48:05,-34.1,
20250422,10:48:05,-33.9,
20250422,10:48:05,-33.5,
20250422,10:48:05,-33.2,
20250422,10:48:06,-33.1,
20250422,10:48:06,-32.7,
20250422,10:48:06,-32.4,
20250422,10:48:06,-32.3,
20250422,10:48:07,-32,
20250422,10:48:07,-31.8,
20250422,10:48:07,-31.5,
20250422,10:48:08,-31.3,
20250422,10:48:08,-30.9,
20250422,10:48:08,-30.7,
20250422,10:48:08,-30.5,
20250422,10:48:09,-30.2,
20250422,10:48:09,-29.9,
20250422,10:48:09,-29.7,
20250422,10:48:09,-29.5,
20250422,10:48:10,-29.3,
20250422,10:48:10,-29.1,
20250422,10:48:10,-28.9,
20250422,10:48:11,-28.7,
20250422,10:48:11,-28.6,
20250422,10:48:11,-28.4,
20250422,10:48:11,-28.3,
20250422,10:48:12,-28.1,
20250422,10:48:12,-28,
20250422,10:48:12,-27.7,
20250422,10:48:13,-27.4,
20250422,10:48:13,-27.1,
20250422,10:48:13,-26.7,
20250422,10:48:13,-26.4,
20250422,10:48:14,-26.1,
20250422,10:48:14,-25.6,
20250422,10:48:14,-25.4,
20250422,10:48:14,-25,
20250422,10:48:15,-24.6,
20250422,10:48:15,-24.3,
20250422,10:48:15,-24.2,
20250422,10:48:16,-23.9,
20250422,10:48:16,-23.9,
20250422,10:48:16,-24.1,
20250422,10:48:16,-24.3,
20250422,10:48:17,-24.6,
20250422,10:48:17,-24.8,
20250422,10:48:17,-25.1,
20250422,10:48:18,-25.4,
20250422,10:48:18,-25.5,
20250422,10:48:18,-25.6,
20250422,10:48:18,-25.7,
20250422,10:48:19,-26,
20250422,10:48:19,-26.1,
20250422,10:48:19,-26.1,
20250422,10:48:19,-26.1,
20250422,10:48:20,-26.1,
20250422,10:48:20,-26.1,
20250422,10:48:20,-26,
20250422,10:48:21,-26,
20250422,10:48:21,-25.9,
20250422,10:48:21,-25.9,
20250422,10:48:21,-25.8,
20250422,10:48:22,-25.8,
20250422,10:48:22,-25.7,
20250422,10:48:22,-25.7,
20250422,10:48:23,-25.5,
20250422,10:48:23,-25.5,
20250422,10:48:23,-25.5,
20250422,10:48:23,-25.4,
20250422,10:48:24,-25.2,
20250422,10:48:24,-25.1,
20250422,10:48:24,-25,
20250422,10:48:24,-24.9,
20250422,10:48:25,-24.9,
20250422,10:48:25,-24.8,
20250422,10:48:25,-24.6,
20250422,10:48:26,-24.6,
20250422,10:48:26,-24.7,
20250422,10:48:26,-25,
20250422,10:48:26,-25.1,
20250422,10:48:27,-25.2,
20250422,10:48:27,-25.4,
20250422,10:48:27,-25.5,
20250422,10:48:27,-25.5,
20250422,10:48:28,-25.5,
20250422,10:48:28,-25.6,
20250422,10:48:28,-25.6,
20250422,10:48:29,-25.5,
20250422,10:48:29,-25.5,
20250422,10:48:29,-25.5,
20250422,10:48:29,-25.3,
20250422,10:48:30,-25.2,
20250422,10:48:30,-25.1,
20250422,10:48:30,-25.2,
20250422,10:48:31,-25.5,
20250422,10:48:31,-25.9,
20250422,10:48:31,-26.4,
20250422,10:48:31,-26.9,
20250422,10:48:32,-27.2,
20250422,10:48:32,-27.6,
20250422,10:48:32,-27.8,
20250422,10:48:33,-28,
20250422,10:48:33,-28,
20250422,10:48:33,-28,
20250422,10:48:33,-27.9,
20250422,10:48:34,-27.8,
20250422,10:48:34,-27.6,
20250422,10:48:34,-27.5,
20250422,10:48:34,-27.3,
20250422,10:48:35,-27.2,
20250422,10:48:35,-27.1,
20250422,10:48:35,-26.9,
20250422,10:48:36,-26.8,
20250422,10:48:36,-26.6,
20250422,10:48:36,-26.4,
20250422,10:48:36,-26.3,
20250422,10:48:37,-26.3,
20250422,10:48:37,-26.3,
20250422,10:48:37,-26.4,
20250422,10:48:37,-26.8,
20250422,10:48:38,-27.2,
20250422,10:48:38,-27.8,
20250422,10:48:38,-28.1,
20250422,10:48:39,-28.6,
20250422,10:48:39,-28.9,
20250422,10:48:39,-29,
20250422,10:48:39,-29.2,
20250422,10:48:40,-29.2,
20250422,10:48:40,-29.2,
20250422,10:48:40,-29.1,
20250422,10:48:41,-28.9,
20250422,10:48:41,-28.9,
20250422,10:48:41,-28.6,
20250422,10:48:41,-28.4,
20250422,10:48:42,-28.1,
20250422,10:48:42,-27.9,
20250422,10:48:42,-27.8,
20250422,10:48:42,-27.6,
20250422,10:48:43,-27.2,
20250422,10:48:43,-27.2,
20250422,10:48:43,-26.9,
20250422,10:48:44,-26.7,
20250422,10:48:44,-26.6,
20250422,10:48:44,-26.3,
20250422,10:48:44,-26.3,
20250422,10:48:45,-26.3,
20250422,10:48:45,-26.2,
20250422,10:48:45,-26.1,
20250422,10:48:46,-26,
20250422,10:48:46,-26,
20250422,10:48:46,-25.9,
20250422,10:48:46,-25.9,
20250422,10:48:47,-26,
20250422,10:48:47,-26.5,
20250422,10:48:47,-27.3,
20250422,10:48:47,-28.3,
20250422,10:48:48,-29.2,
20250422,10:48:48,-30.1,
20250422,10:48:48,-30.8,
20250422,10:48:49,-31.5,
20250422,10:48:49,-31.7,
20250422,10:48:49,-32,
20250422,10:48:49,-31.9,
20250422,10:48:50,-32,
20250422,10:48:50,-32,
20250422,10:48:50,-31.7,
20250422,10:48:50,-31.5,
20250422,10:48:51,-31.4,
20250422,10:48:51,-31.1,
20250422,10:48:51,-30.9,
20250422,10:48:52,-30.7,
20250422,10:48:52,-30.6,
20250422,10:48:52,-30.3,
20250422,10:48:52,-30.1,
20250422,10:48:53,-29.9,
20250422,10:48:53,-29.8,
20250422,10:48:53,-29.5,
20250422,10:48:54,-29.3,
20250422,10:48:54,-29,
20250422,10:48:54,-28.9,
20250422,10:48:54,-28.7,
20250422,10:48:55,-28.7,
20250422,10:48:55,-28.7,
20250422,10:48:55,-28.6,
20250422,10:48:55,-28.7,
20250422,10:48:56,-28.8,
20250422,10:48:56,-28.8,
20250422,10:48:56,-28.9,
20250422,10:48:57,-28.8,
20250422,10:48:57,-28.8,
20250422,10:48:57,-28.9,
20250422,10:48:57,-28.8,
20250422,10:48:58,-28.8,
20250422,10:48:58,-28.7,
20250422,10:48:58,-28.6,
20250422,10:48:59,-28.4,
20250422,10:48:59,-28.3,
20250422,10:48:59,-28.1,
20250422,10:48:59,-28.1,
20250422,10:49:00,-28.3,
20250422,10:49:00,-28.6,
20250422,10:49:00,-28.9,
20250422,10:49:00,-29.5,
20250422,10:49:01,-30.2,
20250422,10:49:01,-31.3,
20250422,10:49:01,-32.4,
20250422,10:49:02,-33.9,
20250422,10:49:02,-35.2,
20250422,10:49:02,-36.4,
20250422,10:49:02,-37.3,
20250422,10:49:03,-38.3,
20250422,10:49:03,-39.3,
20250422,10:49:03,-40,
20250422,10:49:04,-40.3,
20250422,10:49:04,-40.9,
20250422,10:49:04,-41.2,
20250422,10:49:04,-41.4,
20250422,10:49:05,-41.5,
20250422,10:49:05,-41.3,
20250422,10:49:05,-41,
20250422,10:49:05,-40.7,
20250422,10:49:06,-40.6,
20250422,10:49:06,-40.8,
20250422,10:49:06,-40.9,
20250422,10:49:07,-41.5,
20250422,10:49:07,-42.1,
20250422,10:49:07,-42.9,
20250422,10:49:07,-43.7,
20250422,10:49:08,-44.6,
20250422,10:49:08,-45.3,
20250422,10:49:08,-46.1,
20250422,10:49:08,-46.8,
20250422,10:49:09,-47.5,
20250422,10:49:09,-48,
20250422,10:49:09,-48.6,
20250422,10:49:10,-49,
20250422,10:49:10,-49.4,
20250422,10:49:10,-49.7,
20250422,10:49:10,-49.9,
20250422,10:49:11,-50,
20250422,10:49:11,-50,
20250422,10:49:11,-50.1,
20250422,10:49:12,-50,
20250422,10:49:12,-49.8,
20250422,10:49:12,-49.7,
20250422,10:49:12,-49.6,
20250422,10:49:13,-49.4,
20250422,10:49:13,-49.4,
20250422,10:49:13,-49.2,
20250422,10:49:14,-49,
20250422,10:49:14,-48.7,
20250422,10:49:14,-48.5,
20250422,10:49:14,-48.4,
20250422,10:49:15,-48.1,
20250422,10:49:15,-47.8,
20250422,10:49:15,-47.6,
20250422,10:49:15,-47.4,
20250422,10:49:16,-47.1,
20250422,10:49:16,-46.9,
20250422,10:49:16,-46.7,
20250422,10:49:17,-46.8,
20250422,10:49:17,-46.8,
20250422,10:49:17,-46.8,
20250422,10:49:17,-46.8,
20250422,10:49:18,-46.7,
20250422,10:49:18,-46.5,
20250422,10:49:18,-46.3,
20250422,10:49:18,-46,
20250422,10:49:19,-45.8,
20250422,10:49:19,-45.5,
20250422,10:49:19,-45.3,
20250422,10:49:20,-45.3,
20250422,10:49:20,-45.4,
20250422,10:49:20,-45.3,
20250422,10:49:20,-45.4,
20250422,10:49:21,-45.5,
20250422,10:49:21,-45.5,
20250422,10:49:21,-45.5,
20250422,10:49:22,-45.5,
20250422,10:49:22,-45.3,
20250422,10:49:22,-45.3,
20250422,10:49:22,-45.1,
20250422,10:49:23,-45.1,
20250422,10:49:23,-44.9,
20250422,10:49:23,-44.7,
20250422,10:49:23,-44.7,
20250422,10:49:24,-44.7,
20250422,10:49:24,-44.7,
20250422,10:49:24,-44.7,
20250422,10:49:25,-44.7,
20250422,10:49:25,-44.4,
20250422,10:49:25,-44.3,
20250422,10:49:25,-44.2,
20250422,10:49:26,-44,
20250422,10:49:26,-43.9,
20250422,10:49:26,-43.5,
20250422,10:49:27,-43.4,
20250422,10:49:27,-43.3,
20250422,10:49:27,-43.3,
20250422,10:49:27,-43.4,
20250422,10:49:28,-43.4,
20250422,10:49:28,-43.4,
20250422,10:49:28,-43.3,
20250422,10:49:28,-43.1,
20250422,10:49:29,-43,
20250422,10:49:29,-42.8,
20250422,10:49:29,-42.6,
20250422,10:49:30,-42.4,
20250422,10:49:30,-42.2,
20250422,10:49:30,-41.9,
20250422,10:49:30,-41.9,
20250422,10:49:31,-41.7,
20250422,10:49:31,-41.6,
20250422,10:49:31,-41.4,
20250422,10:49:31,-41.1,
20250422,10:49:32,-40.9,
20250422,10:49:32,-40.8,
20250422,10:49:32,-40.6,
20250422,10:49:33,-40.4,
20250422,10:49:33,-40,
20250422,10:49:33,-39.8,
20250422,10:49:33,-39.6,
20250422,10:49:34,-39.2,
20250422,10:49:34,-39.1,
20250422,10:49:34,-38.9,
20250422,10:49:35,-38.5,
20250422,10:49:35,-38.3,
20250422,10:49:35,-38.2,
20250422,10:49:35,-38,
20250422,10:49:36,-37.7,
20250422,10:49:36,-37.4,
20250422,10:49:36,-37.4,
20250422,10:49:36,-37.2,
20250422,10:49:37,-37,
20250422,10:49:37,-36.8,
20250422,10:49:37,-36.7,
20250422,10:49:38,-36.9,
20250422,10:49:38,-37.3,
20250422,10:49:38,-37.6,
20250422,10:49:38,-38,
20250422,10:49:39,-38.4,
20250422,10:49:39,-38.5,
20250422,10:49:39,-38.9,
20250422,10:49:40,-38.8,
20250422,10:49:40,-38.9,
20250422,10:49:40,-38.9,
20250422,10:49:40,-38.7,
20250422,10:49:41,-38.7,
20250422,10:49:41,-38.5,
20250422,10:49:41,-38.3,
20250422,10:49:41,-38.2,
20250422,10:49:42,-38,
20250422,10:49:42,-37.8,
20250422,10:49:42,-37.6,
20250422,10:49:43,-37.3,
20250422,10:49:43,-37.2,
20250422,10:49:43,-37,
20250422,10:49:43,-36.7,
20250422,10:49:44,-36.6,
20250422,10:49:44,-36.5,
20250422,10:49:44,-36.3,
20250422,10:49:45,-36.4,
20250422,10:49:45,-36.3,
20250422,10:49:45,-36.2,
20250422,10:49:45,-36.3,
20250422,10:49:46,-36.2,
20250422,10:49:46,-36,
20250422,10:49:46,-35.9,
20250422,10:49:46,-35.7,
20250422,10:49:47,-35.6,
20250422,10:49:47,-35.9,
20250422,10:49:47,-37,
20250422,10:49:48,-38.3,
20250422,10:49:48,-40,
20250422,10:49:48,-41.2,
20250422,10:49:48,-42.3,
20250422,10:49:49,-43.3,
20250422,10:49:49,-44.1,
20250422,10:49:49,-44.8,
20250422,10:49:50,-45.4,
20250422,10:49:50,-45.9,
20250422,10:49:50,-46.2,
20250422,10:49:50,-46.7,
20250422,10:49:51,-46.8,
20250422,10:49:51,-47.1,
20250422,10:49:51,-47.2,
20250422,10:49:51,-47.5,
20250422,10:49:52,-47.7,
20250422,10:49:52,-47.7,
20250422,10:49:52,-47.7,
20250422,10:49:53,-47.7,
20250422,10:49:53,-47.7,
20250422,10:49:53,-47.6,
20250422,10:49:53,-47.5,
20250422,10:49:54,-47.5,
20250422,10:49:54,-47.4,
20250422,10:49:54,-47.5,
20250422,10:49:55,-47.8,
20250422,10:49:55,-48.1,
20250422,10:49:55,-48.5,
20250422,10:49:55,-48.5,
20250422,10:49:56,-48.6,
20250422,10:49:56,-48.8,
20250422,10:49:56,-48.7,
20250422,10:49:56,-48.6,
20250422,10:49:57,-48.5,
20250422,10:49:57,-48.6,
20250422,10:49:57,-48.7,
20250422,10:49:58,-48.8,
20250422,10:49:58,-49,
20250422,10:49:58,-49.2,
20250422,10:49:58,-49.1,
20250422,10:49:59,-49.1,
20250422,10:49:59,-49,
20250422,10:49:59,-48.9,
20250422,10:49:59,-48.8,
20250422,10:50:00,-48.7,
20250422,10:50:00,-48.8,
20250422,10:50:00,-48.7,
20250422,10:50:01,-48.8,
20250422,10:50:01,-48.7,
20250422,10:50:01,-48.7,
20250422,10:50:01,-48.5,
20250422,10:50:02,-48.5,
20250422,10:50:02,-48.3,
20250422,10:50:02,-48.1,
20250422,10:50:03,-47.9,
20250422,10:50:03,-47.8,
20250422,10:50:03,-47.6,
20250422,10:50:03,-47.5,
20250422,10:50:04,-47.2,
20250422,10:50:04,-47,
20250422,10:50:04,-47,
20250422,10:50:04,-47.3,
20250422,10:50:05,-47.8,
20250422,10:50:05,-48.4,
20250422,10:50:05,-48.6,
20250422,10:50:06,-49.1,
20250422,10:50:06,-49.2,
20250422,10:50:06,-49.3,
20250422,10:50:06,-49.3,
20250422,10:50:07,-49.3,
20250422,10:50:07,-49.3,
20250422,10:50:07,-49.4,
20250422,10:50:08,-49.4,
20250422,10:50:08,-49.4,
20250422,10:50:08,-49.4,
20250422,10:50:08,-49.4,
20250422,10:50:09,-49.3,
20250422,10:50:09,-49.2,
20250422,10:50:09,-49.1,
20250422,10:50:09,-48.9,
20250422,10:50:10,-48.9,
20250422,10:50:10,-48.8,
20250422,10:50:10,-48.8,
20250422,10:50:11,-48.8,
20250422,10:50:11,-48.9,
20250422,10:50:11,-48.9,
20250422,10:50:11,-49.1,
20250422,10:50:12,-49.4,
20250422,10:50:12,-50,
20250422,10:50:12,-50.3,
20250422,10:50:12,-50.3,
20250422,10:50:13,-50.3,
20250422,10:50:13,-50,
20250422,10:50:13,-49.6,
20250422,10:50:14,-49.4,
20250422,10:50:14,-49,
20250422,10:50:14,-48.8,
20250422,10:50:14,-48.5,
20250422,10:50:15,-48.4,
20250422,10:50:15,-48.2,
20250422,10:50:15,-48.1,
20250422,10:50:16,-48.1,
20250422,10:50:16,-48.1,
20250422,10:50:16,-48.4,
20250422,10:50:16,-48.6,
20250422,10:50:17,-48.9,
20250422,10:50:17,-49.1,
20250422,10:50:17,-49.4,
20250422,10:50:17,-49.7,
20250422,10:50:18,-49.9,
20250422,10:50:18,-50.1,
20250422,10:50:18,-50.1,
20250422,10:50:19,-50.2,
20250422,10:50:19,-50.2,
20250422,10:50:19,-50.2,
20250422,10:50:19,-50.3,
20250422,10:50:20,-50.3,
20250422,10:50:20,-50.3,
20250422,10:50:20,-50.2,
20250422,10:50:21,-50.1,
20250422,10:50:21,-50.1,
20250422,10:50:21,-50.1,
20250422,10:50:21,-50.1,
20250422,10:50:22,-50,
20250422,10:50:22,-49.9,
20250422,10:50:22,-49.8,
20250422,10:50:22,-49.9,
20250422,10:50:23,-49.8,
20250422,10:50:23,-49.7,
20250422,10:50:23,-49.6,
20250422,10:50:24,-49.5,
20250422,10:50:24,-49.4,
20250422,10:50:24,-49.3,
20250422,10:50:24,-49.3,
20250422,10:50:25,-49.1,
20250422,10:50:25,-49.1,
20250422,10:50:25,-49,
20250422,10:50:26,-49.1,
20250422,10:50:26,-49.1,
20250422,10:50:26,-49.1,
20250422,10:50:26,-49.2,
20250422,10:50:27,-49.1,
20250422,10:50:27,-49,
20250422,10:50:27,-48.8,
20250422,10:50:27,-48.7,
20250422,10:50:28,-48.5,
20250422,10:50:28,-48.4,
20250422,10:50:28,-48.2,
20250422,10:50:29,-48,
20250422,10:50:29,-47.8,
20250422,10:50:29,-47.7,
20250422,10:50:29,-47.5,
20250422,10:50:30,-47.3,
20250422,10:50:30,-47.1,
20250422,10:50:30,-47,
20250422,10:50:31,-46.9,
20250422,10:50:31,-46.9,
20250422,10:50:31,-46.8,
20250422,10:50:31,-46.8,
20250422,10:50:32,-46.8,
20250422,10:50:32,-46.7,
20250422,10:50:32,-46.7,
20250422,10:50:32,-46.7,
20250422,10:50:33,-46.5,
20250422,10:50:33,-46.4,
20250422,10:50:33,-46.5,
20250422,10:50:34,-46.7,
20250422,10:50:34,-47.1,
20250422,10:50:34,-47.5,
20250422,10:50:34,-47.7,
20250422,10:50:35,-47.8,
20250422,10:50:35,-47.8,
20250422,10:50:35,-47.8,
20250422,10:50:36,-47.7,
20250422,10:50:36,-47.7,
20250422,10:50:36,-47.7,
20250422,10:50:36,-47.7,
20250422,10:50:37,-47.6,
20250422,10:50:37,-47.5,
20250422,10:50:37,-47.4,
20250422,10:50:37,-47.4,
20250422,10:50:38,-47.3,
20250422,10:50:38,-47.2,
20250422,10:50:38,-47,
20250422,10:50:39,-47.1,
20250422,10:50:39,-47,
20250422,10:50:39,-46.8,
20250422,10:50:39,-46.9,
20250422,10:50:40,-46.8,
20250422,10:50:40,-46.7,
20250422,10:50:40,-46.7,
20250422,10:50:40,-46.4,
20250422,10:50:41,-46.3,
20250422,10:50:41,-46.1,
20250422,10:50:41,-46,
20250422,10:50:42,-45.9,
20250422,10:50:42,-45.6,
20250422,10:50:42,-45.5,
20250422,10:50:42,-45.3,
20250422,10:50:43,-45.1,
20250422,10:50:43,-45,
20250422,10:50:43,-44.7,
20250422,10:50:44,-44.4,
20250422,10:50:44,-44.3,
20250422,10:50:44,-44.1,
20250422,10:50:44,-43.9,
20250422,10:50:45,-43.7,
20250422,10:50:45,-43.5,
20250422,10:50:45,-43.3,
20250422,10:50:45,-43.2,
20250422,10:50:46,-42.9,
20250422,10:50:46,-42.7,
20250422,10:50:46,-42.6,
20250422,10:50:47,-42.6,
20250422,10:50:47,-42.4,
20250422,10:50:47,-42.2,
20250422,10:50:47,-42.1,
20250422,10:50:48,-41.8,
20250422,10:50:48,-41.8,
20250422,10:50:48,-41.9,
20250422,10:50:49,-42.1,
20250422,10:50:49,-42.2,
20250422,10:50:49,-42.4,
20250422,10:50:49,-42.5,
20250422,10:50:50,-42.6,
20250422,10:50:50,-42.5,
20250422,10:50:50,-42.6,
20250422,10:50:50,-42.5,
20250422,10:50:51,-42.4,
20250422,10:50:51,-42.3,
20250422,10:50:51,-42.1,
20250422,10:50:52,-41.9,
20250422,10:50:52,-41.7,
20250422,10:50:52,-41.7,
20250422,10:50:52,-41.5,
20250422,10:50:53,-41.3,
20250422,10:50:53,-41.1,
20250422,10:50:53,-40.9,
20250422,10:50:53,-40.8,
20250422,10:50:54,-40.6,
20250422,10:50:54,-40.5,
20250422,10:50:54,-40.5,
20250422,10:50:55,-40.5,
20250422,10:50:55,-40.4,
20250422,10:50:55,-40.4,
20250422,10:50:55,-40.3,
20250422,10:50:56,-40.2,
20250422,10:50:56,-40,
20250422,10:50:56,-40,
20250422,10:50:57,-39.9,
20250422,10:50:57,-39.9,
20250422,10:50:57,-39.8,
20250422,10:50:57,-39.8,
20250422,10:50:58,-39.8,
20250422,10:50:58,-39.8,
20250422,10:50:58,-39.6,
20250422,10:50:59,-39.5,
20250422,10:50:59,-39.4,
20250422,10:50:59,-39.2,
20250422,10:50:59,-39.1,
20250422,10:51:00,-39,
20250422,10:51:00,-39,
20250422,10:51:00,-39,
20250422,10:51:00,-39,
20250422,10:51:01,-39.1,
20250422,10:51:01,-39.1,
20250422,10:51:01,-39.1,
20250422,10:51:02,-39.1,
20250422,10:51:02,-39.1,
20250422,10:51:02,-39,
20250422,10:51:02,-38.9,
20250422,10:51:03,-38.8,
20250422,10:51:03,-38.6,
20250422,10:51:03,-38.4,
20250422,10:51:03,-38.3,
20250422,10:51:04,-38.2,
20250422,10:51:04,-38.2,
20250422,10:51:04,-38.2,
20250422,10:51:05,-38.3,
20250422,10:51:05,-38.3,
20250422,10:51:05,-38.6,
20250422,10:51:05,-39.2,
20250422,10:51:06,-40.1,
20250422,10:51:06,-40.9,
20250422,10:51:06,-41.7,
20250422,10:51:07,-42.4,
20250422,10:51:07,-43,
20250422,10:51:07,-43.8,
20250422,10:51:07,-44.4,
20250422,10:51:08,-45,
20250422,10:51:08,-45.3,
20250422,10:51:08,-45.6,
20250422,10:51:08,-45.9,
20250422,10:51:09,-46.1,
20250422,10:51:09,-46.4,
20250422,10:51:09,-46.8,
20250422,10:51:10,-47.2,
20250422,10:51:10,-47.6,
20250422,10:51:10,-48,
20250422,10:51:10,-48.5,
20250422,10:51:11,-48.8,
20250422,10:51:11,-49.2,
20250422,10:51:11,-49.4,
20250422,10:51:12,-49.7,
20250422,10:51:12,-50,
20250422,10:51:12,-50.3,
20250422,10:51:12,-50.5,
20250422,10:51:13,-50.8,
20250422,10:51:13,-51.1,
20250422,10:51:13,-51.3,
20250422,10:51:14,-51.4,
20250422,10:51:14,-51.6,
20250422,10:51:14,-51.5,
20250422,10:51:14,-51.6,
20250422,10:51:15,-51.7,
20250422,10:51:15,-51.6,
20250422,10:51:15,-51.5,
20250422,10:51:15,-51.6,
20250422,10:51:16,-51.5,
20250422,10:51:16,-51.5,
20250422,10:51:16,-51.2,
20250422,10:51:17,-51.1,
20250422,10:51:17,-51.1,
20250422,10:51:17,-50.8,
20250422,10:51:17,-50.7,
20250422,10:51:18,-50.5,
20250422,10:51:18,-50.4,
20250422,10:51:18,-50.3,
20250422,10:51:18,-50,
20250422,10:51:19,-49.8,
20250422,10:51:19,-49.6,
20250422,10:51:19,-49.4,
20250422,10:51:20,-49.2,
20250422,10:51:20,-49,
20250422,10:51:20,-48.6,
20250422,10:51:20,-48.5,
20250422,10:51:21,-48.4,
20250422,10:51:21,-48.3,
20250422,10:51:21,-48.3,
20250422,10:51:21,-48.5,
20250422,10:51:22,-48.6,
20250422,10:51:22,-48.8,
20250422,10:51:22,-48.9,
20250422,10:51:23,-49,
20250422,10:51:23,-48.9,
20250422,10:51:23,-48.9,
20250422,10:51:23,-48.7,
20250422,10:51:24,-48.5,
20250422,10:51:24,-48.4,
20250422,10:51:24,-48.2,
20250422,10:51:25,-48,
20250422,10:51:25,-47.7,
20250422,10:51:25,-47.4,
20250422,10:51:25,-47.1,
20250422,10:51:26,-46.9,
20250422,10:51:26,-46.6,
20250422,10:51:26,-46.3,
20250422,10:51:26,-46.1,
20250422,10:51:27,-45.9,
20250422,10:51:27,-45.6,
20250422,10:51:27,-45.4,
20250422,10:51:28,-45.1,
20250422,10:51:28,-45,
20250422,10:51:28,-44.9,
20250422,10:51:28,-44.7,
20250422,10:51:29,-44.6,
20250422,10:51:29,-44.4,
20250422,10:51:29,-44.3,
20250422,10:51:30,-44.3,
20250422,10:51:30,-44.2,
20250422,10:51:30,-44.1,
20250422,10:51:30,-44.1,
20250422,10:51:31,-44.2,
20250422,10:51:31,-44.3,
20250422,10:51:31,-44.6,
20250422,10:51:31,-44.8,
20250422,10:51:32,-44.9,
20250422,10:51:32,-45.1,
20250422,10:51:32,-45.1,
20250422,10:51:33,-45.1,
20250422,10:51:33,-45.1,
20250422,10:51:33,-45.1,
20250422,10:51:33,-44.9,
20250422,10:51:34,-44.9,
20250422,10:51:34,-44.9,
20250422,10:51:34,-45,
20250422,10:51:34,-45.1,
20250422,10:51:35,-45.2,
20250422,10:51:35,-45.4,
20250422,10:51:35,-45.6,
20250422,10:51:36,-45.7,
20250422,10:51:36,-45.8,
20250422,10:51:36,-45.9,
20250422,10:51:36,-45.9,
20250422,10:51:37,-45.8,
20250422,10:51:37,-45.8,
20250422,10:51:37,-45.7,
20250422,10:51:38,-45.6,
20250422,10:51:38,-45.5,
20250422,10:51:38,-45.4,
20250422,10:51:38,-45.2,
20250422,10:51:39,-45.1,
20250422,10:51:39,-45,
20250422,10:51:39,-44.8,
20250422,10:51:40,-44.6,
20250422,10:51:40,-44.6,
20250422,10:51:40,-44.6,
20250422,10:51:40,-44.6,
20250422,10:51:41,-44.7,
20250422,10:51:41,-44.6,
20250422,10:51:41,-44.5,
20250422,10:51:41,-44.4,
20250422,10:51:42,-44.3,
20250422,10:51:42,-44.3,
20250422,10:51:42,-44.1,
20250422,10:51:43,-44.1,
20250422,10:51:43,-44,
20250422,10:51:43,-43.9,
20250422,10:51:43,-43.7,
20250422,10:51:44,-43.6,
20250422,10:51:44,-43.4,
20250422,10:51:44,-43.4,
20250422,10:51:44,-43.2,
20250422,10:51:45,-43.1,
20250422,10:51:45,-43.2,
20250422,10:51:45,-43.4,
20250422,10:51:46,-43.5,
20250422,10:51:46,-43.8,
20250422,10:51:46,-44.1,
20250422,10:51:46,-44.1,
20250422,10:51:47,-44.3,
20250422,10:51:47,-44.3,
20250422,10:51:47,-44.3,
20250422,10:51:48,-44.3,
20250422,10:51:48,-44.3,
20250422,10:51:48,-44.3,
20250422,10:51:48,-44.5,
20250422,10:51:49,-44.5,
20250422,10:51:49,-44.7,
20250422,10:51:49,-44.7,
20250422,10:51:49,-44.6,
20250422,10:51:50,-44.7,
20250422,10:51:50,-44.7,
20250422,10:51:50,-44.6,
20250422,10:51:51,-44.4,
20250422,10:51:51,-44.3,
20250422,10:51:51,-44.3,
20250422,10:51:51,-44.2,
20250422,10:51:52,-44.1,
20250422,10:51:52,-43.9,
20250422,10:51:52,-43.6,
20250422,10:51:53,-43.6,
20250422,10:51:53,-43.6,
20250422,10:51:53,-43.8,
20250422,10:51:53,-44.2,
20250422,10:51:54,-44.7,
20250422,10:51:54,-45.1,
20250422,10:51:54,-45.5,
20250422,10:51:54,-45.7,
20250422,10:51:55,-46,
20250422,10:51:55,-46.2,
20250422,10:51:55,-46.2,
20250422,10:51:56,-46.2,
20250422,10:51:56,-46.3,
20250422,10:51:56,-46.2,
20250422,10:51:56,-46.2,
20250422,10:51:57,-46.1,
20250422,10:51:57,-46,
20250422,10:51:57,-46,
20250422,10:51:58,-46,
20250422,10:51:58,-45.8,
20250422,10:51:58,-45.7,
20250422,10:51:58,-45.6,
20250422,10:51:59,-45.6,
20250422,10:51:59,-45.7,
20250422,10:51:59,-46,
20250422,10:51:59,-46.1,
20250422,10:52:00,-46.4,
20250422,10:52:00,-46.9,
20250422,10:52:00,-47.6,
20250422,10:52:01,-48.2,
20250422,10:52:01,-49,
20250422,10:52:01,-49.4,
20250422,10:52:01,-50.1,
20250422,10:52:02,-50.4,
20250422,10:52:02,-51,
20250422,10:52:02,-51.3,
20250422,10:52:02,-51.7,
20250422,10:52:03,-52,
20250422,10:52:03,-52.2,
20250422,10:52:03,-52.3,
20250422,10:52:04,-52.5,
20250422,10:52:04,-52.8,
20250422,10:52:04,-52.8,
20250422,10:52:04,-52.9,
20250422,10:52:05,-52.9,
20250422,10:52:05,-52.9,
20250422,10:52:05,-53.3,
20250422,10:52:06,-53.9,
20250422,10:52:06,-54.5,
20250422,10:52:06,-55.2,
20250422,10:52:06,-55.4,
20250422,10:52:07,-55.4,
20250422,10:52:07,-55.3,
20250422,10:52:07,-55.2,
20250422,10:52:07,-55.2,
20250422,10:52:08,-55.3,
20250422,10:52:08,-55.4,
20250422,10:52:08,-55.7,
20250422,10:52:09,-56,
20250422,10:52:09,-56.2,
20250422,10:52:09,-56.5,
20250422,10:52:09,-56.5,
20250422,10:52:10,-56.9,
20250422,10:52:10,-57.1,
20250422,10:52:10,-57.4,
20250422,10:52:11,-57.4,
20250422,10:52:11,-57.6,
20250422,10:52:11,-57.7,
20250422,10:52:11,-57.7,
20250422,10:52:12,-57.7,
20250422,10:52:12,-57.7,
20250422,10:52:12,-57.6,
20250422,10:52:12,-57.5,
20250422,10:52:13,-57.4,
20250422,10:52:13,-57.4,
20250422,10:52:13,-57.2,
20250422,10:52:14,-57.1,
20250422,10:52:14,-57.1,
20250422,10:52:14,-56.9,
20250422,10:52:14,-56.9,
20250422,10:52:15,-57,
20250422,10:52:15,-57.1,
20250422,10:52:15,-57.4,
20250422,10:52:15,-57.6,
20250422,10:52:16,-57.7,
20250422,10:52:16,-57.7,
20250422,10:52:16,-57.7,
20250422,10:52:17,-57.5,
20250422,10:52:17,-57.6,
20250422,10:52:17,-57.5,
20250422,10:52:17,-57.4,
20250422,10:52:18,-57.3,
20250422,10:52:18,-57.3,
20250422,10:52:18,-57.4,
20250422,10:52:19,-57.3,
20250422,10:52:19,-57.4,
20250422,10:52:19,-57.4,
20250422,10:52:19,-57.2,
20250422,10:52:20,-57.2,
20250422,10:52:20,-57.1,
20250422,10:52:20,-56.9,
20250422,10:52:21,-56.8,
20250422,10:52:21,-56.7,
20250422,10:52:21,-56.5,
20250422,10:52:21,-56.2,
20250422,10:52:22,-56,
20250422,10:52:22,-55.9,
20250422,10:52:22,-55.8,
20250422,10:52:22,-55.4,
20250422,10:52:23,-55.3,
20250422,10:52:23,-55.1,
20250422,10:52:23,-55,
20250422,10:52:24,-55,
20250422,10:52:24,-54.8,
20250422,10:52:24,-54.5,
20250422,10:52:24,-54.5,
20250422,10:52:25,-54.4,
20250422,10:52:25,-54.1,
20250422,10:52:25,-54,
20250422,10:52:25,-53.7,
20250422,10:52:26,-53.5,
20250422,10:52:26,-53.2,
20250422,10:52:26,-52.9,
20250422,10:52:27,-52.8,
20250422,10:52:27,-52.6,
20250422,10:52:27,-52.3,
20250422,10:52:27,-52.2,
20250422,10:52:28,-52,
20250422,10:52:28,-52,
20250422,10:52:28,-52.1,
20250422,10:52:29,-52.4,
20250422,10:52:29,-52.8,
20250422,10:52:29,-53.4,
20250422,10:52:29,-53.8,
20250422,10:52:30,-54.3,
20250422,10:52:30,-54.6,
20250422,10:52:30,-54.9,
20250422,10:52:30,-55.1,
20250422,10:52:31,-55.3,
20250422,10:52:31,-55.4,
20250422,10:52:31,-55.5,
20250422,10:52:32,-55.6,
20250422,10:52:32,-55.5,
20250422,10:52:32,-55.6,
20250422,10:52:32,-55.6,
20250422,10:52:33,-55.5,
20250422,10:52:33,-55.5,
20250422,10:52:33,-55.5,
20250422,10:52:34,-55.4,
20250422,10:52:34,-55.4,
20250422,10:52:34,-55.2,
20250422,10:52:34,-55.1,
20250422,10:52:35,-55,
20250422,10:52:35,-54.7,
20250422,10:52:35,-54.6,
20250422,10:52:35,-54.4,
20250422,10:52:36,-54.2,
20250422,10:52:36,-54,
20250422,10:52:36,-53.7,
20250422,10:52:37,-53.6,
20250422,10:52:37,-53.4,
20250422,10:52:37,-53.1,
20250422,10:52:37,-52.9,
20250422,10:52:38,-52.6,
20250422,10:52:38,-52.4,
20250422,10:52:38,-52.1,
20250422,10:52:38,-52,
20250422,10:52:39,-51.8,
20250422,10:52:39,-51.7,
20250422,10:52:39,-51.7,
20250422,10:52:40,-51.6,
20250422,10:52:40,-51.5,
20250422,10:52:40,-51.2,
20250422,10:52:40,-51.1,
20250422,10:52:41,-51,
20250422,10:52:41,-50.8,
20250422,10:52:41,-50.5,
20250422,10:52:42,-50.4,
20250422,10:52:42,-50.2,
20250422,10:52:42,-50,
20250422,10:52:42,-49.7,
20250422,10:52:43,-49.5,
20250422,10:52:43,-49.2,
20250422,10:52:43,-49,
20250422,10:52:43,-48.8,
20250422,10:52:44,-48.5,
20250422,10:52:44,-48.2,
20250422,10:52:44,-48,
20250422,10:52:45,-47.7,
20250422,10:52:45,-47.4,
20250422,10:52:45,-47.2,
20250422,10:52:46,-47,
20250422,10:52:46,-46.8,
20250422,10:52:46,-46.8,
20250422,10:52:46,-46.8,
20250422,10:52:47,-46.8,
20250422,10:52:47,-46.7,
20250422,10:52:47,-46.7,
20250422,10:52:47,-46.6,
20250422,10:52:48,-46.5,
20250422,10:52:48,-46.4,
20250422,10:52:48,-46.2,
20250422,10:52:48,-46,
20250422,10:52:49,-46,
20250422,10:52:49,-45.8,
20250422,10:52:49,-45.6,
20250422,10:52:50,-45.5,
20250422,10:52:50,-45.3,
20250422,10:52:50,-45.4,
20250422,10:52:50,-45.5,
20250422,10:52:51,-45.7,
20250422,10:52:51,-45.9,
20250422,10:52:51,-45.9,
20250422,10:52:52,-46,
20250422,10:52:52,-46,
20250422,10:52:52,-46,
20250422,10:52:52,-46,
20250422,10:52:53,-46,
20250422,10:52:53,-45.8,
20250422,10:52:53,-45.7,
20250422,10:52:53,-45.6,
20250422,10:52:54,-45.5,
20250422,10:52:54,-45.3,
20250422,10:52:54,-45.1,
20250422,10:52:55,-45.1,
20250422,10:52:55,-45,
20250422,10:52:55,-44.8,
20250422,10:52:55,-44.6,
20250422,10:52:56,-44.5,
20250422,10:52:56,-44.3,
20250422,10:52:56,-44.1,
20250422,10:52:56,-43.9,
20250422,10:52:57,-43.8,
20250422,10:52:57,-43.4,
20250422,10:52:57,-43.4,
20250422,10:52:58,-43.2,
20250422,10:52:58,-42.9,
20250422,10:52:58,-42.6,
20250422,10:52:58,-42.5,
20250422,10:52:59,-42.4,
20250422,10:52:59,-42.2,
20250422,10:52:59,-42.1,
20250422,10:53:00,-42.2,
20250422,10:53:00,-42,
20250422,10:53:00,-42.3,
20250422,10:53:00,-42.5,
20250422,10:53:01,-42.5,
20250422,10:53:01,-42.6,
20250422,10:53:01,-42.6,
20250422,10:53:02,-42.6,
20250422,10:53:02,-42.6,
20250422,10:53:02,-42.6,
20250422,10:53:02,-42.6,
20250422,10:53:03,-42.5,
20250422,10:53:03,-42.4,
20250422,10:53:03,-42.5,
20250422,10:53:03,-42.4,
20250422,10:53:04,-42.4,
20250422,10:53:04,-42.4,
20250422,10:53:04,-42.3,
20250422,10:53:05,-42.3,
20250422,10:53:05,-42.1,
20250422,10:53:05,-42.1,
20250422,10:53:05,-41.9,
20250422,10:53:06,-41.8,
20250422,10:53:06,-41.7,
20250422,10:53:06,-41.5,
20250422,10:53:06,-41.4,
20250422,10:53:07,-41.3,
20250422,10:53:07,-41.1,
20250422,10:53:07,-40.9,
20250422,10:53:08,-40.8,
20250422,10:53:08,-40.5,
20250422,10:53:08,-40.5,
20250422,10:53:08,-40.2,
20250422,10:53:09,-40,
20250422,10:53:09,-39.9,
20250422,10:53:09,-39.5,
20250422,10:53:10,-39.4,
20250422,10:53:10,-39.2,
20250422,10:53:10,-39.2,
20250422,10:53:10,-39,
20250422,10:53:11,-38.8,
20250422,10:53:11,-38.4,
20250422,10:53:11,-38.3,
20250422,10:53:11,-38.1,
20250422,10:53:12,-37.9,
20250422,10:53:12,-37.8,
20250422,10:53:12,-37.6,
20250422,10:53:13,-37.5,
20250422,10:53:13,-37.4,
20250422,10:53:13,-37.4,
20250422,10:53:13,-37.4,
20250422,10:53:14,-37.3,
20250422,10:53:14,-37.2,
20250422,10:53:14,-37.2,
20250422,10:53:15,-37.1,
20250422,10:53:15,-37,
20250422,10:53:15,-36.9,
20250422,10:53:15,-36.9,
20250422,10:53:16,-36.7,
20250422,10:53:16,-36.7,
20250422,10:53:16,-36.6,
20250422,10:53:16,-36.6,
20250422,10:53:17,-36.5,
20250422,10:53:17,-36.4,
20250422,10:53:17,-36.3,
20250422,10:53:18,-36.3,
20250422,10:53:18,-36.2,
20250422,10:53:18,-36.2,
20250422,10:53:18,-36.2,
20250422,10:53:19,-36.2,
20250422,10:53:19,-36.2,
20250422,10:53:19,-36.2,
20250422,10:53:20,-36.2,
20250422,10:53:20,-36.1,
20250422,10:53:20,-36.1,
20250422,10:53:20,-36,
20250422,10:53:21,-35.8,
20250422,10:53:21,-35.8,
20250422,10:53:21,-35.7,
20250422,10:53:21,-35.6,
20250422,10:53:22,-35.5,
20250422,10:53:22,-35.4,
20250422,10:53:22,-35.4,
20250422,10:53:23,-35.1,
20250422,10:53:23,-35.1,
20250422,10:53:23,-34.9,
20250422,10:53:23,-34.9,
20250422,10:53:24,-34.9,
20250422,10:53:24,-34.9,
20250422,10:53:24,-35,
20250422,10:53:24,-35.3,
20250422,10:53:25,-35.4,
20250422,10:53:25,-35.6,
20250422,10:53:25,-35.6,
20250422,10:53:26,-35.7,
20250422,10:53:26,-35.7,
20250422,10:53:26,-35.8,
20250422,10:53:26,-35.9,
20250422,10:53:27,-36,
20250422,10:53:27,-36.2,
20250422,10:53:27,-36.6,
20250422,10:53:28,-37,
20250422,10:53:28,-37.5,
20250422,10:53:28,-38.3,
20250422,10:53:28,-39.2,
20250422,10:53:29,-40.3,
20250422,10:53:29,-41.3,
20250422,10:53:29,-42.3,
20250422,10:53:29,-43.1,
20250422,10:53:30,-43.8,
20250422,10:53:30,-44.3,
20250422,10:53:30,-44.9,
20250422,10:53:31,-45.3,
20250422,10:53:31,-45.7,
20250422,10:53:31,-46.1,
20250422,10:53:31,-46.3,
20250422,10:53:32,-46.6,
20250422,10:53:32,-46.8,
20250422,10:53:32,-47.2,
20250422,10:53:33,-47.7,
20250422,10:53:33,-48.2,
20250422,10:53:33,-48.5,
20250422,10:53:33,-48.9,
20250422,10:53:34,-49.3,
20250422,10:53:34,-49.5,
20250422,10:53:34,-49.8,
20250422,10:53:34,-50.1,
20250422,10:53:35,-50.3,
20250422,10:53:35,-50.6,
20250422,10:53:35,-50.8,
20250422,10:53:36,-51.1,
20250422,10:53:36,-51.4,
20250422,10:53:36,-51.5,
20250422,10:53:36,-51.7,
20250422,10:53:37,-51.8,
20250422,10:53:37,-52,
20250422,10:53:37,-52.6,
20250422,10:53:37,-53.1,
20250422,10:53:38,-53.4,
20250422,10:53:38,-53.7,
20250422,10:53:38,-53.9,
20250422,10:53:39,-54,
20250422,10:53:39,-54.3,
20250422,10:53:39,-54.5,
20250422,10:53:39,-54.5,
20250422,10:53:40,-54.5,
20250422,10:53:40,-54.7,
20250422,10:53:40,-54.8,
20250422,10:53:41,-54.8,
20250422,10:53:41,-55.1,
20250422,10:53:41,-55.2,
20250422,10:53:41,-55.3,
20250422,10:53:42,-55.4,
20250422,10:53:42,-55.4,
20250422,10:53:42,-55.4,
20250422,10:53:43,-55.5,
20250422,10:53:43,-55.3,
20250422,10:53:43,-55.4,
20250422,10:53:43,-55.2,
20250422,10:53:44,-55.1,
20250422,10:53:44,-54.9,
20250422,10:53:44,-54.9,
20250422,10:53:44,-54.6,
20250422,10:53:45,-54.5,
20250422,10:53:45,-54.3,
20250422,10:53:45,-54.3,
20250422,10:53:46,-54.1,
20250422,10:53:46,-54,
20250422,10:53:46,-53.9,
20250422,10:53:46,-53.9,
20250422,10:53:47,-53.7,
20250422,10:53:47,-53.6,
20250422,10:53:47,-53.5,
20250422,10:53:47,-53.3,
20250422,10:53:48,-53.1,
20250422,10:53:48,-52.9,
20250422,10:53:48,-52.7,
20250422,10:53:49,-52.4,
20250422,10:53:49,-52.2,
20250422,10:53:49,-51.9,
20250422,10:53:49,-51.6,
20250422,10:53:50,-51.4,
20250422,10:53:50,-51.1,
20250422,10:53:50,-50.9,
20250422,10:53:51,-50.7,
20250422,10:53:51,-50.4,
20250422,10:53:51,-50.2,
20250422,10:53:51,-50,
20250422,10:53:52,-49.8,
20250422,10:53:52,-49.6,
20250422,10:53:52,-49.4,
20250422,10:53:52,-49.4,
20250422,10:53:53,-49.1,
20250422,10:53:53,-48.9,
20250422,10:53:53,-48.6,
20250422,10:53:54,-48.5,
20250422,10:53:54,-48.3,
20250422,10:53:54,-48.1,
20250422,10:53:54,-47.8,
20250422,10:53:55,-47.7,
20250422,10:53:55,-47.5,
20250422,10:53:55,-47.3,
20250422,10:53:56,-47.2,
20250422,10:53:56,-47.1,
20250422,10:53:56,-46.8,
20250422,10:53:56,-46.8,
20250422,10:53:57,-46.6,
20250422,10:53:57,-46.4,
20250422,10:53:57,-46.5,
20250422,10:53:57,-46.7,
20250422,10:53:58,-47,
20250422,10:53:58,-47.4,
20250422,10:53:58,-47.7,
20250422,10:53:59,-47.9,
20250422,10:53:59,-48.1,
20250422,10:53:59,-48.2,
20250422,10:53:59,-48.3,
20250422,10:54:00,-48.4,
20250422,10:54:00,-48.4,
20250422,10:54:00,-48.3,
20250422,10:54:00,-48.2,
20250422,10:54:01,-48.2,
20250422,10:54:01,-48.1,
20250422,10:54:01,-48,
20250422,10:54:02,-48,
20250422,10:54:02,-48.3,
20250422,10:54:02,-48.5,
20250422,10:54:02,-48.8,
20250422,10:54:03,-49.3,
20250422,10:54:03,-49.4,
20250422,10:54:03,-49.6,
20250422,10:54:04,-49.8,
20250422,10:54:04,-50.1,
20250422,10:54:04,-50.1,
20250422,10:54:04,-50.2,
20250422,10:54:05,-50.2,
20250422,10:54:05,-50.3,
20250422,10:54:05,-50.3,
20250422,10:54:05,-50.3,
20250422,10:54:06,-50.4,
20250422,10:54:06,-50.4,
20250422,10:54:06,-50.3,
20250422,10:54:07,-50.3,
20250422,10:54:07,-50.3,
20250422,10:54:07,-50.1,
20250422,10:54:07,-50,
20250422,10:54:08,-49.8,
20250422,10:54:08,-49.6,
20250422,10:54:08,-49.4,
20250422,10:54:09,-49.4,
20250422,10:54:09,-49.2,
20250422,10:54:09,-49,
20250422,10:54:09,-48.9,
20250422,10:54:10,-48.7,
20250422,10:54:10,-48.5,
20250422,10:54:10,-48.3,
20250422,10:54:10,-48,
20250422,10:54:11,-47.8,
20250422,10:54:11,-47.7,
20250422,10:54:11,-47.5,
20250422,10:54:12,-47.3,
20250422,10:54:12,-47.5,
20250422,10:54:12,-47.8,
20250422,10:54:12,-48.1,
20250422,10:54:13,-48.4,
20250422,10:54:13,-48.6,
20250422,10:54:13,-48.8,
20250422,10:54:14,-48.9,
20250422,10:54:14,-49,
20250422,10:54:14,-49,
20250422,10:54:14,-48.9,
20250422,10:54:15,-48.9,
20250422,10:54:15,-48.8,
20250422,10:54:15,-48.7,
20250422,10:54:16,-48.5,
20250422,10:54:16,-48.5,
20250422,10:54:16,-48.4,
20250422,10:54:16,-48.2,
20250422,10:54:17,-48.3,
20250422,10:54:17,-48.4,
20250422,10:54:17,-48.5,
20250422,10:54:17,-48.8,
20250422,10:54:18,-49.1,
20250422,10:54:18,-49.3,
20250422,10:54:18,-49.7,
20250422,10:54:18,-50.3,
20250422,10:54:19,-51,
20250422,10:54:19,-51.5,
20250422,10:54:19,-52,
20250422,10:54:20,-52.3,
20250422,10:54:20,-52.8,
20250422,10:54:20,-53,
20250422,10:54:20,-53.2,
20250422,10:54:21,-53.3,
20250422,10:54:21,-53.6,
20250422,10:54:21,-53.7,
20250422,10:54:22,-53.7,
20250422,10:54:22,-53.7,
20250422,10:54:22,-53.8,
20250422,10:54:22,-54,
20250422,10:54:23,-54.5,
20250422,10:54:23,-54.9,
20250422,10:54:23,-55.4,
20250422,10:54:24,-55.7,
20250422,10:54:24,-56.1,
20250422,10:54:24,-56.2,
20250422,10:54:24,-56.5,
20250422,10:54:25,-56.7,
20250422,10:54:25,-56.8,
20250422,10:54:25,-56.9,
20250422,10:54:25,-57,
20250422,10:54:26,-57.1,
20250422,10:54:26,-57.1,
20250422,10:54:26,-57.2,
20250422,10:54:27,-57.2,
20250422,10:54:27,-57.3,
20250422,10:54:27,-57.3,
20250422,10:54:27,-57.3,
20250422,10:54:28,-57.2,
20250422,10:54:28,-57.2,
20250422,10:54:28,-57.1,
20250422,10:54:28,-57,
20250422,10:54:29,-56.8,
20250422,10:54:29,-56.8,
20250422,10:54:29,-56.9,
20250422,10:54:30,-57.1,
20250422,10:54:30,-57.4,
20250422,10:54:30,-57.7,
20250422,10:54:30,-58,
20250422,10:54:31,-58.1,
20250422,10:54:31,-58.2,
20250422,10:54:31,-58.3,
20250422,10:54:32,-58.3,
20250422,10:54:32,-58.3,
20250422,10:54:32,-58.2,
20250422,10:54:32,-58.3,
20250422,10:54:33,-58.2,
20250422,10:54:33,-58,
20250422,10:54:33,-57.9,
20250422,10:54:33,-57.8,
20250422,10:54:34,-57.6,
20250422,10:54:34,-57.4,
20250422,10:54:34,-57.2,
20250422,10:54:35,-57,
20250422,10:54:35,-56.9,
20250422,10:54:35,-56.6,
20250422,10:54:35,-56.4,
20250422,10:54:36,-56.2,
20250422,10:54:36,-56.2,
20250422,10:54:36,-56.5,
20250422,10:54:37,-56.8,
20250422,10:54:37,-57.2,
20250422,10:54:37,-57.6,
20250422,10:54:37,-57.9,
20250422,10:54:38,-58,
20250422,10:54:38,-58,
20250422,10:54:38,-58.2,
20250422,10:54:39,-58.2,
20250422,10:54:39,-58.2,
20250422,10:54:39,-58.2,
20250422,10:54:39,-58.1,
20250422,10:54:40,-58.1,
20250422,10:54:40,-57.9,
20250422,10:54:40,-57.8,
20250422,10:54:40,-57.7,
20250422,10:54:41,-57.8,
20250422,10:54:41,-57.9,
20250422,10:54:41,-58.1,
20250422,10:54:41,-58.5,
20250422,10:54:42,-58.8,
20250422,10:54:42,-59,
20250422,10:54:42,-59.3,
20250422,10:54:43,-59.5,
20250422,10:54:43,-59.6,
20250422,10:54:43,-59.6,
20250422,10:54:43,-59.6,
20250422,10:54:44,-59.6,
20250422,10:54:44,-59.5,
20250422,10:54:44,-59.5,
20250422,10:54:45,-59.5,
20250422,10:54:45,-59.6,
20250422,10:54:45,-59.6,
20250422,10:54:45,-59.6,
20250422,10:54:46,-59.7,
20250422,10:54:46,-59.7,
20250422,10:54:46,-59.8,
20250422,10:54:46,-59.7,
20250422,10:54:47,-59.7,
20250422,10:54:47,-59.7,
20250422,10:54:47,-59.6,
20250422,10:54:48,-59.6,
20250422,10:54:48,-59.6,
20250422,10:54:48,-59.3,
20250422,10:54:48,-59.2,
20250422,10:54:49,-59.2,
20250422,10:54:49,-59,
20250422,10:54:49,-58.8,
20250422,10:54:50,-58.6,
20250422,10:54:50,-58.5,
20250422,10:54:50,-58.3,
20250422,10:54:50,-58,
20250422,10:54:51,-57.9,
20250422,10:54:51,-57.8,
20250422,10:54:51,-57.5,
20250422,10:54:51,-57.3,
20250422,10:54:52,-57.1,
20250422,10:54:52,-56.9,
20250422,10:54:52,-56.6,
20250422,10:54:53,-56.3,
20250422,10:54:53,-56.1,
20250422,10:54:53,-55.9,
20250422,10:54:53,-55.6,
20250422,10:54:54,-55.3,
20250422,10:54:54,-55.1,
20250422,10:54:54,-54.8,
20250422,10:54:55,-54.5,
20250422,10:54:55,-54.3,
20250422,10:54:55,-53.9,
20250422,10:54:55,-53.7,
20250422,10:54:56,-53.3,
20250422,10:54:56,-53,
20250422,10:54:56,-52.7,
20250422,10:54:57,-52.4,
20250422,10:54:57,-52,
20250422,10:54:57,-51.8,
20250422,10:54:57,-51.4,
20250422,10:54:58,-51.1,
20250422,10:54:58,-50.9,
20250422,10:54:58,-50.5,
20250422,10:54:58,-50.2,
20250422,10:54:59,-49.8,
20250422,10:54:59,-49.5,
20250422,10:54:59,-49.2,
20250422,10:55:00,-48.8,
20250422,10:55:00,-48.5,
20250422,10:55:00,-48.2,
20250422,10:55:00,-47.8,
20250422,10:55:01,-47.6,
20250422,10:55:01,-47.1,
20250422,10:55:01,-46.8,
20250422,10:55:01,-46.6,
20250422,10:55:02,-46.3,
20250422,10:55:02,-46,
20250422,10:55:02,-45.7,
20250422,10:55:03,-45.2,
20250422,10:55:03,-45.1,
20250422,10:55:03,-44.7,
20250422,10:55:03,-44.4,
20250422,10:55:04,-44.3,
20250422,10:55:04,-44,
20250422,10:55:04,-43.8,
20250422,10:55:05,-43.6,
20250422,10:55:05,-43.4,
20250422,10:55:05,-43.3,
20250422,10:55:05,-43,
20250422,10:55:06,-42.9,
20250422,10:55:06,-42.7,
20250422,10:55:06,-42.6,
20250422,10:55:06,-42.4,
20250422,10:55:07,-42.1,
20250422,10:55:07,-41.9,
20250422,10:55:07,-41.7,
20250422,10:55:08,-41.4,
20250422,10:55:08,-41.3,
20250422,10:55:08,-41,
20250422,10:55:08,-40.9,
20250422,10:55:09,-40.7,
20250422,10:55:09,-40.4,
20250422,10:55:09,-40.2,
20250422,10:55:09,-40,
20250422,10:55:10,-39.7,
20250422,10:55:10,-39.6,
20250422,10:55:10,-39.4,
20250422,10:55:11,-39.2,
20250422,10:55:11,-39,
20250422,10:55:11,-38.8,
20250422,10:55:11,-38.5,
20250422,10:55:12,-38.4,
20250422,10:55:12,-38.2,
20250422,10:55:12,-38,
20250422,10:55:13,-37.8,
20250422,10:55:13,-37.7,
20250422,10:55:13,-37.6,
20250422,10:55:13,-37.5,
20250422,10:55:14,-37.4,
20250422,10:55:14,-37.4,
20250422,10:55:14,-37.4,
20250422,10:55:14,-37.5,
20250422,10:55:15,-37.6,
20250422,10:55:15,-37.6,
20250422,10:55:15,-37.7,
20250422,10:55:16,-37.7,
20250422,10:55:16,-37.7,
20250422,10:55:16,-37.8,
20250422,10:55:16,-37.7,
20250422,10:55:17,-37.7,
20250422,10:55:17,-37.7,
20250422,10:55:17,-37.5,
20250422,10:55:18,-37.4,
20250422,10:55:18,-37.4,
20250422,10:55:18,-37.4,
20250422,10:55:18,-37.3,
20250422,10:55:19,-37.2,
20250422,10:55:19,-37.3,
20250422,10:55:19,-37.2,
20250422,10:55:19,-37.2,
20250422,10:55:20,-37.1,
20250422,10:55:20,-37.1,
20250422,10:55:20,-37.1,
20250422,10:55:21,-37,
20250422,10:55:21,-37,
20250422,10:55:21,-36.9,
20250422,10:55:21,-36.8,
20250422,10:55:22,-36.6,
20250422,10:55:22,-36.6,
20250422,10:55:22,-36.5,
20250422,10:55:22,-36.4,
20250422,10:55:23,-36.2,
20250422,10:55:23,-36.1,
20250422,10:55:23,-35.9,
20250422,10:55:24,-35.8,
20250422,10:55:24,-35.7,
20250422,10:55:24,-35.6,
20250422,10:55:24,-35.5,
20250422,10:55:25,-35.3,
20250422,10:55:25,-35.1,
20250422,10:55:25,-35,
20250422,10:55:26,-34.9,
20250422,10:55:26,-34.8,
20250422,10:55:26,-34.6,
20250422,10:55:26,-34.5,
20250422,10:55:27,-34.3,
20250422,10:55:27,-34.2,
20250422,10:55:27,-34,
20250422,10:55:27,-34,
20250422,10:55:28,-33.9,
20250422,10:55:28,-33.8,
20250422,10:55:28,-33.8,
20250422,10:55:29,-33.8,
20250422,10:55:29,-33.9,
20250422,10:55:29,-33.8,
20250422,10:55:29,-33.9,
20250422,10:55:30,-34,
20250422,10:55:30,-34,
20250422,10:55:30,-34.1,
20250422,10:55:31,-34.1,
20250422,10:55:31,-34.2,
20250422,10:55:31,-34.3,
20250422,10:55:31,-34.4,
20250422,10:55:32,-34.5,
20250422,10:55:32,-34.7,
20250422,10:55:32,-34.8,
20250422,10:55:32,-34.9,
20250422,10:55:33,-34.9,
20250422,10:55:33,-35,
20250422,10:55:33,-35,
20250422,10:55:34,-35,
20250422,10:55:34,-35,
20250422,10:55:34,-35,
20250422,10:55:34,-35,
20250422,10:55:35,-35,
20250422,10:55:35,-35,
20250422,10:55:35,-35.2,
20250422,10:55:36,-35.4,
20250422,10:55:36,-35.5,
20250422,10:55:36,-35.7,
20250422,10:55:36,-35.9,
20250422,10:55:37,-36,
20250422,10:55:37,-36.1,
20250422,10:55:37,-36.3,
20250422,10:55:37,-36.5,
20250422,10:55:38,-36.6,
20250422,10:55:38,-36.8,
20250422,10:55:38,-37.1,
20250422,10:55:39,-37.4,
20250422,10:55:39,-37.7,
20250422,10:55:39,-38,
20250422,10:55:39,-38.3,
20250422,10:55:40,-38.6,
20250422,10:55:40,-38.9,
20250422,10:55:40,-39.2,
20250422,10:55:40,-39.7,
20250422,10:55:41,-40,
20250422,10:55:41,-40.3,
20250422,10:55:41,-40.7,
20250422,10:55:42,-40.9,
20250422,10:55:42,-41.2,
20250422,10:55:42,-41.5,
20250422,10:55:42,-41.7,
20250422,10:55:43,-42.1,
20250422,10:55:43,-42.6,
20250422,10:55:43,-43,
20250422,10:55:44,-43.4,
20250422,10:55:44,-43.7,
20250422,10:55:44,-44,
20250422,10:55:44,-44.3,
20250422,10:55:45,-44.7,
20250422,10:55:45,-45.3,
20250422,10:55:45,-46,
20250422,10:55:46,-46.4,
20250422,10:55:46,-46.9,
20250422,10:55:46,-47.4,
20250422,10:55:46,-47.9,
20250422,10:55:47,-48.3,
20250422,10:55:47,-48.6,
20250422,10:55:47,-49.1,
20250422,10:55:47,-49.4,
20250422,10:55:48,-49.7,
20250422,10:55:48,-50.1,
20250422,10:55:48,-50.3,
20250422,10:55:49,-50.5,
20250422,10:55:49,-50.8,
20250422,10:55:49,-51,
20250422,10:55:49,-51.2,
20250422,10:55:50,-51.3,
20250422,10:55:50,-51.5,
20250422,10:55:50,-51.7,
20250422,10:55:51,-52,
20250422,10:55:51,-52.3,
20250422,10:55:51,-52.8,
20250422,10:55:51,-53.2,
20250422,10:55:52,-53.7,
20250422,10:55:52,-53.9,
20250422,10:55:52,-54.3,
20250422,10:55:52,-54.4,
20250422,10:55:53,-54.5,
20250422,10:55:53,-54.7,
20250422,10:55:53,-55.3,
20250422,10:55:54,-55.7,
20250422,10:55:54,-56.2,
20250422,10:55:54,-56.3,
20250422,10:55:54,-56.4,
20250422,10:55:55,-56.5,
20250422,10:55:55,-56.6,
20250422,10:55:55,-56.8,
20250422,10:55:55,-57,
20250422,10:55:56,-57.2,
20250422,10:55:56,-57.4,
20250422,10:55:56,-57.7,
20250422,10:55:57,-57.9,
20250422,10:55:57,-58,
20250422,10:55:57,-58.2,
20250422,10:55:57,-58.4,
20250422,10:55:58,-58.5,
20250422,10:55:58,-58.5,
20250422,10:55:58,-58.6,
20250422,10:55:59,-58.6,
20250422,10:55:59,-58.5,
20250422,10:55:59,-58.5,
20250422,10:55:59,-58.4,
20250422,10:56:00,-58.3,
20250422,10:56:00,-58.3,
20250422,10:56:00,-58.1,
20250422,10:56:01,-58,
20250422,10:56:01,-57.9,
20250422,10:56:01,-57.9,
20250422,10:56:01,-57.6,
20250422,10:56:02,-57.5,
20250422,10:56:02,-57.3,
20250422,10:56:02,-57.1,
20250422,10:56:02,-57.1,
20250422,10:56:03,-56.9,
20250422,10:56:03,-56.8,
20250422,10:56:03,-56.5,
20250422,10:56:04,-56.3,
20250422,10:56:04,-56.1,
20250422,10:56:04,-55.9,
20250422,10:56:04,-55.7,
20250422,10:56:05,-55.5,
20250422,10:56:05,-55.4,
20250422,10:56:05,-55.3,
20250422,10:56:05,-55.1,
20250422,10:56:06,-55,
20250422,10:56:06,-54.9,
20250422,10:56:06,-54.7,
20250422,10:56:07,-54.5,
20250422,10:56:07,-54.4,
20250422,10:56:07,-54.1,
20250422,10:56:07,-54.1,
20250422,10:56:08,-54.1,
20250422,10:56:08,-54.3,
20250422,10:56:08,-54.4,
20250422,10:56:09,-54.5,
20250422,10:56:09,-54.5,
20250422,10:56:09,-54.5,
20250422,10:56:09,-54.2,
20250422,10:56:10,-53.9,
20250422,10:56:10,-53.7,
20250422,10:56:10,-53.7,
20250422,10:56:10,-53.9,
20250422,10:56:11,-54.4,
20250422,10:56:11,-55,
20250422,10:56:11,-55.5,
20250422,10:56:12,-56.1,
20250422,10:56:12,-56.4,
20250422,10:56:12,-56.8,
20250422,10:56:12,-56.9,
20250422,10:56:13,-57,
20250422,10:56:13,-57,
20250422,10:56:13,-57.1,
20250422,10:56:13,-57.3,
20250422,10:56:14,-57.4,
20250422,10:56:14,-57.6,
20250422,10:56:14,-57.8,
20250422,10:56:15,-57.9,
20250422,10:56:15,-58.1,
20250422,10:56:15,-58.3,
20250422,10:56:15,-58.5,
20250422,10:56:16,-58.7,
20250422,10:56:16,-59,
20250422,10:56:16,-59.3,
20250422,10:56:17,-59.5,
20250422,10:56:17,-59.6,
20250422,10:56:17,-59.7,
20250422,10:56:17,-59.8,
20250422,10:56:18,-60,
20250422,10:56:18,-60,
20250422,10:56:18,-60.1,
20250422,10:56:18,-60.1,
20250422,10:56:19,-60.1,
20250422,10:56:19,-60.1,
20250422,10:56:19,-60.1,
20250422,10:56:20,-60.2,
20250422,10:56:20,-60.4,
20250422,10:56:20,-60.4,
20250422,10:56:20,-60.5,
20250422,10:56:21,-60.5,
20250422,10:56:21,-60.5,
20250422,10:56:21,-60.5,
20250422,10:56:21,-60.6,
20250422,10:56:22,-60.7,
20250422,10:56:22,-60.8,
20250422,10:56:22,-60.8,
20250422,10:56:23,-60.9,
20250422,10:56:23,-60.8,
20250422,10:56:23,-60.9,
20250422,10:56:23,-61,
20250422,10:56:24,-61.1,
20250422,10:56:24,-61.1,
20250422,10:56:24,-61.1,
20250422,10:56:25,-61,
20250422,10:56:25,-60.9,
20250422,10:56:25,-60.9,
20250422,10:56:25,-60.7,
20250422,10:56:26,-60.7,
20250422,10:56:26,-60.5,
20250422,10:56:26,-60.3,
20250422,10:56:27,-60.2,
20250422,10:56:27,-60,
20250422,10:56:27,-59.8,
20250422,10:56:27,-59.6,
20250422,10:56:28,-59.5,
20250422,10:56:28,-59.4,
20250422,10:56:28,-59.3,
20250422,10:56:29,-59.1,
20250422,10:56:29,-58.9,
20250422,10:56:29,-58.8,
20250422,10:56:29,-58.6,
20250422,10:56:30,-58.4,
20250422,10:56:30,-58.2,
20250422,10:56:30,-58.2,
20250422,10:56:30,-58.2,
20250422,10:56:31,-58.3,
20250422,10:56:31,-58.5,
20250422,10:56:31,-58.6,
20250422,10:56:31,-58.7,
20250422,10:56:32,-58.8,
20250422,10:56:32,-58.8,
20250422,10:56:32,-58.8,
20250422,10:56:33,-58.6,
20250422,10:56:33,-58.6,
20250422,10:56:33,-58.5,
20250422,10:56:33,-58.4,
20250422,10:56:34,-58.3,
20250422,10:56:34,-58,
20250422,10:56:34,-57.9,
20250422,10:56:34,-57.9,
20250422,10:56:35,-57.8,
20250422,10:56:35,-57.6,
20250422,10:56:35,-57.5,
20250422,10:56:36,-57.4,
20250422,10:56:36,-57.3,
20250422,10:56:36,-57.1,
20250422,10:56:36,-56.9,
20250422,10:56:37,-56.8,
20250422,10:56:37,-56.5,
20250422,10:56:37,-56.3,
20250422,10:56:38,-56.2,
20250422,10:56:38,-55.9,
20250422,10:56:38,-55.7,
20250422,10:56:38,-55.4,
20250422,10:56:39,-55.1,
20250422,10:56:39,-54.9,
20250422,10:56:39,-54.6,
20250422,10:56:40,-54.4,
20250422,10:56:40,-54.2,
20250422,10:56:40,-54.1,
20250422,10:56:40,-54,
20250422,10:56:41,-53.9,
20250422,10:56:41,-53.9,
20250422,10:56:41,-53.8,
20250422,10:56:41,-53.8,
20250422,10:56:42,-53.7,
20250422,10:56:42,-53.7,
20250422,10:56:42,-53.7,
20250422,10:56:43,-53.7,
20250422,10:56:43,-53.6,
20250422,10:56:43,-53.5,
20250422,10:56:43,-53.4,
20250422,10:56:44,-53.4,
20250422,10:56:44,-53.3,
20250422,10:56:44,-53.4,
20250422,10:56:44,-53.5,
20250422,10:56:45,-53.6,
20250422,10:56:45,-53.7,
20250422,10:56:45,-53.7,
20250422,10:56:46,-53.7,
20250422,10:56:46,-53.7,
20250422,10:56:46,-53.7,
20250422,10:56:46,-53.7,
20250422,10:56:47,-53.8,
20250422,10:56:47,-53.9,
20250422,10:56:47,-53.8,
20250422,10:56:48,-53.8,
20250422,10:56:48,-53.8,
20250422,10:56:48,-53.9,
20250422,10:56:48,-53.8,
20250422,10:56:49,-54,
20250422,10:56:49,-54,
20250422,10:56:49,-54,
20250422,10:56:49,-54.1,
20250422,10:56:50,-54.2,
20250422,10:56:50,-54.3,
20250422,10:56:50,-54.5,
20250422,10:56:51,-54.5,
20250422,10:56:51,-54.6,
20250422,10:56:51,-54.6,
20250422,10:56:51,-54.9,
20250422,10:56:52,-55.1,
20250422,10:56:52,-55.4,
20250422,10:56:52,-55.6,
20250422,10:56:53,-55.7,
20250422,10:56:53,-55.9,
20250422,10:56:53,-56,
20250422,10:56:53,-56.2,
20250422,10:56:54,-56.3,
20250422,10:56:54,-56.5,
20250422,10:56:54,-56.5,
20250422,10:56:54,-56.7,
20250422,10:56:55,-57,
20250422,10:56:55,-57.1,
20250422,10:56:55,-57.2,
20250422,10:56:56,-57.4,
20250422,10:56:56,-57.5,
20250422,10:56:56,-57.6,
20250422,10:56:56,-57.6,
20250422,10:56:57,-57.8,
20250422,10:56:57,-57.9,
20250422,10:56:57,-57.9,
20250422,10:56:58,-57.9,
20250422,10:56:58,-58,
20250422,10:56:58,-58,
20250422,10:56:58,-58,
20250422,10:56:59,-58,
20250422,10:56:59,-57.9,
20250422,10:56:59,-57.9,
20250422,10:56:59,-57.9,
20250422,10:57:00,-57.8,
20250422,10:57:00,-57.7,
20250422,10:57:00,-57.6,
20250422,10:57:01,-57.7,
20250422,10:57:01,-57.8,
20250422,10:57:01,-58.1,
20250422,10:57:01,-58.4,
20250422,10:57:02,-58.6,
20250422,10:57:02,-58.8,
20250422,10:57:02,-58.9,
20250422,10:57:02,-58.9,
20250422,10:57:03,-59,
20250422,10:57:03,-59.3,
20250422,10:57:03,-59.6,
20250422,10:57:04,-59.8,
20250422,10:57:04,-59.6,
20250422,10:57:04,-58.9,
20250422,10:57:04,-58.3,
20250422,10:57:05,-57.6,
20250422,10:57:05,-56.8,
20250422,10:57:05,-56.1,
20250422,10:57:06,-55.4,
20250422,10:57:06,-55,
20250422,10:57:06,-54.6,
20250422,10:57:06,-54.5,
20250422,10:57:07,-54.5,
20250422,10:57:07,-54.5,
20250422,10:57:07,-54.8,
20250422,10:57:08,-55.4,
20250422,10:57:08,-55.8,
20250422,10:57:08,-56.4,
20250422,10:57:08,-57,
20250422,10:57:09,-57.5,
20250422,10:57:09,-58.1,
20250422,10:57:09,-58.7,
20250422,10:57:09,-59.1,
20250422,10:57:10,-59.6,
20250422,10:57:10,-60,
20250422,10:57:10,-60.5,
20250422,10:57:11,-60.9,
20250422,10:57:11,-61.4,
20250422,10:57:11,-62,
20250422,10:57:11,-62.3,
20250422,10:57:12,-62.6,
20250422,10:57:12,-62.7,
20250422,10:57:12,-62.7,
20250422,10:57:12,-62.6,
20250422,10:57:13,-62.7,
20250422,10:57:13,-62.6,
20250422,10:57:13,-62.7,
20250422,10:57:14,-62.8,
20250422,10:57:14,-62.8,
20250422,10:57:14,-62.9,
20250422,10:57:14,-63,
20250422,10:57:15,-63.1,
20250422,10:57:15,-63.2,
20250422,10:57:15,-63.3,
20250422,10:57:16,-63.4,
20250422,10:57:16,-63.4,
20250422,10:57:16,-63.4,
20250422,10:57:16,-63.3,
20250422,10:57:17,-63.3,
20250422,10:57:17,-63.2,
20250422,10:57:17,-63.1,
20250422,10:57:17,-63.1,
20250422,10:57:18,-63.1,
20250422,10:57:18,-63.1,
20250422,10:57:18,-63.1,
20250422,10:57:19,-63,
20250422,10:57:19,-62.7,
20250422,10:57:19,-62.3,
20250422,10:57:19,-61.9,
20250422,10:57:20,-61.3,
20250422,10:57:20,-60.5,
20250422,10:57:20,-59.8,
20250422,10:57:21,-59.2,
20250422,10:57:21,-58.8,
20250422,10:57:21,-58.5,
20250422,10:57:21,-58.3,
20250422,10:57:22,-58.3,
20250422,10:57:22,-58.3,
20250422,10:57:22,-58.6,
20250422,10:57:22,-58.8,
20250422,10:57:23,-58.9,
20250422,10:57:23,-59,
20250422,10:57:23,-59.3,
20250422,10:57:24,-59.5,
20250422,10:57:24,-59.6,
20250422,10:57:24,-59.9,
20250422,10:57:24,-60.2,
20250422,10:57:25,-60.4,
20250422,10:57:25,-60.5,
20250422,10:57:25,-60.6,
20250422,10:57:25,-60.7,
20250422,10:57:26,-60.8,
20250422,10:57:26,-60.8,
20250422,10:57:26,-60.8,
20250422,10:57:27,-60.7,
20250422,10:57:27,-60.7,
20250422,10:57:27,-60.8,
20250422,10:57:27,-60.8,
20250422,10:57:28,-60.7,
20250422,10:57:28,-60.7,
20250422,10:57:28,-60.7,
20250422,10:57:29,-60.7,
20250422,10:57:29,-60.6,
20250422,10:57:29,-60.6,
20250422,10:57:29,-60.5,
20250422,10:57:30,-60.6,
20250422,10:57:30,-60.7,
20250422,10:57:30,-60.9,
20250422,10:57:30,-61.1,
20250422,10:57:31,-61.1,
20250422,10:57:31,-61.1,
20250422,10:57:31,-61,
20250422,10:57:32,-60.8,
20250422,10:57:32,-60.8,
20250422,10:57:32,-60.7,
20250422,10:57:32,-60.6,
20250422,10:57:33,-60.6,
20250422,10:57:33,-60.5,
20250422,10:57:33,-60.4,
20250422,10:57:34,-60.3,
20250422,10:57:34,-60.2,
20250422,10:57:34,-59.9,
20250422,10:57:34,-59.6,
20250422,10:57:35,-59.5,
20250422,10:57:35,-59.3,
20250422,10:57:35,-59.1,
20250422,10:57:35,-59.1,
20250422,10:57:36,-59,
20250422,10:57:36,-59,
20250422,10:57:36,-59,
20250422,10:57:37,-59,
20250422,10:57:37,-59,
20250422,10:57:37,-59.1,
20250422,10:57:37,-59.2,
20250422,10:57:38,-59.3,
20250422,10:57:38,-59.4,
20250422,10:57:38,-59.5,
20250422,10:57:39,-59.5,
20250422,10:57:39,-59.4,
20250422,10:57:39,-59.4,
20250422,10:57:39,-59.4,
20250422,10:57:40,-59.3,
20250422,10:57:40,-59.3,
20250422,10:57:40,-59.3,
20250422,10:57:40,-59.2,
20250422,10:57:41,-59.2,
20250422,10:57:41,-59.1,
20250422,10:57:41,-59.1,
20250422,10:57:42,-59,
20250422,10:57:42,-59.1,
20250422,10:57:42,-59.2,
20250422,10:57:42,-59.3,
20250422,10:57:43,-59.5,
20250422,10:57:43,-59.7,
20250422,10:57:43,-59.8,
20250422,10:57:43,-59.8,
20250422,10:57:44,-59.7,
20250422,10:57:44,-59.6,
20250422,10:57:44,-59.6,
20250422,10:57:45,-59.5,
20250422,10:57:45,-59.4,
20250422,10:57:45,-59.4,
20250422,10:57:45,-59.3,
20250422,10:57:46,-59.3,
20250422,10:57:46,-59.3,
20250422,10:57:46,-59.3,
20250422,10:57:47,-59.2,
20250422,10:57:47,-59.2,
20250422,10:57:47,-59.1,
20250422,10:57:47,-58.9,
20250422,10:57:48,-58.8,
20250422,10:57:48,-58.8,
20250422,10:57:48,-58.7,
20250422,10:57:49,-58.7,
20250422,10:57:49,-58.8,
20250422,10:57:49,-58.8,
20250422,10:57:49,-58.9,
20250422,10:57:50,-58.9,
20250422,10:57:50,-58.9,
20250422,10:57:50,-58.8,
20250422,10:57:50,-58.8,
20250422,10:57:51,-58.7,
20250422,10:57:51,-58.5,
20250422,10:57:51,-58.4,
20250422,10:57:52,-58.3,
20250422,10:57:52,-58.1,
20250422,10:57:52,-57.9,
20250422,10:57:52,-57.9,
20250422,10:57:53,-57.8,
20250422,10:57:53,-57.7,
20250422,10:57:53,-57.7,
20250422,10:57:54,-57.6,
20250422,10:57:54,-57.6,
20250422,10:57:54,-57.5,
20250422,10:57:54,-57.5,
20250422,10:57:55,-57.4,
20250422,10:57:55,-57.2,
20250422,10:57:55,-57.1,
20250422,10:57:55,-57,
20250422,10:57:56,-56.8,
20250422,10:57:56,-56.7,
20250422,10:57:56,-56.5,
20250422,10:57:56,-56.3,
20250422,10:57:57,-56.2,
20250422,10:57:57,-56.1,
20250422,10:57:57,-55.8,
20250422,10:57:58,-55.7,
20250422,10:57:58,-55.5,
20250422,10:57:58,-55.4,
20250422,10:57:58,-55.2,
20250422,10:57:59,-55,
20250422,10:57:59,-55,
20250422,10:57:59,-54.7,
20250422,10:58:00,-54.6,
20250422,10:58:00,-54.5,
20250422,10:58:00,-54.5,
20250422,10:58:00,-54.2,
20250422,10:58:01,-54,
20250422,10:58:01,-53.9,
20250422,10:58:01,-54,
20250422,10:58:02,-54.4,
20250422,10:58:02,-54.9,
20250422,10:58:02,-55.4,
20250422,10:58:02,-55.7,
20250422,10:58:03,-55.8,
20250422,10:58:03,-55.8,
20250422,10:58:03,-55.7,
20250422,10:58:04,-55.7,
20250422,10:58:04,-55.6,
20250422,10:58:04,-55.5,
20250422,10:58:04,-55.4,
20250422,10:58:05,-55.4,
20250422,10:58:05,-55.2,
20250422,10:58:05,-55.1,
20250422,10:58:05,-54.8,
20250422,10:58:06,-54.5,
20250422,10:58:06,-54.3,
20250422,10:58:06,-54.1,
20250422,10:58:06,-53.9,
20250422,10:58:07,-53.7,
20250422,10:58:07,-53.6,
20250422,10:58:07,-53.5,
20250422,10:58:08,-53.4,
20250422,10:58:08,-53.2,
20250422,10:58:08,-52.8,
20250422,10:58:08,-52.2,
20250422,10:58:09,-51.9,
20250422,10:58:09,-51.4,
20250422,10:58:09,-51.1,
20250422,10:58:10,-50.8,
20250422,10:58:10,-50.5,
20250422,10:58:10,-50.3,
20250422,10:58:10,-50.3,
20250422,10:58:11,-50.2,
20250422,10:58:11,-50.2,
20250422,10:58:11,-50.3,
20250422,10:58:11,-50.3,
20250422,10:58:12,-50.2,
20250422,10:58:12,-50.1,
20250422,10:58:12,-50.1,
20250422,10:58:13,-49.9,
20250422,10:58:13,-49.7,
20250422,10:58:13,-49.6,
20250422,10:58:13,-49.4,
20250422,10:58:14,-49.4,
20250422,10:58:14,-49.3,
20250422,10:58:14,-49.2,
20250422,10:58:15,-49.1,
20250422,10:58:15,-48.9,
20250422,10:58:15,-48.8,
20250422,10:58:15,-48.6,
20250422,10:58:16,-48.5,
20250422,10:58:16,-48.5,
20250422,10:58:16,-48.4,
20250422,10:58:16,-48.4,
20250422,10:58:17,-48.4,
20250422,10:58:17,-48.4,
20250422,10:58:17,-48.5,
20250422,10:58:18,-48.8,
20250422,10:58:18,-49.3,
20250422,10:58:18,-49.6,
20250422,10:58:18,-49.7,
20250422,10:58:19,-49.7,
20250422,10:58:19,-49.5,
20250422,10:58:19,-49.4,
20250422,10:58:20,-49.3,
20250422,10:58:20,-49.1,
20250422,10:58:20,-48.9,
20250422,10:58:20,-48.6,
20250422,10:58:21,-48.5,
20250422,10:58:21,-48.3,
20250422,10:58:21,-48.1,
20250422,10:58:21,-48,
20250422,10:58:22,-48,
20250422,10:58:22,-48,
20250422,10:58:22,-48.1,
20250422,10:58:23,-48.2,
20250422,10:58:23,-48.2,
20250422,10:58:23,-48.3,
20250422,10:58:23,-48.4,
20250422,10:58:24,-48.4,
20250422,10:58:24,-48.4,
20250422,10:58:24,-48.4,
20250422,10:58:24,-48.5,
20250422,10:58:25,-48.5,
20250422,10:58:25,-48.5,
20250422,10:58:25,-48.5,
20250422,10:58:26,-48.5,
20250422,10:58:26,-48.5,
20250422,10:58:26,-48.5,
20250422,10:58:26,-48.5,
20250422,10:58:27,-48.5,
20250422,10:58:27,-48.5,
20250422,10:58:27,-48.5,
20250422,10:58:28,-48.7,
20250422,10:58:28,-49,
20250422,10:58:28,-49.3,
20250422,10:58:28,-49.5,
20250422,10:58:29,-49.7,
20250422,10:58:29,-49.9,
20250422,10:58:29,-49.9,
20250422,10:58:30,-50,
20250422,10:58:30,-49.9,
20250422,10:58:30,-49.8,
20250422,10:58:30,-49.7,
20250422,10:58:31,-49.6,
20250422,10:58:31,-49.6,
20250422,10:58:31,-49.8,
20250422,10:58:31,-50,
20250422,10:58:32,-50.2,
20250422,10:58:32,-50.2,
20250422,10:58:32,-50.1,
20250422,10:58:33,-49.8,
20250422,10:58:33,-49.7,
20250422,10:58:33,-49.4,
20250422,10:58:33,-49.4,
20250422,10:58:34,-49.2,
20250422,10:58:34,-49.2,
20250422,10:58:34,-49.1,
20250422,10:58:34,-49,
20250422,10:58:35,-49,
20250422,10:58:35,-48.9,
20250422,10:58:35,-48.9,
20250422,10:58:36,-48.8,
20250422,10:58:36,-48.7,
20250422,10:58:36,-48.6,
20250422,10:58:36,-48.5,
20250422,10:58:37,-48.5,
20250422,10:58:37,-48.3,
20250422,10:58:37,-48.2,
20250422,10:58:38,-48,
20250422,10:58:38,-47.9,
20250422,10:58:38,-47.8,
20250422,10:58:38,-47.8,
20250422,10:58:39,-47.8,
20250422,10:58:39,-47.7,
20250422,10:58:39,-47.7,
20250422,10:58:39,-47.7,
20250422,10:58:40,-47.6,
20250422,10:58:40,-47.5,
20250422,10:58:40,-47.4,
20250422,10:58:41,-47.3,
20250422,10:58:41,-47.1,
20250422,10:58:41,-47,
20250422,10:58:41,-47,
20250422,10:58:42,-46.9,
20250422,10:58:42,-46.9,
20250422,10:58:42,-46.8,
20250422,10:58:43,-46.8,
20250422,10:58:43,-46.7,
20250422,10:58:43,-46.6,
20250422,10:58:43,-46.6,
20250422,10:58:44,-46.4,
20250422,10:58:44,-46.3,
20250422,10:58:44,-46.2,
20250422,10:58:44,-46.1,
20250422,10:58:45,-46,
20250422,10:58:45,-45.9,
20250422,10:58:45,-46,
20250422,10:58:46,-46.2,
20250422,10:58:46,-46.7,
20250422,10:58:46,-47.1,
20250422,10:58:46,-47.3,
20250422,10:58:47,-47.5,
20250422,10:58:47,-47.7,
20250422,10:58:47,-47.7,
20250422,10:58:47,-47.6,
20250422,10:58:48,-47.6,
20250422,10:58:48,-47.6,
20250422,10:58:48,-47.5,
20250422,10:58:49,-47.4,
20250422,10:58:49,-47.5,
20250422,10:58:49,-47.6,
20250422,10:58:49,-47.7,
20250422,10:58:50,-47.8,
20250422,10:58:50,-48,
20250422,10:58:50,-48.4,
20250422,10:58:51,-48.7,
20250422,10:58:51,-49,
20250422,10:58:51,-49.3,
20250422,10:58:51,-49.4,
20250422,10:58:52,-49.4,
20250422,10:58:52,-49.4,
20250422,10:58:52,-49.4,
20250422,10:58:52,-49.4,
20250422,10:58:53,-49.4,
20250422,10:58:53,-49.4,
20250422,10:58:53,-49.4,
20250422,10:58:54,-49.4,
20250422,10:58:54,-49.5,
20250422,10:58:54,-49.5,
20250422,10:58:54,-49.6,
20250422,10:58:55,-49.5,
20250422,10:58:55,-49.4,
20250422,10:58:55,-49.4,
20250422,10:58:56,-49.4,
20250422,10:58:56,-49.4,
20250422,10:58:56,-49.3,
20250422,10:58:56,-49.2,
20250422,10:58:57,-49.1,
20250422,10:58:57,-48.9,
20250422,10:58:57,-48.8,
20250422,10:58:57,-48.6,
20250422,10:58:58,-48.5,
20250422,10:58:58,-48.4,
20250422,10:58:58,-48.3,
20250422,10:58:59,-48.1,
20250422,10:58:59,-48,
20250422,10:58:59,-47.9,
20250422,10:58:59,-47.7,
20250422,10:59:00,-47.7,
20250422,10:59:00,-47.5,
20250422,10:59:00,-47.3,
20250422,10:59:01,-47.1,
20250422,10:59:01,-46.8,
20250422,10:59:01,-46.8,
20250422,10:59:01,-46.6,
20250422,10:59:02,-46.4,
20250422,10:59:02,-46.3,
20250422,10:59:02,-46.3,
20250422,10:59:03,-46.3,
20250422,10:59:03,-46.3,
20250422,10:59:03,-46.4,
20250422,10:59:03,-46.3,
20250422,10:59:04,-46.2,
20250422,10:59:04,-46.1,
20250422,10:59:04,-46.1,
20250422,10:59:04,-46,
20250422,10:59:05,-45.9,
20250422,10:59:05,-45.7,
20250422,10:59:05,-45.6,
20250422,10:59:05,-45.5,
20250422,10:59:06,-45.7,
20250422,10:59:06,-45.8,
20250422,10:59:06,-46,
20250422,10:59:07,-46.2,
20250422,10:59:07,-46.4,
20250422,10:59:07,-46.5,
20250422,10:59:07,-46.7,
20250422,10:59:08,-46.7,
20250422,10:59:08,-46.7,
20250422,10:59:08,-46.6,
20250422,10:59:09,-46.6,
20250422,10:59:09,-46.6,
20250422,10:59:09,-46.5,
20250422,10:59:09,-46.5,
20250422,10:59:10,-46.5,
20250422,10:59:10,-46.4,
20250422,10:59:10,-46.5,
20250422,10:59:11,-46.6,
20250422,10:59:11,-46.7,
20250422,10:59:11,-46.8,
20250422,10:59:11,-46.8,
20250422,10:59:12,-46.9,
20250422,10:59:12,-46.9,
20250422,10:59:12,-46.8,
20250422,10:59:12,-46.9,
20250422,10:59:13,-46.8,
20250422,10:59:13,-46.8,
20250422,10:59:13,-46.7,
20250422,10:59:14,-46.5,
20250422,10:59:14,-46.5,
20250422,10:59:14,-46.3,
20250422,10:59:14,-46.1,
20250422,10:59:15,-46,
20250422,10:59:15,-45.9,
20250422,10:59:15,-45.7,
20250422,10:59:15,-45.6,
20250422,10:59:16,-45.5,
20250422,10:59:16,-45.5,
20250422,10:59:16,-45.3,
20250422,10:59:17,-45.2,
20250422,10:59:17,-45.1,
20250422,10:59:17,-45.1,
20250422,10:59:17,-44.9,
20250422,10:59:18,-44.7,
20250422,10:59:18,-44.7,
20250422,10:59:18,-44.5,
20250422,10:59:19,-44.3,
20250422,10:59:19,-44.2,
20250422,10:59:19,-44,
20250422,10:59:19,-43.8,
20250422,10:59:20,-43.6,
20250422,10:59:20,-43.4,
20250422,10:59:20,-43.3,
20250422,10:59:20,-43.1,
20250422,10:59:21,-42.9,
20250422,10:59:21,-42.8,
20250422,10:59:21,-42.6,
20250422,10:59:22,-42.5,
20250422,10:59:22,-42.3,
20250422,10:59:22,-42.1,
20250422,10:59:22,-42,
20250422,10:59:23,-41.9,
20250422,10:59:23,-41.8,
20250422,10:59:23,-41.8,
20250422,10:59:24,-41.8,
20250422,10:59:24,-41.9,
20250422,10:59:24,-41.8,
20250422,10:59:24,-41.8,
20250422,10:59:25,-41.7,
20250422,10:59:25,-41.6,
20250422,10:59:25,-41.5,
20250422,10:59:25,-41.3,
20250422,10:59:26,-41.2,
20250422,10:59:26,-40.9,
20250422,10:59:26,-40.9,
20250422,10:59:27,-40.8,
20250422,10:59:27,-40.7,
20250422,10:59:27,-40.5,
20250422,10:59:27,-40.4,
20250422,10:59:28,-40.4,
20250422,10:59:28,-40.3,
20250422,10:59:28,-40.3,
20250422,10:59:28,-40.6,
20250422,10:59:29,-41.5,
20250422,10:59:29,-42.7,
20250422,10:59:29,-43.9,
20250422,10:59:30,-44.8,
20250422,10:59:30,-45.3,
20250422,10:59:30,-45.6,
20250422,10:59:30,-45.9,
20250422,10:59:31,-46,
20250422,10:59:31,-46.2,
20250422,10:59:31,-46.5,
20250422,10:59:32,-46.7,
20250422,10:59:32,-46.9,
20250422,10:59:32,-47,
20250422,10:59:32,-46.9,
20250422,10:59:33,-47.1,
20250422,10:59:33,-47.2,
20250422,10:59:33,-47.2,
20250422,10:59:33,-47.3,
20250422,10:59:34,-47.3,
20250422,10:59:34,-47.2,
20250422,10:59:34,-47.1,
20250422,10:59:35,-46.9,
20250422,10:59:35,-46.7,
20250422,10:59:35,-46.3,
20250422,10:59:35,-46,
20250422,10:59:36,-45.5,
20250422,10:59:36,-45.1,
20250422,10:59:36,-44.5,
20250422,10:59:37,-44.1,
20250422,10:59:37,-43.6,
20250422,10:59:37,-43.3,
20250422,10:59:37,-42.9,
20250422,10:59:38,-42.4,
20250422,10:59:38,-42.3,
20250422,10:59:38,-41.9,
20250422,10:59:38,-41.6,
20250422,10:59:39,-41.3,
20250422,10:59:39,-40.9,
20250422,10:59:39,-40.7,
20250422,10:59:40,-40.3,
20250422,10:59:40,-40,
20250422,10:59:40,-39.8,
20250422,10:59:40,-39.2,
20250422,10:59:41,-38.9,
20250422,10:59:41,-38.3,
20250422,10:59:41,-37.7,
20250422,10:59:42,-37.3,
20250422,10:59:42,-36.7,
20250422,10:59:42,-36.6,
20250422,10:59:42,-37.2,
20250422,10:59:43,-38.1,
20250422,10:59:43,-39,
20250422,10:59:43,-39.3,
20250422,10:59:44,-39.2,
20250422,10:59:44,-39.1,
20250422,10:59:44,-38.8,
20250422,10:59:44,-38.7,
20250422,10:59:45,-38.5,
20250422,10:59:45,-38.5,
20250422,10:59:45,-38.6,
20250422,10:59:45,-38.6,
20250422,10:59:46,-38.7,
20250422,10:59:46,-38.8,
20250422,10:59:46,-38.9,
20250422,10:59:46,-38.8,
