静息,正性,中性,负性
10:13:16,10:16:05,10:17:21,10:20:31
,,,
CTP266,88:4A:EA:8B:D1:E6,,
,,,
,,,
,,,
,,,
,,,
,,,
20250414,10:06:01,-37.2,
20250414,10:06:01,-37.5,
20250414,10:06:01,-37.6,
20250414,10:06:02,-38.3,
20250414,10:06:02,-37.9,
20250414,10:06:02,-37.5,
20250414,10:06:02,-37.4,
20250414,10:06:03,-37.3,
20250414,10:06:03,-37.3,
20250414,10:06:03,-37.3,
20250414,10:06:04,-37.4,
20250414,10:06:04,-37.8,
20250414,10:06:04,-38,
20250414,10:06:04,-38.1,
20250414,10:06:05,-38.2,
20250414,10:06:05,-38.3,
20250414,10:06:05,-38.4,
20250414,10:06:06,-38.4,
20250414,10:06:06,-38.5,
20250414,10:06:06,-38.6,
20250414,10:06:06,-39,
20250414,10:06:07,-39.4,
20250414,10:06:07,-39.9,
20250414,10:06:07,-40.5,
20250414,10:06:07,-40.8,
20250414,10:06:08,-40.9,
20250414,10:06:08,-40.7,
20250414,10:06:08,-40.3,
20250414,10:06:09,-40.4,
20250414,10:06:09,-40.2,
20250414,10:06:09,-40,
20250414,10:06:09,-40.2,
20250414,10:06:10,-40.5,
20250414,10:06:10,-40.2,
20250414,10:06:10,-40,
20250414,10:06:10,-39.8,
20250414,10:06:11,-39.5,
20250414,10:06:11,-39.4,
20250414,10:06:11,-39.3,
20250414,10:06:12,-39.2,
20250414,10:06:12,-39.2,
20250414,10:06:12,-39.2,
20250414,10:06:12,-39.5,
20250414,10:06:13,-39.9,
20250414,10:06:13,-40,
20250414,10:06:13,-40,
20250414,10:06:14,-39.7,
20250414,10:06:14,-39.9,
20250414,10:06:14,-40,
20250414,10:06:14,-40.2,
20250414,10:06:15,-40,
20250414,10:06:15,-40,
20250414,10:06:15,-39.7,
20250414,10:06:15,-39.2,
20250414,10:06:16,-38.7,
20250414,10:06:16,-38.3,
20250414,10:06:16,-38.2,
20250414,10:06:17,-37.9,
20250414,10:06:17,-37.8,
20250414,10:06:17,-37.8,
20250414,10:06:17,-37.9,
20250414,10:06:18,-37.9,
20250414,10:06:18,-37.9,
20250414,10:06:18,-38,
20250414,10:06:19,-38.3,
20250414,10:06:19,-38.2,
20250414,10:06:19,-38.1,
20250414,10:06:19,-38.1,
20250414,10:06:20,-38.2,
20250414,10:06:20,-38.3,
20250414,10:06:20,-38.5,
20250414,10:06:20,-38.9,
20250414,10:06:21,-39.3,
20250414,10:06:21,-39.9,
20250414,10:06:21,-40,
20250414,10:06:22,-40,
20250414,10:06:22,-40,
20250414,10:06:22,-39.8,
20250414,10:06:22,-39.7,
20250414,10:06:23,-39.6,
20250414,10:06:23,-39.6,
20250414,10:06:23,-39.9,
20250414,10:06:24,-40,
20250414,10:06:24,-40.5,
20250414,10:06:24,-40.7,
20250414,10:06:24,-40.7,
20250414,10:06:25,-40.6,
20250414,10:06:25,-40.5,
20250414,10:06:25,-40.5,
20250414,10:06:25,-40.4,
20250414,10:06:26,-40.1,
20250414,10:06:26,-40.1,
20250414,10:06:26,-40,
20250414,10:06:27,-40,
20250414,10:06:27,-40,
20250414,10:06:27,-40,
20250414,10:06:27,-40,
20250414,10:06:28,-40,
20250414,10:06:28,-40.1,
20250414,10:06:28,-40.2,
20250414,10:06:28,-40.4,
20250414,10:06:29,-40.3,
20250414,10:06:29,-40.4,
20250414,10:06:29,-40.7,
20250414,10:06:30,-40.9,
20250414,10:06:30,-41.4,
20250414,10:06:30,-41.7,
20250414,10:06:30,-41.5,
20250414,10:06:31,-41.7,
20250414,10:06:31,-41.7,
20250414,10:06:31,-41.7,
20250414,10:06:32,-41.6,
20250414,10:06:32,-41.1,
20250414,10:06:32,-40.9,
20250414,10:06:32,-40.9,
20250414,10:06:33,-41.1,
20250414,10:06:33,-41.4,
20250414,10:06:33,-41.6,
20250414,10:06:33,-41.4,
20250414,10:06:34,-41.3,
20250414,10:06:34,-41.5,
20250414,10:06:34,-41.9,
20250414,10:06:35,-42.4,
20250414,10:06:35,-42.5,
20250414,10:06:35,-42.4,
20250414,10:06:35,-42.1,
20250414,10:06:36,-41.8,
20250414,10:06:36,-41.7,
20250414,10:06:36,-41,
20250414,10:06:37,-40.6,
20250414,10:06:37,-39.7,
20250414,10:06:37,-39.2,
20250414,10:06:37,-38.9,
20250414,10:06:38,-39.1,
20250414,10:06:38,-39.2,
20250414,10:06:38,-39.5,
20250414,10:06:38,-39.6,
20250414,10:06:39,-39.5,
20250414,10:06:39,-39.2,
20250414,10:06:39,-38.9,
20250414,10:06:40,-39.3,
20250414,10:06:40,-39.5,
20250414,10:06:40,-39.2,
20250414,10:06:40,-39.1,
20250414,10:06:41,-38.6,
20250414,10:06:41,-38.4,
20250414,10:06:41,-38.3,
20250414,10:06:42,-38.3,
20250414,10:06:42,-38.4,
20250414,10:06:42,-38.4,
20250414,10:06:42,-38.6,
20250414,10:06:43,-38.6,
20250414,10:06:43,-38.4,
20250414,10:06:43,-38.4,
20250414,10:06:43,-38.5,
20250414,10:06:44,-38.5,
20250414,10:06:44,-38.6,
20250414,10:06:44,-38.7,
20250414,10:06:45,-38.7,
20250414,10:06:45,-38.8,
20250414,10:06:45,-38.9,
20250414,10:06:45,-38.8,
20250414,10:06:46,-39,
20250414,10:06:46,-38.9,
20250414,10:06:46,-38.8,
20250414,10:06:46,-38.8,
20250414,10:06:47,-38.9,
20250414,10:06:47,-39,
20250414,10:06:47,-39,
20250414,10:06:48,-39.1,
20250414,10:06:48,-39.2,
20250414,10:06:48,-39.3,
20250414,10:06:48,-39.4,
20250414,10:06:49,-39.5,
20250414,10:06:49,-39.5,
20250414,10:06:49,-39.6,
20250414,10:06:50,-39.7,
20250414,10:06:50,-40,
20250414,10:06:50,-40.2,
20250414,10:06:50,-40.2,
20250414,10:06:51,-40.1,
20250414,10:06:51,-40.2,
20250414,10:06:51,-40.3,
20250414,10:06:51,-40.1,
20250414,10:06:52,-40.1,
20250414,10:06:52,-40,
20250414,10:06:52,-39.9,
20250414,10:06:53,-39.9,
20250414,10:06:53,-40.1,
20250414,10:06:53,-40.6,
20250414,10:06:53,-40.9,
20250414,10:06:54,-41.4,
20250414,10:06:54,-41.6,
20250414,10:06:54,-42,
20250414,10:06:55,-42.1,
20250414,10:06:55,-41.8,
20250414,10:06:55,-41.6,
20250414,10:06:55,-41.2,
20250414,10:06:56,-40.9,
20250414,10:06:56,-40.9,
20250414,10:06:56,-40.7,
20250414,10:06:56,-40.8,
20250414,10:06:57,-41.2,
20250414,10:06:57,-41.5,
20250414,10:06:57,-41.5,
20250414,10:06:58,-41.8,
20250414,10:06:58,-42.2,
20250414,10:06:58,-42.3,
20250414,10:06:58,-42.2,
20250414,10:06:59,-42,
20250414,10:06:59,-41.8,
20250414,10:06:59,-41.8,
20250414,10:06:59,-42.1,
20250414,10:07:00,-42.4,
20250414,10:07:00,-42.6,
20250414,10:07:00,-42.6,
20250414,10:07:01,-42.6,
20250414,10:07:01,-42.2,
20250414,10:07:01,-41.8,
20250414,10:07:01,-41.2,
20250414,10:07:02,-41.2,
20250414,10:07:02,-41,
20250414,10:07:02,-41.3,
20250414,10:07:03,-41.5,
20250414,10:07:03,-41.6,
20250414,10:07:03,-41.5,
20250414,10:07:03,-41.4,
20250414,10:07:04,-41.2,
20250414,10:07:04,-41,
20250414,10:07:04,-40.9,
20250414,10:07:04,-40.8,
20250414,10:07:05,-40.6,
20250414,10:07:05,-40.6,
20250414,10:07:05,-40.6,
20250414,10:07:06,-40.7,
20250414,10:07:06,-40.8,
20250414,10:07:06,-40.9,
20250414,10:07:06,-41.1,
20250414,10:07:07,-41.4,
20250414,10:07:07,-41.7,
20250414,10:07:07,-42,
20250414,10:07:08,-42.4,
20250414,10:07:08,-42.8,
20250414,10:07:08,-42.8,
20250414,10:07:08,-42.8,
20250414,10:07:09,-42.8,
20250414,10:07:09,-42.6,
20250414,10:07:09,-42.6,
20250414,10:07:09,-42.6,
20250414,10:07:10,-42.7,
20250414,10:07:10,-43,
20250414,10:07:10,-43.4,
20250414,10:07:11,-43.4,
20250414,10:07:11,-43.4,
20250414,10:07:11,-43.3,
20250414,10:07:11,-43.1,
20250414,10:07:12,-43,
20250414,10:07:12,-42.9,
20250414,10:07:12,-42.8,
20250414,10:07:13,-42.6,
20250414,10:07:13,-42,
20250414,10:07:13,-41.7,
20250414,10:07:13,-41.4,
20250414,10:07:14,-41.2,
20250414,10:07:14,-41,
20250414,10:07:14,-41,
20250414,10:07:14,-41,
20250414,10:07:15,-41.2,
20250414,10:07:15,-41.3,
20250414,10:07:15,-41.4,
20250414,10:07:16,-41.5,
20250414,10:07:16,-41.6,
20250414,10:07:16,-41.6,
20250414,10:07:16,-41.7,
20250414,10:07:17,-41.7,
20250414,10:07:17,-41.7,
20250414,10:07:17,-41.5,
20250414,10:07:17,-41.3,
20250414,10:07:18,-41.1,
20250414,10:07:18,-41,
20250414,10:07:18,-40.9,
20250414,10:07:19,-41,
20250414,10:07:19,-41,
20250414,10:07:19,-41,
20250414,10:07:19,-41.2,
20250414,10:07:20,-41.5,
20250414,10:07:20,-42.1,
20250414,10:07:20,-42.4,
20250414,10:07:21,-42.6,
20250414,10:07:21,-42.8,
20250414,10:07:21,-42.8,
20250414,10:07:21,-42.8,
20250414,10:07:22,-42.6,
20250414,10:07:22,-42.6,
20250414,10:07:22,-42.7,
20250414,10:07:22,-42.7,
20250414,10:07:23,-42.8,
20250414,10:07:23,-42.9,
20250414,10:07:23,-43.2,
20250414,10:07:24,-43.4,
20250414,10:07:24,-43.6,
20250414,10:07:24,-43.6,
20250414,10:07:24,-43.6,
20250414,10:07:25,-43.4,
20250414,10:07:25,-43.4,
20250414,10:07:25,-43.2,
20250414,10:07:26,-43.1,
20250414,10:07:26,-43.2,
20250414,10:07:26,-43.4,
20250414,10:07:26,-43.4,
20250414,10:07:27,-43.3,
20250414,10:07:27,-42.9,
20250414,10:07:27,-42.6,
20250414,10:07:27,-42.5,
20250414,10:07:28,-42.2,
20250414,10:07:28,-41.9,
20250414,10:07:28,-41.8,
20250414,10:07:29,-42,
20250414,10:07:29,-42.3,
20250414,10:07:29,-42.6,
20250414,10:07:29,-42.6,
20250414,10:07:30,-42.6,
20250414,10:07:30,-42.6,
20250414,10:07:30,-42.1,
20250414,10:07:30,-41.7,
20250414,10:07:31,-41.4,
20250414,10:07:31,-40.9,
20250414,10:07:31,-40.5,
20250414,10:07:32,-40,
20250414,10:07:32,-39.8,
20250414,10:07:32,-39.3,
20250414,10:07:32,-39,
20250414,10:07:33,-38.6,
20250414,10:07:33,-38.3,
20250414,10:07:33,-38,
20250414,10:07:34,-37.7,
20250414,10:07:34,-37.4,
20250414,10:07:34,-37.2,
20250414,10:07:34,-37.1,
20250414,10:07:35,-36.9,
20250414,10:07:35,-36.7,
20250414,10:07:35,-36.7,
20250414,10:07:35,-36.8,
20250414,10:07:36,-36.9,
20250414,10:07:36,-37.1,
20250414,10:07:36,-37.2,
20250414,10:07:37,-37.4,
20250414,10:07:37,-37.4,
20250414,10:07:37,-37.5,
20250414,10:07:37,-37.7,
20250414,10:07:38,-37.9,
20250414,10:07:38,-38.2,
20250414,10:07:38,-38.3,
20250414,10:07:39,-38.3,
20250414,10:07:39,-38.5,
20250414,10:07:39,-38.9,
20250414,10:07:39,-39.1,
20250414,10:07:40,-39.3,
20250414,10:07:40,-39.6,
20250414,10:07:40,-39.6,
20250414,10:07:40,-39.6,
20250414,10:07:41,-39.6,
20250414,10:07:41,-39.6,
20250414,10:07:41,-39.6,
20250414,10:07:42,-39.7,
20250414,10:07:42,-39.5,
20250414,10:07:42,-39.6,
20250414,10:07:42,-39.6,
20250414,10:07:43,-39.7,
20250414,10:07:43,-39.8,
20250414,10:07:43,-40,
20250414,10:07:44,-40.1,
20250414,10:07:44,-40.4,
20250414,10:07:44,-40.7,
20250414,10:07:44,-40.9,
20250414,10:07:45,-41,
20250414,10:07:45,-41,
20250414,10:07:45,-40.9,
20250414,10:07:45,-40.8,
20250414,10:07:46,-40.8,
20250414,10:07:46,-40.9,
20250414,10:07:46,-41,
20250414,10:07:47,-41.1,
20250414,10:07:47,-41.1,
20250414,10:07:47,-41,
20250414,10:07:47,-41,
20250414,10:07:48,-41,
20250414,10:07:48,-40.9,
20250414,10:07:48,-40.8,
20250414,10:07:48,-40.6,
20250414,10:07:49,-40.5,
20250414,10:07:49,-40.4,
20250414,10:07:49,-40.4,
20250414,10:07:50,-40.5,
20250414,10:07:50,-40.8,
20250414,10:07:50,-40.9,
20250414,10:07:50,-41,
20250414,10:07:51,-41.6,
20250414,10:07:51,-41.7,
20250414,10:07:51,-41.7,
20250414,10:07:52,-41.7,
20250414,10:07:52,-41.5,
20250414,10:07:52,-41.4,
20250414,10:07:52,-41.2,
20250414,10:07:53,-41.1,
20250414,10:07:53,-41.1,
20250414,10:07:53,-41.1,
20250414,10:07:53,-41.3,
20250414,10:07:54,-41.5,
20250414,10:07:54,-41.7,
20250414,10:07:54,-41.6,
20250414,10:07:55,-41.8,
20250414,10:07:55,-42.2,
20250414,10:07:55,-42.4,
20250414,10:07:55,-42.8,
20250414,10:07:56,-42.5,
20250414,10:07:56,-42.4,
20250414,10:07:56,-42.3,
20250414,10:07:57,-42.2,
20250414,10:07:57,-42,
20250414,10:07:57,-41.7,
20250414,10:07:57,-41.7,
20250414,10:07:58,-41.7,
20250414,10:07:58,-41.7,
20250414,10:07:58,-41.8,
20250414,10:07:58,-41.9,
20250414,10:07:59,-42,
20250414,10:07:59,-42,
20250414,10:07:59,-41.9,
20250414,10:08:00,-41.9,
20250414,10:08:00,-41.8,
20250414,10:08:00,-41.7,
20250414,10:08:00,-41.8,
20250414,10:08:01,-41.9,
20250414,10:08:01,-42.1,
20250414,10:08:01,-42.3,
20250414,10:08:01,-42.6,
20250414,10:08:02,-43,
20250414,10:08:02,-43.1,
20250414,10:08:02,-42.9,
20250414,10:08:03,-42.6,
20250414,10:08:03,-42,
20250414,10:08:03,-41.7,
20250414,10:08:03,-41.5,
20250414,10:08:04,-41.4,
20250414,10:08:04,-41.6,
20250414,10:08:04,-41.7,
20250414,10:08:05,-42,
20250414,10:08:05,-42.2,
20250414,10:08:05,-42.2,
20250414,10:08:05,-42.1,
20250414,10:08:06,-42,
20250414,10:08:06,-41.9,
20250414,10:08:06,-42.1,
20250414,10:08:07,-42.3,
20250414,10:08:07,-42.5,
20250414,10:08:07,-42.5,
20250414,10:08:07,-42.6,
20250414,10:08:08,-42.6,
20250414,10:08:08,-42.4,
20250414,10:08:08,-42.4,
20250414,10:08:08,-42.4,
20250414,10:08:09,-42.3,
20250414,10:08:09,-42.4,
20250414,10:08:09,-42.6,
20250414,10:08:10,-42.7,
20250414,10:08:10,-43.1,
20250414,10:08:10,-43.3,
20250414,10:08:10,-43.3,
20250414,10:08:11,-43.2,
20250414,10:08:11,-43.3,
20250414,10:08:11,-43.4,
20250414,10:08:11,-43.5,
20250414,10:08:12,-43.4,
20250414,10:08:12,-43.1,
20250414,10:08:12,-42.7,
20250414,10:08:13,-42.4,
20250414,10:08:13,-42,
20250414,10:08:13,-41.8,
20250414,10:08:13,-41.6,
20250414,10:08:14,-41.5,
20250414,10:08:14,-41.6,
20250414,10:08:14,-41.7,
20250414,10:08:15,-41.7,
20250414,10:08:15,-41.7,
20250414,10:08:15,-41.7,
20250414,10:08:15,-41.7,
20250414,10:08:16,-41.7,
20250414,10:08:16,-41.7,
20250414,10:08:16,-42,
20250414,10:08:16,-42.4,
20250414,10:08:17,-42.5,
20250414,10:08:17,-42.6,
20250414,10:08:17,-42.3,
20250414,10:08:18,-42.2,
20250414,10:08:18,-42,
20250414,10:08:18,-41.9,
20250414,10:08:18,-41.8,
20250414,10:08:19,-41.8,
20250414,10:08:19,-41.8,
20250414,10:08:19,-42,
20250414,10:08:20,-42.5,
20250414,10:08:20,-42.8,
20250414,10:08:20,-43.1,
20250414,10:08:20,-43.2,
20250414,10:08:21,-43.2,
20250414,10:08:21,-43.2,
20250414,10:08:21,-43.2,
20250414,10:08:21,-43.1,
20250414,10:08:22,-42.9,
20250414,10:08:22,-42.6,
20250414,10:08:22,-42.1,
20250414,10:08:23,-41.6,
20250414,10:08:23,-41.2,
20250414,10:08:23,-40.7,
20250414,10:08:23,-40.4,
20250414,10:08:24,-40.1,
20250414,10:08:24,-40,
20250414,10:08:24,-39.5,
20250414,10:08:25,-38.9,
20250414,10:08:25,-38.6,
20250414,10:08:25,-38.3,
20250414,10:08:25,-38.1,
20250414,10:08:26,-37.8,
20250414,10:08:26,-37.4,
20250414,10:08:26,-37.2,
20250414,10:08:26,-37,
20250414,10:08:27,-36.9,
20250414,10:08:27,-36.8,
20250414,10:08:27,-36.7,
20250414,10:08:28,-36.8,
20250414,10:08:28,-36.8,
20250414,10:08:28,-36.7,
20250414,10:08:28,-36.7,
20250414,10:08:29,-36.6,
20250414,10:08:29,-36.5,
20250414,10:08:29,-36.5,
20250414,10:08:29,-36.4,
20250414,10:08:30,-36.4,
20250414,10:08:30,-36.6,
20250414,10:08:30,-36.8,
20250414,10:08:31,-35.7,
20250414,10:08:31,-35.6,
20250414,10:08:31,-35.5,
20250414,10:08:31,-35.4,
20250414,10:08:32,-35.2,
20250414,10:08:32,-35,
20250414,10:08:32,-34.9,
20250414,10:08:33,-34.9,
20250414,10:08:33,-34.9,
20250414,10:08:33,-35,
20250414,10:08:33,-35.1,
20250414,10:08:34,-35.3,
20250414,10:08:34,-35.6,
20250414,10:08:34,-35.8,
20250414,10:08:34,-36,
20250414,10:08:35,-36.3,
20250414,10:08:35,-36.3,
20250414,10:08:35,-36.4,
20250414,10:08:36,-36.4,
20250414,10:08:36,-36.5,
20250414,10:08:36,-36.8,
20250414,10:08:36,-37.1,
20250414,10:08:37,-37.3,
20250414,10:08:37,-37.3,
20250414,10:08:37,-37.2,
20250414,10:08:38,-37.2,
20250414,10:08:38,-37.1,
20250414,10:08:38,-37.1,
20250414,10:08:38,-37.1,
20250414,10:08:39,-37.1,
20250414,10:08:39,-37.1,
20250414,10:08:39,-37.4,
20250414,10:08:40,-38,
20250414,10:08:40,-38.4,
20250414,10:08:40,-38.7,
20250414,10:08:40,-38.7,
20250414,10:08:41,-38.6,
20250414,10:08:41,-38.4,
20250414,10:08:41,-38.3,
20250414,10:08:41,-38.2,
20250414,10:08:42,-38,
20250414,10:08:42,-37.9,
20250414,10:08:42,-37.7,
20250414,10:08:42,-37.9,
20250414,10:08:43,-38.2,
20250414,10:08:43,-38.2,
20250414,10:08:43,-37.9,
20250414,10:08:44,-37.5,
20250414,10:08:44,-37.4,
20250414,10:08:44,-37.3,
20250414,10:08:44,-37.2,
20250414,10:08:45,-37.2,
20250414,10:08:45,-37.1,
20250414,10:08:45,-37.1,
20250414,10:08:46,-37,
20250414,10:08:46,-36.9,
20250414,10:08:46,-36.9,
20250414,10:08:46,-37,
20250414,10:08:47,-37.1,
20250414,10:08:47,-37.2,
20250414,10:08:47,-37.3,
20250414,10:08:47,-37.4,
20250414,10:08:48,-38,
20250414,10:08:48,-38.5,
20250414,10:08:48,-38.7,
20250414,10:08:49,-38.8,
20250414,10:08:49,-38.7,
20250414,10:08:49,-38.4,
20250414,10:08:49,-38.2,
20250414,10:08:50,-38.1,
20250414,10:08:50,-38,
20250414,10:08:50,-38,
20250414,10:08:51,-38.3,
20250414,10:08:51,-38.7,
20250414,10:08:51,-39.2,
20250414,10:08:51,-39.2,
20250414,10:08:52,-39.3,
20250414,10:08:52,-39.1,
20250414,10:08:52,-38.9,
20250414,10:08:52,-38.7,
20250414,10:08:53,-38.7,
20250414,10:08:53,-38.7,
20250414,10:08:53,-38.9,
20250414,10:08:54,-39.2,
20250414,10:08:54,-39.6,
20250414,10:08:54,-39.6,
20250414,10:08:54,-39.5,
20250414,10:08:55,-39.2,
20250414,10:08:55,-38.9,
20250414,10:08:55,-38.5,
20250414,10:08:56,-38,
20250414,10:08:56,-37.6,
20250414,10:08:56,-37.7,
20250414,10:08:56,-37.9,
20250414,10:08:57,-38.3,
20250414,10:08:57,-38.5,
20250414,10:08:57,-38.8,
20250414,10:08:57,-38.7,
20250414,10:08:58,-38.7,
20250414,10:08:58,-38.4,
20250414,10:08:58,-38.3,
20250414,10:08:59,-38,
20250414,10:08:59,-37.7,
20250414,10:08:59,-37.5,
20250414,10:08:59,-37.4,
20250414,10:09:00,-36.9,
20250414,10:09:00,-36.6,
20250414,10:09:00,-36.2,
20250414,10:09:00,-35.9,
20250414,10:09:01,-35.7,
20250414,10:09:01,-35.6,
20250414,10:09:01,-35.4,
20250414,10:09:02,-35.2,
20250414,10:09:02,-34.9,
20250414,10:09:02,-34.8,
20250414,10:09:02,-34.5,
20250414,10:09:03,-34.2,
20250414,10:09:03,-34,
20250414,10:09:03,-34,
20250414,10:09:04,-33.9,
20250414,10:09:04,-33.9,
20250414,10:09:04,-33.7,
20250414,10:09:04,-33.7,
20250414,10:09:05,-33.6,
20250414,10:09:05,-33.6,
20250414,10:09:05,-33.4,
20250414,10:09:05,-33.2,
20250414,10:09:06,-33.2,
20250414,10:09:06,-33.2,
20250414,10:09:06,-33.4,
20250414,10:09:07,-33.7,
20250414,10:09:07,-33.8,
20250414,10:09:07,-33.6,
20250414,10:09:07,-33.6,
20250414,10:09:08,-33.3,
20250414,10:09:08,-33.1,
20250414,10:09:08,-32.7,
20250414,10:09:09,-32.3,
20250414,10:09:09,-31.8,
20250414,10:09:09,-31.6,
20250414,10:09:09,-31.5,
20250414,10:09:10,-31.5,
20250414,10:09:10,-31.5,
20250414,10:09:10,-31.6,
20250414,10:09:10,-31.8,
20250414,10:09:11,-32,
20250414,10:09:11,-32.1,
20250414,10:09:11,-32.2,
20250414,10:09:12,-32.3,
20250414,10:09:12,-32.6,
20250414,10:09:12,-32.9,
20250414,10:09:12,-33,
20250414,10:09:13,-33.2,
20250414,10:09:13,-33.2,
20250414,10:09:13,-33.2,
20250414,10:09:13,-33.2,
20250414,10:09:14,-33.3,
20250414,10:09:14,-33.2,
20250414,10:09:14,-33.2,
20250414,10:09:15,-33.2,
20250414,10:09:15,-33.1,
20250414,10:09:15,-33.1,
20250414,10:09:15,-33.2,
20250414,10:09:16,-33.4,
20250414,10:09:16,-33.6,
20250414,10:09:16,-33.8,
20250414,10:09:17,-33.8,
20250414,10:09:17,-33.8,
20250414,10:09:17,-33.8,
20250414,10:09:17,-33.7,
20250414,10:09:18,-33.8,
20250414,10:09:18,-33.7,
20250414,10:09:18,-33.9,
20250414,10:09:18,-33.9,
20250414,10:09:19,-34,
20250414,10:09:19,-34.2,
20250414,10:09:19,-34.6,
20250414,10:09:20,-34.9,
20250414,10:09:20,-34.9,
20250414,10:09:20,-34.6,
20250414,10:09:20,-34,
20250414,10:09:21,-33.6,
20250414,10:09:21,-33.2,
20250414,10:09:21,-33.2,
20250414,10:09:22,-33.1,
20250414,10:09:22,-33.1,
20250414,10:09:22,-33.1,
20250414,10:09:22,-33.2,
20250414,10:09:23,-33.3,
20250414,10:09:23,-33.5,
20250414,10:09:23,-33.7,
20250414,10:09:23,-34,
20250414,10:09:24,-33.9,
20250414,10:09:24,-33.8,
20250414,10:09:24,-33.8,
20250414,10:09:25,-33.8,
20250414,10:09:25,-33.8,
20250414,10:09:25,-34,
20250414,10:09:25,-34.2,
20250414,10:09:26,-34.5,
20250414,10:09:26,-34.7,
20250414,10:09:26,-34.9,
20250414,10:09:27,-34.9,
20250414,10:09:27,-34.8,
20250414,10:09:27,-34.8,
20250414,10:09:27,-34.7,
20250414,10:09:28,-34.6,
20250414,10:09:28,-34.8,
20250414,10:09:28,-34.9,
20250414,10:09:28,-35,
20250414,10:09:29,-35.2,
20250414,10:09:29,-35.4,
20250414,10:09:29,-35.6,
20250414,10:09:30,-35.7,
20250414,10:09:30,-35.9,
20250414,10:09:30,-36.1,
20250414,10:09:30,-36.2,
20250414,10:09:31,-36,
20250414,10:09:31,-35.9,
20250414,10:09:31,-35.9,
20250414,10:09:31,-36.2,
20250414,10:09:32,-36.1,
20250414,10:09:32,-36,
20250414,10:09:32,-35.7,
20250414,10:09:33,-35.4,
20250414,10:09:33,-35.2,
20250414,10:09:33,-35,
20250414,10:09:33,-34.9,
20250414,10:09:34,-34.9,
20250414,10:09:34,-34.9,
20250414,10:09:34,-35,
20250414,10:09:35,-35.1,
20250414,10:09:35,-35.3,
20250414,10:09:35,-35.3,
20250414,10:09:35,-35.4,
20250414,10:09:36,-35.9,
20250414,10:09:36,-36.5,
20250414,10:09:36,-36.7,
20250414,10:09:37,-36.7,
20250414,10:09:37,-36.4,
20250414,10:09:37,-36,
20250414,10:09:37,-35.6,
20250414,10:09:38,-35.3,
20250414,10:09:38,-35.2,
20250414,10:09:38,-35.2,
20250414,10:09:38,-35.5,
20250414,10:09:39,-35.7,
20250414,10:09:39,-35.8,
20250414,10:09:39,-35.8,
20250414,10:09:40,-35.7,
20250414,10:09:40,-35.3,
20250414,10:09:40,-34.9,
20250414,10:09:40,-34.3,
20250414,10:09:41,-33.9,
20250414,10:09:41,-33.6,
20250414,10:09:41,-33.2,
20250414,10:09:41,-33,
20250414,10:09:42,-33.1,
20250414,10:09:42,-33.3,
20250414,10:09:42,-33.3,
20250414,10:09:43,-33.4,
20250414,10:09:43,-33.2,
20250414,10:09:43,-32.9,
20250414,10:09:43,-32.4,
20250414,10:09:44,-32.3,
20250414,10:09:44,-32.3,
20250414,10:09:44,-32.3,
20250414,10:09:45,-32.3,
20250414,10:09:45,-32.3,
20250414,10:09:45,-32.3,
20250414,10:09:45,-32.4,
20250414,10:09:46,-32.8,
20250414,10:09:46,-33.3,
20250414,10:09:46,-33.7,
20250414,10:09:46,-33.8,
20250414,10:09:47,-33.8,
20250414,10:09:47,-33.6,
20250414,10:09:47,-33.4,
20250414,10:09:48,-33.3,
20250414,10:09:48,-33.3,
20250414,10:09:48,-33.2,
20250414,10:09:48,-33.2,
20250414,10:09:49,-33.2,
20250414,10:09:49,-33.2,
20250414,10:09:49,-33.5,
20250414,10:09:49,-34,
20250414,10:09:50,-34.2,
20250414,10:09:50,-34,
20250414,10:09:50,-33.6,
20250414,10:09:51,-32.9,
20250414,10:09:51,-32.3,
20250414,10:09:51,-31.9,
20250414,10:09:51,-31.5,
20250414,10:09:52,-31.2,
20250414,10:09:52,-30.9,
20250414,10:09:52,-30.4,
20250414,10:09:53,-30.3,
20250414,10:09:53,-30.4,
20250414,10:09:53,-30.6,
20250414,10:09:53,-31.1,
20250414,10:09:54,-31.5,
20250414,10:09:54,-31.5,
20250414,10:09:54,-31.4,
20250414,10:09:54,-31.3,
20250414,10:09:55,-31,
20250414,10:09:55,-31.3,
20250414,10:09:55,-31.5,
20250414,10:09:56,-31.7,
20250414,10:09:56,-31.8,
20250414,10:09:56,-31.7,
20250414,10:09:56,-31.5,
20250414,10:09:57,-31.4,
20250414,10:09:57,-31.1,
20250414,10:09:57,-30.7,
20250414,10:09:58,-30.6,
20250414,10:09:58,-30.4,
20250414,10:09:58,-30.5,
20250414,10:09:58,-30.7,
20250414,10:09:59,-31.1,
20250414,10:09:59,-31.6,
20250414,10:09:59,-31.7,
20250414,10:09:59,-31.7,
20250414,10:10:00,-31.6,
20250414,10:10:00,-31.5,
20250414,10:10:00,-31.5,
20250414,10:10:01,-31.5,
20250414,10:10:01,-31.5,
20250414,10:10:01,-31.6,
20250414,10:10:01,-31.9,
20250414,10:10:02,-32.3,
20250414,10:10:02,-32.7,
20250414,10:10:02,-32.8,
20250414,10:10:02,-32.7,
20250414,10:10:03,-32.5,
20250414,10:10:03,-32.3,
20250414,10:10:03,-32.3,
20250414,10:10:04,-32.4,
20250414,10:10:04,-32.5,
20250414,10:10:04,-32.7,
20250414,10:10:04,-32.9,
20250414,10:10:05,-33.1,
20250414,10:10:05,-33.2,
20250414,10:10:05,-33.2,
20250414,10:10:06,-33,
20250414,10:10:06,-32.8,
20250414,10:10:06,-32.7,
20250414,10:10:06,-32.8,
20250414,10:10:07,-33,
20250414,10:10:07,-33.1,
20250414,10:10:07,-33.2,
20250414,10:10:08,-33.2,
20250414,10:10:08,-33.2,
20250414,10:10:08,-33,
20250414,10:10:08,-33,
20250414,10:10:09,-32.8,
20250414,10:10:09,-32.7,
20250414,10:10:09,-32.5,
20250414,10:10:09,-32.1,
20250414,10:10:10,-31.7,
20250414,10:10:10,-31.3,
20250414,10:10:10,-30.9,
20250414,10:10:11,-30.7,
20250414,10:10:11,-30.6,
20250414,10:10:11,-30.6,
20250414,10:10:11,-30.7,
20250414,10:10:12,-30.9,
20250414,10:10:12,-30.7,
20250414,10:10:12,-30.6,
20250414,10:10:12,-30.4,
20250414,10:10:13,-30.2,
20250414,10:10:13,-30.2,
20250414,10:10:13,-30.2,
20250414,10:10:14,-30.5,
20250414,10:10:14,-30.6,
20250414,10:10:14,-30.7,
20250414,10:10:14,-30.9,
20250414,10:10:15,-31,
20250414,10:10:15,-31,
20250414,10:10:15,-31,
20250414,10:10:16,-31.1,
20250414,10:10:16,-31.2,
20250414,10:10:16,-31.4,
20250414,10:10:16,-31.5,
20250414,10:10:17,-31.5,
20250414,10:10:17,-31.6,
20250414,10:10:17,-31.6,
20250414,10:10:17,-31.6,
20250414,10:10:18,-31.4,
20250414,10:10:18,-31.2,
20250414,10:10:18,-31,
20250414,10:10:19,-30.8,
20250414,10:10:19,-30.7,
20250414,10:10:19,-30.8,
20250414,10:10:19,-31.2,
20250414,10:10:20,-31.6,
20250414,10:10:20,-32,
20250414,10:10:20,-32.1,
20250414,10:10:21,-31.9,
20250414,10:10:21,-31.7,
20250414,10:10:21,-31.7,
20250414,10:10:21,-31.5,
20250414,10:10:22,-31.3,
20250414,10:10:22,-31.1,
20250414,10:10:22,-31,
20250414,10:10:22,-31,
20250414,10:10:23,-31.1,
20250414,10:10:23,-31.3,
20250414,10:10:23,-31.5,
20250414,10:10:24,-31.5,
20250414,10:10:24,-31.5,
20250414,10:10:24,-31.5,
20250414,10:10:24,-31.5,
20250414,10:10:25,-31.6,
20250414,10:10:25,-31.7,
20250414,10:10:25,-32,
20250414,10:10:26,-32.2,
20250414,10:10:26,-32,
20250414,10:10:26,-32,
20250414,10:10:26,-31.7,
20250414,10:10:27,-31.6,
20250414,10:10:27,-31.5,
20250414,10:10:27,-31.5,
20250414,10:10:27,-31.5,
20250414,10:10:28,-31.7,
20250414,10:10:28,-32.1,
20250414,10:10:28,-32.3,
20250414,10:10:29,-32.4,
20250414,10:10:29,-32.4,
20250414,10:10:29,-32.3,
20250414,10:10:29,-32.4,
20250414,10:10:30,-32.3,
20250414,10:10:30,-32,
20250414,10:10:30,-31.5,
20250414,10:10:31,-31,
20250414,10:10:31,-30.6,
20250414,10:10:31,-30.4,
20250414,10:10:31,-30.1,
20250414,10:10:32,-29.8,
20250414,10:10:32,-29.8,
20250414,10:10:32,-29.8,
20250414,10:10:32,-29.8,
20250414,10:10:33,-30,
20250414,10:10:33,-30.2,
20250414,10:10:33,-30.4,
20250414,10:10:34,-30.6,
20250414,10:10:34,-30.6,
20250414,10:10:34,-30.6,
20250414,10:10:34,-30.6,
20250414,10:10:35,-30.6,
20250414,10:10:35,-30.8,
20250414,10:10:35,-31.2,
20250414,10:10:35,-31.5,
20250414,10:10:36,-31.6,
20250414,10:10:36,-31.8,
20250414,10:10:36,-31.8,
20250414,10:10:37,-31.6,
20250414,10:10:37,-31.3,
20250414,10:10:37,-31.1,
20250414,10:10:37,-31.1,
20250414,10:10:38,-30.9,
20250414,10:10:38,-30.8,
20250414,10:10:38,-30.6,
20250414,10:10:39,-30.3,
20250414,10:10:39,-30.2,
20250414,10:10:39,-29.9,
20250414,10:10:39,-29.8,
20250414,10:10:40,-29.9,
20250414,10:10:40,-29.8,
20250414,10:10:40,-29.9,
20250414,10:10:40,-30,
20250414,10:10:41,-30.2,
20250414,10:10:41,-30.5,
20250414,10:10:41,-30.7,
20250414,10:10:42,-30.8,
20250414,10:10:42,-30.8,
20250414,10:10:42,-30.8,
20250414,10:10:42,-30.8,
20250414,10:10:43,-31,
20250414,10:10:43,-31.3,
20250414,10:10:43,-31.5,
20250414,10:10:43,-31.9,
20250414,10:10:44,-32,
20250414,10:10:44,-31.9,
20250414,10:10:44,-31.8,
20250414,10:10:45,-31.6,
20250414,10:10:45,-31.6,
20250414,10:10:45,-31.8,
20250414,10:10:45,-32.1,
20250414,10:10:46,-32.1,
20250414,10:10:46,-32,
20250414,10:10:46,-31.8,
20250414,10:10:47,-31.9,
20250414,10:10:47,-31.9,
20250414,10:10:47,-31.7,
20250414,10:10:47,-31.5,
20250414,10:10:48,-31,
20250414,10:10:48,-30.9,
20250414,10:10:48,-30.7,
20250414,10:10:48,-30.6,
20250414,10:10:49,-30.5,
20250414,10:10:49,-30.5,
20250414,10:10:49,-30.5,
20250414,10:10:50,-30.5,
20250414,10:10:50,-30.6,
20250414,10:10:50,-31,
20250414,10:10:50,-31.4,
20250414,10:10:51,-31.7,
20250414,10:10:51,-32,
20250414,10:10:51,-32.3,
20250414,10:10:52,-32.3,
20250414,10:10:52,-32.3,
20250414,10:10:52,-32.2,
20250414,10:10:52,-32,
20250414,10:10:53,-31.8,
20250414,10:10:53,-31.7,
20250414,10:10:53,-31.8,
20250414,10:10:53,-31.8,
20250414,10:10:54,-31.6,
20250414,10:10:54,-31.5,
20250414,10:10:54,-31.4,
20250414,10:10:55,-31.3,
20250414,10:10:55,-31.3,
20250414,10:10:55,-31.1,
20250414,10:10:55,-31,
20250414,10:10:56,-30.8,
20250414,10:10:56,-30.7,
20250414,10:10:56,-30.5,
20250414,10:10:57,-30.2,
20250414,10:10:57,-29.9,
20250414,10:10:57,-29.8,
20250414,10:10:57,-29.7,
20250414,10:10:58,-29.8,
20250414,10:10:58,-29.7,
20250414,10:10:58,-29.6,
20250414,10:10:58,-29.3,
20250414,10:10:59,-29,
20250414,10:10:59,-28.9,
20250414,10:10:59,-28.9,
20250414,10:11:00,-28.9,
20250414,10:11:00,-29.1,
20250414,10:11:00,-29.2,
20250414,10:11:00,-29.3,
20250414,10:11:01,-29.2,
20250414,10:11:01,-28.9,
20250414,10:11:01,-28.9,
20250414,10:11:01,-28.8,
20250414,10:11:02,-28.7,
20250414,10:11:02,-28.7,
20250414,10:11:02,-28.7,
20250414,10:11:03,-28.7,
20250414,10:11:03,-28.7,
20250414,10:11:03,-28.8,
20250414,10:11:03,-28.9,
20250414,10:11:04,-29,
20250414,10:11:04,-29.1,
20250414,10:11:04,-29.2,
20250414,10:11:05,-29.2,
20250414,10:11:05,-29.3,
20250414,10:11:05,-29.4,
20250414,10:11:05,-29.6,
20250414,10:11:06,-29.7,
20250414,10:11:06,-29.7,
20250414,10:11:06,-29.8,
20250414,10:11:06,-29.8,
20250414,10:11:07,-29.9,
20250414,10:11:07,-29.9,
20250414,10:11:07,-29.9,
20250414,10:11:08,-29.9,
20250414,10:11:08,-29.8,
20250414,10:11:08,-30,
20250414,10:11:08,-30.2,
20250414,10:11:09,-30.2,
20250414,10:11:09,-30.4,
20250414,10:11:09,-30.5,
20250414,10:11:10,-30.6,
20250414,10:11:10,-30.6,
20250414,10:11:10,-30.6,
20250414,10:11:10,-30.4,
20250414,10:11:11,-30.5,
20250414,10:11:11,-30.5,
20250414,10:11:11,-30.6,
20250414,10:11:11,-30.4,
20250414,10:11:12,-30.4,
20250414,10:11:12,-30.1,
20250414,10:11:12,-30,
20250414,10:11:13,-29.9,
20250414,10:11:13,-29.9,
20250414,10:11:13,-29.8,
20250414,10:11:13,-29.8,
20250414,10:11:14,-30,
20250414,10:11:14,-30.5,
20250414,10:11:14,-30.7,
20250414,10:11:14,-30.9,
20250414,10:11:15,-30.8,
20250414,10:11:15,-30.7,
20250414,10:11:15,-30.7,
20250414,10:11:16,-30.7,
20250414,10:11:16,-30.6,
20250414,10:11:16,-30.5,
20250414,10:11:16,-30.1,
20250414,10:11:17,-29.8,
20250414,10:11:17,-29.6,
20250414,10:11:17,-29.5,
20250414,10:11:18,-29.5,
20250414,10:11:18,-29.7,
20250414,10:11:18,-29.8,
20250414,10:11:18,-30,
20250414,10:11:19,-30,
20250414,10:11:19,-30,
20250414,10:11:19,-30,
20250414,10:11:19,-30.1,
20250414,10:11:20,-30.2,
20250414,10:11:20,-30.2,
20250414,10:11:20,-30.1,
20250414,10:11:21,-30,
20250414,10:11:21,-30.2,
20250414,10:11:21,-30.3,
20250414,10:11:21,-30.2,
20250414,10:11:22,-29.8,
20250414,10:11:22,-29.6,
20250414,10:11:22,-29.3,
20250414,10:11:23,-29.1,
20250414,10:11:23,-28.8,
20250414,10:11:23,-28.2,
20250414,10:11:23,-27.9,
20250414,10:11:24,-27.4,
20250414,10:11:24,-27.2,
20250414,10:11:24,-27.1,
20250414,10:11:24,-26.8,
20250414,10:11:25,-26.5,
20250414,10:11:25,-26.3,
20250414,10:11:25,-26.1,
20250414,10:11:26,-26,
20250414,10:11:26,-26,
20250414,10:11:26,-26,
20250414,10:11:26,-26,
20250414,10:11:27,-26.1,
20250414,10:11:27,-26.3,
20250414,10:11:27,-26.3,
20250414,10:11:28,-26.4,
20250414,10:11:28,-26.5,
20250414,10:11:28,-26.7,
20250414,10:11:28,-26.9,
20250414,10:11:29,-27,
20250414,10:11:29,-27.3,
20250414,10:11:29,-27.8,
20250414,10:11:29,-28,
20250414,10:11:30,-28.2,
20250414,10:11:30,-28.3,
20250414,10:11:30,-28.3,
20250414,10:11:31,-28.2,
20250414,10:11:31,-28.1,
20250414,10:11:31,-28,
20250414,10:11:31,-28,
20250414,10:11:32,-28.1,
20250414,10:11:32,-28.2,
20250414,10:11:32,-28.3,
20250414,10:11:32,-28.2,
20250414,10:11:33,-28.1,
20250414,10:11:33,-28,
20250414,10:11:33,-28.1,
20250414,10:11:34,-27.9,
20250414,10:11:34,-27.2,
20250414,10:11:34,-26.3,
20250414,10:11:34,-25.5,
20250414,10:11:35,-24.6,
20250414,10:11:35,-24.1,
20250414,10:11:35,-23.8,
20250414,10:11:36,-23.9,
20250414,10:11:36,-24,
20250414,10:11:36,-24.1,
20250414,10:11:36,-24.4,
20250414,10:11:37,-24.6,
20250414,10:11:37,-24.6,
20250414,10:11:37,-24.6,
20250414,10:11:37,-24.6,
20250414,10:11:38,-24.4,
20250414,10:11:38,-24.4,
20250414,10:11:38,-24.3,
20250414,10:11:39,-24.3,
20250414,10:11:39,-24.3,
20250414,10:11:39,-24.4,
20250414,10:11:39,-24.3,
20250414,10:11:40,-24.4,
20250414,10:11:40,-24.6,
20250414,10:11:40,-24.8,
20250414,10:11:41,-25,
20250414,10:11:41,-25.2,
20250414,10:11:41,-25.3,
20250414,10:11:41,-25.2,
20250414,10:11:42,-25.2,
20250414,10:11:42,-25,
20250414,10:11:42,-24.9,
20250414,10:11:42,-24.8,
20250414,10:11:43,-24.9,
20250414,10:11:43,-25,
20250414,10:11:43,-25.1,
20250414,10:11:44,-25,
20250414,10:11:44,-25,
20250414,10:11:44,-25.2,
20250414,10:11:44,-25.5,
20250414,10:11:45,-25.8,
20250414,10:11:45,-26,
20250414,10:11:45,-26.1,
20250414,10:11:46,-26,
20250414,10:11:46,-25.9,
20250414,10:11:46,-25.9,
20250414,10:11:46,-26.2,
20250414,10:11:47,-26.4,
20250414,10:11:47,-26.6,
20250414,10:11:47,-26.7,
20250414,10:11:47,-26.7,
20250414,10:11:48,-26.6,
20250414,10:11:48,-26.5,
20250414,10:11:48,-26.5,
20250414,10:11:49,-26.5,
20250414,10:11:49,-26.7,
20250414,10:11:49,-26.8,
20250414,10:11:49,-26.9,
20250414,10:11:50,-26.9,
20250414,10:11:50,-26.9,
20250414,10:11:50,-26.8,
20250414,10:11:50,-26.9,
20250414,10:11:51,-27,
20250414,10:11:51,-27.2,
20250414,10:11:51,-27.3,
20250414,10:11:52,-27.5,
20250414,10:11:52,-27.6,
20250414,10:11:52,-27.6,
20250414,10:11:52,-27.7,
20250414,10:11:53,-27.6,
20250414,10:11:53,-27.7,
20250414,10:11:53,-27.8,
20250414,10:11:54,-27.7,
20250414,10:11:54,-27.8,
20250414,10:11:54,-28,
20250414,10:11:54,-28.1,
20250414,10:11:55,-28.4,
20250414,10:11:55,-28.4,
20250414,10:11:55,-28.5,
20250414,10:11:55,-28.4,
20250414,10:11:56,-28.2,
20250414,10:11:56,-28.2,
20250414,10:11:56,-28.2,
20250414,10:11:57,-28.3,
20250414,10:11:57,-28.3,
20250414,10:11:57,-28.1,
20250414,10:11:57,-27.9,
20250414,10:11:58,-27.5,
20250414,10:11:58,-27.1,
20250414,10:11:58,-26.8,
20250414,10:11:59,-26.7,
20250414,10:11:59,-26.6,
20250414,10:11:59,-26.7,
20250414,10:11:59,-26.9,
20250414,10:12:00,-27.2,
20250414,10:12:00,-27.5,
20250414,10:12:00,-27.7,
20250414,10:12:00,-27.8,
20250414,10:12:01,-27.8,
20250414,10:12:01,-27.8,
20250414,10:12:01,-28,
20250414,10:12:02,-28.4,
20250414,10:12:02,-28.5,
20250414,10:12:02,-28.5,
20250414,10:12:02,-28.4,
20250414,10:12:03,-28.2,
20250414,10:12:03,-28,
20250414,10:12:03,-27.8,
20250414,10:12:03,-27.8,
20250414,10:12:04,-27.6,
20250414,10:12:04,-27.7,
20250414,10:12:04,-27.8,
20250414,10:12:05,-28.2,
20250414,10:12:05,-28.5,
20250414,10:12:05,-28.7,
20250414,10:12:05,-28.7,
20250414,10:12:06,-28.6,
20250414,10:12:06,-28.3,
20250414,10:12:06,-28.2,
20250414,10:12:07,-28.1,
20250414,10:12:07,-28.1,
20250414,10:12:07,-28.2,
20250414,10:12:07,-28.3,
20250414,10:12:08,-28.3,
20250414,10:12:08,-28.4,
20250414,10:12:08,-28.2,
20250414,10:12:09,-28.4,
20250414,10:12:09,-28.2,
20250414,10:12:09,-28,
20250414,10:12:09,-27.8,
20250414,10:12:10,-27.6,
20250414,10:12:10,-27.4,
20250414,10:12:10,-27.5,
20250414,10:12:10,-27.7,
20250414,10:12:11,-28,
20250414,10:12:11,-28.1,
20250414,10:12:11,-28,
20250414,10:12:12,-27.9,
20250414,10:12:12,-27.7,
20250414,10:12:12,-27.4,
20250414,10:12:12,-27.3,
20250414,10:12:13,-27.2,
20250414,10:12:13,-27.6,
20250414,10:12:13,-27.9,
20250414,10:12:13,-27.9,
20250414,10:12:14,-27.5,
20250414,10:12:14,-27.2,
20250414,10:12:14,-27,
20250414,10:12:15,-26.8,
20250414,10:12:15,-26.7,
20250414,10:12:15,-26.6,
20250414,10:12:15,-26.3,
20250414,10:12:16,-26.4,
20250414,10:12:16,-26.3,
20250414,10:12:16,-26.4,
20250414,10:12:17,-26.4,
20250414,10:12:17,-26.3,
20250414,10:12:17,-26.2,
20250414,10:12:17,-25.9,
20250414,10:12:18,-25.7,
20250414,10:12:18,-25.8,
20250414,10:12:18,-25.9,
20250414,10:12:18,-26.1,
20250414,10:12:19,-26.1,
20250414,10:12:19,-25.9,
20250414,10:12:19,-25.7,
20250414,10:12:20,-25.5,
20250414,10:12:20,-25.3,
20250414,10:12:20,-25.3,
20250414,10:12:20,-25.3,
20250414,10:12:21,-25.2,
20250414,10:12:21,-25,
20250414,10:12:21,-24.6,
20250414,10:12:22,-24.3,
20250414,10:12:22,-24,
20250414,10:12:22,-23.8,
20250414,10:12:22,-23.8,
20250414,10:12:23,-23.8,
20250414,10:12:23,-23.9,
20250414,10:12:23,-24.2,
20250414,10:12:23,-24.3,
20250414,10:12:24,-24.4,
20250414,10:12:24,-24.4,
20250414,10:12:24,-24.2,
20250414,10:12:25,-24.1,
20250414,10:12:25,-24.4,
20250414,10:12:25,-24.7,
20250414,10:12:25,-24.9,
20250414,10:12:26,-24.8,
20250414,10:12:26,-24.9,
20250414,10:12:26,-25.1,
20250414,10:12:27,-25.1,
20250414,10:12:27,-24.9,
20250414,10:12:27,-24.6,
20250414,10:12:27,-24.3,
20250414,10:12:28,-23.9,
20250414,10:12:28,-23.7,
20250414,10:12:28,-23.6,
20250414,10:12:28,-23.8,
20250414,10:12:29,-24,
20250414,10:12:29,-24.3,
20250414,10:12:29,-24.2,
20250414,10:12:30,-23.9,
20250414,10:12:30,-23.6,
20250414,10:12:30,-23.3,
20250414,10:12:30,-23.2,
20250414,10:12:31,-23.2,
20250414,10:12:31,-23.2,
20250414,10:12:31,-23.1,
20250414,10:12:31,-23.1,
20250414,10:12:32,-23.2,
20250414,10:12:32,-23.3,
20250414,10:12:32,-23.5,
20250414,10:12:33,-23.6,
20250414,10:12:33,-23.6,
20250414,10:12:33,-23.6,
20250414,10:12:33,-23.6,
20250414,10:12:34,-23.8,
20250414,10:12:34,-24.2,
20250414,10:12:34,-24.3,
20250414,10:12:34,-24.3,
20250414,10:12:35,-24.2,
20250414,10:12:35,-24.1,
20250414,10:12:35,-23.9,
20250414,10:12:36,-24,
20250414,10:12:36,-24,
20250414,10:12:36,-23.9,
20250414,10:12:36,-23.8,
20250414,10:12:37,-23.5,
20250414,10:12:37,-23.3,
20250414,10:12:37,-23.2,
20250414,10:12:38,-22.9,
20250414,10:12:38,-22.9,
20250414,10:12:38,-22.9,
20250414,10:12:38,-22.7,
20250414,10:12:39,-22.6,
20250414,10:12:39,-21.6,
20250414,10:12:39,-20.9,
20250414,10:12:40,-20.4,
20250414,10:12:40,-20.6,
20250414,10:12:40,-20.4,
20250414,10:12:40,-20.2,
20250414,10:12:41,-20.1,
20250414,10:12:41,-20,
20250414,10:12:41,-20,
20250414,10:12:41,-19.9,
20250414,10:12:42,-19.9,
20250414,10:12:42,-19.7,
20250414,10:12:42,-19.7,
20250414,10:12:43,-19.6,
20250414,10:12:43,-19.8,
20250414,10:12:43,-20.3,
20250414,10:12:43,-20.6,
20250414,10:12:44,-21,
20250414,10:12:44,-21.5,
20250414,10:12:44,-21.9,
20250414,10:12:44,-22.1,
20250414,10:12:45,-22.1,
20250414,10:12:45,-22.1,
20250414,10:12:45,-22.1,
20250414,10:12:46,-22.3,
20250414,10:12:46,-22.5,
20250414,10:12:46,-22.6,
20250414,10:12:46,-22.5,
20250414,10:12:47,-22.2,
20250414,10:12:47,-21.4,
20250414,10:12:47,-21,
20250414,10:12:48,-20.7,
20250414,10:12:48,-20.7,
20250414,10:12:48,-20.7,
20250414,10:12:48,-20.4,
20250414,10:12:49,-20.5,
20250414,10:12:49,-20.6,
20250414,10:12:49,-20.9,
20250414,10:12:49,-21.1,
20250414,10:12:50,-21.2,
20250414,10:12:50,-21.2,
20250414,10:12:50,-21.3,
20250414,10:12:51,-21.5,
20250414,10:12:51,-21.7,
20250414,10:12:51,-21.9,
20250414,10:12:51,-22.1,
20250414,10:12:52,-22.1,
20250414,10:12:52,-22.2,
20250414,10:12:52,-22.1,
20250414,10:12:53,-22.3,
20250414,10:12:53,-22.5,
20250414,10:12:53,-22.8,
20250414,10:12:53,-23.1,
20250414,10:12:54,-23.3,
20250414,10:12:54,-23.5,
20250414,10:12:54,-23.5,
20250414,10:12:54,-23.5,
20250414,10:12:55,-23.5,
20250414,10:12:55,-23.4,
20250414,10:12:55,-23.5,
20250414,10:12:56,-23.4,
20250414,10:12:56,-23.4,
20250414,10:12:56,-23.5,
20250414,10:12:56,-23.6,
20250414,10:12:57,-23.7,
20250414,10:12:57,-23.8,
20250414,10:12:57,-24.4,
20250414,10:12:58,-24.7,
20250414,10:12:58,-24.7,
20250414,10:12:58,-24.7,
20250414,10:12:58,-24.6,
20250414,10:12:59,-24.6,
20250414,10:12:59,-24.6,
20250414,10:12:59,-24.6,
20250414,10:12:59,-24.7,
20250414,10:13:00,-24.9,
20250414,10:13:00,-25,
20250414,10:13:00,-24.9,
20250414,10:13:01,-24.7,
20250414,10:13:01,-24.3,
20250414,10:13:01,-23.8,
20250414,10:13:01,-23.9,
20250414,10:13:02,-24.1,
20250414,10:13:02,-24.4,
20250414,10:13:02,-24.5,
20250414,10:13:02,-23.8,
20250414,10:13:03,-23.6,
20250414,10:13:03,-23.8,
20250414,10:13:03,-24.1,
20250414,10:13:04,-24.1,
20250414,10:13:04,-24.1,
20250414,10:13:04,-23.9,
20250414,10:13:04,-24,
20250414,10:13:05,-24,
20250414,10:13:05,-24.3,
20250414,10:13:05,-24.4,
20250414,10:13:06,-24.4,
20250414,10:13:06,-24.3,
20250414,10:13:06,-24.3,
20250414,10:13:06,-24.3,
20250414,10:13:07,-24.5,
20250414,10:13:07,-24.5,
20250414,10:13:07,-24.4,
20250414,10:13:07,-24.2,
20250414,10:13:08,-24.1,
20250414,10:13:08,-24.1,
20250414,10:13:08,-24,
20250414,10:13:09,-23.9,
20250414,10:13:09,-23.8,
20250414,10:13:09,-23.8,
20250414,10:13:09,-23.8,
20250414,10:13:10,-23.8,
20250414,10:13:10,-23.6,
20250414,10:13:10,-23.5,
20250414,10:13:11,-23.4,
20250414,10:13:11,-23.3,
20250414,10:13:11,-23.4,
20250414,10:13:11,-23.3,
20250414,10:13:12,-23.5,
20250414,10:13:12,-23.4,
20250414,10:13:12,-23.4,
20250414,10:13:12,-23.7,
20250414,10:13:13,-23.8,
20250414,10:13:13,-23.7,
20250414,10:13:13,-23.6,
20250414,10:13:14,-23.5,
20250414,10:13:14,-23.5,
20250414,10:13:14,-23.8,
20250414,10:13:14,-24.1,
20250414,10:13:15,-24.2,
20250414,10:13:15,-24.1,
20250414,10:13:15,-23.9,
20250414,10:13:15,-23.9,
20250414,10:13:16,-23.9,
20250414,10:13:16,-23.9,
20250414,10:13:16,-23.8,
20250414,10:13:17,-23.8,
20250414,10:13:17,-23.4,
20250414,10:13:17,-22.9,
20250414,10:13:17,-22.5,
20250414,10:13:18,-22.1,
20250414,10:13:18,-22.1,
20250414,10:13:18,-21.9,
20250414,10:13:19,-21.6,
20250414,10:13:19,-21.8,
20250414,10:13:19,-21.6,
20250414,10:13:19,-21.5,
20250414,10:13:20,-21.4,
20250414,10:13:20,-21.9,
20250414,10:13:20,-21.7,
20250414,10:13:20,-21.7,
20250414,10:13:21,-21.7,
20250414,10:13:21,-21.6,
20250414,10:13:21,-21.7,
20250414,10:13:22,-21.6,
20250414,10:13:22,-22,
20250414,10:13:22,-22.4,
20250414,10:13:22,-22.6,
20250414,10:13:23,-22.4,
20250414,10:13:23,-22.3,
20250414,10:13:23,-22.1,
20250414,10:13:24,-22.4,
20250414,10:13:24,-22.6,
20250414,10:13:24,-22.7,
20250414,10:13:24,-22.4,
20250414,10:13:25,-22.4,
20250414,10:13:25,-22.3,
20250414,10:13:25,-22.1,
20250414,10:13:25,-21.7,
20250414,10:13:26,-21.4,
20250414,10:13:26,-21.7,
20250414,10:13:26,-21.9,
20250414,10:13:27,-22.9,
20250414,10:13:27,-23,
20250414,10:13:27,-22.6,
20250414,10:13:27,-22.8,
20250414,10:13:28,-22.5,
20250414,10:13:28,-22.1,
20250414,10:13:28,-21.1,
20250414,10:13:29,-20.1,
20250414,10:13:29,-19.4,
20250414,10:13:29,-19.1,
20250414,10:13:29,-19.1,
20250414,10:13:30,-19.1,
20250414,10:13:30,-19,
20250414,10:13:30,-19.3,
20250414,10:13:30,-19.7,
20250414,10:13:31,-20.3,
20250414,10:13:31,-20.5,
20250414,10:13:31,-21.2,
20250414,10:13:32,-20.9,
20250414,10:13:32,-21.2,
20250414,10:13:32,-21.2,
20250414,10:13:32,-21.4,
20250414,10:13:33,-21.6,
20250414,10:13:33,-21.8,
20250414,10:13:33,-22,
20250414,10:13:33,-22.4,
20250414,10:13:34,-22.6,
20250414,10:13:34,-22.6,
20250414,10:13:34,-22.1,
20250414,10:13:35,-21.8,
20250414,10:13:35,-21.5,
20250414,10:13:35,-21.4,
20250414,10:13:35,-21.1,
20250414,10:13:36,-21,
20250414,10:13:36,-20.9,
20250414,10:13:36,-20.8,
20250414,10:13:37,-20.7,
20250414,10:13:37,-20.9,
20250414,10:13:37,-20.8,
20250414,10:13:37,-20.8,
20250414,10:13:38,-20.7,
20250414,10:13:38,-20.7,
20250414,10:13:38,-20.4,
20250414,10:13:39,-20.1,
20250414,10:13:39,-19.9,
20250414,10:13:39,-19.7,
20250414,10:13:39,-19.8,
20250414,10:13:40,-20.4,
20250414,10:13:40,-20.9,
20250414,10:13:40,-21.1,
20250414,10:13:40,-20.9,
20250414,10:13:41,-20.6,
20250414,10:13:41,-20.7,
20250414,10:13:41,-20.4,
20250414,10:13:42,-20.5,
20250414,10:13:42,-20.7,
20250414,10:13:42,-21.3,
20250414,10:13:42,-21.8,
20250414,10:13:43,-22.3,
20250414,10:13:43,-22.7,
20250414,10:13:43,-22.6,
20250414,10:13:43,-22.1,
20250414,10:13:44,-22.1,
20250414,10:13:44,-22.1,
20250414,10:13:44,-21.2,
20250414,10:13:45,-22.1,
20250414,10:13:45,-22.6,
20250414,10:13:45,-23,
20250414,10:13:45,-23.3,
20250414,10:13:46,-23.6,
20250414,10:13:46,-23.7,
20250414,10:13:46,-23.7,
20250414,10:13:46,-23.8,
20250414,10:13:47,-23.8,
20250414,10:13:47,-23.7,
20250414,10:13:47,-23.3,
20250414,10:13:48,-23.1,
20250414,10:13:48,-23.2,
20250414,10:13:48,-23.3,
20250414,10:13:48,-23.3,
20250414,10:13:49,-23.3,
20250414,10:13:49,-23.1,
20250414,10:13:49,-22.9,
20250414,10:13:50,-23.1,
20250414,10:13:50,-23.2,
20250414,10:13:50,-23.2,
20250414,10:13:50,-23,
20250414,10:13:51,-22.7,
20250414,10:13:51,-22.5,
20250414,10:13:51,-22.2,
20250414,10:13:51,-22.3,
20250414,10:13:52,-22.7,
20250414,10:13:52,-22.8,
20250414,10:13:52,-22.8,
20250414,10:13:53,-22.7,
20250414,10:13:53,-22.6,
20250414,10:13:53,-22.4,
20250414,10:13:53,-22.2,
20250414,10:13:54,-22.1,
20250414,10:13:54,-22.1,
20250414,10:13:54,-22.1,
20250414,10:13:55,-22.2,
20250414,10:13:55,-22.2,
20250414,10:13:55,-22.4,
20250414,10:13:55,-22.5,
20250414,10:13:56,-22.6,
20250414,10:13:56,-22.6,
20250414,10:13:56,-22.5,
20250414,10:13:56,-22.5,
20250414,10:13:57,-22.4,
20250414,10:13:57,-22.4,
20250414,10:13:57,-22.3,
20250414,10:13:58,-22.5,
20250414,10:13:58,-22.9,
20250414,10:13:58,-23.2,
20250414,10:13:58,-23.5,
20250414,10:13:59,-23.5,
20250414,10:13:59,-23.3,
20250414,10:13:59,-23.1,
20250414,10:14:00,-22.9,
20250414,10:14:00,-22.9,
20250414,10:14:00,-22.7,
20250414,10:14:00,-22.7,
20250414,10:14:01,-22.7,
20250414,10:14:01,-22.8,
20250414,10:14:01,-22.6,
20250414,10:14:01,-22.6,
20250414,10:14:02,-22.6,
20250414,10:14:02,-22.6,
20250414,10:14:02,-22.6,
20250414,10:14:03,-22.6,
20250414,10:14:03,-22.7,
20250414,10:14:03,-22.7,
20250414,10:14:03,-22.7,
20250414,10:14:04,-22.8,
20250414,10:14:04,-22.8,
20250414,10:14:04,-22.7,
20250414,10:14:04,-22.8,
20250414,10:14:05,-22.9,
20250414,10:14:05,-22.9,
20250414,10:14:05,-22.9,
20250414,10:14:06,-23.1,
20250414,10:14:06,-23.7,
20250414,10:14:06,-24.4,
20250414,10:14:06,-24.7,
20250414,10:14:07,-25,
20250414,10:14:07,-25.1,
20250414,10:14:07,-25.1,
20250414,10:14:08,-25.1,
20250414,10:14:08,-25,
20250414,10:14:08,-24.8,
20250414,10:14:08,-24.5,
20250414,10:14:09,-24.3,
20250414,10:14:09,-24.2,
20250414,10:14:09,-24.1,
20250414,10:14:10,-24.1,
20250414,10:14:10,-24,
20250414,10:14:10,-23.9,
20250414,10:14:10,-23.8,
20250414,10:14:11,-23.8,
20250414,10:14:11,-23.8,
20250414,10:14:11,-23.7,
20250414,10:14:11,-23.7,
20250414,10:14:12,-23.7,
20250414,10:14:12,-23.8,
20250414,10:14:12,-23.8,
20250414,10:14:13,-23.8,
20250414,10:14:13,-24,
20250414,10:14:13,-24.2,
20250414,10:14:13,-24.3,
20250414,10:14:14,-24.6,
20250414,10:14:14,-24.6,
20250414,10:14:14,-24.6,
20250414,10:14:14,-24.5,
20250414,10:14:15,-24.4,
20250414,10:14:15,-24.2,
20250414,10:14:15,-24.2,
20250414,10:14:16,-24.3,
20250414,10:14:16,-24.3,
20250414,10:14:16,-24.3,
20250414,10:14:16,-24.2,
20250414,10:14:17,-24.2,
20250414,10:14:17,-24.2,
20250414,10:14:17,-24.2,
20250414,10:14:18,-24.2,
20250414,10:14:18,-24.3,
20250414,10:14:18,-24.3,
20250414,10:14:18,-24.4,
20250414,10:14:19,-24.5,
20250414,10:14:19,-24.6,
20250414,10:14:19,-24.8,
20250414,10:14:19,-24.8,
20250414,10:14:20,-24.7,
20250414,10:14:20,-24.6,
20250414,10:14:20,-24.4,
20250414,10:14:21,-24.7,
20250414,10:14:21,-25.1,
20250414,10:14:21,-25.4,
20250414,10:14:21,-25.4,
20250414,10:14:22,-25.4,
20250414,10:14:22,-25.4,
20250414,10:14:22,-25.4,
20250414,10:14:23,-25.3,
20250414,10:14:23,-25.1,
20250414,10:14:23,-24.8,
20250414,10:14:23,-24.6,
20250414,10:14:24,-24.6,
20250414,10:14:24,-24.5,
20250414,10:14:24,-24.5,
20250414,10:14:24,-24.4,
20250414,10:14:25,-24.3,
20250414,10:14:25,-24.3,
20250414,10:14:25,-24.2,
20250414,10:14:26,-24.3,
20250414,10:14:26,-24.3,
20250414,10:14:26,-24.2,
20250414,10:14:26,-24.1,
20250414,10:14:27,-24,
20250414,10:14:27,-24,
20250414,10:14:27,-24,
20250414,10:14:27,-24,
20250414,10:14:28,-24.1,
20250414,10:14:28,-24.2,
20250414,10:14:28,-24.3,
20250414,10:14:29,-24.4,
20250414,10:14:29,-24.5,
20250414,10:14:29,-24.6,
20250414,10:14:29,-24.8,
20250414,10:14:30,-25.1,
20250414,10:14:30,-25.2,
20250414,10:14:30,-25.2,
20250414,10:14:31,-25.1,
20250414,10:14:31,-24.9,
20250414,10:14:31,-24.8,
20250414,10:14:31,-24.7,
20250414,10:14:32,-24.8,
20250414,10:14:32,-24.9,
20250414,10:14:32,-25.1,
20250414,10:14:32,-25.1,
20250414,10:14:33,-24.9,
20250414,10:14:33,-24.9,
20250414,10:14:33,-24.8,
20250414,10:14:34,-24.7,
20250414,10:14:34,-24.3,
20250414,10:14:34,-24.2,
20250414,10:14:34,-24.2,
20250414,10:14:35,-24.4,
20250414,10:14:35,-24.7,
20250414,10:14:35,-25,
20250414,10:14:35,-25,
20250414,10:14:36,-25.1,
20250414,10:14:36,-25.4,
20250414,10:14:36,-25.6,
20250414,10:14:37,-25.9,
20250414,10:14:37,-25.9,
20250414,10:14:37,-25.9,
20250414,10:14:37,-25.7,
20250414,10:14:38,-25.5,
20250414,10:14:38,-25.2,
20250414,10:14:38,-24.9,
20250414,10:14:39,-24.6,
20250414,10:14:39,-24.6,
20250414,10:14:39,-24.6,
20250414,10:14:39,-24.6,
20250414,10:14:40,-24.8,
20250414,10:14:40,-24.9,
20250414,10:14:40,-25,
20250414,10:14:41,-25.2,
20250414,10:14:41,-25.3,
20250414,10:14:41,-25.4,
20250414,10:14:41,-25.5,
20250414,10:14:42,-25.5,
20250414,10:14:42,-25.5,
20250414,10:14:42,-25.5,
20250414,10:14:42,-25.6,
20250414,10:14:43,-25.6,
20250414,10:14:43,-25.7,
20250414,10:14:43,-25.8,
20250414,10:14:44,-25.8,
20250414,10:14:44,-25.9,
20250414,10:14:44,-26,
20250414,10:14:44,-26,
20250414,10:14:45,-26,
20250414,10:14:45,-26,
20250414,10:14:45,-26.1,
20250414,10:14:45,-26.1,
20250414,10:14:46,-26.3,
20250414,10:14:46,-26.3,
20250414,10:14:46,-26.6,
20250414,10:14:47,-26.8,
20250414,10:14:47,-27,
20250414,10:14:47,-26.9,
20250414,10:14:47,-26.8,
20250414,10:14:48,-26.7,
20250414,10:14:48,-26.6,
20250414,10:14:48,-26.6,
20250414,10:14:49,-26.5,
20250414,10:14:49,-26.6,
20250414,10:14:49,-26.7,
20250414,10:14:49,-26.7,
20250414,10:14:50,-26.8,
20250414,10:14:50,-26.8,
20250414,10:14:50,-26.8,
20250414,10:14:50,-26.8,
20250414,10:14:51,-26.9,
20250414,10:14:51,-26.8,
20250414,10:14:51,-26.8,
20250414,10:14:52,-26.9,
20250414,10:14:52,-26.9,
20250414,10:14:52,-27,
20250414,10:14:52,-27,
20250414,10:14:53,-27.2,
20250414,10:14:53,-27.6,
20250414,10:14:53,-28,
20250414,10:14:54,-28.1,
20250414,10:14:54,-28.3,
20250414,10:14:54,-28.7,
20250414,10:14:54,-28.7,
20250414,10:14:55,-28.9,
20250414,10:14:55,-29,
20250414,10:14:55,-29.1,
20250414,10:14:55,-29.2,
20250414,10:14:56,-29,
20250414,10:14:56,-28.9,
20250414,10:14:56,-29,
20250414,10:14:57,-28.9,
20250414,10:14:57,-28.7,
20250414,10:14:57,-28.4,
20250414,10:14:57,-28.1,
20250414,10:14:58,-27.9,
20250414,10:14:58,-27.8,
20250414,10:14:58,-28,
20250414,10:14:59,-28.4,
20250414,10:14:59,-28.4,
20250414,10:14:59,-28.3,
20250414,10:14:59,-28.3,
20250414,10:15:00,-28,
20250414,10:15:00,-27.8,
20250414,10:15:00,-27.5,
20250414,10:15:00,-27.4,
20250414,10:15:01,-27.3,
20250414,10:15:01,-27.3,
20250414,10:15:01,-27.2,
20250414,10:15:02,-27.2,
20250414,10:15:02,-27.2,
20250414,10:15:02,-27.2,
20250414,10:15:02,-27.5,
20250414,10:15:03,-27.9,
20250414,10:15:03,-28.1,
20250414,10:15:03,-28.1,
20250414,10:15:03,-28,
20250414,10:15:04,-27.9,
20250414,10:15:04,-27.6,
20250414,10:15:04,-27.7,
20250414,10:15:05,-27.9,
20250414,10:15:05,-28,
20250414,10:15:05,-28.2,
20250414,10:15:05,-28.2,
20250414,10:15:06,-28.1,
20250414,10:15:06,-28,
20250414,10:15:06,-28,
20250414,10:15:07,-27.9,
20250414,10:15:07,-27.9,
20250414,10:15:07,-27.9,
20250414,10:15:07,-27.9,
20250414,10:15:08,-28,
20250414,10:15:08,-28.1,
20250414,10:15:08,-28.3,
20250414,10:15:08,-28.1,
20250414,10:15:09,-27.9,
20250414,10:15:09,-27.6,
20250414,10:15:09,-27.2,
20250414,10:15:10,-26.8,
20250414,10:15:10,-26.6,
20250414,10:15:10,-26.4,
20250414,10:15:10,-26.4,
20250414,10:15:11,-26.3,
20250414,10:15:11,-26.1,
20250414,10:15:11,-26.1,
20250414,10:15:12,-26.2,
20250414,10:15:12,-26.2,
20250414,10:15:12,-26.3,
20250414,10:15:12,-26.4,
20250414,10:15:13,-27,
20250414,10:15:13,-27.2,
20250414,10:15:13,-27.4,
20250414,10:15:13,-27.3,
20250414,10:15:14,-27.2,
20250414,10:15:14,-27.1,
20250414,10:15:14,-27,
20250414,10:15:15,-26.9,
20250414,10:15:15,-26.7,
20250414,10:15:15,-26.6,
20250414,10:15:15,-26.7,
20250414,10:15:16,-27.1,
20250414,10:15:16,-27.1,
20250414,10:15:16,-27.2,
20250414,10:15:16,-27.1,
20250414,10:15:17,-27.1,
20250414,10:15:17,-27,
20250414,10:15:17,-27,
20250414,10:15:18,-27.1,
20250414,10:15:18,-27.1,
20250414,10:15:18,-27.1,
20250414,10:15:18,-27.1,
20250414,10:15:19,-27.1,
20250414,10:15:19,-27.2,
20250414,10:15:19,-27.2,
20250414,10:15:20,-27.2,
20250414,10:15:20,-27.2,
20250414,10:15:20,-27.2,
20250414,10:15:20,-27.2,
20250414,10:15:21,-27.3,
20250414,10:15:21,-27.3,
20250414,10:15:21,-27.4,
20250414,10:15:21,-27.7,
20250414,10:15:22,-28,
20250414,10:15:22,-28.2,
20250414,10:15:22,-28.4,
20250414,10:15:23,-28.4,
20250414,10:15:23,-28.3,
20250414,10:15:23,-28.1,
20250414,10:15:23,-28,
20250414,10:15:24,-28,
20250414,10:15:24,-28,
20250414,10:15:24,-28,
20250414,10:15:25,-28,
20250414,10:15:25,-28,
20250414,10:15:25,-28,
20250414,10:15:25,-28,
20250414,10:15:26,-28.2,
20250414,10:15:26,-28.2,
20250414,10:15:26,-28.2,
20250414,10:15:26,-28.2,
20250414,10:15:27,-28.2,
20250414,10:15:27,-28.3,
20250414,10:15:27,-28.3,
20250414,10:15:28,-28.4,
20250414,10:15:28,-28.4,
20250414,10:15:28,-28.5,
20250414,10:15:28,-28.5,
20250414,10:15:29,-28.5,
20250414,10:15:29,-28.6,
20250414,10:15:29,-28.5,
20250414,10:15:30,-28.6,
20250414,10:15:30,-28.6,
20250414,10:15:30,-28.7,
20250414,10:15:30,-28.7,
20250414,10:15:31,-28.8,
20250414,10:15:31,-29,
20250414,10:15:31,-29.3,
20250414,10:15:31,-29.5,
20250414,10:15:32,-29.5,
20250414,10:15:32,-29.5,
20250414,10:15:32,-29.4,
20250414,10:15:33,-29.2,
20250414,10:15:33,-29.1,
20250414,10:15:33,-29,
20250414,10:15:33,-29.1,
20250414,10:15:34,-29,
20250414,10:15:34,-29.1,
20250414,10:15:34,-29.2,
20250414,10:15:34,-29.1,
20250414,10:15:35,-29.2,
20250414,10:15:35,-29.2,
20250414,10:15:35,-29.3,
20250414,10:15:36,-29.3,
20250414,10:15:36,-29.4,
20250414,10:15:36,-29.4,
20250414,10:15:36,-29.5,
20250414,10:15:37,-29.5,
20250414,10:15:37,-29.5,
20250414,10:15:37,-29.5,
20250414,10:15:38,-29.6,
20250414,10:15:38,-29.6,
20250414,10:15:38,-29.8,
20250414,10:15:38,-29.8,
20250414,10:15:39,-30.2,
20250414,10:15:39,-30.6,
20250414,10:15:39,-30.8,
20250414,10:15:40,-30.9,
20250414,10:15:40,-30.9,
20250414,10:15:40,-30.7,
20250414,10:15:40,-30.5,
20250414,10:15:41,-30.4,
20250414,10:15:41,-30.3,
20250414,10:15:41,-30.5,
20250414,10:15:41,-31.1,
20250414,10:15:42,-31.5,
20250414,10:15:42,-31.5,
20250414,10:15:42,-31.5,
20250414,10:15:43,-31.2,
20250414,10:15:43,-30.8,
20250414,10:15:43,-30.5,
20250414,10:15:43,-30.3,
20250414,10:15:44,-30.2,
20250414,10:15:44,-30,
20250414,10:15:44,-30,
20250414,10:15:44,-29.9,
20250414,10:15:45,-29.9,
20250414,10:15:45,-29.9,
20250414,10:15:45,-30,
20250414,10:15:46,-30,
20250414,10:15:46,-30,
20250414,10:15:46,-30.1,
20250414,10:15:46,-30.1,
20250414,10:15:47,-30.2,
20250414,10:15:47,-30.2,
20250414,10:15:47,-30.2,
20250414,10:15:47,-30.2,
20250414,10:15:48,-30.2,
20250414,10:15:48,-30.2,
20250414,10:15:48,-30.2,
20250414,10:15:49,-30.2,
20250414,10:15:49,-30.2,
20250414,10:15:49,-30.2,
20250414,10:15:49,-30.3,
20250414,10:15:50,-30.3,
20250414,10:15:50,-30.4,
20250414,10:15:50,-30.5,
20250414,10:15:51,-30.4,
20250414,10:15:51,-30.5,
20250414,10:15:51,-30.5,
20250414,10:15:51,-30.7,
20250414,10:15:52,-31.2,
20250414,10:15:52,-31.7,
20250414,10:15:52,-31.8,
20250414,10:15:52,-31.8,
20250414,10:15:53,-31.7,
20250414,10:15:53,-31.9,
20250414,10:15:53,-32.3,
20250414,10:15:54,-32.5,
20250414,10:15:54,-32.7,
20250414,10:15:54,-32.6,
20250414,10:15:54,-32.6,
20250414,10:15:55,-32.6,
20250414,10:15:55,-32.5,
20250414,10:15:55,-32.6,
20250414,10:15:56,-32.5,
20250414,10:15:56,-32.5,
20250414,10:15:56,-32.5,
20250414,10:15:56,-32.3,
20250414,10:15:57,-32,
20250414,10:15:57,-31.9,
20250414,10:15:57,-31.7,
20250414,10:15:57,-31.7,
20250414,10:15:58,-31.8,
20250414,10:15:58,-31.9,
20250414,10:15:58,-32,
20250414,10:15:59,-31.9,
20250414,10:15:59,-31.7,
20250414,10:15:59,-31.6,
20250414,10:15:59,-31.8,
20250414,10:16:00,-32,
20250414,10:16:00,-32.3,
20250414,10:16:00,-32.2,
20250414,10:16:01,-32.3,
20250414,10:16:01,-32.3,
20250414,10:16:01,-32.4,
20250414,10:16:01,-32.6,
20250414,10:16:02,-32.6,
20250414,10:16:02,-32.6,
20250414,10:16:02,-32.4,
20250414,10:16:02,-32.2,
20250414,10:16:03,-31.9,
20250414,10:16:03,-31.5,
20250414,10:16:03,-31.2,
20250414,10:16:04,-30.9,
20250414,10:16:04,-30.6,
20250414,10:16:04,-30.4,
20250414,10:16:04,-30.1,
20250414,10:16:05,-30.1,
20250414,10:16:05,-30.1,
20250414,10:16:05,-30.3,
20250414,10:16:05,-30.7,
20250414,10:16:06,-31,
20250414,10:16:06,-31.2,
20250414,10:16:06,-31.4,
20250414,10:16:07,-31.5,
20250414,10:16:07,-31.6,
20250414,10:16:07,-31.6,
20250414,10:16:07,-31.7,
20250414,10:16:08,-31.7,
20250414,10:16:08,-31.6,
20250414,10:16:08,-31.5,
20250414,10:16:09,-31.4,
20250414,10:16:09,-31.4,
20250414,10:16:09,-31.4,
20250414,10:16:09,-31.4,
20250414,10:16:10,-31.2,
20250414,10:16:10,-31.1,
20250414,10:16:10,-31,
20250414,10:16:11,-31,
20250414,10:16:11,-30.9,
20250414,10:16:11,-30.9,
20250414,10:16:11,-30.8,
20250414,10:16:12,-30.8,
20250414,10:16:12,-30.8,
20250414,10:16:12,-30.8,
20250414,10:16:12,-30.8,
20250414,10:16:13,-30.8,
20250414,10:16:13,-30.8,
20250414,10:16:13,-30.9,
20250414,10:16:14,-30.9,
20250414,10:16:14,-31,
20250414,10:16:14,-31.1,
20250414,10:16:14,-31.1,
20250414,10:16:15,-31.1,
20250414,10:16:15,-31.1,
20250414,10:16:15,-31.2,
20250414,10:16:15,-31.3,
20250414,10:16:16,-31.3,
20250414,10:16:16,-31.2,
20250414,10:16:16,-31.4,
20250414,10:16:17,-31.4,
20250414,10:16:17,-31.5,
20250414,10:16:17,-31.5,
20250414,10:16:17,-31.6,
20250414,10:16:18,-31.5,
20250414,10:16:18,-31.6,
20250414,10:16:18,-31.7,
20250414,10:16:19,-31.8,
20250414,10:16:19,-31.8,
20250414,10:16:19,-31.9,
20250414,10:16:19,-31.9,
20250414,10:16:20,-31.9,
20250414,10:16:20,-31.9,
20250414,10:16:20,-31.9,
20250414,10:16:20,-31.9,
20250414,10:16:21,-32.1,
20250414,10:16:21,-32.3,
20250414,10:16:21,-32.4,
20250414,10:16:22,-32.4,
20250414,10:16:22,-32.3,
20250414,10:16:22,-32.2,
20250414,10:16:22,-32.1,
20250414,10:16:23,-32,
20250414,10:16:23,-31.8,
20250414,10:16:23,-31.8,
20250414,10:16:24,-31.8,
20250414,10:16:24,-31.8,
20250414,10:16:24,-31.8,
20250414,10:16:24,-31.8,
20250414,10:16:25,-31.9,
20250414,10:16:25,-32,
20250414,10:16:25,-32.3,
20250414,10:16:25,-32.7,
20250414,10:16:26,-33,
20250414,10:16:26,-33.2,
20250414,10:16:26,-33.1,
20250414,10:16:27,-32.9,
20250414,10:16:27,-32.8,
20250414,10:16:27,-32.7,
20250414,10:16:27,-32.6,
20250414,10:16:28,-32.6,
20250414,10:16:28,-32.5,
20250414,10:16:28,-32.4,
20250414,10:16:28,-32.3,
20250414,10:16:29,-32.4,
20250414,10:16:29,-32.3,
20250414,10:16:29,-32.3,
20250414,10:16:30,-32.3,
20250414,10:16:30,-32.3,
20250414,10:16:30,-32.4,
20250414,10:16:30,-32.7,
20250414,10:16:31,-33,
20250414,10:16:31,-33.2,
20250414,10:16:31,-33.5,
20250414,10:16:32,-33.5,
20250414,10:16:32,-33.4,
20250414,10:16:32,-33.2,
20250414,10:16:32,-33.1,
20250414,10:16:33,-33,
20250414,10:16:33,-32.8,
20250414,10:16:33,-32.8,
20250414,10:16:33,-32.6,
20250414,10:16:34,-32.6,
20250414,10:16:34,-32.6,
20250414,10:16:34,-33,
20250414,10:16:35,-33.3,
20250414,10:16:35,-33.7,
20250414,10:16:35,-33.7,
20250414,10:16:35,-33.5,
20250414,10:16:36,-33.5,
20250414,10:16:36,-33.4,
20250414,10:16:36,-33.3,
20250414,10:16:37,-33.2,
20250414,10:16:37,-32.9,
20250414,10:16:37,-32.6,
20250414,10:16:37,-32.3,
20250414,10:16:38,-32.3,
20250414,10:16:38,-32.3,
20250414,10:16:38,-32.3,
20250414,10:16:38,-32.3,
20250414,10:16:39,-32.3,
20250414,10:16:39,-32.4,
20250414,10:16:39,-32.5,
20250414,10:16:40,-32.6,
20250414,10:16:40,-32.5,
20250414,10:16:40,-32.3,
20250414,10:16:40,-32,
20250414,10:16:41,-31.6,
20250414,10:16:41,-31.5,
20250414,10:16:41,-31.7,
20250414,10:16:42,-31.7,
20250414,10:16:42,-31.7,
20250414,10:16:42,-31.5,
20250414,10:16:42,-31.4,
20250414,10:16:43,-31,
20250414,10:16:43,-30.6,
20250414,10:16:43,-30.5,
20250414,10:16:43,-29.9,
20250414,10:16:44,-29.4,
20250414,10:16:44,-29,
20250414,10:16:44,-28.9,
20250414,10:16:45,-28.8,
20250414,10:16:45,-28.7,
20250414,10:16:45,-28.8,
20250414,10:16:45,-29,
20250414,10:16:46,-29.3,
20250414,10:16:46,-29.5,
20250414,10:16:46,-29.4,
20250414,10:16:46,-29.3,
20250414,10:16:47,-29,
20250414,10:16:47,-28.9,
20250414,10:16:47,-28.7,
20250414,10:16:48,-28.6,
20250414,10:16:48,-28.6,
20250414,10:16:48,-28.7,
20250414,10:16:48,-28.8,
20250414,10:16:49,-28.8,
20250414,10:16:49,-28.9,
20250414,10:16:49,-28.9,
20250414,10:16:50,-29,
20250414,10:16:50,-29.1,
20250414,10:16:50,-29.2,
20250414,10:16:50,-29.3,
20250414,10:16:51,-29.4,
20250414,10:16:51,-29.6,
20250414,10:16:51,-29.9,
20250414,10:16:51,-30.1,
20250414,10:16:52,-30.2,
20250414,10:16:52,-30.2,
20250414,10:16:52,-30,
20250414,10:16:53,-29.9,
20250414,10:16:53,-29.8,
20250414,10:16:53,-29.7,
20250414,10:16:53,-29.8,
20250414,10:16:54,-29.8,
20250414,10:16:54,-29.8,
20250414,10:16:54,-29.9,
20250414,10:16:55,-29.9,
20250414,10:16:55,-30,
20250414,10:16:55,-30,
20250414,10:16:55,-30,
20250414,10:16:56,-30.2,
20250414,10:16:56,-30.1,
20250414,10:16:56,-30.1,
20250414,10:16:56,-29.9,
20250414,10:16:57,-29.8,
20250414,10:16:57,-29.7,
20250414,10:16:57,-29.7,
20250414,10:16:58,-29.6,
20250414,10:16:58,-29.7,
20250414,10:16:58,-29.8,
20250414,10:16:58,-29.8,
20250414,10:16:59,-29.8,
20250414,10:16:59,-30,
20250414,10:16:59,-30,
20250414,10:17:00,-30.2,
20250414,10:17:00,-30.3,
20250414,10:17:00,-30.4,
20250414,10:17:00,-30.3,
20250414,10:17:01,-29.1,
20250414,10:17:01,-29.1,
20250414,10:17:01,-28.9,
20250414,10:17:01,-28.7,
20250414,10:17:02,-28.6,
20250414,10:17:02,-28.8,
20250414,10:17:02,-29.1,
20250414,10:17:03,-29.4,
20250414,10:17:03,-29.5,
20250414,10:17:03,-29.3,
20250414,10:17:03,-29.2,
20250414,10:17:04,-29,
20250414,10:17:04,-29,
20250414,10:17:04,-28.9,
20250414,10:17:04,-28.6,
20250414,10:17:05,-28.2,
20250414,10:17:05,-28.1,
20250414,10:17:05,-28.1,
20250414,10:17:06,-28.2,
20250414,10:17:06,-28.4,
20250414,10:17:06,-28.8,
20250414,10:17:06,-28.9,
20250414,10:17:07,-28.8,
20250414,10:17:07,-28.6,
20250414,10:17:07,-28.5,
20250414,10:17:08,-28.5,
20250414,10:17:08,-28.6,
20250414,10:17:08,-28.7,
20250414,10:17:08,-28.7,
20250414,10:17:09,-28.5,
20250414,10:17:09,-28,
20250414,10:17:09,-27.6,
20250414,10:17:09,-27.2,
20250414,10:17:10,-27.1,
20250414,10:17:10,-26.9,
20250414,10:17:10,-26.8,
20250414,10:17:11,-27,
20250414,10:17:11,-27.2,
20250414,10:17:11,-27.3,
20250414,10:17:11,-27.6,
20250414,10:17:12,-27.6,
20250414,10:17:12,-27.8,
20250414,10:17:12,-28,
20250414,10:17:13,-28.4,
20250414,10:17:13,-28.7,
20250414,10:17:13,-28.7,
20250414,10:17:13,-28.7,
20250414,10:17:14,-28.6,
20250414,10:17:14,-28.6,
20250414,10:17:14,-28.6,
20250414,10:17:14,-28.7,
20250414,10:17:15,-29,
20250414,10:17:15,-29.1,
20250414,10:17:15,-29.1,
20250414,10:17:16,-29,
20250414,10:17:16,-28.9,
20250414,10:17:16,-28.7,
20250414,10:17:16,-28.5,
20250414,10:17:17,-28.3,
20250414,10:17:17,-28.3,
20250414,10:17:17,-28.4,
20250414,10:17:17,-28.5,
20250414,10:17:18,-28.7,
20250414,10:17:18,-28.8,
20250414,10:17:18,-28.9,
20250414,10:17:19,-28.8,
20250414,10:17:19,-28.7,
20250414,10:17:19,-28.6,
20250414,10:17:19,-28.6,
20250414,10:17:20,-28.6,
20250414,10:17:20,-28.6,
20250414,10:17:20,-28.6,
20250414,10:17:21,-28.6,
20250414,10:17:21,-28.7,
20250414,10:17:21,-28.7,
20250414,10:17:21,-28.7,
20250414,10:17:22,-28.7,
20250414,10:17:22,-28.7,
20250414,10:17:22,-28.9,
20250414,10:17:23,-28.9,
20250414,10:17:23,-29.3,
20250414,10:17:23,-29.5,
20250414,10:17:23,-29.6,
20250414,10:17:24,-29.6,
20250414,10:17:24,-29.6,
20250414,10:17:24,-29.6,
20250414,10:17:24,-29.7,
20250414,10:17:25,-29.8,
20250414,10:17:25,-29.8,
20250414,10:17:25,-29.8,
20250414,10:17:26,-29.8,
20250414,10:17:26,-29.7,
20250414,10:17:26,-29.4,
20250414,10:17:26,-29.3,
20250414,10:17:27,-29.4,
20250414,10:17:27,-29.8,
20250414,10:17:27,-29.8,
20250414,10:17:27,-29.8,
20250414,10:17:28,-29.7,
20250414,10:17:28,-29.3,
20250414,10:17:28,-29,
20250414,10:17:29,-28.8,
20250414,10:17:29,-28.5,
20250414,10:17:29,-28.2,
20250414,10:17:29,-28.1,
20250414,10:17:30,-28.1,
20250414,10:17:30,-28,
20250414,10:17:30,-28,
20250414,10:17:31,-27.9,
20250414,10:17:31,-28,
20250414,10:17:31,-28,
20250414,10:17:31,-28,
20250414,10:17:32,-28,
20250414,10:17:32,-28,
20250414,10:17:32,-28.1,
20250414,10:17:32,-28.1,
20250414,10:17:33,-28.2,
20250414,10:17:33,-28.2,
20250414,10:17:33,-28.3,
20250414,10:17:34,-28.3,
20250414,10:17:34,-28.3,
20250414,10:17:34,-28.4,
20250414,10:17:34,-28.3,
20250414,10:17:35,-28.4,
20250414,10:17:35,-28.4,
20250414,10:17:35,-28.4,
20250414,10:17:36,-28.5,
20250414,10:17:36,-28.6,
20250414,10:17:36,-28.6,
20250414,10:17:36,-28.6,
20250414,10:17:37,-28.6,
20250414,10:17:37,-28.6,
20250414,10:17:37,-28.6,
20250414,10:17:37,-28.7,
20250414,10:17:38,-28.7,
20250414,10:17:38,-28.7,
20250414,10:17:38,-28.8,
20250414,10:17:39,-28.8,
20250414,10:17:39,-28.8,
20250414,10:17:39,-28.9,
20250414,10:17:39,-28.9,
20250414,10:17:40,-29,
20250414,10:17:40,-29,
20250414,10:17:40,-29,
20250414,10:17:41,-29.1,
20250414,10:17:41,-29,
20250414,10:17:41,-29,
20250414,10:17:41,-29.1,
20250414,10:17:42,-29.2,
20250414,10:17:42,-29.3,
20250414,10:17:42,-29.3,
20250414,10:17:42,-29.3,
20250414,10:17:43,-29.3,
20250414,10:17:43,-29.2,
20250414,10:17:43,-29.2,
20250414,10:17:44,-29.2,
20250414,10:17:44,-29.3,
20250414,10:17:44,-29.2,
20250414,10:17:44,-29.3,
20250414,10:17:45,-29.4,
20250414,10:17:45,-29.4,
20250414,10:17:45,-29.4,
20250414,10:17:45,-29.6,
20250414,10:17:46,-29.5,
20250414,10:17:46,-29.6,
20250414,10:17:46,-29.6,
20250414,10:17:47,-29.6,
20250414,10:17:47,-29.7,
20250414,10:17:47,-29.7,
20250414,10:17:47,-29.7,
20250414,10:17:48,-29.7,
20250414,10:17:48,-29.8,
20250414,10:17:48,-29.8,
20250414,10:17:48,-29.8,
20250414,10:17:49,-29.8,
20250414,10:17:49,-29.8,
20250414,10:17:49,-29.7,
20250414,10:17:50,-29.7,
20250414,10:17:50,-29.8,
20250414,10:17:50,-29.8,
20250414,10:17:50,-29.8,
20250414,10:17:51,-30,
20250414,10:17:51,-30,
20250414,10:17:51,-30.3,
20250414,10:17:52,-30.4,
20250414,10:17:52,-30.4,
20250414,10:17:52,-30.4,
20250414,10:17:52,-30.3,
20250414,10:17:53,-30.4,
20250414,10:17:53,-30.3,
20250414,10:17:53,-30.3,
20250414,10:17:54,-30.4,
20250414,10:17:54,-30.3,
20250414,10:17:54,-30.3,
20250414,10:17:54,-30.3,
20250414,10:17:55,-30.4,
20250414,10:17:55,-30.3,
20250414,10:17:55,-30.4,
20250414,10:17:55,-30.4,
20250414,10:17:56,-30.4,
20250414,10:17:56,-30.4,
20250414,10:17:56,-30.4,
20250414,10:17:57,-30.4,
20250414,10:17:57,-30.5,
20250414,10:17:57,-30.5,
20250414,10:17:57,-30.6,
20250414,10:17:58,-30.8,
20250414,10:17:58,-31,
20250414,10:17:58,-31.1,
20250414,10:17:58,-31.2,
20250414,10:17:59,-31.1,
20250414,10:17:59,-31,
20250414,10:17:59,-31.1,
20250414,10:18:00,-31.5,
20250414,10:18:00,-31.7,
20250414,10:18:00,-31.9,
20250414,10:18:00,-32,
20250414,10:18:01,-31.9,
20250414,10:18:01,-31.7,
20250414,10:18:01,-31.6,
20250414,10:18:02,-31.5,
20250414,10:18:02,-31.3,
20250414,10:18:02,-31.3,
20250414,10:18:02,-31.2,
20250414,10:18:03,-31.2,
20250414,10:18:03,-31.2,
20250414,10:18:03,-31.2,
20250414,10:18:03,-31.2,
20250414,10:18:04,-31.2,
20250414,10:18:04,-31.2,
20250414,10:18:04,-31.3,
20250414,10:18:05,-31.5,
20250414,10:18:05,-32.1,
20250414,10:18:05,-32.6,
20250414,10:18:05,-33.1,
20250414,10:18:06,-33.3,
20250414,10:18:06,-33.4,
20250414,10:18:06,-33.3,
20250414,10:18:07,-33.3,
20250414,10:18:07,-33.2,
20250414,10:18:07,-33.2,
20250414,10:18:07,-33.1,
20250414,10:18:08,-32.9,
20250414,10:18:08,-32.7,
20250414,10:18:08,-32.5,
20250414,10:18:08,-32.4,
20250414,10:18:09,-32.3,
20250414,10:18:09,-32.2,
20250414,10:18:09,-32.3,
20250414,10:18:10,-32.5,
20250414,10:18:10,-33.1,
20250414,10:18:10,-33.5,
20250414,10:18:10,-33.7,
20250414,10:18:11,-33.7,
20250414,10:18:11,-33.6,
20250414,10:18:11,-33.4,
20250414,10:18:12,-33.2,
20250414,10:18:12,-33,
20250414,10:18:12,-32.8,
20250414,10:18:12,-32.6,
20250414,10:18:13,-32.5,
20250414,10:18:13,-32.4,
20250414,10:18:13,-32.3,
20250414,10:18:13,-32.3,
20250414,10:18:14,-32.2,
20250414,10:18:14,-32.2,
20250414,10:18:14,-32.3,
20250414,10:18:15,-32.5,
20250414,10:18:15,-32.7,
20250414,10:18:15,-32.8,
20250414,10:18:15,-32.9,
20250414,10:18:16,-32.7,
20250414,10:18:16,-32.5,
20250414,10:18:16,-32.3,
20250414,10:18:16,-32.2,
20250414,10:18:17,-32,
20250414,10:18:17,-31.8,
20250414,10:18:17,-31.7,
20250414,10:18:18,-31.6,
20250414,10:18:18,-31.5,
20250414,10:18:18,-31.6,
20250414,10:18:18,-31.8,
20250414,10:18:19,-32,
20250414,10:18:19,-32.1,
20250414,10:18:19,-32.1,
20250414,10:18:20,-32.1,
20250414,10:18:20,-32,
20250414,10:18:20,-32,
20250414,10:18:20,-32,
20250414,10:18:21,-31.9,
20250414,10:18:21,-32.1,
20250414,10:18:21,-32.4,
20250414,10:18:21,-32.8,
20250414,10:18:22,-32.9,
20250414,10:18:22,-32.8,
20250414,10:18:22,-32.5,
20250414,10:18:23,-32.2,
20250414,10:18:23,-31.8,
20250414,10:18:23,-31.7,
20250414,10:18:23,-31.5,
20250414,10:18:24,-31.4,
20250414,10:18:24,-31.5,
20250414,10:18:24,-31.5,
20250414,10:18:25,-31.6,
20250414,10:18:25,-31.6,
20250414,10:18:25,-31.7,
20250414,10:18:25,-31.8,
20250414,10:18:26,-32,
20250414,10:18:26,-32.4,
20250414,10:18:26,-32.9,
20250414,10:18:26,-33.3,
20250414,10:18:27,-33.6,
20250414,10:18:27,-34,
20250414,10:18:27,-34.1,
20250414,10:18:28,-34.1,
20250414,10:18:28,-34.1,
20250414,10:18:28,-34.2,
20250414,10:18:28,-34.2,
20250414,10:18:29,-34.2,
20250414,10:18:29,-34.1,
20250414,10:18:29,-34,
20250414,10:18:29,-33.9,
20250414,10:18:30,-33.8,
20250414,10:18:30,-33.7,
20250414,10:18:30,-33.6,
20250414,10:18:31,-33.4,
20250414,10:18:31,-33.4,
20250414,10:18:31,-33.4,
20250414,10:18:31,-33.9,
20250414,10:18:32,-34.2,
20250414,10:18:32,-34.4,
20250414,10:18:32,-34.4,
20250414,10:18:33,-34.1,
20250414,10:18:33,-33.8,
20250414,10:18:33,-33.5,
20250414,10:18:33,-33.3,
20250414,10:18:34,-33.6,
20250414,10:18:34,-33.9,
20250414,10:18:34,-34,
20250414,10:18:34,-34,
20250414,10:18:35,-33.8,
20250414,10:18:35,-33.6,
20250414,10:18:35,-33.4,
20250414,10:18:36,-33.4,
20250414,10:18:36,-33.2,
20250414,10:18:36,-33.2,
20250414,10:18:36,-33.1,
20250414,10:18:37,-33.1,
20250414,10:18:37,-33.2,
20250414,10:18:37,-33.1,
20250414,10:18:38,-33.2,
20250414,10:18:38,-33.1,
20250414,10:18:38,-33.1,
20250414,10:18:38,-33.2,
20250414,10:18:39,-33.2,
20250414,10:18:39,-33.2,
20250414,10:18:39,-33.2,
20250414,10:18:39,-33.2,
20250414,10:18:40,-33.1,
20250414,10:18:40,-33.2,
20250414,10:18:40,-33.2,
20250414,10:18:41,-33.2,
20250414,10:18:41,-33.2,
20250414,10:18:41,-33.2,
20250414,10:18:41,-33.2,
20250414,10:18:42,-33.2,
20250414,10:18:42,-33.2,
20250414,10:18:42,-33.2,
20250414,10:18:43,-33.2,
20250414,10:18:43,-33.2,
20250414,10:18:43,-33.2,
20250414,10:18:43,-33.2,
20250414,10:18:44,-33.2,
20250414,10:18:44,-33.2,
20250414,10:18:44,-33.1,
20250414,10:18:44,-33.1,
20250414,10:18:45,-33.2,
20250414,10:18:45,-33.2,
20250414,10:18:45,-33.3,
20250414,10:18:46,-33.2,
20250414,10:18:46,-33.3,
20250414,10:18:46,-33.3,
20250414,10:18:46,-33.3,
20250414,10:18:47,-33.3,
20250414,10:18:47,-33.5,
20250414,10:18:47,-33.9,
20250414,10:18:47,-34.1,
20250414,10:18:48,-34.4,
20250414,10:18:48,-34.3,
20250414,10:18:48,-34.3,
20250414,10:18:49,-34.3,
20250414,10:18:49,-34.1,
20250414,10:18:49,-34.1,
20250414,10:18:49,-34.1,
20250414,10:18:50,-34.2,
20250414,10:18:50,-34.2,
20250414,10:18:50,-34.2,
20250414,10:18:51,-34.1,
20250414,10:18:51,-34,
20250414,10:18:51,-34,
20250414,10:18:51,-34,
20250414,10:18:52,-34,
20250414,10:18:52,-34,
20250414,10:18:52,-34.1,
20250414,10:18:53,-34.1,
20250414,10:18:53,-34.1,
20250414,10:18:53,-34,
20250414,10:18:53,-34.1,
20250414,10:18:54,-34.2,
20250414,10:18:54,-34.2,
20250414,10:18:54,-34.3,
20250414,10:18:54,-34.4,
20250414,10:18:55,-34.3,
20250414,10:18:55,-34.3,
20250414,10:18:55,-34.3,
20250414,10:18:56,-34.2,
20250414,10:18:56,-34.1,
20250414,10:18:56,-34.1,
20250414,10:18:56,-34.2,
20250414,10:18:57,-34.2,
20250414,10:18:57,-34.2,
20250414,10:18:57,-34,
20250414,10:18:57,-34.1,
20250414,10:18:58,-34,
20250414,10:18:58,-34,
20250414,10:18:58,-34.1,
20250414,10:18:59,-34,
20250414,10:18:59,-34,
20250414,10:18:59,-34,
20250414,10:18:59,-34,
20250414,10:19:00,-34,
20250414,10:19:00,-34,
20250414,10:19:00,-34,
20250414,10:19:00,-34,
20250414,10:19:01,-34,
20250414,10:19:01,-33.9,
20250414,10:19:01,-34,
20250414,10:19:02,-33.9,
20250414,10:19:02,-33.9,
20250414,10:19:02,-33.9,
20250414,10:19:02,-33.9,
20250414,10:19:03,-33.9,
20250414,10:19:03,-33.9,
20250414,10:19:03,-33.9,
20250414,10:19:04,-33.9,
20250414,10:19:04,-33.9,
20250414,10:19:04,-34,
20250414,10:19:04,-34,
20250414,10:19:05,-34,
20250414,10:19:05,-34,
20250414,10:19:05,-34,
20250414,10:19:06,-34,
20250414,10:19:06,-34,
20250414,10:19:06,-34,
20250414,10:19:06,-34,
20250414,10:19:07,-34,
20250414,10:19:07,-34,
20250414,10:19:07,-34,
20250414,10:19:07,-34,
20250414,10:19:08,-34.1,
20250414,10:19:08,-34.5,
20250414,10:19:08,-34.7,
20250414,10:19:09,-34.9,
20250414,10:19:09,-34.9,
20250414,10:19:09,-34.8,
20250414,10:19:09,-34.8,
20250414,10:19:10,-34.9,
20250414,10:19:10,-35.4,
20250414,10:19:10,-35.7,
20250414,10:19:10,-35.9,
20250414,10:19:11,-36,
20250414,10:19:11,-35.9,
20250414,10:19:11,-35.9,
20250414,10:19:12,-35.8,
20250414,10:19:12,-35.7,
20250414,10:19:12,-35.7,
20250414,10:19:12,-35.7,
20250414,10:19:13,-35.6,
20250414,10:19:13,-35.7,
20250414,10:19:13,-35.8,
20250414,10:19:14,-35.9,
20250414,10:19:14,-36,
20250414,10:19:14,-36,
20250414,10:19:14,-36,
20250414,10:19:15,-35.9,
20250414,10:19:15,-35.9,
20250414,10:19:15,-35.8,
20250414,10:19:15,-35.7,
20250414,10:19:16,-35.6,
20250414,10:19:16,-35.6,
20250414,10:19:16,-35.6,
20250414,10:19:17,-35.5,
20250414,10:19:17,-35.5,
20250414,10:19:17,-35.4,
20250414,10:19:17,-35.5,
20250414,10:19:18,-35.5,
20250414,10:19:18,-35.6,
20250414,10:19:18,-35.6,
20250414,10:19:18,-35.6,
20250414,10:19:19,-35.6,
20250414,10:19:19,-35.7,
20250414,10:19:19,-35.6,
20250414,10:19:20,-35.7,
20250414,10:19:20,-35.7,
20250414,10:19:20,-35.7,
20250414,10:19:20,-35.9,
20250414,10:19:21,-36.2,
20250414,10:19:21,-36.5,
20250414,10:19:21,-36.6,
20250414,10:19:22,-36.5,
20250414,10:19:22,-36.4,
20250414,10:19:22,-36.2,
20250414,10:19:22,-36.3,
20250414,10:19:23,-36.2,
20250414,10:19:23,-36.4,
20250414,10:19:23,-36.4,
20250414,10:19:24,-36.3,
20250414,10:19:24,-36.3,
20250414,10:19:24,-36.4,
20250414,10:19:24,-36.5,
20250414,10:19:25,-36.7,
20250414,10:19:25,-36.7,
20250414,10:19:25,-36.6,
20250414,10:19:25,-36.6,
20250414,10:19:26,-36.7,
20250414,10:19:26,-36.9,
20250414,10:19:26,-37,
20250414,10:19:27,-37.1,
20250414,10:19:27,-36.9,
20250414,10:19:27,-36.8,
20250414,10:19:27,-36.8,
20250414,10:19:28,-36.9,
20250414,10:19:28,-36.9,
20250414,10:19:28,-36.9,
20250414,10:19:28,-36.7,
20250414,10:19:29,-36.7,
20250414,10:19:29,-36.9,
20250414,10:19:29,-37.1,
20250414,10:19:30,-37.3,
20250414,10:19:30,-37.2,
20250414,10:19:30,-37.3,
20250414,10:19:30,-37.2,
20250414,10:19:31,-37.4,
20250414,10:19:31,-37.6,
20250414,10:19:31,-38,
20250414,10:19:32,-38.2,
20250414,10:19:32,-38,
20250414,10:19:32,-37.8,
20250414,10:19:32,-37.5,
20250414,10:19:33,-37.3,
20250414,10:19:33,-37.1,
20250414,10:19:33,-36.8,
20250414,10:19:33,-36.7,
20250414,10:19:34,-36.6,
20250414,10:19:34,-36.8,
20250414,10:19:34,-37.1,
20250414,10:19:35,-37.4,
20250414,10:19:35,-37.4,
20250414,10:19:35,-37.4,
20250414,10:19:35,-37.3,
20250414,10:19:36,-37.2,
20250414,10:19:36,-37,
20250414,10:19:36,-36.8,
20250414,10:19:37,-36.7,
20250414,10:19:37,-36.6,
20250414,10:19:37,-36.7,
20250414,10:19:37,-36.9,
20250414,10:19:38,-37.1,
20250414,10:19:38,-37.2,
20250414,10:19:38,-37.2,
20250414,10:19:38,-37.2,
20250414,10:19:39,-37.2,
20250414,10:19:39,-37.3,
20250414,10:19:39,-37.4,
20250414,10:19:40,-37.4,
20250414,10:19:40,-37.4,
20250414,10:19:40,-37.6,
20250414,10:19:40,-37.8,
20250414,10:19:41,-37.7,
20250414,10:19:41,-37.7,
20250414,10:19:41,-37.6,
20250414,10:19:41,-37.4,
20250414,10:19:42,-37.4,
20250414,10:19:42,-37.5,
20250414,10:19:42,-38,
20250414,10:19:43,-38.3,
20250414,10:19:43,-38.6,
20250414,10:19:43,-38.8,
20250414,10:19:43,-38.7,
20250414,10:19:44,-38.5,
20250414,10:19:44,-38.5,
20250414,10:19:44,-38.3,
20250414,10:19:45,-38.2,
20250414,10:19:45,-37.9,
20250414,10:19:45,-37.8,
20250414,10:19:45,-37.6,
20250414,10:19:46,-37.4,
20250414,10:19:46,-37.2,
20250414,10:19:46,-37,
20250414,10:19:46,-36.8,
20250414,10:19:47,-36.6,
20250414,10:19:47,-36.3,
20250414,10:19:47,-36.2,
20250414,10:19:48,-36.1,
20250414,10:19:48,-36,
20250414,10:19:48,-35.7,
20250414,10:19:48,-35.5,
20250414,10:19:49,-35.2,
20250414,10:19:49,-34.9,
20250414,10:19:49,-34.7,
20250414,10:19:50,-34.6,
20250414,10:19:50,-34.7,
20250414,10:19:50,-34.8,
20250414,10:19:50,-34.8,
20250414,10:19:51,-34.8,
20250414,10:19:51,-34.9,
20250414,10:19:51,-34.8,
20250414,10:19:51,-34.7,
20250414,10:19:52,-34.5,
20250414,10:19:52,-34.3,
20250414,10:19:52,-34.2,
20250414,10:19:53,-34.3,
20250414,10:19:53,-34.5,
20250414,10:19:53,-34.7,
20250414,10:19:53,-34.8,
20250414,10:19:54,-34.8,
20250414,10:19:54,-34.8,
20250414,10:19:54,-34.9,
20250414,10:19:55,-34.9,
20250414,10:19:55,-34.9,
20250414,10:19:55,-35,
20250414,10:19:55,-35,
20250414,10:19:56,-34.9,
20250414,10:19:56,-35,
20250414,10:19:56,-35.1,
20250414,10:19:56,-35.1,
20250414,10:19:57,-35.1,
20250414,10:19:57,-35.1,
20250414,10:19:57,-34.9,
20250414,10:19:58,-34.9,
20250414,10:19:58,-34.9,
20250414,10:19:58,-34.9,
20250414,10:19:58,-34.9,
20250414,10:19:59,-34.9,
20250414,10:19:59,-35.1,
20250414,10:19:59,-35.1,
20250414,10:19:59,-35.3,
20250414,10:20:00,-35.5,
20250414,10:20:00,-35.7,
20250414,10:20:00,-35.6,
20250414,10:20:01,-35.7,
20250414,10:20:01,-35.7,
20250414,10:20:01,-35.7,
20250414,10:20:01,-35.6,
20250414,10:20:02,-35.5,
20250414,10:20:02,-35.5,
20250414,10:20:02,-35.5,
20250414,10:20:03,-35.5,
20250414,10:20:03,-35.7,
20250414,10:20:03,-35.7,
20250414,10:20:03,-35.8,
20250414,10:20:04,-35.7,
20250414,10:20:04,-35.7,
20250414,10:20:04,-35.7,
20250414,10:20:04,-36,
20250414,10:20:05,-36.2,
20250414,10:20:05,-36.2,
20250414,10:20:05,-36.1,
20250414,10:20:06,-36,
20250414,10:20:06,-35.8,
20250414,10:20:06,-35.7,
20250414,10:20:06,-35.7,
20250414,10:20:07,-35.7,
20250414,10:20:07,-35.7,
20250414,10:20:07,-35.7,
20250414,10:20:08,-35.5,
20250414,10:20:08,-35.2,
20250414,10:20:08,-34.7,
20250414,10:20:08,-34.1,
20250414,10:20:09,-33.9,
20250414,10:20:09,-33.7,
20250414,10:20:09,-33.4,
20250414,10:20:09,-33.2,
20250414,10:20:10,-33,
20250414,10:20:10,-32.8,
20250414,10:20:10,-32.7,
20250414,10:20:11,-32.8,
20250414,10:20:11,-33.1,
20250414,10:20:11,-33.5,
20250414,10:20:11,-33.8,
20250414,10:20:12,-33.8,
20250414,10:20:12,-33.7,
20250414,10:20:12,-33.5,
20250414,10:20:13,-33.5,
20250414,10:20:13,-33.4,
20250414,10:20:13,-33.4,
20250414,10:20:13,-33.2,
20250414,10:20:14,-33.2,
20250414,10:20:14,-33.2,
20250414,10:20:14,-33.2,
20250414,10:20:14,-33.2,
20250414,10:20:15,-33.2,
20250414,10:20:15,-33.1,
20250414,10:20:15,-33,
20250414,10:20:16,-32.9,
20250414,10:20:16,-32.8,
20250414,10:20:16,-32.8,
20250414,10:20:16,-33.1,
20250414,10:20:17,-33.2,
20250414,10:20:17,-33.3,
20250414,10:20:17,-33.3,
20250414,10:20:17,-33.3,
20250414,10:20:18,-33.5,
20250414,10:20:18,-33.6,
20250414,10:20:18,-33.5,
20250414,10:20:19,-33.4,
20250414,10:20:19,-33.2,
20250414,10:20:19,-32.9,
20250414,10:20:19,-32.5,
20250414,10:20:20,-31.9,
20250414,10:20:20,-31.4,
20250414,10:20:20,-30.9,
20250414,10:20:21,-30.6,
20250414,10:20:21,-30.5,
20250414,10:20:21,-30.3,
20250414,10:20:21,-30.3,
20250414,10:20:22,-30.2,
20250414,10:20:22,-30.4,
20250414,10:20:22,-30.3,
20250414,10:20:22,-30.5,
20250414,10:20:23,-30.6,
20250414,10:20:23,-30.8,
20250414,10:20:23,-31.2,
20250414,10:20:24,-31.7,
20250414,10:20:24,-32,
20250414,10:20:24,-32.1,
20250414,10:20:24,-32,
20250414,10:20:25,-32,
20250414,10:20:25,-32.2,
20250414,10:20:25,-32.3,
20250414,10:20:26,-32.2,
20250414,10:20:26,-31.9,
20250414,10:20:26,-31.6,
20250414,10:20:26,-31.5,
20250414,10:20:27,-31.3,
20250414,10:20:27,-31.3,
20250414,10:20:27,-31.2,
20250414,10:20:27,-31,
20250414,10:20:28,-30.9,
20250414,10:20:28,-30.7,
20250414,10:20:28,-30.7,
20250414,10:20:29,-30.9,
20250414,10:20:29,-30.9,
20250414,10:20:29,-30.8,
20250414,10:20:29,-30.7,
20250414,10:20:30,-30.5,
20250414,10:20:30,-30.3,
20250414,10:20:30,-30,
20250414,10:20:30,-29.8,
20250414,10:20:31,-29.7,
20250414,10:20:31,-29.7,
20250414,10:20:31,-29.8,
20250414,10:20:32,-29.8,
20250414,10:20:32,-29.8,
20250414,10:20:32,-29.5,
20250414,10:20:32,-29.3,
20250414,10:20:33,-28.9,
20250414,10:20:33,-28.5,
20250414,10:20:33,-28.1,
20250414,10:20:34,-28,
20250414,10:20:34,-27.8,
20250414,10:20:34,-27.8,
20250414,10:20:34,-27.7,
20250414,10:20:35,-27.4,
20250414,10:20:35,-26.9,
20250414,10:20:35,-26.3,
20250414,10:20:36,-26.1,
20250414,10:20:36,-26.1,
20250414,10:20:36,-26.3,
20250414,10:20:36,-26.3,
20250414,10:20:37,-26.4,
20250414,10:20:37,-26.3,
20250414,10:20:37,-26.4,
20250414,10:20:37,-26.3,
20250414,10:20:38,-26.5,
20250414,10:20:38,-26.7,
20250414,10:20:38,-27,
20250414,10:20:39,-27.1,
20250414,10:20:39,-27.1,
20250414,10:20:39,-27.2,
20250414,10:20:39,-27.2,
20250414,10:20:40,-27.2,
20250414,10:20:40,-27,
20250414,10:20:40,-26.8,
20250414,10:20:40,-26.4,
20250414,10:20:41,-26.3,
20250414,10:20:41,-26.2,
20250414,10:20:41,-26.1,
20250414,10:20:42,-26.3,
20250414,10:20:42,-26.4,
20250414,10:20:42,-26.5,
20250414,10:20:42,-26.3,
20250414,10:20:43,-25.9,
20250414,10:20:43,-25.5,
20250414,10:20:43,-25.1,
20250414,10:20:44,-24.9,
20250414,10:20:44,-24.9,
20250414,10:20:44,-25,
20250414,10:20:44,-25.1,
20250414,10:20:45,-25.3,
20250414,10:20:45,-25.5,
20250414,10:20:45,-25.8,
20250414,10:20:45,-26.1,
20250414,10:20:46,-26.2,
20250414,10:20:46,-26.2,
20250414,10:20:46,-26,
20250414,10:20:47,-25.7,
20250414,10:20:47,-25.6,
20250414,10:20:47,-25.7,
20250414,10:20:47,-25.8,
20250414,10:20:48,-26,
20250414,10:20:48,-26.1,
20250414,10:20:48,-26,
20250414,10:20:49,-26.1,
20250414,10:20:49,-25.8,
20250414,10:20:49,-25.9,
20250414,10:20:49,-25.8,
20250414,10:20:50,-25.9,
20250414,10:20:50,-26,
20250414,10:20:50,-26,
20250414,10:20:50,-26.2,
20250414,10:20:51,-26.3,
20250414,10:20:51,-26.3,
20250414,10:20:51,-26.3,
20250414,10:20:52,-26,
20250414,10:20:52,-25.8,
20250414,10:20:52,-25.7,
20250414,10:20:52,-25.6,
20250414,10:20:53,-25.7,
20250414,10:20:53,-25.9,
20250414,10:20:53,-26,
20250414,10:20:54,-26,
20250414,10:20:54,-26,
20250414,10:20:54,-26.3,
20250414,10:20:54,-26.5,
20250414,10:20:55,-26.7,
20250414,10:20:55,-26.7,
20250414,10:20:55,-26.6,
20250414,10:20:55,-26.5,
20250414,10:20:56,-26.3,
20250414,10:20:56,-26.3,
20250414,10:20:56,-26.5,
20250414,10:20:57,-26.8,
20250414,10:20:57,-27.1,
20250414,10:20:57,-27.2,
20250414,10:20:57,-27.4,
20250414,10:20:58,-27.5,
20250414,10:20:58,-27.1,
20250414,10:20:58,-27,
20250414,10:20:58,-26.8,
20250414,10:20:59,-26.6,
20250414,10:20:59,-26.4,
20250414,10:20:59,-26.4,
20250414,10:21:00,-26.7,
20250414,10:21:00,-26.9,
20250414,10:21:00,-27,
20250414,10:21:00,-26.6,
20250414,10:21:01,-26.3,
20250414,10:21:01,-26,
20250414,10:21:01,-25.8,
20250414,10:21:01,-25.6,
20250414,10:21:02,-25.4,
20250414,10:21:02,-25.2,
20250414,10:21:02,-24.3,
20250414,10:21:03,-24,
20250414,10:21:03,-24,
20250414,10:21:03,-24.2,
20250414,10:21:03,-24.2,
20250414,10:21:04,-24.4,
20250414,10:21:04,-24.5,
20250414,10:21:04,-24.6,
20250414,10:21:05,-24.9,
20250414,10:21:05,-25,
20250414,10:21:05,-25,
20250414,10:21:05,-25.1,
20250414,10:21:06,-25.2,
20250414,10:21:06,-25.4,
20250414,10:21:06,-25.5,
20250414,10:21:07,-25.5,
20250414,10:21:07,-25.4,
20250414,10:21:07,-25.3,
20250414,10:21:07,-25,
20250414,10:21:08,-24.9,
20250414,10:21:08,-24.7,
20250414,10:21:08,-24.7,
20250414,10:21:08,-25,
20250414,10:21:09,-25.2,
20250414,10:21:09,-25.2,
20250414,10:21:09,-24.7,
20250414,10:21:10,-24.2,
20250414,10:21:10,-24.1,
20250414,10:21:10,-23.9,
20250414,10:21:10,-23.8,
20250414,10:21:11,-23.8,
20250414,10:21:11,-23.9,
20250414,10:21:11,-23.8,
20250414,10:21:11,-23.9,
20250414,10:21:12,-23.9,
20250414,10:21:12,-24.1,
20250414,10:21:12,-24.2,
20250414,10:21:13,-24,
20250414,10:21:13,-24.2,
20250414,10:21:13,-24.2,
20250414,10:21:13,-24.3,
20250414,10:21:14,-24.4,
20250414,10:21:14,-24.4,
20250414,10:21:14,-24.1,
20250414,10:21:15,-23.8,
20250414,10:21:15,-23.4,
20250414,10:21:15,-23.1,
20250414,10:21:15,-23,
20250414,10:21:16,-23,
20250414,10:21:16,-23.2,
20250414,10:21:16,-23.3,
20250414,10:21:16,-23.7,
20250414,10:21:17,-23.8,
20250414,10:21:17,-23.8,
20250414,10:21:17,-23.9,
20250414,10:21:18,-24.1,
20250414,10:21:18,-24.1,
20250414,10:21:18,-24.2,
20250414,10:21:18,-24.3,
20250414,10:21:19,-24.5,
20250414,10:21:19,-24.6,
20250414,10:21:19,-24.8,
20250414,10:21:20,-25.1,
20250414,10:21:20,-25.3,
20250414,10:21:20,-25.3,
20250414,10:21:20,-25.2,
20250414,10:21:21,-25.2,
20250414,10:21:21,-25.3,
20250414,10:21:21,-25.4,
20250414,10:21:21,-25.5,
20250414,10:21:22,-25.5,
20250414,10:21:22,-25.5,
20250414,10:21:22,-25.5,
20250414,10:21:23,-25.3,
20250414,10:21:23,-25.2,
20250414,10:21:23,-24.9,
20250414,10:21:23,-24.7,
20250414,10:21:24,-24.3,
20250414,10:21:24,-24.1,
20250414,10:21:24,-23.9,
20250414,10:21:25,-23.8,
20250414,10:21:25,-23.9,
20250414,10:21:25,-24,
20250414,10:21:25,-24.4,
20250414,10:21:26,-24.5,
20250414,10:21:26,-24.6,
20250414,10:21:26,-24.8,
20250414,10:21:26,-25,
20250414,10:21:27,-25,
20250414,10:21:27,-25.2,
20250414,10:21:27,-25.3,
20250414,10:21:28,-25.1,
20250414,10:21:28,-24.5,
20250414,10:21:28,-23.9,
20250414,10:21:28,-23.6,
20250414,10:21:29,-23.4,
20250414,10:21:29,-23.3,
20250414,10:21:29,-23.3,
20250414,10:21:29,-23.3,
20250414,10:21:30,-23.4,
20250414,10:21:30,-23.4,
20250414,10:21:30,-23.5,
20250414,10:21:31,-23.4,
20250414,10:21:31,-23.6,
20250414,10:21:31,-23.8,
20250414,10:21:31,-24.2,
20250414,10:21:32,-24.6,
20250414,10:21:32,-25,
20250414,10:21:32,-25.1,
20250414,10:21:33,-25.1,
20250414,10:21:33,-25,
20250414,10:21:33,-25,
20250414,10:21:33,-24.9,
20250414,10:21:34,-24.6,
20250414,10:21:34,-24.5,
20250414,10:21:34,-24.2,
20250414,10:21:34,-24.1,
20250414,10:21:35,-23.9,
20250414,10:21:35,-24,
20250414,10:21:35,-24.1,
20250414,10:21:36,-24.2,
20250414,10:21:36,-23.9,
20250414,10:21:36,-23.8,
20250414,10:21:36,-23.9,
20250414,10:21:37,-23.9,
20250414,10:21:37,-23.8,
20250414,10:21:37,-23.2,
20250414,10:21:38,-22.2,
20250414,10:21:38,-21.5,
20250414,10:21:38,-21.2,
20250414,10:21:38,-20.9,
20250414,10:21:39,-20.5,
20250414,10:21:39,-20.4,
20250414,10:21:39,-20.4,
20250414,10:21:39,-20.6,
20250414,10:21:40,-20.8,
20250414,10:21:40,-21.1,
20250414,10:21:40,-21.2,
20250414,10:21:41,-21.4,
20250414,10:21:41,-21.5,
20250414,10:21:41,-21.5,
20250414,10:21:41,-21.3,
20250414,10:21:42,-21.3,
20250414,10:21:42,-21.5,
20250414,10:21:42,-21.7,
20250414,10:21:42,-21.8,
20250414,10:21:43,-21.8,
20250414,10:21:43,-21.9,
20250414,10:21:43,-21.7,
20250414,10:21:44,-21.3,
20250414,10:21:44,-20.8,
20250414,10:21:44,-20.3,
20250414,10:21:44,-19.6,
20250414,10:21:45,-19.3,
20250414,10:21:45,-19.3,
20250414,10:21:45,-19.4,
20250414,10:21:46,-19.5,
20250414,10:21:46,-19.5,
20250414,10:21:46,-19.6,
20250414,10:21:46,-19.6,
20250414,10:21:47,-19.6,
20250414,10:21:47,-19.6,
20250414,10:21:47,-19.6,
20250414,10:21:47,-19.8,
20250414,10:21:48,-19.9,
20250414,10:21:48,-20,
20250414,10:21:48,-20.2,
20250414,10:21:49,-20.2,
20250414,10:21:49,-19.9,
20250414,10:21:49,-19.6,
20250414,10:21:49,-19.3,
20250414,10:21:50,-19,
20250414,10:21:50,-18.7,
20250414,10:21:50,-18.4,
20250414,10:21:51,-18.3,
20250414,10:21:51,-18.4,
20250414,10:21:51,-18.3,
20250414,10:21:51,-18,
20250414,10:21:52,-17.8,
20250414,10:21:52,-17.2,
20250414,10:21:52,-16.9,
20250414,10:21:52,-16.6,
20250414,10:21:53,-16.4,
20250414,10:21:53,-16.1,
20250414,10:21:53,-16.1,
20250414,10:21:54,-15.8,
20250414,10:21:54,-16,
20250414,10:21:54,-16.1,
20250414,10:21:54,-16.6,
20250414,10:21:55,-17,
20250414,10:21:55,-17.4,
20250414,10:21:55,-17.8,
20250414,10:21:56,-17.9,
20250414,10:21:56,-18,
20250414,10:21:56,-18.1,
20250414,10:21:56,-17.9,
20250414,10:21:57,-17.9,
20250414,10:21:57,-17.8,
20250414,10:21:57,-17.9,
20250414,10:21:57,-18.1,
20250414,10:21:58,-18.3,
20250414,10:21:58,-18.6,
20250414,10:21:58,-18.7,
20250414,10:21:59,-18.8,
20250414,10:21:59,-19,
20250414,10:21:59,-19.1,
20250414,10:21:59,-19.4,
20250414,10:22:00,-19.4,
20250414,10:22:00,-19.2,
20250414,10:22:00,-19.1,
20250414,10:22:00,-18.9,
20250414,10:22:01,-19,
20250414,10:22:01,-19.2,
20250414,10:22:01,-19.3,
20250414,10:22:02,-19.5,
20250414,10:22:02,-19.5,
20250414,10:22:02,-19.5,
20250414,10:22:02,-19.7,
20250414,10:22:03,-20,
20250414,10:22:03,-19.9,
20250414,10:22:03,-19.7,
20250414,10:22:04,-19.6,
20250414,10:22:04,-19.5,
20250414,10:22:04,-19.5,
20250414,10:22:04,-19.5,
20250414,10:22:05,-19.8,
20250414,10:22:05,-20.1,
20250414,10:22:05,-20.3,
20250414,10:22:06,-20.2,
20250414,10:22:06,-20.2,
20250414,10:22:06,-20.3,
20250414,10:22:06,-20.3,
20250414,10:22:07,-20.2,
20250414,10:22:07,-20.3,
20250414,10:22:07,-20.4,
20250414,10:22:07,-20.5,
20250414,10:22:08,-20.5,
20250414,10:22:08,-20.4,
20250414,10:22:08,-20.2,
20250414,10:22:09,-20.1,
20250414,10:22:09,-20.3,
20250414,10:22:09,-20.3,
20250414,10:22:09,-20.4,
20250414,10:22:10,-20.4,
20250414,10:22:10,-20.3,
20250414,10:22:10,-20.2,
20250414,10:22:10,-20.1,
20250414,10:22:11,-19.9,
20250414,10:22:11,-19.7,
20250414,10:22:11,-19.7,
20250414,10:22:12,-19.7,
20250414,10:22:12,-19.7,
20250414,10:22:12,-19.8,
20250414,10:22:12,-19.9,
20250414,10:22:13,-20.3,
20250414,10:22:13,-20.4,
20250414,10:22:13,-20.5,
20250414,10:22:13,-20.4,
20250414,10:22:14,-20.3,
20250414,10:22:14,-20.4,
20250414,10:22:14,-20.6,
20250414,10:22:15,-20.5,
20250414,10:22:15,-20.4,
20250414,10:22:15,-20.4,
20250414,10:22:15,-20.2,
20250414,10:22:16,-20.2,
20250414,10:22:16,-20.3,
20250414,10:22:16,-20.4,
20250414,10:22:17,-20.4,
20250414,10:22:17,-20.4,
20250414,10:22:17,-20.5,
20250414,10:22:17,-20.4,
20250414,10:22:18,-20.4,
20250414,10:22:18,-19.9,
20250414,10:22:18,-19.2,
20250414,10:22:19,-18.7,
20250414,10:22:19,-17.9,
20250414,10:22:19,-17.7,
20250414,10:22:19,-17.5,
20250414,10:22:20,-17.6,
20250414,10:22:20,-17.9,
20250414,10:22:20,-18,
20250414,10:22:20,-18.3,
20250414,10:22:21,-18.5,
20250414,10:22:21,-18.6,
20250414,10:22:21,-18.8,
20250414,10:22:22,-19,
20250414,10:22:22,-19.2,
20250414,10:22:22,-19.2,
20250414,10:22:22,-19.4,
20250414,10:22:23,-19.2,
20250414,10:22:23,-19.2,
20250414,10:22:23,-19.4,
20250414,10:22:23,-19.5,
20250414,10:22:24,-19.7,
20250414,10:22:24,-19.7,
20250414,10:22:24,-19.6,
20250414,10:22:25,-19.6,
20250414,10:22:25,-19.5,
20250414,10:22:25,-19.7,
20250414,10:22:25,-19.7,
20250414,10:22:26,-19.6,
20250414,10:22:26,-19.5,
20250414,10:22:26,-19.4,
20250414,10:22:27,-19.1,
20250414,10:22:27,-18.5,
20250414,10:22:27,-17.8,
20250414,10:22:27,-17.4,
20250414,10:22:28,-17,
20250414,10:22:28,-17.4,
20250414,10:22:28,-17.3,
20250414,10:22:28,-17.4,
20250414,10:22:29,-17.7,
20250414,10:22:29,-18,
20250414,10:22:29,-18.2,
20250414,10:22:30,-18.2,
20250414,10:22:30,-18,
20250414,10:22:30,-17.8,
20250414,10:22:30,-17.5,
20250414,10:22:31,-17.2,
20250414,10:22:31,-17.2,
20250414,10:22:31,-17.1,
20250414,10:22:32,-17.3,
20250414,10:22:32,-17.5,
20250414,10:22:32,-17.8,
20250414,10:22:32,-18.1,
20250414,10:22:33,-18.2,
20250414,10:22:33,-18.4,
20250414,10:22:33,-18.4,
20250414,10:22:33,-18.7,
20250414,10:22:34,-19.1,
20250414,10:22:34,-19.4,
20250414,10:22:34,-19.5,
20250414,10:22:35,-19.3,
20250414,10:22:35,-18.9,
20250414,10:22:35,-18.5,
20250414,10:22:35,-18.3,
20250414,10:22:36,-18.1,
20250414,10:22:36,-18.1,
20250414,10:22:36,-18.2,
20250414,10:22:37,-18.5,
20250414,10:22:37,-18.9,
20250414,10:22:37,-19,
20250414,10:22:37,-19.2,
20250414,10:22:38,-19.3,
20250414,10:22:38,-19.3,
20250414,10:22:38,-19.4,
20250414,10:22:38,-19.5,
20250414,10:22:39,-19.6,
20250414,10:22:39,-19.8,
20250414,10:22:39,-19.5,
20250414,10:22:40,-19.2,
20250414,10:22:40,-18.9,
20250414,10:22:40,-18.7,
20250414,10:22:40,-18.6,
20250414,10:22:41,-18.6,
20250414,10:22:41,-19,
20250414,10:22:41,-19.5,
20250414,10:22:41,-19.8,
20250414,10:22:42,-19.9,
20250414,10:22:42,-19.8,
20250414,10:22:42,-19.8,
20250414,10:22:43,-19.6,
20250414,10:22:43,-19.5,
20250414,10:22:43,-19.2,
20250414,10:22:43,-18.7,
20250414,10:22:44,-18.6,
20250414,10:22:44,-18.5,
20250414,10:22:44,-18.5,
20250414,10:22:45,-18.7,
20250414,10:22:45,-18.9,
20250414,10:22:45,-19.1,
20250414,10:22:45,-19.3,
20250414,10:22:46,-19.3,
20250414,10:22:46,-19.5,
20250414,10:22:46,-19.5,
20250414,10:22:46,-19.5,
20250414,10:22:47,-19.8,
20250414,10:22:47,-19.5,
20250414,10:22:47,-19.4,
20250414,10:22:48,-19.5,
20250414,10:22:48,-19.4,
20250414,10:22:48,-19.5,
20250414,10:22:48,-19.6,
20250414,10:22:49,-20.2,
20250414,10:22:49,-20.2,
20250414,10:22:49,-20.2,
20250414,10:22:50,-20.1,
20250414,10:22:50,-19.7,
20250414,10:22:50,-19.6,
20250414,10:22:50,-19.7,
20250414,10:22:51,-19.7,
20250414,10:22:51,-19.8,
20250414,10:22:51,-20,
20250414,10:22:51,-20.2,
20250414,10:22:52,-20.1,
20250414,10:22:52,-20.3,
20250414,10:22:52,-20.1,
20250414,10:22:53,-20.3,
20250414,10:22:53,-20.3,
20250414,10:22:53,-20.2,
20250414,10:22:53,-20,
20250414,10:22:54,-19.6,
20250414,10:22:54,-19.6,
20250414,10:22:54,-19.4,
20250414,10:22:55,-19.2,
20250414,10:22:55,-19,
20250414,10:22:55,-18.8,
20250414,10:22:55,-18.8,
20250414,10:22:56,-18.7,
20250414,10:22:56,-18.8,
20250414,10:22:56,-18.7,
20250414,10:22:56,-18.7,
20250414,10:22:57,-18.7,
20250414,10:22:57,-18.8,
20250414,10:22:57,-18.7,
20250414,10:22:58,-18.8,
20250414,10:22:58,-18.8,
20250414,10:22:58,-18.7,
20250414,10:22:58,-18.7,
20250414,10:22:59,-18.7,
20250414,10:22:59,-19,
20250414,10:22:59,-19.1,
20250414,10:22:59,-19.1,
20250414,10:23:00,-19.1,
20250414,10:23:00,-18.9,
20250414,10:23:00,-18.7,
20250414,10:23:01,-18.7,
20250414,10:23:01,-18.9,
20250414,10:23:01,-19.3,
20250414,10:23:01,-19.5,
20250414,10:23:02,-19.5,
20250414,10:23:02,-19.3,
20250414,10:23:02,-19.3,
20250414,10:23:03,-19,
20250414,10:23:03,-19.1,
20250414,10:23:03,-18.7,
20250414,10:23:03,-18.9,
20250414,10:23:04,-18.9,
20250414,10:23:04,-18.7,
20250414,10:23:04,-18.8,
20250414,10:23:04,-18.8,
20250414,10:23:05,-18.8,
20250414,10:23:05,-18.8,
20250414,10:23:05,-18.9,
20250414,10:23:06,-18.9,
20250414,10:23:06,-19.3,
20250414,10:23:06,-19.4,
20250414,10:23:06,-19.6,
20250414,10:23:07,-19.6,
20250414,10:23:07,-19.5,
20250414,10:23:07,-19.5,
20250414,10:23:08,-19.5,
20250414,10:23:08,-19.5,
20250414,10:23:08,-19.5,
20250414,10:23:08,-19.5,
20250414,10:23:09,-19.3,
20250414,10:23:09,-19.5,
20250414,10:23:09,-19.7,
20250414,10:23:09,-19.8,
20250414,10:23:10,-20.1,
20250414,10:23:10,-19.5,
20250414,10:23:10,-19.1,
20250414,10:23:11,-18.7,
20250414,10:23:11,-18.2,
20250414,10:23:11,-17.7,
20250414,10:23:11,-17.6,
20250414,10:23:12,-17.6,
20250414,10:23:12,-17.5,
20250414,10:23:12,-17.8,
20250414,10:23:12,-18.2,
20250414,10:23:13,-18.7,
20250414,10:23:13,-19,
20250414,10:23:13,-19.4,
20250414,10:23:14,-19.4,
20250414,10:23:14,-19.3,
20250414,10:23:14,-19.4,
20250414,10:23:14,-19.2,
20250414,10:23:15,-19.5,
20250414,10:23:15,-19.8,
20250414,10:23:15,-19.9,
20250414,10:23:16,-20.1,
20250414,10:23:16,-20,
20250414,10:23:16,-19.7,
20250414,10:23:16,-19.5,
20250414,10:23:17,-19.4,
20250414,10:23:17,-19.1,
20250414,10:23:17,-19,
20250414,10:23:18,-19.2,
20250414,10:23:18,-19.5,
20250414,10:23:18,-19.9,
20250414,10:23:18,-20.3,
20250414,10:23:19,-20.1,
20250414,10:23:19,-20.2,
20250414,10:23:19,-20,
20250414,10:23:19,-19.5,
20250414,10:23:20,-19.2,
20250414,10:23:20,-18.6,
20250414,10:23:20,-17.9,
20250414,10:23:21,-17.5,
20250414,10:23:21,-17,
20250414,10:23:21,-16.7,
20250414,10:23:21,-16.6,
20250414,10:23:22,-16.7,
20250414,10:23:22,-16.8,
20250414,10:23:22,-17,
20250414,10:23:22,-17.2,
20250414,10:23:23,-17.7,
20250414,10:23:23,-18.2,
20250414,10:23:23,-18.3,
20250414,10:23:24,-18.2,
20250414,10:23:24,-18.4,
20250414,10:23:24,-18.2,
20250414,10:23:24,-18.3,
20250414,10:23:25,-18.5,
20250414,10:23:25,-18.7,
20250414,10:23:25,-18.8,
20250414,10:23:26,-18.7,
20250414,10:23:26,-18.6,
20250414,10:23:26,-18.7,
20250414,10:23:26,-18.6,
20250414,10:23:27,-18.7,
20250414,10:23:27,-19.1,
20250414,10:23:27,-19.5,
20250414,10:23:27,-19.5,
20250414,10:23:28,-19.6,
20250414,10:23:28,-19.5,
20250414,10:23:28,-19.5,
20250414,10:23:29,-19.3,
20250414,10:23:29,-19.1,
20250414,10:23:29,-19,
20250414,10:23:29,-19.2,
20250414,10:23:30,-19.1,
20250414,10:23:30,-19,
20250414,10:23:30,-19,
20250414,10:23:31,-19.5,
20250414,10:23:31,-20,
20250414,10:23:31,-20,
20250414,10:23:31,-20.2,
20250414,10:23:32,-20.1,
20250414,10:23:32,-19.9,
20250414,10:23:32,-19.8,
20250414,10:23:32,-19.9,
20250414,10:23:33,-20,
20250414,10:23:33,-20.2,
20250414,10:23:33,-20.4,
20250414,10:23:34,-20.4,
20250414,10:23:34,-20.3,
20250414,10:23:34,-20.1,
20250414,10:23:34,-20.1,
20250414,10:23:35,-19.7,
20250414,10:23:35,-19.8,
20250414,10:23:35,-19.7,
20250414,10:23:35,-20.3,
20250414,10:23:36,-20.4,
20250414,10:23:36,-20.4,
20250414,10:23:36,-20.3,
20250414,10:23:37,-20.4,
20250414,10:23:37,-20.2,
20250414,10:23:37,-20.3,
20250414,10:23:37,-20.3,
20250414,10:23:38,-20.1,
20250414,10:23:38,-20.3,
20250414,10:23:38,-20.2,
20250414,10:23:39,-19.9,
20250414,10:23:39,-19.2,
20250414,10:23:39,-19,
20250414,10:23:39,-18.7,
20250414,10:23:40,-18.6,
20250414,10:23:40,-18.5,
20250414,10:23:40,-18.5,
20250414,10:23:40,-18.4,
20250414,10:23:41,-18.7,
20250414,10:23:41,-18.9,
20250414,10:23:41,-19.2,
20250414,10:23:42,-19.2,
20250414,10:23:42,-18.9,
20250414,10:23:42,-18.8,
20250414,10:23:42,-18.6,
20250414,10:23:43,-18.2,
20250414,10:23:43,-17.7,
20250414,10:23:43,-17.2,
20250414,10:23:44,-16.8,
20250414,10:23:44,-16.5,
20250414,10:23:44,-16.4,
20250414,10:23:44,-16.4,
20250414,10:23:45,-16.4,
20250414,10:23:45,-16.8,
20250414,10:23:45,-16.9,
20250414,10:23:45,-16.7,
20250414,10:23:46,-16.7,
20250414,10:23:46,-16.7,
20250414,10:23:46,-16.4,
20250414,10:23:47,-16.1,
20250414,10:23:47,-16.1,
20250414,10:23:47,-15.8,
20250414,10:23:47,-15.8,
20250414,10:23:48,-15.8,
20250414,10:23:48,-15.9,
20250414,10:23:48,-16.1,
20250414,10:23:49,-16.2,
20250414,10:23:49,-16.4,
20250414,10:23:49,-16.5,
20250414,10:23:49,-17,
20250414,10:23:50,-17.4,
20250414,10:23:50,-17.8,
20250414,10:23:50,-17.8,
20250414,10:23:51,-17.9,
20250414,10:23:51,-18,
20250414,10:23:51,-17.9,
20250414,10:23:51,-17.8,
20250414,10:23:52,-17.8,
20250414,10:23:52,-17.8,
20250414,10:23:52,-17.8,
20250414,10:23:52,-17.9,
20250414,10:23:53,-18,
20250414,10:23:53,-17.8,
20250414,10:23:53,-17.6,
20250414,10:23:53,-17,
20250414,10:23:54,-16.6,
20250414,10:23:54,-16.2,
20250414,10:23:54,-16.1,
20250414,10:23:55,-16.1,
20250414,10:23:55,-16.2,
20250414,10:23:55,-16.4,
20250414,10:23:55,-16.6,
20250414,10:23:56,-16.4,
20250414,10:23:56,-16.1,
20250414,10:23:56,-16.1,
20250414,10:23:57,-15.7,
20250414,10:23:57,-15.5,
20250414,10:23:57,-15.4,
20250414,10:23:57,-15.3,
20250414,10:23:58,-15.4,
20250414,10:23:58,-15.4,
20250414,10:23:58,-15.5,
20250414,10:23:58,-15.6,
20250414,10:23:59,-15.6,
20250414,10:23:59,-15.8,
20250414,10:23:59,-16,
20250414,10:24:00,-16.1,
20250414,10:24:00,-16.2,
20250414,10:24:00,-15.9,
20250414,10:24:00,-15.3,
20250414,10:24:01,-14.8,
20250414,10:24:01,-14.6,
20250414,10:24:01,-14.4,
20250414,10:24:02,-14.4,
20250414,10:24:02,-14.4,
20250414,10:24:02,-14.5,
20250414,10:24:02,-14.8,
20250414,10:24:03,-15.1,
20250414,10:24:03,-15.2,
20250414,10:24:03,-15.4,
20250414,10:24:03,-15.7,
20250414,10:24:04,-16.1,
20250414,10:24:04,-16.4,
20250414,10:24:04,-16.8,
20250414,10:24:05,-16.8,
20250414,10:24:05,-16.9,
20250414,10:24:05,-16.9,
20250414,10:24:05,-16.9,
20250414,10:24:06,-16.9,
20250414,10:24:06,-16.8,
20250414,10:24:06,-16.5,
20250414,10:24:07,-16.5,
20250414,10:24:07,-16.4,
20250414,10:24:07,-16.3,
20250414,10:24:07,-16.7,
20250414,10:24:08,-16.7,
20250414,10:24:08,-16.8,
20250414,10:24:08,-16.8,
20250414,10:24:08,-16.9,
20250414,10:24:09,-16.9,
20250414,10:24:09,-17,
20250414,10:24:09,-17.3,
20250414,10:24:10,-17.1,
20250414,10:24:10,-17.1,
20250414,10:24:10,-16.9,
20250414,10:24:10,-17,
20250414,10:24:11,-17,
20250414,10:24:11,-17,
20250414,10:24:11,-17.2,
20250414,10:24:11,-17.1,
20250414,10:24:12,-17.3,
20250414,10:24:12,-17.3,
20250414,10:24:12,-17.5,
20250414,10:24:13,-17.3,
20250414,10:24:13,-17.2,
20250414,10:24:13,-16.9,
20250414,10:24:13,-16.9,
20250414,10:24:14,-16.9,
20250414,10:24:14,-16.9,
20250414,10:24:14,-16.8,
20250414,10:24:15,-16.9,
20250414,10:24:15,-16.8,
20250414,10:24:15,-16.9,
20250414,10:24:15,-16.6,
20250414,10:24:16,-16.6,
20250414,10:24:16,-16.7,
20250414,10:24:16,-16.6,
20250414,10:24:16,-16.5,
20250414,10:24:17,-16.1,
20250414,10:24:17,-15.9,
20250414,10:24:17,-15.8,
20250414,10:24:18,-15.8,
20250414,10:24:18,-15.6,
20250414,10:24:18,-15.8,
20250414,10:24:18,-15.9,
20250414,10:24:19,-16.1,
20250414,10:24:19,-16.2,
20250414,10:24:19,-16.6,
20250414,10:24:20,-16.5,
20250414,10:24:20,-16.7,
20250414,10:24:20,-16.7,
20250414,10:24:20,-16.6,
20250414,10:24:21,-16.5,
20250414,10:24:21,-16.4,
20250414,10:24:21,-16.5,
20250414,10:24:21,-16.7,
20250414,10:24:22,-16.9,
20250414,10:24:22,-16.9,
20250414,10:24:22,-16.8,
20250414,10:24:23,-16.7,
20250414,10:24:23,-16.4,
20250414,10:24:23,-15.9,
20250414,10:24:23,-15.8,
20250414,10:24:24,-15.6,
20250414,10:24:24,-15.6,
20250414,10:24:24,-15.6,
20250414,10:24:24,-15.8,
20250414,10:24:25,-16,
20250414,10:24:25,-16.1,
20250414,10:24:25,-16.2,
20250414,10:24:26,-16.2,
20250414,10:24:26,-16.6,
20250414,10:24:26,-17.1,
20250414,10:24:26,-17.6,
20250414,10:24:27,-17.6,
20250414,10:24:27,-17,
20250414,10:24:27,-16.7,
20250414,10:24:28,-16.3,
20250414,10:24:28,-15.7,
20250414,10:24:28,-15.5,
20250414,10:24:28,-15.5,
20250414,10:24:29,-15.5,
20250414,10:24:29,-15.5,
20250414,10:24:29,-16,
20250414,10:24:29,-16.4,
20250414,10:24:30,-16.8,
20250414,10:24:30,-17,
20250414,10:24:30,-17,
20250414,10:24:31,-16.9,
20250414,10:24:31,-17,
20250414,10:24:31,-17,
20250414,10:24:31,-16.8,
20250414,10:24:32,-16.7,
20250414,10:24:32,-16.6,
20250414,10:24:32,-16.9,
20250414,10:24:33,-17.2,
20250414,10:24:33,-17,
20250414,10:24:33,-17.2,
20250414,10:24:33,-17,
20250414,10:24:34,-16.8,
20250414,10:24:34,-16.5,
20250414,10:24:34,-16.4,
20250414,10:24:34,-16.3,
20250414,10:24:35,-16.1,
20250414,10:24:35,-16.3,
20250414,10:24:35,-16.4,
20250414,10:24:36,-16.4,
20250414,10:24:36,-16.5,
20250414,10:24:36,-16.9,
20250414,10:24:36,-17,
20250414,10:24:37,-16.9,
20250414,10:24:37,-17,
20250414,10:24:37,-17,
20250414,10:24:38,-17.1,
20250414,10:24:38,-17.1,
20250414,10:24:38,-17.5,
20250414,10:24:38,-17.2,
20250414,10:24:39,-17,
20250414,10:24:39,-16.8,
20250414,10:24:39,-16.6,
20250414,10:24:39,-16.7,
20250414,10:24:40,-16.7,
20250414,10:24:40,-16.7,
20250414,10:24:40,-16.9,
20250414,10:24:41,-16.9,
20250414,10:24:41,-16.8,
20250414,10:24:41,-17,
20250414,10:24:41,-17.3,
20250414,10:24:42,-17.8,
20250414,10:24:42,-17.7,
20250414,10:24:42,-17.8,
20250414,10:24:42,-17.3,
20250414,10:24:43,-17.2,
20250414,10:24:43,-17,
20250414,10:24:43,-16.9,
20250414,10:24:44,-16.8,
20250414,10:24:44,-16.7,
20250414,10:24:44,-16.5,
20250414,10:24:44,-16.2,
20250414,10:24:45,-16.1,
20250414,10:24:45,-16.1,
20250414,10:24:45,-16.2,
20250414,10:24:46,-16.2,
20250414,10:24:46,-16.2,
20250414,10:24:46,-16,
20250414,10:24:46,-16.1,
20250414,10:24:47,-16.1,
20250414,10:24:47,-16.1,
20250414,10:24:47,-16.6,
20250414,10:24:48,-16.9,
20250414,10:24:48,-16.6,
20250414,10:24:48,-16.3,
20250414,10:24:48,-15.9,
20250414,10:24:49,-15.6,
20250414,10:24:49,-15.4,
20250414,10:24:49,-15.8,
20250414,10:24:49,-15.9,
20250414,10:24:50,-16,
20250414,10:24:50,-15.9,
20250414,10:24:50,-15.9,
20250414,10:24:51,-15.7,
20250414,10:24:51,-16.1,
20250414,10:24:51,-16,
20250414,10:24:51,-16.1,
20250414,10:24:52,-16.1,
20250414,10:24:52,-15.7,
20250414,10:24:52,-15.5,
20250414,10:24:52,-15.2,
20250414,10:24:53,-14.7,
20250414,10:24:53,-14.9,
20250414,10:24:53,-14.6,
20250414,10:24:54,-14.7,
20250414,10:24:54,-14.3,
20250414,10:24:54,-14.3,
20250414,10:24:54,-14.4,
20250414,10:24:55,-14.6,
20250414,10:24:55,-14.6,
20250414,10:24:55,-14.9,
20250414,10:24:55,-15,
20250414,10:24:56,-14.9,
20250414,10:24:56,-14.5,
20250414,10:24:56,-14.2,
20250414,10:24:57,-13.5,
20250414,10:24:57,-13.5,
20250414,10:24:57,-13.5,
20250414,10:24:57,-13.5,
20250414,10:24:58,-13.8,
20250414,10:24:58,-13.8,
20250414,10:24:58,-14,
20250414,10:24:59,-14.2,
20250414,10:24:59,-14.2,
20250414,10:24:59,-14.4,
20250414,10:24:59,-14.5,
20250414,10:25:00,-14.7,
20250414,10:25:00,-14.9,
20250414,10:25:00,-15,
20250414,10:25:01,-15.1,
20250414,10:25:01,-15.1,
20250414,10:25:01,-15.2,
20250414,10:25:01,-15.2,
20250414,10:25:02,-15.2,
20250414,10:25:02,-15.2,
20250414,10:25:02,-15.7,
20250414,10:25:02,-16.1,
20250414,10:25:03,-16.5,
20250414,10:25:03,-16.8,
20250414,10:25:03,-16.8,
20250414,10:25:04,-16.8,
20250414,10:25:04,-16.9,
20250414,10:25:04,-17.1,
20250414,10:25:04,-17.1,
20250414,10:25:05,-17.1,
20250414,10:25:05,-16.9,
20250414,10:25:05,-16.9,
20250414,10:25:05,-16.9,
20250414,10:25:06,-16.9,
20250414,10:25:06,-16.9,
20250414,10:25:06,-16.9,
20250414,10:25:07,-16.8,
20250414,10:25:07,-16.2,
20250414,10:25:07,-15.6,
20250414,10:25:07,-15.2,
20250414,10:25:08,-14.9,
20250414,10:25:08,-14.6,
20250414,10:25:08,-14.5,
20250414,10:25:09,-14.3,
20250414,10:25:09,-14.3,
20250414,10:25:09,-14.3,
20250414,10:25:09,-14.3,
20250414,10:25:10,-14.7,
20250414,10:25:10,-15,
20250414,10:25:10,-15.2,
20250414,10:25:10,-15.1,
20250414,10:25:11,-15.1,
20250414,10:25:11,-14.9,
20250414,10:25:11,-15,
20250414,10:25:12,-14.8,
20250414,10:25:12,-14.7,
20250414,10:25:12,-14.8,
20250414,10:25:12,-14.8,
20250414,10:25:13,-15.2,
20250414,10:25:13,-15.3,
20250414,10:25:13,-15.7,
20250414,10:25:14,-15.7,
20250414,10:25:14,-15.7,
20250414,10:25:14,-15.6,
20250414,10:25:14,-15.5,
20250414,10:25:15,-15.5,
20250414,10:25:15,-15.6,
20250414,10:25:15,-15.6,
20250414,10:25:15,-15.9,
20250414,10:25:16,-16.1,
20250414,10:25:16,-16.1,
20250414,10:25:16,-16.1,
20250414,10:25:17,-15.9,
20250414,10:25:17,-15.9,
20250414,10:25:17,-15.8,
20250414,10:25:17,-15.6,
20250414,10:25:18,-15.6,
20250414,10:25:18,-15.6,
20250414,10:25:18,-15.5,
20250414,10:25:19,-15.4,
20250414,10:25:19,-15.6,
20250414,10:25:19,-15.7,
20250414,10:25:19,-15.5,
20250414,10:25:20,-15.2,
20250414,10:25:20,-14.8,
20250414,10:25:20,-14.4,
20250414,10:25:20,-14.1,
20250414,10:25:21,-13.8,
20250414,10:25:21,-14.2,
20250414,10:25:21,-14.4,
20250414,10:25:22,-14.5,
20250414,10:25:22,-14.6,
20250414,10:25:22,-14.7,
20250414,10:25:22,-15,
20250414,10:25:23,-15.2,
20250414,10:25:23,-15.2,
20250414,10:25:23,-15.2,
20250414,10:25:23,-15.2,
20250414,10:25:24,-15.1,
20250414,10:25:24,-15.1,
20250414,10:25:24,-15,
20250414,10:25:25,-15.2,
20250414,10:25:25,-15.2,
20250414,10:25:25,-15.4,
20250414,10:25:25,-15.8,
20250414,10:25:26,-16.1,
20250414,10:25:26,-16.4,
20250414,10:25:26,-16.5,
20250414,10:25:27,-16.5,
20250414,10:25:27,-16.3,
20250414,10:25:27,-16.1,
20250414,10:25:27,-15.6,
20250414,10:25:28,-15.5,
20250414,10:25:28,-15.2,
20250414,10:25:28,-15.4,
20250414,10:25:28,-15.6,
20250414,10:25:29,-15.7,
20250414,10:25:29,-15.8,
20250414,10:25:29,-15.7,
20250414,10:25:30,-15.9,
20250414,10:25:30,-15.8,
20250414,10:25:30,-15.5,
20250414,10:25:30,-15.5,
20250414,10:25:31,-15.4,
20250414,10:25:31,-15.5,
20250414,10:25:31,-15.7,
20250414,10:25:32,-16,
20250414,10:25:32,-16.3,
20250414,10:25:32,-16.5,
20250414,10:25:32,-16.3,
20250414,10:25:33,-16.1,
20250414,10:25:33,-16.1,
20250414,10:25:33,-16.1,
20250414,10:25:33,-16.2,
20250414,10:25:34,-16.3,
20250414,10:25:34,-16.5,
20250414,10:25:34,-16.6,
20250414,10:25:35,-16.5,
20250414,10:25:35,-16.3,
20250414,10:25:35,-16.3,
20250414,10:25:35,-16.2,
20250414,10:25:36,-16.1,
20250414,10:25:36,-16.1,
20250414,10:25:36,-16.1,
20250414,10:25:36,-16,
20250414,10:25:37,-16,
20250414,10:25:37,-16,
20250414,10:25:37,-16.1,
20250414,10:25:38,-16.5,
20250414,10:25:38,-16.7,
20250414,10:25:38,-16.8,
20250414,10:25:38,-16.6,
20250414,10:25:39,-16.2,
20250414,10:25:39,-16,
20250414,10:25:39,-15.9,
20250414,10:25:40,-16.1,
20250414,10:25:40,-16.4,
20250414,10:25:40,-16.6,
20250414,10:25:40,-16.7,
20250414,10:25:41,-16.7,
20250414,10:25:41,-16.4,
20250414,10:25:41,-16.6,
20250414,10:25:41,-16.6,
20250414,10:25:42,-16.9,
20250414,10:25:42,-16.9,
20250414,10:25:42,-17.2,
20250414,10:25:43,-17.3,
20250414,10:25:43,-17.3,
20250414,10:25:43,-17.3,
20250414,10:25:43,-17.1,
20250414,10:25:44,-17.1,
20250414,10:25:44,-17,
20250414,10:25:44,-17.1,
20250414,10:25:45,-17,
20250414,10:25:45,-17,
20250414,10:25:45,-17,
20250414,10:25:45,-16.9,
20250414,10:25:46,-16.8,
