静息,正性,中性,负性
16:50:38,16:52:23,16:53:27,16:58:26
,,,
CTP266,88:4A:EA:8B:D1:E6,,
,,,
,,,
,,,
,,,
,,,
,,,
20250428,16:46:07,-12.9,
20250428,16:46:07,-12.5,
20250428,16:46:07,-12,
20250428,16:46:07,-11.7,
20250428,16:46:08,-11.5,
20250428,16:46:08,-11.2,
20250428,16:46:08,-11,
20250428,16:46:08,-11,
20250428,16:46:09,-11,
20250428,16:46:09,-11,
20250428,16:46:09,-11,
20250428,16:46:10,-11.1,
20250428,16:46:10,-11.2,
20250428,16:46:10,-11.1,
20250428,16:46:10,-11.1,
20250428,16:46:11,-11,
20250428,16:46:11,-10.8,
20250428,16:46:11,-11.3,
20250428,16:46:11,-11.3,
20250428,16:46:12,-11.1,
20250428,16:46:12,-11.1,
20250428,16:46:12,-11.1,
20250428,16:46:13,-11.2,
20250428,16:46:13,-11.3,
20250428,16:46:13,-11.3,
20250428,16:46:13,-11.3,
20250428,16:46:14,-11.5,
20250428,16:46:14,-11.8,
20250428,16:46:14,-12.1,
20250428,16:46:14,-12.4,
20250428,16:46:15,-12.7,
20250428,16:46:15,-12.8,
20250428,16:46:15,-12.7,
20250428,16:46:16,-12.7,
20250428,16:46:16,-12.3,
20250428,16:46:16,-12.2,
20250428,16:46:16,-11.8,
20250428,16:46:17,-11.8,
20250428,16:46:17,-11.6,
20250428,16:46:17,-11.5,
20250428,16:46:18,-11.5,
20250428,16:46:18,-11.4,
20250428,16:46:18,-11.5,
20250428,16:46:18,-11.6,
20250428,16:46:19,-11.6,
20250428,16:46:19,-11.7,
20250428,16:46:19,-11.8,
20250428,16:46:19,-11.9,
20250428,16:46:20,-12,
20250428,16:46:20,-12.1,
20250428,16:46:20,-12.3,
20250428,16:46:21,-12.4,
20250428,16:46:21,-12.6,
20250428,16:46:21,-12.7,
20250428,16:46:21,-12.9,
20250428,16:46:22,-13.1,
20250428,16:46:22,-13.3,
20250428,16:46:22,-13.5,
20250428,16:46:23,-13.5,
20250428,16:46:23,-13.7,
20250428,16:46:23,-13.7,
20250428,16:46:23,-13.9,
20250428,16:46:24,-14,
20250428,16:46:24,-14.1,
20250428,16:46:24,-14.3,
20250428,16:46:24,-14.3,
20250428,16:46:25,-14.4,
20250428,16:46:25,-14.4,
20250428,16:46:25,-14.5,
20250428,16:46:26,-14.5,
20250428,16:46:26,-14.6,
20250428,16:46:26,-14.7,
20250428,16:46:26,-14.7,
20250428,16:46:27,-14.8,
20250428,16:46:27,-14.9,
20250428,16:46:27,-15,
20250428,16:46:27,-15.1,
20250428,16:46:28,-15.2,
20250428,16:46:28,-15.2,
20250428,16:46:28,-15.3,
20250428,16:46:29,-15.4,
20250428,16:46:29,-15.5,
20250428,16:46:29,-15.7,
20250428,16:46:29,-15.9,
20250428,16:46:30,-16.3,
20250428,16:46:30,-16.7,
20250428,16:46:30,-17.2,
20250428,16:46:31,-17.8,
20250428,16:46:31,-18.2,
20250428,16:46:31,-18.7,
20250428,16:46:31,-18.9,
20250428,16:46:32,-19.3,
20250428,16:46:32,-19.4,
20250428,16:46:32,-19.5,
20250428,16:46:32,-19.7,
20250428,16:46:33,-19.8,
20250428,16:46:33,-19.8,
20250428,16:46:33,-19.8,
20250428,16:46:34,-19.9,
20250428,16:46:34,-19.9,
20250428,16:46:34,-19.9,
20250428,16:46:34,-20,
20250428,16:46:35,-20.2,
20250428,16:46:35,-20.4,
20250428,16:46:35,-20.8,
20250428,16:46:36,-21.2,
20250428,16:46:36,-21.5,
20250428,16:46:36,-21.7,
20250428,16:46:36,-21.9,
20250428,16:46:37,-22,
20250428,16:46:37,-22.1,
20250428,16:46:37,-22.2,
20250428,16:46:37,-22.3,
20250428,16:46:38,-22.3,
20250428,16:46:38,-22.3,
20250428,16:46:38,-22.3,
20250428,16:46:39,-22.4,
20250428,16:46:39,-22.3,
20250428,16:46:39,-22.4,
20250428,16:46:39,-22.4,
20250428,16:46:40,-22.3,
20250428,16:46:40,-22.2,
20250428,16:46:40,-22.3,
20250428,16:46:41,-22.2,
20250428,16:46:41,-22.3,
20250428,16:46:41,-22.2,
20250428,16:46:41,-22.3,
20250428,16:46:42,-22.5,
20250428,16:46:42,-22.7,
20250428,16:46:42,-22.9,
20250428,16:46:42,-23.3,
20250428,16:46:43,-23.7,
20250428,16:46:43,-23.9,
20250428,16:46:43,-24.3,
20250428,16:46:44,-24.6,
20250428,16:46:44,-24.7,
20250428,16:46:44,-25,
20250428,16:46:44,-25.2,
20250428,16:46:45,-25.5,
20250428,16:46:45,-26,
20250428,16:46:45,-26.6,
20250428,16:46:45,-27.1,
20250428,16:46:46,-27.3,
20250428,16:46:46,-27.2,
20250428,16:46:46,-26.6,
20250428,16:46:47,-25.9,
20250428,16:46:47,-25,
20250428,16:46:47,-24.1,
20250428,16:46:47,-23.4,
20250428,16:46:48,-22.6,
20250428,16:46:48,-22.1,
20250428,16:46:48,-21.6,
20250428,16:46:49,-21.2,
20250428,16:46:49,-20.8,
20250428,16:46:49,-20.4,
20250428,16:46:49,-20,
20250428,16:46:50,-19.5,
20250428,16:46:50,-19.1,
20250428,16:46:50,-18.8,
20250428,16:46:51,-18.6,
20250428,16:46:51,-18.4,
20250428,16:46:51,-18.2,
20250428,16:46:51,-18.3,
20250428,16:46:52,-18.5,
20250428,16:46:52,-18.6,
20250428,16:46:52,-18.7,
20250428,16:46:52,-18.7,
20250428,16:46:53,-18.7,
20250428,16:46:53,-18.6,
20250428,16:46:53,-18.4,
20250428,16:46:54,-18.1,
20250428,16:46:54,-17.8,
20250428,16:46:54,-17.6,
20250428,16:46:54,-17.5,
20250428,16:46:55,-17.4,
20250428,16:46:55,-17.3,
20250428,16:46:55,-17.3,
20250428,16:46:55,-17.4,
20250428,16:46:56,-17.4,
20250428,16:46:56,-17.6,
20250428,16:46:56,-17.8,
20250428,16:46:57,-18,
20250428,16:46:57,-18.2,
20250428,16:46:57,-18.7,
20250428,16:46:57,-19,
20250428,16:46:58,-19.3,
20250428,16:46:58,-19.5,
20250428,16:46:58,-19.5,
20250428,16:46:59,-19.5,
20250428,16:46:59,-19.4,
20250428,16:46:59,-19.5,
20250428,16:46:59,-19.4,
20250428,16:47:00,-19.5,
20250428,16:47:00,-19.5,
20250428,16:47:00,-19.5,
20250428,16:47:00,-19.4,
20250428,16:47:01,-19.5,
20250428,16:47:01,-19.4,
20250428,16:47:01,-19.5,
20250428,16:47:02,-19.5,
20250428,16:47:02,-19.5,
20250428,16:47:02,-19.5,
20250428,16:47:02,-19.7,
20250428,16:47:03,-19.8,
20250428,16:47:03,-20,
20250428,16:47:03,-20,
20250428,16:47:04,-20.2,
20250428,16:47:04,-20.3,
20250428,16:47:04,-20.4,
20250428,16:47:04,-20.5,
20250428,16:47:05,-20.7,
20250428,16:47:05,-20.9,
20250428,16:47:05,-21,
20250428,16:47:05,-20.9,
20250428,16:47:06,-20.5,
20250428,16:47:06,-20.1,
20250428,16:47:06,-19.5,
20250428,16:47:07,-18.9,
20250428,16:47:07,-18.3,
20250428,16:47:07,-17.6,
20250428,16:47:07,-16.9,
20250428,16:47:08,-16.1,
20250428,16:47:08,-15.4,
20250428,16:47:08,-14.8,
20250428,16:47:08,-14.1,
20250428,16:47:09,-13.5,
20250428,16:47:09,-12.9,
20250428,16:47:09,-12.6,
20250428,16:47:10,-12.3,
20250428,16:47:10,-12.2,
20250428,16:47:10,-12,
20250428,16:47:10,-12,
20250428,16:47:11,-11.8,
20250428,16:47:11,-11.8,
20250428,16:47:11,-11.7,
20250428,16:47:12,-11.7,
20250428,16:47:12,-11.6,
20250428,16:47:12,-11.7,
20250428,16:47:12,-11.8,
20250428,16:47:13,-11.8,
20250428,16:47:13,-11.9,
20250428,16:47:13,-11.8,
20250428,16:47:13,-11.7,
20250428,16:47:14,-11.6,
20250428,16:47:14,-11.3,
20250428,16:47:14,-11,
20250428,16:47:15,-10.5,
20250428,16:47:15,-10.2,
20250428,16:47:15,-9.9,
20250428,16:47:15,-9.7,
20250428,16:47:16,-9.5,
20250428,16:47:16,-9.4,
20250428,16:47:16,-9.5,
20250428,16:47:17,-9.5,
20250428,16:47:17,-9.8,
20250428,16:47:17,-10,
20250428,16:47:17,-10.2,
20250428,16:47:18,-10.4,
20250428,16:47:18,-10.8,
20250428,16:47:18,-11.2,
20250428,16:47:18,-11.6,
20250428,16:47:19,-12,
20250428,16:47:19,-12.4,
20250428,16:47:19,-12.5,
20250428,16:47:20,-12.5,
20250428,16:47:20,-12.3,
20250428,16:47:20,-12.3,
20250428,16:47:20,-12.2,
20250428,16:47:21,-12.2,
20250428,16:47:21,-12.1,
20250428,16:47:21,-12.1,
20250428,16:47:22,-12.1,
20250428,16:47:22,-12.2,
20250428,16:47:22,-12.3,
20250428,16:47:22,-12.4,
20250428,16:47:23,-12.5,
20250428,16:47:23,-12.5,
20250428,16:47:23,-12.5,
20250428,16:47:23,-12.6,
20250428,16:47:24,-12.6,
20250428,16:47:24,-12.6,
20250428,16:47:24,-12.7,
20250428,16:47:25,-12.8,
20250428,16:47:25,-13.2,
20250428,16:47:25,-13.5,
20250428,16:47:25,-13.6,
20250428,16:47:26,-13.8,
20250428,16:47:26,-13.6,
20250428,16:47:26,-13.5,
20250428,16:47:26,-13.3,
20250428,16:47:27,-13.1,
20250428,16:47:27,-13,
20250428,16:47:27,-12.8,
20250428,16:47:28,-12.7,
20250428,16:47:28,-12.7,
20250428,16:47:28,-12.7,
20250428,16:47:28,-12.7,
20250428,16:47:29,-12.8,
20250428,16:47:29,-12.8,
20250428,16:47:29,-12.9,
20250428,16:47:30,-13.1,
20250428,16:47:30,-13.1,
20250428,16:47:30,-13.2,
20250428,16:47:30,-13.4,
20250428,16:47:31,-13.5,
20250428,16:47:31,-13.6,
20250428,16:47:31,-13.7,
20250428,16:47:31,-13.8,
20250428,16:47:32,-14,
20250428,16:47:32,-14.1,
20250428,16:47:32,-14.3,
20250428,16:47:33,-14.4,
20250428,16:47:33,-14.4,
20250428,16:47:33,-14.4,
20250428,16:47:33,-14.4,
20250428,16:47:34,-14.5,
20250428,16:47:34,-14.6,
20250428,16:47:34,-14.6,
20250428,16:47:35,-14.8,
20250428,16:47:35,-15,
20250428,16:47:35,-15.2,
20250428,16:47:35,-15.6,
20250428,16:47:36,-16.1,
20250428,16:47:36,-16.5,
20250428,16:47:36,-17,
20250428,16:47:36,-17.6,
20250428,16:47:37,-18.3,
20250428,16:47:37,-18.9,
20250428,16:47:37,-19.4,
20250428,16:47:38,-19.5,
20250428,16:47:38,-19.3,
20250428,16:47:38,-18.7,
20250428,16:47:38,-17.7,
20250428,16:47:39,-16.6,
20250428,16:47:39,-15.4,
20250428,16:47:39,-14.3,
20250428,16:47:40,-13.4,
20250428,16:47:40,-12.6,
20250428,16:47:40,-11.9,
20250428,16:47:40,-11.5,
20250428,16:47:41,-11.2,
20250428,16:47:41,-11,
20250428,16:47:41,-11,
20250428,16:47:41,-11,
20250428,16:47:42,-11,
20250428,16:47:42,-11.2,
20250428,16:47:42,-11.5,
20250428,16:47:43,-11.7,
20250428,16:47:43,-11.8,
20250428,16:47:43,-11.9,
20250428,16:47:43,-12.2,
20250428,16:47:44,-12.5,
20250428,16:47:44,-12.7,
20250428,16:47:44,-12.9,
20250428,16:47:45,-13.2,
20250428,16:47:45,-13.4,
20250428,16:47:45,-13.6,
20250428,16:47:45,-13.8,
20250428,16:47:46,-14.1,
20250428,16:47:46,-14.3,
20250428,16:47:46,-14.4,
20250428,16:47:46,-14.5,
20250428,16:47:47,-14.7,
20250428,16:47:47,-15.2,
20250428,16:47:47,-15.7,
20250428,16:47:48,-16.4,
20250428,16:47:48,-17,
20250428,16:47:48,-17.4,
20250428,16:47:48,-17.5,
20250428,16:47:49,-17.5,
20250428,16:47:49,-17.2,
20250428,16:47:49,-16.8,
20250428,16:47:49,-16.2,
20250428,16:47:50,-15.5,
20250428,16:47:50,-14.8,
20250428,16:47:50,-14.2,
20250428,16:47:51,-13.5,
20250428,16:47:51,-12.9,
20250428,16:47:51,-12.3,
20250428,16:47:51,-11.9,
20250428,16:47:52,-11.7,
20250428,16:47:52,-11.5,
20250428,16:47:52,-11.5,
20250428,16:47:53,-11.5,
20250428,16:47:53,-11.4,
20250428,16:47:53,-11.6,
20250428,16:47:53,-11.7,
20250428,16:47:54,-11.8,
20250428,16:47:54,-12,
20250428,16:47:54,-12.2,
20250428,16:47:54,-12.4,
20250428,16:47:55,-12.7,
20250428,16:47:55,-12.9,
20250428,16:47:55,-13.2,
20250428,16:47:56,-13.4,
20250428,16:47:56,-13.7,
20250428,16:47:56,-13.9,
20250428,16:47:56,-14.2,
20250428,16:47:57,-14.4,
20250428,16:47:57,-14.4,
20250428,16:47:57,-14.6,
20250428,16:47:58,-14.8,
20250428,16:47:58,-14.9,
20250428,16:47:58,-15,
20250428,16:47:58,-15.2,
20250428,16:47:59,-15.2,
20250428,16:47:59,-15.4,
20250428,16:47:59,-15.5,
20250428,16:47:59,-15.6,
20250428,16:48:00,-15.7,
20250428,16:48:00,-16,
20250428,16:48:00,-16.1,
20250428,16:48:01,-16.1,
20250428,16:48:01,-16.2,
20250428,16:48:01,-16.3,
20250428,16:48:01,-16.6,
20250428,16:48:02,-16.9,
20250428,16:48:02,-17,
20250428,16:48:02,-17.2,
20250428,16:48:03,-17.6,
20250428,16:48:03,-17.5,
20250428,16:48:03,-17.7,
20250428,16:48:03,-17.6,
20250428,16:48:04,-17.7,
20250428,16:48:04,-17.6,
20250428,16:48:04,-17.5,
20250428,16:48:04,-17.5,
20250428,16:48:05,-17.6,
20250428,16:48:05,-17.5,
20250428,16:48:05,-17.4,
20250428,16:48:06,-17.5,
20250428,16:48:06,-17.6,
20250428,16:48:06,-17.6,
20250428,16:48:06,-17.7,
20250428,16:48:07,-17.8,
20250428,16:48:07,-17.9,
20250428,16:48:07,-18.3,
20250428,16:48:07,-18.6,
20250428,16:48:08,-18.8,
20250428,16:48:08,-19.1,
20250428,16:48:08,-19.4,
20250428,16:48:09,-18.7,
20250428,16:48:09,-19,
20250428,16:48:09,-19.7,
20250428,16:48:09,-19.6,
20250428,16:48:10,-19.7,
20250428,16:48:10,-19.7,
20250428,16:48:10,-19.7,
20250428,16:48:11,-19.8,
20250428,16:48:11,-19.9,
20250428,16:48:11,-20,
20250428,16:48:11,-20.2,
20250428,16:48:12,-20.3,
20250428,16:48:12,-20.3,
20250428,16:48:12,-20.2,
20250428,16:48:12,-20,
20250428,16:48:13,-19.6,
20250428,16:48:13,-19.3,
20250428,16:48:13,-18.8,
20250428,16:48:14,-18.6,
20250428,16:48:14,-18.1,
20250428,16:48:14,-17.8,
20250428,16:48:14,-17.4,
20250428,16:48:15,-17.1,
20250428,16:48:15,-16.9,
20250428,16:48:15,-16.6,
20250428,16:48:16,-16.4,
20250428,16:48:16,-16.3,
20250428,16:48:16,-16.1,
20250428,16:48:16,-16.1,
20250428,16:48:17,-16.2,
20250428,16:48:17,-16.1,
20250428,16:48:17,-16.1,
20250428,16:48:17,-16.1,
20250428,16:48:18,-15.9,
20250428,16:48:18,-15.9,
20250428,16:48:18,-15.7,
20250428,16:48:19,-15.7,
20250428,16:48:19,-15.7,
20250428,16:48:19,-15.7,
20250428,16:48:19,-15.7,
20250428,16:48:20,-15.8,
20250428,16:48:20,-15.9,
20250428,16:48:20,-16,
20250428,16:48:21,-16.1,
20250428,16:48:21,-16.1,
20250428,16:48:21,-16.2,
20250428,16:48:21,-16.4,
20250428,16:48:22,-16.5,
20250428,16:48:22,-16.6,
20250428,16:48:22,-16.7,
20250428,16:48:22,-16.9,
20250428,16:48:23,-17,
20250428,16:48:23,-17,
20250428,16:48:23,-17.2,
20250428,16:48:24,-17.2,
20250428,16:48:24,-17.2,
20250428,16:48:24,-17.4,
20250428,16:48:24,-17.5,
20250428,16:48:25,-17.8,
20250428,16:48:25,-18.2,
20250428,16:48:25,-18.6,
20250428,16:48:26,-18.8,
20250428,16:48:26,-18.8,
20250428,16:48:26,-18.5,
20250428,16:48:26,-17.8,
20250428,16:48:27,-16.9,
20250428,16:48:27,-15.8,
20250428,16:48:27,-14.7,
20250428,16:48:27,-13.6,
20250428,16:48:28,-12.4,
20250428,16:48:28,-11.4,
20250428,16:48:28,-10.6,
20250428,16:48:29,-9.7,
20250428,16:48:29,-9.3,
20250428,16:48:29,-9,
20250428,16:48:29,-8.9,
20250428,16:48:30,-8.8,
20250428,16:48:30,-8.8,
20250428,16:48:30,-8.9,
20250428,16:48:30,-9.1,
20250428,16:48:31,-9.2,
20250428,16:48:31,-9.4,
20250428,16:48:31,-9.7,
20250428,16:48:32,-10.1,
20250428,16:48:32,-10.3,
20250428,16:48:32,-10.6,
20250428,16:48:32,-11,
20250428,16:48:33,-11.3,
20250428,16:48:33,-11.7,
20250428,16:48:33,-12.1,
20250428,16:48:34,-12.4,
20250428,16:48:34,-12.7,
20250428,16:48:34,-13,
20250428,16:48:34,-13.4,
20250428,16:48:35,-13.5,
20250428,16:48:35,-13.7,
20250428,16:48:35,-13.9,
20250428,16:48:35,-14.1,
20250428,16:48:36,-14.2,
20250428,16:48:36,-14.2,
20250428,16:48:36,-14.4,
20250428,16:48:37,-14.4,
20250428,16:48:37,-14.6,
20250428,16:48:37,-14.8,
20250428,16:48:37,-15,
20250428,16:48:38,-15.1,
20250428,16:48:38,-15.2,
20250428,16:48:38,-15.3,
20250428,16:48:38,-15.4,
20250428,16:48:39,-15.5,
20250428,16:48:39,-15.6,
20250428,16:48:39,-15.7,
20250428,16:48:40,-15.7,
20250428,16:48:40,-15.7,
20250428,16:48:40,-15.7,
20250428,16:48:40,-15.7,
20250428,16:48:41,-15.7,
20250428,16:48:41,-15.8,
20250428,16:48:41,-15.8,
20250428,16:48:42,-15.9,
20250428,16:48:42,-15.9,
20250428,16:48:42,-15.9,
20250428,16:48:42,-15.9,
20250428,16:48:43,-15.9,
20250428,16:48:43,-15.9,
20250428,16:48:43,-16,
20250428,16:48:44,-16,
20250428,16:48:44,-16,
20250428,16:48:44,-16,
20250428,16:48:44,-16,
20250428,16:48:45,-16.1,
20250428,16:48:45,-16,
20250428,16:48:45,-16,
20250428,16:48:45,-16.1,
20250428,16:48:46,-16.1,
20250428,16:48:46,-16.3,
20250428,16:48:46,-16.6,
20250428,16:48:47,-16.9,
20250428,16:48:47,-17.1,
20250428,16:48:47,-17.4,
20250428,16:48:47,-17.6,
20250428,16:48:48,-17.8,
20250428,16:48:48,-17.8,
20250428,16:48:48,-17.9,
20250428,16:48:48,-17.9,
20250428,16:48:49,-18,
20250428,16:48:49,-18.1,
20250428,16:48:49,-18.1,
20250428,16:48:50,-18.2,
20250428,16:48:50,-18.2,
20250428,16:48:50,-18.1,
20250428,16:48:50,-18.1,
20250428,16:48:51,-18.2,
20250428,16:48:51,-18.2,
20250428,16:48:51,-18.2,
20250428,16:48:52,-18.2,
20250428,16:48:52,-18.1,
20250428,16:48:52,-18.1,
20250428,16:48:52,-18,
20250428,16:48:53,-17.9,
20250428,16:48:53,-17.9,
20250428,16:48:53,-17.9,
20250428,16:48:53,-17.9,
20250428,16:48:54,-17.9,
20250428,16:48:54,-17.8,
20250428,16:48:54,-17.8,
20250428,16:48:55,-17.8,
20250428,16:48:55,-17.8,
20250428,16:48:55,-17.8,
20250428,16:48:55,-17.8,
20250428,16:48:56,-17.8,
20250428,16:48:56,-17.8,
20250428,16:48:56,-17.7,
20250428,16:48:57,-17.7,
20250428,16:48:57,-17.7,
20250428,16:48:57,-17.7,
20250428,16:48:57,-17.8,
20250428,16:48:58,-18,
20250428,16:48:58,-18.7,
20250428,16:48:58,-19.5,
20250428,16:48:58,-20.2,
20250428,16:48:59,-20.8,
20250428,16:48:59,-21.3,
20250428,16:48:59,-21.7,
20250428,16:49:00,-21.9,
20250428,16:49:00,-21.9,
20250428,16:49:00,-22,
20250428,16:49:00,-22,
20250428,16:49:01,-21.9,
20250428,16:49:01,-21.8,
20250428,16:49:01,-21.8,
20250428,16:49:02,-21.7,
20250428,16:49:02,-21.6,
20250428,16:49:02,-21.5,
20250428,16:49:02,-21.4,
20250428,16:49:03,-21.4,
20250428,16:49:03,-21.4,
20250428,16:49:03,-21.5,
20250428,16:49:03,-21.5,
20250428,16:49:04,-21.8,
20250428,16:49:04,-22.1,
20250428,16:49:04,-22.2,
20250428,16:49:05,-22.4,
20250428,16:49:05,-22.6,
20250428,16:49:05,-22.7,
20250428,16:49:05,-22.8,
20250428,16:49:06,-22.9,
20250428,16:49:06,-22.8,
20250428,16:49:06,-22.8,
20250428,16:49:06,-22.8,
20250428,16:49:07,-22.9,
20250428,16:49:07,-23.2,
20250428,16:49:07,-23.7,
20250428,16:49:08,-24,
20250428,16:49:08,-24.3,
20250428,16:49:08,-24.4,
20250428,16:49:08,-24.4,
20250428,16:49:09,-24.2,
20250428,16:49:09,-23.8,
20250428,16:49:09,-23.7,
20250428,16:49:10,-23.3,
20250428,16:49:10,-23,
20250428,16:49:10,-22.9,
20250428,16:49:10,-22.7,
20250428,16:49:11,-22.6,
20250428,16:49:11,-22.5,
20250428,16:49:11,-22.5,
20250428,16:49:11,-22.7,
20250428,16:49:12,-22.8,
20250428,16:49:12,-22.6,
20250428,16:49:12,-22.4,
20250428,16:49:13,-22.1,
20250428,16:49:13,-21.9,
20250428,16:49:13,-21.6,
20250428,16:49:13,-21.4,
20250428,16:49:14,-21.2,
20250428,16:49:14,-21.2,
20250428,16:49:14,-21,
20250428,16:49:15,-21,
20250428,16:49:15,-21,
20250428,16:49:15,-21,
20250428,16:49:15,-21.1,
20250428,16:49:16,-21.1,
20250428,16:49:16,-21.3,
20250428,16:49:16,-21.3,
20250428,16:49:16,-21.5,
20250428,16:49:17,-21.6,
20250428,16:49:17,-21.7,
20250428,16:49:17,-22.1,
20250428,16:49:18,-22.3,
20250428,16:49:18,-22.3,
20250428,16:49:18,-22.1,
20250428,16:49:18,-21.7,
20250428,16:49:19,-21.2,
20250428,16:49:19,-20.4,
20250428,16:49:19,-19.8,
20250428,16:49:19,-19.1,
20250428,16:49:20,-18.5,
20250428,16:49:20,-17.8,
20250428,16:49:20,-17.1,
20250428,16:49:21,-16.6,
20250428,16:49:21,-16.2,
20250428,16:49:21,-16,
20250428,16:49:21,-15.7,
20250428,16:49:22,-15.5,
20250428,16:49:22,-15.6,
20250428,16:49:22,-15.7,
20250428,16:49:23,-15.9,
20250428,16:49:23,-16.1,
20250428,16:49:23,-16.3,
20250428,16:49:23,-16.6,
20250428,16:49:24,-16.9,
20250428,16:49:24,-17.2,
20250428,16:49:24,-17.6,
20250428,16:49:25,-17.8,
20250428,16:49:25,-18,
20250428,16:49:25,-18.2,
20250428,16:49:25,-18.5,
20250428,16:49:26,-18.7,
20250428,16:49:26,-18.7,
20250428,16:49:26,-18.9,
20250428,16:49:26,-19.1,
20250428,16:49:27,-19.2,
20250428,16:49:27,-19.3,
20250428,16:49:27,-19.4,
20250428,16:49:28,-19.5,
20250428,16:49:28,-19.6,
20250428,16:49:28,-19.8,
20250428,16:49:28,-20,
20250428,16:49:29,-20.4,
20250428,16:49:29,-20.9,
20250428,16:49:29,-21.3,
20250428,16:49:29,-21.8,
20250428,16:49:30,-22.1,
20250428,16:49:30,-22.2,
20250428,16:49:30,-22.2,
20250428,16:49:31,-22.2,
20250428,16:49:31,-22.1,
20250428,16:49:31,-22.1,
20250428,16:49:31,-22.1,
20250428,16:49:32,-22.1,
20250428,16:49:32,-22.2,
20250428,16:49:32,-22.4,
20250428,16:49:33,-22.5,
20250428,16:49:33,-22.5,
20250428,16:49:33,-22.4,
20250428,16:49:33,-22.3,
20250428,16:49:34,-22.1,
20250428,16:49:34,-22.1,
20250428,16:49:34,-22.1,
20250428,16:49:34,-22.1,
20250428,16:49:35,-22,
20250428,16:49:35,-22,
20250428,16:49:35,-22,
20250428,16:49:36,-21.9,
20250428,16:49:36,-21.8,
20250428,16:49:36,-21.8,
20250428,16:49:36,-21.8,
20250428,16:49:37,-21.8,
20250428,16:49:37,-21.8,
20250428,16:49:37,-21.9,
20250428,16:49:38,-22.1,
20250428,16:49:38,-22.2,
20250428,16:49:38,-22.4,
20250428,16:49:38,-22.7,
20250428,16:49:39,-22.8,
20250428,16:49:39,-22.8,
20250428,16:49:39,-22.9,
20250428,16:49:39,-23.1,
20250428,16:49:40,-23.2,
20250428,16:49:40,-23.4,
20250428,16:49:40,-23.5,
20250428,16:49:41,-23.5,
20250428,16:49:41,-23.4,
20250428,16:49:41,-23,
20250428,16:49:41,-22.6,
20250428,16:49:42,-22.1,
20250428,16:49:42,-21.6,
20250428,16:49:42,-21.2,
20250428,16:49:42,-20.8,
20250428,16:49:43,-20.5,
20250428,16:49:43,-20.3,
20250428,16:49:43,-20.2,
20250428,16:49:44,-20.2,
20250428,16:49:44,-20.2,
20250428,16:49:44,-20.3,
20250428,16:49:44,-20.4,
20250428,16:49:45,-20.4,
20250428,16:49:45,-20.5,
20250428,16:49:45,-20.5,
20250428,16:49:46,-20.7,
20250428,16:49:46,-20.7,
20250428,16:49:46,-20.8,
20250428,16:49:46,-20.8,
20250428,16:49:47,-21,
20250428,16:49:47,-21,
20250428,16:49:47,-21.2,
20250428,16:49:47,-21.2,
20250428,16:49:48,-21.2,
20250428,16:49:48,-21.4,
20250428,16:49:48,-21.4,
20250428,16:49:49,-21.6,
20250428,16:49:49,-21.6,
20250428,16:49:49,-21.8,
20250428,16:49:49,-21.8,
20250428,16:49:50,-21.9,
20250428,16:49:50,-21.9,
20250428,16:49:50,-21.9,
20250428,16:49:51,-22,
20250428,16:49:51,-22.1,
20250428,16:49:51,-22.2,
20250428,16:49:51,-22.4,
20250428,16:49:52,-22.9,
20250428,16:49:52,-23.2,
20250428,16:49:52,-23.6,
20250428,16:49:52,-23.8,
20250428,16:49:53,-23.9,
20250428,16:49:53,-24.1,
20250428,16:49:53,-24.1,
20250428,16:49:54,-24.2,
20250428,16:49:54,-24.2,
20250428,16:49:54,-24.2,
20250428,16:49:54,-24.2,
20250428,16:49:55,-24.2,
20250428,16:49:55,-24.2,
20250428,16:49:55,-24.2,
20250428,16:49:56,-24.2,
20250428,16:49:56,-24.3,
20250428,16:49:56,-24.6,
20250428,16:49:56,-24.9,
20250428,16:49:57,-25.5,
20250428,16:49:57,-25.8,
20250428,16:49:57,-25.6,
20250428,16:49:57,-24.8,
20250428,16:49:58,-23.5,
20250428,16:49:58,-21.9,
20250428,16:49:58,-20.3,
20250428,16:49:59,-18.7,
20250428,16:49:59,-17.6,
20250428,16:49:59,-16.6,
20250428,16:49:59,-15.9,
20250428,16:50:00,-15.5,
20250428,16:50:00,-15.2,
20250428,16:50:00,-15.2,
20250428,16:50:00,-15.3,
20250428,16:50:01,-15.4,
20250428,16:50:01,-15.7,
20250428,16:50:01,-16,
20250428,16:50:02,-16.2,
20250428,16:50:02,-16.6,
20250428,16:50:02,-17,
20250428,16:50:02,-17.5,
20250428,16:50:03,-17.9,
20250428,16:50:03,-18.3,
20250428,16:50:03,-18.5,
20250428,16:50:04,-18.7,
20250428,16:50:04,-18.7,
20250428,16:50:04,-18.7,
20250428,16:50:04,-18.7,
20250428,16:50:05,-18.8,
20250428,16:50:05,-18.9,
20250428,16:50:05,-19,
20250428,16:50:06,-19.2,
20250428,16:50:06,-19.3,
20250428,16:50:06,-19.4,
20250428,16:50:06,-19.5,
20250428,16:50:07,-19.7,
20250428,16:50:07,-19.9,
20250428,16:50:07,-20,
20250428,16:50:07,-20.2,
20250428,16:50:08,-20.3,
20250428,16:50:08,-20.4,
20250428,16:50:08,-20.5,
20250428,16:50:09,-20.6,
20250428,16:50:09,-20.7,
20250428,16:50:09,-20.8,
20250428,16:50:09,-20.9,
20250428,16:50:10,-21,
20250428,16:50:10,-21.1,
20250428,16:50:10,-21.1,
20250428,16:50:10,-21.2,
20250428,16:50:11,-21.2,
20250428,16:50:11,-21.2,
20250428,16:50:11,-21.2,
20250428,16:50:12,-21.4,
20250428,16:50:12,-21.5,
20250428,16:50:12,-21.4,
20250428,16:50:12,-21.7,
20250428,16:50:13,-22.1,
20250428,16:50:13,-22.8,
20250428,16:50:13,-23.5,
20250428,16:50:14,-24,
20250428,16:50:14,-24.3,
20250428,16:50:14,-24.4,
20250428,16:50:14,-24.3,
20250428,16:50:15,-24.1,
20250428,16:50:15,-23.8,
20250428,16:50:15,-23.7,
20250428,16:50:15,-23.5,
20250428,16:50:16,-23.2,
20250428,16:50:16,-23.1,
20250428,16:50:16,-22.9,
20250428,16:50:17,-22.7,
20250428,16:50:17,-22.5,
20250428,16:50:17,-22.3,
20250428,16:50:17,-22.1,
20250428,16:50:18,-22.1,
20250428,16:50:18,-22.1,
20250428,16:50:18,-22.1,
20250428,16:50:19,-22.1,
20250428,16:50:19,-22.1,
20250428,16:50:19,-22.2,
20250428,16:50:19,-22.2,
20250428,16:50:20,-22.3,
20250428,16:50:20,-22.6,
20250428,16:50:20,-22.7,
20250428,16:50:20,-22.9,
20250428,16:50:21,-23.1,
20250428,16:50:21,-23.2,
20250428,16:50:21,-23.2,
20250428,16:50:22,-23.1,
20250428,16:50:22,-23.1,
20250428,16:50:22,-23,
20250428,16:50:22,-23,
20250428,16:50:23,-23,
20250428,16:50:23,-23,
20250428,16:50:23,-23.1,
20250428,16:50:23,-23.3,
20250428,16:50:24,-23.4,
20250428,16:50:24,-23.5,
20250428,16:50:24,-23.3,
20250428,16:50:25,-23,
20250428,16:50:25,-22.9,
20250428,16:50:25,-22.7,
20250428,16:50:25,-22.5,
20250428,16:50:26,-22.4,
20250428,16:50:26,-22.3,
20250428,16:50:26,-22.3,
20250428,16:50:27,-22.2,
20250428,16:50:27,-22.2,
20250428,16:50:27,-22.3,
20250428,16:50:27,-22.4,
20250428,16:50:28,-22.5,
20250428,16:50:28,-22.6,
20250428,16:50:28,-22.7,
20250428,16:50:28,-22.7,
20250428,16:50:29,-22.7,
20250428,16:50:29,-22.8,
20250428,16:50:29,-22.9,
20250428,16:50:30,-22.9,
20250428,16:50:30,-22.9,
20250428,16:50:30,-23.1,
20250428,16:50:30,-23.3,
20250428,16:50:31,-23.5,
20250428,16:50:31,-23.6,
20250428,16:50:31,-23.7,
20250428,16:50:32,-23.8,
20250428,16:50:32,-24,
20250428,16:50:32,-24,
20250428,16:50:32,-24.1,
20250428,16:50:33,-24,
20250428,16:50:33,-23.8,
20250428,16:50:33,-23.6,
20250428,16:50:33,-23.3,
20250428,16:50:34,-23,
20250428,16:50:34,-22.9,
20250428,16:50:34,-22.9,
20250428,16:50:35,-22.9,
20250428,16:50:35,-22.9,
20250428,16:50:35,-22.9,
20250428,16:50:35,-22.9,
20250428,16:50:36,-22.5,
20250428,16:50:36,-22,
20250428,16:50:36,-21.3,
20250428,16:50:37,-20.6,
20250428,16:50:37,-20,
20250428,16:50:37,-19.3,
20250428,16:50:37,-18.7,
20250428,16:50:38,-18.2,
20250428,16:50:38,-17.9,
20250428,16:50:38,-17.7,
20250428,16:50:38,-17.7,
20250428,16:50:39,-17.8,
20250428,16:50:39,-17.8,
20250428,16:50:39,-18.4,
20250428,16:50:40,-18.9,
20250428,16:50:40,-19.3,
20250428,16:50:40,-19.7,
20250428,16:50:40,-19.9,
20250428,16:50:41,-20.2,
20250428,16:50:41,-20.5,
20250428,16:50:41,-20.6,
20250428,16:50:41,-20.7,
20250428,16:50:42,-20.9,
20250428,16:50:42,-21,
20250428,16:50:42,-21.2,
20250428,16:50:43,-21.4,
20250428,16:50:43,-21.6,
20250428,16:50:43,-21.8,
20250428,16:50:43,-21.8,
20250428,16:50:44,-22.1,
20250428,16:50:44,-22.2,
20250428,16:50:44,-22.4,
20250428,16:50:45,-22.6,
20250428,16:50:45,-22.6,
20250428,16:50:45,-22.7,
20250428,16:50:45,-22.8,
20250428,16:50:46,-22.9,
20250428,16:50:46,-22.9,
20250428,16:50:46,-23,
20250428,16:50:47,-23.3,
20250428,16:50:47,-23.5,
20250428,16:50:47,-23.6,
20250428,16:50:47,-23.7,
20250428,16:50:48,-23.8,
20250428,16:50:48,-23.8,
20250428,16:50:48,-24,
20250428,16:50:48,-24.2,
20250428,16:50:49,-24.2,
20250428,16:50:49,-24.3,
20250428,16:50:49,-24.4,
20250428,16:50:50,-24.5,
20250428,16:50:50,-24.5,
20250428,16:50:50,-24.6,
20250428,16:50:50,-24.6,
20250428,16:50:51,-24.6,
20250428,16:50:51,-24.6,
20250428,16:50:51,-24.8,
20250428,16:50:51,-25,
20250428,16:50:52,-25.3,
20250428,16:50:52,-25.5,
20250428,16:50:52,-25.8,
20250428,16:50:53,-26,
20250428,16:50:53,-26.1,
20250428,16:50:53,-26.3,
20250428,16:50:53,-26.3,
20250428,16:50:54,-26.3,
20250428,16:50:54,-26.3,
20250428,16:50:54,-26.3,
20250428,16:50:55,-26.3,
20250428,16:50:55,-26.3,
20250428,16:50:55,-26.3,
20250428,16:50:55,-26.4,
20250428,16:50:56,-26.4,
20250428,16:50:56,-26.5,
20250428,16:50:56,-26.5,
20250428,16:50:56,-26.6,
20250428,16:50:57,-26.7,
20250428,16:50:57,-26.9,
20250428,16:50:57,-27.1,
20250428,16:50:58,-27.3,
20250428,16:50:58,-27.7,
20250428,16:50:58,-28,
20250428,16:50:58,-28,
20250428,16:50:59,-28,
20250428,16:50:59,-27.9,
20250428,16:50:59,-27.6,
20250428,16:51:00,-27.4,
20250428,16:51:00,-27.2,
20250428,16:51:00,-26.9,
20250428,16:51:00,-26.6,
20250428,16:51:01,-26.4,
20250428,16:51:01,-26.3,
20250428,16:51:01,-26,
20250428,16:51:01,-25.8,
20250428,16:51:02,-25.6,
20250428,16:51:02,-25.5,
20250428,16:51:02,-25.5,
20250428,16:51:03,-25.4,
20250428,16:51:03,-25.3,
20250428,16:51:03,-25.4,
20250428,16:51:03,-25.5,
20250428,16:51:04,-25.6,
20250428,16:51:04,-25.7,
20250428,16:51:04,-25.9,
20250428,16:51:04,-25.8,
20250428,16:51:05,-25.7,
20250428,16:51:05,-25.6,
20250428,16:51:05,-25.5,
20250428,16:51:06,-25.4,
20250428,16:51:06,-25.2,
20250428,16:51:06,-25.1,
20250428,16:51:06,-24.8,
20250428,16:51:07,-24.6,
20250428,16:51:07,-23.9,
20250428,16:51:07,-23.2,
20250428,16:51:08,-22.2,
20250428,16:51:08,-21.3,
20250428,16:51:08,-20.4,
20250428,16:51:08,-19.8,
20250428,16:51:09,-19.3,
20250428,16:51:09,-18.9,
20250428,16:51:09,-18.7,
20250428,16:51:09,-18.5,
20250428,16:51:10,-18.5,
20250428,16:51:10,-18.7,
20250428,16:51:10,-18.7,
20250428,16:51:11,-18.9,
20250428,16:51:11,-19.2,
20250428,16:51:11,-19.5,
20250428,16:51:11,-19.6,
20250428,16:51:12,-19.9,
20250428,16:51:12,-20.1,
20250428,16:51:12,-20.4,
20250428,16:51:13,-20.6,
20250428,16:51:13,-20.7,
20250428,16:51:13,-21,
20250428,16:51:13,-21.3,
20250428,16:51:14,-21.7,
20250428,16:51:14,-22,
20250428,16:51:14,-22.2,
20250428,16:51:14,-22.3,
20250428,16:51:15,-22.4,
20250428,16:51:15,-22.3,
20250428,16:51:15,-22.3,
20250428,16:51:16,-22.2,
20250428,16:51:16,-22.2,
20250428,16:51:16,-22.1,
20250428,16:51:16,-22.2,
20250428,16:51:17,-22.2,
20250428,16:51:17,-22.1,
20250428,16:51:17,-22.1,
20250428,16:51:18,-22.1,
20250428,16:51:18,-22.1,
20250428,16:51:18,-22.2,
20250428,16:51:18,-22.2,
20250428,16:51:19,-22.3,
20250428,16:51:19,-22.6,
20250428,16:51:19,-22.7,
20250428,16:51:19,-22.7,
20250428,16:51:20,-22.5,
20250428,16:51:20,-22.4,
20250428,16:51:20,-22.1,
20250428,16:51:21,-21.8,
20250428,16:51:21,-21.5,
20250428,16:51:21,-21.3,
20250428,16:51:21,-21.2,
20250428,16:51:22,-21.1,
20250428,16:51:22,-21,
20250428,16:51:22,-21,
20250428,16:51:22,-21,
20250428,16:51:23,-20.9,
20250428,16:51:23,-20.8,
20250428,16:51:23,-20.9,
20250428,16:51:24,-20.8,
20250428,16:51:24,-20.8,
20250428,16:51:24,-20.9,
20250428,16:51:24,-20.9,
20250428,16:51:25,-21,
20250428,16:51:25,-21,
20250428,16:51:25,-21.1,
20250428,16:51:26,-21,
20250428,16:51:26,-21.2,
20250428,16:51:26,-21.2,
20250428,16:51:26,-21.2,
20250428,16:51:27,-21.2,
20250428,16:51:27,-21.2,
20250428,16:51:27,-21.3,
20250428,16:51:27,-21.4,
20250428,16:51:28,-21.4,
20250428,16:51:28,-21.7,
20250428,16:51:28,-21.9,
20250428,16:51:29,-22.1,
20250428,16:51:29,-22.4,
20250428,16:51:29,-22.5,
20250428,16:51:29,-22.6,
20250428,16:51:30,-22.7,
20250428,16:51:30,-22.5,
20250428,16:51:30,-22.6,
20250428,16:51:31,-22.6,
20250428,16:51:31,-22.5,
20250428,16:51:31,-22.4,
20250428,16:51:31,-22.5,
20250428,16:51:32,-22.5,
20250428,16:51:32,-22.6,
20250428,16:51:32,-22.6,
20250428,16:51:32,-22.5,
20250428,16:51:33,-22.6,
20250428,16:51:33,-22.7,
20250428,16:51:33,-22.7,
20250428,16:51:34,-22.7,
20250428,16:51:34,-22.8,
20250428,16:51:34,-22.8,
20250428,16:51:34,-22.8,
20250428,16:51:35,-22.8,
20250428,16:51:35,-22.9,
20250428,16:51:35,-22.8,
20250428,16:51:36,-22.9,
20250428,16:51:36,-22.9,
20250428,16:51:36,-22.9,
20250428,16:51:36,-22.9,
20250428,16:51:37,-22.9,
20250428,16:51:37,-22.9,
20250428,16:51:37,-22.9,
20250428,16:51:37,-22.9,
20250428,16:51:38,-22.8,
20250428,16:51:38,-22.9,
20250428,16:51:38,-22.9,
20250428,16:51:39,-22.9,
20250428,16:51:39,-22.9,
20250428,16:51:39,-22.9,
20250428,16:51:39,-22.9,
20250428,16:51:40,-23.2,
20250428,16:51:40,-23.6,
20250428,16:51:40,-23.9,
20250428,16:51:40,-24.2,
20250428,16:51:41,-24.5,
20250428,16:51:41,-24.8,
20250428,16:51:41,-24.9,
20250428,16:51:42,-25.2,
20250428,16:51:42,-25.2,
20250428,16:51:42,-25.2,
20250428,16:51:42,-25.2,
20250428,16:51:43,-25.3,
20250428,16:51:43,-25.4,
20250428,16:51:43,-25.5,
20250428,16:51:44,-25.5,
20250428,16:51:44,-25.6,
20250428,16:51:44,-25.6,
20250428,16:51:44,-25.5,
20250428,16:51:45,-25.5,
20250428,16:51:45,-25.5,
20250428,16:51:45,-25.8,
20250428,16:51:45,-26,
20250428,16:51:46,-26.1,
20250428,16:51:46,-25.9,
20250428,16:51:46,-25.5,
20250428,16:51:47,-24.6,
20250428,16:51:47,-23.8,
20250428,16:51:47,-22.8,
20250428,16:51:47,-21.9,
20250428,16:51:48,-21.3,
20250428,16:51:48,-20.8,
20250428,16:51:48,-20.5,
20250428,16:51:49,-20.3,
20250428,16:51:49,-20.1,
20250428,16:51:49,-20,
20250428,16:51:49,-20,
20250428,16:51:50,-20,
20250428,16:51:50,-19.9,
20250428,16:51:50,-20.3,
20250428,16:51:50,-20.4,
20250428,16:51:51,-20.5,
20250428,16:51:51,-20.8,
20250428,16:51:51,-21.1,
20250428,16:51:52,-21.3,
20250428,16:51:52,-21.4,
20250428,16:51:52,-21.5,
20250428,16:51:52,-21.3,
20250428,16:51:53,-20.9,
20250428,16:51:53,-20.5,
20250428,16:51:53,-19.9,
20250428,16:51:54,-19.5,
20250428,16:51:54,-19.1,
20250428,16:51:54,-18.7,
20250428,16:51:54,-18.5,
20250428,16:51:55,-18.3,
20250428,16:51:55,-18.2,
20250428,16:51:55,-18.1,
20250428,16:51:55,-18.2,
20250428,16:51:56,-18.3,
20250428,16:51:56,-18.4,
20250428,16:51:56,-18.7,
20250428,16:51:57,-18.7,
20250428,16:51:57,-18.7,
20250428,16:51:57,-18.9,
20250428,16:51:57,-18.9,
20250428,16:51:58,-19.1,
20250428,16:51:58,-19.2,
20250428,16:51:58,-19.4,
20250428,16:51:59,-19.4,
20250428,16:51:59,-19.5,
20250428,16:51:59,-19.5,
20250428,16:51:59,-19.5,
20250428,16:52:00,-19.8,
20250428,16:52:00,-20,
20250428,16:52:00,-19.9,
20250428,16:52:00,-20.1,
20250428,16:52:01,-20.4,
20250428,16:52:01,-20.5,
20250428,16:52:01,-21,
20250428,16:52:02,-21.1,
20250428,16:52:02,-21.3,
20250428,16:52:02,-21.4,
20250428,16:52:02,-21.6,
20250428,16:52:03,-21.7,
20250428,16:52:03,-21.7,
20250428,16:52:03,-21.6,
20250428,16:52:03,-21.7,
20250428,16:52:04,-21.7,
20250428,16:52:04,-21.6,
20250428,16:52:04,-21.7,
20250428,16:52:05,-21.8,
20250428,16:52:05,-22,
20250428,16:52:05,-21.9,
20250428,16:52:05,-22,
20250428,16:52:06,-21.8,
20250428,16:52:06,-22,
20250428,16:52:06,-22.1,
20250428,16:52:07,-21.9,
20250428,16:52:07,-22.1,
20250428,16:52:07,-22.1,
20250428,16:52:07,-21.7,
20250428,16:52:08,-21.6,
20250428,16:52:08,-21.4,
20250428,16:52:08,-21.5,
20250428,16:52:08,-21.1,
20250428,16:52:09,-20.6,
20250428,16:52:09,-19.7,
20250428,16:52:09,-18.4,
20250428,16:52:10,-16.9,
20250428,16:52:10,-15.1,
20250428,16:52:10,-13.5,
20250428,16:52:10,-12.4,
20250428,16:52:11,-11.3,
20250428,16:52:11,-10.3,
20250428,16:52:11,-9.8,
20250428,16:52:12,-9.3,
20250428,16:52:12,-9.1,
20250428,16:52:12,-8.8,
20250428,16:52:12,-8.6,
20250428,16:52:13,-8.4,
20250428,16:52:13,-8.4,
20250428,16:52:13,-8.6,
20250428,16:52:13,-8.6,
20250428,16:52:14,-8.9,
20250428,16:52:14,-9.2,
20250428,16:52:14,-9.4,
20250428,16:52:15,-9.8,
20250428,16:52:15,-10.3,
20250428,16:52:15,-10.4,
20250428,16:52:15,-11.2,
20250428,16:52:16,-11.7,
20250428,16:52:16,-11.9,
20250428,16:52:16,-12,
20250428,16:52:16,-11.8,
20250428,16:52:17,-11.8,
20250428,16:52:17,-11.4,
20250428,16:52:17,-10.7,
20250428,16:52:18,-9.8,
20250428,16:52:18,-9.2,
20250428,16:52:18,-8.2,
20250428,16:52:18,-7.2,
20250428,16:52:19,-6.2,
20250428,16:52:19,-4.9,
20250428,16:52:19,-4.8,
20250428,16:52:20,-5,
20250428,16:52:20,-5,
20250428,16:52:20,-4.9,
20250428,16:52:20,-5,
20250428,16:52:21,-5.2,
20250428,16:52:21,-5.3,
20250428,16:52:21,-5.8,
20250428,16:52:21,-6,
20250428,16:52:22,-6.4,
20250428,16:52:22,-7,
20250428,16:52:22,-7.3,
20250428,16:52:23,-7.6,
20250428,16:52:23,-7.9,
20250428,16:52:23,-8.4,
20250428,16:52:23,-8.7,
20250428,16:52:24,-9.2,
20250428,16:52:24,-9.3,
20250428,16:52:24,-9.7,
20250428,16:52:24,-9.9,
20250428,16:52:25,-10,
20250428,16:52:25,-10.1,
20250428,16:52:25,-10.4,
20250428,16:52:26,-10.6,
20250428,16:52:26,-10.5,
20250428,16:52:26,-10.9,
20250428,16:52:26,-10.9,
20250428,16:52:27,-11,
20250428,16:52:27,-11,
20250428,16:52:27,-11.1,
20250428,16:52:28,-11.3,
20250428,16:52:28,-11.3,
20250428,16:52:28,-11.1,
20250428,16:52:28,-11.2,
20250428,16:52:29,-11.3,
20250428,16:52:29,-11.6,
20250428,16:52:29,-11.7,
20250428,16:52:29,-11.9,
20250428,16:52:30,-11.8,
20250428,16:52:30,-12.2,
20250428,16:52:30,-12.5,
20250428,16:52:31,-12.8,
20250428,16:52:31,-13.3,
20250428,16:52:31,-13.7,
20250428,16:52:31,-13.9,
20250428,16:52:32,-14,
20250428,16:52:32,-14.3,
20250428,16:52:32,-14.4,
20250428,16:52:33,-14.3,
20250428,16:52:33,-14.4,
20250428,16:52:33,-14.3,
20250428,16:52:33,-14.1,
20250428,16:52:34,-14.1,
20250428,16:52:34,-14,
20250428,16:52:34,-14,
20250428,16:52:34,-13.7,
20250428,16:52:35,-13.8,
20250428,16:52:35,-13.9,
20250428,16:52:35,-13.8,
20250428,16:52:36,-13.8,
20250428,16:52:36,-13.8,
20250428,16:52:36,-14,
20250428,16:52:36,-14.1,
20250428,16:52:37,-14,
20250428,16:52:37,-14,
20250428,16:52:37,-14.1,
20250428,16:52:38,-14.3,
20250428,16:52:38,-14.4,
20250428,16:52:38,-14.5,
20250428,16:52:38,-14.7,
20250428,16:52:39,-14.9,
20250428,16:52:39,-15,
20250428,16:52:39,-15.2,
20250428,16:52:39,-15.3,
20250428,16:52:40,-15.2,
20250428,16:52:40,-15.5,
20250428,16:52:40,-15.5,
20250428,16:52:41,-15.4,
20250428,16:52:41,-15.6,
20250428,16:52:41,-15.5,
20250428,16:52:41,-15.7,
20250428,16:52:42,-15.7,
20250428,16:52:42,-16,
20250428,16:52:42,-16.1,
20250428,16:52:42,-16.1,
20250428,16:52:43,-16.2,
20250428,16:52:43,-16.5,
20250428,16:52:43,-16.4,
20250428,16:52:44,-16.7,
20250428,16:52:44,-16.7,
20250428,16:52:44,-16.8,
20250428,16:52:44,-16.9,
20250428,16:52:45,-16.8,
20250428,16:52:45,-16.9,
20250428,16:52:45,-16.8,
20250428,16:52:46,-16.9,
20250428,16:52:46,-16.9,
20250428,16:52:46,-16.9,
20250428,16:52:46,-16.9,
20250428,16:52:47,-16.9,
20250428,16:52:47,-16.9,
20250428,16:52:47,-16.9,
20250428,16:52:48,-17,
20250428,16:52:48,-17.1,
20250428,16:52:48,-17,
20250428,16:52:48,-17.1,
20250428,16:52:49,-16.9,
20250428,16:52:49,-17,
20250428,16:52:49,-16.9,
20250428,16:52:49,-17,
20250428,16:52:50,-16.9,
20250428,16:52:50,-16.9,
20250428,16:52:50,-16.9,
20250428,16:52:51,-16.9,
20250428,16:52:51,-16.9,
20250428,16:52:51,-16.9,
20250428,16:52:51,-16.9,
20250428,16:52:52,-16.9,
20250428,16:52:52,-17.1,
20250428,16:52:52,-17.1,
20250428,16:52:52,-17.2,
20250428,16:52:53,-17.2,
20250428,16:52:53,-17.6,
20250428,16:52:53,-17.7,
20250428,16:52:54,-17.7,
20250428,16:52:54,-17.8,
20250428,16:52:54,-17.8,
20250428,16:52:54,-17.9,
20250428,16:52:55,-17.9,
20250428,16:52:55,-18.1,
20250428,16:52:55,-18.3,
20250428,16:52:56,-18.6,
20250428,16:52:56,-18.9,
20250428,16:52:56,-19.3,
20250428,16:52:56,-19.6,
20250428,16:52:57,-19.8,
20250428,16:52:57,-20,
20250428,16:52:57,-20.2,
20250428,16:52:57,-20.3,
20250428,16:52:58,-20.3,
20250428,16:52:58,-20.4,
20250428,16:52:58,-20.4,
20250428,16:52:59,-20.5,
20250428,16:52:59,-20.6,
20250428,16:52:59,-20.6,
20250428,16:52:59,-20.6,
20250428,16:53:00,-20.6,
20250428,16:53:00,-20.8,
20250428,16:53:00,-20.8,
20250428,16:53:01,-20.9,
20250428,16:53:01,-20.9,
20250428,16:53:01,-21.1,
20250428,16:53:01,-21.1,
20250428,16:53:02,-21.2,
20250428,16:53:02,-21.3,
20250428,16:53:02,-21.5,
20250428,16:53:02,-22,
20250428,16:53:03,-22.2,
20250428,16:53:03,-22.6,
20250428,16:53:03,-22.8,
20250428,16:53:04,-23,
20250428,16:53:04,-23,
20250428,16:53:04,-23,
20250428,16:53:04,-23.1,
20250428,16:53:05,-23,
20250428,16:53:05,-22.8,
20250428,16:53:05,-22.9,
20250428,16:53:05,-22.7,
20250428,16:53:06,-22.5,
20250428,16:53:06,-22.5,
20250428,16:53:06,-22.4,
20250428,16:53:07,-22.3,
20250428,16:53:07,-22.2,
20250428,16:53:07,-22.2,
20250428,16:53:07,-22.2,
20250428,16:53:08,-22.1,
20250428,16:53:08,-22.1,
20250428,16:53:08,-22.1,
20250428,16:53:09,-22.1,
20250428,16:53:09,-22.1,
20250428,16:53:09,-22,
20250428,16:53:09,-22.1,
20250428,16:53:10,-22,
20250428,16:53:10,-22,
20250428,16:53:10,-22,
20250428,16:53:10,-22.1,
20250428,16:53:11,-22.1,
20250428,16:53:11,-22.2,
20250428,16:53:11,-22.4,
20250428,16:53:12,-22.8,
20250428,16:53:12,-22.9,
20250428,16:53:12,-23,
20250428,16:53:12,-23.1,
20250428,16:53:13,-23.2,
20250428,16:53:13,-23.2,
20250428,16:53:13,-23.3,
20250428,16:53:14,-23.3,
20250428,16:53:14,-23.3,
20250428,16:53:14,-23.3,
20250428,16:53:14,-23.2,
20250428,16:53:15,-23.2,
20250428,16:53:15,-23.2,
20250428,16:53:15,-23.2,
20250428,16:53:15,-22.9,
20250428,16:53:16,-23.4,
20250428,16:53:16,-23.7,
20250428,16:53:16,-23.5,
20250428,16:53:17,-23.3,
20250428,16:53:17,-23.2,
20250428,16:53:17,-23.2,
20250428,16:53:17,-23.2,
20250428,16:53:18,-23.1,
20250428,16:53:18,-23.3,
20250428,16:53:18,-23.6,
20250428,16:53:19,-24,
20250428,16:53:19,-24.5,
20250428,16:53:19,-24.9,
20250428,16:53:19,-25.2,
20250428,16:53:20,-25.3,
20250428,16:53:20,-25.2,
20250428,16:53:20,-24.9,
20250428,16:53:20,-24.5,
20250428,16:53:21,-23.8,
20250428,16:53:21,-23,
20250428,16:53:21,-22.4,
20250428,16:53:22,-21.6,
20250428,16:53:22,-21,
20250428,16:53:22,-20.4,
20250428,16:53:22,-19.8,
20250428,16:53:23,-19.5,
20250428,16:53:23,-19.3,
20250428,16:53:23,-19,
20250428,16:53:23,-19,
20250428,16:53:24,-18.9,
20250428,16:53:24,-19,
20250428,16:53:24,-19.1,
20250428,16:53:25,-19.2,
20250428,16:53:25,-19.4,
20250428,16:53:25,-19.5,
20250428,16:53:25,-19.6,
20250428,16:53:26,-19.7,
20250428,16:53:26,-20,
20250428,16:53:26,-20.2,
20250428,16:53:27,-20.3,
20250428,16:53:27,-20.4,
20250428,16:53:27,-20.6,
20250428,16:53:27,-20.7,
20250428,16:53:28,-20.8,
20250428,16:53:28,-21.1,
20250428,16:53:28,-21.2,
20250428,16:53:29,-21.3,
20250428,16:53:29,-21.5,
20250428,16:53:29,-21.9,
20250428,16:53:29,-22.1,
20250428,16:53:30,-22.5,
20250428,16:53:30,-22.9,
20250428,16:53:30,-23.1,
20250428,16:53:30,-23.3,
20250428,16:53:31,-23.4,
20250428,16:53:31,-23.3,
20250428,16:53:31,-22.9,
20250428,16:53:32,-22.4,
20250428,16:53:32,-21.8,
20250428,16:53:32,-21.2,
20250428,16:53:32,-20.8,
20250428,16:53:33,-20.4,
20250428,16:53:33,-20.2,
20250428,16:53:33,-20,
20250428,16:53:33,-19.9,
20250428,16:53:34,-19.9,
20250428,16:53:34,-19.8,
20250428,16:53:34,-19.8,
20250428,16:53:35,-19.8,
20250428,16:53:35,-20,
20250428,16:53:35,-20.1,
20250428,16:53:35,-20.2,
20250428,16:53:36,-20.3,
20250428,16:53:36,-20.4,
20250428,16:53:36,-20.5,
20250428,16:53:37,-20.7,
20250428,16:53:37,-21,
20250428,16:53:37,-21.3,
20250428,16:53:37,-21.6,
20250428,16:53:38,-21.8,
20250428,16:53:38,-21.9,
20250428,16:53:38,-21.8,
20250428,16:53:38,-21.7,
20250428,16:53:39,-21.4,
20250428,16:53:39,-21.2,
20250428,16:53:39,-20.9,
20250428,16:53:40,-20.6,
20250428,16:53:40,-20.4,
20250428,16:53:40,-20.4,
20250428,16:53:40,-20.4,
20250428,16:53:41,-20.4,
20250428,16:53:41,-20.4,
20250428,16:53:41,-20.6,
20250428,16:53:42,-20.7,
20250428,16:53:42,-20.7,
20250428,16:53:42,-20.7,
20250428,16:53:42,-20.7,
20250428,16:53:43,-20.6,
20250428,16:53:43,-20.6,
20250428,16:53:43,-20.6,
20250428,16:53:43,-20.7,
20250428,16:53:44,-20.9,
20250428,16:53:44,-20.9,
20250428,16:53:44,-21,
20250428,16:53:45,-20.9,
20250428,16:53:45,-20.8,
20250428,16:53:45,-20.6,
20250428,16:53:45,-20.4,
20250428,16:53:46,-20.3,
20250428,16:53:46,-20.2,
20250428,16:53:46,-20.1,
20250428,16:53:46,-20,
20250428,16:53:47,-19.9,
20250428,16:53:47,-20,
20250428,16:53:47,-20.1,
20250428,16:53:48,-20.2,
20250428,16:53:48,-20.4,
20250428,16:53:48,-20.4,
20250428,16:53:48,-20.4,
20250428,16:53:49,-20.3,
20250428,16:53:49,-20,
20250428,16:53:49,-19.6,
20250428,16:53:50,-19.2,
20250428,16:53:50,-18.7,
20250428,16:53:50,-18.4,
20250428,16:53:50,-18,
20250428,16:53:51,-17.8,
20250428,16:53:51,-17.5,
20250428,16:53:51,-17.3,
20250428,16:53:51,-17.2,
20250428,16:53:52,-17.2,
20250428,16:53:52,-17,
20250428,16:53:52,-17.1,
20250428,16:53:53,-17.2,
20250428,16:53:53,-17.2,
20250428,16:53:53,-17.2,
20250428,16:53:53,-17.3,
20250428,16:53:54,-17.5,
20250428,16:53:54,-17.6,
20250428,16:53:54,-17.7,
20250428,16:53:55,-17.9,
20250428,16:53:55,-18,
20250428,16:53:55,-18.2,
20250428,16:53:55,-18.4,
20250428,16:53:56,-18.5,
20250428,16:53:56,-18.7,
20250428,16:53:56,-18.7,
20250428,16:53:56,-18.7,
20250428,16:53:57,-18.7,
20250428,16:53:57,-18.7,
20250428,16:53:57,-18.7,
20250428,16:53:58,-18.8,
20250428,16:53:58,-18.9,
20250428,16:53:58,-18.9,
20250428,16:53:58,-18.9,
20250428,16:53:59,-18.9,
20250428,16:53:59,-18.9,
20250428,16:53:59,-18.9,
20250428,16:54:00,-18.9,
20250428,16:54:00,-19,
20250428,16:54:00,-19,
20250428,16:54:00,-19,
20250428,16:54:01,-19.1,
20250428,16:54:01,-19.2,
20250428,16:54:01,-19.4,
20250428,16:54:01,-19.5,
20250428,16:54:02,-19.5,
20250428,16:54:02,-19.6,
20250428,16:54:02,-19.7,
20250428,16:54:03,-19.7,
20250428,16:54:03,-19.7,
20250428,16:54:03,-19.8,
20250428,16:54:03,-19.8,
20250428,16:54:04,-19.8,
20250428,16:54:04,-19.8,
20250428,16:54:04,-19.9,
20250428,16:54:04,-19.8,
20250428,16:54:05,-19.9,
20250428,16:54:05,-19.8,
20250428,16:54:05,-19.8,
20250428,16:54:06,-19.9,
20250428,16:54:06,-19.9,
20250428,16:54:06,-20,
20250428,16:54:06,-20.1,
20250428,16:54:07,-20.2,
20250428,16:54:07,-20.5,
20250428,16:54:07,-20.6,
20250428,16:54:08,-20.9,
20250428,16:54:08,-21.1,
20250428,16:54:08,-21.2,
20250428,16:54:08,-21.2,
20250428,16:54:09,-21.4,
20250428,16:54:09,-21.5,
20250428,16:54:09,-21.5,
20250428,16:54:10,-21.6,
20250428,16:54:10,-21.6,
20250428,16:54:10,-21.6,
20250428,16:54:10,-21.7,
20250428,16:54:11,-21.6,
20250428,16:54:11,-21.6,
20250428,16:54:11,-21.6,
20250428,16:54:11,-21.7,
20250428,16:54:12,-21.6,
20250428,16:54:12,-21.7,
20250428,16:54:12,-21.8,
20250428,16:54:13,-22,
20250428,16:54:13,-22.3,
20250428,16:54:13,-22.5,
20250428,16:54:13,-22.8,
20250428,16:54:14,-22.9,
20250428,16:54:14,-23.1,
20250428,16:54:14,-23,
20250428,16:54:14,-23.1,
20250428,16:54:15,-23.1,
20250428,16:54:15,-22.9,
20250428,16:54:15,-22.9,
20250428,16:54:16,-22.9,
20250428,16:54:16,-22.8,
20250428,16:54:16,-22.8,
20250428,16:54:16,-22.8,
20250428,16:54:17,-22.7,
20250428,16:54:17,-22.7,
20250428,16:54:17,-22.8,
20250428,16:54:18,-22.8,
20250428,16:54:18,-22.9,
20250428,16:54:18,-22.9,
20250428,16:54:18,-23.1,
20250428,16:54:19,-23.2,
20250428,16:54:19,-23.3,
20250428,16:54:19,-23.5,
20250428,16:54:19,-23.9,
20250428,16:54:20,-24,
20250428,16:54:20,-24,
20250428,16:54:20,-23.6,
20250428,16:54:21,-22.8,
20250428,16:54:21,-21.7,
20250428,16:54:21,-20.6,
20250428,16:54:21,-19.5,
20250428,16:54:22,-18.7,
20250428,16:54:22,-17.8,
20250428,16:54:22,-17.1,
20250428,16:54:23,-16.7,
20250428,16:54:23,-16.2,
20250428,16:54:23,-16,
20250428,16:54:23,-15.7,
20250428,16:54:24,-15.5,
20250428,16:54:24,-15.5,
20250428,16:54:24,-15.4,
20250428,16:54:24,-15.7,
20250428,16:54:25,-15.7,
20250428,16:54:25,-15.6,
20250428,16:54:25,-15.8,
20250428,16:54:26,-15.8,
20250428,16:54:26,-15.9,
20250428,16:54:26,-16.1,
20250428,16:54:26,-16.1,
20250428,16:54:27,-16.3,
20250428,16:54:27,-16.5,
20250428,16:54:27,-16.7,
20250428,16:54:27,-16.9,
20250428,16:54:28,-17,
20250428,16:54:28,-17.2,
20250428,16:54:28,-17.6,
20250428,16:54:29,-17.8,
20250428,16:54:29,-18,
20250428,16:54:29,-18.2,
20250428,16:54:29,-18.4,
20250428,16:54:30,-18.4,
20250428,16:54:30,-18.5,
20250428,16:54:30,-18.5,
20250428,16:54:31,-18.4,
20250428,16:54:31,-18.4,
20250428,16:54:31,-18.3,
20250428,16:54:31,-18.3,
20250428,16:54:32,-18.3,
20250428,16:54:32,-18.3,
20250428,16:54:32,-18.4,
20250428,16:54:32,-18.4,
20250428,16:54:33,-18.4,
20250428,16:54:33,-18.6,
20250428,16:54:33,-18.7,
20250428,16:54:34,-18.7,
20250428,16:54:34,-18.9,
20250428,16:54:34,-19,
20250428,16:54:34,-19.1,
20250428,16:54:35,-19.1,
20250428,16:54:35,-19.2,
20250428,16:54:35,-19.2,
20250428,16:54:36,-19.2,
20250428,16:54:36,-19.1,
20250428,16:54:36,-19,
20250428,16:54:36,-18.9,
20250428,16:54:37,-18.7,
20250428,16:54:37,-18.7,
20250428,16:54:37,-18.6,
20250428,16:54:37,-18.5,
20250428,16:54:38,-18.5,
20250428,16:54:38,-18.4,
20250428,16:54:38,-18.4,
20250428,16:54:39,-18.3,
20250428,16:54:39,-18.5,
20250428,16:54:39,-18.5,
20250428,16:54:39,-18.5,
20250428,16:54:40,-18.5,
20250428,16:54:40,-18.6,
20250428,16:54:40,-18.7,
20250428,16:54:41,-18.7,
20250428,16:54:41,-18.8,
20250428,16:54:41,-18.8,
20250428,16:54:41,-18.9,
20250428,16:54:42,-18.9,
20250428,16:54:42,-19,
20250428,16:54:42,-19.2,
20250428,16:54:42,-19.4,
20250428,16:54:43,-19.6,
20250428,16:54:43,-19.9,
20250428,16:54:43,-20.1,
20250428,16:54:44,-20.3,
20250428,16:54:44,-20.4,
20250428,16:54:44,-20.5,
20250428,16:54:44,-20.6,
20250428,16:54:45,-20.7,
20250428,16:54:45,-20.7,
20250428,16:54:45,-20.8,
20250428,16:54:45,-20.8,
20250428,16:54:46,-20.7,
20250428,16:54:46,-20.7,
20250428,16:54:46,-20.7,
20250428,16:54:47,-20.8,
20250428,16:54:47,-20.7,
20250428,16:54:47,-20.7,
20250428,16:54:47,-20.7,
20250428,16:54:48,-20.8,
20250428,16:54:48,-20.8,
20250428,16:54:48,-20.9,
20250428,16:54:49,-21,
20250428,16:54:49,-20.9,
20250428,16:54:49,-21,
20250428,16:54:49,-21,
20250428,16:54:50,-21.1,
20250428,16:54:50,-21.1,
20250428,16:54:50,-21.1,
20250428,16:54:51,-21.1,
20250428,16:54:51,-21.2,
20250428,16:54:51,-21.2,
20250428,16:54:51,-21.2,
20250428,16:54:52,-21.2,
20250428,16:54:52,-21.3,
20250428,16:54:52,-21.3,
20250428,16:54:52,-21.5,
20250428,16:54:53,-21.8,
20250428,16:54:53,-22.1,
20250428,16:54:53,-22.5,
20250428,16:54:54,-22.8,
20250428,16:54:54,-23,
20250428,16:54:54,-23.3,
20250428,16:54:54,-23.6,
20250428,16:54:55,-23.5,
20250428,16:54:55,-23.5,
20250428,16:54:55,-23.5,
20250428,16:54:55,-23.4,
20250428,16:54:56,-23.3,
20250428,16:54:56,-23.2,
20250428,16:54:56,-23.1,
20250428,16:54:57,-23,
20250428,16:54:57,-22.9,
20250428,16:54:57,-22.9,
20250428,16:54:57,-22.9,
20250428,16:54:58,-22.9,
20250428,16:54:58,-22.9,
20250428,16:54:58,-22.8,
20250428,16:54:58,-22.8,
20250428,16:54:59,-22.8,
20250428,16:54:59,-22.8,
20250428,16:54:59,-22.9,
20250428,16:55:00,-22.8,
20250428,16:55:00,-22.8,
20250428,16:55:00,-22.9,
20250428,16:55:00,-22.9,
20250428,16:55:01,-23.1,
20250428,16:55:01,-23.3,
20250428,16:55:01,-23.6,
20250428,16:55:02,-23.8,
20250428,16:55:02,-24,
20250428,16:55:02,-24.2,
20250428,16:55:02,-24.4,
20250428,16:55:03,-24.4,
20250428,16:55:03,-24.4,
20250428,16:55:03,-24.4,
20250428,16:55:04,-24.4,
20250428,16:55:04,-24.4,
20250428,16:55:04,-24.2,
20250428,16:55:04,-24.2,
20250428,16:55:05,-24.2,
20250428,16:55:05,-24.3,
20250428,16:55:05,-24.4,
20250428,16:55:05,-24.4,
20250428,16:55:06,-24.6,
20250428,16:55:06,-24.7,
20250428,16:55:06,-24.9,
20250428,16:55:07,-25,
20250428,16:55:07,-25,
20250428,16:55:07,-24.9,
20250428,16:55:07,-24.9,
20250428,16:55:08,-24.8,
20250428,16:55:08,-24.8,
20250428,16:55:08,-24.7,
20250428,16:55:08,-24.7,
20250428,16:55:09,-24.6,
20250428,16:55:09,-24.6,
20250428,16:55:09,-24.6,
20250428,16:55:10,-24.6,
20250428,16:55:10,-24.6,
20250428,16:55:10,-24.6,
20250428,16:55:10,-24.5,
20250428,16:55:11,-24.5,
20250428,16:55:11,-24.6,
20250428,16:55:11,-24.6,
20250428,16:55:12,-24.5,
20250428,16:55:12,-24.5,
20250428,16:55:12,-24.5,
20250428,16:55:12,-24.6,
20250428,16:55:13,-24.6,
20250428,16:55:13,-24.7,
20250428,16:55:13,-24.7,
20250428,16:55:13,-24.7,
20250428,16:55:14,-24.8,
20250428,16:55:14,-24.8,
20250428,16:55:14,-24.9,
20250428,16:55:15,-25,
20250428,16:55:15,-25,
20250428,16:55:15,-25.1,
20250428,16:55:15,-25.2,
20250428,16:55:16,-25.2,
20250428,16:55:16,-25.3,
20250428,16:55:16,-25.3,
20250428,16:55:17,-25.4,
20250428,16:55:17,-25.3,
20250428,16:55:17,-25.4,
20250428,16:55:17,-25.4,
20250428,16:55:18,-25.5,
20250428,16:55:18,-25.5,
20250428,16:55:18,-25.6,
20250428,16:55:18,-25.8,
20250428,16:55:19,-26.2,
20250428,16:55:19,-26.4,
20250428,16:55:19,-26.6,
20250428,16:55:20,-26.7,
20250428,16:55:20,-26.6,
20250428,16:55:20,-26.6,
20250428,16:55:20,-26.4,
20250428,16:55:21,-26.3,
20250428,16:55:21,-26.2,
20250428,16:55:21,-25.9,
20250428,16:55:22,-25.8,
20250428,16:55:22,-25.6,
20250428,16:55:22,-25.6,
20250428,16:55:22,-25.5,
20250428,16:55:23,-25.4,
20250428,16:55:23,-25.2,
20250428,16:55:23,-25.2,
20250428,16:55:23,-25.1,
20250428,16:55:24,-25,
20250428,16:55:24,-24.9,
20250428,16:55:24,-25,
20250428,16:55:25,-24.9,
20250428,16:55:25,-24.9,
20250428,16:55:25,-24.9,
20250428,16:55:25,-24.9,
20250428,16:55:26,-24.9,
20250428,16:55:26,-25,
20250428,16:55:26,-25.1,
20250428,16:55:26,-25.3,
20250428,16:55:27,-25.5,
20250428,16:55:27,-25.8,
20250428,16:55:27,-26,
20250428,16:55:28,-26.1,
20250428,16:55:28,-26.1,
20250428,16:55:28,-25.8,
20250428,16:55:28,-25.6,
20250428,16:55:29,-25.5,
20250428,16:55:29,-25.2,
20250428,16:55:29,-24.8,
20250428,16:55:30,-24.6,
20250428,16:55:30,-24.3,
20250428,16:55:30,-24.1,
20250428,16:55:30,-23.8,
20250428,16:55:31,-23.7,
20250428,16:55:31,-23.5,
20250428,16:55:31,-23.2,
20250428,16:55:32,-23.1,
20250428,16:55:32,-23.1,
20250428,16:55:32,-23.1,
20250428,16:55:32,-23.2,
20250428,16:55:33,-23.3,
20250428,16:55:33,-23.3,
20250428,16:55:33,-23.3,
20250428,16:55:33,-23.3,
20250428,16:55:34,-23.1,
20250428,16:55:34,-23,
20250428,16:55:34,-22.9,
20250428,16:55:35,-22.7,
20250428,16:55:35,-22.6,
20250428,16:55:35,-22.5,
20250428,16:55:35,-22.5,
20250428,16:55:36,-22.6,
20250428,16:55:36,-22.5,
20250428,16:55:36,-22.4,
20250428,16:55:36,-22.5,
20250428,16:55:37,-22.5,
20250428,16:55:37,-22.6,
20250428,16:55:37,-22.6,
20250428,16:55:38,-22.7,
20250428,16:55:38,-22.8,
20250428,16:55:38,-22.9,
20250428,16:55:38,-22.9,
20250428,16:55:39,-23.1,
20250428,16:55:39,-23.3,
20250428,16:55:39,-23.5,
20250428,16:55:39,-23.7,
20250428,16:55:40,-23.8,
20250428,16:55:40,-23.7,
20250428,16:55:40,-23.4,
20250428,16:55:41,-23,
20250428,16:55:41,-22.6,
20250428,16:55:41,-22.1,
20250428,16:55:41,-21.4,
20250428,16:55:42,-20.5,
20250428,16:55:42,-19.5,
20250428,16:55:42,-18.5,
20250428,16:55:43,-17.4,
20250428,16:55:43,-16.5,
20250428,16:55:43,-15.6,
20250428,16:55:43,-15,
20250428,16:55:44,-14.5,
20250428,16:55:44,-14.2,
20250428,16:55:44,-14,
20250428,16:55:45,-13.6,
20250428,16:55:45,-13.3,
20250428,16:55:45,-12.7,
20250428,16:55:45,-12,
20250428,16:55:46,-11.2,
20250428,16:55:46,-10.3,
20250428,16:55:46,-9.4,
20250428,16:55:46,-8.6,
20250428,16:55:47,-7.6,
20250428,16:55:47,-7.2,
20250428,16:55:47,-6.7,
20250428,16:55:48,-6.4,
20250428,16:55:48,-6.1,
20250428,16:55:48,-6.1,
20250428,16:55:48,-6.1,
20250428,16:55:49,-6.2,
20250428,16:55:49,-6.4,
20250428,16:55:49,-6.7,
20250428,16:55:49,-6.9,
20250428,16:55:50,-7.3,
20250428,16:55:50,-7.5,
20250428,16:55:50,-7.9,
20250428,16:55:51,-8.2,
20250428,16:55:51,-8.4,
20250428,16:55:51,-8.9,
20250428,16:55:51,-9.2,
20250428,16:55:52,-9.4,
20250428,16:55:52,-9.6,
20250428,16:55:52,-9.9,
20250428,16:55:53,-10,
20250428,16:55:53,-10.1,
20250428,16:55:53,-10.2,
20250428,16:55:53,-10.2,
20250428,16:55:54,-10.3,
20250428,16:55:54,-10.4,
20250428,16:55:54,-10.4,
20250428,16:55:54,-10.5,
20250428,16:55:55,-10.6,
20250428,16:55:55,-10.9,
20250428,16:55:55,-11,
20250428,16:55:56,-11,
20250428,16:55:56,-10.9,
20250428,16:55:56,-11,
20250428,16:55:56,-11,
20250428,16:55:57,-11,
20250428,16:55:57,-11,
20250428,16:55:57,-10.9,
20250428,16:55:57,-11,
20250428,16:55:58,-11,
20250428,16:55:58,-10.9,
20250428,16:55:58,-11,
20250428,16:55:59,-10.9,
20250428,16:55:59,-11,
20250428,16:55:59,-11,
20250428,16:55:59,-11,
20250428,16:56:00,-11.2,
20250428,16:56:00,-11.3,
20250428,16:56:00,-11.3,
20250428,16:56:01,-11.3,
20250428,16:56:01,-11.2,
20250428,16:56:01,-11.1,
20250428,16:56:01,-11,
20250428,16:56:02,-10.8,
20250428,16:56:02,-10.6,
20250428,16:56:02,-10.6,
20250428,16:56:03,-10.4,
20250428,16:56:03,-10.3,
20250428,16:56:03,-10.3,
20250428,16:56:03,-10.2,
20250428,16:56:04,-10.1,
20250428,16:56:04,-10.1,
20250428,16:56:04,-10.2,
20250428,16:56:04,-10.3,
20250428,16:56:05,-10.3,
20250428,16:56:05,-10.2,
20250428,16:56:05,-10.1,
20250428,16:56:06,-10.1,
20250428,16:56:06,-10.2,
20250428,16:56:06,-10.1,
20250428,16:56:06,-10,
20250428,16:56:07,-9.8,
20250428,16:56:07,-9.7,
20250428,16:56:07,-9.6,
20250428,16:56:07,-9.4,
20250428,16:56:08,-9.4,
20250428,16:56:08,-9.4,
20250428,16:56:08,-9.4,
20250428,16:56:09,-9.4,
20250428,16:56:09,-9.3,
20250428,16:56:09,-9.3,
20250428,16:56:09,-9.3,
20250428,16:56:10,-9.2,
20250428,16:56:10,-9.1,
20250428,16:56:10,-8.7,
20250428,16:56:11,-8.4,
20250428,16:56:11,-7.9,
20250428,16:56:11,-7.3,
20250428,16:56:11,-6.6,
20250428,16:56:12,-5.6,
20250428,16:56:12,-4.6,
20250428,16:56:12,-3.7,
20250428,16:56:12,-2.8,
20250428,16:56:13,-1.7,
20250428,16:56:13,-0.9,
20250428,16:56:13,-0.1,
20250428,16:56:14,0.6,
20250428,16:56:14,1.2,
20250428,16:56:14,1.8,
20250428,16:56:14,2.1,
20250428,16:56:15,2.4,
20250428,16:56:15,2.5,
20250428,16:56:15,2.8,
20250428,16:56:15,2.7,
20250428,16:56:16,2.5,
20250428,16:56:16,2.5,
20250428,16:56:16,2.3,
20250428,16:56:17,2.3,
20250428,16:56:17,2.1,
20250428,16:56:17,1.8,
20250428,16:56:17,1.6,
20250428,16:56:18,1.4,
20250428,16:56:18,1.2,
20250428,16:56:18,0.9,
20250428,16:56:18,0.6,
20250428,16:56:19,0.2,
20250428,16:56:19,-0.1,
20250428,16:56:19,-0.5,
20250428,16:56:20,-0.8,
20250428,16:56:20,-1.2,
20250428,16:56:20,-1.6,
20250428,16:56:20,-2,
20250428,16:56:21,-2.4,
20250428,16:56:21,-2.8,
20250428,16:56:21,-3.1,
20250428,16:56:22,-3.4,
20250428,16:56:22,-3.7,
20250428,16:56:22,-3.7,
20250428,16:56:22,-4,
20250428,16:56:23,-4.1,
20250428,16:56:23,-4.1,
20250428,16:56:23,-4.3,
20250428,16:56:23,-4.3,
20250428,16:56:24,-4.2,
20250428,16:56:24,-4.3,
20250428,16:56:24,-4.4,
20250428,16:56:25,-4.4,
20250428,16:56:25,-4.6,
20250428,16:56:25,-4.8,
20250428,16:56:25,-5,
20250428,16:56:26,-5,
20250428,16:56:26,-5,
20250428,16:56:26,-4.9,
20250428,16:56:26,-5,
20250428,16:56:27,-4.9,
20250428,16:56:27,-4.7,
20250428,16:56:27,-4.6,
20250428,16:56:28,-4.3,
20250428,16:56:28,-4,
20250428,16:56:28,-3.7,
20250428,16:56:28,-3.3,
20250428,16:56:29,-3,
20250428,16:56:29,-2.4,
20250428,16:56:29,-2.1,
20250428,16:56:30,-1.8,
20250428,16:56:30,-1.7,
20250428,16:56:30,-1.6,
20250428,16:56:30,-1.5,
20250428,16:56:31,-1.4,
20250428,16:56:31,-1.4,
20250428,16:56:31,-1.3,
20250428,16:56:31,-1.3,
20250428,16:56:32,-1.4,
20250428,16:56:32,-1.6,
20250428,16:56:32,-1.6,
20250428,16:56:33,-1.8,
20250428,16:56:33,-2.1,
20250428,16:56:33,-2.3,
20250428,16:56:33,-2.4,
20250428,16:56:34,-2.4,
20250428,16:56:34,-2.8,
20250428,16:56:34,-3,
20250428,16:56:34,-3.3,
20250428,16:56:35,-3.3,
20250428,16:56:35,-3.4,
20250428,16:56:35,-3.6,
20250428,16:56:36,-3.6,
20250428,16:56:36,-3.8,
20250428,16:56:36,-3.7,
20250428,16:56:36,-3.8,
20250428,16:56:37,-3.6,
20250428,16:56:37,-3.6,
20250428,16:56:37,-3.4,
20250428,16:56:38,-3.4,
20250428,16:56:38,-3.3,
20250428,16:56:38,-3.3,
20250428,16:56:38,-3.2,
20250428,16:56:39,-3.2,
20250428,16:56:39,-3.2,
20250428,16:56:39,-3.1,
20250428,16:56:39,-3.1,
20250428,16:56:40,-3.2,
20250428,16:56:40,-3.3,
20250428,16:56:40,-3.3,
20250428,16:56:41,-3.4,
20250428,16:56:41,-3.4,
20250428,16:56:41,-3.4,
20250428,16:56:41,-3.2,
20250428,16:56:42,-2.8,
20250428,16:56:42,-2.4,
20250428,16:56:42,-2.1,
20250428,16:56:42,-1.8,
20250428,16:56:43,-1.6,
20250428,16:56:43,-1.6,
20250428,16:56:43,-1.6,
20250428,16:56:44,-1.6,
20250428,16:56:44,-1.6,
20250428,16:56:44,-1.6,
20250428,16:56:44,-1.7,
20250428,16:56:45,-1.8,
20250428,16:56:45,-2,
20250428,16:56:45,-2.3,
20250428,16:56:46,-2.3,
20250428,16:56:46,-2.4,
20250428,16:56:46,-2.6,
20250428,16:56:46,-2.6,
20250428,16:56:47,-2.8,
20250428,16:56:47,-3.1,
20250428,16:56:47,-3.1,
20250428,16:56:47,-3.1,
20250428,16:56:48,-3.3,
20250428,16:56:48,-3.4,
20250428,16:56:48,-3.5,
20250428,16:56:49,-3.7,
20250428,16:56:49,-3.7,
20250428,16:56:49,-3.9,
20250428,16:56:49,-3.9,
20250428,16:56:50,-4.1,
20250428,16:56:50,-4.2,
20250428,16:56:50,-4.4,
20250428,16:56:50,-4.7,
20250428,16:56:51,-4.8,
20250428,16:56:51,-5,
20250428,16:56:51,-5,
20250428,16:56:52,-5,
20250428,16:56:52,-5.3,
20250428,16:56:52,-5.6,
20250428,16:56:52,-5.8,
20250428,16:56:53,-5.8,
20250428,16:56:53,-5.6,
20250428,16:56:53,-5.5,
20250428,16:56:54,-5.1,
20250428,16:56:54,-4.9,
20250428,16:56:54,-4.5,
20250428,16:56:54,-4.1,
20250428,16:56:55,-3.9,
20250428,16:56:55,-3.5,
20250428,16:56:55,-3.2,
20250428,16:56:55,-3,
20250428,16:56:56,-2.5,
20250428,16:56:56,-2.3,
20250428,16:56:56,-1.8,
20250428,16:56:57,-1.6,
20250428,16:56:57,-1.3,
20250428,16:56:57,-1.3,
20250428,16:56:57,-1.2,
20250428,16:56:58,-1,
20250428,16:56:58,-1,
20250428,16:56:58,-1.1,
20250428,16:56:58,-1.1,
20250428,16:56:59,-1,
20250428,16:56:59,-1,
20250428,16:56:59,-0.5,
20250428,16:57:00,0.2,
20250428,16:57:00,1.1,
20250428,16:57:00,2.2,
20250428,16:57:00,3.4,
20250428,16:57:01,4.4,
20250428,16:57:01,5.4,
20250428,16:57:01,6.1,
20250428,16:57:01,6.5,
20250428,16:57:02,6.7,
20250428,16:57:02,6.8,
20250428,16:57:02,6.7,
20250428,16:57:03,6.5,
20250428,16:57:03,6.4,
20250428,16:57:03,6.2,
20250428,16:57:03,6,
20250428,16:57:04,5.8,
20250428,16:57:04,5.5,
20250428,16:57:04,5.3,
20250428,16:57:05,5,
20250428,16:57:05,4.7,
20250428,16:57:05,4.4,
20250428,16:57:05,4.2,
20250428,16:57:06,3.9,
20250428,16:57:06,3.6,
20250428,16:57:06,3.3,
20250428,16:57:06,3.1,
20250428,16:57:07,2.7,
20250428,16:57:07,2.7,
20250428,16:57:07,2.4,
20250428,16:57:08,2.1,
20250428,16:57:08,1.9,
20250428,16:57:08,1.7,
20250428,16:57:08,1.6,
20250428,16:57:09,1.2,
20250428,16:57:09,1.1,
20250428,16:57:09,1,
20250428,16:57:09,0.9,
20250428,16:57:10,0.7,
20250428,16:57:10,0.5,
20250428,16:57:10,0.2,
20250428,16:57:11,0.1,
20250428,16:57:11,-0.3,
20250428,16:57:11,-0.6,
20250428,16:57:11,-0.8,
20250428,16:57:12,-1,
20250428,16:57:12,-1.2,
20250428,16:57:12,-1.3,
20250428,16:57:13,-1.3,
20250428,16:57:13,-1.1,
20250428,16:57:13,-0.8,
20250428,16:57:13,-0.6,
20250428,16:57:14,-0.4,
20250428,16:57:14,0,
20250428,16:57:14,0.2,
20250428,16:57:14,0.4,
20250428,16:57:15,0.5,
20250428,16:57:15,0.6,
20250428,16:57:15,0.8,
20250428,16:57:16,0.9,
20250428,16:57:16,1.1,
20250428,16:57:16,1,
20250428,16:57:16,1.2,
20250428,16:57:17,1.4,
20250428,16:57:17,1.6,
20250428,16:57:17,1.7,
20250428,16:57:17,1.8,
20250428,16:57:18,1.6,
20250428,16:57:18,1.8,
20250428,16:57:18,1.9,
20250428,16:57:19,2,
20250428,16:57:19,2.2,
20250428,16:57:19,2.6,
20250428,16:57:19,2.8,
20250428,16:57:20,3.1,
20250428,16:57:20,3.2,
20250428,16:57:20,3.4,
20250428,16:57:21,3.6,
20250428,16:57:21,3.6,
20250428,16:57:21,3.6,
20250428,16:57:21,3.5,
20250428,16:57:22,3.5,
20250428,16:57:22,3.5,
20250428,16:57:22,3.3,
20250428,16:57:22,3.2,
20250428,16:57:23,3.1,
20250428,16:57:23,2.8,
20250428,16:57:23,2.8,
20250428,16:57:24,2.7,
20250428,16:57:24,2.7,
20250428,16:57:24,2.6,
20250428,16:57:24,2.6,
20250428,16:57:25,2.5,
20250428,16:57:25,2.5,
20250428,16:57:25,2.6,
20250428,16:57:25,2.7,
20250428,16:57:26,3,
20250428,16:57:26,3.3,
20250428,16:57:26,3.6,
20250428,16:57:27,3.8,
20250428,16:57:27,3.9,
20250428,16:57:27,4,
20250428,16:57:27,4.2,
20250428,16:57:28,4.2,
20250428,16:57:28,4.1,
20250428,16:57:28,4.1,
20250428,16:57:28,4,
20250428,16:57:29,3.9,
20250428,16:57:29,3.8,
20250428,16:57:29,3.6,
20250428,16:57:30,3.5,
20250428,16:57:30,3.4,
20250428,16:57:30,3.2,
20250428,16:57:30,3,
20250428,16:57:31,2.8,
20250428,16:57:31,2.7,
20250428,16:57:31,2.4,
20250428,16:57:31,2.3,
20250428,16:57:32,2.2,
20250428,16:57:32,2.1,
20250428,16:57:32,1.9,
20250428,16:57:33,1.8,
20250428,16:57:33,1.8,
20250428,16:57:33,1.7,
20250428,16:57:33,1.6,
20250428,16:57:34,1.6,
20250428,16:57:34,1.5,
20250428,16:57:34,1.3,
20250428,16:57:35,1.3,
20250428,16:57:35,1.3,
20250428,16:57:35,1.1,
20250428,16:57:35,1,
20250428,16:57:36,1,
20250428,16:57:36,0.9,
20250428,16:57:36,1,
20250428,16:57:36,0.8,
20250428,16:57:37,0.7,
20250428,16:57:37,0.7,
20250428,16:57:37,0.5,
20250428,16:57:38,0.3,
20250428,16:57:38,0.2,
20250428,16:57:38,0.1,
20250428,16:57:38,0,
20250428,16:57:39,-0.1,
20250428,16:57:39,-0.3,
20250428,16:57:39,-0.4,
20250428,16:57:39,-0.7,
20250428,16:57:40,-0.8,
20250428,16:57:40,-0.8,
20250428,16:57:40,-1,
20250428,16:57:41,-1.2,
20250428,16:57:41,-1.5,
20250428,16:57:41,-1.8,
20250428,16:57:41,-2.2,
20250428,16:57:42,-2.4,
20250428,16:57:42,-2.7,
20250428,16:57:42,-3.1,
20250428,16:57:42,-3.3,
20250428,16:57:43,-3.3,
20250428,16:57:43,-3.3,
20250428,16:57:43,-3.3,
20250428,16:57:44,-3.2,
20250428,16:57:44,-3.1,
20250428,16:57:44,-2.9,
20250428,16:57:44,-2.8,
20250428,16:57:45,-2.7,
20250428,16:57:45,-2.5,
20250428,16:57:45,-2.3,
20250428,16:57:46,-2.1,
20250428,16:57:46,-1.9,
20250428,16:57:46,-1.7,
20250428,16:57:46,-1.6,
20250428,16:57:47,-1.6,
20250428,16:57:47,-1.6,
20250428,16:57:47,-1.6,
20250428,16:57:47,-1.6,
20250428,16:57:48,-1.7,
20250428,16:57:48,-1.8,
20250428,16:57:48,-2,
20250428,16:57:49,-1.9,
20250428,16:57:49,-1.6,
20250428,16:57:49,-1.1,
20250428,16:57:49,-0.7,
20250428,16:57:50,-0.1,
20250428,16:57:50,0.3,
20250428,16:57:50,0.8,
20250428,16:57:50,1.1,
20250428,16:57:51,1.4,
20250428,16:57:51,1.6,
20250428,16:57:51,1.6,
20250428,16:57:52,1.8,
20250428,16:57:52,1.8,
20250428,16:57:52,1.9,
20250428,16:57:52,1.8,
20250428,16:57:53,1.6,
20250428,16:57:53,1.3,
20250428,16:57:53,1.2,
20250428,16:57:54,1,
20250428,16:57:54,0.7,
20250428,16:57:54,0.4,
20250428,16:57:54,0.3,
20250428,16:57:55,0.1,
20250428,16:57:55,0.1,
20250428,16:57:55,0.1,
20250428,16:57:55,-0.1,
20250428,16:57:56,-0.2,
20250428,16:57:56,-0.3,
20250428,16:57:56,-0.5,
20250428,16:57:57,-0.6,
20250428,16:57:57,-0.7,
20250428,16:57:57,-0.7,
20250428,16:57:57,-0.7,
20250428,16:57:58,-0.8,
20250428,16:57:58,-0.7,
20250428,16:57:58,-0.7,
20250428,16:57:58,-0.9,
20250428,16:57:59,-1.1,
20250428,16:57:59,-1.2,
20250428,16:57:59,-1.5,
20250428,16:58:00,-1.6,
20250428,16:58:00,-1.8,
20250428,16:58:00,-2.1,
20250428,16:58:00,-2.4,
20250428,16:58:01,-2.4,
20250428,16:58:01,-2.5,
20250428,16:58:01,-2.6,
20250428,16:58:02,-2.7,
20250428,16:58:02,-2.7,
20250428,16:58:02,-2.8,
20250428,16:58:02,-2.9,
20250428,16:58:03,-3.1,
20250428,16:58:03,-3.3,
20250428,16:58:03,-3.3,
20250428,16:58:03,-3.5,
20250428,16:58:04,-3.6,
20250428,16:58:04,-3.7,
20250428,16:58:04,-3.9,
20250428,16:58:05,-4.1,
20250428,16:58:05,-4.1,
20250428,16:58:05,-4.3,
20250428,16:58:05,-4.4,
20250428,16:58:06,-4.6,
20250428,16:58:06,-4.6,
20250428,16:58:06,-4.6,
20250428,16:58:06,-4.7,
20250428,16:58:07,-4.8,
20250428,16:58:07,-4.9,
20250428,16:58:07,-5,
20250428,16:58:08,-5,
20250428,16:58:08,-5.1,
20250428,16:58:08,-5.3,
20250428,16:58:08,-5.7,
20250428,16:58:09,-5.9,
20250428,16:58:09,-6.3,
20250428,16:58:09,-6.7,
20250428,16:58:10,-7,
20250428,16:58:10,-7.3,
20250428,16:58:10,-7.5,
20250428,16:58:10,-7.6,
20250428,16:58:11,-7.6,
20250428,16:58:11,-7.7,
20250428,16:58:11,-8,
20250428,16:58:11,-8.1,
20250428,16:58:12,-8.2,
20250428,16:58:12,-8.2,
20250428,16:58:12,-8.2,
20250428,16:58:13,-8.1,
20250428,16:58:13,-8,
20250428,16:58:13,-7.6,
20250428,16:58:13,-7.3,
20250428,16:58:14,-6.9,
20250428,16:58:14,-6.5,
20250428,16:58:14,-6,
20250428,16:58:14,-5.2,
20250428,16:58:15,-4.3,
20250428,16:58:15,-3.3,
20250428,16:58:15,-2.5,
20250428,16:58:16,-1.4,
20250428,16:58:16,-0.5,
20250428,16:58:16,0.7,
20250428,16:58:16,1.7,
20250428,16:58:17,2.6,
20250428,16:58:17,3.6,
20250428,16:58:17,4.2,
20250428,16:58:17,4.8,
20250428,16:58:18,5.5,
20250428,16:58:18,6.3,
20250428,16:58:18,6.6,
20250428,16:58:19,6.5,
20250428,16:58:19,6.5,
20250428,16:58:19,6.6,
20250428,16:58:19,6.4,
20250428,16:58:20,6.2,
20250428,16:58:20,6.1,
20250428,16:58:20,5.9,
20250428,16:58:21,5.7,
20250428,16:58:21,5.3,
20250428,16:58:21,5.2,
20250428,16:58:21,5.2,
20250428,16:58:22,5.1,
20250428,16:58:22,4.8,
20250428,16:58:22,4.6,
20250428,16:58:22,4.4,
20250428,16:58:23,4.3,
20250428,16:58:23,4.2,
20250428,16:58:23,4,
20250428,16:58:24,3.7,
20250428,16:58:24,3.6,
20250428,16:58:24,3.5,
20250428,16:58:24,3.3,
20250428,16:58:25,3.1,
20250428,16:58:25,2.9,
20250428,16:58:25,2.8,
20250428,16:58:25,2.7,
20250428,16:58:26,2.5,
20250428,16:58:26,2.4,
20250428,16:58:26,2.2,
20250428,16:58:27,2.3,
20250428,16:58:27,2.7,
20250428,16:58:27,1.8,
20250428,16:58:27,1.8,
20250428,16:58:28,1.8,
20250428,16:58:28,1.8,
20250428,16:58:28,1.8,
20250428,16:58:28,1.8,
20250428,16:58:29,1.5,
20250428,16:58:29,1.2,
20250428,16:58:29,0.9,
20250428,16:58:30,1,
20250428,16:58:30,0.7,
20250428,16:58:30,0.5,
20250428,16:58:30,0.7,
20250428,16:58:31,0.7,
20250428,16:58:31,0.6,
20250428,16:58:31,0.5,
20250428,16:58:31,0.6,
20250428,16:58:32,0.6,
20250428,16:58:32,0.6,
20250428,16:58:32,0.7,
20250428,16:58:33,0.7,
20250428,16:58:33,0.7,
20250428,16:58:33,0.8,
20250428,16:58:33,0.9,
20250428,16:58:34,1,
20250428,16:58:34,1.1,
20250428,16:58:34,1.3,
20250428,16:58:35,1.7,
20250428,16:58:35,1.8,
20250428,16:58:35,2.2,
20250428,16:58:35,2.7,
20250428,16:58:36,3.1,
20250428,16:58:36,3.6,
20250428,16:58:36,4.3,
20250428,16:58:36,4.8,
20250428,16:58:37,5.3,
20250428,16:58:37,6.1,
20250428,16:58:37,6.8,
20250428,16:58:38,7.3,
20250428,16:58:38,7.9,
20250428,16:58:38,8.5,
20250428,16:58:38,8.9,
20250428,16:58:39,9.4,
20250428,16:58:39,9.8,
20250428,16:58:39,10.2,
20250428,16:58:39,10.4,
20250428,16:58:40,10.7,
20250428,16:58:40,11,
20250428,16:58:40,11.4,
20250428,16:58:41,11.5,
20250428,16:58:41,11.7,
20250428,16:58:41,11.8,
20250428,16:58:41,11.8,
20250428,16:58:42,12,
20250428,16:58:42,12,
20250428,16:58:42,11.9,
20250428,16:58:43,11.9,
20250428,16:58:43,11.8,
20250428,16:58:43,11.9,
20250428,16:58:43,12.1,
20250428,16:58:44,12.2,
20250428,16:58:44,12.5,
20250428,16:58:44,12.5,
20250428,16:58:44,12.7,
20250428,16:58:45,12.7,
20250428,16:58:45,12.6,
20250428,16:58:45,12.5,
20250428,16:58:46,12.2,
20250428,16:58:46,12.1,
20250428,16:58:46,11.9,
20250428,16:58:46,11.7,
20250428,16:58:47,11.6,
20250428,16:58:47,11.5,
20250428,16:58:47,11.2,
20250428,16:58:47,11,
20250428,16:58:48,10.8,
20250428,16:58:48,10.6,
20250428,16:58:48,10.5,
20250428,16:58:49,10.4,
20250428,16:58:49,10.5,
20250428,16:58:49,10.5,
20250428,16:58:49,10.4,
20250428,16:58:50,10.2,
20250428,16:58:50,10,
20250428,16:58:50,9.6,
20250428,16:58:51,9.4,
20250428,16:58:51,8.8,
20250428,16:58:51,8.8,
20250428,16:58:51,8.9,
20250428,16:58:52,8.8,
20250428,16:58:52,9.1,
20250428,16:58:52,9.1,
20250428,16:58:52,9.5,
20250428,16:58:53,9.5,
20250428,16:58:53,9.6,
20250428,16:58:53,9.5,
20250428,16:58:54,9.6,
20250428,16:58:54,9.5,
20250428,16:58:54,9.5,
20250428,16:58:54,9.7,
20250428,16:58:55,10.4,
20250428,16:58:55,11,
20250428,16:58:55,11.6,
20250428,16:58:55,11.7,
20250428,16:58:56,11.2,
20250428,16:58:56,10.9,
20250428,16:58:56,10.8,
20250428,16:58:57,11,
20250428,16:58:57,11.2,
20250428,16:58:57,11.6,
20250428,16:58:57,11.6,
20250428,16:58:58,11.6,
20250428,16:58:58,11.5,
20250428,16:58:58,11.7,
20250428,16:58:58,11.8,
20250428,16:58:59,11.8,
20250428,16:58:59,11.8,
20250428,16:58:59,12.1,
20250428,16:59:00,12.3,
20250428,16:59:00,12.4,
20250428,16:59:00,12.5,
20250428,16:59:00,12.5,
20250428,16:59:01,12.5,
20250428,16:59:01,12.5,
20250428,16:59:01,12.5,
20250428,16:59:02,12.3,
20250428,16:59:02,12.5,
20250428,16:59:02,12.5,
20250428,16:59:02,12.6,
20250428,16:59:03,12.6,
20250428,16:59:03,12.7,
20250428,16:59:03,12.8,
20250428,16:59:03,12.8,
20250428,16:59:04,12.6,
20250428,16:59:04,12.6,
20250428,16:59:04,12.5,
20250428,16:59:05,12.4,
20250428,16:59:05,12.3,
20250428,16:59:05,12.1,
20250428,16:59:05,12.1,
20250428,16:59:06,11.9,
20250428,16:59:06,11.7,
20250428,16:59:06,11.5,
20250428,16:59:06,11.3,
20250428,16:59:07,11.1,
20250428,16:59:07,11.2,
20250428,16:59:07,11,
20250428,16:59:08,10.9,
20250428,16:59:08,10.9,
20250428,16:59:08,10.7,
20250428,16:59:08,10.7,
20250428,16:59:09,10.7,
20250428,16:59:09,10.7,
20250428,16:59:09,10.7,
20250428,16:59:10,10.6,
20250428,16:59:10,10.5,
20250428,16:59:10,10.3,
20250428,16:59:10,10,
20250428,16:59:11,9.6,
20250428,16:59:11,9.5,
20250428,16:59:11,9.3,
20250428,16:59:11,9.2,
20250428,16:59:12,8.9,
20250428,16:59:12,8.9,
20250428,16:59:12,8.8,
20250428,16:59:13,8.9,
20250428,16:59:13,8.7,
20250428,16:59:13,8.7,
20250428,16:59:13,8.4,
20250428,16:59:14,8.5,
20250428,16:59:14,8.3,
20250428,16:59:14,8.3,
20250428,16:59:14,8.3,
20250428,16:59:15,8.2,
20250428,16:59:15,8.1,
20250428,16:59:15,8.2,
20250428,16:59:16,8.1,
20250428,16:59:16,8.1,
20250428,16:59:16,8.1,
20250428,16:59:16,8,
20250428,16:59:17,8,
20250428,16:59:17,8.1,
20250428,16:59:17,8.1,
20250428,16:59:18,8,
20250428,16:59:18,8.1,
20250428,16:59:18,8.1,
20250428,16:59:18,8.2,
20250428,16:59:19,8.2,
20250428,16:59:19,8,
20250428,16:59:19,8,
20250428,16:59:19,7.9,
20250428,16:59:20,7.9,
20250428,16:59:20,8,
20250428,16:59:20,7.9,
20250428,16:59:21,7.9,
20250428,16:59:21,7.9,
20250428,16:59:21,7.7,
20250428,16:59:21,7.5,
20250428,16:59:22,7.5,
20250428,16:59:22,7.4,
20250428,16:59:22,7.3,
20250428,16:59:22,7,
20250428,16:59:23,7.1,
20250428,16:59:23,7,
20250428,16:59:23,6.9,
20250428,16:59:24,6.9,
20250428,16:59:24,6.9,
20250428,16:59:24,6.8,
20250428,16:59:24,6.8,
20250428,16:59:25,6.8,
20250428,16:59:25,6.8,
20250428,16:59:25,6.8,
20250428,16:59:25,6.7,
20250428,16:59:26,6.8,
20250428,16:59:26,7,
20250428,16:59:26,7.2,
20250428,16:59:27,7.2,
20250428,16:59:27,7,
20250428,16:59:27,6.9,
20250428,16:59:27,6.7,
20250428,16:59:28,6.9,
20250428,16:59:28,7,
20250428,16:59:28,7.1,
20250428,16:59:28,7.2,
20250428,16:59:29,7.3,
20250428,16:59:29,7.4,
20250428,16:59:29,7.5,
20250428,16:59:30,7.6,
20250428,16:59:30,7.7,
20250428,16:59:30,7.8,
20250428,16:59:30,7.8,
20250428,16:59:31,7.9,
20250428,16:59:31,7.9,
20250428,16:59:31,8.1,
20250428,16:59:32,8.1,
20250428,16:59:32,8.2,
20250428,16:59:32,8.3,
20250428,16:59:32,8.5,
20250428,16:59:33,8.7,
20250428,16:59:33,8.9,
20250428,16:59:33,9,
20250428,16:59:33,9.2,
20250428,16:59:34,9.3,
20250428,16:59:34,9.5,
20250428,16:59:34,9.5,
20250428,16:59:35,9.8,
20250428,16:59:35,10,
20250428,16:59:35,10.4,
20250428,16:59:35,10.6,
20250428,16:59:36,10.9,
20250428,16:59:36,11.2,
20250428,16:59:36,11.3,
20250428,16:59:36,11.4,
20250428,16:59:37,11.4,
20250428,16:59:37,11.6,
20250428,16:59:37,11.6,
20250428,16:59:38,11.5,
20250428,16:59:38,11.4,
20250428,16:59:38,11.2,
20250428,16:59:38,11.2,
20250428,16:59:39,11.1,
20250428,16:59:39,11,
20250428,16:59:39,10.9,
20250428,16:59:39,10.6,
20250428,16:59:40,10.5,
20250428,16:59:40,10.4,
20250428,16:59:40,10.1,
20250428,16:59:41,9.9,
20250428,16:59:41,10,
20250428,16:59:41,9.9,
20250428,16:59:41,10.1,
20250428,16:59:42,10,
20250428,16:59:42,10.1,
20250428,16:59:42,9.9,
20250428,16:59:43,10,
20250428,16:59:43,9.9,
20250428,16:59:43,9.9,
20250428,16:59:43,9.8,
20250428,16:59:44,9.9,
20250428,16:59:44,9.8,
20250428,16:59:44,9.8,
20250428,16:59:44,9.7,
20250428,16:59:45,9.5,
20250428,16:59:45,9.4,
20250428,16:59:45,9.5,
20250428,16:59:46,9.5,
20250428,16:59:46,9.5,
20250428,16:59:46,9.9,
20250428,16:59:46,10.2,
20250428,16:59:47,10.3,
20250428,16:59:47,10.3,
20250428,16:59:47,10.5,
20250428,16:59:47,10.7,
20250428,16:59:48,10.8,
20250428,16:59:48,10.9,
20250428,16:59:48,11.2,
20250428,16:59:49,11.2,
20250428,16:59:49,11.2,
20250428,16:59:49,11.2,
20250428,16:59:49,11.2,
20250428,16:59:50,11.3,
20250428,16:59:50,11.8,
20250428,16:59:50,12.5,
20250428,16:59:51,12.9,
20250428,16:59:51,12.8,
20250428,16:59:51,11.9,
20250428,16:59:51,11.2,
20250428,16:59:52,10.9,
20250428,16:59:52,10.7,
20250428,16:59:52,10.4,
20250428,16:59:52,10.4,
20250428,16:59:53,10.4,
20250428,16:59:53,10.2,
20250428,16:59:53,10.2,
20250428,16:59:54,10.1,
20250428,16:59:54,10.2,
20250428,16:59:54,10.2,
20250428,16:59:54,10.2,
20250428,16:59:55,10.3,
20250428,16:59:55,10.4,
20250428,16:59:55,10.5,
20250428,16:59:55,10.7,
20250428,16:59:56,10.8,
20250428,16:59:56,10.8,
20250428,16:59:56,11,
20250428,16:59:57,10.9,
20250428,16:59:57,10.9,
20250428,16:59:57,10.9,
20250428,16:59:57,10.9,
20250428,16:59:58,10.9,
20250428,16:59:58,10.8,
20250428,16:59:58,10.5,
20250428,16:59:59,10.4,
20250428,16:59:59,10.4,
20250428,16:59:59,10.3,
20250428,16:59:59,10.4,
20250428,17:00:00,10.4,
20250428,17:00:00,10.2,
20250428,17:00:00,10.2,
20250428,17:00:00,10.1,
20250428,17:00:01,10.1,
20250428,17:00:01,10.3,
20250428,17:00:01,10.3,
20250428,17:00:02,10.4,
20250428,17:00:02,10.3,
20250428,17:00:02,10.3,
20250428,17:00:02,10.4,
20250428,17:00:03,10.4,
20250428,17:00:03,10.5,
20250428,17:00:03,10.5,
20250428,17:00:03,10.5,
20250428,17:00:04,10.4,
20250428,17:00:04,10.3,
20250428,17:00:04,10.3,
20250428,17:00:05,10.2,
20250428,17:00:05,10.4,
20250428,17:00:05,10.4,
20250428,17:00:05,10.4,
20250428,17:00:06,10.4,
20250428,17:00:06,10.4,
20250428,17:00:06,10.4,
20250428,17:00:07,10.4,
20250428,17:00:07,10.4,
20250428,17:00:07,10.5,
20250428,17:00:07,10.4,
20250428,17:00:08,10.4,
20250428,17:00:08,10.5,
20250428,17:00:08,10.7,
20250428,17:00:08,10.7,
20250428,17:00:09,10.6,
20250428,17:00:09,10.6,
20250428,17:00:09,10.5,
20250428,17:00:10,10.4,
20250428,17:00:10,10.4,
20250428,17:00:10,10.5,
20250428,17:00:10,10.7,
20250428,17:00:11,10.7,
20250428,17:00:11,10.9,
20250428,17:00:11,10.9,
20250428,17:00:11,11.1,
20250428,17:00:12,11.1,
20250428,17:00:12,11.2,
20250428,17:00:12,11.2,
20250428,17:00:13,11.3,
20250428,17:00:13,11.3,
20250428,17:00:13,11.4,
20250428,17:00:13,11.3,
20250428,17:00:14,11.2,
20250428,17:00:14,11.2,
20250428,17:00:14,11.2,
20250428,17:00:15,11.3,
20250428,17:00:15,11.2,
20250428,17:00:15,11.3,
20250428,17:00:15,11.2,
20250428,17:00:16,11.2,
20250428,17:00:16,11.1,
20250428,17:00:16,11.2,
20250428,17:00:16,11.2,
20250428,17:00:17,11.2,
20250428,17:00:17,11.5,
20250428,17:00:17,11.6,
20250428,17:00:18,11.5,
20250428,17:00:18,11.3,
20250428,17:00:18,11.2,
20250428,17:00:18,11.2,
20250428,17:00:19,11.2,
20250428,17:00:19,11.3,
20250428,17:00:19,11.4,
20250428,17:00:19,11.4,
20250428,17:00:20,11.4,
20250428,17:00:20,11.5,
20250428,17:00:20,11.5,
20250428,17:00:21,11.6,
20250428,17:00:21,11.6,
20250428,17:00:21,11.6,
20250428,17:00:21,11.8,
20250428,17:00:22,11.8,
20250428,17:00:22,11.7,
20250428,17:00:22,11.7,
20250428,17:00:23,11.6,
20250428,17:00:23,11.4,
20250428,17:00:23,11.3,
20250428,17:00:23,11.2,
20250428,17:00:24,11.2,
20250428,17:00:24,11.2,
20250428,17:00:24,11.3,
20250428,17:00:24,11.3,
20250428,17:00:25,11.4,
20250428,17:00:25,11.4,
20250428,17:00:25,11.6,
20250428,17:00:26,11.6,
20250428,17:00:26,11.7,
20250428,17:00:26,11.8,
20250428,17:00:26,12,
20250428,17:00:27,12,
20250428,17:00:27,12,
20250428,17:00:27,11.9,
20250428,17:00:27,11.9,
20250428,17:00:28,11.8,
20250428,17:00:28,12,
20250428,17:00:28,12.1,
20250428,17:00:29,12.1,
20250428,17:00:29,12.2,
20250428,17:00:29,12.1,
20250428,17:00:29,12.1,
20250428,17:00:30,12.1,
20250428,17:00:30,12.1,
20250428,17:00:30,12.1,
20250428,17:00:31,12,
20250428,17:00:31,12,
20250428,17:00:31,12.1,
20250428,17:00:31,11.9,
20250428,17:00:32,11.9,
20250428,17:00:32,11.7,
20250428,17:00:32,11.5,
20250428,17:00:32,11.3,
20250428,17:00:33,11.3,
20250428,17:00:33,11.2,
20250428,17:00:33,11.1,
20250428,17:00:34,11,
20250428,17:00:34,10.9,
20250428,17:00:34,10.9,
20250428,17:00:34,10.7,
20250428,17:00:35,10.6,
20250428,17:00:35,10.5,
20250428,17:00:35,10.3,
20250428,17:00:35,10.3,
20250428,17:00:36,10.1,
20250428,17:00:36,10.1,
20250428,17:00:36,10,
20250428,17:00:37,9.9,
20250428,17:00:37,9.7,
20250428,17:00:37,9.9,
20250428,17:00:37,9.9,
20250428,17:00:38,9.7,
20250428,17:00:38,9.6,
20250428,17:00:38,9.6,
20250428,17:00:39,9.5,
20250428,17:00:39,9.5,
20250428,17:00:39,9.4,
20250428,17:00:39,9.2,
20250428,17:00:40,9.2,
20250428,17:00:40,9,
20250428,17:00:40,9,
20250428,17:00:40,9,
20250428,17:00:41,9,
20250428,17:00:41,9.1,
20250428,17:00:41,9.1,
20250428,17:00:42,9.1,
20250428,17:00:42,9.1,
20250428,17:00:42,9,
20250428,17:00:42,8.9,
20250428,17:00:43,8.9,
20250428,17:00:43,8.9,
20250428,17:00:43,8.8,
20250428,17:00:43,8.8,
20250428,17:00:44,8.7,
20250428,17:00:44,8.5,
20250428,17:00:44,8.3,
20250428,17:00:45,8.1,
20250428,17:00:45,8.2,
20250428,17:00:45,8.7,
20250428,17:00:45,9.1,
20250428,17:00:46,9.3,
20250428,17:00:46,9.1,
20250428,17:00:46,9,
20250428,17:00:46,8.9,
20250428,17:00:47,8.9,
20250428,17:00:47,8.7,
20250428,17:00:47,8.7,
20250428,17:00:48,8.8,
20250428,17:00:48,8.9,
20250428,17:00:48,9.1,
20250428,17:00:48,9.2,
20250428,17:00:49,9.3,
20250428,17:00:49,9.5,
20250428,17:00:49,9.5,
20250428,17:00:50,9.6,
20250428,17:00:50,9.7,
20250428,17:00:50,9.6,
20250428,17:00:50,9.7,
20250428,17:00:51,9.5,
20250428,17:00:51,9.5,
20250428,17:00:51,9.5,
20250428,17:00:51,9.4,
20250428,17:00:52,9.3,
20250428,17:00:52,9.4,
20250428,17:00:52,9.4,
20250428,17:00:53,9.5,
20250428,17:00:53,9.7,
20250428,17:00:53,10,
20250428,17:00:53,10.3,
20250428,17:00:54,10.4,
20250428,17:00:54,10.4,
20250428,17:00:54,10.5,
20250428,17:00:54,10.6,
20250428,17:00:55,10.6,
20250428,17:00:55,10.6,
20250428,17:00:55,10.5,
20250428,17:00:56,10.5,
20250428,17:00:56,10.5,
20250428,17:00:56,10.5,
20250428,17:00:56,10.4,
20250428,17:00:57,10.4,
20250428,17:00:57,10.4,
20250428,17:00:57,10.6,
20250428,17:00:57,10.7,
20250428,17:00:58,10.9,
20250428,17:00:58,11.1,
20250428,17:00:58,11.2,
20250428,17:00:59,11.2,
20250428,17:00:59,11.2,
20250428,17:00:59,11.3,
20250428,17:00:59,11.3,
20250428,17:01:00,11.3,
20250428,17:01:00,11.3,
20250428,17:01:00,11.3,
20250428,17:01:01,11.3,
20250428,17:01:01,11.3,
20250428,17:01:01,11.2,
20250428,17:01:01,11.2,
20250428,17:01:02,11.1,
20250428,17:01:02,11.1,
20250428,17:01:02,11.1,
20250428,17:01:02,11.2,
20250428,17:01:03,11.2,
20250428,17:01:03,11.5,
20250428,17:01:03,11.8,
20250428,17:01:04,12.1,
20250428,17:01:04,12.3,
20250428,17:01:04,12.5,
20250428,17:01:04,12.3,
20250428,17:01:05,12,
20250428,17:01:05,11.9,
20250428,17:01:05,11.8,
20250428,17:01:05,11.8,
20250428,17:01:06,11.8,
20250428,17:01:06,11.8,
20250428,17:01:06,11.7,
20250428,17:01:07,11.8,
20250428,17:01:07,11.9,
20250428,17:01:07,11.8,
20250428,17:01:07,11.8,
20250428,17:01:08,11.7,
20250428,17:01:08,11.7,
20250428,17:01:08,11.6,
20250428,17:01:09,11.7,
20250428,17:01:09,11.7,
20250428,17:01:09,11.6,
20250428,17:01:09,11.8,
20250428,17:01:10,11.7,
20250428,17:01:10,11.7,
20250428,17:01:10,11.8,
20250428,17:01:10,11.8,
20250428,17:01:11,11.5,
20250428,17:01:11,11.4,
20250428,17:01:11,11.2,
20250428,17:01:12,11.2,
20250428,17:01:12,11,
20250428,17:01:12,10.9,
20250428,17:01:12,10.7,
20250428,17:01:13,10.7,
20250428,17:01:13,10.5,
20250428,17:01:13,10.5,
20250428,17:01:13,10.7,
20250428,17:01:14,10.9,
20250428,17:01:14,11.2,
20250428,17:01:14,11.5,
20250428,17:01:15,11.5,
20250428,17:01:15,11.2,
20250428,17:01:15,10.7,
20250428,17:01:15,10.4,
20250428,17:01:16,9.7,
20250428,17:01:16,9.4,
20250428,17:01:16,9.1,
20250428,17:01:17,9,
20250428,17:01:17,8.8,
20250428,17:01:17,8.8,
20250428,17:01:17,8.8,
20250428,17:01:18,8.7,
20250428,17:01:18,8.8,
20250428,17:01:18,8.7,
20250428,17:01:18,8.7,
20250428,17:01:19,8.7,
20250428,17:01:19,8.7,
20250428,17:01:19,8.6,
20250428,17:01:20,8.5,
20250428,17:01:20,8.4,
20250428,17:01:20,8.3,
20250428,17:01:20,8.1,
20250428,17:01:21,8,
20250428,17:01:21,7.8,
20250428,17:01:21,7.8,
20250428,17:01:21,7.8,
20250428,17:01:22,7.7,
20250428,17:01:22,7.6,
20250428,17:01:22,7.7,
20250428,17:01:23,7.8,
20250428,17:01:23,8.4,
20250428,17:01:23,8.9,
20250428,17:01:23,9,
20250428,17:01:24,8.7,
20250428,17:01:24,8.2,
20250428,17:01:24,7.6,
20250428,17:01:25,7.3,
20250428,17:01:25,7,
20250428,17:01:25,6.9,
20250428,17:01:25,6.6,
20250428,17:01:26,6.5,
20250428,17:01:26,6.5,
20250428,17:01:26,6.7,
20250428,17:01:26,6.7,
20250428,17:01:27,6.7,
20250428,17:01:27,6.8,
20250428,17:01:27,6.8,
20250428,17:01:28,6.8,
20250428,17:01:28,6.7,
20250428,17:01:28,6.7,
20250428,17:01:28,6.8,
20250428,17:01:29,7,
20250428,17:01:29,7.1,
20250428,17:01:29,7.5,
20250428,17:01:29,7.8,
20250428,17:01:30,8.4,
20250428,17:01:30,8.9,
20250428,17:01:30,9.5,
20250428,17:01:31,10.1,
20250428,17:01:31,10.6,
20250428,17:01:31,11.1,
20250428,17:01:31,11.5,
20250428,17:01:32,12,
20250428,17:01:32,12.2,
20250428,17:01:32,12.5,
20250428,17:01:32,12.7,
20250428,17:01:33,12.9,
20250428,17:01:33,13.1,
20250428,17:01:33,13.2,
20250428,17:01:34,13.2,
20250428,17:01:34,13.1,
20250428,17:01:34,13.2,
20250428,17:01:34,13.1,
20250428,17:01:35,12.9,
20250428,17:01:35,12.9,
20250428,17:01:35,12.9,
20250428,17:01:35,12.6,
20250428,17:01:36,12.6,
20250428,17:01:36,12.4,
20250428,17:01:36,12.4,
20250428,17:01:37,12.2,
20250428,17:01:37,12.2,
20250428,17:01:37,12.2,
20250428,17:01:37,12.1,
20250428,17:01:38,11.9,
20250428,17:01:38,11.8,
20250428,17:01:38,11.7,
20250428,17:01:39,11.7,
20250428,17:01:39,11.7,
20250428,17:01:39,11.6,
20250428,17:01:39,11.6,
20250428,17:01:40,11.5,
20250428,17:01:40,11.2,
20250428,17:01:40,11.2,
20250428,17:01:40,11,
20250428,17:01:41,10.8,
20250428,17:01:41,10.9,
20250428,17:01:41,10.8,
20250428,17:01:42,10.9,
20250428,17:01:42,10.7,
20250428,17:01:42,10.8,
20250428,17:01:42,10.9,
20250428,17:01:43,10.9,
20250428,17:01:43,11,
20250428,17:01:43,11,
20250428,17:01:44,11,
20250428,17:01:44,11.1,
20250428,17:01:44,11.2,
20250428,17:01:44,11.2,
20250428,17:01:45,11.2,
20250428,17:01:45,11.2,
20250428,17:01:45,11.2,
20250428,17:01:45,11.2,
20250428,17:01:46,11.1,
20250428,17:01:46,11,
20250428,17:01:46,11,
20250428,17:01:47,10.9,
20250428,17:01:47,10.8,
20250428,17:01:47,10.7,
20250428,17:01:47,10.6,
20250428,17:01:48,10.5,
20250428,17:01:48,10.4,
20250428,17:01:48,10.3,
20250428,17:01:48,10.2,
20250428,17:01:49,10.2,
20250428,17:01:49,10.2,
20250428,17:01:49,10.2,
20250428,17:01:50,10.1,
20250428,17:01:50,10.1,
20250428,17:01:50,10.1,
20250428,17:01:50,10,
20250428,17:01:51,9.9,
20250428,17:01:51,9.8,
20250428,17:01:51,9.8,
20250428,17:01:52,9.8,
20250428,17:01:52,9.7,
20250428,17:01:52,9.7,
20250428,17:01:52,9.6,
20250428,17:01:53,9.6,
20250428,17:01:53,9.5,
20250428,17:01:53,9.5,
20250428,17:01:53,9.4,
20250428,17:01:54,9.4,
20250428,17:01:54,9.4,
20250428,17:01:54,9.5,
20250428,17:01:55,9.5,
20250428,17:01:55,9.6,
20250428,17:01:55,9.9,
20250428,17:01:55,9.9,
20250428,17:01:56,10,
20250428,17:01:56,10.1,
20250428,17:01:56,10.3,
20250428,17:01:56,10.2,
20250428,17:01:57,10.2,
20250428,17:01:57,10.4,
20250428,17:01:57,10.4,
20250428,17:01:58,10.4,
20250428,17:01:58,10.7,
20250428,17:01:58,11,
20250428,17:01:58,11.3,
20250428,17:01:59,11.4,
20250428,17:01:59,11.7,
20250428,17:01:59,11.7,
20250428,17:01:59,11.7,
20250428,17:02:00,11.8,
20250428,17:02:00,12,
20250428,17:02:00,11.9,
20250428,17:02:01,12,
20250428,17:02:01,12.1,
20250428,17:02:01,12.1,
20250428,17:02:01,12.1,
20250428,17:02:02,12.1,
20250428,17:02:02,12.2,
20250428,17:02:02,12.2,
20250428,17:02:03,12.1,
20250428,17:02:03,12.1,
20250428,17:02:03,12.1,
20250428,17:02:03,12.1,
20250428,17:02:04,11.9,
20250428,17:02:04,11.8,
20250428,17:02:04,11.6,
20250428,17:02:04,11.4,
20250428,17:02:05,11.2,
20250428,17:02:05,11.2,
20250428,17:02:05,11.1,
20250428,17:02:06,11.2,
20250428,17:02:06,11.1,
20250428,17:02:06,11.2,
20250428,17:02:06,11.4,
20250428,17:02:07,11.6,
20250428,17:02:07,11.8,
20250428,17:02:07,12,
20250428,17:02:08,12.1,
20250428,17:02:08,12.1,
20250428,17:02:08,11.9,
20250428,17:02:08,11.9,
20250428,17:02:09,11.9,
20250428,17:02:09,11.8,
20250428,17:02:09,11.7,
20250428,17:02:09,11.6,
20250428,17:02:10,11.6,
20250428,17:02:10,11.6,
20250428,17:02:10,11.6,
20250428,17:02:11,11.9,
20250428,17:02:11,12,
20250428,17:02:11,12.1,
20250428,17:02:11,12.2,
20250428,17:02:12,12.3,
20250428,17:02:12,12.4,
20250428,17:02:12,12.5,
20250428,17:02:12,12.5,
20250428,17:02:13,12.5,
20250428,17:02:13,12.6,
20250428,17:02:13,12.5,
20250428,17:02:14,12.5,
20250428,17:02:14,12.4,
20250428,17:02:14,12.3,
20250428,17:02:14,12.1,
20250428,17:02:15,12.1,
20250428,17:02:15,12,
20250428,17:02:15,11.9,
20250428,17:02:15,11.8,
20250428,17:02:16,11.7,
20250428,17:02:16,11.5,
20250428,17:02:16,11.5,
20250428,17:02:17,11.4,
20250428,17:02:17,11.2,
20250428,17:02:17,11.2,
20250428,17:02:17,11,
20250428,17:02:18,10.8,
20250428,17:02:18,10.8,
20250428,17:02:18,10.7,
20250428,17:02:19,10.6,
20250428,17:02:19,10.4,
20250428,17:02:19,10.3,
20250428,17:02:19,10.4,
20250428,17:02:20,10.6,
20250428,17:02:20,11.2,
20250428,17:02:20,11.8,
20250428,17:02:20,12,
20250428,17:02:21,11.6,
20250428,17:02:21,11.2,
20250428,17:02:21,11,
20250428,17:02:22,10.7,
20250428,17:02:22,10.4,
20250428,17:02:22,10.3,
20250428,17:02:22,10,
20250428,17:02:23,9.7,
20250428,17:02:23,9.6,
20250428,17:02:23,9.5,
20250428,17:02:23,9.5,
20250428,17:02:24,9.3,
20250428,17:02:24,9.3,
20250428,17:02:24,9.2,
20250428,17:02:25,9.2,
20250428,17:02:25,9.2,
20250428,17:02:25,9.1,
20250428,17:02:25,9,
20250428,17:02:26,8.7,
20250428,17:02:26,8.7,
20250428,17:02:26,8.7,
20250428,17:02:27,8.6,
20250428,17:02:27,8.8,
20250428,17:02:27,8.9,
20250428,17:02:27,8.9,
20250428,17:02:28,9,
20250428,17:02:28,8.8,
20250428,17:02:28,8.7,
20250428,17:02:28,8.7,
20250428,17:02:29,8.7,
20250428,17:02:29,8.6,
20250428,17:02:29,8.5,
20250428,17:02:30,8.5,
20250428,17:02:30,8.6,
20250428,17:02:30,8.4,
20250428,17:02:30,8.5,
20250428,17:02:31,8.6,
20250428,17:02:31,8.5,
20250428,17:02:31,8.6,
20250428,17:02:31,8.6,
20250428,17:02:32,8.5,
20250428,17:02:32,8.6,
20250428,17:02:32,8.5,
20250428,17:02:33,8.6,
20250428,17:02:33,8.5,
20250428,17:02:33,8.6,
20250428,17:02:33,8.8,
20250428,17:02:34,9.2,
20250428,17:02:34,9.5,
20250428,17:02:34,9.5,
20250428,17:02:34,9.5,
20250428,17:02:35,9.3,
20250428,17:02:35,9.1,
20250428,17:02:35,8.9,
20250428,17:02:36,8.7,
20250428,17:02:36,8.4,
20250428,17:02:36,8,
20250428,17:02:36,7.8,
20250428,17:02:37,7.7,
20250428,17:02:37,7.5,
20250428,17:02:37,7.2,
20250428,17:02:37,7.1,
20250428,17:02:38,7,
20250428,17:02:38,6.9,
20250428,17:02:38,6.9,
20250428,17:02:39,6.7,
20250428,17:02:39,6.7,
20250428,17:02:39,6.5,
20250428,17:02:39,6.4,
20250428,17:02:40,6.4,
20250428,17:02:40,6.3,
20250428,17:02:40,6.4,
20250428,17:02:41,6.6,
20250428,17:02:41,6.7,
20250428,17:02:41,7,
20250428,17:02:41,7,
20250428,17:02:42,7.3,
20250428,17:02:42,7.4,
20250428,17:02:42,7.4,
20250428,17:02:42,7.4,
20250428,17:02:43,7.5,
20250428,17:02:43,7.5,
20250428,17:02:43,7.6,
20250428,17:02:44,7.7,
20250428,17:02:44,7.6,
20250428,17:02:44,7.7,
20250428,17:02:44,7.8,
20250428,17:02:45,7.9,
20250428,17:02:45,8.3,
20250428,17:02:45,8.7,
20250428,17:02:45,9.3,
20250428,17:02:46,9.5,
20250428,17:02:46,9.3,
20250428,17:02:46,9,
20250428,17:02:47,8.8,
20250428,17:02:47,8.7,
20250428,17:02:47,8.7,
20250428,17:02:47,8.7,
20250428,17:02:48,8.6,
20250428,17:02:48,8.6,
20250428,17:02:48,8.6,
20250428,17:02:49,8.7,
20250428,17:02:49,8.7,
20250428,17:02:49,8.8,
20250428,17:02:49,8.9,
20250428,17:02:50,8.9,
20250428,17:02:50,9,
20250428,17:02:50,9.1,
20250428,17:02:50,9.1,
20250428,17:02:51,9.2,
20250428,17:02:51,9.1,
20250428,17:02:51,9.1,
20250428,17:02:52,9,
20250428,17:02:52,9,
20250428,17:02:52,9,
20250428,17:02:52,8.9,
20250428,17:02:53,8.9,
20250428,17:02:53,8.8,
20250428,17:02:53,8.8,
20250428,17:02:53,8.7,
20250428,17:02:54,8.7,
20250428,17:02:54,8.7,
20250428,17:02:54,8.6,
20250428,17:02:55,8.5,
20250428,17:02:55,8.3,
20250428,17:02:55,8.3,
20250428,17:02:55,8.2,
20250428,17:02:56,8.1,
20250428,17:02:56,8,
20250428,17:02:56,7.9,
20250428,17:02:56,8,
20250428,17:02:57,7.9,
20250428,17:02:57,7.9,
20250428,17:02:57,7.8,
20250428,17:02:58,7.8,
20250428,17:02:58,7.8,
20250428,17:02:58,7.8,
20250428,17:02:58,7.8,
20250428,17:02:59,7.8,
20250428,17:02:59,7.6,
20250428,17:02:59,7.5,
20250428,17:02:59,7.4,
20250428,17:03:00,7.5,
20250428,17:03:00,7.7,
20250428,17:03:00,7.8,
20250428,17:03:01,7.9,
20250428,17:03:01,7.8,
20250428,17:03:01,7.8,
20250428,17:03:01,7.6,
20250428,17:03:02,7.4,
20250428,17:03:02,7,
20250428,17:03:02,6.9,
20250428,17:03:02,6.7,
20250428,17:03:03,6.5,
20250428,17:03:03,6.2,
20250428,17:03:03,6.2,
20250428,17:03:04,6.1,
20250428,17:03:04,6.1,
20250428,17:03:04,6,
20250428,17:03:04,6,
20250428,17:03:05,5.8,
20250428,17:03:05,5.8,
20250428,17:03:05,5.7,
20250428,17:03:06,5.5,
20250428,17:03:06,5.5,
20250428,17:03:06,5.4,
20250428,17:03:06,5.4,
20250428,17:03:07,5.3,
20250428,17:03:07,5.3,
20250428,17:03:07,5.2,
20250428,17:03:07,5.1,
20250428,17:03:08,5,
20250428,17:03:08,4.9,
20250428,17:03:08,4.8,
20250428,17:03:09,4.7,
20250428,17:03:09,4.5,
20250428,17:03:09,4.4,
20250428,17:03:09,4.4,
20250428,17:03:10,4.4,
20250428,17:03:10,4.3,
20250428,17:03:10,4.3,
20250428,17:03:10,4.4,
20250428,17:03:11,4.7,
20250428,17:03:11,4.9,
20250428,17:03:11,4.9,
20250428,17:03:12,4.8,
20250428,17:03:12,4.9,
20250428,17:03:12,4.5,
20250428,17:03:12,4.4,
20250428,17:03:13,4.3,
20250428,17:03:13,4.1,
20250428,17:03:13,3.9,
20250428,17:03:13,3.8,
20250428,17:03:14,3.8,
20250428,17:03:14,3.8,
20250428,17:03:14,3.8,
20250428,17:03:15,3.9,
20250428,17:03:15,4,
20250428,17:03:15,4.2,
20250428,17:03:15,4.3,
20250428,17:03:16,4.4,
20250428,17:03:16,4.4,
20250428,17:03:16,4.4,
20250428,17:03:16,4.4,
20250428,17:03:17,4.5,
20250428,17:03:17,4.6,
20250428,17:03:17,4.6,
20250428,17:03:18,4.7,
20250428,17:03:18,4.8,
20250428,17:03:18,5,
20250428,17:03:18,5.2,
20250428,17:03:19,5.4,
20250428,17:03:19,5.5,
20250428,17:03:19,5.6,
20250428,17:03:20,5.7,
20250428,17:03:20,5.7,
20250428,17:03:20,5.7,
20250428,17:03:20,5.7,
20250428,17:03:21,5.5,
20250428,17:03:21,5.6,
20250428,17:03:21,5.5,
20250428,17:03:21,5.6,
20250428,17:03:22,5.5,
20250428,17:03:22,5.5,
20250428,17:03:22,5.5,
20250428,17:03:23,5.5,
20250428,17:03:23,5.5,
20250428,17:03:23,5.4,
20250428,17:03:23,5.3,
20250428,17:03:24,5.4,
20250428,17:03:24,5.3,
20250428,17:03:24,5.3,
20250428,17:03:24,5.3,
20250428,17:03:25,5.5,
20250428,17:03:25,5.8,
20250428,17:03:25,6.3,
20250428,17:03:26,6.6,
20250428,17:03:26,6.7,
20250428,17:03:26,6.5,
20250428,17:03:26,6.4,
20250428,17:03:27,6.2,
20250428,17:03:27,6.3,
20250428,17:03:27,6.4,
20250428,17:03:28,6.6,
20250428,17:03:28,6.8,
20250428,17:03:28,7,
20250428,17:03:28,7.3,
20250428,17:03:29,7.5,
20250428,17:03:29,7.7,
20250428,17:03:29,7.8,
20250428,17:03:29,7.9,
20250428,17:03:30,8.1,
20250428,17:03:30,8.2,
20250428,17:03:30,8.2,
20250428,17:03:31,8.3,
20250428,17:03:31,8.1,
20250428,17:03:31,8.2,
20250428,17:03:31,8.1,
20250428,17:03:32,7.9,
20250428,17:03:32,8,
20250428,17:03:32,7.9,
20250428,17:03:32,8.1,
20250428,17:03:33,8.4,
20250428,17:03:33,8.6,
20250428,17:03:33,8.7,
20250428,17:03:34,9,
20250428,17:03:34,9.1,
20250428,17:03:34,9,
20250428,17:03:34,8.7,
20250428,17:03:35,8.7,
20250428,17:03:35,8.3,
20250428,17:03:35,8.1,
20250428,17:03:35,7.9,
20250428,17:03:36,7.9,
20250428,17:03:36,7.9,
20250428,17:03:36,7.9,
20250428,17:03:37,7.9,
20250428,17:03:37,8,
20250428,17:03:37,8,
20250428,17:03:37,8,
20250428,17:03:38,8.1,
20250428,17:03:38,8,
20250428,17:03:38,7.9,
20250428,17:03:38,7.9,
20250428,17:03:39,7.8,
20250428,17:03:39,7.8,
20250428,17:03:39,7.8,
20250428,17:03:40,7.8,
20250428,17:03:40,7.8,
20250428,17:03:40,7.8,
20250428,17:03:40,7.7,
20250428,17:03:41,7.6,
20250428,17:03:41,7.5,
20250428,17:03:41,7.6,
20250428,17:03:41,7.5,
20250428,17:03:42,7.4,
20250428,17:03:42,7.4,
20250428,17:03:42,7.2,
20250428,17:03:43,7.2,
20250428,17:03:43,7.2,
20250428,17:03:43,7,
20250428,17:03:43,7,
20250428,17:03:44,6.9,
20250428,17:03:44,6.8,
20250428,17:03:44,6.8,
20250428,17:03:45,6.6,
20250428,17:03:45,6.5,
20250428,17:03:45,6.4,
20250428,17:03:45,6.4,
20250428,17:03:46,6.3,
20250428,17:03:46,6.2,
20250428,17:03:46,6.1,
20250428,17:03:46,6,
20250428,17:03:47,5.9,
20250428,17:03:47,5.8,
20250428,17:03:47,5.6,
20250428,17:03:48,5.6,
20250428,17:03:48,5.5,
20250428,17:03:48,5.3,
20250428,17:03:48,5.3,
20250428,17:03:49,5.1,
20250428,17:03:49,5,
20250428,17:03:49,4.9,
20250428,17:03:49,4.8,
20250428,17:03:50,4.7,
20250428,17:03:50,4.6,
20250428,17:03:50,4.6,
20250428,17:03:51,4.5,
20250428,17:03:51,4.4,
20250428,17:03:51,4.3,
20250428,17:03:51,4.2,
20250428,17:03:52,4,
20250428,17:03:52,3.8,
20250428,17:03:52,3.7,
20250428,17:03:53,3.6,
20250428,17:03:53,3.6,
20250428,17:03:53,3.6,
20250428,17:03:53,3.5,
20250428,17:03:54,3.5,
20250428,17:03:54,3.5,
20250428,17:03:54,3.4,
20250428,17:03:54,3.3,
20250428,17:03:55,3.3,
20250428,17:03:55,3.2,
20250428,17:03:55,3,
20250428,17:03:56,3,
20250428,17:03:56,2.9,
20250428,17:03:56,2.8,
20250428,17:03:56,2.7,
20250428,17:03:57,2.7,
20250428,17:03:57,2.5,
20250428,17:03:57,2.6,
20250428,17:03:57,2.4,
20250428,17:03:58,2.3,
20250428,17:03:58,2.2,
20250428,17:03:58,2.2,
20250428,17:03:59,2.1,
20250428,17:03:59,1.9,
20250428,17:03:59,1.8,
20250428,17:03:59,1.8,
20250428,17:04:00,1.8,
20250428,17:04:00,1.7,
20250428,17:04:00,1.6,
20250428,17:04:00,1.5,
20250428,17:04:01,1.4,
20250428,17:04:01,1.3,
20250428,17:04:01,1.1,
20250428,17:04:02,1,
20250428,17:04:02,0.8,
20250428,17:04:02,0.8,
20250428,17:04:02,0.6,
20250428,17:04:03,0.6,
20250428,17:04:03,0.5,
20250428,17:04:03,0.5,
20250428,17:04:03,0.3,
20250428,17:04:04,0.3,
20250428,17:04:04,0.1,
20250428,17:04:04,0.1,
20250428,17:04:05,0.1,
20250428,17:04:05,-0.1,
20250428,17:04:05,-0.2,
20250428,17:04:05,-0.2,
20250428,17:04:06,-0.3,
20250428,17:04:06,-0.4,
20250428,17:04:06,-0.4,
20250428,17:04:07,-0.6,
20250428,17:04:07,-0.7,
20250428,17:04:07,-0.8,
20250428,17:04:07,-1,
20250428,17:04:08,-1.2,
20250428,17:04:08,-1.3,
20250428,17:04:08,-1.6,
20250428,17:04:08,-1.6,
20250428,17:04:09,-1.7,
20250428,17:04:09,-1.7,
20250428,17:04:09,-1.9,
20250428,17:04:10,-2.1,
20250428,17:04:10,-2.1,
20250428,17:04:10,-2.2,
20250428,17:04:10,-2.3,
20250428,17:04:11,-2.3,
20250428,17:04:11,-2.4,
20250428,17:04:11,-2.4,
20250428,17:04:11,-2.4,
20250428,17:04:12,-2.4,
20250428,17:04:12,-2.5,
20250428,17:04:12,-2.6,
20250428,17:04:13,-2.7,
20250428,17:04:13,-2.8,
20250428,17:04:13,-2.8,
20250428,17:04:13,-3,
20250428,17:04:14,-3,
20250428,17:04:14,-3.1,
20250428,17:04:14,-3.3,
20250428,17:04:14,-3.3,
20250428,17:04:15,-3.3,
20250428,17:04:15,-3.5,
20250428,17:04:15,-3.6,
20250428,17:04:16,-3.8,
20250428,17:04:16,-4.1,
20250428,17:04:16,-4.1,
20250428,17:04:16,-4.2,
20250428,17:04:17,-4.4,
20250428,17:04:17,-4.5,
20250428,17:04:17,-4.5,
20250428,17:04:18,-4.5,
20250428,17:04:18,-4.6,
20250428,17:04:18,-4.6,
20250428,17:04:18,-4.7,
20250428,17:04:19,-4.7,
20250428,17:04:19,-4.8,
20250428,17:04:19,-4.8,
20250428,17:04:19,-4.8,
20250428,17:04:20,-4.9,
20250428,17:04:20,-4.9,
20250428,17:04:20,-5,
20250428,17:04:21,-5,
20250428,17:04:21,-5,
20250428,17:04:21,-5,
20250428,17:04:21,-5.1,
20250428,17:04:22,-5.2,
20250428,17:04:22,-5.3,
20250428,17:04:22,-5.4,
20250428,17:04:22,-5.5,
20250428,17:04:23,-5.5,
20250428,17:04:23,-5.6,
20250428,17:04:23,-5.7,
20250428,17:04:24,-5.7,
20250428,17:04:24,-5.8,
20250428,17:04:24,-5.8,
20250428,17:04:24,-5.9,
20250428,17:04:25,-5.9,
20250428,17:04:25,-6,
20250428,17:04:25,-6.1,
20250428,17:04:26,-6.1,
20250428,17:04:26,-6.2,
20250428,17:04:26,-6.3,
20250428,17:04:26,-6.4,
20250428,17:04:27,-6.4,
20250428,17:04:27,-6.4,
20250428,17:04:27,-6.6,
20250428,17:04:27,-6.5,
20250428,17:04:28,-6.6,
20250428,17:04:28,-6.7,
20250428,17:04:28,-6.7,
20250428,17:04:29,-6.7,
20250428,17:04:29,-6.9,
20250428,17:04:29,-7.1,
20250428,17:04:29,-7.3,
20250428,17:04:30,-7.4,
20250428,17:04:30,-7.6,
20250428,17:04:30,-7.6,
20250428,17:04:31,-7.8,
20250428,17:04:31,-7.9,
20250428,17:04:31,-8,
20250428,17:04:31,-8.1,
20250428,17:04:32,-8.2,
20250428,17:04:32,-8.3,
20250428,17:04:32,-8.3,
20250428,17:04:32,-8.4,
20250428,17:04:33,-8.4,
20250428,17:04:33,-8.4,
20250428,17:04:33,-8.6,
20250428,17:04:34,-8.7,
20250428,17:04:34,-8.9,
20250428,17:04:34,-9.1,
20250428,17:04:34,-9.2,
20250428,17:04:35,-9.3,
20250428,17:04:35,-9.3,
20250428,17:04:35,-9.3,
20250428,17:04:35,-9.3,
20250428,17:04:36,-9.4,
20250428,17:04:36,-9.4,
20250428,17:04:36,-9.4,
20250428,17:04:37,-9.5,
20250428,17:04:37,-9.5,
20250428,17:04:37,-9.6,
20250428,17:04:37,-9.5,
20250428,17:04:38,-9.6,
20250428,17:04:38,-9.6,
20250428,17:04:38,-9.7,
20250428,17:04:39,-9.8,
20250428,17:04:39,-9.8,
20250428,17:04:39,-9.9,
20250428,17:04:39,-9.9,
20250428,17:04:40,-10,
20250428,17:04:40,-10.1,
20250428,17:04:40,-10.1,
20250428,17:04:40,-10.2,
20250428,17:04:41,-10.2,
20250428,17:04:41,-10.2,
20250428,17:04:41,-10.2,
20250428,17:04:42,-10.2,
20250428,17:04:42,-10.3,
20250428,17:04:42,-10.3,
20250428,17:04:42,-10.4,
20250428,17:04:43,-10.4,
20250428,17:04:43,-10.4,
20250428,17:04:43,-10.4,
20250428,17:04:44,-10.5,
20250428,17:04:44,-10.5,
20250428,17:04:44,-10.6,
20250428,17:04:44,-10.7,
20250428,17:04:45,-10.8,
20250428,17:04:45,-10.8,
20250428,17:04:45,-11,
20250428,17:04:45,-11,
20250428,17:04:46,-11.1,
20250428,17:04:46,-11.1,
20250428,17:04:46,-11.2,
20250428,17:04:47,-11.2,
20250428,17:04:47,-11.3,
20250428,17:04:47,-11.3,
20250428,17:04:47,-11.3,
20250428,17:04:48,-11.3,
20250428,17:04:48,-11.4,
20250428,17:04:48,-11.4,
20250428,17:04:48,-11.5,
20250428,17:04:49,-11.6,
20250428,17:04:49,-11.6,
20250428,17:04:49,-11.7,
20250428,17:04:50,-11.8,
20250428,17:04:50,-11.8,
20250428,17:04:50,-11.8,
20250428,17:04:50,-11.8,
20250428,17:04:51,-11.8,
20250428,17:04:51,-11.8,
20250428,17:04:51,-11.8,
20250428,17:04:52,-11.8,
20250428,17:04:52,-11.8,
20250428,17:04:52,-11.8,
20250428,17:04:52,-11.8,
20250428,17:04:53,-11.9,
20250428,17:04:53,-11.9,
20250428,17:04:53,-11.9,
20250428,17:04:53,-12,
20250428,17:04:54,-12,
20250428,17:04:54,-12.1,
20250428,17:04:54,-12.1,
20250428,17:04:55,-12.2,
20250428,17:04:55,-12.2,
20250428,17:04:55,-12.3,
20250428,17:04:55,-12.3,
20250428,17:04:56,-12.3,
20250428,17:04:56,-12.4,
20250428,17:04:56,-12.4,
20250428,17:04:57,-12.4,
20250428,17:04:57,-12.5,
20250428,17:04:57,-12.4,
20250428,17:04:57,-12.5,
20250428,17:04:58,-12.6,
20250428,17:04:58,-12.7,
20250428,17:04:58,-12.7,
20250428,17:04:58,-12.7,
20250428,17:04:59,-12.7,
20250428,17:04:59,-12.7,
20250428,17:04:59,-12.7,
20250428,17:05:00,-12.8,
20250428,17:05:00,-12.9,
20250428,17:05:00,-12.9,
20250428,17:05:00,-13,
20250428,17:05:01,-13,
20250428,17:05:01,-13.1,
20250428,17:05:01,-13.1,
20250428,17:05:01,-13.1,
20250428,17:05:02,-13.2,
20250428,17:05:02,-13.2,
20250428,17:05:02,-13.2,
20250428,17:05:03,-13.3,
20250428,17:05:03,-13.5,
20250428,17:05:03,-13.5,
20250428,17:05:03,-13.6,
20250428,17:05:04,-13.7,
20250428,17:05:04,-13.8,
20250428,17:05:04,-13.9,
20250428,17:05:05,-13.9,
20250428,17:05:05,-14.1,
20250428,17:05:05,-14.1,
20250428,17:05:05,-14.2,
20250428,17:05:06,-14.2,
20250428,17:05:06,-14.2,
20250428,17:05:06,-14.3,
20250428,17:05:06,-14.4,
20250428,17:05:07,-14.4,
20250428,17:05:07,-14.4,
20250428,17:05:07,-14.4,
20250428,17:05:08,-14.4,
20250428,17:05:08,-14.4,
20250428,17:05:08,-14.4,
20250428,17:05:08,-14.2,
20250428,17:05:09,-14,
20250428,17:05:09,-14.1,
20250428,17:05:09,-14.2,
20250428,17:05:10,-14.3,
20250428,17:05:10,-14.2,
20250428,17:05:10,-14.3,
20250428,17:05:10,-14.3,
20250428,17:05:11,-14.2,
20250428,17:05:11,-14.2,
20250428,17:05:11,-14.2,
20250428,17:05:11,-14.3,
20250428,17:05:12,-14.3,
20250428,17:05:12,-14.3,
20250428,17:05:12,-14.3,
20250428,17:05:13,-14.2,
20250428,17:05:13,-14.3,
20250428,17:05:13,-14.3,
20250428,17:05:13,-14.3,
20250428,17:05:14,-14.3,
20250428,17:05:14,-14.3,
20250428,17:05:14,-14.3,
20250428,17:05:15,-14.4,
20250428,17:05:15,-14.4,
20250428,17:05:15,-14.4,
20250428,17:05:15,-14.4,
20250428,17:05:16,-14.4,
20250428,17:05:16,-14.5,
20250428,17:05:16,-14.5,
20250428,17:05:16,-14.5,
20250428,17:05:17,-14.6,
20250428,17:05:17,-14.6,
20250428,17:05:17,-14.6,
20250428,17:05:18,-14.6,
20250428,17:05:18,-14.5,
20250428,17:05:18,-14.6,
20250428,17:05:18,-14.6,
20250428,17:05:19,-14.6,
20250428,17:05:19,-14.6,
20250428,17:05:19,-14.6,
20250428,17:05:20,-14.6,
20250428,17:05:20,-14.6,
20250428,17:05:20,-14.7,
20250428,17:05:20,-14.8,
20250428,17:05:21,-14.9,
20250428,17:05:21,-15.1,
20250428,17:05:21,-15.1,
20250428,17:05:21,-15.2,
20250428,17:05:22,-15.3,
20250428,17:05:22,-15.3,
20250428,17:05:22,-15.3,
20250428,17:05:23,-15.3,
20250428,17:05:23,-15.3,
20250428,17:05:23,-15.2,
20250428,17:05:23,-15.2,
20250428,17:05:24,-15.1,
20250428,17:05:24,-15.1,
20250428,17:05:24,-15,
20250428,17:05:25,-15,
20250428,17:05:25,-14.9,
20250428,17:05:25,-14.9,
20250428,17:05:25,-14.9,
20250428,17:05:26,-14.8,
20250428,17:05:26,-14.8,
20250428,17:05:26,-14.8,
20250428,17:05:26,-14.9,
20250428,17:05:27,-14.9,
20250428,17:05:27,-15,
20250428,17:05:27,-15.1,
20250428,17:05:28,-15,
20250428,17:05:28,-14.9,
20250428,17:05:28,-14.5,
20250428,17:05:28,-14.1,
20250428,17:05:29,-13.5,
20250428,17:05:29,-12.7,
20250428,17:05:29,-11.8,
20250428,17:05:29,-11,
20250428,17:05:30,-10.1,
20250428,17:05:30,-9.3,
20250428,17:05:30,-8.6,
20250428,17:05:31,-7.9,
20250428,17:05:31,-7.3,
20250428,17:05:31,-6.8,
20250428,17:05:31,-6.5,
20250428,17:05:32,-6.2,
20250428,17:05:32,-6,
20250428,17:05:32,-5.9,
20250428,17:05:32,-5.8,
20250428,17:05:33,-5.8,
20250428,17:05:33,-5.6,
20250428,17:05:33,-5.6,
20250428,17:05:34,-5.5,
20250428,17:05:34,-5.3,
20250428,17:05:34,-5.2,
20250428,17:05:34,-5,
20250428,17:05:35,-4.9,
20250428,17:05:35,-4.6,
20250428,17:05:35,-4.5,
20250428,17:05:36,-4.6,
20250428,17:05:36,-4.5,
20250428,17:05:36,-4.4,
20250428,17:05:36,-4.3,
20250428,17:05:37,-4.2,
