静息,正性,中性,负性
14:50:21,14:53:57,14:55:14,15:01:28
,,,
CTP266,88:4A:EA:8B:D1:E6,,
,,,
,,,
,,,
,,,
,,,
,,,
20250425,14:46:15,12.1,
20250425,14:46:15,12.1,
20250425,14:46:15,12.1,
20250425,14:46:16,12.2,
20250425,14:46:16,12.3,
20250425,14:46:16,12.5,
20250425,14:46:16,12.5,
20250425,14:46:17,12.3,
20250425,14:46:17,12.6,
20250425,14:46:17,12.7,
20250425,14:46:18,12.7,
20250425,14:46:18,12.5,
20250425,14:46:18,12.3,
20250425,14:46:18,12.2,
20250425,14:46:19,12.5,
20250425,14:46:19,12.4,
20250425,14:46:19,12.6,
20250425,14:46:20,12.6,
20250425,14:46:20,12.5,
20250425,14:46:20,12.3,
20250425,14:46:20,12.1,
20250425,14:46:21,11.9,
20250425,14:46:21,11.6,
20250425,14:46:21,11.4,
20250425,14:46:21,11.2,
20250425,14:46:22,11.1,
20250425,14:46:22,10.8,
20250425,14:46:22,10.6,
20250425,14:46:23,10.4,
20250425,14:46:23,10.4,
20250425,14:46:23,10.4,
20250425,14:46:23,10.7,
20250425,14:46:24,11,
20250425,14:46:24,11.2,
20250425,14:46:24,11.3,
20250425,14:46:24,11.2,
20250425,14:46:25,11.2,
20250425,14:46:25,10.9,
20250425,14:46:25,10.6,
20250425,14:46:26,10.3,
20250425,14:46:26,10.1,
20250425,14:46:26,9.8,
20250425,14:46:26,9.5,
20250425,14:46:27,9.4,
20250425,14:46:27,9.6,
20250425,14:46:27,10.1,
20250425,14:46:28,10.5,
20250425,14:46:28,10.7,
20250425,14:46:28,10.5,
20250425,14:46:28,10.4,
20250425,14:46:29,10.4,
20250425,14:46:29,10.3,
20250425,14:46:29,10.4,
20250425,14:46:29,10.3,
20250425,14:46:30,10.5,
20250425,14:46:30,10.6,
20250425,14:46:30,10.4,
20250425,14:46:31,10.1,
20250425,14:46:31,9.9,
20250425,14:46:31,9.5,
20250425,14:46:31,9.2,
20250425,14:46:32,8.9,
20250425,14:46:32,8.7,
20250425,14:46:32,8.5,
20250425,14:46:32,8.2,
20250425,14:46:33,8.5,
20250425,14:46:33,8.6,
20250425,14:46:33,8.7,
20250425,14:46:34,8.6,
20250425,14:46:34,8.6,
20250425,14:46:34,8.1,
20250425,14:46:34,7.4,
20250425,14:46:35,7.3,
20250425,14:46:35,7.1,
20250425,14:46:35,6.4,
20250425,14:46:36,5.8,
20250425,14:46:36,5.5,
20250425,14:46:36,5.8,
20250425,14:46:36,6.5,
20250425,14:46:37,7.6,
20250425,14:46:37,8.4,
20250425,14:46:37,8.9,
20250425,14:46:37,9.5,
20250425,14:46:38,10.3,
20250425,14:46:38,10.6,
20250425,14:46:38,10.8,
20250425,14:46:39,10.9,
20250425,14:46:39,11,
20250425,14:46:39,11,
20250425,14:46:39,10.4,
20250425,14:46:40,10.4,
20250425,14:46:40,11.1,
20250425,14:46:40,11.2,
20250425,14:46:40,11,
20250425,14:46:41,11.4,
20250425,14:46:41,11.5,
20250425,14:46:41,11.5,
20250425,14:46:42,11.8,
20250425,14:46:42,12.2,
20250425,14:46:42,12.2,
20250425,14:46:42,12.2,
20250425,14:46:43,12,
20250425,14:46:43,11.9,
20250425,14:46:43,11.9,
20250425,14:46:44,11.6,
20250425,14:46:44,11.5,
20250425,14:46:44,11.4,
20250425,14:46:44,11.2,
20250425,14:46:45,10.9,
20250425,14:46:45,10.6,
20250425,14:46:45,10.1,
20250425,14:46:45,9.5,
20250425,14:46:46,9.2,
20250425,14:46:46,9.2,
20250425,14:46:46,9.4,
20250425,14:46:47,9.5,
20250425,14:46:47,9.6,
20250425,14:46:47,9.5,
20250425,14:46:47,9.5,
20250425,14:46:48,9.3,
20250425,14:46:48,8.9,
20250425,14:46:48,8.7,
20250425,14:46:48,8.3,
20250425,14:46:49,8,
20250425,14:46:49,7.9,
20250425,14:46:49,7.6,
20250425,14:46:50,7.6,
20250425,14:46:50,7.3,
20250425,14:46:50,7,
20250425,14:46:50,6.7,
20250425,14:46:51,6.4,
20250425,14:46:51,6.3,
20250425,14:46:51,6.1,
20250425,14:46:51,6.1,
20250425,14:46:52,6.1,
20250425,14:46:52,6.1,
20250425,14:46:52,5.7,
20250425,14:46:53,6.8,
20250425,14:46:53,6.9,
20250425,14:46:53,6.9,
20250425,14:46:53,6.9,
20250425,14:46:54,6.9,
20250425,14:46:54,6.8,
20250425,14:46:54,6.6,
20250425,14:46:54,6.2,
20250425,14:46:55,5.8,
20250425,14:46:55,5.4,
20250425,14:46:55,5.3,
20250425,14:46:56,5.3,
20250425,14:46:56,5.3,
20250425,14:46:56,5,
20250425,14:46:56,4.9,
20250425,14:46:57,5,
20250425,14:46:57,5.3,
20250425,14:46:57,5.7,
20250425,14:46:57,5.7,
20250425,14:46:58,5.8,
20250425,14:46:58,6,
20250425,14:46:58,6.6,
20250425,14:46:59,7.6,
20250425,14:46:59,8.4,
20250425,14:46:59,8.8,
20250425,14:46:59,9.2,
20250425,14:47:00,9.1,
20250425,14:47:00,9.5,
20250425,14:47:00,9.5,
20250425,14:47:01,9.5,
20250425,14:47:01,9.6,
20250425,14:47:01,9.5,
20250425,14:47:01,9.2,
20250425,14:47:02,8.8,
20250425,14:47:02,8.4,
20250425,14:47:02,7.8,
20250425,14:47:02,7.2,
20250425,14:47:03,6.7,
20250425,14:47:03,6.1,
20250425,14:47:03,5.9,
20250425,14:47:04,5.6,
20250425,14:47:04,5.5,
20250425,14:47:04,5.5,
20250425,14:47:04,5.7,
20250425,14:47:05,5.8,
20250425,14:47:05,6.1,
20250425,14:47:05,6.4,
20250425,14:47:05,7,
20250425,14:47:06,7.5,
20250425,14:47:06,8.1,
20250425,14:47:06,8.7,
20250425,14:47:07,9.1,
20250425,14:47:07,9.3,
20250425,14:47:07,9.5,
20250425,14:47:07,9.4,
20250425,14:47:08,9.4,
20250425,14:47:08,9.2,
20250425,14:47:08,9,
20250425,14:47:08,8.8,
20250425,14:47:09,8.6,
20250425,14:47:09,8.1,
20250425,14:47:09,7.8,
20250425,14:47:10,7.6,
20250425,14:47:10,7.5,
20250425,14:47:10,7.4,
20250425,14:47:10,6.9,
20250425,14:47:11,6.5,
20250425,14:47:11,6.4,
20250425,14:47:11,7,
20250425,14:47:11,7.5,
20250425,14:47:12,8.4,
20250425,14:47:12,9.5,
20250425,14:47:12,10.2,
20250425,14:47:13,10.6,
20250425,14:47:13,10.6,
20250425,14:47:13,11.1,
20250425,14:47:13,11.2,
20250425,14:47:14,11,
20250425,14:47:14,11,
20250425,14:47:14,10.6,
20250425,14:47:15,9.8,
20250425,14:47:15,9.4,
20250425,14:47:15,8.9,
20250425,14:47:15,8.8,
20250425,14:47:16,8.4,
20250425,14:47:16,7.5,
20250425,14:47:16,7,
20250425,14:47:16,7,
20250425,14:47:17,7.1,
20250425,14:47:17,6.7,
20250425,14:47:17,6.3,
20250425,14:47:18,6,
20250425,14:47:18,6.1,
20250425,14:47:18,7,
20250425,14:47:18,7.6,
20250425,14:47:19,8.2,
20250425,14:47:19,9,
20250425,14:47:19,9.7,
20250425,14:47:19,10,
20250425,14:47:20,10.1,
20250425,14:47:20,10.2,
20250425,14:47:20,10.5,
20250425,14:47:21,10.6,
20250425,14:47:21,10.5,
20250425,14:47:21,10.4,
20250425,14:47:21,10.4,
20250425,14:47:22,10.6,
20250425,14:47:22,10.8,
20250425,14:47:22,11.2,
20250425,14:47:23,11.5,
20250425,14:47:23,11.9,
20250425,14:47:23,11.6,
20250425,14:47:23,11.1,
20250425,14:47:24,10.9,
20250425,14:47:24,11,
20250425,14:47:24,10.8,
20250425,14:47:24,10.7,
20250425,14:47:25,10.6,
20250425,14:47:25,10.2,
20250425,14:47:25,9.9,
20250425,14:47:26,9.6,
20250425,14:47:26,9.5,
20250425,14:47:26,9.4,
20250425,14:47:26,9.4,
20250425,14:47:27,9.4,
20250425,14:47:27,9.5,
20250425,14:47:27,9.7,
20250425,14:47:27,10,
20250425,14:47:28,10.4,
20250425,14:47:28,10.8,
20250425,14:47:28,11.1,
20250425,14:47:29,11.1,
20250425,14:47:29,11,
20250425,14:47:29,11.1,
20250425,14:47:29,11.2,
20250425,14:47:30,11.3,
20250425,14:47:30,11.4,
20250425,14:47:30,11.5,
20250425,14:47:30,11.2,
20250425,14:47:31,11.1,
20250425,14:47:31,10.9,
20250425,14:47:31,10.7,
20250425,14:47:32,10.4,
20250425,14:47:32,9.9,
20250425,14:47:32,9.7,
20250425,14:47:32,10.1,
20250425,14:47:33,10.6,
20250425,14:47:33,11.2,
20250425,14:47:33,11.5,
20250425,14:47:34,11.5,
20250425,14:47:34,11.2,
20250425,14:47:34,10.8,
20250425,14:47:34,10.8,
20250425,14:47:35,10.4,
20250425,14:47:35,10.4,
20250425,14:47:35,10.4,
20250425,14:47:35,11.2,
20250425,14:47:36,11.4,
20250425,14:47:36,11.2,
20250425,14:47:36,11.2,
20250425,14:47:37,11.2,
20250425,14:47:37,10.7,
20250425,14:47:37,10,
20250425,14:47:37,10,
20250425,14:47:38,10.3,
20250425,14:47:38,10.6,
20250425,14:47:38,11.1,
20250425,14:47:38,11.3,
20250425,14:47:39,11.6,
20250425,14:47:39,11.9,
20250425,14:47:39,12.1,
20250425,14:47:40,12.1,
20250425,14:47:40,12.1,
20250425,14:47:40,11.9,
20250425,14:47:40,11.6,
20250425,14:47:41,11.5,
20250425,14:47:41,11.4,
20250425,14:47:41,11.3,
20250425,14:47:42,11.1,
20250425,14:47:42,10.7,
20250425,14:47:42,10.3,
20250425,14:47:42,9.8,
20250425,14:47:43,9.6,
20250425,14:47:43,9.6,
20250425,14:47:43,9.6,
20250425,14:47:43,9.5,
20250425,14:47:44,9.4,
20250425,14:47:44,8.8,
20250425,14:47:44,8.4,
20250425,14:47:45,8.4,
20250425,14:47:45,8.7,
20250425,14:47:45,9.3,
20250425,14:47:45,9.8,
20250425,14:47:46,10.4,
20250425,14:47:46,11.2,
20250425,14:47:46,12.1,
20250425,14:47:46,12.7,
20250425,14:47:47,13,
20250425,14:47:47,12.9,
20250425,14:47:47,12.7,
20250425,14:47:48,12.1,
20250425,14:47:48,11.9,
20250425,14:47:48,11.2,
20250425,14:47:48,11.2,
20250425,14:47:49,11,
20250425,14:47:49,10.8,
20250425,14:47:49,10.4,
20250425,14:47:50,10.1,
20250425,14:47:50,10.2,
20250425,14:47:50,10.4,
20250425,14:47:50,10.6,
20250425,14:47:51,11,
20250425,14:47:51,11.2,
20250425,14:47:51,11.1,
20250425,14:47:51,10.9,
20250425,14:47:52,10.7,
20250425,14:47:52,10.4,
20250425,14:47:52,9.7,
20250425,14:47:53,9.2,
20250425,14:47:53,8.5,
20250425,14:47:53,8.2,
20250425,14:47:53,7.9,
20250425,14:47:54,7.8,
20250425,14:47:54,7.6,
20250425,14:47:54,7.5,
20250425,14:47:54,7.6,
20250425,14:47:55,7.8,
20250425,14:47:55,8,
20250425,14:47:55,8.4,
20250425,14:47:56,8.9,
20250425,14:47:56,9.3,
20250425,14:47:56,9.5,
20250425,14:47:56,9.1,
20250425,14:47:57,9.1,
20250425,14:47:57,9.2,
20250425,14:47:57,9.3,
20250425,14:47:58,9.6,
20250425,14:47:58,10,
20250425,14:47:58,10.4,
20250425,14:47:58,10.4,
20250425,14:47:59,10.1,
20250425,14:47:59,9.8,
20250425,14:47:59,9.4,
20250425,14:47:59,8.8,
20250425,14:48:00,8.3,
20250425,14:48:00,7.8,
20250425,14:48:00,7.8,
20250425,14:48:01,7.9,
20250425,14:48:01,8.1,
20250425,14:48:01,8.2,
20250425,14:48:01,8.2,
20250425,14:48:02,8,
20250425,14:48:02,7.8,
20250425,14:48:02,7.8,
20250425,14:48:02,8.2,
20250425,14:48:03,9.1,
20250425,14:48:03,10.1,
20250425,14:48:03,11.2,
20250425,14:48:04,11.6,
20250425,14:48:04,12,
20250425,14:48:04,11.9,
20250425,14:48:04,11.7,
20250425,14:48:05,11.3,
20250425,14:48:05,11.1,
20250425,14:48:05,10.8,
20250425,14:48:05,10.4,
20250425,14:48:06,10,
20250425,14:48:06,9.5,
20250425,14:48:06,9.2,
20250425,14:48:07,8.7,
20250425,14:48:07,8.4,
20250425,14:48:07,8.3,
20250425,14:48:07,9,
20250425,14:48:08,10.3,
20250425,14:48:08,11.5,
20250425,14:48:08,12.7,
20250425,14:48:09,13.5,
20250425,14:48:09,14,
20250425,14:48:09,14,
20250425,14:48:09,14,
20250425,14:48:10,13.8,
20250425,14:48:10,13.6,
20250425,14:48:10,13.3,
20250425,14:48:10,13,
20250425,14:48:11,12.8,
20250425,14:48:11,12.3,
20250425,14:48:11,11.9,
20250425,14:48:12,11.5,
20250425,14:48:12,11,
20250425,14:48:12,10.6,
20250425,14:48:12,10.3,
20250425,14:48:13,10,
20250425,14:48:13,10,
20250425,14:48:13,9.9,
20250425,14:48:13,9.6,
20250425,14:48:14,9.5,
20250425,14:48:14,9.4,
20250425,14:48:14,9.4,
20250425,14:48:15,9.5,
20250425,14:48:15,9.4,
20250425,14:48:15,9.4,
20250425,14:48:15,9.3,
20250425,14:48:16,9.1,
20250425,14:48:16,8.7,
20250425,14:48:16,8.3,
20250425,14:48:17,8,
20250425,14:48:17,8.1,
20250425,14:48:17,8.5,
20250425,14:48:17,9,
20250425,14:48:18,9.2,
20250425,14:48:18,9.2,
20250425,14:48:18,9.5,
20250425,14:48:18,10.1,
20250425,14:48:19,10.8,
20250425,14:48:19,11.5,
20250425,14:48:19,11.9,
20250425,14:48:20,11.9,
20250425,14:48:20,11.8,
20250425,14:48:20,11.6,
20250425,14:48:20,11.6,
20250425,14:48:21,11.6,
20250425,14:48:21,11.7,
20250425,14:48:21,11.9,
20250425,14:48:21,11.7,
20250425,14:48:22,11.5,
20250425,14:48:22,11.2,
20250425,14:48:22,10.8,
20250425,14:48:23,10.4,
20250425,14:48:23,10,
20250425,14:48:23,9.9,
20250425,14:48:23,10.5,
20250425,14:48:24,11.4,
20250425,14:48:24,12.3,
20250425,14:48:24,13.1,
20250425,14:48:25,13.4,
20250425,14:48:25,13.5,
20250425,14:48:25,13.4,
20250425,14:48:25,13.2,
20250425,14:48:26,12.6,
20250425,14:48:26,11.9,
20250425,14:48:26,11.2,
20250425,14:48:26,10.5,
20250425,14:48:27,10.4,
20250425,14:48:27,10.8,
20250425,14:48:27,11.4,
20250425,14:48:28,11.8,
20250425,14:48:28,12.3,
20250425,14:48:28,12.9,
20250425,14:48:28,13.2,
20250425,14:48:29,13.5,
20250425,14:48:29,13.5,
20250425,14:48:29,13.2,
20250425,14:48:29,12.9,
20250425,14:48:30,12.4,
20250425,14:48:30,12,
20250425,14:48:30,11.4,
20250425,14:48:31,10.8,
20250425,14:48:31,10.3,
20250425,14:48:31,9.8,
20250425,14:48:31,9.4,
20250425,14:48:32,8.9,
20250425,14:48:32,8.7,
20250425,14:48:32,8.3,
20250425,14:48:33,8,
20250425,14:48:33,7.7,
20250425,14:48:33,7.3,
20250425,14:48:33,6.9,
20250425,14:48:34,6.3,
20250425,14:48:34,6.1,
20250425,14:48:34,5.9,
20250425,14:48:34,6.4,
20250425,14:48:35,7.6,
20250425,14:48:35,9,
20250425,14:48:35,10.3,
20250425,14:48:36,11.5,
20250425,14:48:36,12.4,
20250425,14:48:36,13.1,
20250425,14:48:36,13.8,
20250425,14:48:37,13.8,
20250425,14:48:37,13.5,
20250425,14:48:37,13.1,
20250425,14:48:37,12.8,
20250425,14:48:38,12.8,
20250425,14:48:38,13,
20250425,14:48:38,13.6,
20250425,14:48:39,14,
20250425,14:48:39,14.3,
20250425,14:48:39,14.3,
20250425,14:48:39,13.9,
20250425,14:48:40,13.6,
20250425,14:48:40,13.5,
20250425,14:48:40,13.8,
20250425,14:48:41,14.6,
20250425,14:48:41,15.4,
20250425,14:48:41,16,
20250425,14:48:41,16.4,
20250425,14:48:42,16.5,
20250425,14:48:42,16.4,
20250425,14:48:42,16.1,
20250425,14:48:42,15.5,
20250425,14:48:43,14.9,
20250425,14:48:43,14.6,
20250425,14:48:43,14.1,
20250425,14:48:44,13.8,
20250425,14:48:44,13.7,
20250425,14:48:44,13.5,
20250425,14:48:44,13.3,
20250425,14:48:45,13.2,
20250425,14:48:45,12.9,
20250425,14:48:45,12.7,
20250425,14:48:46,12.4,
20250425,14:48:46,12.7,
20250425,14:48:46,13.4,
20250425,14:48:46,14.2,
20250425,14:48:47,14.7,
20250425,14:48:47,15.3,
20250425,14:48:47,15.5,
20250425,14:48:47,15.9,
20250425,14:48:48,15.8,
20250425,14:48:48,15.6,
20250425,14:48:48,15.2,
20250425,14:48:49,14.8,
20250425,14:48:49,14.7,
20250425,14:48:49,14.7,
20250425,14:48:49,14.5,
20250425,14:48:50,14.3,
20250425,14:48:50,14.2,
20250425,14:48:50,13.8,
20250425,14:48:50,13.6,
20250425,14:48:51,13.3,
20250425,14:48:51,12.9,
20250425,14:48:51,12.8,
20250425,14:48:52,13,
20250425,14:48:52,13.8,
20250425,14:48:52,14.7,
20250425,14:48:52,15.5,
20250425,14:48:53,15.9,
20250425,14:48:53,16.1,
20250425,14:48:53,16.1,
20250425,14:48:53,16.1,
20250425,14:48:54,16.2,
20250425,14:48:54,16,
20250425,14:48:54,15.7,
20250425,14:48:55,15.5,
20250425,14:48:55,15.5,
20250425,14:48:55,16.2,
20250425,14:48:55,16.9,
20250425,14:48:56,17.5,
20250425,14:48:56,17.6,
20250425,14:48:56,17.4,
20250425,14:48:56,16.9,
20250425,14:48:57,16.1,
20250425,14:48:57,15.4,
20250425,14:48:57,15.5,
20250425,14:48:58,15.7,
20250425,14:48:58,16,
20250425,14:48:58,16,
20250425,14:48:58,16,
20250425,14:48:59,16.1,
20250425,14:48:59,16.4,
20250425,14:48:59,16.6,
20250425,14:49:00,17,
20250425,14:49:00,17.2,
20250425,14:49:00,17.2,
20250425,14:49:00,17.2,
20250425,14:49:01,16.8,
20250425,14:49:01,16.3,
20250425,14:49:01,15.9,
20250425,14:49:01,15.4,
20250425,14:49:02,15.3,
20250425,14:49:02,15.5,
20250425,14:49:02,15.5,
20250425,14:49:03,15.3,
20250425,14:49:03,15.4,
20250425,14:49:03,15.8,
20250425,14:49:03,16.4,
20250425,14:49:04,17.3,
20250425,14:49:04,18.3,
20250425,14:49:04,19.3,
20250425,14:49:05,19.8,
20250425,14:49:05,20,
20250425,14:49:05,19.7,
20250425,14:49:05,19.1,
20250425,14:49:06,18.7,
20250425,14:49:06,18.5,
20250425,14:49:06,18.3,
20250425,14:49:06,18.2,
20250425,14:49:07,18.1,
20250425,14:49:07,17.6,
20250425,14:49:07,17.1,
20250425,14:49:08,16.6,
20250425,14:49:08,16.4,
20250425,14:49:08,16.4,
20250425,14:49:08,16.5,
20250425,14:49:09,16.4,
20250425,14:49:09,16.4,
20250425,14:49:09,16.1,
20250425,14:49:09,15.7,
20250425,14:49:10,15.4,
20250425,14:49:10,15,
20250425,14:49:10,14.7,
20250425,14:49:11,14.6,
20250425,14:49:11,14.8,
20250425,14:49:11,15.2,
20250425,14:49:11,15.5,
20250425,14:49:12,15.6,
20250425,14:49:12,15.5,
20250425,14:49:12,15.6,
20250425,14:49:12,16,
20250425,14:49:13,16.1,
20250425,14:49:13,16.2,
20250425,14:49:13,16.2,
20250425,14:49:14,16.2,
20250425,14:49:14,16.4,
20250425,14:49:14,16,
20250425,14:49:14,16.4,
20250425,14:49:15,16.4,
20250425,14:49:15,17,
20250425,14:49:15,18,
20250425,14:49:16,18.6,
20250425,14:49:16,18.7,
20250425,14:49:16,18.1,
20250425,14:49:16,17.9,
20250425,14:49:17,17.5,
20250425,14:49:17,17.3,
20250425,14:49:17,17.4,
20250425,14:49:17,17.6,
20250425,14:49:18,17.7,
20250425,14:49:18,17.7,
20250425,14:49:18,17.8,
20250425,14:49:19,17.2,
20250425,14:49:19,16.7,
20250425,14:49:19,16.4,
20250425,14:49:19,16,
20250425,14:49:20,15.5,
20250425,14:49:20,15.1,
20250425,14:49:20,14.9,
20250425,14:49:20,14.7,
20250425,14:49:21,14.7,
20250425,14:49:21,15,
20250425,14:49:21,15.2,
20250425,14:49:22,15.3,
20250425,14:49:22,15.2,
20250425,14:49:22,14.9,
20250425,14:49:22,14.5,
20250425,14:49:23,14.3,
20250425,14:49:23,14.1,
20250425,14:49:23,14.4,
20250425,14:49:24,14.6,
20250425,14:49:24,14.8,
20250425,14:49:24,14.8,
20250425,14:49:24,14.7,
20250425,14:49:25,14.6,
20250425,14:49:25,14.3,
20250425,14:49:25,13.8,
20250425,14:49:26,13.7,
20250425,14:49:26,13.7,
20250425,14:49:26,13.6,
20250425,14:49:26,13.5,
20250425,14:49:27,13.2,
20250425,14:49:27,13,
20250425,14:49:27,12.7,
20250425,14:49:27,12.3,
20250425,14:49:28,12,
20250425,14:49:28,11.8,
20250425,14:49:28,11.4,
20250425,14:49:28,11.1,
20250425,14:49:29,10.7,
20250425,14:49:29,10.4,
20250425,14:49:29,10.2,
20250425,14:49:30,9.8,
20250425,14:49:30,9.5,
20250425,14:49:30,9.4,
20250425,14:49:30,9.3,
20250425,14:49:31,9.1,
20250425,14:49:31,9.1,
20250425,14:49:31,8.9,
20250425,14:49:31,8.7,
20250425,14:49:32,8.8,
20250425,14:49:32,8.3,
20250425,14:49:32,8.2,
20250425,14:49:33,8.5,
20250425,14:49:33,8.4,
20250425,14:49:33,8.3,
20250425,14:49:33,8.1,
20250425,14:49:34,8,
20250425,14:49:34,8.4,
20250425,14:49:34,8,
20250425,14:49:35,7.3,
20250425,14:49:35,6.8,
20250425,14:49:35,6.1,
20250425,14:49:35,6.3,
20250425,14:49:36,7,
20250425,14:49:36,8,
20250425,14:49:36,9.2,
20250425,14:49:36,10.1,
20250425,14:49:37,10.8,
20250425,14:49:37,11.4,
20250425,14:49:37,11.8,
20250425,14:49:38,12.1,
20250425,14:49:38,12.1,
20250425,14:49:38,12.1,
20250425,14:49:38,12.4,
20250425,14:49:39,12.9,
20250425,14:49:39,13.1,
20250425,14:49:39,13.4,
20250425,14:49:39,13.3,
20250425,14:49:40,13,
20250425,14:49:40,12.5,
20250425,14:49:40,12.1,
20250425,14:49:41,11.6,
20250425,14:49:41,11.2,
20250425,14:49:41,10.9,
20250425,14:49:41,11.1,
20250425,14:49:42,11.7,
20250425,14:49:42,12.4,
20250425,14:49:42,13.1,
20250425,14:49:43,13.8,
20250425,14:49:43,14.3,
20250425,14:49:43,14.7,
20250425,14:49:43,14.8,
20250425,14:49:44,14.8,
20250425,14:49:44,14.6,
20250425,14:49:44,14.1,
20250425,14:49:44,13.7,
20250425,14:49:45,13.1,
20250425,14:49:45,12.8,
20250425,14:49:45,12.2,
20250425,14:49:46,11.7,
20250425,14:49:46,11.3,
20250425,14:49:46,11.1,
20250425,14:49:46,11.1,
20250425,14:49:47,11.2,
20250425,14:49:47,11.4,
20250425,14:49:47,11.7,
20250425,14:49:47,11.8,
20250425,14:49:48,11.7,
20250425,14:49:48,11.6,
20250425,14:49:48,11.2,
20250425,14:49:49,11,
20250425,14:49:49,10.6,
20250425,14:49:49,10.2,
20250425,14:49:49,9.7,
20250425,14:49:50,9.4,
20250425,14:49:50,9,
20250425,14:49:50,8.7,
20250425,14:49:51,8.3,
20250425,14:49:51,7.9,
20250425,14:49:51,7.4,
20250425,14:49:51,7,
20250425,14:49:52,7,
20250425,14:49:52,7,
20250425,14:49:52,7.2,
20250425,14:49:52,7.6,
20250425,14:49:53,7.7,
20250425,14:49:53,7.7,
20250425,14:49:53,7.5,
20250425,14:49:54,7.1,
20250425,14:49:54,6.6,
20250425,14:49:54,6.1,
20250425,14:49:54,5.8,
20250425,14:49:55,5.6,
20250425,14:49:55,5.4,
20250425,14:49:55,5.3,
20250425,14:49:55,5.1,
20250425,14:49:56,4.8,
20250425,14:49:56,4.5,
20250425,14:49:56,4.3,
20250425,14:49:57,3.9,
20250425,14:49:57,3.6,
20250425,14:49:57,3.5,
20250425,14:49:57,3.1,
20250425,14:49:58,2.8,
20250425,14:49:58,2.7,
20250425,14:49:58,2.9,
20250425,14:49:59,3.5,
20250425,14:49:59,4,
20250425,14:49:59,4.5,
20250425,14:49:59,4.9,
20250425,14:50:00,5.1,
20250425,14:50:00,5.2,
20250425,14:50:00,5.1,
20250425,14:50:00,4.9,
20250425,14:50:01,4.4,
20250425,14:50:01,3.9,
20250425,14:50:01,3.6,
20250425,14:50:02,4,
20250425,14:50:02,4.7,
20250425,14:50:02,5.5,
20250425,14:50:02,6.2,
20250425,14:50:03,6.5,
20250425,14:50:03,6.7,
20250425,14:50:03,6.8,
20250425,14:50:03,6.5,
20250425,14:50:04,6.1,
20250425,14:50:04,6,
20250425,14:50:04,5.8,
20250425,14:50:05,5.6,
20250425,14:50:05,5.6,
20250425,14:50:05,5.7,
20250425,14:50:05,6,
20250425,14:50:06,6.1,
20250425,14:50:06,6,
20250425,14:50:06,5.8,
20250425,14:50:06,5.5,
20250425,14:50:07,5.3,
20250425,14:50:07,5,
20250425,14:50:07,4.8,
20250425,14:50:08,4.7,
20250425,14:50:08,4.6,
20250425,14:50:08,4.5,
20250425,14:50:08,4.1,
20250425,14:50:09,3.8,
20250425,14:50:09,3.6,
20250425,14:50:09,3.7,
20250425,14:50:09,3.6,
20250425,14:50:10,3.6,
20250425,14:50:10,4,
20250425,14:50:10,5.2,
20250425,14:50:11,6.8,
20250425,14:50:11,8.4,
20250425,14:50:11,9.7,
20250425,14:50:11,10.6,
20250425,14:50:12,11.4,
20250425,14:50:12,12.1,
20250425,14:50:12,12.8,
20250425,14:50:12,13.3,
20250425,14:50:13,13.6,
20250425,14:50:13,13.8,
20250425,14:50:13,14.1,
20250425,14:50:14,14.6,
20250425,14:50:14,15.2,
20250425,14:50:14,15.5,
20250425,14:50:14,15.6,
20250425,14:50:15,15.5,
20250425,14:50:15,15.2,
20250425,14:50:15,15.1,
20250425,14:50:16,15,
20250425,14:50:16,14.9,
20250425,14:50:16,14.9,
20250425,14:50:16,14.8,
20250425,14:50:17,14.9,
20250425,14:50:17,14.7,
20250425,14:50:17,14.5,
20250425,14:50:17,13.8,
20250425,14:50:18,13.7,
20250425,14:50:18,14.2,
20250425,14:50:18,15.4,
20250425,14:50:19,16.6,
20250425,14:50:19,17.5,
20250425,14:50:19,18.2,
20250425,14:50:19,18.6,
20250425,14:50:20,18.9,
20250425,14:50:20,19,
20250425,14:50:20,18.9,
20250425,14:50:21,18.9,
20250425,14:50:21,18.9,
20250425,14:50:21,18.8,
20250425,14:50:21,18.5,
20250425,14:50:22,18.3,
20250425,14:50:22,18,
20250425,14:50:22,17.4,
20250425,14:50:22,17.2,
20250425,14:50:23,17.4,
20250425,14:50:23,17.7,
20250425,14:50:23,17.8,
20250425,14:50:24,18,
20250425,14:50:24,18.1,
20250425,14:50:24,18.3,
20250425,14:50:24,18.6,
20250425,14:50:25,18.9,
20250425,14:50:25,19.6,
20250425,14:50:25,20.2,
20250425,14:50:25,20.7,
20250425,14:50:26,21.3,
20250425,14:50:26,21.5,
20250425,14:50:26,21.3,
20250425,14:50:27,20.9,
20250425,14:50:27,20.6,
20250425,14:50:27,20.7,
20250425,14:50:27,20.7,
20250425,14:50:28,20.9,
20250425,14:50:28,21.1,
20250425,14:50:28,20.8,
20250425,14:50:29,20.6,
20250425,14:50:29,20.3,
20250425,14:50:29,19.9,
20250425,14:50:29,19.4,
20250425,14:50:30,18.9,
20250425,14:50:30,18.5,
20250425,14:50:30,17.8,
20250425,14:50:30,16.9,
20250425,14:50:31,16.4,
20250425,14:50:31,16.4,
20250425,14:50:31,16.4,
20250425,14:50:32,16.4,
20250425,14:50:32,16.4,
20250425,14:50:32,15.9,
20250425,14:50:32,15.5,
20250425,14:50:33,15.5,
20250425,14:50:33,15.5,
20250425,14:50:33,15.5,
20250425,14:50:34,15.3,
20250425,14:50:34,15.1,
20250425,14:50:34,15,
20250425,14:50:34,14.7,
20250425,14:50:35,14.4,
20250425,14:50:35,13.8,
20250425,14:50:35,13.3,
20250425,14:50:35,13,
20250425,14:50:36,13,
20250425,14:50:36,13,
20250425,14:50:36,12.9,
20250425,14:50:37,12.6,
20250425,14:50:37,11.9,
20250425,14:50:37,11.2,
20250425,14:50:37,11.1,
20250425,14:50:38,11.2,
20250425,14:50:38,11.2,
20250425,14:50:38,10.8,
20250425,14:50:38,10.7,
20250425,14:50:39,11.2,
20250425,14:50:39,11.8,
20250425,14:50:39,12.2,
20250425,14:50:40,12.3,
20250425,14:50:40,12.7,
20250425,14:50:40,12.9,
20250425,14:50:40,13.1,
20250425,14:50:41,12.9,
20250425,14:50:41,12.5,
20250425,14:50:41,12.1,
20250425,14:50:42,11.5,
20250425,14:50:42,10.6,
20250425,14:50:42,10,
20250425,14:50:42,9.7,
20250425,14:50:43,9.9,
20250425,14:50:43,10.2,
20250425,14:50:43,10.4,
20250425,14:50:43,10.6,
20250425,14:50:44,11.2,
20250425,14:50:44,10.9,
20250425,14:50:44,10.6,
20250425,14:50:45,10.3,
20250425,14:50:45,9.8,
20250425,14:50:45,9.4,
20250425,14:50:45,8.7,
20250425,14:50:46,8.2,
20250425,14:50:46,7.8,
20250425,14:50:46,7.7,
20250425,14:50:46,7.6,
20250425,14:50:47,7.5,
20250425,14:50:47,7.3,
20250425,14:50:47,7,
20250425,14:50:48,6.9,
20250425,14:50:48,6.7,
20250425,14:50:48,6.2,
20250425,14:50:48,6,
20250425,14:50:49,5.6,
20250425,14:50:49,5.3,
20250425,14:50:49,5,
20250425,14:50:49,4.6,
20250425,14:50:50,4.4,
20250425,14:50:50,4.2,
20250425,14:50:50,4,
20250425,14:50:51,3.7,
20250425,14:50:51,3.6,
20250425,14:50:51,3.3,
20250425,14:50:51,3,
20250425,14:50:52,2.8,
20250425,14:50:52,2.5,
20250425,14:50:52,2.4,
20250425,14:50:52,2.1,
20250425,14:50:53,1.9,
20250425,14:50:53,1.8,
20250425,14:50:53,1.5,
20250425,14:50:54,1.3,
20250425,14:50:54,1.1,
20250425,14:50:54,1,
20250425,14:50:54,0.6,
20250425,14:50:55,0.2,
20250425,14:50:55,0.1,
20250425,14:50:55,-0.2,
20250425,14:50:55,-0.7,
20250425,14:50:56,-1.6,
20250425,14:50:56,-1.5,
20250425,14:50:56,-0.4,
20250425,14:50:57,1,
20250425,14:50:57,2.5,
20250425,14:50:57,3.8,
20250425,14:50:57,4.8,
20250425,14:50:58,5.2,
20250425,14:50:58,5.3,
20250425,14:50:58,5.1,
20250425,14:50:59,4.6,
20250425,14:50:59,4.2,
20250425,14:50:59,3.7,
20250425,14:50:59,3,
20250425,14:51:00,2.6,
20250425,14:51:00,2,
20250425,14:51:00,1.5,
20250425,14:51:00,1.1,
20250425,14:51:01,0.8,
20250425,14:51:01,0.3,
20250425,14:51:01,-0.1,
20250425,14:51:02,-0.4,
20250425,14:51:02,-0.7,
20250425,14:51:02,-1,
20250425,14:51:02,-1.3,
20250425,14:51:03,-1.5,
20250425,14:51:03,-1.7,
20250425,14:51:03,-2.2,
20250425,14:51:03,-2.4,
20250425,14:51:04,-3.2,
20250425,14:51:04,-3.9,
20250425,14:51:04,-3.6,
20250425,14:51:05,-3.3,
20250425,14:51:05,-2.1,
20250425,14:51:05,-0.9,
20250425,14:51:05,0.3,
20250425,14:51:06,1.4,
20250425,14:51:06,2.3,
20250425,14:51:06,2.9,
20250425,14:51:07,3.6,
20250425,14:51:07,4.4,
20250425,14:51:07,5,
20250425,14:51:07,5.4,
20250425,14:51:08,5.5,
20250425,14:51:08,5.4,
20250425,14:51:08,5.2,
20250425,14:51:08,4.8,
20250425,14:51:09,4.4,
20250425,14:51:09,4,
20250425,14:51:09,3.7,
20250425,14:51:10,3.3,
20250425,14:51:10,2.9,
20250425,14:51:10,2.7,
20250425,14:51:10,2.4,
20250425,14:51:11,2.1,
20250425,14:51:11,1.9,
20250425,14:51:11,1.8,
20250425,14:51:11,1.7,
20250425,14:51:12,1.6,
20250425,14:51:12,1.1,
20250425,14:51:12,1,
20250425,14:51:13,0.8,
20250425,14:51:13,0.6,
20250425,14:51:13,0.4,
20250425,14:51:13,0.1,
20250425,14:51:14,-0.1,
20250425,14:51:14,-0.3,
20250425,14:51:14,-0.7,
20250425,14:51:15,-0.8,
20250425,14:51:15,-1.1,
20250425,14:51:15,-1.4,
20250425,14:51:15,-1.6,
20250425,14:51:16,-1.8,
20250425,14:51:16,-2.1,
20250425,14:51:16,-2.4,
20250425,14:51:16,-3,
20250425,14:51:17,-3.9,
20250425,14:51:17,-3.7,
20250425,14:51:17,-2.7,
20250425,14:51:18,-1.4,
20250425,14:51:18,0.1,
20250425,14:51:18,1.5,
20250425,14:51:18,2.8,
20250425,14:51:19,3.9,
20250425,14:51:19,4.6,
20250425,14:51:19,5.3,
20250425,14:51:19,5.6,
20250425,14:51:20,5.6,
20250425,14:51:20,5.4,
20250425,14:51:20,5.5,
20250425,14:51:21,6.1,
20250425,14:51:21,6.9,
20250425,14:51:21,7.8,
20250425,14:51:21,8.8,
20250425,14:51:22,9.6,
20250425,14:51:22,10.8,
20250425,14:51:22,11.5,
20250425,14:51:22,12.2,
20250425,14:51:23,12.6,
20250425,14:51:23,12.6,
20250425,14:51:23,12.2,
20250425,14:51:24,11.9,
20250425,14:51:24,11.5,
20250425,14:51:24,11.2,
20250425,14:51:24,10.5,
20250425,14:51:25,10.1,
20250425,14:51:25,9.7,
20250425,14:51:25,9.4,
20250425,14:51:26,9.2,
20250425,14:51:26,9,
20250425,14:51:26,8.7,
20250425,14:51:26,8.4,
20250425,14:51:27,8,
20250425,14:51:27,7.5,
20250425,14:51:27,7,
20250425,14:51:27,6.8,
20250425,14:51:28,7.1,
20250425,14:51:28,7.8,
20250425,14:51:28,8.6,
20250425,14:51:29,9.2,
20250425,14:51:29,9.7,
20250425,14:51:29,10,
20250425,14:51:29,10.2,
20250425,14:51:30,10.1,
20250425,14:51:30,9.7,
20250425,14:51:30,9.2,
20250425,14:51:30,8.7,
20250425,14:51:31,8.6,
20250425,14:51:31,8.7,
20250425,14:51:31,8.8,
20250425,14:51:32,8.9,
20250425,14:51:32,8.8,
20250425,14:51:32,8.6,
20250425,14:51:32,8.1,
20250425,14:51:33,7.3,
20250425,14:51:33,6.7,
20250425,14:51:33,7.1,
20250425,14:51:33,8.3,
20250425,14:51:34,9.8,
20250425,14:51:34,11.1,
20250425,14:51:34,12.1,
20250425,14:51:35,12.6,
20250425,14:51:35,12.7,
20250425,14:51:35,12.5,
20250425,14:51:35,12.1,
20250425,14:51:36,11.6,
20250425,14:51:36,11,
20250425,14:51:36,10.3,
20250425,14:51:36,9.4,
20250425,14:51:37,8.7,
20250425,14:51:37,8.2,
20250425,14:51:37,8.5,
20250425,14:51:38,8.9,
20250425,14:51:38,9.4,
20250425,14:51:38,9.7,
20250425,14:51:38,10.4,
20250425,14:51:39,11.2,
20250425,14:51:39,11.9,
20250425,14:51:39,12.1,
20250425,14:51:40,12.2,
20250425,14:51:40,12.3,
20250425,14:51:40,12.5,
20250425,14:51:40,12.5,
20250425,14:51:41,12.5,
20250425,14:51:41,12.5,
20250425,14:51:41,12.5,
20250425,14:51:41,12.4,
20250425,14:51:42,12.3,
20250425,14:51:42,12.2,
20250425,14:51:42,12.1,
20250425,14:51:43,12.1,
20250425,14:51:43,11.9,
20250425,14:51:43,11.8,
20250425,14:51:43,11.6,
20250425,14:51:44,11.3,
20250425,14:51:44,11.1,
20250425,14:51:44,10.7,
20250425,14:51:44,10.2,
20250425,14:51:45,9.5,
20250425,14:51:45,8.9,
20250425,14:51:45,8.5,
20250425,14:51:46,8.3,
20250425,14:51:46,7.9,
20250425,14:51:46,7.8,
20250425,14:51:46,8.5,
20250425,14:51:47,8.7,
20250425,14:51:47,8.5,
20250425,14:51:47,7.8,
20250425,14:51:48,7.3,
20250425,14:51:48,7.2,
20250425,14:51:48,7.5,
20250425,14:51:48,7.6,
20250425,14:51:49,8.1,
20250425,14:51:49,9.1,
20250425,14:51:49,10.4,
20250425,14:51:49,11.7,
20250425,14:51:50,12.7,
20250425,14:51:50,13.4,
20250425,14:51:50,13.8,
20250425,14:51:51,14,
20250425,14:51:51,14.1,
20250425,14:51:51,14,
20250425,14:51:51,13.5,
20250425,14:51:52,13,
20250425,14:51:52,12.5,
20250425,14:51:52,12,
20250425,14:51:52,11.5,
20250425,14:51:53,11,
20250425,14:51:53,10.6,
20250425,14:51:53,10.6,
20250425,14:51:54,10.7,
20250425,14:51:54,11,
20250425,14:51:54,11.3,
20250425,14:51:54,11.5,
20250425,14:51:55,11.3,
20250425,14:51:55,11.1,
20250425,14:51:55,10.6,
20250425,14:51:56,9.9,
20250425,14:51:56,9.5,
20250425,14:51:56,9.3,
20250425,14:51:56,9.2,
20250425,14:51:57,8.9,
20250425,14:51:57,8.5,
20250425,14:51:57,7.8,
20250425,14:51:57,7.2,
20250425,14:51:58,7,
20250425,14:51:58,7,
20250425,14:51:58,7.1,
20250425,14:51:59,7.1,
20250425,14:51:59,7,
20250425,14:51:59,6.9,
20250425,14:51:59,6.5,
20250425,14:52:00,6.1,
20250425,14:52:00,5.6,
20250425,14:52:00,5.3,
20250425,14:52:00,5,
20250425,14:52:01,4.6,
20250425,14:52:01,4.4,
20250425,14:52:01,4.2,
20250425,14:52:02,3.8,
20250425,14:52:02,3.6,
20250425,14:52:02,3,
20250425,14:52:02,2.7,
20250425,14:52:03,2.9,
20250425,14:52:03,3.6,
20250425,14:52:03,4.3,
20250425,14:52:04,5.1,
20250425,14:52:04,5.8,
20250425,14:52:04,6.3,
20250425,14:52:04,6.5,
20250425,14:52:05,6.5,
20250425,14:52:05,6.3,
20250425,14:52:05,6,
20250425,14:52:05,5.4,
20250425,14:52:06,4.8,
20250425,14:52:06,4.1,
20250425,14:52:06,3.7,
20250425,14:52:07,3.6,
20250425,14:52:07,3.7,
20250425,14:52:07,3.6,
20250425,14:52:07,3.7,
20250425,14:52:08,3.6,
20250425,14:52:08,3.5,
20250425,14:52:08,2.8,
20250425,14:52:08,2.5,
20250425,14:52:09,2.4,
20250425,14:52:09,2.6,
20250425,14:52:09,2.9,
20250425,14:52:10,3.6,
20250425,14:52:10,4.4,
20250425,14:52:10,5.2,
20250425,14:52:10,5.4,
20250425,14:52:11,5.5,
20250425,14:52:11,5.3,
20250425,14:52:11,5,
20250425,14:52:11,4.6,
20250425,14:52:12,4.4,
20250425,14:52:12,4.1,
20250425,14:52:12,3.8,
20250425,14:52:13,3.3,
20250425,14:52:13,2.8,
20250425,14:52:13,2.6,
20250425,14:52:13,2.6,
20250425,14:52:14,2.8,
20250425,14:52:14,3,
20250425,14:52:14,3.2,
20250425,14:52:14,3.2,
20250425,14:52:15,3.1,
20250425,14:52:15,3.1,
20250425,14:52:15,3.1,
20250425,14:52:16,3,
20250425,14:52:16,2.7,
20250425,14:52:16,2.3,
20250425,14:52:16,1.7,
20250425,14:52:17,1.4,
20250425,14:52:17,1.5,
20250425,14:52:17,1.8,
20250425,14:52:17,2.6,
20250425,14:52:18,3.2,
20250425,14:52:18,3.7,
20250425,14:52:18,3.8,
20250425,14:52:19,3.6,
20250425,14:52:19,3.6,
20250425,14:52:19,3.5,
20250425,14:52:19,3.7,
20250425,14:52:20,4.2,
20250425,14:52:20,4.7,
20250425,14:52:20,5,
20250425,14:52:21,5.5,
20250425,14:52:21,5.7,
20250425,14:52:21,5.9,
20250425,14:52:21,6.3,
20250425,14:52:22,7.2,
20250425,14:52:22,8.2,
20250425,14:52:22,9,
20250425,14:52:22,9.7,
20250425,14:52:23,10.4,
20250425,14:52:23,10.7,
20250425,14:52:23,10.9,
20250425,14:52:24,10.9,
20250425,14:52:24,11,
20250425,14:52:24,10.9,
20250425,14:52:24,10.7,
20250425,14:52:25,10.6,
20250425,14:52:25,10.4,
20250425,14:52:25,10,
20250425,14:52:25,9.8,
20250425,14:52:26,9.9,
20250425,14:52:26,10.1,
20250425,14:52:26,10.4,
20250425,14:52:27,10.4,
20250425,14:52:27,10.6,
20250425,14:52:27,10.6,
20250425,14:52:27,10.4,
20250425,14:52:28,10.2,
20250425,14:52:28,10,
20250425,14:52:28,9.5,
20250425,14:52:29,9,
20250425,14:52:29,8.7,
20250425,14:52:29,8.7,
20250425,14:52:29,8.6,
20250425,14:52:30,8.5,
20250425,14:52:30,8.1,
20250425,14:52:30,7.9,
20250425,14:52:30,8.2,
20250425,14:52:31,8.7,
20250425,14:52:31,9.1,
20250425,14:52:31,9.6,
20250425,14:52:32,9.8,
20250425,14:52:32,9.9,
20250425,14:52:32,10.1,
20250425,14:52:32,10,
20250425,14:52:33,10,
20250425,14:52:33,9.7,
20250425,14:52:33,9.5,
20250425,14:52:33,9,
20250425,14:52:34,8.7,
20250425,14:52:34,8.3,
20250425,14:52:34,7.8,
20250425,14:52:35,7.7,
20250425,14:52:35,7.3,
20250425,14:52:35,7,
20250425,14:52:35,7,
20250425,14:52:36,7.2,
20250425,14:52:36,7.5,
20250425,14:52:36,7.8,
20250425,14:52:36,7.8,
20250425,14:52:37,7.8,
20250425,14:52:37,8.1,
20250425,14:52:37,8.1,
20250425,14:52:38,8.3,
20250425,14:52:38,8.5,
20250425,14:52:38,8.6,
20250425,14:52:38,8.5,
20250425,14:52:39,8.3,
20250425,14:52:39,8.5,
20250425,14:52:39,8.7,
20250425,14:52:39,9.2,
20250425,14:52:40,9.5,
20250425,14:52:40,9.9,
20250425,14:52:40,10.3,
20250425,14:52:41,10.4,
20250425,14:52:41,10.3,
20250425,14:52:41,10.1,
20250425,14:52:41,9.7,
20250425,14:52:42,9.4,
20250425,14:52:42,9,
20250425,14:52:42,8.9,
20250425,14:52:43,8.7,
20250425,14:52:43,8.6,
20250425,14:52:43,8.4,
20250425,14:52:43,8.1,
20250425,14:52:44,7.9,
20250425,14:52:44,7.5,
20250425,14:52:44,7.2,
20250425,14:52:44,7,
20250425,14:52:45,7,
20250425,14:52:45,7.4,
20250425,14:52:45,7.8,
20250425,14:52:46,8.1,
20250425,14:52:46,8,
20250425,14:52:46,7.9,
20250425,14:52:46,8.3,
20250425,14:52:47,9,
20250425,14:52:47,9.5,
20250425,14:52:47,10.3,
20250425,14:52:47,10.7,
20250425,14:52:48,10.8,
20250425,14:52:48,11.2,
20250425,14:52:48,11.7,
20250425,14:52:49,11.6,
20250425,14:52:49,11.6,
20250425,14:52:49,11.7,
20250425,14:52:49,11.2,
20250425,14:52:50,10.8,
20250425,14:52:50,10.4,
20250425,14:52:50,9.7,
20250425,14:52:50,9.5,
20250425,14:52:51,9.5,
20250425,14:52:51,9.7,
20250425,14:52:51,10.1,
20250425,14:52:52,10.3,
20250425,14:52:52,10.7,
20250425,14:52:52,11.2,
20250425,14:52:52,11.7,
20250425,14:52:53,12.1,
20250425,14:52:53,12.1,
20250425,14:52:53,12,
20250425,14:52:54,11.7,
20250425,14:52:54,11.2,
20250425,14:52:54,10.8,
20250425,14:52:54,10.1,
20250425,14:52:55,9.4,
20250425,14:52:55,9,
20250425,14:52:55,8.8,
20250425,14:52:55,8.7,
20250425,14:52:56,8.6,
20250425,14:52:56,8,
20250425,14:52:56,7.8,
20250425,14:52:57,7.9,
20250425,14:52:57,8.4,
20250425,14:52:57,9,
20250425,14:52:57,9.4,
20250425,14:52:58,9.5,
20250425,14:52:58,9.6,
20250425,14:52:58,9.8,
20250425,14:52:58,9.8,
20250425,14:52:59,10.4,
20250425,14:52:59,11.2,
20250425,14:52:59,12.2,
20250425,14:53:00,12.9,
20250425,14:53:00,13.4,
20250425,14:53:00,13.5,
20250425,14:53:00,13.6,
20250425,14:53:01,13.7,
20250425,14:53:01,13.8,
20250425,14:53:01,13.3,
20250425,14:53:02,12.8,
20250425,14:53:02,12.2,
20250425,14:53:02,11.7,
20250425,14:53:02,11.5,
20250425,14:53:03,11.5,
20250425,14:53:03,11.7,
20250425,14:53:03,11.8,
20250425,14:53:03,11.7,
20250425,14:53:04,11.5,
20250425,14:53:04,11.3,
20250425,14:53:04,11,
20250425,14:53:05,10.5,
20250425,14:53:05,10.3,
20250425,14:53:05,9.8,
20250425,14:53:05,9.5,
20250425,14:53:06,9.2,
20250425,14:53:06,8.8,
20250425,14:53:06,8.6,
20250425,14:53:06,8.3,
20250425,14:53:07,8,
20250425,14:53:07,7.8,
20250425,14:53:07,7.5,
20250425,14:53:08,7.2,
20250425,14:53:08,7,
20250425,14:53:08,6.6,
20250425,14:53:08,6.3,
20250425,14:53:09,6.3,
20250425,14:53:09,6.7,
20250425,14:53:09,7.3,
20250425,14:53:10,8.2,
20250425,14:53:10,9.1,
20250425,14:53:10,9.8,
20250425,14:53:10,10.2,
20250425,14:53:11,10.5,
20250425,14:53:11,10.7,
20250425,14:53:11,10.7,
20250425,14:53:11,10.5,
20250425,14:53:12,10.1,
20250425,14:53:12,9.3,
20250425,14:53:12,8.6,
20250425,14:53:13,8.2,
20250425,14:53:13,8.1,
20250425,14:53:13,8.2,
20250425,14:53:13,8.6,
20250425,14:53:14,8.7,
20250425,14:53:14,8.7,
20250425,14:53:14,8.7,
20250425,14:53:14,8.4,
20250425,14:53:15,8.1,
20250425,14:53:15,7.8,
20250425,14:53:15,7.9,
20250425,14:53:16,8,
20250425,14:53:16,8.1,
20250425,14:53:16,8.4,
20250425,14:53:16,8.6,
20250425,14:53:17,8.7,
20250425,14:53:17,8.9,
20250425,14:53:17,9.2,
20250425,14:53:17,9,
20250425,14:53:18,8.8,
20250425,14:53:18,9,
20250425,14:53:18,9.5,
20250425,14:53:19,10.5,
20250425,14:53:19,11.5,
20250425,14:53:19,12.2,
20250425,14:53:19,12.5,
20250425,14:53:20,12.6,
20250425,14:53:20,12.9,
20250425,14:53:20,12.9,
20250425,14:53:21,13,
20250425,14:53:21,12.9,
20250425,14:53:21,12.6,
20250425,14:53:21,12.1,
20250425,14:53:22,11.6,
20250425,14:53:22,11.2,
20250425,14:53:22,10.7,
20250425,14:53:22,10.4,
20250425,14:53:23,10,
20250425,14:53:23,9.6,
20250425,14:53:23,9.3,
20250425,14:53:24,8.8,
20250425,14:53:24,8.6,
20250425,14:53:24,8.5,
20250425,14:53:24,8.5,
20250425,14:53:25,8.6,
20250425,14:53:25,8.7,
20250425,14:53:25,8.7,
20250425,14:53:25,8.7,
20250425,14:53:26,8.5,
20250425,14:53:26,8.1,
20250425,14:53:26,8.4,
20250425,14:53:27,9.5,
20250425,14:53:27,10.9,
20250425,14:53:27,11.8,
20250425,14:53:27,12.5,
20250425,14:53:28,13.4,
20250425,14:53:28,14.2,
20250425,14:53:28,14.7,
20250425,14:53:28,15.1,
20250425,14:53:29,15.4,
20250425,14:53:29,15.4,
20250425,14:53:29,15.4,
20250425,14:53:30,15.5,
20250425,14:53:30,15.5,
20250425,14:53:30,15.7,
20250425,14:53:30,15.9,
20250425,14:53:31,15.7,
20250425,14:53:31,15.3,
20250425,14:53:31,14.8,
20250425,14:53:32,14.1,
20250425,14:53:32,13.9,
20250425,14:53:32,13.9,
20250425,14:53:32,14.5,
20250425,14:53:33,15.3,
20250425,14:53:33,16.2,
20250425,14:53:33,16.5,
20250425,14:53:33,17,
20250425,14:53:34,17,
20250425,14:53:34,16.8,
20250425,14:53:34,16.2,
20250425,14:53:35,15.5,
20250425,14:53:35,15,
20250425,14:53:35,14.9,
20250425,14:53:35,15.1,
20250425,14:53:36,15,
20250425,14:53:36,14.8,
20250425,14:53:36,14.5,
20250425,14:53:36,14.2,
20250425,14:53:37,14,
20250425,14:53:37,13.8,
20250425,14:53:37,13.7,
20250425,14:53:38,13.6,
20250425,14:53:38,13.1,
20250425,14:53:38,12.7,
20250425,14:53:38,12.3,
20250425,14:53:39,12.1,
20250425,14:53:39,12.4,
20250425,14:53:39,12.2,
20250425,14:53:40,12.1,
20250425,14:53:40,12,
20250425,14:53:40,11.7,
20250425,14:53:40,11.1,
20250425,14:53:41,10.7,
20250425,14:53:41,10.8,
20250425,14:53:41,11.3,
20250425,14:53:41,12.1,
20250425,14:53:42,13,
20250425,14:53:42,14,
20250425,14:53:42,14.7,
20250425,14:53:43,15.1,
20250425,14:53:43,15.2,
20250425,14:53:43,15.1,
20250425,14:53:43,14.6,
20250425,14:53:44,14,
20250425,14:53:44,13.7,
20250425,14:53:44,13.3,
20250425,14:53:45,13,
20250425,14:53:45,12.5,
20250425,14:53:45,12.3,
20250425,14:53:45,12.3,
20250425,14:53:46,12.5,
20250425,14:53:46,12.5,
20250425,14:53:46,12.3,
20250425,14:53:46,12.1,
20250425,14:53:47,12.6,
20250425,14:53:47,13.2,
20250425,14:53:47,13.8,
20250425,14:53:48,14.4,
20250425,14:53:48,14.9,
20250425,14:53:48,15.1,
20250425,14:53:48,15.1,
20250425,14:53:49,15,
20250425,14:53:49,15,
20250425,14:53:49,14.9,
20250425,14:53:49,14.7,
20250425,14:53:50,14.6,
20250425,14:53:50,14.2,
20250425,14:53:50,13.8,
20250425,14:53:51,13.5,
20250425,14:53:51,13.3,
20250425,14:53:51,12.9,
20250425,14:53:51,12.7,
20250425,14:53:52,12.5,
20250425,14:53:52,12.5,
20250425,14:53:52,12.4,
20250425,14:53:53,12.4,
20250425,14:53:53,12,
20250425,14:53:53,11.6,
20250425,14:53:53,11.4,
20250425,14:53:54,11.6,
20250425,14:53:54,11.6,
20250425,14:53:54,11.7,
20250425,14:53:54,11.6,
20250425,14:53:55,11.2,
20250425,14:53:55,10.6,
20250425,14:53:55,10.4,
20250425,14:53:56,10.1,
20250425,14:53:56,10.1,
20250425,14:53:56,10.1,
20250425,14:53:56,10,
20250425,14:53:57,9.9,
20250425,14:53:57,10,
20250425,14:53:57,10.3,
20250425,14:53:57,9.8,
20250425,14:53:58,9.3,
20250425,14:53:58,9.2,
20250425,14:53:58,9,
20250425,14:53:59,8.7,
20250425,14:53:59,8.6,
20250425,14:53:59,8.4,
20250425,14:53:59,8.6,
20250425,14:54:00,8.4,
20250425,14:54:00,8.1,
20250425,14:54:00,7.8,
20250425,14:54:00,7.8,
20250425,14:54:01,7.8,
20250425,14:54:01,7.8,
20250425,14:54:01,7.6,
20250425,14:54:02,7.1,
20250425,14:54:02,6.7,
20250425,14:54:02,6.6,
20250425,14:54:02,6.6,
20250425,14:54:03,6.8,
20250425,14:54:03,7,
20250425,14:54:03,7,
20250425,14:54:03,6.9,
20250425,14:54:04,6.7,
20250425,14:54:04,6.4,
20250425,14:54:04,6.1,
20250425,14:54:05,5.7,
20250425,14:54:05,5.4,
20250425,14:54:05,5.2,
20250425,14:54:05,5,
20250425,14:54:06,4.7,
20250425,14:54:06,4.5,
20250425,14:54:06,3.9,
20250425,14:54:06,3.6,
20250425,14:54:07,3.4,
20250425,14:54:07,3.7,
20250425,14:54:07,4.4,
20250425,14:54:08,5.3,
20250425,14:54:08,6.3,
20250425,14:54:08,7.2,
20250425,14:54:08,8.2,
20250425,14:54:09,9.2,
20250425,14:54:09,10,
20250425,14:54:09,10.7,
20250425,14:54:10,11.1,
20250425,14:54:10,11.1,
20250425,14:54:10,10.9,
20250425,14:54:10,10.7,
20250425,14:54:11,10.2,
20250425,14:54:11,9.7,
20250425,14:54:11,9.3,
20250425,14:54:11,8.8,
20250425,14:54:12,8.6,
20250425,14:54:12,8.2,
20250425,14:54:12,7.7,
20250425,14:54:13,7.5,
20250425,14:54:13,7.5,
20250425,14:54:13,7.6,
20250425,14:54:13,7.8,
20250425,14:54:14,7.8,
20250425,14:54:14,7.6,
20250425,14:54:14,7.6,
20250425,14:54:14,7.8,
20250425,14:54:15,7.8,
20250425,14:54:15,7.9,
20250425,14:54:15,7.8,
20250425,14:54:16,7.5,
20250425,14:54:16,7.3,
20250425,14:54:16,7,
20250425,14:54:16,7,
20250425,14:54:17,7,
20250425,14:54:17,6.8,
20250425,14:54:17,6.7,
20250425,14:54:18,6.3,
20250425,14:54:18,5.8,
20250425,14:54:18,5.4,
20250425,14:54:18,5.3,
20250425,14:54:19,5.2,
20250425,14:54:19,5.2,
20250425,14:54:19,5,
20250425,14:54:19,4.9,
20250425,14:54:20,4.8,
20250425,14:54:20,5,
20250425,14:54:20,5.1,
20250425,14:54:21,5.3,
20250425,14:54:21,5.4,
20250425,14:54:21,5.4,
20250425,14:54:21,5.3,
20250425,14:54:22,5.1,
20250425,14:54:22,4.6,
20250425,14:54:22,4.2,
20250425,14:54:22,4.2,
20250425,14:54:23,4.3,
20250425,14:54:23,4.6,
20250425,14:54:23,5.2,
20250425,14:54:24,5.4,
20250425,14:54:24,5.6,
20250425,14:54:24,5.5,
20250425,14:54:24,5.3,
20250425,14:54:25,5.1,
20250425,14:54:25,4.8,
20250425,14:54:25,4.5,
20250425,14:54:26,4.2,
20250425,14:54:26,4,
20250425,14:54:26,3.7,
20250425,14:54:26,3.5,
20250425,14:54:27,3.2,
20250425,14:54:27,2.7,
20250425,14:54:27,2.5,
20250425,14:54:27,2.3,
20250425,14:54:28,2.4,
20250425,14:54:28,2.4,
20250425,14:54:28,2.5,
20250425,14:54:29,2.5,
20250425,14:54:29,2.2,
20250425,14:54:29,1.8,
20250425,14:54:29,1.8,
20250425,14:54:30,2.1,
20250425,14:54:30,2.5,
20250425,14:54:30,2.7,
20250425,14:54:30,2.9,
20250425,14:54:31,2.9,
20250425,14:54:31,2.7,
20250425,14:54:31,2.5,
20250425,14:54:32,2.3,
20250425,14:54:32,2.2,
20250425,14:54:32,1.8,
20250425,14:54:32,1.6,
20250425,14:54:33,1.3,
20250425,14:54:33,1.1,
20250425,14:54:33,0.8,
20250425,14:54:33,0.4,
20250425,14:54:34,0.1,
20250425,14:54:34,0.1,
20250425,14:54:34,0.1,
20250425,14:54:35,0.1,
20250425,14:54:35,0,
20250425,14:54:35,0,
20250425,14:54:35,0,
20250425,14:54:36,-0.2,
20250425,14:54:36,-0.4,
20250425,14:54:36,-0.6,
20250425,14:54:36,-0.7,
20250425,14:54:37,-1,
20250425,14:54:37,-1.2,
20250425,14:54:37,-1.4,
20250425,14:54:38,-1.6,
20250425,14:54:38,-1.7,
20250425,14:54:38,-2.3,
20250425,14:54:38,-2.6,
20250425,14:54:39,-2.8,
20250425,14:54:39,-2.4,
20250425,14:54:39,-1.7,
20250425,14:54:39,-0.9,
20250425,14:54:40,-0.2,
20250425,14:54:40,0.1,
20250425,14:54:40,0.4,
20250425,14:54:41,0.4,
20250425,14:54:41,0.2,
20250425,14:54:41,0,
20250425,14:54:41,-0.4,
20250425,14:54:42,-0.7,
20250425,14:54:42,-1.1,
20250425,14:54:42,-1.5,
20250425,14:54:43,-1.6,
20250425,14:54:43,-2.1,
20250425,14:54:43,-2.4,
20250425,14:54:43,-2.4,
20250425,14:54:44,-2.1,
20250425,14:54:44,-1.4,
20250425,14:54:44,-0.2,
20250425,14:54:44,1.1,
20250425,14:54:45,2.2,
20250425,14:54:45,3.1,
20250425,14:54:45,3.9,
20250425,14:54:46,4.6,
20250425,14:54:46,5.3,
20250425,14:54:46,5.9,
20250425,14:54:46,6.3,
20250425,14:54:47,6.8,
20250425,14:54:47,7.3,
20250425,14:54:47,8,
20250425,14:54:47,8.4,
20250425,14:54:48,8.8,
20250425,14:54:48,9.1,
20250425,14:54:48,9.2,
20250425,14:54:49,9.4,
20250425,14:54:49,9.5,
20250425,14:54:49,9.6,
20250425,14:54:49,9.3,
20250425,14:54:50,9.1,
20250425,14:54:50,8.7,
20250425,14:54:50,8.3,
20250425,14:54:51,8,
20250425,14:54:51,7.6,
20250425,14:54:51,7.2,
20250425,14:54:51,6.8,
20250425,14:54:52,6.5,
20250425,14:54:52,6.2,
20250425,14:54:52,5.9,
20250425,14:54:52,5.4,
20250425,14:54:53,5.3,
20250425,14:54:53,5.3,
20250425,14:54:53,5.3,
20250425,14:54:54,5.4,
20250425,14:54:54,5.3,
20250425,14:54:54,5.3,
20250425,14:54:54,5.3,
20250425,14:54:55,5.4,
20250425,14:54:55,5.3,
20250425,14:54:55,5.3,
20250425,14:54:55,5.2,
20250425,14:54:56,4.9,
20250425,14:54:56,4.6,
20250425,14:54:56,4.2,
20250425,14:54:57,3.9,
20250425,14:54:57,3.5,
20250425,14:54:57,2.9,
20250425,14:54:57,2.8,
20250425,14:54:58,2.5,
20250425,14:54:58,2.1,
20250425,14:54:58,1.8,
20250425,14:54:59,1.5,
20250425,14:54:59,1.1,
20250425,14:54:59,0.6,
20250425,14:54:59,0.3,
20250425,14:55:00,0.2,
20250425,14:55:00,0.7,
20250425,14:55:00,1.5,
20250425,14:55:00,2.4,
20250425,14:55:01,3.2,
20250425,14:55:01,3.7,
20250425,14:55:01,4.7,
20250425,14:55:02,4.8,
20250425,14:55:02,5.1,
20250425,14:55:02,5,
20250425,14:55:02,4.4,
20250425,14:55:03,3.5,
20250425,14:55:03,2.9,
20250425,14:55:03,2.7,
20250425,14:55:03,3.2,
20250425,14:55:04,4,
20250425,14:55:04,4.9,
20250425,14:55:04,5.6,
20250425,14:55:05,6.3,
20250425,14:55:05,6.8,
20250425,14:55:05,7,
20250425,14:55:05,6.9,
20250425,14:55:06,6.7,
20250425,14:55:06,6.3,
20250425,14:55:06,5.9,
20250425,14:55:06,5.6,
20250425,14:55:07,5.5,
20250425,14:55:07,5.5,
20250425,14:55:07,5.5,
20250425,14:55:08,5.3,
20250425,14:55:08,5.2,
20250425,14:55:08,5,
20250425,14:55:08,4.6,
20250425,14:55:09,4.2,
20250425,14:55:09,3.7,
20250425,14:55:09,3.4,
20250425,14:55:09,2.9,
20250425,14:55:10,2.6,
20250425,14:55:10,2.3,
20250425,14:55:10,2.2,
20250425,14:55:11,2.2,
20250425,14:55:11,2.4,
20250425,14:55:11,2.6,
20250425,14:55:11,2.5,
20250425,14:55:12,2.3,
20250425,14:55:12,2.2,
20250425,14:55:12,1.9,
20250425,14:55:13,1.5,
20250425,14:55:13,1,
20250425,14:55:13,0.8,
20250425,14:55:13,0.6,
20250425,14:55:14,0.1,
20250425,14:55:14,-0.2,
20250425,14:55:14,-0.7,
20250425,14:55:14,-0.9,
20250425,14:55:15,-0.9,
20250425,14:55:15,-0.9,
20250425,14:55:15,-1,
20250425,14:55:16,-0.7,
20250425,14:55:16,-0.7,
20250425,14:55:16,-0.8,
20250425,14:55:16,-1,
20250425,14:55:17,-1,
20250425,14:55:17,-0.9,
20250425,14:55:17,-0.7,
20250425,14:55:17,-0.5,
20250425,14:55:18,-0.3,
20250425,14:55:18,-0.4,
20250425,14:55:18,-0.5,
20250425,14:55:19,-0.5,
20250425,14:55:19,-0.3,
20250425,14:55:19,-0.1,
20250425,14:55:19,0.1,
20250425,14:55:20,0.1,
20250425,14:55:20,0.2,
20250425,14:55:20,0.5,
20250425,14:55:21,0.1,
20250425,14:55:21,-0.3,
20250425,14:55:21,-0.8,
20250425,14:55:21,-1.1,
20250425,14:55:22,-0.8,
20250425,14:55:22,-0.9,
20250425,14:55:22,-0.9,
20250425,14:55:22,-1,
20250425,14:55:23,-1,
20250425,14:55:23,-1.1,
20250425,14:55:23,-1.4,
20250425,14:55:24,-1.6,
20250425,14:55:24,-1.7,
20250425,14:55:24,-2.3,
20250425,14:55:24,-2.5,
20250425,14:55:25,-2.7,
20250425,14:55:25,-2.5,
20250425,14:55:25,-3,
20250425,14:55:25,-3.2,
20250425,14:55:26,-3,
20250425,14:55:26,-2.6,
20250425,14:55:26,-1.9,
20250425,14:55:27,-1.1,
20250425,14:55:27,-0.4,
20250425,14:55:27,0.4,
20250425,14:55:27,1.3,
20250425,14:55:28,2,
20250425,14:55:28,2.8,
20250425,14:55:28,3.6,
20250425,14:55:28,4.6,
20250425,14:55:29,5.3,
20250425,14:55:29,5.8,
20250425,14:55:29,6,
20250425,14:55:30,5.9,
20250425,14:55:30,5.7,
20250425,14:55:30,5.3,
20250425,14:55:30,4.6,
20250425,14:55:31,5.2,
20250425,14:55:31,4.4,
20250425,14:55:31,3.6,
20250425,14:55:32,3.1,
20250425,14:55:32,3.2,
20250425,14:55:32,3,
20250425,14:55:32,3.1,
20250425,14:55:33,2.5,
20250425,14:55:33,2.1,
20250425,14:55:33,1.8,
20250425,14:55:33,1.6,
20250425,14:55:34,1.4,
20250425,14:55:34,1.1,
20250425,14:55:34,0.9,
20250425,14:55:35,0.5,
20250425,14:55:35,0.2,
20250425,14:55:35,0,
20250425,14:55:35,-0.1,
20250425,14:55:36,-0.3,
20250425,14:55:36,-0.6,
20250425,14:55:36,-0.7,
20250425,14:55:36,-0.8,
20250425,14:55:37,-1.4,
20250425,14:55:37,-1.6,
20250425,14:55:37,-1.6,
20250425,14:55:38,-1,
20250425,14:55:38,-0.3,
20250425,14:55:38,0.5,
20250425,14:55:38,1,
20250425,14:55:39,1.4,
20250425,14:55:39,1.7,
20250425,14:55:39,1.7,
20250425,14:55:40,1.4,
20250425,14:55:40,1.2,
20250425,14:55:40,1.2,
20250425,14:55:40,1.3,
20250425,14:55:41,1.4,
20250425,14:55:41,1.2,
20250425,14:55:41,1,
20250425,14:55:41,0.8,
20250425,14:55:42,0.3,
20250425,14:55:42,-0.2,
20250425,14:55:42,-0.7,
20250425,14:55:43,-1,
20250425,14:55:43,-0.8,
20250425,14:55:43,-0.4,
20250425,14:55:43,0,
20250425,14:55:44,0.3,
20250425,14:55:44,0.3,
20250425,14:55:44,0.3,
20250425,14:55:44,0.1,
20250425,14:55:45,0,
20250425,14:55:45,-0.4,
20250425,14:55:45,-0.8,
20250425,14:55:46,-1.1,
20250425,14:55:46,-1.3,
20250425,14:55:46,-1.4,
20250425,14:55:46,-1.6,
20250425,14:55:47,-1.6,
20250425,14:55:47,-1.6,
20250425,14:55:47,-1.6,
20250425,14:55:48,-1.5,
20250425,14:55:48,-1.4,
20250425,14:55:48,-1.5,
20250425,14:55:48,-1.5,
20250425,14:55:49,-1.6,
20250425,14:55:49,-1.7,
20250425,14:55:49,-1.8,
20250425,14:55:49,-2,
20250425,14:55:50,-2.3,
20250425,14:55:50,-2.4,
20250425,14:55:50,-2.9,
20250425,14:55:51,-3.3,
20250425,14:55:51,-3.5,
20250425,14:55:51,-3.5,
20250425,14:55:51,-3.4,
20250425,14:55:52,-3.3,
20250425,14:55:52,-3.3,
20250425,14:55:52,-3.3,
20250425,14:55:52,-3.1,
20250425,14:55:53,-3.1,
20250425,14:55:53,-2.7,
20250425,14:55:53,-2.3,
20250425,14:55:54,-1.7,
20250425,14:55:54,-1.3,
20250425,14:55:54,-0.9,
20250425,14:55:54,-0.6,
20250425,14:55:55,-0.4,
20250425,14:55:55,-0.3,
20250425,14:55:55,-0.2,
20250425,14:55:56,-0.4,
20250425,14:55:56,-0.6,
20250425,14:55:56,-0.7,
20250425,14:55:56,-0.7,
20250425,14:55:57,-0.7,
20250425,14:55:57,-0.7,
20250425,14:55:57,-0.8,
20250425,14:55:57,-1,
20250425,14:55:58,-1.2,
20250425,14:55:58,-1.4,
20250425,14:55:58,-1.5,
20250425,14:55:59,-1.7,
20250425,14:55:59,-2,
20250425,14:55:59,-2.2,
20250425,14:55:59,-2.4,
20250425,14:56:00,-2.5,
20250425,14:56:00,-2.9,
20250425,14:56:00,-3.3,
20250425,14:56:00,-3.6,
20250425,14:56:01,-3.6,
20250425,14:56:01,-3.4,
20250425,14:56:01,-3.2,
20250425,14:56:02,-2.7,
20250425,14:56:02,-2.1,
20250425,14:56:02,-1.4,
20250425,14:56:02,-0.9,
20250425,14:56:03,-0.7,
20250425,14:56:03,-0.7,
20250425,14:56:03,-0.7,
20250425,14:56:03,-0.3,
20250425,14:56:04,-0.1,
20250425,14:56:04,-0.2,
20250425,14:56:04,-0.1,
20250425,14:56:05,0.4,
20250425,14:56:05,1,
20250425,14:56:05,1.7,
20250425,14:56:05,2.4,
20250425,14:56:06,3,
20250425,14:56:06,3.3,
20250425,14:56:06,3.3,
20250425,14:56:07,3.3,
20250425,14:56:07,3.3,
20250425,14:56:07,3.5,
20250425,14:56:07,3.7,
20250425,14:56:08,3.8,
20250425,14:56:08,3.7,
20250425,14:56:08,3.6,
20250425,14:56:08,3.6,
20250425,14:56:09,3.4,
20250425,14:56:09,3.1,
20250425,14:56:09,2.9,
20250425,14:56:10,2.7,
20250425,14:56:10,2.4,
20250425,14:56:10,2.2,
20250425,14:56:10,2,
20250425,14:56:11,1.8,
20250425,14:56:11,1.5,
20250425,14:56:11,1.5,
20250425,14:56:11,1.8,
20250425,14:56:12,1.9,
20250425,14:56:12,2.3,
20250425,14:56:12,2.7,
20250425,14:56:13,2.9,
20250425,14:56:13,3,
20250425,14:56:13,2.9,
20250425,14:56:13,2.6,
20250425,14:56:14,2.4,
20250425,14:56:14,2.4,
20250425,14:56:14,2.5,
20250425,14:56:14,2.6,
20250425,14:56:15,2.7,
20250425,14:56:15,2.5,
20250425,14:56:15,2.4,
20250425,14:56:16,2.2,
20250425,14:56:16,1.9,
20250425,14:56:16,1.7,
20250425,14:56:16,1.5,
20250425,14:56:17,1.2,
20250425,14:56:17,1,
20250425,14:56:17,0.6,
20250425,14:56:17,0.2,
20250425,14:56:18,0.2,
20250425,14:56:18,0.2,
20250425,14:56:18,0.4,
20250425,14:56:19,0.7,
20250425,14:56:19,1,
20250425,14:56:19,1,
20250425,14:56:19,0.9,
20250425,14:56:20,0.7,
20250425,14:56:20,0.6,
20250425,14:56:20,0.6,
20250425,14:56:21,0.6,
20250425,14:56:21,0.5,
20250425,14:56:21,0.1,
20250425,14:56:21,-0.2,
20250425,14:56:22,-0.4,
20250425,14:56:22,-0.4,
20250425,14:56:22,0.1,
20250425,14:56:22,0.8,
20250425,14:56:23,1.4,
20250425,14:56:23,1.6,
20250425,14:56:23,1.8,
20250425,14:56:24,1.9,
20250425,14:56:24,2,
20250425,14:56:24,2.2,
20250425,14:56:24,2.1,
20250425,14:56:25,1.8,
20250425,14:56:25,1.6,
20250425,14:56:25,1.2,
20250425,14:56:25,0.9,
20250425,14:56:26,0.7,
20250425,14:56:26,0.9,
20250425,14:56:26,1.7,
20250425,14:56:27,2,
20250425,14:56:27,2.3,
20250425,14:56:27,2.5,
20250425,14:56:27,2.5,
20250425,14:56:28,2.4,
20250425,14:56:28,2.3,
20250425,14:56:28,2.1,
20250425,14:56:29,2,
20250425,14:56:29,2.3,
20250425,14:56:29,2.5,
20250425,14:56:29,2.7,
20250425,14:56:30,2.8,
20250425,14:56:30,2.8,
20250425,14:56:30,2.7,
20250425,14:56:30,2.5,
20250425,14:56:31,2.5,
20250425,14:56:31,2.5,
20250425,14:56:31,2.5,
20250425,14:56:32,2.5,
20250425,14:56:32,2.2,
20250425,14:56:32,1.8,
20250425,14:56:32,1.6,
20250425,14:56:33,1.5,
20250425,14:56:33,1.7,
20250425,14:56:33,2,
20250425,14:56:33,2.3,
20250425,14:56:34,2.8,
20250425,14:56:34,3.4,
20250425,14:56:34,4.4,
20250425,14:56:35,4.6,
20250425,14:56:35,4.8,
20250425,14:56:35,4.7,
20250425,14:56:35,4.3,
20250425,14:56:36,3.8,
20250425,14:56:36,3.7,
20250425,14:56:36,3.9,
20250425,14:56:36,4,
20250425,14:56:37,4.3,
20250425,14:56:37,4.3,
20250425,14:56:37,4.3,
20250425,14:56:38,4.4,
20250425,14:56:38,4.3,
20250425,14:56:38,3.9,
20250425,14:56:38,3.7,
20250425,14:56:39,3.5,
20250425,14:56:39,3.2,
20250425,14:56:39,2.8,
20250425,14:56:39,2.6,
20250425,14:56:40,2.3,
20250425,14:56:40,2.1,
20250425,14:56:40,2.3,
20250425,14:56:41,3,
20250425,14:56:41,3.6,
20250425,14:56:41,4,
20250425,14:56:41,4.3,
20250425,14:56:42,4.4,
20250425,14:56:42,4.2,
20250425,14:56:42,3.9,
20250425,14:56:42,3.2,
20250425,14:56:43,2.8,
20250425,14:56:43,2.5,
20250425,14:56:43,2.5,
20250425,14:56:44,2.7,
20250425,14:56:44,2.9,
20250425,14:56:44,3,
20250425,14:56:44,3,
20250425,14:56:45,2.8,
20250425,14:56:45,2.7,
20250425,14:56:45,2.5,
20250425,14:56:46,2.1,
20250425,14:56:46,1.8,
20250425,14:56:46,1.5,
20250425,14:56:46,1.2,
20250425,14:56:47,0.8,
20250425,14:56:47,0.5,
20250425,14:56:47,0.3,
20250425,14:56:47,0.4,
20250425,14:56:48,0.3,
20250425,14:56:48,0.4,
20250425,14:56:48,0.3,
20250425,14:56:49,0.3,
20250425,14:56:49,0.1,
20250425,14:56:49,0,
20250425,14:56:49,-0.3,
20250425,14:56:50,-0.7,
20250425,14:56:50,-0.9,
20250425,14:56:50,-1,
20250425,14:56:50,-0.9,
20250425,14:56:51,-0.9,
20250425,14:56:51,-0.8,
20250425,14:56:51,-0.9,
20250425,14:56:52,-0.9,
20250425,14:56:52,-1,
20250425,14:56:52,-1.3,
20250425,14:56:52,-1.5,
20250425,14:56:53,-1.6,
20250425,14:56:53,-1.8,
20250425,14:56:53,-2.1,
20250425,14:56:54,-2.4,
20250425,14:56:54,-2.9,
20250425,14:56:54,-3.1,
20250425,14:56:54,-3,
20250425,14:56:55,-2.7,
20250425,14:56:55,-2,
20250425,14:56:55,-1,
20250425,14:56:55,0.1,
20250425,14:56:56,1,
20250425,14:56:56,1.3,
20250425,14:56:56,1.6,
20250425,14:56:57,2.2,
20250425,14:56:57,3.2,
20250425,14:56:57,4,
20250425,14:56:57,4.5,
20250425,14:56:58,4.9,
20250425,14:56:58,4.9,
20250425,14:56:58,5.1,
20250425,14:56:58,5.2,
20250425,14:56:59,5.2,
20250425,14:56:59,5.2,
20250425,14:56:59,5,
20250425,14:57:00,4.6,
20250425,14:57:00,4.3,
20250425,14:57:00,3.9,
20250425,14:57:00,3.5,
20250425,14:57:01,2.8,
20250425,14:57:01,2.6,
20250425,14:57:01,2.4,
20250425,14:57:02,2.5,
20250425,14:57:02,2.7,
20250425,14:57:02,3,
20250425,14:57:02,3.6,
20250425,14:57:03,4.3,
20250425,14:57:03,5,
20250425,14:57:03,5.6,
20250425,14:57:03,6.1,
20250425,14:57:04,6.6,
20250425,14:57:04,6.9,
20250425,14:57:04,7,
20250425,14:57:05,7.6,
20250425,14:57:05,8.3,
20250425,14:57:05,9.1,
20250425,14:57:05,9.8,
20250425,14:57:06,10.2,
20250425,14:57:06,10.7,
20250425,14:57:06,11.1,
20250425,14:57:06,11.2,
20250425,14:57:07,11.3,
20250425,14:57:07,11.4,
20250425,14:57:07,11.7,
20250425,14:57:08,12.1,
20250425,14:57:08,12.3,
20250425,14:57:08,12.4,
20250425,14:57:08,12.3,
20250425,14:57:09,12.2,
20250425,14:57:09,12.1,
20250425,14:57:09,11.8,
20250425,14:57:10,11.4,
20250425,14:57:10,11.2,
20250425,14:57:10,10.7,
20250425,14:57:10,10.4,
20250425,14:57:11,10,
20250425,14:57:11,9.5,
20250425,14:57:11,9.1,
20250425,14:57:11,8.7,
20250425,14:57:12,8.7,
20250425,14:57:12,8.7,
20250425,14:57:12,8.8,
20250425,14:57:13,8.7,
20250425,14:57:13,8.5,
20250425,14:57:13,8.3,
20250425,14:57:13,8.3,
20250425,14:57:14,8.5,
20250425,14:57:14,8.7,
20250425,14:57:14,9.2,
20250425,14:57:14,9.3,
20250425,14:57:15,9,
20250425,14:57:15,8.8,
20250425,14:57:15,9,
20250425,14:57:16,9.3,
20250425,14:57:16,9.1,
20250425,14:57:16,9,
20250425,14:57:16,8.9,
20250425,14:57:17,8.8,
20250425,14:57:17,8.9,
20250425,14:57:17,8.2,
20250425,14:57:17,7.6,
20250425,14:57:18,7.6,
20250425,14:57:18,7.7,
20250425,14:57:18,7.8,
20250425,14:57:19,8,
20250425,14:57:19,8.4,
20250425,14:57:19,8.7,
20250425,14:57:19,8.9,
20250425,14:57:20,9.2,
20250425,14:57:20,9.6,
20250425,14:57:20,10.2,
20250425,14:57:20,10.6,
20250425,14:57:21,11,
20250425,14:57:21,11.1,
20250425,14:57:21,10.9,
20250425,14:57:22,10.5,
20250425,14:57:22,10.4,
20250425,14:57:22,10.6,
20250425,14:57:22,10.8,
20250425,14:57:23,11.1,
20250425,14:57:23,11.2,
20250425,14:57:23,11.3,
20250425,14:57:23,11.2,
20250425,14:57:24,11,
20250425,14:57:24,10.7,
20250425,14:57:24,10.3,
20250425,14:57:25,9.9,
20250425,14:57:25,9.5,
20250425,14:57:25,9,
20250425,14:57:25,8.8,
20250425,14:57:26,8.6,
20250425,14:57:26,8.2,
20250425,14:57:26,7.9,
20250425,14:57:27,7.8,
20250425,14:57:27,7.6,
20250425,14:57:27,7.8,
20250425,14:57:27,7.4,
20250425,14:57:28,7.2,
20250425,14:57:28,7,
20250425,14:57:28,6.8,
20250425,14:57:28,6.5,
20250425,14:57:29,6,
20250425,14:57:29,5.5,
20250425,14:57:29,5.4,
20250425,14:57:30,5.7,
20250425,14:57:30,6.1,
20250425,14:57:30,6.4,
20250425,14:57:30,6.5,
20250425,14:57:31,6.5,
20250425,14:57:31,6.4,
20250425,14:57:31,6.5,
20250425,14:57:31,6.6,
20250425,14:57:32,6.7,
20250425,14:57:32,7.1,
20250425,14:57:32,7.4,
20250425,14:57:33,7.6,
20250425,14:57:33,7.7,
20250425,14:57:33,7.8,
20250425,14:57:33,7.8,
20250425,14:57:34,7.7,
20250425,14:57:34,7.6,
20250425,14:57:34,7.8,
20250425,14:57:35,8.2,
20250425,14:57:35,8.7,
20250425,14:57:35,9.3,
20250425,14:57:35,9.7,
20250425,14:57:36,10.3,
20250425,14:57:36,10.4,
20250425,14:57:36,10.4,
20250425,14:57:36,10.5,
20250425,14:57:37,10.5,
20250425,14:57:37,10.4,
20250425,14:57:37,10.4,
20250425,14:57:38,10.3,
20250425,14:57:38,10.1,
20250425,14:57:38,9.6,
20250425,14:57:38,9.4,
20250425,14:57:39,9.2,
20250425,14:57:39,9,
20250425,14:57:39,9.3,
20250425,14:57:39,10.1,
20250425,14:57:40,11.1,
20250425,14:57:40,12,
20250425,14:57:40,12.6,
20250425,14:57:41,13.2,
20250425,14:57:41,13.3,
20250425,14:57:41,13.4,
20250425,14:57:41,13.5,
20250425,14:57:42,13.3,
20250425,14:57:42,13.2,
20250425,14:57:42,13,
20250425,14:57:43,12.9,
20250425,14:57:43,12.5,
20250425,14:57:43,12.3,
20250425,14:57:43,12.2,
20250425,14:57:44,12.2,
20250425,14:57:44,12.4,
20250425,14:57:44,12.6,
20250425,14:57:44,12.8,
20250425,14:57:45,12.8,
20250425,14:57:45,12.7,
20250425,14:57:45,12.5,
20250425,14:57:46,12.5,
20250425,14:57:46,12.9,
20250425,14:57:46,13.2,
20250425,14:57:46,13.6,
20250425,14:57:47,13.6,
20250425,14:57:47,13.7,
20250425,14:57:47,13.7,
20250425,14:57:47,13.5,
20250425,14:57:48,13.3,
20250425,14:57:48,13,
20250425,14:57:48,12.9,
20250425,14:57:49,12.9,
20250425,14:57:49,13.1,
20250425,14:57:49,13.2,
20250425,14:57:49,13.1,
20250425,14:57:50,12.9,
20250425,14:57:50,12.6,
20250425,14:57:50,12.5,
20250425,14:57:51,12.4,
20250425,14:57:51,12.2,
20250425,14:57:51,12.1,
20250425,14:57:51,12.1,
20250425,14:57:52,12.2,
20250425,14:57:52,12.5,
20250425,14:57:52,12.8,
20250425,14:57:52,13,
20250425,14:57:53,13,
20250425,14:57:53,12.9,
20250425,14:57:53,12.7,
20250425,14:57:54,12.5,
20250425,14:57:54,12.2,
20250425,14:57:54,11.9,
20250425,14:57:54,11.6,
20250425,14:57:55,11.4,
20250425,14:57:55,11.2,
20250425,14:57:55,10.8,
20250425,14:57:55,10.5,
20250425,14:57:56,10.6,
20250425,14:57:56,11,
20250425,14:57:56,11.5,
20250425,14:57:57,11.9,
20250425,14:57:57,12.4,
20250425,14:57:57,12.9,
20250425,14:57:57,13.5,
20250425,14:57:58,13.8,
20250425,14:57:58,14.1,
20250425,14:57:58,14.3,
20250425,14:57:58,14.4,
20250425,14:57:59,14.4,
20250425,14:57:59,14.4,
20250425,14:57:59,14.2,
20250425,14:58:00,13.8,
20250425,14:58:00,13.8,
20250425,14:58:00,13.9,
20250425,14:58:00,14.3,
20250425,14:58:01,14.7,
20250425,14:58:01,15.2,
20250425,14:58:01,15.5,
20250425,14:58:02,15.8,
20250425,14:58:02,15.8,
20250425,14:58:02,15.6,
20250425,14:58:02,15.4,
20250425,14:58:03,15.2,
20250425,14:58:03,14.9,
20250425,14:58:03,14.5,
20250425,14:58:03,14,
20250425,14:58:04,13.8,
20250425,14:58:04,13.3,
20250425,14:58:04,12.9,
20250425,14:58:05,12.7,
20250425,14:58:05,12.3,
20250425,14:58:05,12.1,
20250425,14:58:05,11.8,
20250425,14:58:06,11.7,
20250425,14:58:06,11.8,
20250425,14:58:06,12,
20250425,14:58:06,12.1,
20250425,14:58:07,12.1,
20250425,14:58:07,12.1,
20250425,14:58:07,12,
20250425,14:58:08,11.6,
20250425,14:58:08,11.2,
20250425,14:58:08,10.8,
20250425,14:58:08,10.5,
20250425,14:58:09,10.3,
20250425,14:58:09,10.2,
20250425,14:58:09,10,
20250425,14:58:10,9.8,
20250425,14:58:10,9.6,
20250425,14:58:10,9.3,
20250425,14:58:10,8.9,
20250425,14:58:11,8.7,
20250425,14:58:11,8.7,
20250425,14:58:11,8.6,
20250425,14:58:11,8.7,
20250425,14:58:12,9.2,
20250425,14:58:12,10,
20250425,14:58:12,10.5,
20250425,14:58:13,11,
20250425,14:58:13,11.3,
20250425,14:58:13,11.5,
20250425,14:58:13,11.7,
20250425,14:58:14,11.7,
20250425,14:58:14,11.8,
20250425,14:58:14,11.5,
20250425,14:58:14,11.2,
20250425,14:58:15,10.8,
20250425,14:58:15,10.4,
20250425,14:58:15,10.2,
20250425,14:58:16,10.1,
20250425,14:58:16,10,
20250425,14:58:16,10,
20250425,14:58:16,10.1,
20250425,14:58:17,10,
20250425,14:58:17,9.7,
20250425,14:58:17,9.5,
20250425,14:58:18,9.5,
20250425,14:58:18,9.5,
20250425,14:58:18,9.5,
20250425,14:58:18,9.4,
20250425,14:58:19,9.1,
20250425,14:58:19,8.9,
20250425,14:58:19,8.8,
20250425,14:58:19,8.7,
20250425,14:58:20,8.7,
20250425,14:58:20,8.7,
20250425,14:58:20,8.5,
20250425,14:58:21,8.6,
20250425,14:58:21,9.3,
20250425,14:58:21,10.3,
20250425,14:58:21,11.2,
20250425,14:58:22,12.1,
20250425,14:58:22,12.8,
20250425,14:58:22,13,
20250425,14:58:22,13.4,
20250425,14:58:23,13.7,
20250425,14:58:23,13.8,
20250425,14:58:23,13.8,
20250425,14:58:24,13.9,
20250425,14:58:24,14.4,
20250425,14:58:24,15.1,
20250425,14:58:24,15.9,
20250425,14:58:25,16.4,
20250425,14:58:25,16.8,
20250425,14:58:25,17,
20250425,14:58:26,17,
20250425,14:58:26,16.8,
20250425,14:58:26,16.5,
20250425,14:58:26,16.4,
20250425,14:58:27,16.2,
20250425,14:58:27,16,
20250425,14:58:27,15.6,
20250425,14:58:27,15.5,
20250425,14:58:28,15.6,
20250425,14:58:28,16.1,
20250425,14:58:28,16.6,
20250425,14:58:29,17.2,
20250425,14:58:29,17.3,
20250425,14:58:29,17.4,
20250425,14:58:29,17.4,
20250425,14:58:30,17.4,
20250425,14:58:30,17.4,
20250425,14:58:30,17.5,
20250425,14:58:30,17.9,
20250425,14:58:31,18.1,
20250425,14:58:31,18.4,
20250425,14:58:31,18.6,
20250425,14:58:32,18.6,
20250425,14:58:32,18.5,
20250425,14:58:32,18.5,
20250425,14:58:32,18.3,
20250425,14:58:33,18.3,
20250425,14:58:33,18.3,
20250425,14:58:33,18.2,
20250425,14:58:33,18.1,
20250425,14:58:34,18,
20250425,14:58:34,17.8,
20250425,14:58:34,17.5,
20250425,14:58:35,17.3,
20250425,14:58:35,17.2,
20250425,14:58:35,17.2,
20250425,14:58:35,17.2,
20250425,14:58:36,17.3,
20250425,14:58:36,17.3,
20250425,14:58:36,17.4,
20250425,14:58:37,17.4,
20250425,14:58:37,17.5,
20250425,14:58:37,18,
20250425,14:58:37,18.8,
20250425,14:58:38,19.6,
20250425,14:58:38,20.2,
20250425,14:58:38,20.5,
20250425,14:58:38,20.6,
20250425,14:58:39,20.4,
20250425,14:58:39,20.2,
20250425,14:58:39,20.3,
20250425,14:58:40,20.6,
20250425,14:58:40,20.9,
20250425,14:58:40,20.8,
20250425,14:58:40,20.7,
20250425,14:58:41,20.6,
20250425,14:58:41,20.5,
20250425,14:58:41,20.6,
20250425,14:58:41,20.5,
20250425,14:58:42,20.1,
20250425,14:58:42,19.8,
20250425,14:58:42,19.6,
20250425,14:58:43,19.5,
20250425,14:58:43,19.4,
20250425,14:58:43,19.2,
20250425,14:58:43,19.2,
20250425,14:58:44,19.4,
20250425,14:58:44,19.6,
20250425,14:58:44,19.5,
20250425,14:58:45,19.5,
20250425,14:58:45,19.6,
20250425,14:58:45,19.7,
20250425,14:58:45,19.7,
20250425,14:58:46,19.8,
20250425,14:58:46,19.8,
20250425,14:58:46,19.8,
20250425,14:58:46,19.7,
20250425,14:58:47,19.7,
20250425,14:58:47,19.5,
20250425,14:58:47,19.2,
20250425,14:58:48,19,
20250425,14:58:48,18.9,
20250425,14:58:48,18.9,
20250425,14:58:48,18.7,
20250425,14:58:49,18.7,
20250425,14:58:49,18.7,
20250425,14:58:49,18.7,
20250425,14:58:50,18.8,
20250425,14:58:50,18.9,
20250425,14:58:50,18.9,
20250425,14:58:50,18.9,
20250425,14:58:51,19,
20250425,14:58:51,19,
20250425,14:58:51,18.8,
20250425,14:58:51,18.4,
20250425,14:58:52,18.1,
20250425,14:58:52,17.9,
20250425,14:58:52,17.8,
20250425,14:58:53,18,
20250425,14:58:53,18.1,
20250425,14:58:53,18,
20250425,14:58:53,17.8,
20250425,14:58:54,17.7,
20250425,14:58:54,17.6,
20250425,14:58:54,17.2,
20250425,14:58:55,16.7,
20250425,14:58:55,16.4,
20250425,14:58:55,16.5,
20250425,14:58:55,16.7,
20250425,14:58:56,16.8,
20250425,14:58:56,17,
20250425,14:58:56,17,
20250425,14:58:56,16.9,
20250425,14:58:57,16.8,
20250425,14:58:57,16.5,
20250425,14:58:57,16.7,
20250425,14:58:58,17,
20250425,14:58:58,17.4,
20250425,14:58:58,17.7,
20250425,14:58:58,17.8,
20250425,14:58:59,17.8,
20250425,14:58:59,17.6,
20250425,14:58:59,17.3,
20250425,14:58:59,17.1,
20250425,14:59:00,16.7,
20250425,14:59:00,16.5,
20250425,14:59:00,16.1,
20250425,14:59:01,15.7,
20250425,14:59:01,15.4,
20250425,14:59:01,15,
20250425,14:59:01,14.8,
20250425,14:59:02,14.7,
20250425,14:59:02,14.4,
20250425,14:59:02,14.3,
20250425,14:59:03,14.2,
20250425,14:59:03,14.1,
20250425,14:59:03,14,
20250425,14:59:03,13.8,
20250425,14:59:04,13.4,
20250425,14:59:04,13.2,
20250425,14:59:04,13,
20250425,14:59:04,13,
20250425,14:59:05,12.8,
20250425,14:59:05,13.4,
20250425,14:59:05,14,
20250425,14:59:06,14.5,
20250425,14:59:06,15,
20250425,14:59:06,15.3,
20250425,14:59:06,15.2,
20250425,14:59:07,14.8,
20250425,14:59:07,14.5,
20250425,14:59:07,14.2,
20250425,14:59:07,14.1,
20250425,14:59:08,14,
20250425,14:59:08,14,
20250425,14:59:08,13.8,
20250425,14:59:09,13.8,
20250425,14:59:09,13.4,
20250425,14:59:09,13.2,
20250425,14:59:09,13.3,
20250425,14:59:10,13.8,
20250425,14:59:10,14.3,
20250425,14:59:10,14.7,
20250425,14:59:11,14.9,
20250425,14:59:11,14.8,
20250425,14:59:11,14.8,
20250425,14:59:11,14.8,
20250425,14:59:12,14.7,
20250425,14:59:12,15.1,
20250425,14:59:12,15.1,
20250425,14:59:12,15.1,
20250425,14:59:13,14.8,
20250425,14:59:13,14.5,
20250425,14:59:13,14.5,
20250425,14:59:14,14.5,
20250425,14:59:14,14.7,
20250425,14:59:14,14.6,
20250425,14:59:14,14.4,
20250425,14:59:15,14.2,
20250425,14:59:15,14,
20250425,14:59:15,14.3,
20250425,14:59:15,14.8,
20250425,14:59:16,15.4,
20250425,14:59:16,16,
20250425,14:59:16,16.7,
20250425,14:59:17,17.8,
20250425,14:59:17,18.7,
20250425,14:59:17,19.2,
20250425,14:59:17,19.2,
20250425,14:59:18,19,
20250425,14:59:18,18.9,
20250425,14:59:18,18.7,
20250425,14:59:18,18.5,
20250425,14:59:19,18.3,
20250425,14:59:19,18.1,
20250425,14:59:19,18.3,
20250425,14:59:20,18.6,
20250425,14:59:20,18.9,
20250425,14:59:20,18.9,
20250425,14:59:20,18.9,
20250425,14:59:21,18.9,
20250425,14:59:21,18.5,
20250425,14:59:21,18,
20250425,14:59:22,17.7,
20250425,14:59:22,17.4,
20250425,14:59:22,17.3,
20250425,14:59:22,17.2,
20250425,14:59:23,17.3,
20250425,14:59:23,17.2,
20250425,14:59:23,17.7,
20250425,14:59:23,18.3,
20250425,14:59:24,18.9,
20250425,14:59:24,19.2,
20250425,14:59:24,19.3,
20250425,14:59:25,19,
20250425,14:59:25,18.9,
20250425,14:59:25,19.1,
20250425,14:59:25,19.2,
20250425,14:59:26,19.4,
20250425,14:59:26,19.5,
20250425,14:59:26,19.8,
20250425,14:59:26,20.1,
20250425,14:59:27,20.2,
20250425,14:59:27,20.1,
20250425,14:59:27,19.8,
20250425,14:59:28,19.3,
20250425,14:59:28,18.9,
20250425,14:59:28,18.4,
20250425,14:59:28,18,
20250425,14:59:29,17.7,
20250425,14:59:29,17.4,
20250425,14:59:29,17.3,
20250425,14:59:30,17.3,
20250425,14:59:30,17.4,
20250425,14:59:30,17.7,
20250425,14:59:30,18.2,
20250425,14:59:31,18.8,
20250425,14:59:31,19,
20250425,14:59:31,19.3,
20250425,14:59:31,19.3,
20250425,14:59:32,19.1,
20250425,14:59:32,18.9,
20250425,14:59:32,18.5,
20250425,14:59:33,18,
20250425,14:59:33,17.4,
20250425,14:59:33,17.1,
20250425,14:59:33,16.8,
20250425,14:59:34,16.9,
20250425,14:59:34,17.2,
20250425,14:59:34,17.5,
20250425,14:59:34,18,
20250425,14:59:35,18.1,
20250425,14:59:35,18.1,
20250425,14:59:35,18,
20250425,14:59:36,17.5,
20250425,14:59:36,17.2,
20250425,14:59:36,17.6,
20250425,14:59:36,18.3,
20250425,14:59:37,18.9,
20250425,14:59:37,19.5,
20250425,14:59:37,20,
20250425,14:59:38,20,
20250425,14:59:38,19.8,
20250425,14:59:38,19.5,
20250425,14:59:38,19.3,
20250425,14:59:39,19.4,
20250425,14:59:39,19.7,
20250425,14:59:39,20,
20250425,14:59:39,20.2,
20250425,14:59:40,20.6,
20250425,14:59:40,20.8,
20250425,14:59:40,20.9,
20250425,14:59:41,21.1,
20250425,14:59:41,21.4,
20250425,14:59:41,21.4,
20250425,14:59:41,21.2,
20250425,14:59:42,20.8,
20250425,14:59:42,20.7,
20250425,14:59:42,20.8,
20250425,14:59:42,21.1,
20250425,14:59:43,21.5,
20250425,14:59:43,21.9,
20250425,14:59:43,22.3,
20250425,14:59:44,22.5,
20250425,14:59:44,22.4,
20250425,14:59:44,22.3,
20250425,14:59:44,22.2,
20250425,14:59:45,21.8,
20250425,14:59:45,21.4,
20250425,14:59:45,21,
20250425,14:59:46,20.8,
20250425,14:59:46,20.7,
20250425,14:59:46,20.6,
20250425,14:59:46,20.6,
20250425,14:59:47,20.6,
20250425,14:59:47,20.6,
20250425,14:59:47,20.4,
20250425,14:59:47,20.1,
20250425,14:59:48,19.8,
20250425,14:59:48,19.9,
20250425,14:59:48,20.1,
20250425,14:59:49,20.3,
20250425,14:59:49,20.7,
20250425,14:59:49,20.9,
20250425,14:59:49,20.9,
20250425,14:59:50,20.9,
20250425,14:59:50,20.7,
20250425,14:59:50,20.3,
20250425,14:59:50,19.9,
20250425,14:59:51,19.6,
20250425,14:59:51,19.5,
20250425,14:59:51,19.3,
20250425,14:59:52,19,
20250425,14:59:52,18.9,
20250425,14:59:52,19,
20250425,14:59:52,19.3,
20250425,14:59:53,19.5,
20250425,14:59:53,19.7,
20250425,14:59:53,19.5,
20250425,14:59:54,19.4,
20250425,14:59:54,19.2,
20250425,14:59:54,19.1,
20250425,14:59:54,18.9,
20250425,14:59:55,18.9,
20250425,14:59:55,18.9,
20250425,14:59:55,18.9,
20250425,14:59:55,18.8,
20250425,14:59:56,18.7,
20250425,14:59:56,18.6,
20250425,14:59:56,18.3,
20250425,14:59:57,18.1,
20250425,14:59:57,17.9,
20250425,14:59:57,17.6,
20250425,14:59:57,17.3,
20250425,14:59:58,17.1,
20250425,14:59:58,16.8,
20250425,14:59:58,16.5,
20250425,14:59:59,16.4,
20250425,14:59:59,16.1,
20250425,14:59:59,15.9,
20250425,14:59:59,15.6,
20250425,15:00:00,15.7,
20250425,15:00:00,16.5,
20250425,15:00:00,17.5,
20250425,15:00:00,18.4,
20250425,15:00:01,19,
20250425,15:00:01,19.3,
20250425,15:00:01,19.4,
20250425,15:00:02,19.4,
20250425,15:00:02,19,
20250425,15:00:02,18.6,
20250425,15:00:02,18.1,
20250425,15:00:03,17.6,
20250425,15:00:03,17.2,
20250425,15:00:03,16.8,
20250425,15:00:03,16.4,
20250425,15:00:04,16,
20250425,15:00:04,15.7,
20250425,15:00:04,15.5,
20250425,15:00:05,15,
20250425,15:00:05,14.7,
20250425,15:00:05,14.3,
20250425,15:00:05,14,
20250425,15:00:06,13.9,
20250425,15:00:06,13.8,
20250425,15:00:06,13.7,
20250425,15:00:07,13.1,
20250425,15:00:07,12.9,
20250425,15:00:07,12.9,
20250425,15:00:07,13.2,
20250425,15:00:08,13.8,
20250425,15:00:08,14.4,
20250425,15:00:08,14.8,
20250425,15:00:08,15.2,
20250425,15:00:09,15.4,
20250425,15:00:09,15.7,
20250425,15:00:09,16.4,
20250425,15:00:10,17.4,
20250425,15:00:10,18.1,
20250425,15:00:10,18.5,
20250425,15:00:10,18.4,
20250425,15:00:11,18.2,
20250425,15:00:11,18.1,
20250425,15:00:11,17.9,
20250425,15:00:11,17.4,
20250425,15:00:12,17,
20250425,15:00:12,17,
20250425,15:00:12,17,
20250425,15:00:13,17.2,
20250425,15:00:13,17.6,
20250425,15:00:13,17.9,
20250425,15:00:13,18.1,
20250425,15:00:14,18.2,
20250425,15:00:14,18.2,
20250425,15:00:14,18.1,
20250425,15:00:15,18,
20250425,15:00:15,17.9,
20250425,15:00:15,17.7,
20250425,15:00:15,17.6,
20250425,15:00:16,17.4,
20250425,15:00:16,17.2,
20250425,15:00:16,17.2,
20250425,15:00:16,17.2,
20250425,15:00:17,17.2,
20250425,15:00:17,17.4,
20250425,15:00:17,17.6,
20250425,15:00:18,17.7,
20250425,15:00:18,18.1,
20250425,15:00:18,17.9,
20250425,15:00:18,17.7,
20250425,15:00:19,17.5,
20250425,15:00:19,17.3,
20250425,15:00:19,17,
20250425,15:00:19,16.5,
20250425,15:00:20,16.4,
20250425,15:00:20,16.4,
20250425,15:00:20,16.6,
20250425,15:00:21,17,
20250425,15:00:21,17.8,
20250425,15:00:21,18.7,
20250425,15:00:21,19.6,
20250425,15:00:22,20.5,
20250425,15:00:22,21,
20250425,15:00:22,21.4,
20250425,15:00:23,21.4,
20250425,15:00:23,21,
20250425,15:00:23,20.4,
20250425,15:00:23,20,
20250425,15:00:24,19.8,
20250425,15:00:24,19.5,
20250425,15:00:24,19.3,
20250425,15:00:24,19.2,
20250425,15:00:25,18.9,
20250425,15:00:25,18.5,
20250425,15:00:25,18.1,
20250425,15:00:26,17.9,
20250425,15:00:26,17.7,
20250425,15:00:26,17.6,
20250425,15:00:26,17.5,
20250425,15:00:27,17.3,
20250425,15:00:27,17.1,
20250425,15:00:27,16.9,
20250425,15:00:27,16.6,
20250425,15:00:28,16.4,
20250425,15:00:28,16.6,
20250425,15:00:28,16.9,
20250425,15:00:29,17.2,
20250425,15:00:29,17.3,
20250425,15:00:29,17.5,
20250425,15:00:29,17.4,
20250425,15:00:30,17.2,
20250425,15:00:30,16.7,
20250425,15:00:30,16.6,
20250425,15:00:30,16.8,
20250425,15:00:31,17.2,
20250425,15:00:31,17.3,
20250425,15:00:31,17.3,
20250425,15:00:32,17.4,
20250425,15:00:32,17.5,
20250425,15:00:32,17.8,
20250425,15:00:32,18.1,
20250425,15:00:33,18.4,
20250425,15:00:33,18.8,
20250425,15:00:33,19.1,
20250425,15:00:34,19.3,
20250425,15:00:34,19.3,
20250425,15:00:34,19.3,
20250425,15:00:34,19,
20250425,15:00:35,18.9,
20250425,15:00:35,18.7,
20250425,15:00:35,18.2,
20250425,15:00:35,17.9,
20250425,15:00:36,17.4,
20250425,15:00:36,17,
20250425,15:00:36,16.6,
20250425,15:00:37,16.2,
20250425,15:00:37,16,
20250425,15:00:37,15.5,
20250425,15:00:37,14.9,
20250425,15:00:38,14.7,
20250425,15:00:38,14.6,
20250425,15:00:38,14.8,
20250425,15:00:38,15.3,
20250425,15:00:39,15.7,
20250425,15:00:39,16.1,
20250425,15:00:39,16.3,
20250425,15:00:40,16.4,
20250425,15:00:40,16.3,
20250425,15:00:40,16.1,
20250425,15:00:40,15.8,
20250425,15:00:41,15.5,
20250425,15:00:41,14.9,
20250425,15:00:41,14.4,
20250425,15:00:42,14.1,
20250425,15:00:42,13.9,
20250425,15:00:42,13.8,
20250425,15:00:42,13.8,
20250425,15:00:43,13.8,
20250425,15:00:43,13.6,
20250425,15:00:43,13.3,
20250425,15:00:43,13.1,
20250425,15:00:44,13.2,
20250425,15:00:44,13.6,
20250425,15:00:44,13.8,
20250425,15:00:45,14.3,
20250425,15:00:45,14.7,
20250425,15:00:45,14.9,
20250425,15:00:45,15.2,
20250425,15:00:46,15,
20250425,15:00:46,14.7,
20250425,15:00:46,14.5,
20250425,15:00:46,14.1,
20250425,15:00:47,14,
20250425,15:00:47,13.9,
20250425,15:00:47,13.5,
20250425,15:00:48,13.3,
20250425,15:00:48,13,
20250425,15:00:48,12.7,
20250425,15:00:48,12.4,
20250425,15:00:49,12.1,
20250425,15:00:49,11.9,
20250425,15:00:49,11.6,
20250425,15:00:50,11.3,
20250425,15:00:50,11.2,
20250425,15:00:50,11,
20250425,15:00:50,10.7,
20250425,15:00:51,10.5,
20250425,15:00:51,10.1,
20250425,15:00:51,10,
20250425,15:00:51,9.9,
20250425,15:00:52,9.8,
20250425,15:00:52,9.7,
20250425,15:00:52,9.5,
20250425,15:00:53,9.4,
20250425,15:00:53,9.4,
20250425,15:00:53,9.5,
20250425,15:00:53,9.5,
20250425,15:00:54,9.5,
20250425,15:00:54,9.8,
20250425,15:00:54,10,
20250425,15:00:54,10.6,
20250425,15:00:55,11.1,
20250425,15:00:55,11.4,
20250425,15:00:55,11.5,
20250425,15:00:56,11.2,
20250425,15:00:56,11.5,
20250425,15:00:56,12.8,
20250425,15:00:56,14.3,
20250425,15:00:57,15.6,
20250425,15:00:57,16.4,
20250425,15:00:57,17,
20250425,15:00:58,17.1,
20250425,15:00:58,17.2,
20250425,15:00:58,16.8,
20250425,15:00:58,16.4,
20250425,15:00:59,16,
20250425,15:00:59,15.5,
20250425,15:00:59,15,
20250425,15:00:59,14.7,
20250425,15:01:00,14.1,
20250425,15:01:00,13.6,
20250425,15:01:00,12.9,
20250425,15:01:01,12.6,
20250425,15:01:01,12.1,
20250425,15:01:01,12.1,
20250425,15:01:01,12.1,
20250425,15:01:02,12.1,
20250425,15:01:02,12.3,
20250425,15:01:02,12.5,
20250425,15:01:02,12.8,
20250425,15:01:03,12.8,
20250425,15:01:03,12.9,
20250425,15:01:03,12.6,
20250425,15:01:04,12.2,
20250425,15:01:04,11.6,
20250425,15:01:04,11.1,
20250425,15:01:04,10.7,
20250425,15:01:05,10.7,
20250425,15:01:05,10.9,
20250425,15:01:05,11,
20250425,15:01:06,11,
20250425,15:01:06,11.1,
20250425,15:01:06,11.7,
20250425,15:01:06,12.5,
20250425,15:01:07,13.2,
20250425,15:01:07,13.8,
20250425,15:01:07,14.7,
20250425,15:01:07,15.4,
20250425,15:01:08,15.5,
20250425,15:01:08,15.6,
20250425,15:01:08,15.5,
20250425,15:01:09,15.4,
20250425,15:01:09,15.6,
20250425,15:01:09,16.3,
20250425,15:01:09,17,
20250425,15:01:10,17.5,
20250425,15:01:10,17.8,
20250425,15:01:10,17.8,
20250425,15:01:11,17.6,
20250425,15:01:11,17.4,
20250425,15:01:11,16.8,
20250425,15:01:11,16.1,
20250425,15:01:12,15.5,
20250425,15:01:12,15.2,
20250425,15:01:12,15,
20250425,15:01:12,15.2,
20250425,15:01:13,15.5,
20250425,15:01:13,16,
20250425,15:01:13,16.3,
20250425,15:01:14,16.5,
20250425,15:01:14,17,
20250425,15:01:14,17.6,
20250425,15:01:14,18.1,
20250425,15:01:15,18.7,
20250425,15:01:15,18.9,
20250425,15:01:15,18.9,
20250425,15:01:15,18.6,
20250425,15:01:16,18.3,
20250425,15:01:16,18.2,
20250425,15:01:16,18.1,
20250425,15:01:17,18.1,
20250425,15:01:17,17.8,
20250425,15:01:17,17.8,
20250425,15:01:17,17.8,
20250425,15:01:18,18,
20250425,15:01:18,17.8,
20250425,15:01:18,17.6,
20250425,15:01:19,17.8,
20250425,15:01:19,18,
20250425,15:01:19,18.2,
20250425,15:01:19,18.5,
20250425,15:01:20,18.7,
20250425,15:01:20,18.9,
20250425,15:01:20,19.1,
20250425,15:01:20,19.7,
20250425,15:01:21,20.5,
20250425,15:01:21,21,
20250425,15:01:21,21.6,
20250425,15:01:22,21.8,
20250425,15:01:22,22.1,
20250425,15:01:22,22.1,
20250425,15:01:22,22.1,
20250425,15:01:23,22.1,
20250425,15:01:23,21.9,
20250425,15:01:23,21.7,
20250425,15:01:23,21.4,
20250425,15:01:24,20.7,
20250425,15:01:24,20.5,
20250425,15:01:24,19.9,
20250425,15:01:25,19.7,
20250425,15:01:25,19.2,
20250425,15:01:25,19.2,
20250425,15:01:25,19.2,
20250425,15:01:26,19.4,
20250425,15:01:26,19.5,
20250425,15:01:26,19.3,
20250425,15:01:27,19.3,
20250425,15:01:27,19.2,
20250425,15:01:27,19.2,
20250425,15:01:27,19.2,
20250425,15:01:28,19.3,
20250425,15:01:28,19.2,
20250425,15:01:28,18.9,
20250425,15:01:28,18.9,
20250425,15:01:29,19.3,
20250425,15:01:29,19.5,
20250425,15:01:29,20,
20250425,15:01:30,20.4,
20250425,15:01:30,20.6,
20250425,15:01:30,20.4,
20250425,15:01:30,20.2,
20250425,15:01:31,20,
20250425,15:01:31,19.9,
20250425,15:01:31,19.7,
20250425,15:01:31,19.8,
20250425,15:01:32,20.1,
20250425,15:01:32,20.9,
20250425,15:01:32,21.6,
20250425,15:01:33,22.1,
20250425,15:01:33,22.7,
20250425,15:01:33,22.9,
20250425,15:01:33,23,
20250425,15:01:34,23,
20250425,15:01:34,23.2,
20250425,15:01:34,23.6,
20250425,15:01:35,24,
20250425,15:01:35,24.2,
20250425,15:01:35,24.3,
20250425,15:01:35,24,
20250425,15:01:36,24,
20250425,15:01:36,23.7,
20250425,15:01:36,23.2,
20250425,15:01:36,22.7,
20250425,15:01:37,22.1,
20250425,15:01:37,21.6,
20250425,15:01:37,21.2,
20250425,15:01:38,20.9,
20250425,15:01:38,20.8,
20250425,15:01:38,21.4,
20250425,15:01:38,21.9,
20250425,15:01:39,22.3,
20250425,15:01:39,22.6,
20250425,15:01:39,22.7,
20250425,15:01:39,22.6,
20250425,15:01:40,22.5,
20250425,15:01:40,22.3,
20250425,15:01:40,22.3,
20250425,15:01:41,22.2,
20250425,15:01:41,22.1,
20250425,15:01:41,21.8,
20250425,15:01:41,21.6,
20250425,15:01:42,21.5,
20250425,15:01:42,21.3,
20250425,15:01:42,21.2,
20250425,15:01:43,20.8,
20250425,15:01:43,20.3,
20250425,15:01:43,20.2,
20250425,15:01:43,20,
20250425,15:01:44,20.1,
20250425,15:01:44,20.7,
20250425,15:01:44,21.3,
20250425,15:01:44,21.7,
20250425,15:01:45,22.2,
20250425,15:01:45,22.3,
20250425,15:01:45,22.3,
20250425,15:01:46,22.1,
20250425,15:01:46,21.9,
20250425,15:01:46,21.5,
20250425,15:01:46,21.2,
20250425,15:01:47,20.9,
20250425,15:01:47,20.6,
20250425,15:01:47,20.5,
20250425,15:01:47,20.3,
20250425,15:01:48,20.5,
20250425,15:01:48,21.1,
20250425,15:01:48,21.2,
20250425,15:01:49,21.3,
20250425,15:01:49,21.1,
20250425,15:01:49,20.9,
20250425,15:01:49,20.8,
20250425,15:01:50,20.6,
20250425,15:01:50,20.5,
20250425,15:01:50,20.2,
20250425,15:01:51,19.8,
20250425,15:01:51,19.3,
20250425,15:01:51,18.9,
20250425,15:01:51,18.8,
20250425,15:01:52,18.9,
20250425,15:01:52,18.8,
20250425,15:01:52,18.7,
20250425,15:01:52,18.9,
20250425,15:01:53,19.3,
20250425,15:01:53,20.1,
20250425,15:01:53,20.6,
20250425,15:01:54,20.9,
20250425,15:01:54,21.1,
20250425,15:01:54,21.2,
20250425,15:01:54,20.7,
20250425,15:01:55,20.6,
20250425,15:01:55,20.2,
20250425,15:01:55,19.8,
20250425,15:01:55,19.4,
20250425,15:01:56,19.3,
20250425,15:01:56,18.9,
20250425,15:01:56,18.8,
20250425,15:01:57,18.6,
20250425,15:01:57,18.3,
20250425,15:01:57,18,
20250425,15:01:57,17.8,
20250425,15:01:58,18,
20250425,15:01:58,18.3,
20250425,15:01:58,18.9,
20250425,15:01:58,19.5,
20250425,15:01:59,20,
20250425,15:01:59,20.2,
20250425,15:01:59,20.3,
20250425,15:02:00,20,
20250425,15:02:00,20.1,
20250425,15:02:00,19.9,
20250425,15:02:00,19.9,
20250425,15:02:01,19.8,
20250425,15:02:01,19.8,
20250425,15:02:01,19.7,
20250425,15:02:02,20,
20250425,15:02:02,20.6,
20250425,15:02:02,20.9,
20250425,15:02:02,21.2,
20250425,15:02:03,21.2,
20250425,15:02:03,21,
20250425,15:02:03,20.9,
20250425,15:02:03,20.5,
20250425,15:02:04,20,
20250425,15:02:04,19.8,
20250425,15:02:04,19.7,
20250425,15:02:05,19.6,
20250425,15:02:05,19.9,
20250425,15:02:05,20.4,
20250425,15:02:05,20.9,
20250425,15:02:06,21.3,
20250425,15:02:06,21.5,
20250425,15:02:06,21.5,
20250425,15:02:07,21.3,
20250425,15:02:07,21.1,
20250425,15:02:07,20.6,
20250425,15:02:07,20.1,
20250425,15:02:08,19.6,
20250425,15:02:08,19.5,
20250425,15:02:08,19.3,
20250425,15:02:08,19.3,
20250425,15:02:09,19.3,
20250425,15:02:09,19.7,
20250425,15:02:09,19.1,
20250425,15:02:10,19.1,
20250425,15:02:10,19,
20250425,15:02:10,18.9,
20250425,15:02:10,18.8,
20250425,15:02:11,18.9,
20250425,15:02:11,18.8,
20250425,15:02:11,18.7,
20250425,15:02:11,19,
20250425,15:02:12,19.7,
20250425,15:02:12,20.4,
20250425,15:02:12,20.7,
20250425,15:02:13,21,
20250425,15:02:13,21.1,
20250425,15:02:13,20.9,
20250425,15:02:13,20.6,
20250425,15:02:14,20.4,
20250425,15:02:14,20,
20250425,15:02:14,19.7,
20250425,15:02:15,19.5,
20250425,15:02:15,19.2,
20250425,15:02:15,19,
20250425,15:02:15,18.8,
20250425,15:02:16,18.8,
20250425,15:02:16,18.8,
20250425,15:02:16,19.2,
20250425,15:02:16,19.7,
20250425,15:02:17,19.9,
20250425,15:02:17,20.2,
20250425,15:02:17,20.2,
20250425,15:02:18,20,
20250425,15:02:18,19.8,
20250425,15:02:18,19.5,
20250425,15:02:18,19.4,
20250425,15:02:19,19.4,
20250425,15:02:19,19.1,
20250425,15:02:19,19,
20250425,15:02:20,18.9,
20250425,15:02:20,18.7,
20250425,15:02:20,18.5,
20250425,15:02:20,18.5,
20250425,15:02:21,18.4,
20250425,15:02:21,18.3,
20250425,15:02:21,18.5,
20250425,15:02:21,19.1,
20250425,15:02:22,19.8,
20250425,15:02:22,20.6,
20250425,15:02:22,20.9,
20250425,15:02:23,21,
20250425,15:02:23,20.8,
20250425,15:02:23,20.6,
20250425,15:02:23,20.6,
20250425,15:02:24,20.5,
20250425,15:02:24,20.4,
20250425,15:02:24,20.4,
20250425,15:02:24,20.3,
20250425,15:02:25,20.5,
20250425,15:02:25,20.6,
20250425,15:02:25,20.8,
20250425,15:02:26,20.9,
20250425,15:02:26,21,
20250425,15:02:26,20.8,
20250425,15:02:26,20.6,
20250425,15:02:27,20.6,
20250425,15:02:27,20.6,
20250425,15:02:27,20.9,
20250425,15:02:28,21.1,
20250425,15:02:28,21,
20250425,15:02:28,21,
20250425,15:02:28,20.6,
20250425,15:02:29,20.6,
20250425,15:02:29,20.3,
20250425,15:02:29,19.8,
20250425,15:02:29,19.5,
20250425,15:02:30,19,
20250425,15:02:30,19.1,
20250425,15:02:30,19.6,
20250425,15:02:31,20.2,
20250425,15:02:31,20.6,
20250425,15:02:31,20.7,
20250425,15:02:31,20.7,
20250425,15:02:32,20.7,
20250425,15:02:32,20.5,
20250425,15:02:32,20.3,
20250425,15:02:32,20.3,
20250425,15:02:33,20.1,
20250425,15:02:33,20.2,
20250425,15:02:33,20.3,
20250425,15:02:34,20.4,
20250425,15:02:34,20.5,
20250425,15:02:34,20.6,
20250425,15:02:34,20.7,
20250425,15:02:35,20.7,
20250425,15:02:35,20.4,
20250425,15:02:35,20,
20250425,15:02:35,19.9,
20250425,15:02:36,19.9,
20250425,15:02:36,20.5,
20250425,15:02:36,21.1,
20250425,15:02:37,21.5,
20250425,15:02:37,21.5,
20250425,15:02:37,21.7,
20250425,15:02:37,21.9,
20250425,15:02:38,22.1,
20250425,15:02:38,22.1,
20250425,15:02:38,22.2,
20250425,15:02:39,22,
20250425,15:02:39,21.9,
20250425,15:02:39,21.7,
20250425,15:02:39,21.5,
20250425,15:02:40,21.2,
20250425,15:02:40,21,
20250425,15:02:40,20.7,
20250425,15:02:40,20.5,
20250425,15:02:41,20.3,
20250425,15:02:41,20.5,
20250425,15:02:41,20.8,
20250425,15:02:42,21.6,
20250425,15:02:42,22.5,
20250425,15:02:42,23.1,
20250425,15:02:42,23.3,
20250425,15:02:43,23.4,
20250425,15:02:43,23.2,
20250425,15:02:43,23.1,
20250425,15:02:43,23.1,
20250425,15:02:44,23.3,
20250425,15:02:44,23.4,
20250425,15:02:44,23.3,
20250425,15:02:45,23.3,
20250425,15:02:45,23,
20250425,15:02:45,22.6,
20250425,15:02:45,22.2,
20250425,15:02:46,21.7,
20250425,15:02:46,21,
20250425,15:02:46,20.4,
20250425,15:02:47,20,
20250425,15:02:47,19.9,
20250425,15:02:47,19.9,
20250425,15:02:47,19.9,
20250425,15:02:48,19.9,
20250425,15:02:48,19.8,
20250425,15:02:48,19.8,
20250425,15:02:48,19.7,
20250425,15:02:49,19.5,
20250425,15:02:49,19.4,
20250425,15:02:49,19.8,
20250425,15:02:50,20.5,
20250425,15:02:50,21.1,
20250425,15:02:50,21.5,
20250425,15:02:50,21.6,
20250425,15:02:51,21.7,
20250425,15:02:51,21.5,
20250425,15:02:51,21.1,
20250425,15:02:51,20.6,
20250425,15:02:52,20.1,
20250425,15:02:52,19.8,
20250425,15:02:52,19.7,
20250425,15:02:53,19.6,
20250425,15:02:53,19.8,
20250425,15:02:53,20.5,
20250425,15:02:53,21.1,
20250425,15:02:54,21.5,
20250425,15:02:54,21.7,
20250425,15:02:54,21.6,
20250425,15:02:55,21.4,
20250425,15:02:55,21.2,
20250425,15:02:55,20.7,
20250425,15:02:55,20.6,
20250425,15:02:56,20.6,
20250425,15:02:56,20.6,
20250425,15:02:56,20.6,
20250425,15:02:56,20.5,
20250425,15:02:57,20.2,
20250425,15:02:57,20,
20250425,15:02:57,19.6,
20250425,15:02:58,19.4,
20250425,15:02:58,19.1,
20250425,15:02:58,19,
20250425,15:02:58,19.3,
20250425,15:02:59,19.3,
20250425,15:02:59,19.4,
20250425,15:02:59,19.4,
20250425,15:02:59,19.1,
20250425,15:03:00,18.8,
20250425,15:03:00,18.4,
20250425,15:03:00,18.2,
20250425,15:03:01,18.1,
20250425,15:03:01,18.1,
20250425,15:03:01,17.8,
20250425,15:03:01,17.4,
20250425,15:03:02,17.2,
20250425,15:03:02,17.1,
20250425,15:03:02,17.2,
20250425,15:03:03,17.2,
20250425,15:03:03,17.4,
20250425,15:03:03,17.4,
20250425,15:03:03,17.4,
20250425,15:03:04,17.4,
20250425,15:03:04,17.4,
20250425,15:03:04,17.3,
20250425,15:03:04,17.2,
20250425,15:03:05,17.2,
20250425,15:03:05,17.2,
20250425,15:03:05,17.2,
20250425,15:03:06,17.1,
20250425,15:03:06,16.8,
20250425,15:03:06,16.6,
20250425,15:03:06,16.8,
20250425,15:03:07,17.1,
20250425,15:03:07,17.7,
20250425,15:03:07,18.5,
20250425,15:03:07,19.5,
20250425,15:03:08,20.1,
20250425,15:03:08,20.6,
20250425,15:03:08,20.7,
20250425,15:03:09,20.6,
20250425,15:03:09,20.3,
20250425,15:03:09,19.8,
20250425,15:03:09,19.5,
20250425,15:03:10,19.5,
20250425,15:03:10,19.9,
20250425,15:03:10,20.6,
20250425,15:03:11,20.9,
20250425,15:03:11,21.1,
20250425,15:03:11,20.9,
20250425,15:03:11,20.6,
20250425,15:03:12,20.1,
20250425,15:03:12,19.8,
20250425,15:03:12,19.6,
20250425,15:03:12,19.4,
20250425,15:03:13,19.3,
20250425,15:03:13,19.1,
20250425,15:03:13,18.9,
20250425,15:03:14,18.9,
20250425,15:03:14,18.6,
20250425,15:03:14,18.4,
20250425,15:03:14,18.5,
20250425,15:03:15,18.9,
20250425,15:03:15,19.7,
20250425,15:03:15,20.1,
20250425,15:03:16,20.3,
20250425,15:03:16,20.4,
20250425,15:03:16,20.4,
20250425,15:03:16,20.6,
20250425,15:03:17,21.1,
20250425,15:03:17,21.5,
20250425,15:03:17,21.8,
20250425,15:03:17,21.5,
20250425,15:03:18,21.5,
20250425,15:03:18,21.1,
20250425,15:03:18,20.7,
20250425,15:03:19,20.2,
20250425,15:03:19,19.8,
20250425,15:03:19,19.6,
20250425,15:03:19,19.1,
20250425,15:03:20,19,
20250425,15:03:20,19,
20250425,15:03:20,19.1,
20250425,15:03:20,19.2,
20250425,15:03:21,19,
20250425,15:03:21,18.9,
20250425,15:03:21,18.9,
20250425,15:03:22,19.1,
20250425,15:03:22,19.6,
20250425,15:03:22,20,
20250425,15:03:22,20.4,
20250425,15:03:23,20.4,
20250425,15:03:23,20.3,
20250425,15:03:23,19.8,
20250425,15:03:24,19.6,
20250425,15:03:24,19.4,
20250425,15:03:24,19.7,
20250425,15:03:24,20.1,
20250425,15:03:25,20.1,
20250425,15:03:25,20.1,
20250425,15:03:25,19.8,
20250425,15:03:25,19.4,
20250425,15:03:26,19,
20250425,15:03:26,18.9,
20250425,15:03:26,18.7,
20250425,15:03:27,18.4,
20250425,15:03:27,18.3,
20250425,15:03:27,17.8,
20250425,15:03:27,17.5,
20250425,15:03:28,17.4,
20250425,15:03:28,17.7,
20250425,15:03:28,18.4,
20250425,15:03:28,19.2,
20250425,15:03:29,19.9,
20250425,15:03:29,20.4,
20250425,15:03:29,20.6,
20250425,15:03:30,20.6,
20250425,15:03:30,20.4,
20250425,15:03:30,20,
20250425,15:03:30,19.8,
20250425,15:03:31,19.9,
20250425,15:03:31,20.4,
20250425,15:03:31,20.6,
20250425,15:03:32,20.7,
20250425,15:03:32,20.6,
20250425,15:03:32,20.5,
20250425,15:03:32,20.2,
20250425,15:03:33,20,
20250425,15:03:33,20,
20250425,15:03:33,19.7,
20250425,15:03:33,19.4,
20250425,15:03:34,19.2,
20250425,15:03:34,19.1,
20250425,15:03:34,19.2,
20250425,15:03:35,19.8,
20250425,15:03:35,20.4,
20250425,15:03:35,20.9,
20250425,15:03:35,21.2,
20250425,15:03:36,21.4,
20250425,15:03:36,21.4,
20250425,15:03:36,21,
20250425,15:03:36,20.7,
20250425,15:03:37,20.6,
20250425,15:03:37,20.6,
20250425,15:03:37,20.7,
20250425,15:03:38,20.8,
20250425,15:03:38,20.9,
20250425,15:03:38,20.7,
20250425,15:03:38,20.6,
20250425,15:03:39,20.8,
20250425,15:03:39,21,
20250425,15:03:39,21.2,
20250425,15:03:40,21.3,
20250425,15:03:40,21.1,
20250425,15:03:40,20.9,
20250425,15:03:40,20.6,
20250425,15:03:41,20.3,
20250425,15:03:41,20.2,
20250425,15:03:41,20.6,
20250425,15:03:41,21.4,
20250425,15:03:42,22,
20250425,15:03:42,22.3,
20250425,15:03:42,22.3,
20250425,15:03:43,22,
20250425,15:03:43,21.6,
20250425,15:03:43,21.3,
20250425,15:03:43,20.9,
20250425,15:03:44,20.6,
20250425,15:03:44,20.3,
20250425,15:03:44,20.1,
20250425,15:03:44,19.8,
20250425,15:03:45,19.6,
20250425,15:03:45,19.3,
20250425,15:03:45,18.9,
20250425,15:03:46,18.8,
20250425,15:03:46,18.8,
20250425,15:03:46,18.8,
20250425,15:03:46,18.9,
20250425,15:03:47,19,
20250425,15:03:47,19.5,
20250425,15:03:47,20.3,
20250425,15:03:48,21.1,
20250425,15:03:48,21.7,
20250425,15:03:48,22.1,
20250425,15:03:48,22.1,
20250425,15:03:49,22.1,
20250425,15:03:49,22,
20250425,15:03:49,21.6,
20250425,15:03:49,21.2,
20250425,15:03:50,20.8,
20250425,15:03:50,20.8,
20250425,15:03:50,21.3,
20250425,15:03:51,21.8,
20250425,15:03:51,22.3,
20250425,15:03:51,22.4,
20250425,15:03:51,22.4,
20250425,15:03:52,22.2,
20250425,15:03:52,21.9,
20250425,15:03:52,21.5,
20250425,15:03:53,21,
20250425,15:03:53,20.4,
20250425,15:03:53,19.9,
20250425,15:03:53,19.6,
20250425,15:03:54,19.4,
20250425,15:03:54,19.6,
20250425,15:03:54,19.8,
20250425,15:03:54,20.1,
20250425,15:03:55,20.3,
20250425,15:03:55,20.2,
20250425,15:03:55,20.1,
20250425,15:03:55,20.1,
20250425,15:03:56,20.2,
20250425,15:03:56,20.4,
20250425,15:03:56,20.6,
20250425,15:03:57,20.5,
20250425,15:03:57,20.2,
20250425,15:03:57,19.8,
20250425,15:03:57,19.6,
20250425,15:03:58,19.2,
20250425,15:03:58,18.9,
20250425,15:03:58,18.4,
20250425,15:03:59,18.1,
20250425,15:03:59,18.1,
20250425,15:03:59,18.4,
20250425,15:03:59,18.9,
20250425,15:04:00,19.4,
20250425,15:04:00,19.8,
20250425,15:04:00,19.9,
20250425,15:04:00,19.9,
20250425,15:04:01,19.8,
20250425,15:04:01,19.6,
20250425,15:04:01,19.3,
20250425,15:04:02,19.1,
20250425,15:04:02,18.9,
20250425,15:04:02,18.7,
20250425,15:04:02,18.6,
20250425,15:04:03,18.5,
20250425,15:04:03,18.4,
20250425,15:04:03,18.1,
20250425,15:04:03,18,
20250425,15:04:04,17.8,
20250425,15:04:04,18,
20250425,15:04:04,18.1,
20250425,15:04:05,18.5,
20250425,15:04:05,18.9,
20250425,15:04:05,19.2,
20250425,15:04:05,19.3,
20250425,15:04:06,19.5,
20250425,15:04:06,19.5,
20250425,15:04:06,19.5,
20250425,15:04:07,19.3,
20250425,15:04:07,19.4,
20250425,15:04:07,19.3,
20250425,15:04:07,19.1,
20250425,15:04:08,18.9,
20250425,15:04:08,18.7,
20250425,15:04:08,18.3,
20250425,15:04:08,18,
20250425,15:04:09,18.1,
20250425,15:04:09,18.7,
20250425,15:04:09,19.6,
20250425,15:04:10,19.9,
20250425,15:04:10,19.8,
20250425,15:04:10,19.6,
20250425,15:04:10,19.5,
20250425,15:04:11,19.3,
20250425,15:04:11,19.2,
20250425,15:04:11,18.9,
20250425,15:04:11,18.7,
20250425,15:04:12,18.4,
20250425,15:04:12,18.1,
20250425,15:04:12,18.1,
20250425,15:04:13,18.1,
20250425,15:04:13,17.8,
20250425,15:04:13,17.8,
20250425,15:04:13,17.6,
20250425,15:04:14,17.4,
20250425,15:04:14,17.2,
20250425,15:04:14,16.9,
20250425,15:04:15,16.8,
20250425,15:04:15,16.8,
20250425,15:04:15,17.1,
20250425,15:04:15,17.2,
20250425,15:04:16,17.2,
20250425,15:04:16,17,
20250425,15:04:16,17,
20250425,15:04:16,17.2,
20250425,15:04:17,18,
20250425,15:04:17,18.8,
20250425,15:04:17,19.6,
20250425,15:04:18,19.8,
20250425,15:04:18,20.3,
20250425,15:04:18,20.1,
20250425,15:04:18,19.8,
20250425,15:04:19,19.6,
20250425,15:04:19,19.2,
20250425,15:04:19,18.9,
20250425,15:04:20,18.5,
20250425,15:04:20,18.1,
20250425,15:04:20,18,
20250425,15:04:20,17.8,
20250425,15:04:21,17.6,
20250425,15:04:21,17.6,
20250425,15:04:21,17.6,
20250425,15:04:21,18,
20250425,15:04:22,18.7,
20250425,15:04:22,19.1,
20250425,15:04:22,19.7,
20250425,15:04:23,19.8,
20250425,15:04:23,20,
20250425,15:04:23,20.4,
20250425,15:04:23,20.7,
20250425,15:04:24,20.9,
20250425,15:04:24,20.7,
20250425,15:04:24,20.8,
20250425,15:04:24,20,
20250425,15:04:25,19.6,
20250425,15:04:25,19.2,
20250425,15:04:25,18.7,
20250425,15:04:26,18.9,
20250425,15:04:26,19.8,
20250425,15:04:26,20.4,
20250425,15:04:26,20.6,
20250425,15:04:27,18.1,
20250425,15:04:27,17.1,
20250425,15:04:27,15.9,
20250425,15:04:28,15.5,
20250425,15:04:28,14.9,
20250425,15:04:28,14.6,
20250425,15:04:28,13.9,
20250425,15:04:29,13.6,
20250425,15:04:29,13.2,
20250425,15:04:29,12.6,
20250425,15:04:29,12.2,
20250425,15:04:30,12.1,
20250425,15:04:30,12,
20250425,15:04:30,12,
20250425,15:04:31,11.7,
20250425,15:04:31,11.6,
20250425,15:04:31,11.5,
20250425,15:04:31,11.5,
20250425,15:04:32,11.6,
20250425,15:04:32,11.8,
20250425,15:04:32,11.7,
20250425,15:04:32,11.6,
20250425,15:04:33,11.5,
20250425,15:04:33,11.9,
20250425,15:04:33,12.9,
20250425,15:04:34,14.4,
20250425,15:04:34,15.9,
20250425,15:04:34,16.9,
20250425,15:04:34,17.2,
20250425,15:04:35,17.5,
20250425,15:04:35,17.8,
20250425,15:04:35,17.9,
20250425,15:04:36,17.7,
20250425,15:04:36,17.7,
20250425,15:04:36,17.4,
20250425,15:04:36,17.4,
20250425,15:04:37,17.2,
20250425,15:04:37,17,
20250425,15:04:37,16.9,
20250425,15:04:37,16.6,
20250425,15:04:38,16.4,
20250425,15:04:38,16.3,
20250425,15:04:38,16.5,
20250425,15:04:39,17.1,
20250425,15:04:39,18,
20250425,15:04:39,18.7,
20250425,15:04:39,19.4,
20250425,15:04:40,19.6,
20250425,15:04:40,19.7,
20250425,15:04:40,19.4,
20250425,15:04:40,19.3,
20250425,15:04:41,19.1,
20250425,15:04:41,18.9,
20250425,15:04:41,18.7,
20250425,15:04:42,18.3,
20250425,15:04:42,18.2,
20250425,15:04:42,18.1,
20250425,15:04:42,18.1,
20250425,15:04:43,17.9,
20250425,15:04:43,17.7,
20250425,15:04:43,17.3,
20250425,15:04:44,17,
20250425,15:04:44,16.5,
20250425,15:04:44,16.4,
20250425,15:04:44,16.5,
20250425,15:04:45,16.7,
20250425,15:04:45,17.2,
20250425,15:04:45,17.4,
20250425,15:04:45,17.5,
20250425,15:04:46,17.7,
20250425,15:04:46,17.8,
20250425,15:04:46,17.6,
20250425,15:04:47,17.6,
20250425,15:04:47,17.1,
20250425,15:04:47,16.8,
20250425,15:04:47,16.5,
20250425,15:04:48,16.3,
20250425,15:04:48,16,
20250425,15:04:48,15.6,
20250425,15:04:48,15.1,
20250425,15:04:49,14.7,
20250425,15:04:49,14.8,
20250425,15:04:49,15.2,
20250425,15:04:50,15.5,
20250425,15:04:50,15.6,
20250425,15:04:50,15.9,
20250425,15:04:50,16.7,
20250425,15:04:51,17.8,
20250425,15:04:51,18.9,
20250425,15:04:51,19.6,
20250425,15:04:52,20.2,
20250425,15:04:52,20.2,
20250425,15:04:52,20.1,
20250425,15:04:52,19.9,
20250425,15:04:53,19.6,
20250425,15:04:53,19.1,
20250425,15:04:53,18.9,
20250425,15:04:53,18.5,
20250425,15:04:54,18.2,
20250425,15:04:54,17.8,
20250425,15:04:54,17.5,
20250425,15:04:55,17.6,
20250425,15:04:55,17.5,
20250425,15:04:55,17.6,
20250425,15:04:55,17.7,
20250425,15:04:56,16.5,
20250425,15:04:56,16.7,
20250425,15:04:56,17.1,
20250425,15:04:56,17.2,
20250425,15:04:57,17.8,
20250425,15:04:57,18.1,
20250425,15:04:57,18.4,
20250425,15:04:58,18.4,
20250425,15:04:58,18.2,
20250425,15:04:58,18.1,
20250425,15:04:58,17.9,
20250425,15:04:59,17.7,
20250425,15:04:59,17.3,
20250425,15:04:59,17.1,
20250425,15:05:00,16.9,
20250425,15:05:00,16.5,
20250425,15:05:00,16.3,
20250425,15:05:00,16,
20250425,15:05:01,15.7,
20250425,15:05:01,15.7,
20250425,15:05:01,16.1,
20250425,15:05:01,16.8,
20250425,15:05:02,17.6,
20250425,15:05:02,18.4,
20250425,15:05:02,19,
20250425,15:05:03,19.5,
20250425,15:05:03,19.6,
20250425,15:05:03,19.5,
20250425,15:05:03,19.3,
20250425,15:05:04,19,
20250425,15:05:04,18.8,
20250425,15:05:04,18.3,
20250425,15:05:04,17.9,
20250425,15:05:05,17.4,
20250425,15:05:05,17.1,
20250425,15:05:05,16.7,
20250425,15:05:06,16.4,
20250425,15:05:06,16,
20250425,15:05:06,15.7,
20250425,15:05:06,15.5,
20250425,15:05:07,15.2,
20250425,15:05:07,15.2,
20250425,15:05:07,15.6,
20250425,15:05:07,16.4,
20250425,15:05:08,17.3,
20250425,15:05:08,17.8,
20250425,15:05:08,18,
20250425,15:05:09,18,
20250425,15:05:09,18,
20250425,15:05:09,18,
20250425,15:05:09,17.8,
20250425,15:05:10,17.4,
20250425,15:05:10,17.1,
20250425,15:05:10,16.8,
20250425,15:05:11,16.6,
20250425,15:05:11,16.4,
20250425,15:05:11,16.2,
20250425,15:05:11,15.9,
20250425,15:05:12,15.6,
20250425,15:05:12,16,
20250425,15:05:12,16.8,
20250425,15:05:12,17.5,
20250425,15:05:13,18.1,
20250425,15:05:13,18.2,
20250425,15:05:13,18.2,
20250425,15:05:14,17.9,
20250425,15:05:14,17.5,
20250425,15:05:14,16.9,
20250425,15:05:14,15.9,
20250425,15:05:15,15.9,
20250425,15:05:15,15.7,
20250425,15:05:15,15.4,
20250425,15:05:15,15.1,
20250425,15:05:16,15.1,
20250425,15:05:16,15.3,
20250425,15:05:16,15.6,
20250425,15:05:17,16,
20250425,15:05:17,16.2,
20250425,15:05:17,16.3,
20250425,15:05:17,16.2,
20250425,15:05:18,15.9,
20250425,15:05:18,15.7,
20250425,15:05:18,15.3,
20250425,15:05:19,15.1,
20250425,15:05:19,15.1,
20250425,15:05:19,15.3,
20250425,15:05:19,15.6,
20250425,15:05:20,16,
20250425,15:05:20,16.4,
20250425,15:05:20,16.8,
20250425,15:05:20,17.1,
20250425,15:05:21,17.2,
20250425,15:05:21,17.2,
20250425,15:05:21,17.2,
20250425,15:05:22,17,
20250425,15:05:22,16.8,
20250425,15:05:22,16.8,
20250425,15:05:22,16.7,
20250425,15:05:23,16.6,
20250425,15:05:23,16.5,
20250425,15:05:23,16.4,
20250425,15:05:24,16.3,
20250425,15:05:24,16,
20250425,15:05:24,15.6,
20250425,15:05:24,15.3,
20250425,15:05:25,15.1,
20250425,15:05:25,14.9,
20250425,15:05:25,14.8,
20250425,15:05:25,14.7,
20250425,15:05:26,14.6,
20250425,15:05:26,14.4,
20250425,15:05:26,14.2,
20250425,15:05:27,14.1,
20250425,15:05:27,13.8,
20250425,15:05:27,13.6,
20250425,15:05:27,13.3,
20250425,15:05:28,13.1,
20250425,15:05:28,13.2,
20250425,15:05:28,13.3,
20250425,15:05:28,13.5,
20250425,15:05:29,13.8,
20250425,15:05:29,14,
20250425,15:05:29,14.1,
20250425,15:05:30,14.2,
20250425,15:05:30,14.3,
20250425,15:05:30,14.5,
20250425,15:05:30,15.2,
20250425,15:05:31,16.2,
20250425,15:05:31,17.1,
20250425,15:05:31,17.7,
20250425,15:05:32,18,
20250425,15:05:32,18.1,
20250425,15:05:32,17.6,
20250425,15:05:32,17.3,
20250425,15:05:33,16.4,
20250425,15:05:33,16.6,
20250425,15:05:33,15.8,
20250425,15:05:33,15,
20250425,15:05:34,15.6,
20250425,15:05:34,16.4,
20250425,15:05:34,17.2,
20250425,15:05:35,18.1,
20250425,15:05:35,18.5,
20250425,15:05:35,18.5,
20250425,15:05:35,18.4,
20250425,15:05:36,18.1,
20250425,15:05:36,17.5,
20250425,15:05:36,17.1,
20250425,15:05:37,16.4,
20250425,15:05:37,15.9,
20250425,15:05:37,15.4,
20250425,15:05:37,15,
20250425,15:05:38,14.7,
20250425,15:05:38,14.5,
20250425,15:05:38,14.1,
20250425,15:05:38,13.6,
20250425,15:05:39,13.3,
20250425,15:05:39,13.8,
20250425,15:05:39,14.8,
20250425,15:05:40,16,
20250425,15:05:40,16.6,
20250425,15:05:40,17.1,
20250425,15:05:40,17.4,
20250425,15:05:41,17.5,
20250425,15:05:41,17.4,
20250425,15:05:41,17.2,
20250425,15:05:41,17,
20250425,15:05:42,16.8,
20250425,15:05:42,16.5,
20250425,15:05:42,16.3,
20250425,15:05:43,16.1,
20250425,15:05:43,15.6,
20250425,15:05:43,15.3,
20250425,15:05:43,14.9,
20250425,15:05:44,14.7,
20250425,15:05:44,14.3,
20250425,15:05:44,13.9,
20250425,15:05:44,13.4,
20250425,15:05:45,13.1,
20250425,15:05:45,12.9,
20250425,15:05:45,12.8,
20250425,15:05:46,12.7,
20250425,15:05:46,12.7,
20250425,15:05:46,12.9,
20250425,15:05:46,13,
20250425,15:05:47,13.4,
20250425,15:05:47,13.7,
20250425,15:05:47,13.8,
20250425,15:05:48,13.8,
20250425,15:05:48,13.8,
20250425,15:05:48,13.7,
20250425,15:05:48,13.5,
20250425,15:05:49,13.2,
20250425,15:05:49,12.9,
20250425,15:05:49,12.5,
20250425,15:05:49,12.4,
20250425,15:05:50,12.5,
20250425,15:05:50,12.7,
20250425,15:05:50,12.7,
20250425,15:05:51,12.8,
20250425,15:05:51,12.8,
20250425,15:05:51,12.8,
20250425,15:05:51,12.6,
20250425,15:05:52,12.5,
20250425,15:05:52,12.4,
20250425,15:05:52,12.4,
20250425,15:05:52,12.5,
20250425,15:05:53,12.5,
20250425,15:05:53,12.4,
20250425,15:05:53,12.2,
20250425,15:05:54,11.9,
20250425,15:05:54,11.6,
20250425,15:05:54,11.2,
20250425,15:05:54,11.2,
20250425,15:05:55,12,
20250425,15:05:55,12.9,
20250425,15:05:55,14,
20250425,15:05:56,14.9,
20250425,15:05:56,15.5,
20250425,15:05:56,15.7,
20250425,15:05:56,15.7,
20250425,15:05:57,15.5,
20250425,15:05:57,14.9,
20250425,15:05:57,14.5,
20250425,15:05:57,14.1,
20250425,15:05:58,13.8,
20250425,15:05:58,13.5,
20250425,15:05:58,13.3,
20250425,15:05:59,13,
20250425,15:05:59,12.7,
20250425,15:05:59,12.3,
20250425,15:05:59,12.1,
20250425,15:06:00,12,
20250425,15:06:00,11.8,
20250425,15:06:00,11.7,
20250425,15:06:00,11.4,
20250425,15:06:01,11.2,
20250425,15:06:01,11.2,
20250425,15:06:01,11.3,
20250425,15:06:02,11.3,
20250425,15:06:02,11.2,
20250425,15:06:02,11.3,
20250425,15:06:02,11.9,
20250425,15:06:03,12.9,
20250425,15:06:03,13.6,
20250425,15:06:03,13.9,
20250425,15:06:04,13.9,
20250425,15:06:04,13.9,
20250425,15:06:04,14,
20250425,15:06:04,14.2,
20250425,15:06:05,14.9,
20250425,15:06:05,15.9,
20250425,15:06:05,16.5,
20250425,15:06:05,16.9,
20250425,15:06:06,17.1,
20250425,15:06:06,17.2,
20250425,15:06:06,17,
20250425,15:06:07,16.7,
20250425,15:06:07,16.3,
20250425,15:06:07,15.8,
20250425,15:06:07,15.5,
20250425,15:06:08,14.9,
20250425,15:06:08,14.3,
20250425,15:06:08,13.8,
20250425,15:06:08,13.7,
20250425,15:06:09,13.3,
20250425,15:06:09,13.1,
20250425,15:06:09,12.9,
20250425,15:06:10,12.9,
20250425,15:06:10,12.7,
20250425,15:06:10,12.5,
20250425,15:06:10,12.2,
20250425,15:06:11,12,
20250425,15:06:11,11.8,
20250425,15:06:11,11.8,
20250425,15:06:12,12.1,
20250425,15:06:12,12.7,
20250425,15:06:12,13.3,
20250425,15:06:12,13.9,
20250425,15:06:13,14.2,
20250425,15:06:13,14.4,
20250425,15:06:13,14.5,
20250425,15:06:13,14.2,
20250425,15:06:14,14.2,
20250425,15:06:14,14.7,
20250425,15:06:14,15.5,
20250425,15:06:15,16.4,
20250425,15:06:15,16.9,
20250425,15:06:15,17.1,
20250425,15:06:15,17,
20250425,15:06:16,17.2,
20250425,15:06:16,17.2,
20250425,15:06:16,17.1,
20250425,15:06:16,16.6,
20250425,15:06:17,16.4,
20250425,15:06:17,16.2,
20250425,15:06:17,16.1,
20250425,15:06:18,16.5,
20250425,15:06:18,17.2,
20250425,15:06:18,17.6,
20250425,15:06:18,17.6,
20250425,15:06:19,17.7,
20250425,15:06:19,18.9,
20250425,15:06:19,19.1,
20250425,15:06:20,19.3,
20250425,15:06:20,19.4,
20250425,15:06:20,19.3,
20250425,15:06:20,19.4,
20250425,15:06:21,18.9,
20250425,15:06:21,18.8,
20250425,15:06:21,18.7,
20250425,15:06:21,18.5,
20250425,15:06:22,18.4,
20250425,15:06:22,18.6,
20250425,15:06:22,18.9,
20250425,15:06:23,19.2,
20250425,15:06:23,19.4,
20250425,15:06:23,19.2,
20250425,15:06:23,19.1,
20250425,15:06:24,18.9,
20250425,15:06:24,18.5,
20250425,15:06:24,18.2,
20250425,15:06:24,18.1,
20250425,15:06:25,18.2,
20250425,15:06:25,18.4,
20250425,15:06:25,18.7,
20250425,15:06:26,18.7,
20250425,15:06:26,18.2,
20250425,15:06:26,17.9,
20250425,15:06:26,17.9,
20250425,15:06:27,18.6,
20250425,15:06:27,20,
20250425,15:06:27,20.9,
20250425,15:06:28,20.2,
20250425,15:06:28,19.4,
20250425,15:06:28,19,
20250425,15:06:28,18.6,
20250425,15:06:29,17.7,
20250425,15:06:29,16.9,
20250425,15:06:29,16.9,
20250425,15:06:29,17,
20250425,15:06:30,16.4,
20250425,15:06:30,16.1,
20250425,15:06:30,16,
20250425,15:06:31,16.1,
20250425,15:06:31,16.3,
20250425,15:06:31,16.4,
20250425,15:06:31,16.7,
20250425,15:06:32,16.7,
20250425,15:06:32,17.2,
20250425,15:06:32,17.3,
20250425,15:06:32,17.3,
20250425,15:06:33,16.9,
20250425,15:06:33,17,
20250425,15:06:33,16.6,
20250425,15:06:34,16.4,
20250425,15:06:34,16.2,
20250425,15:06:34,15.8,
20250425,15:06:34,15.1,
20250425,15:06:35,13.8,
20250425,15:06:35,13,
20250425,15:06:35,12.9,
20250425,15:06:36,12.6,
20250425,15:06:36,12.4,
20250425,15:06:36,12.2,
20250425,15:06:36,11.9,
20250425,15:06:37,11.5,
20250425,15:06:37,11.3,
20250425,15:06:37,11.2,
20250425,15:06:37,11.1,
20250425,15:06:38,10.9,
20250425,15:06:38,10.8,
20250425,15:06:38,11.1,
20250425,15:06:39,11.9,
20250425,15:06:39,12.6,
20250425,15:06:39,13.4,
20250425,15:06:39,13.8,
20250425,15:06:40,14,
20250425,15:06:40,14,
20250425,15:06:40,13.9,
20250425,15:06:41,13.8,
20250425,15:06:41,13.8,
20250425,15:06:41,13.5,
20250425,15:06:41,13.3,
20250425,15:06:42,12.9,
20250425,15:06:42,12.9,
