静息,正性,中性,负性
11:13:57,11:15:38,11:17:01,11:22:21
,,,
CTP266,88:4A:EA:8B:D1:E6,,
,,,
,,,
,,,
,,,
,,,
,,,
20250428,11:09:47,-49.4,
20250428,11:09:47,-49.8,
20250428,11:09:47,-49.9,
20250428,11:09:47,-49.9,
20250428,11:09:48,-50,
20250428,11:09:48,-50.2,
20250428,11:09:48,-49.4,
20250428,11:09:48,-50.1,
20250428,11:09:49,-50.2,
20250428,11:09:49,-50.2,
20250428,11:09:49,-50.3,
20250428,11:09:49,-50.3,
20250428,11:09:50,-50.2,
20250428,11:09:50,-50.2,
20250428,11:09:50,-50.1,
20250428,11:09:51,-50,
20250428,11:09:51,-50,
20250428,11:09:51,-50,
20250428,11:09:51,-49.9,
20250428,11:09:52,-49.9,
20250428,11:09:52,-49.8,
20250428,11:09:52,-49.7,
20250428,11:09:53,-49.7,
20250428,11:09:53,-49.5,
20250428,11:09:53,-49.5,
20250428,11:09:53,-49.4,
20250428,11:09:54,-49.4,
20250428,11:09:54,-49.3,
20250428,11:09:54,-49.1,
20250428,11:09:54,-49,
20250428,11:09:55,-49,
20250428,11:09:55,-48.8,
20250428,11:09:55,-48.8,
20250428,11:09:56,-48.6,
20250428,11:09:56,-48.5,
20250428,11:09:56,-48.3,
20250428,11:09:56,-48.3,
20250428,11:09:57,-48.3,
20250428,11:09:57,-48.2,
20250428,11:09:57,-48,
20250428,11:09:57,-47.9,
20250428,11:09:58,-47.8,
20250428,11:09:58,-47.7,
20250428,11:09:58,-47.5,
20250428,11:09:59,-47.3,
20250428,11:09:59,-47.3,
20250428,11:09:59,-47.1,
20250428,11:09:59,-46.9,
20250428,11:10:00,-46.8,
20250428,11:10:00,-46.8,
20250428,11:10:00,-46.8,
20250428,11:10:01,-46.6,
20250428,11:10:01,-46.5,
20250428,11:10:01,-46.3,
20250428,11:10:01,-46.2,
20250428,11:10:02,-46.1,
20250428,11:10:02,-46,
20250428,11:10:02,-45.9,
20250428,11:10:03,-45.9,
20250428,11:10:03,-45.6,
20250428,11:10:03,-45.2,
20250428,11:10:03,-45.2,
20250428,11:10:04,-45.1,
20250428,11:10:04,-45.1,
20250428,11:10:04,-45,
20250428,11:10:04,-44.9,
20250428,11:10:05,-44.9,
20250428,11:10:05,-44.8,
20250428,11:10:05,-45,
20250428,11:10:06,-44.7,
20250428,11:10:06,-44.4,
20250428,11:10:06,-44,
20250428,11:10:06,-44,
20250428,11:10:07,-43.9,
20250428,11:10:07,-43.8,
20250428,11:10:07,-43.7,
20250428,11:10:07,-43.7,
20250428,11:10:08,-43.7,
20250428,11:10:08,-43.7,
20250428,11:10:08,-43.8,
20250428,11:10:09,-43.8,
20250428,11:10:09,-43.9,
20250428,11:10:09,-43.9,
20250428,11:10:09,-43.9,
20250428,11:10:10,-44,
20250428,11:10:10,-44.1,
20250428,11:10:10,-44.2,
20250428,11:10:11,-44.2,
20250428,11:10:11,-44.3,
20250428,11:10:11,-44.3,
20250428,11:10:11,-44.3,
20250428,11:10:12,-44.4,
20250428,11:10:12,-44.5,
20250428,11:10:12,-44.4,
20250428,11:10:13,-44.4,
20250428,11:10:13,-44.4,
20250428,11:10:13,-44.7,
20250428,11:10:13,-45.1,
20250428,11:10:14,-45.1,
20250428,11:10:14,-44.9,
20250428,11:10:14,-44.8,
20250428,11:10:14,-44.5,
20250428,11:10:15,-44.3,
20250428,11:10:15,-44.3,
20250428,11:10:15,-44.3,
20250428,11:10:16,-44.2,
20250428,11:10:16,-43.8,
20250428,11:10:16,-43.9,
20250428,11:10:16,-43.8,
20250428,11:10:17,-43.7,
20250428,11:10:17,-43.6,
20250428,11:10:17,-43.7,
20250428,11:10:17,-43.7,
20250428,11:10:18,-43.5,
20250428,11:10:18,-43.4,
20250428,11:10:18,-43.2,
20250428,11:10:19,-43.2,
20250428,11:10:19,-43,
20250428,11:10:19,-43.2,
20250428,11:10:19,-43.3,
20250428,11:10:20,-43.1,
20250428,11:10:20,-42.9,
20250428,11:10:20,-42.9,
20250428,11:10:21,-42.7,
20250428,11:10:21,-42.7,
20250428,11:10:21,-42.6,
20250428,11:10:21,-42.7,
20250428,11:10:22,-42.7,
20250428,11:10:22,-42.6,
20250428,11:10:22,-42.6,
20250428,11:10:23,-42.6,
20250428,11:10:23,-42.6,
20250428,11:10:23,-42.5,
20250428,11:10:23,-42.3,
20250428,11:10:24,-42.3,
20250428,11:10:24,-42.8,
20250428,11:10:24,-42.6,
20250428,11:10:24,-42.2,
20250428,11:10:25,-42.1,
20250428,11:10:25,-41.8,
20250428,11:10:25,-41.7,
20250428,11:10:25,-41.8,
20250428,11:10:26,-41.7,
20250428,11:10:26,-41.7,
20250428,11:10:26,-41.8,
20250428,11:10:27,-41.9,
20250428,11:10:27,-41.8,
20250428,11:10:27,-42.2,
20250428,11:10:27,-42,
20250428,11:10:28,-41.1,
20250428,11:10:28,-40.9,
20250428,11:10:28,-40.4,
20250428,11:10:29,-40.5,
20250428,11:10:29,-40.4,
20250428,11:10:29,-40.4,
20250428,11:10:29,-40.4,
20250428,11:10:30,-40.4,
20250428,11:10:30,-40.2,
20250428,11:10:30,-40.2,
20250428,11:10:30,-40,
20250428,11:10:31,-39.6,
20250428,11:10:31,-39.5,
20250428,11:10:31,-39.6,
20250428,11:10:32,-39.7,
20250428,11:10:32,-39.7,
20250428,11:10:32,-39.7,
20250428,11:10:32,-40.4,
20250428,11:10:33,-40.9,
20250428,11:10:33,-41,
20250428,11:10:33,-40.9,
20250428,11:10:34,-40.7,
20250428,11:10:34,-40.4,
20250428,11:10:34,-40,
20250428,11:10:34,-39.5,
20250428,11:10:35,-39.3,
20250428,11:10:35,-39.2,
20250428,11:10:35,-39.2,
20250428,11:10:35,-39.2,
20250428,11:10:36,-39.4,
20250428,11:10:36,-39.4,
20250428,11:10:36,-39.4,
20250428,11:10:37,-39.4,
20250428,11:10:37,-39.3,
20250428,11:10:37,-39.3,
20250428,11:10:37,-39.1,
20250428,11:10:38,-39,
20250428,11:10:38,-39,
20250428,11:10:38,-38.7,
20250428,11:10:38,-38.7,
20250428,11:10:39,-38.7,
20250428,11:10:39,-38.5,
20250428,11:10:39,-38.6,
20250428,11:10:40,-38.4,
20250428,11:10:40,-38.3,
20250428,11:10:40,-38.5,
20250428,11:10:40,-38.5,
20250428,11:10:41,-38.3,
20250428,11:10:41,-38.3,
20250428,11:10:41,-38.3,
20250428,11:10:42,-38.1,
20250428,11:10:42,-38.3,
20250428,11:10:42,-38.4,
20250428,11:10:42,-38.3,
20250428,11:10:43,-38.3,
20250428,11:10:43,-38.3,
20250428,11:10:43,-38.1,
20250428,11:10:44,-38.1,
20250428,11:10:44,-38.2,
20250428,11:10:44,-38.3,
20250428,11:10:44,-38.3,
20250428,11:10:45,-38.3,
20250428,11:10:45,-38.3,
20250428,11:10:45,-38.1,
20250428,11:10:45,-37.8,
20250428,11:10:46,-38,
20250428,11:10:46,-38,
20250428,11:10:46,-38,
20250428,11:10:47,-38.1,
20250428,11:10:47,-38.3,
20250428,11:10:47,-38.3,
20250428,11:10:47,-38.2,
20250428,11:10:48,-38.3,
20250428,11:10:48,-38.2,
20250428,11:10:48,-38.3,
20250428,11:10:48,-38.1,
20250428,11:10:49,-38.1,
20250428,11:10:49,-38.1,
20250428,11:10:49,-38.1,
20250428,11:10:50,-37.9,
20250428,11:10:50,-38,
20250428,11:10:50,-37.9,
20250428,11:10:50,-38.1,
20250428,11:10:51,-37.9,
20250428,11:10:51,-37.7,
20250428,11:10:51,-37.7,
20250428,11:10:52,-37.6,
20250428,11:10:52,-37.7,
20250428,11:10:52,-37.6,
20250428,11:10:52,-37.5,
20250428,11:10:53,-37.4,
20250428,11:10:53,-37.4,
20250428,11:10:53,-37.4,
20250428,11:10:53,-37.4,
20250428,11:10:54,-37.2,
20250428,11:10:54,-37.1,
20250428,11:10:54,-37.1,
20250428,11:10:55,-36.9,
20250428,11:10:55,-36.7,
20250428,11:10:55,-36.6,
20250428,11:10:55,-36.6,
20250428,11:10:56,-36.5,
20250428,11:10:56,-36.3,
20250428,11:10:56,-36.2,
20250428,11:10:57,-36.1,
20250428,11:10:57,-36.3,
20250428,11:10:57,-36,
20250428,11:10:57,-35.9,
20250428,11:10:58,-36,
20250428,11:10:58,-35.8,
20250428,11:10:58,-35.7,
20250428,11:10:58,-35.6,
20250428,11:10:59,-35.5,
20250428,11:10:59,-35.4,
20250428,11:10:59,-35.3,
20250428,11:11:00,-35.3,
20250428,11:11:00,-35.2,
20250428,11:11:00,-35.2,
20250428,11:11:00,-35.1,
20250428,11:11:01,-35.1,
20250428,11:11:01,-35.2,
20250428,11:11:01,-35.2,
20250428,11:11:02,-35.3,
20250428,11:11:02,-35.6,
20250428,11:11:02,-35.3,
20250428,11:11:02,-34.9,
20250428,11:11:03,-35.5,
20250428,11:11:03,-37.6,
20250428,11:11:03,-36.9,
20250428,11:11:03,-37.2,
20250428,11:11:04,-37.2,
20250428,11:11:04,-37.1,
20250428,11:11:04,-36.9,
20250428,11:11:05,-36.5,
20250428,11:11:05,-36.2,
20250428,11:11:05,-36.1,
20250428,11:11:05,-36,
20250428,11:11:06,-36.2,
20250428,11:11:06,-36.2,
20250428,11:11:06,-36.3,
20250428,11:11:06,-36.3,
20250428,11:11:07,-36.3,
20250428,11:11:07,-36.2,
20250428,11:11:07,-36,
20250428,11:11:08,-35.9,
20250428,11:11:08,-35.8,
20250428,11:11:08,-35.7,
20250428,11:11:08,-35.5,
20250428,11:11:09,-35.4,
20250428,11:11:09,-35.3,
20250428,11:11:09,-35.1,
20250428,11:11:10,-35,
20250428,11:11:10,-34.9,
20250428,11:11:10,-34.7,
20250428,11:11:10,-34.7,
20250428,11:11:11,-34.6,
20250428,11:11:11,-34.5,
20250428,11:11:11,-34.3,
20250428,11:11:11,-34.2,
20250428,11:11:12,-34.3,
20250428,11:11:12,-34.4,
20250428,11:11:12,-34.2,
20250428,11:11:13,-34.1,
20250428,11:11:13,-34,
20250428,11:11:13,-34.1,
20250428,11:11:13,-34.1,
20250428,11:11:14,-34,
20250428,11:11:14,-34,
20250428,11:11:14,-34,
20250428,11:11:15,-33.9,
20250428,11:11:15,-33.6,
20250428,11:11:15,-33.6,
20250428,11:11:15,-33.5,
20250428,11:11:16,-33.4,
20250428,11:11:16,-33.4,
20250428,11:11:16,-33.3,
20250428,11:11:16,-33.2,
20250428,11:11:17,-33.2,
20250428,11:11:17,-33.2,
20250428,11:11:17,-33.1,
20250428,11:11:18,-33.1,
20250428,11:11:18,-33,
20250428,11:11:18,-33,
20250428,11:11:18,-33,
20250428,11:11:19,-33,
20250428,11:11:19,-33,
20250428,11:11:19,-33,
20250428,11:11:20,-32.9,
20250428,11:11:20,-32.9,
20250428,11:11:20,-33,
20250428,11:11:20,-32.9,
20250428,11:11:21,-32.9,
20250428,11:11:21,-32.9,
20250428,11:11:21,-32.9,
20250428,11:11:21,-32.9,
20250428,11:11:22,-33,
20250428,11:11:22,-33,
20250428,11:11:22,-33,
20250428,11:11:23,-33.1,
20250428,11:11:23,-33,
20250428,11:11:23,-33,
20250428,11:11:23,-33,
20250428,11:11:24,-32.9,
20250428,11:11:24,-32.9,
20250428,11:11:24,-32.8,
20250428,11:11:24,-32.7,
20250428,11:11:25,-32.9,
20250428,11:11:25,-33,
20250428,11:11:25,-32.9,
20250428,11:11:26,-33,
20250428,11:11:26,-33,
20250428,11:11:26,-32.9,
20250428,11:11:26,-32.8,
20250428,11:11:27,-32.9,
20250428,11:11:27,-32.8,
20250428,11:11:27,-32.7,
20250428,11:11:28,-32.7,
20250428,11:11:28,-32.6,
20250428,11:11:28,-32.5,
20250428,11:11:28,-32.4,
20250428,11:11:29,-32.5,
20250428,11:11:29,-32.6,
20250428,11:11:29,-32.6,
20250428,11:11:30,-32.5,
20250428,11:11:30,-32.5,
20250428,11:11:30,-32.5,
20250428,11:11:30,-32.5,
20250428,11:11:31,-32.5,
20250428,11:11:31,-32.5,
20250428,11:11:31,-32.5,
20250428,11:11:31,-32.5,
20250428,11:11:32,-32.5,
20250428,11:11:32,-32.5,
20250428,11:11:32,-32.4,
20250428,11:11:33,-32.4,
20250428,11:11:33,-32.4,
20250428,11:11:33,-32.4,
20250428,11:11:33,-32.4,
20250428,11:11:34,-32.4,
20250428,11:11:34,-32.4,
20250428,11:11:34,-32.4,
20250428,11:11:34,-32.3,
20250428,11:11:35,-32.3,
20250428,11:11:35,-32.3,
20250428,11:11:35,-32.3,
20250428,11:11:36,-32.3,
20250428,11:11:36,-32.3,
20250428,11:11:36,-32.3,
20250428,11:11:36,-32.4,
20250428,11:11:37,-32.4,
20250428,11:11:37,-32.4,
20250428,11:11:37,-32.4,
20250428,11:11:38,-32.5,
20250428,11:11:38,-32.4,
20250428,11:11:38,-32.4,
20250428,11:11:38,-32.4,
20250428,11:11:39,-32.3,
20250428,11:11:39,-32.3,
20250428,11:11:39,-32.2,
20250428,11:11:39,-32.2,
20250428,11:11:40,-32.1,
20250428,11:11:40,-32.1,
20250428,11:11:40,-32,
20250428,11:11:41,-31.9,
20250428,11:11:41,-31.9,
20250428,11:11:41,-31.7,
20250428,11:11:41,-31.6,
20250428,11:11:42,-31.6,
20250428,11:11:42,-31.5,
20250428,11:11:42,-31.5,
20250428,11:11:43,-30.7,
20250428,11:11:43,-27.1,
20250428,11:11:43,-27.3,
20250428,11:11:43,-30,
20250428,11:11:44,-31.2,
20250428,11:11:44,-31.6,
20250428,11:11:44,-31.8,
20250428,11:11:44,-31.6,
20250428,11:11:45,-31.5,
20250428,11:11:45,-31.3,
20250428,11:11:45,-31,
20250428,11:11:46,-30.8,
20250428,11:11:46,-30.6,
20250428,11:11:46,-30.5,
20250428,11:11:46,-30.6,
20250428,11:11:47,-30.6,
20250428,11:11:47,-30.6,
20250428,11:11:47,-30.6,
20250428,11:11:47,-30.5,
20250428,11:11:48,-30.5,
20250428,11:11:48,-30.4,
20250428,11:11:48,-30.4,
20250428,11:11:49,-30.5,
20250428,11:11:49,-30.3,
20250428,11:11:49,-30.3,
20250428,11:11:49,-30.3,
20250428,11:11:50,-30.3,
20250428,11:11:50,-30.4,
20250428,11:11:50,-30.5,
20250428,11:11:51,-30.6,
20250428,11:11:51,-30.5,
20250428,11:11:51,-30.6,
20250428,11:11:51,-30.6,
20250428,11:11:52,-30.6,
20250428,11:11:52,-30.7,
20250428,11:11:52,-30.7,
20250428,11:11:52,-30.9,
20250428,11:11:53,-30.9,
20250428,11:11:53,-31,
20250428,11:11:53,-31,
20250428,11:11:54,-31,
20250428,11:11:54,-31.1,
20250428,11:11:54,-31,
20250428,11:11:54,-30.9,
20250428,11:11:55,-30.9,
20250428,11:11:55,-30.9,
20250428,11:11:55,-30.8,
20250428,11:11:56,-30.8,
20250428,11:11:56,-30.8,
20250428,11:11:56,-30.7,
20250428,11:11:56,-30.6,
20250428,11:11:57,-30.6,
20250428,11:11:57,-30.6,
20250428,11:11:57,-30.6,
20250428,11:11:57,-30.4,
20250428,11:11:58,-30.4,
20250428,11:11:58,-30.3,
20250428,11:11:58,-30.3,
20250428,11:11:59,-30.3,
20250428,11:11:59,-30.3,
20250428,11:11:59,-30.3,
20250428,11:11:59,-30.3,
20250428,11:12:00,-30.4,
20250428,11:12:00,-30.5,
20250428,11:12:00,-30.4,
20250428,11:12:00,-30.5,
20250428,11:12:01,-30.5,
20250428,11:12:01,-30.6,
20250428,11:12:01,-30.7,
20250428,11:12:02,-30.6,
20250428,11:12:02,-30.7,
20250428,11:12:02,-30.6,
20250428,11:12:02,-30.6,
20250428,11:12:03,-30.7,
20250428,11:12:03,-30.6,
20250428,11:12:03,-30.6,
20250428,11:12:04,-30.6,
20250428,11:12:04,-30.6,
20250428,11:12:04,-30.5,
20250428,11:12:04,-30.4,
20250428,11:12:05,-30.4,
20250428,11:12:05,-30.4,
20250428,11:12:05,-30.2,
20250428,11:12:05,-30,
20250428,11:12:06,-29.9,
20250428,11:12:06,-29.5,
20250428,11:12:06,-29.6,
20250428,11:12:07,-29.8,
20250428,11:12:07,-29.8,
20250428,11:12:07,-29.9,
20250428,11:12:07,-29.8,
20250428,11:12:08,-29.8,
20250428,11:12:08,-29.9,
20250428,11:12:08,-29.8,
20250428,11:12:09,-29.8,
20250428,11:12:09,-29.7,
20250428,11:12:09,-29.6,
20250428,11:12:09,-29.6,
20250428,11:12:10,-29.5,
20250428,11:12:10,-29.4,
20250428,11:12:10,-29.4,
20250428,11:12:10,-29.6,
20250428,11:12:11,-29.6,
20250428,11:12:11,-29.7,
20250428,11:12:11,-29.8,
20250428,11:12:12,-29.8,
20250428,11:12:12,-29.8,
20250428,11:12:12,-29.7,
20250428,11:12:12,-29.8,
20250428,11:12:13,-29.8,
20250428,11:12:13,-29.7,
20250428,11:12:13,-29.7,
20250428,11:12:14,-29.6,
20250428,11:12:14,-29.6,
20250428,11:12:14,-29.6,
20250428,11:12:14,-29.7,
20250428,11:12:15,-29.6,
20250428,11:12:15,-29.7,
20250428,11:12:15,-29.8,
20250428,11:12:15,-29.7,
20250428,11:12:16,-29.7,
20250428,11:12:16,-29.6,
20250428,11:12:16,-29.6,
20250428,11:12:17,-29.5,
20250428,11:12:17,-29.5,
20250428,11:12:17,-29.5,
20250428,11:12:17,-29.4,
20250428,11:12:18,-29.3,
20250428,11:12:18,-29.2,
20250428,11:12:18,-29.3,
20250428,11:12:18,-29.2,
20250428,11:12:19,-29.2,
20250428,11:12:19,-29.2,
20250428,11:12:19,-29.3,
20250428,11:12:20,-29.3,
20250428,11:12:20,-29.2,
20250428,11:12:20,-29.3,
20250428,11:12:20,-29.3,
20250428,11:12:21,-29.3,
20250428,11:12:21,-29.3,
20250428,11:12:21,-29.2,
20250428,11:12:22,-29.4,
20250428,11:12:22,-29.4,
20250428,11:12:22,-29.4,
20250428,11:12:22,-29.5,
20250428,11:12:23,-29.5,
20250428,11:12:23,-29.7,
20250428,11:12:23,-29.7,
20250428,11:12:24,-29.8,
20250428,11:12:24,-29.8,
20250428,11:12:24,-29.8,
20250428,11:12:24,-29.7,
20250428,11:12:25,-29.8,
20250428,11:12:25,-29.8,
20250428,11:12:25,-29.8,
20250428,11:12:25,-29.9,
20250428,11:12:26,-30.1,
20250428,11:12:26,-30.3,
20250428,11:12:26,-30.5,
20250428,11:12:27,-30.7,
20250428,11:12:27,-30.9,
20250428,11:12:27,-31.2,
20250428,11:12:27,-31.4,
20250428,11:12:28,-31.5,
20250428,11:12:28,-31.8,
20250428,11:12:28,-32,
20250428,11:12:28,-32.2,
20250428,11:12:29,-32.3,
20250428,11:12:29,-32.6,
20250428,11:12:29,-32.8,
20250428,11:12:30,-32.9,
20250428,11:12:30,-33.1,
20250428,11:12:30,-33.3,
20250428,11:12:30,-33.4,
20250428,11:12:31,-33.7,
20250428,11:12:31,-33.9,
20250428,11:12:31,-34,
20250428,11:12:31,-34,
20250428,11:12:32,-34.1,
20250428,11:12:32,-34.2,
20250428,11:12:32,-34.1,
20250428,11:12:33,-34.3,
20250428,11:12:33,-34.5,
20250428,11:12:33,-34.5,
20250428,11:12:33,-34.6,
20250428,11:12:34,-34.7,
20250428,11:12:34,-34.8,
20250428,11:12:34,-34.8,
20250428,11:12:35,-34.7,
20250428,11:12:35,-34.8,
20250428,11:12:35,-34.9,
20250428,11:12:35,-34.9,
20250428,11:12:36,-34.9,
20250428,11:12:36,-34.8,
20250428,11:12:36,-34.8,
20250428,11:12:37,-34.8,
20250428,11:12:37,-34.8,
20250428,11:12:37,-34.7,
20250428,11:12:37,-34.6,
20250428,11:12:38,-34.6,
20250428,11:12:38,-34.6,
20250428,11:12:38,-34.7,
20250428,11:12:38,-34.7,
20250428,11:12:39,-34.5,
20250428,11:12:39,-34.7,
20250428,11:12:39,-34.4,
20250428,11:12:40,-34.5,
20250428,11:12:40,-34.5,
20250428,11:12:40,-34.4,
20250428,11:12:40,-34.4,
20250428,11:12:41,-34.3,
20250428,11:12:41,-34.1,
20250428,11:12:41,-34.1,
20250428,11:12:42,-34.1,
20250428,11:12:42,-34,
20250428,11:12:42,-34,
20250428,11:12:42,-33.9,
20250428,11:12:43,-33.8,
20250428,11:12:43,-33.9,
20250428,11:12:43,-33.7,
20250428,11:12:43,-33.8,
20250428,11:12:44,-33.5,
20250428,11:12:44,-33.6,
20250428,11:12:44,-33.5,
20250428,11:12:45,-33.5,
20250428,11:12:45,-33.5,
20250428,11:12:45,-33.4,
20250428,11:12:45,-33.4,
20250428,11:12:46,-33.3,
20250428,11:12:46,-33.2,
20250428,11:12:46,-33.3,
20250428,11:12:46,-33.3,
20250428,11:12:47,-33.3,
20250428,11:12:47,-33.3,
20250428,11:12:47,-33.3,
20250428,11:12:48,-33.1,
20250428,11:12:48,-33.2,
20250428,11:12:48,-33.1,
20250428,11:12:48,-33,
20250428,11:12:49,-32.8,
20250428,11:12:49,-32.8,
20250428,11:12:49,-32.9,
20250428,11:12:50,-32.9,
20250428,11:12:50,-32.8,
20250428,11:12:50,-32.8,
20250428,11:12:50,-32.8,
20250428,11:12:51,-32.7,
20250428,11:12:51,-32.6,
20250428,11:12:51,-32.5,
20250428,11:12:51,-32.4,
20250428,11:12:52,-32.3,
20250428,11:12:52,-32.3,
20250428,11:12:52,-32.3,
20250428,11:12:53,-32.2,
20250428,11:12:53,-32.1,
20250428,11:12:53,-32.1,
20250428,11:12:53,-32.4,
20250428,11:12:54,-32.8,
20250428,11:12:54,-33.3,
20250428,11:12:54,-33.8,
20250428,11:12:55,-34.1,
20250428,11:12:55,-34.4,
20250428,11:12:55,-34.9,
20250428,11:12:55,-35.2,
20250428,11:12:56,-35.5,
20250428,11:12:56,-35.8,
20250428,11:12:56,-36.2,
20250428,11:12:56,-36.6,
20250428,11:12:57,-36.9,
20250428,11:12:57,-37.2,
20250428,11:12:57,-37.4,
20250428,11:12:58,-37.7,
20250428,11:12:58,-38,
20250428,11:12:58,-38.3,
20250428,11:12:58,-38.6,
20250428,11:12:59,-38.9,
20250428,11:12:59,-39.2,
20250428,11:12:59,-39.5,
20250428,11:12:59,-39.7,
20250428,11:13:00,-39.9,
20250428,11:13:00,-40,
20250428,11:13:00,-40.1,
20250428,11:13:01,-40.2,
20250428,11:13:01,-40.3,
20250428,11:13:01,-40.5,
20250428,11:13:01,-40.6,
20250428,11:13:02,-40.7,
20250428,11:13:02,-40.8,
20250428,11:13:02,-40.9,
20250428,11:13:03,-40.9,
20250428,11:13:03,-41,
20250428,11:13:03,-41,
20250428,11:13:03,-41.2,
20250428,11:13:04,-41.3,
20250428,11:13:04,-41.6,
20250428,11:13:04,-41.7,
20250428,11:13:04,-41.7,
20250428,11:13:05,-41.8,
20250428,11:13:05,-42,
20250428,11:13:05,-42.2,
20250428,11:13:06,-42.4,
20250428,11:13:06,-42.5,
20250428,11:13:06,-42.6,
20250428,11:13:06,-42.6,
20250428,11:13:07,-42.7,
20250428,11:13:07,-42.7,
20250428,11:13:07,-42.8,
20250428,11:13:08,-42.9,
20250428,11:13:08,-42.9,
20250428,11:13:08,-42.9,
20250428,11:13:08,-43,
20250428,11:13:09,-43,
20250428,11:13:09,-43.1,
20250428,11:13:09,-43,
20250428,11:13:09,-42.9,
20250428,11:13:10,-43,
20250428,11:13:10,-43,
20250428,11:13:10,-42.9,
20250428,11:13:11,-42.9,
20250428,11:13:11,-42.9,
20250428,11:13:11,-42.9,
20250428,11:13:11,-42.8,
20250428,11:13:12,-42.9,
20250428,11:13:12,-42.9,
20250428,11:13:12,-42.9,
20250428,11:13:12,-43,
20250428,11:13:13,-43,
20250428,11:13:13,-43.1,
20250428,11:13:13,-43.1,
20250428,11:13:14,-43.1,
20250428,11:13:14,-43.1,
20250428,11:13:14,-43.1,
20250428,11:13:14,-43,
20250428,11:13:15,-43,
20250428,11:13:15,-43,
20250428,11:13:15,-43,
20250428,11:13:16,-43.1,
20250428,11:13:16,-43,
20250428,11:13:16,-43,
20250428,11:13:16,-43,
20250428,11:13:17,-43,
20250428,11:13:17,-43,
20250428,11:13:17,-43,
20250428,11:13:17,-43,
20250428,11:13:18,-42.8,
20250428,11:13:18,-42.9,
20250428,11:13:18,-42.9,
20250428,11:13:19,-42.9,
20250428,11:13:19,-43,
20250428,11:13:19,-43,
20250428,11:13:19,-43,
20250428,11:13:20,-43,
20250428,11:13:20,-42.9,
20250428,11:13:20,-42.9,
20250428,11:13:21,-42.9,
20250428,11:13:21,-42.8,
20250428,11:13:21,-42.8,
20250428,11:13:21,-42.8,
20250428,11:13:22,-42.7,
20250428,11:13:22,-42.8,
20250428,11:13:22,-42.8,
20250428,11:13:22,-42.8,
20250428,11:13:23,-42.8,
20250428,11:13:23,-42.8,
20250428,11:13:23,-42.9,
20250428,11:13:24,-42.8,
20250428,11:13:24,-42.8,
20250428,11:13:24,-42.7,
20250428,11:13:24,-42.8,
20250428,11:13:25,-43,
20250428,11:13:25,-43,
20250428,11:13:25,-42.9,
20250428,11:13:26,-42.9,
20250428,11:13:26,-43.1,
20250428,11:13:26,-43.1,
20250428,11:13:26,-43,
20250428,11:13:27,-43,
20250428,11:13:27,-43,
20250428,11:13:27,-42.9,
20250428,11:13:27,-42.8,
20250428,11:13:28,-42.9,
20250428,11:13:28,-42.9,
20250428,11:13:28,-42.8,
20250428,11:13:29,-42.7,
20250428,11:13:29,-42.6,
20250428,11:13:29,-42.6,
20250428,11:13:29,-42.7,
20250428,11:13:30,-42.6,
20250428,11:13:30,-42.6,
20250428,11:13:30,-42.6,
20250428,11:13:30,-42.6,
20250428,11:13:31,-42.3,
20250428,11:13:31,-42.3,
20250428,11:13:31,-42.4,
20250428,11:13:32,-42.3,
20250428,11:13:32,-42.2,
20250428,11:13:32,-42.1,
20250428,11:13:32,-42.1,
20250428,11:13:33,-41.9,
20250428,11:13:33,-41.8,
20250428,11:13:33,-41.7,
20250428,11:13:34,-41.7,
20250428,11:13:34,-41.6,
20250428,11:13:34,-41.5,
20250428,11:13:35,-41.4,
20250428,11:13:35,-41.2,
20250428,11:13:35,-41.1,
20250428,11:13:35,-41,
20250428,11:13:36,-41,
20250428,11:13:36,-41,
20250428,11:13:36,-40.9,
20250428,11:13:36,-41,
20250428,11:13:37,-41.1,
20250428,11:13:37,-41.2,
20250428,11:13:37,-41.4,
20250428,11:13:37,-41.6,
20250428,11:13:38,-41.5,
20250428,11:13:38,-41.7,
20250428,11:13:38,-41.7,
20250428,11:13:39,-41.7,
20250428,11:13:39,-41.8,
20250428,11:13:39,-41.8,
20250428,11:13:39,-42,
20250428,11:13:40,-42.2,
20250428,11:13:40,-42.4,
20250428,11:13:40,-42.5,
20250428,11:13:40,-42.6,
20250428,11:13:41,-42.7,
20250428,11:13:41,-42.9,
20250428,11:13:41,-43.2,
20250428,11:13:42,-43.5,
20250428,11:13:42,-43.6,
20250428,11:13:42,-43.7,
20250428,11:13:42,-43.5,
20250428,11:13:43,-43.4,
20250428,11:13:43,-43.4,
20250428,11:13:43,-43.5,
20250428,11:13:43,-43.6,
20250428,11:13:44,-43.9,
20250428,11:13:44,-44.3,
20250428,11:13:44,-44.7,
20250428,11:13:45,-45.2,
20250428,11:13:45,-45.7,
20250428,11:13:45,-46.3,
20250428,11:13:45,-46.8,
20250428,11:13:46,-47.5,
20250428,11:13:46,-48.2,
20250428,11:13:46,-48.7,
20250428,11:13:47,-49.3,
20250428,11:13:47,-49.7,
20250428,11:13:47,-50.2,
20250428,11:13:47,-50.6,
20250428,11:13:48,-51,
20250428,11:13:48,-51.3,
20250428,11:13:48,-51.6,
20250428,11:13:49,-52,
20250428,11:13:49,-52.2,
20250428,11:13:49,-52.5,
20250428,11:13:49,-52.8,
20250428,11:13:50,-52.9,
20250428,11:13:50,-53.2,
20250428,11:13:50,-53.4,
20250428,11:13:50,-53.6,
20250428,11:13:51,-53.8,
20250428,11:13:51,-54,
20250428,11:13:51,-54.2,
20250428,11:13:52,-54.4,
20250428,11:13:52,-54.4,
20250428,11:13:52,-54.5,
20250428,11:13:52,-54.5,
20250428,11:13:53,-54.6,
20250428,11:13:53,-54.6,
20250428,11:13:53,-54.6,
20250428,11:13:53,-54.7,
20250428,11:13:54,-54.7,
20250428,11:13:54,-54.8,
20250428,11:13:54,-54.8,
20250428,11:13:55,-54.9,
20250428,11:13:55,-54.8,
20250428,11:13:55,-54.7,
20250428,11:13:55,-54.6,
20250428,11:13:56,-54.6,
20250428,11:13:56,-54.6,
20250428,11:13:56,-54.6,
20250428,11:13:57,-54.5,
20250428,11:13:57,-54.5,
20250428,11:13:57,-54.5,
20250428,11:13:57,-54.4,
20250428,11:13:58,-54.3,
20250428,11:13:58,-54.2,
20250428,11:13:58,-54.1,
20250428,11:13:58,-54.1,
20250428,11:13:59,-53.9,
20250428,11:13:59,-53.7,
20250428,11:13:59,-53.9,
20250428,11:14:00,-55.3,
20250428,11:14:00,-56.3,
20250428,11:14:00,-56.7,
20250428,11:14:00,-56,
20250428,11:14:01,-55.7,
20250428,11:14:01,-55.1,
20250428,11:14:01,-54.6,
20250428,11:14:02,-54.3,
20250428,11:14:02,-54,
20250428,11:14:02,-53.7,
20250428,11:14:02,-53.4,
20250428,11:14:03,-53.1,
20250428,11:14:03,-52.9,
20250428,11:14:03,-52.8,
20250428,11:14:03,-52.6,
20250428,11:14:04,-52.4,
20250428,11:14:04,-52.3,
20250428,11:14:04,-52.2,
20250428,11:14:05,-52,
20250428,11:14:05,-51.8,
20250428,11:14:05,-51.8,
20250428,11:14:05,-51.7,
20250428,11:14:06,-51.6,
20250428,11:14:06,-51.5,
20250428,11:14:06,-51.3,
20250428,11:14:07,-51.2,
20250428,11:14:07,-51.1,
20250428,11:14:07,-51,
20250428,11:14:07,-51.1,
20250428,11:14:08,-50.9,
20250428,11:14:08,-50.9,
20250428,11:14:08,-50.7,
20250428,11:14:08,-50.6,
20250428,11:14:09,-50.5,
20250428,11:14:09,-50.4,
20250428,11:14:09,-50.3,
20250428,11:14:10,-50.2,
20250428,11:14:10,-50.1,
20250428,11:14:10,-50,
20250428,11:14:10,-49.9,
20250428,11:14:11,-49.8,
20250428,11:14:11,-49.7,
20250428,11:14:11,-49.5,
20250428,11:14:11,-49.4,
20250428,11:14:12,-49.4,
20250428,11:14:12,-49.3,
20250428,11:14:12,-49.2,
20250428,11:14:13,-49.1,
20250428,11:14:13,-49,
20250428,11:14:13,-48.7,
20250428,11:14:13,-48.6,
20250428,11:14:14,-48.5,
20250428,11:14:14,-48.4,
20250428,11:14:14,-48.4,
20250428,11:14:15,-48.2,
20250428,11:14:15,-48.1,
20250428,11:14:15,-47.8,
20250428,11:14:15,-47.8,
20250428,11:14:16,-47.7,
20250428,11:14:16,-47.6,
20250428,11:14:16,-47.5,
20250428,11:14:17,-47.3,
20250428,11:14:17,-47,
20250428,11:14:17,-46.9,
20250428,11:14:17,-46.8,
20250428,11:14:18,-46.8,
20250428,11:14:18,-46.6,
20250428,11:14:18,-46.5,
20250428,11:14:18,-46.3,
20250428,11:14:19,-46.1,
20250428,11:14:19,-46,
20250428,11:14:19,-46,
20250428,11:14:20,-45.8,
20250428,11:14:20,-45.7,
20250428,11:14:20,-45.6,
20250428,11:14:20,-45.6,
20250428,11:14:21,-45.5,
20250428,11:14:21,-45.4,
20250428,11:14:21,-45.5,
20250428,11:14:21,-45.5,
20250428,11:14:22,-45.5,
20250428,11:14:22,-45.5,
20250428,11:14:22,-45.5,
20250428,11:14:23,-45.4,
20250428,11:14:23,-45.3,
20250428,11:14:23,-45.1,
20250428,11:14:23,-45.3,
20250428,11:14:24,-45.2,
20250428,11:14:24,-45.2,
20250428,11:14:24,-45.3,
20250428,11:14:24,-45.2,
20250428,11:14:25,-45.2,
20250428,11:14:25,-45.1,
20250428,11:14:25,-45.1,
20250428,11:14:26,-45.1,
20250428,11:14:26,-45.1,
20250428,11:14:26,-45.1,
20250428,11:14:26,-45,
20250428,11:14:27,-45,
20250428,11:14:27,-44.8,
20250428,11:14:27,-44.9,
20250428,11:14:28,-44.8,
20250428,11:14:28,-44.7,
20250428,11:14:28,-44.5,
20250428,11:14:28,-44.4,
20250428,11:14:29,-44.4,
20250428,11:14:29,-44.3,
20250428,11:14:29,-44.2,
20250428,11:14:30,-44.3,
20250428,11:14:30,-44.1,
20250428,11:14:30,-44,
20250428,11:14:30,-43.9,
20250428,11:14:31,-43.7,
20250428,11:14:31,-43.7,
20250428,11:14:31,-43.4,
20250428,11:14:31,-43.5,
20250428,11:14:32,-43.4,
20250428,11:14:32,-43.1,
20250428,11:14:32,-43,
20250428,11:14:33,-43,
20250428,11:14:33,-42.7,
20250428,11:14:33,-42.6,
20250428,11:14:33,-42.6,
20250428,11:14:34,-42.5,
20250428,11:14:34,-42.3,
20250428,11:14:34,-42.2,
20250428,11:14:34,-42,
20250428,11:14:35,-41.9,
20250428,11:14:35,-41.8,
20250428,11:14:35,-41.6,
20250428,11:14:36,-41.5,
20250428,11:14:36,-41.2,
20250428,11:14:36,-41.1,
20250428,11:14:36,-41,
20250428,11:14:37,-40.9,
20250428,11:14:37,-40.8,
20250428,11:14:37,-40.6,
20250428,11:14:38,-40.5,
20250428,11:14:38,-40.3,
20250428,11:14:38,-40.2,
20250428,11:14:38,-40.1,
20250428,11:14:39,-40,
20250428,11:14:39,-39.7,
20250428,11:14:39,-39.7,
20250428,11:14:39,-39.4,
20250428,11:14:40,-39.3,
20250428,11:14:40,-39.2,
20250428,11:14:40,-39.1,
20250428,11:14:41,-39,
20250428,11:14:41,-38.7,
20250428,11:14:41,-38.6,
20250428,11:14:41,-38.5,
20250428,11:14:42,-38.3,
20250428,11:14:42,-38.3,
20250428,11:14:42,-38.1,
20250428,11:14:43,-38,
20250428,11:14:43,-37.8,
20250428,11:14:43,-37.7,
20250428,11:14:43,-37.5,
20250428,11:14:44,-37.4,
20250428,11:14:44,-37.4,
20250428,11:14:44,-37.2,
20250428,11:14:44,-37.1,
20250428,11:14:45,-36.9,
20250428,11:14:45,-36.9,
20250428,11:14:45,-36.7,
20250428,11:14:46,-36.6,
20250428,11:14:46,-36.5,
20250428,11:14:46,-36.4,
20250428,11:14:46,-36.3,
20250428,11:14:47,-36.1,
20250428,11:14:47,-36.1,
20250428,11:14:47,-35.9,
20250428,11:14:48,-35.9,
20250428,11:14:48,-35.8,
20250428,11:14:48,-35.7,
20250428,11:14:48,-35.6,
20250428,11:14:49,-35.5,
20250428,11:14:49,-35.4,
20250428,11:14:49,-35.3,
20250428,11:14:49,-35.2,
20250428,11:14:50,-35,
20250428,11:14:50,-35,
20250428,11:14:50,-34.9,
20250428,11:14:51,-34.9,
20250428,11:14:51,-35,
20250428,11:14:51,-35.1,
20250428,11:14:51,-35.1,
20250428,11:14:52,-35.3,
20250428,11:14:52,-35.4,
20250428,11:14:52,-35.6,
20250428,11:14:52,-35.6,
20250428,11:14:53,-35.6,
20250428,11:14:53,-35.7,
20250428,11:14:53,-35.7,
20250428,11:14:54,-35.7,
20250428,11:14:54,-35.7,
20250428,11:14:54,-35.7,
20250428,11:14:54,-35.7,
20250428,11:14:55,-35.7,
20250428,11:14:55,-35.9,
20250428,11:14:55,-36.1,
20250428,11:14:56,-36.6,
20250428,11:14:56,-36.8,
20250428,11:14:56,-37.1,
20250428,11:14:56,-37.4,
20250428,11:14:57,-37.9,
20250428,11:14:57,-38.2,
20250428,11:14:57,-38.5,
20250428,11:14:57,-38.8,
20250428,11:14:58,-39.1,
20250428,11:14:58,-39.3,
20250428,11:14:58,-39.4,
20250428,11:14:59,-39.6,
20250428,11:14:59,-39.7,
20250428,11:14:59,-39.8,
20250428,11:14:59,-39.9,
20250428,11:15:00,-40,
20250428,11:15:00,-40,
20250428,11:15:00,-40,
20250428,11:15:01,-40,
20250428,11:15:01,-40,
20250428,11:15:01,-40,
20250428,11:15:01,-40,
20250428,11:15:02,-40,
20250428,11:15:02,-39.9,
20250428,11:15:02,-39.8,
20250428,11:15:02,-39.7,
20250428,11:15:03,-39.7,
20250428,11:15:03,-39.6,
20250428,11:15:03,-39.5,
20250428,11:15:04,-39.4,
20250428,11:15:04,-39.3,
20250428,11:15:04,-39.2,
20250428,11:15:04,-39.2,
20250428,11:15:05,-39.1,
20250428,11:15:05,-39.1,
20250428,11:15:05,-39.1,
20250428,11:15:05,-39,
20250428,11:15:06,-39,
20250428,11:15:06,-39,
20250428,11:15:06,-39,
20250428,11:15:07,-38.9,
20250428,11:15:07,-38.9,
20250428,11:15:07,-38.8,
20250428,11:15:07,-38.8,
20250428,11:15:08,-38.7,
20250428,11:15:08,-38.6,
20250428,11:15:08,-38.6,
20250428,11:15:09,-38.4,
20250428,11:15:09,-38.3,
20250428,11:15:09,-38.2,
20250428,11:15:09,-38.1,
20250428,11:15:10,-38,
20250428,11:15:10,-37.8,
20250428,11:15:10,-37.7,
20250428,11:15:10,-37.5,
20250428,11:15:11,-37.4,
20250428,11:15:11,-37.4,
20250428,11:15:11,-37.3,
20250428,11:15:12,-37.3,
20250428,11:15:12,-37.1,
20250428,11:15:12,-37.1,
20250428,11:15:12,-36.9,
20250428,11:15:13,-36.9,
20250428,11:15:13,-36.8,
20250428,11:15:13,-36.8,
20250428,11:15:14,-36.6,
20250428,11:15:14,-36.6,
20250428,11:15:14,-36.5,
20250428,11:15:14,-36.3,
20250428,11:15:15,-36.2,
20250428,11:15:15,-36.1,
20250428,11:15:15,-36,
20250428,11:15:15,-35.9,
20250428,11:15:16,-35.8,
20250428,11:15:16,-35.7,
20250428,11:15:16,-35.6,
20250428,11:15:17,-35.5,
20250428,11:15:17,-35.4,
20250428,11:15:17,-35.3,
20250428,11:15:17,-35.2,
20250428,11:15:18,-35,
20250428,11:15:18,-34.9,
20250428,11:15:18,-34.8,
20250428,11:15:19,-34.7,
20250428,11:15:19,-34.6,
20250428,11:15:19,-34.4,
20250428,11:15:19,-34.2,
20250428,11:15:20,-34,
20250428,11:15:20,-34,
20250428,11:15:20,-33.8,
20250428,11:15:20,-34,
20250428,11:15:21,-33.9,
20250428,11:15:21,-33.7,
20250428,11:15:21,-33.5,
20250428,11:15:22,-33.5,
20250428,11:15:22,-33.4,
20250428,11:15:22,-33.3,
20250428,11:15:22,-33.2,
20250428,11:15:23,-33.2,
20250428,11:15:23,-33.1,
20250428,11:15:23,-33,
20250428,11:15:23,-32.9,
20250428,11:15:24,-33,
20250428,11:15:24,-33.1,
20250428,11:15:24,-33.2,
20250428,11:15:25,-33.5,
20250428,11:15:25,-33.8,
20250428,11:15:25,-34.1,
20250428,11:15:25,-34.4,
20250428,11:15:26,-34.7,
20250428,11:15:26,-34.9,
20250428,11:15:26,-35,
20250428,11:15:27,-35.2,
20250428,11:15:27,-35.4,
20250428,11:15:27,-35.6,
20250428,11:15:27,-35.8,
20250428,11:15:28,-36.3,
20250428,11:15:28,-36.9,
20250428,11:15:28,-37.4,
20250428,11:15:29,-38,
20250428,11:15:29,-38.4,
20250428,11:15:29,-38.8,
20250428,11:15:29,-39.1,
20250428,11:15:30,-39.4,
20250428,11:15:30,-40,
20250428,11:15:30,-40.5,
20250428,11:15:30,-41,
20250428,11:15:31,-41.7,
20250428,11:15:31,-42.3,
20250428,11:15:31,-42.8,
20250428,11:15:32,-43.4,
20250428,11:15:32,-44,
20250428,11:15:32,-44.5,
20250428,11:15:32,-45.1,
20250428,11:15:33,-45.9,
20250428,11:15:33,-46.7,
20250428,11:15:33,-47.6,
20250428,11:15:33,-48.4,
20250428,11:15:34,-49.3,
20250428,11:15:34,-50.2,
20250428,11:15:34,-51.1,
20250428,11:15:35,-51.9,
20250428,11:15:35,-52.5,
20250428,11:15:35,-53.2,
20250428,11:15:35,-54.3,
20250428,11:15:36,-55.1,
20250428,11:15:36,-55.7,
20250428,11:15:36,-56.4,
20250428,11:15:37,-57,
20250428,11:15:37,-57.4,
20250428,11:15:37,-57.8,
20250428,11:15:37,-58.1,
20250428,11:15:38,-58.5,
20250428,11:15:38,-58.7,
20250428,11:15:38,-58.9,
20250428,11:15:38,-59.3,
20250428,11:15:39,-59.5,
20250428,11:15:39,-59.6,
20250428,11:15:39,-59.6,
20250428,11:15:40,-59.5,
20250428,11:15:40,-59.5,
20250428,11:15:40,-59.3,
20250428,11:15:40,-59.1,
20250428,11:15:41,-58.9,
20250428,11:15:41,-58.8,
20250428,11:15:41,-58.6,
20250428,11:15:42,-58.3,
20250428,11:15:42,-58.1,
20250428,11:15:42,-57.9,
20250428,11:15:42,-57.6,
20250428,11:15:43,-57.4,
20250428,11:15:43,-57.1,
20250428,11:15:43,-56.8,
20250428,11:15:43,-56.5,
20250428,11:15:44,-56.2,
20250428,11:15:44,-56,
20250428,11:15:44,-55.7,
20250428,11:15:45,-55.4,
20250428,11:15:45,-55.1,
20250428,11:15:45,-54.8,
20250428,11:15:45,-54.6,
20250428,11:15:46,-54.5,
20250428,11:15:46,-54.2,
20250428,11:15:46,-54,
20250428,11:15:46,-53.7,
20250428,11:15:47,-53.4,
20250428,11:15:47,-53.1,
20250428,11:15:47,-52.8,
20250428,11:15:48,-52.7,
20250428,11:15:48,-52.3,
20250428,11:15:48,-52.1,
20250428,11:15:48,-51.9,
20250428,11:15:49,-51.6,
20250428,11:15:49,-51.4,
20250428,11:15:49,-51.2,
20250428,11:15:50,-50.9,
20250428,11:15:50,-50.8,
20250428,11:15:50,-50.5,
20250428,11:15:50,-50.3,
20250428,11:15:51,-50.2,
20250428,11:15:51,-49.9,
20250428,11:15:51,-49.6,
20250428,11:15:51,-49.4,
20250428,11:15:52,-49.3,
20250428,11:15:52,-49,
20250428,11:15:52,-48.8,
20250428,11:15:53,-48.5,
20250428,11:15:53,-48.4,
20250428,11:15:53,-48.2,
20250428,11:15:53,-48,
20250428,11:15:54,-47.8,
20250428,11:15:54,-47.6,
20250428,11:15:54,-47.3,
20250428,11:15:55,-47.1,
20250428,11:15:55,-46.8,
20250428,11:15:55,-46.7,
20250428,11:15:55,-46.5,
20250428,11:15:56,-46.3,
20250428,11:15:56,-46,
20250428,11:15:56,-46,
20250428,11:15:56,-45.8,
20250428,11:15:57,-45.6,
20250428,11:15:57,-45.4,
20250428,11:15:57,-45.3,
20250428,11:15:58,-45.1,
20250428,11:15:58,-45,
20250428,11:15:58,-44.8,
20250428,11:15:58,-44.6,
20250428,11:15:59,-44.4,
20250428,11:15:59,-44.3,
20250428,11:15:59,-44.2,
20250428,11:16:00,-44,
20250428,11:16:00,-43.9,
20250428,11:16:00,-43.7,
20250428,11:16:00,-43.6,
20250428,11:16:01,-43.5,
20250428,11:16:01,-43.4,
20250428,11:16:01,-43.3,
20250428,11:16:01,-43.1,
20250428,11:16:02,-43.1,
20250428,11:16:02,-43,
20250428,11:16:02,-42.8,
20250428,11:16:03,-42.7,
20250428,11:16:03,-42.6,
20250428,11:16:03,-42.5,
20250428,11:16:03,-42.4,
20250428,11:16:04,-42.2,
20250428,11:16:04,-42.1,
20250428,11:16:04,-41.9,
20250428,11:16:04,-41.8,
20250428,11:16:05,-41.7,
20250428,11:16:05,-41.5,
20250428,11:16:05,-41.4,
20250428,11:16:06,-41.3,
20250428,11:16:06,-41,
20250428,11:16:06,-41,
20250428,11:16:06,-40.9,
20250428,11:16:07,-40.8,
20250428,11:16:07,-40.6,
20250428,11:16:07,-40.4,
20250428,11:16:08,-40.2,
20250428,11:16:08,-40,
20250428,11:16:08,-39.9,
20250428,11:16:08,-39.8,
20250428,11:16:09,-39.6,
20250428,11:16:09,-39.4,
20250428,11:16:09,-39.2,
20250428,11:16:10,-39.1,
20250428,11:16:10,-38.8,
20250428,11:16:10,-38.8,
20250428,11:16:10,-38.6,
20250428,11:16:11,-38.4,
20250428,11:16:11,-38.3,
20250428,11:16:11,-38.2,
20250428,11:16:11,-38.1,
20250428,11:16:12,-37.9,
20250428,11:16:12,-37.7,
20250428,11:16:12,-37.6,
20250428,11:16:13,-37.4,
20250428,11:16:13,-37.3,
20250428,11:16:13,-37.2,
20250428,11:16:13,-37.1,
20250428,11:16:14,-36.9,
20250428,11:16:14,-36.7,
20250428,11:16:14,-36.6,
20250428,11:16:14,-36.6,
20250428,11:16:15,-36.3,
20250428,11:16:15,-36.4,
20250428,11:16:15,-36.2,
20250428,11:16:16,-35.9,
20250428,11:16:16,-35.8,
20250428,11:16:16,-35.7,
20250428,11:16:16,-35.5,
20250428,11:16:17,-35.3,
20250428,11:16:17,-35.2,
20250428,11:16:17,-35,
20250428,11:16:18,-34.9,
20250428,11:16:18,-34.7,
20250428,11:16:18,-34.6,
20250428,11:16:18,-34.4,
20250428,11:16:19,-34.2,
20250428,11:16:19,-34.1,
20250428,11:16:19,-34,
20250428,11:16:19,-33.8,
20250428,11:16:20,-33.7,
20250428,11:16:20,-33.7,
20250428,11:16:20,-33.7,
20250428,11:16:21,-34,
20250428,11:16:21,-34.6,
20250428,11:16:21,-35.4,
20250428,11:16:21,-36.3,
20250428,11:16:22,-37.1,
20250428,11:16:22,-38.2,
20250428,11:16:22,-39.2,
20250428,11:16:23,-40.2,
20250428,11:16:23,-41,
20250428,11:16:23,-42.1,
20250428,11:16:23,-42.9,
20250428,11:16:24,-44,
20250428,11:16:24,-44.8,
20250428,11:16:24,-45.2,
20250428,11:16:24,-45.3,
20250428,11:16:25,-45.2,
20250428,11:16:25,-45.1,
20250428,11:16:25,-44.8,
20250428,11:16:26,-44.8,
20250428,11:16:26,-44.7,
20250428,11:16:26,-44.7,
20250428,11:16:26,-44.6,
20250428,11:16:27,-44.8,
20250428,11:16:27,-45.1,
20250428,11:16:27,-45.5,
20250428,11:16:27,-46,
20250428,11:16:28,-46.5,
20250428,11:16:28,-47.3,
20250428,11:16:28,-48.1,
20250428,11:16:29,-48.9,
20250428,11:16:29,-49.6,
20250428,11:16:29,-50.5,
20250428,11:16:29,-51.4,
20250428,11:16:30,-52.2,
20250428,11:16:30,-53,
20250428,11:16:30,-53.7,
20250428,11:16:31,-54.5,
20250428,11:16:31,-55.1,
20250428,11:16:31,-55.7,
20250428,11:16:31,-56.2,
20250428,11:16:32,-56.7,
20250428,11:16:32,-57.1,
20250428,11:16:32,-57.4,
20250428,11:16:32,-57.8,
20250428,11:16:33,-58,
20250428,11:16:33,-58.2,
20250428,11:16:33,-58.4,
20250428,11:16:34,-58.6,
20250428,11:16:34,-58.6,
20250428,11:16:34,-58.6,
20250428,11:16:34,-58.7,
20250428,11:16:35,-58.7,
20250428,11:16:35,-58.7,
20250428,11:16:35,-58.6,
20250428,11:16:36,-58.6,
20250428,11:16:36,-58.4,
20250428,11:16:36,-58.3,
20250428,11:16:36,-58.2,
20250428,11:16:37,-58.1,
20250428,11:16:37,-58,
20250428,11:16:37,-57.9,
20250428,11:16:37,-57.7,
20250428,11:16:38,-57.6,
20250428,11:16:38,-57.2,
20250428,11:16:38,-57,
20250428,11:16:39,-56.3,
20250428,11:16:39,-55.7,
20250428,11:16:39,-55.2,
20250428,11:16:39,-54.7,
20250428,11:16:40,-54.5,
20250428,11:16:40,-54.2,
20250428,11:16:40,-54.1,
20250428,11:16:41,-54,
20250428,11:16:41,-54,
20250428,11:16:41,-54.1,
20250428,11:16:41,-54.2,
20250428,11:16:42,-54.5,
20250428,11:16:42,-54.7,
20250428,11:16:42,-54.8,
20250428,11:16:42,-55.1,
20250428,11:16:43,-55.2,
20250428,11:16:43,-55.4,
20250428,11:16:43,-55.4,
20250428,11:16:44,-55.5,
20250428,11:16:44,-55.5,
20250428,11:16:44,-55.7,
20250428,11:16:44,-55.7,
20250428,11:16:45,-55.7,
20250428,11:16:45,-55.8,
20250428,11:16:45,-55.8,
20250428,11:16:45,-55.9,
20250428,11:16:46,-55.8,
20250428,11:16:46,-55.9,
20250428,11:16:46,-55.9,
20250428,11:16:47,-55.9,
20250428,11:16:47,-55.9,
20250428,11:16:47,-55.8,
20250428,11:16:47,-55.8,
20250428,11:16:48,-55.8,
20250428,11:16:48,-55.8,
20250428,11:16:48,-55.8,
20250428,11:16:49,-55.7,
20250428,11:16:49,-55.7,
20250428,11:16:49,-55.6,
20250428,11:16:49,-55.4,
20250428,11:16:50,-55.4,
20250428,11:16:50,-55.4,
20250428,11:16:50,-55.4,
20250428,11:16:51,-55.4,
20250428,11:16:51,-55.3,
20250428,11:16:51,-55.2,
20250428,11:16:51,-55.1,
20250428,11:16:52,-55.1,
20250428,11:16:52,-54.9,
20250428,11:16:52,-54.9,
20250428,11:16:52,-55.1,
20250428,11:16:53,-55,
20250428,11:16:53,-54.8,
20250428,11:16:53,-54.8,
20250428,11:16:54,-54.8,
20250428,11:16:54,-54.8,
20250428,11:16:54,-54.7,
20250428,11:16:54,-54.7,
20250428,11:16:55,-54.6,
20250428,11:16:55,-54.5,
20250428,11:16:55,-54.5,
20250428,11:16:55,-54.5,
20250428,11:16:56,-54.5,
20250428,11:16:56,-54.4,
20250428,11:16:56,-54.4,
20250428,11:16:57,-54.2,
20250428,11:16:57,-54.1,
20250428,11:16:57,-54,
20250428,11:16:57,-53.9,
20250428,11:16:58,-53.7,
20250428,11:16:58,-53.7,
20250428,11:16:58,-53.6,
20250428,11:16:59,-53.6,
20250428,11:16:59,-53.6,
20250428,11:16:59,-53.3,
20250428,11:16:59,-53.3,
20250428,11:17:00,-53.2,
20250428,11:17:00,-53,
20250428,11:17:00,-52.9,
20250428,11:17:00,-52.9,
20250428,11:17:01,-52.8,
20250428,11:17:01,-52.8,
20250428,11:17:01,-53.1,
20250428,11:17:02,-53.5,
20250428,11:17:02,-53.6,
20250428,11:17:02,-53.5,
20250428,11:17:02,-53.5,
20250428,11:17:03,-53.6,
20250428,11:17:03,-53.6,
20250428,11:17:03,-53.7,
20250428,11:17:04,-53.8,
20250428,11:17:04,-54,
20250428,11:17:04,-54,
20250428,11:17:04,-54.3,
20250428,11:17:05,-54.5,
20250428,11:17:05,-54.5,
20250428,11:17:05,-54.6,
20250428,11:17:05,-54.7,
20250428,11:17:06,-54.7,
20250428,11:17:06,-54.8,
20250428,11:17:06,-54.9,
20250428,11:17:07,-54.9,
20250428,11:17:07,-55,
20250428,11:17:07,-54.9,
20250428,11:17:07,-54.9,
20250428,11:17:08,-55,
20250428,11:17:08,-54.8,
20250428,11:17:08,-54.9,
20250428,11:17:08,-54.7,
20250428,11:17:09,-54.7,
20250428,11:17:09,-54.7,
20250428,11:17:09,-54.6,
20250428,11:17:10,-54.5,
20250428,11:17:10,-54.5,
20250428,11:17:10,-54.4,
20250428,11:17:10,-54.4,
20250428,11:17:11,-54.4,
20250428,11:17:11,-54.3,
20250428,11:17:11,-54.1,
20250428,11:17:12,-54,
20250428,11:17:12,-53.9,
20250428,11:17:12,-53.7,
20250428,11:17:12,-53.7,
20250428,11:17:13,-53.6,
20250428,11:17:13,-53.4,
20250428,11:17:13,-53.4,
20250428,11:17:13,-53.2,
20250428,11:17:14,-53.1,
20250428,11:17:14,-53,
20250428,11:17:14,-52.9,
20250428,11:17:15,-52.8,
20250428,11:17:15,-52.7,
20250428,11:17:15,-52.6,
20250428,11:17:15,-52.4,
20250428,11:17:16,-52.4,
20250428,11:17:16,-52.3,
20250428,11:17:16,-52.2,
20250428,11:17:17,-52.1,
20250428,11:17:17,-52,
20250428,11:17:17,-51.9,
20250428,11:17:17,-51.8,
20250428,11:17:18,-51.8,
20250428,11:17:18,-51.6,
20250428,11:17:18,-51.5,
20250428,11:17:18,-51.3,
20250428,11:17:19,-51.3,
20250428,11:17:19,-51.1,
20250428,11:17:19,-51,
20250428,11:17:20,-51,
20250428,11:17:20,-50.8,
20250428,11:17:20,-50.6,
20250428,11:17:20,-50.6,
20250428,11:17:21,-50.5,
20250428,11:17:21,-50.3,
20250428,11:17:21,-50.3,
20250428,11:17:22,-50.3,
20250428,11:17:22,-50.3,
20250428,11:17:22,-50.3,
20250428,11:17:22,-50.7,
20250428,11:17:23,-50.8,
20250428,11:17:23,-51.1,
20250428,11:17:23,-51.4,
20250428,11:17:23,-51.5,
20250428,11:17:24,-51.4,
20250428,11:17:24,-51.4,
20250428,11:17:24,-51.5,
20250428,11:17:25,-51.6,
20250428,11:17:25,-51.8,
20250428,11:17:25,-52,
20250428,11:17:25,-52.2,
20250428,11:17:26,-52.5,
20250428,11:17:26,-52.7,
20250428,11:17:26,-52.9,
20250428,11:17:26,-53.3,
20250428,11:17:27,-53.6,
20250428,11:17:27,-54,
20250428,11:17:27,-54.4,
20250428,11:17:28,-54.7,
20250428,11:17:28,-55.2,
20250428,11:17:28,-55.6,
20250428,11:17:28,-55.9,
20250428,11:17:29,-56.2,
20250428,11:17:29,-56.5,
20250428,11:17:29,-56.9,
20250428,11:17:30,-57.1,
20250428,11:17:30,-57.2,
20250428,11:17:30,-57.3,
20250428,11:17:30,-57.5,
20250428,11:17:31,-57.6,
20250428,11:17:31,-57.7,
20250428,11:17:31,-57.7,
20250428,11:17:32,-57.7,
20250428,11:17:32,-57.6,
20250428,11:17:32,-57.7,
20250428,11:17:32,-57.7,
20250428,11:17:33,-57.6,
20250428,11:17:33,-57.7,
20250428,11:17:33,-57.5,
20250428,11:17:33,-57.4,
20250428,11:17:34,-57.3,
20250428,11:17:34,-57.1,
20250428,11:17:34,-57.2,
20250428,11:17:35,-57.1,
20250428,11:17:35,-57.1,
20250428,11:17:35,-56.9,
20250428,11:17:35,-56.8,
20250428,11:17:36,-56.6,
20250428,11:17:36,-56.6,
20250428,11:17:36,-56.4,
20250428,11:17:36,-56.3,
20250428,11:17:37,-56.1,
20250428,11:17:37,-56,
20250428,11:17:37,-55.8,
20250428,11:17:38,-55.7,
20250428,11:17:38,-55.7,
20250428,11:17:38,-55.4,
20250428,11:17:38,-55.4,
20250428,11:17:39,-55.4,
20250428,11:17:39,-55.1,
20250428,11:17:39,-54.8,
20250428,11:17:40,-54.9,
20250428,11:17:40,-54.8,
20250428,11:17:40,-54.5,
20250428,11:17:40,-54.5,
20250428,11:17:41,-54.4,
20250428,11:17:41,-54.1,
20250428,11:17:41,-54,
20250428,11:17:41,-53.8,
20250428,11:17:42,-53.7,
20250428,11:17:42,-53.7,
20250428,11:17:42,-53.6,
20250428,11:17:43,-53.4,
20250428,11:17:43,-53.2,
20250428,11:17:43,-53,
20250428,11:17:43,-52.9,
20250428,11:17:44,-52.9,
20250428,11:17:44,-52.7,
20250428,11:17:44,-52.5,
20250428,11:17:45,-52.4,
20250428,11:17:45,-52.2,
20250428,11:17:45,-52.1,
20250428,11:17:45,-52,
20250428,11:17:46,-51.9,
20250428,11:17:46,-51.9,
20250428,11:17:46,-51.7,
20250428,11:17:46,-51.6,
20250428,11:17:47,-51.6,
20250428,11:17:47,-51.5,
20250428,11:17:47,-51.4,
20250428,11:17:48,-51.4,
20250428,11:17:48,-51.3,
20250428,11:17:48,-51.3,
20250428,11:17:48,-51.2,
20250428,11:17:49,-51.1,
20250428,11:17:49,-51.1,
20250428,11:17:49,-50.8,
20250428,11:17:49,-50.8,
20250428,11:17:50,-50.6,
20250428,11:17:50,-50.5,
20250428,11:17:50,-50.4,
20250428,11:17:51,-50.3,
20250428,11:17:51,-50.2,
20250428,11:17:51,-50.1,
20250428,11:17:51,-50,
20250428,11:17:52,-49.9,
20250428,11:17:52,-49.7,
20250428,11:17:52,-49.5,
20250428,11:17:53,-49.4,
20250428,11:17:53,-49.4,
20250428,11:17:53,-49.1,
20250428,11:17:53,-49.1,
20250428,11:17:54,-48.9,
20250428,11:17:54,-48.8,
20250428,11:17:54,-48.5,
20250428,11:17:54,-48.5,
20250428,11:17:55,-48.5,
20250428,11:17:55,-48.2,
20250428,11:17:55,-48.1,
20250428,11:17:56,-48,
20250428,11:17:56,-47.8,
20250428,11:17:56,-47.7,
20250428,11:17:56,-47.7,
20250428,11:17:57,-47.6,
20250428,11:17:57,-47.5,
20250428,11:17:57,-47.4,
20250428,11:17:58,-47.2,
20250428,11:17:58,-47.1,
20250428,11:17:58,-46.9,
20250428,11:17:58,-46.8,
20250428,11:17:59,-46.8,
20250428,11:17:59,-46.7,
20250428,11:17:59,-46.6,
20250428,11:17:59,-46.4,
20250428,11:18:00,-46.3,
20250428,11:18:00,-46.2,
20250428,11:18:00,-46.1,
20250428,11:18:01,-46,
20250428,11:18:01,-45.9,
20250428,11:18:01,-45.8,
20250428,11:18:01,-45.7,
20250428,11:18:02,-45.4,
20250428,11:18:02,-45.4,
20250428,11:18:02,-45.3,
20250428,11:18:03,-45.1,
20250428,11:18:03,-45.1,
20250428,11:18:03,-45,
20250428,11:18:03,-44.9,
20250428,11:18:04,-44.6,
20250428,11:18:04,-44.6,
20250428,11:18:04,-44.4,
20250428,11:18:04,-44.3,
20250428,11:18:05,-44.3,
20250428,11:18:05,-44,
20250428,11:18:05,-43.9,
20250428,11:18:06,-43.8,
20250428,11:18:06,-43.7,
20250428,11:18:06,-43.6,
20250428,11:18:06,-43.5,
20250428,11:18:07,-43.4,
20250428,11:18:07,-43.3,
20250428,11:18:07,-43.1,
20250428,11:18:07,-43,
20250428,11:18:08,-42.9,
20250428,11:18:08,-42.8,
20250428,11:18:08,-42.6,
20250428,11:18:09,-42.5,
20250428,11:18:09,-42.5,
20250428,11:18:09,-42.3,
20250428,11:18:09,-42.3,
20250428,11:18:10,-42.1,
20250428,11:18:10,-42,
20250428,11:18:10,-41.8,
20250428,11:18:11,-41.7,
20250428,11:18:11,-41.7,
20250428,11:18:11,-41.7,
20250428,11:18:11,-41.6,
20250428,11:18:12,-41.5,
20250428,11:18:12,-41.3,
20250428,11:18:12,-41.3,
20250428,11:18:13,-41.1,
20250428,11:18:13,-40.9,
20250428,11:18:13,-41,
20250428,11:18:13,-40.9,
20250428,11:18:14,-40.7,
20250428,11:18:14,-40.7,
20250428,11:18:14,-40.5,
20250428,11:18:14,-40.3,
20250428,11:18:15,-40.3,
20250428,11:18:15,-40.1,
20250428,11:18:15,-40,
20250428,11:18:16,-40,
20250428,11:18:16,-39.9,
20250428,11:18:16,-39.8,
20250428,11:18:16,-39.7,
20250428,11:18:17,-39.5,
20250428,11:18:17,-39.4,
20250428,11:18:17,-39.3,
20250428,11:18:17,-39.2,
20250428,11:18:18,-39.2,
20250428,11:18:18,-39.1,
20250428,11:18:18,-38.9,
20250428,11:18:19,-38.9,
20250428,11:18:19,-38.7,
20250428,11:18:19,-38.6,
20250428,11:18:19,-38.5,
20250428,11:18:20,-38.5,
20250428,11:18:20,-38.3,
20250428,11:18:20,-38.2,
20250428,11:18:21,-38.3,
20250428,11:18:21,-38.2,
20250428,11:18:21,-38.1,
20250428,11:18:21,-37.9,
20250428,11:18:22,-37.8,
20250428,11:18:22,-37.6,
20250428,11:18:22,-37.5,
20250428,11:18:22,-37.4,
20250428,11:18:23,-37.4,
20250428,11:18:23,-37.3,
20250428,11:18:23,-37.1,
20250428,11:18:24,-37,
20250428,11:18:24,-36.8,
20250428,11:18:24,-36.6,
20250428,11:18:24,-36.6,
20250428,11:18:25,-36.5,
20250428,11:18:25,-36.3,
20250428,11:18:25,-36.3,
20250428,11:18:26,-36.1,
20250428,11:18:26,-36,
20250428,11:18:26,-35.9,
20250428,11:18:26,-35.8,
20250428,11:18:27,-35.7,
20250428,11:18:27,-35.7,
20250428,11:18:27,-35.6,
20250428,11:18:27,-35.4,
20250428,11:18:28,-35.4,
20250428,11:18:28,-35.1,
20250428,11:18:28,-35.1,
20250428,11:18:29,-35,
20250428,11:18:29,-34.9,
20250428,11:18:29,-34.9,
20250428,11:18:29,-34.9,
20250428,11:18:30,-34.8,
20250428,11:18:30,-34.7,
20250428,11:18:30,-34.6,
20250428,11:18:30,-34.5,
20250428,11:18:31,-34.5,
20250428,11:18:31,-34.5,
20250428,11:18:31,-34.3,
20250428,11:18:32,-34.3,
20250428,11:18:32,-34.1,
20250428,11:18:32,-34.1,
20250428,11:18:32,-34,
20250428,11:18:33,-33.9,
20250428,11:18:33,-33.9,
20250428,11:18:33,-33.8,
20250428,11:18:34,-33.6,
20250428,11:18:34,-33.6,
20250428,11:18:34,-33.5,
20250428,11:18:34,-33.4,
20250428,11:18:35,-33.4,
20250428,11:18:35,-33.2,
20250428,11:18:35,-33.2,
20250428,11:18:35,-33.2,
20250428,11:18:36,-33.1,
20250428,11:18:36,-33.1,
20250428,11:18:36,-33,
20250428,11:18:37,-32.9,
20250428,11:18:37,-32.9,
20250428,11:18:37,-32.8,
20250428,11:18:37,-32.6,
20250428,11:18:38,-32.6,
20250428,11:18:38,-32.5,
20250428,11:18:38,-32.5,
20250428,11:18:39,-32.3,
20250428,11:18:39,-32.3,
20250428,11:18:39,-32.2,
20250428,11:18:39,-32.1,
20250428,11:18:40,-32,
20250428,11:18:40,-32,
20250428,11:18:40,-31.9,
20250428,11:18:40,-31.8,
20250428,11:18:41,-31.8,
20250428,11:18:41,-31.7,
20250428,11:18:41,-31.6,
20250428,11:18:42,-31.5,
20250428,11:18:42,-31.5,
20250428,11:18:42,-31.5,
20250428,11:18:42,-31.4,
20250428,11:18:43,-31.4,
20250428,11:18:43,-31.3,
20250428,11:18:43,-31.3,
20250428,11:18:44,-31.1,
20250428,11:18:44,-31.1,
20250428,11:18:44,-31,
20250428,11:18:44,-31,
20250428,11:18:45,-30.8,
20250428,11:18:45,-30.7,
20250428,11:18:45,-30.7,
20250428,11:18:45,-30.6,
20250428,11:18:46,-30.6,
20250428,11:18:46,-30.6,
20250428,11:18:46,-30.5,
20250428,11:18:47,-30.4,
20250428,11:18:47,-30.4,
20250428,11:18:47,-30.3,
20250428,11:18:47,-30.3,
20250428,11:18:48,-30.2,
20250428,11:18:48,-30.1,
20250428,11:18:48,-30.1,
20250428,11:18:48,-29.9,
20250428,11:18:49,-29.9,
20250428,11:18:49,-29.9,
20250428,11:18:49,-29.8,
20250428,11:18:50,-29.8,
20250428,11:18:50,-29.7,
20250428,11:18:50,-29.6,
20250428,11:18:50,-29.6,
20250428,11:18:51,-29.6,
20250428,11:18:51,-29.6,
20250428,11:18:51,-29.5,
20250428,11:18:52,-29.5,
20250428,11:18:52,-29.4,
20250428,11:18:52,-29.4,
20250428,11:18:52,-29.3,
20250428,11:18:53,-29.3,
20250428,11:18:53,-29.2,
20250428,11:18:53,-29.2,
20250428,11:18:54,-29.2,
20250428,11:18:54,-29.1,
20250428,11:18:54,-29.1,
20250428,11:18:54,-29,
20250428,11:18:55,-29,
20250428,11:18:55,-29,
20250428,11:18:55,-28.9,
20250428,11:18:55,-28.9,
20250428,11:18:56,-28.9,
20250428,11:18:56,-28.9,
20250428,11:18:56,-28.8,
20250428,11:18:57,-28.8,
20250428,11:18:57,-28.8,
20250428,11:18:57,-28.7,
20250428,11:18:57,-28.7,
20250428,11:18:58,-28.6,
20250428,11:18:58,-28.6,
20250428,11:18:58,-28.5,
20250428,11:18:58,-28.5,
20250428,11:18:59,-28.4,
20250428,11:18:59,-28.4,
20250428,11:18:59,-28.3,
20250428,11:19:00,-28.3,
20250428,11:19:00,-28.2,
20250428,11:19:00,-28.2,
20250428,11:19:00,-28.1,
20250428,11:19:01,-28.1,
20250428,11:19:01,-28.1,
20250428,11:19:01,-28,
20250428,11:19:02,-28,
20250428,11:19:02,-28,
20250428,11:19:02,-28,
20250428,11:19:02,-27.9,
20250428,11:19:03,-27.8,
20250428,11:19:03,-27.7,
20250428,11:19:03,-27.7,
20250428,11:19:03,-27.6,
20250428,11:19:04,-27.6,
20250428,11:19:04,-26.8,
20250428,11:19:04,-26.3,
20250428,11:19:05,-27.2,
20250428,11:19:05,-28.6,
20250428,11:19:05,-29.7,
20250428,11:19:05,-30,
20250428,11:19:06,-30.1,
20250428,11:19:06,-30.3,
20250428,11:19:06,-31.2,
20250428,11:19:07,-32,
20250428,11:19:07,-32.9,
20250428,11:19:07,-33.9,
20250428,11:19:07,-34.8,
20250428,11:19:08,-35.7,
20250428,11:19:08,-36.5,
20250428,11:19:08,-37.1,
20250428,11:19:08,-37.7,
20250428,11:19:09,-38.2,
20250428,11:19:09,-38.6,
20250428,11:19:09,-39.1,
20250428,11:19:10,-39.6,
20250428,11:19:10,-40.3,
20250428,11:19:10,-41.2,
20250428,11:19:10,-41.9,
20250428,11:19:11,-42.3,
20250428,11:19:11,-42.4,
20250428,11:19:11,-42.6,
20250428,11:19:11,-43,
20250428,11:19:12,-43.4,
20250428,11:19:12,-43.7,
20250428,11:19:12,-44.3,
20250428,11:19:13,-44.8,
20250428,11:19:13,-45.4,
20250428,11:19:13,-46,
20250428,11:19:13,-46.8,
20250428,11:19:14,-47.5,
20250428,11:19:14,-48.1,
20250428,11:19:14,-48.9,
20250428,11:19:15,-49.8,
20250428,11:19:15,-50.7,
20250428,11:19:15,-51.6,
20250428,11:19:15,-52.5,
20250428,11:19:16,-53.5,
20250428,11:19:16,-54.4,
20250428,11:19:16,-55.2,
20250428,11:19:16,-56,
20250428,11:19:17,-56.8,
20250428,11:19:17,-57.5,
20250428,11:19:17,-58.1,
20250428,11:19:18,-58.6,
20250428,11:19:18,-58.8,
20250428,11:19:18,-58.7,
20250428,11:19:18,-58.7,
20250428,11:19:19,-58.8,
20250428,11:19:19,-58.8,
20250428,11:19:19,-59,
20250428,11:19:20,-59.2,
20250428,11:19:20,-59.5,
20250428,11:19:20,-59.8,
20250428,11:19:20,-59.9,
20250428,11:19:21,-60.2,
20250428,11:19:21,-60.3,
20250428,11:19:21,-60.5,
20250428,11:19:21,-60.5,
20250428,11:19:22,-60.5,
20250428,11:19:22,-60.6,
20250428,11:19:22,-60.5,
20250428,11:19:23,-60.6,
20250428,11:19:23,-60.5,
20250428,11:19:23,-60.5,
20250428,11:19:23,-60.5,
20250428,11:19:24,-60.5,
20250428,11:19:24,-60.4,
20250428,11:19:24,-60.4,
20250428,11:19:25,-60.4,
20250428,11:19:25,-60.4,
20250428,11:19:25,-59.6,
20250428,11:19:25,-58.8,
20250428,11:19:26,-57.9,
20250428,11:19:26,-57.1,
20250428,11:19:26,-56.2,
20250428,11:19:26,-55.4,
20250428,11:19:27,-54.6,
20250428,11:19:27,-53.9,
20250428,11:19:27,-53.3,
20250428,11:19:28,-53,
20250428,11:19:28,-52.8,
20250428,11:19:28,-52.7,
20250428,11:19:28,-52.7,
20250428,11:19:29,-52.8,
20250428,11:19:29,-52.9,
20250428,11:19:29,-53.1,
20250428,11:19:30,-53.5,
20250428,11:19:30,-53.7,
20250428,11:19:30,-53.9,
20250428,11:19:30,-54.3,
20250428,11:19:31,-54.6,
20250428,11:19:31,-55,
20250428,11:19:31,-55.3,
20250428,11:19:31,-55.6,
20250428,11:19:32,-55.9,
20250428,11:19:32,-56.2,
20250428,11:19:32,-56.5,
20250428,11:19:33,-56.7,
20250428,11:19:33,-57,
20250428,11:19:33,-57.2,
20250428,11:19:33,-57.5,
20250428,11:19:34,-57.7,
20250428,11:19:34,-57.9,
20250428,11:19:34,-58.1,
20250428,11:19:35,-58.4,
20250428,11:19:35,-58.6,
20250428,11:19:35,-58.8,
20250428,11:19:35,-58.9,
20250428,11:19:36,-58.9,
20250428,11:19:36,-58.8,
20250428,11:19:36,-58.8,
20250428,11:19:36,-58.8,
20250428,11:19:37,-58.8,
20250428,11:19:37,-58.6,
20250428,11:19:37,-58.2,
20250428,11:19:38,-57.8,
20250428,11:19:38,-57.1,
20250428,11:19:38,-56.6,
20250428,11:19:38,-56.1,
20250428,11:19:39,-55.5,
20250428,11:19:39,-55,
20250428,11:19:39,-54.5,
20250428,11:19:39,-54.2,
20250428,11:19:40,-53.8,
20250428,11:19:40,-53.7,
20250428,11:19:40,-53.6,
20250428,11:19:41,-53.7,
20250428,11:19:41,-53.7,
20250428,11:19:41,-53.9,
20250428,11:19:41,-54.1,
20250428,11:19:42,-54.5,
20250428,11:19:42,-54.7,
20250428,11:19:42,-55.1,
20250428,11:19:43,-55.4,
20250428,11:19:43,-55.4,
20250428,11:19:43,-55.1,
20250428,11:19:43,-54.6,
20250428,11:19:44,-54.1,
20250428,11:19:44,-53.7,
20250428,11:19:44,-53.3,
20250428,11:19:44,-53,
20250428,11:19:45,-52.9,
20250428,11:19:45,-52.9,
20250428,11:19:45,-53,
20250428,11:19:46,-53.1,
20250428,11:19:46,-53.4,
20250428,11:19:46,-53.7,
20250428,11:19:46,-54.1,
20250428,11:19:47,-54.5,
20250428,11:19:47,-54.9,
20250428,11:19:47,-55.4,
20250428,11:19:48,-55.8,
20250428,11:19:48,-56.2,
20250428,11:19:48,-56.7,
20250428,11:19:48,-57.2,
20250428,11:19:49,-57.6,
20250428,11:19:49,-57.9,
20250428,11:19:49,-58.4,
20250428,11:19:49,-58.8,
20250428,11:19:50,-59.2,
20250428,11:19:50,-59.6,
20250428,11:19:50,-59.8,
20250428,11:19:51,-60.2,
20250428,11:19:51,-60.5,
20250428,11:19:51,-60.8,
20250428,11:19:51,-61.1,
20250428,11:19:52,-61.4,
20250428,11:19:52,-61.5,
20250428,11:19:52,-61.8,
20250428,11:19:52,-62,
20250428,11:19:53,-62.2,
20250428,11:19:53,-62.3,
20250428,11:19:53,-62.4,
20250428,11:19:54,-62.6,
20250428,11:19:54,-62.7,
20250428,11:19:54,-62.9,
20250428,11:19:54,-62.9,
20250428,11:19:55,-63,
20250428,11:19:55,-63.1,
20250428,11:19:55,-63.1,
20250428,11:19:56,-63.1,
20250428,11:19:56,-63.2,
20250428,11:19:56,-63.6,
20250428,11:19:56,-63.9,
20250428,11:19:57,-63.6,
20250428,11:19:57,-63,
20250428,11:19:57,-61.9,
20250428,11:19:58,-61.2,
20250428,11:19:58,-60.5,
20250428,11:19:58,-60,
20250428,11:19:58,-59.7,
20250428,11:19:59,-59.4,
20250428,11:19:59,-59.1,
20250428,11:19:59,-58.9,
20250428,11:19:59,-58.8,
20250428,11:20:00,-58.6,
20250428,11:20:00,-58.4,
20250428,11:20:00,-58.4,
20250428,11:20:01,-58.4,
20250428,11:20:01,-58.5,
20250428,11:20:01,-58.7,
20250428,11:20:01,-58.8,
20250428,11:20:02,-59.2,
20250428,11:20:02,-59.4,
20250428,11:20:02,-59.6,
20250428,11:20:02,-59.7,
20250428,11:20:03,-59.7,
20250428,11:20:03,-59.7,
20250428,11:20:03,-59.6,
20250428,11:20:04,-59.6,
20250428,11:20:04,-59.7,
20250428,11:20:04,-59.7,
20250428,11:20:04,-59.9,
20250428,11:20:05,-60.1,
20250428,11:20:05,-60.3,
20250428,11:20:05,-60.5,
20250428,11:20:06,-60.5,
20250428,11:20:06,-60.5,
20250428,11:20:06,-60.6,
20250428,11:20:06,-60.7,
20250428,11:20:07,-60.7,
20250428,11:20:07,-60.9,
20250428,11:20:07,-61,
20250428,11:20:07,-61.2,
20250428,11:20:08,-61.3,
20250428,11:20:08,-61.4,
20250428,11:20:08,-61.5,
20250428,11:20:09,-61.6,
20250428,11:20:09,-61.7,
20250428,11:20:09,-61.9,
20250428,11:20:09,-61.9,
20250428,11:20:10,-62.2,
20250428,11:20:10,-62.3,
20250428,11:20:10,-62.6,
20250428,11:20:11,-62.6,
20250428,11:20:11,-62.4,
20250428,11:20:11,-62.2,
20250428,11:20:11,-61.7,
20250428,11:20:12,-61.1,
20250428,11:20:12,-60.5,
20250428,11:20:12,-60.1,
20250428,11:20:12,-59.6,
20250428,11:20:13,-59.3,
20250428,11:20:13,-59.1,
20250428,11:20:13,-59,
20250428,11:20:14,-58.9,
20250428,11:20:14,-58.8,
20250428,11:20:14,-59,
20250428,11:20:14,-59.1,
20250428,11:20:15,-59.2,
20250428,11:20:15,-59.4,
20250428,11:20:15,-59.6,
20250428,11:20:16,-59.7,
20250428,11:20:16,-60,
20250428,11:20:16,-60.4,
20250428,11:20:16,-60.5,
20250428,11:20:17,-60.5,
20250428,11:20:17,-60.4,
20250428,11:20:17,-60.1,
20250428,11:20:17,-59.9,
20250428,11:20:18,-59.6,
20250428,11:20:18,-59.6,
20250428,11:20:18,-59.4,
20250428,11:20:19,-59.1,
20250428,11:20:19,-58.7,
20250428,11:20:19,-58.2,
20250428,11:20:19,-57.7,
20250428,11:20:20,-57.2,
20250428,11:20:20,-56.9,
20250428,11:20:20,-56.6,
20250428,11:20:20,-56.4,
20250428,11:20:21,-56.4,
20250428,11:20:21,-56.3,
20250428,11:20:21,-56.3,
20250428,11:20:22,-56.2,
20250428,11:20:22,-56.2,
20250428,11:20:22,-56.1,
20250428,11:20:22,-55.9,
20250428,11:20:23,-55.7,
20250428,11:20:23,-55.3,
20250428,11:20:23,-54.8,
20250428,11:20:24,-54.3,
20250428,11:20:24,-53.7,
20250428,11:20:24,-53.2,
20250428,11:20:24,-52.7,
20250428,11:20:25,-52,
20250428,11:20:25,-51.6,
20250428,11:20:25,-51.1,
20250428,11:20:25,-50.6,
20250428,11:20:26,-50.3,
20250428,11:20:26,-49.9,
20250428,11:20:26,-49.7,
20250428,11:20:27,-49.5,
20250428,11:20:27,-49.4,
20250428,11:20:27,-49.3,
20250428,11:20:27,-49.1,
20250428,11:20:28,-49,
20250428,11:20:28,-48.9,
20250428,11:20:28,-48.9,
20250428,11:20:29,-48.9,
20250428,11:20:29,-48.7,
20250428,11:20:29,-48.6,
20250428,11:20:29,-48.6,
20250428,11:20:30,-48.5,
20250428,11:20:30,-48.7,
20250428,11:20:30,-48.8,
20250428,11:20:30,-48.9,
20250428,11:20:31,-49.1,
20250428,11:20:31,-49.2,
20250428,11:20:31,-49.4,
20250428,11:20:32,-49.6,
20250428,11:20:32,-49.9,
20250428,11:20:32,-50.1,
20250428,11:20:32,-50.4,
20250428,11:20:33,-50.6,
20250428,11:20:33,-51,
20250428,11:20:33,-51.1,
20250428,11:20:33,-51.2,
20250428,11:20:34,-51.2,
20250428,11:20:34,-51.3,
20250428,11:20:34,-51.4,
20250428,11:20:35,-51.3,
20250428,11:20:35,-51.5,
20250428,11:20:35,-51.5,
20250428,11:20:35,-51.7,
20250428,11:20:36,-51.9,
20250428,11:20:36,-52,
20250428,11:20:36,-52.2,
20250428,11:20:37,-52.4,
20250428,11:20:37,-52.7,
20250428,11:20:37,-52.9,
20250428,11:20:37,-53.3,
20250428,11:20:38,-53.7,
20250428,11:20:38,-53.8,
20250428,11:20:38,-54,
20250428,11:20:38,-53.8,
20250428,11:20:39,-53.7,
20250428,11:20:39,-53.6,
20250428,11:20:39,-53.5,
20250428,11:20:40,-53.4,
20250428,11:20:40,-53.4,
20250428,11:20:40,-53.5,
20250428,11:20:40,-53.7,
20250428,11:20:41,-53.7,
20250428,11:20:41,-53.9,
20250428,11:20:41,-54.1,
20250428,11:20:42,-54.4,
20250428,11:20:42,-54.5,
20250428,11:20:42,-54.7,
20250428,11:20:42,-55,
20250428,11:20:43,-55.2,
20250428,11:20:43,-55.4,
20250428,11:20:43,-55.6,
20250428,11:20:43,-55.8,
20250428,11:20:44,-56,
20250428,11:20:44,-56.2,
20250428,11:20:44,-56.4,
20250428,11:20:45,-56.5,
20250428,11:20:45,-56.8,
20250428,11:20:45,-56.9,
20250428,11:20:45,-57.1,
20250428,11:20:46,-57.1,
20250428,11:20:46,-57.3,
20250428,11:20:46,-57.4,
20250428,11:20:47,-57.6,
20250428,11:20:47,-57.7,
20250428,11:20:47,-57.8,
20250428,11:20:47,-58,
20250428,11:20:48,-58.4,
20250428,11:20:48,-58.5,
20250428,11:20:48,-58.4,
20250428,11:20:48,-58,
20250428,11:20:49,-57.7,
20250428,11:20:49,-57.4,
20250428,11:20:49,-57.1,
20250428,11:20:50,-57,
20250428,11:20:50,-56.9,
20250428,11:20:50,-56.8,
20250428,11:20:50,-56.9,
20250428,11:20:51,-56.9,
20250428,11:20:51,-57,
20250428,11:20:51,-57.1,
20250428,11:20:52,-57.2,
20250428,11:20:52,-57.3,
20250428,11:20:52,-57.4,
20250428,11:20:52,-57.5,
20250428,11:20:53,-57.7,
20250428,11:20:53,-57.7,
20250428,11:20:53,-57.9,
20250428,11:20:53,-57.9,
20250428,11:20:54,-58.1,
20250428,11:20:54,-58.3,
20250428,11:20:54,-58.4,
20250428,11:20:55,-58.5,
20250428,11:20:55,-58.7,
20250428,11:20:55,-58.8,
20250428,11:20:55,-58.8,
20250428,11:20:56,-58.9,
20250428,11:20:56,-58.8,
20250428,11:20:56,-58.6,
20250428,11:20:57,-58.1,
20250428,11:20:57,-57.9,
20250428,11:20:57,-57.7,
20250428,11:20:57,-57.4,
20250428,11:20:58,-57.3,
20250428,11:20:58,-57.3,
20250428,11:20:58,-57.2,
20250428,11:20:58,-57.3,
20250428,11:20:59,-57.3,
20250428,11:20:59,-57.4,
20250428,11:20:59,-57.6,
20250428,11:21:00,-57.7,
20250428,11:21:00,-57.7,
20250428,11:21:00,-57.9,
20250428,11:21:00,-57.9,
20250428,11:21:01,-58.1,
20250428,11:21:01,-58.2,
20250428,11:21:01,-58.3,
20250428,11:21:01,-58.4,
20250428,11:21:02,-58.6,
20250428,11:21:02,-58.7,
20250428,11:21:02,-58.8,
20250428,11:21:03,-58.9,
20250428,11:21:03,-59,
20250428,11:21:03,-59,
20250428,11:21:03,-59.1,
20250428,11:21:04,-59.1,
20250428,11:21:04,-59.2,
20250428,11:21:04,-59.2,
20250428,11:21:05,-59.4,
20250428,11:21:05,-59.4,
20250428,11:21:05,-59.5,
20250428,11:21:05,-59.5,
20250428,11:21:06,-59.6,
20250428,11:21:06,-59.7,
20250428,11:21:06,-59.6,
20250428,11:21:06,-59.7,
20250428,11:21:07,-59.7,
20250428,11:21:07,-59.7,
20250428,11:21:07,-59.7,
20250428,11:21:08,-59.7,
20250428,11:21:08,-59.6,
20250428,11:21:08,-59.7,
20250428,11:21:08,-59.7,
20250428,11:21:09,-59.8,
20250428,11:21:09,-59.8,
20250428,11:21:09,-59.8,
20250428,11:21:10,-59.7,
20250428,11:21:10,-59.7,
20250428,11:21:10,-59.6,
20250428,11:21:10,-59.6,
20250428,11:21:11,-59.6,
20250428,11:21:11,-59.6,
20250428,11:21:11,-59.6,
20250428,11:21:11,-59.6,
20250428,11:21:12,-59.6,
20250428,11:21:12,-59.6,
20250428,11:21:12,-59.6,
20250428,11:21:13,-59.6,
20250428,11:21:13,-59.6,
20250428,11:21:13,-59.7,
20250428,11:21:13,-59.7,
20250428,11:21:14,-59.7,
20250428,11:21:14,-59.7,
20250428,11:21:14,-59.8,
20250428,11:21:14,-59.8,
20250428,11:21:15,-59.8,
20250428,11:21:15,-60,
20250428,11:21:15,-60.1,
20250428,11:21:16,-59.8,
20250428,11:21:16,-59.2,
20250428,11:21:16,-58.6,
20250428,11:21:16,-57.9,
20250428,11:21:17,-57.1,
20250428,11:21:17,-56.3,
20250428,11:21:17,-55.5,
20250428,11:21:18,-54.6,
20250428,11:21:18,-53.9,
20250428,11:21:18,-53.3,
20250428,11:21:18,-52.7,
20250428,11:21:19,-52.1,
20250428,11:21:19,-51.7,
20250428,11:21:19,-51.3,
20250428,11:21:19,-51.1,
20250428,11:21:20,-50.9,
20250428,11:21:20,-50.7,
20250428,11:21:20,-50.5,
20250428,11:21:21,-50.4,
20250428,11:21:21,-50.3,
20250428,11:21:21,-50.3,
20250428,11:21:21,-50.3,
20250428,11:21:22,-50.3,
20250428,11:21:22,-50.4,
20250428,11:21:22,-50.5,
20250428,11:21:23,-50.5,
20250428,11:21:23,-50.7,
20250428,11:21:23,-51,
20250428,11:21:23,-51.1,
20250428,11:21:24,-51.4,
20250428,11:21:24,-51.6,
20250428,11:21:24,-51.9,
20250428,11:21:24,-52,
20250428,11:21:25,-52.3,
20250428,11:21:25,-52.4,
20250428,11:21:25,-52.6,
20250428,11:21:26,-52.8,
20250428,11:21:26,-53,
20250428,11:21:26,-53.1,
20250428,11:21:26,-53.3,
20250428,11:21:27,-53.5,
20250428,11:21:27,-53.6,
20250428,11:21:27,-53.7,
20250428,11:21:28,-53.8,
20250428,11:21:28,-53.8,
20250428,11:21:28,-53.7,
20250428,11:21:28,-53.8,
20250428,11:21:29,-53.8,
20250428,11:21:29,-53.8,
20250428,11:21:29,-53.9,
20250428,11:21:29,-53.9,
20250428,11:21:30,-53.8,
20250428,11:21:30,-54,
20250428,11:21:30,-54.1,
20250428,11:21:31,-54.3,
20250428,11:21:31,-54.5,
20250428,11:21:31,-54.5,
20250428,11:21:31,-54.7,
20250428,11:21:32,-54.8,
20250428,11:21:32,-55,
20250428,11:21:32,-55,
20250428,11:21:33,-55.2,
20250428,11:21:33,-55.3,
20250428,11:21:33,-55.4,
20250428,11:21:33,-55.4,
20250428,11:21:34,-55.5,
20250428,11:21:34,-55.6,
20250428,11:21:34,-55.7,
20250428,11:21:34,-55.8,
20250428,11:21:35,-56,
20250428,11:21:35,-56.1,
20250428,11:21:35,-56.2,
20250428,11:21:36,-56.2,
20250428,11:21:36,-56.4,
20250428,11:21:36,-56.7,
20250428,11:21:36,-57,
20250428,11:21:37,-57,
20250428,11:21:37,-56.9,
20250428,11:21:37,-56.6,
20250428,11:21:38,-56.3,
20250428,11:21:38,-56.2,
20250428,11:21:38,-56,
20250428,11:21:38,-55.8,
20250428,11:21:39,-55.8,
20250428,11:21:39,-55.8,
20250428,11:21:39,-55.9,
20250428,11:21:39,-56,
20250428,11:21:40,-56.1,
20250428,11:21:40,-56.2,
20250428,11:21:40,-56.3,
20250428,11:21:41,-56.5,
20250428,11:21:41,-56.6,
20250428,11:21:41,-56.8,
20250428,11:21:41,-56.9,
20250428,11:21:42,-57.1,
20250428,11:21:42,-57.2,
20250428,11:21:42,-57.3,
20250428,11:21:42,-57.5,
20250428,11:21:43,-57.6,
20250428,11:21:43,-57.7,
20250428,11:21:43,-57.9,
20250428,11:21:44,-57.9,
20250428,11:21:44,-58,
20250428,11:21:44,-58.1,
20250428,11:21:44,-58.2,
20250428,11:21:45,-58.2,
20250428,11:21:45,-58.4,
20250428,11:21:45,-58.4,
20250428,11:21:46,-58.5,
20250428,11:21:46,-58.5,
20250428,11:21:46,-58.6,
20250428,11:21:46,-58.7,
20250428,11:21:47,-58.7,
20250428,11:21:47,-58.7,
20250428,11:21:47,-58.8,
20250428,11:21:47,-58.8,
20250428,11:21:48,-58.8,
20250428,11:21:48,-58.8,
20250428,11:21:48,-59,
20250428,11:21:49,-59.3,
20250428,11:21:49,-59.5,
20250428,11:21:49,-59.5,
20250428,11:21:49,-59.4,
20250428,11:21:50,-59.3,
20250428,11:21:50,-59.1,
20250428,11:21:50,-59,
20250428,11:21:51,-58.9,
20250428,11:21:51,-58.7,
20250428,11:21:51,-58.7,
20250428,11:21:51,-58.7,
20250428,11:21:52,-58.7,
20250428,11:21:52,-58.7,
20250428,11:21:52,-58.8,
20250428,11:21:52,-58.8,
20250428,11:21:53,-58.8,
20250428,11:21:53,-58.8,
20250428,11:21:53,-58.9,
20250428,11:21:54,-59,
20250428,11:21:54,-59,
20250428,11:21:54,-59,
20250428,11:21:54,-59.1,
20250428,11:21:55,-59.1,
20250428,11:21:55,-59,
20250428,11:21:55,-59,
20250428,11:21:55,-59.1,
20250428,11:21:56,-59,
20250428,11:21:56,-59,
20250428,11:21:56,-59.1,
20250428,11:21:57,-59.2,
20250428,11:21:57,-59.3,
20250428,11:21:57,-59.5,
20250428,11:21:57,-59.6,
20250428,11:21:58,-59.7,
20250428,11:21:58,-60,
20250428,11:21:58,-60.1,
20250428,11:21:59,-60.2,
20250428,11:21:59,-60.2,
20250428,11:21:59,-60.2,
20250428,11:21:59,-60.2,
20250428,11:22:00,-60,
20250428,11:22:00,-60,
20250428,11:22:00,-60,
20250428,11:22:00,-60,
20250428,11:22:01,-60,
20250428,11:22:01,-60,
20250428,11:22:01,-60,
20250428,11:22:02,-60,
20250428,11:22:02,-60,
20250428,11:22:02,-60,
20250428,11:22:02,-60,
20250428,11:22:03,-60,
20250428,11:22:03,-60,
20250428,11:22:03,-60,
20250428,11:22:04,-60,
20250428,11:22:04,-60,
20250428,11:22:04,-59.9,
20250428,11:22:04,-59.9,
20250428,11:22:05,-59.8,
20250428,11:22:05,-59.7,
20250428,11:22:05,-59.7,
20250428,11:22:05,-59.6,
20250428,11:22:06,-59.6,
20250428,11:22:06,-59.6,
20250428,11:22:06,-59.5,
20250428,11:22:07,-59.6,
20250428,11:22:07,-59.5,
20250428,11:22:07,-59.4,
20250428,11:22:07,-59.2,
20250428,11:22:08,-59.1,
20250428,11:22:08,-59,
20250428,11:22:08,-58.9,
20250428,11:22:09,-58.8,
20250428,11:22:09,-58.6,
20250428,11:22:09,-58.4,
20250428,11:22:09,-58.1,
20250428,11:22:10,-57.9,
20250428,11:22:10,-57.9,
20250428,11:22:10,-57.7,
20250428,11:22:10,-57.6,
20250428,11:22:11,-57.7,
20250428,11:22:11,-57.7,
20250428,11:22:11,-57.8,
20250428,11:22:12,-57.9,
20250428,11:22:12,-57.9,
20250428,11:22:12,-57.9,
20250428,11:22:12,-58,
20250428,11:22:13,-58.5,
20250428,11:22:13,-58.7,
20250428,11:22:13,-58.9,
20250428,11:22:14,-58.8,
20250428,11:22:14,-58.7,
20250428,11:22:14,-58.6,
20250428,11:22:14,-58.5,
20250428,11:22:15,-58.3,
20250428,11:22:15,-58.1,
20250428,11:22:15,-58,
20250428,11:22:15,-58,
20250428,11:22:16,-57.9,
20250428,11:22:16,-57.9,
20250428,11:22:16,-57.8,
20250428,11:22:17,-57.9,
20250428,11:22:17,-57.9,
20250428,11:22:17,-57.8,
20250428,11:22:17,-57.6,
20250428,11:22:18,-57.5,
20250428,11:22:18,-57.4,
20250428,11:22:18,-57.2,
20250428,11:22:19,-57.2,
20250428,11:22:19,-57.3,
20250428,11:22:19,-57.2,
20250428,11:22:19,-57.3,
20250428,11:22:20,-57.4,
20250428,11:22:20,-57.6,
20250428,11:22:20,-57.7,
20250428,11:22:20,-57.8,
20250428,11:22:21,-57.9,
20250428,11:22:21,-57.9,
20250428,11:22:21,-58.1,
20250428,11:22:22,-58.1,
20250428,11:22:22,-58.2,
20250428,11:22:22,-58.4,
20250428,11:22:22,-58.5,
20250428,11:22:23,-58.8,
20250428,11:22:23,-58.7,
20250428,11:22:23,-58.8,
20250428,11:22:23,-58.8,
20250428,11:22:24,-58.8,
20250428,11:22:24,-58.9,
20250428,11:22:24,-58.9,
20250428,11:22:25,-59,
20250428,11:22:25,-59,
20250428,11:22:25,-59,
20250428,11:22:25,-59,
20250428,11:22:26,-59.1,
20250428,11:22:26,-59.2,
20250428,11:22:26,-59.4,
20250428,11:22:27,-59.7,
20250428,11:22:27,-60.1,
20250428,11:22:27,-60.3,
20250428,11:22:27,-60.1,
20250428,11:22:28,-59.6,
20250428,11:22:28,-59.1,
20250428,11:22:28,-58.5,
20250428,11:22:28,-57.9,
20250428,11:22:29,-57.3,
20250428,11:22:29,-56.7,
20250428,11:22:29,-56.2,
20250428,11:22:30,-55.6,
20250428,11:22:30,-55.1,
20250428,11:22:30,-54.5,
20250428,11:22:30,-53.7,
20250428,11:22:31,-52.9,
20250428,11:22:31,-52.4,
20250428,11:22:31,-51.9,
20250428,11:22:32,-51.3,
20250428,11:22:32,-51,
20250428,11:22:32,-50.6,
20250428,11:22:32,-50.3,
20250428,11:22:33,-50.3,
20250428,11:22:33,-50.1,
20250428,11:22:33,-50.2,
20250428,11:22:33,-50.3,
20250428,11:22:34,-50.4,
20250428,11:22:34,-50.7,
20250428,11:22:34,-51.1,
20250428,11:22:35,-51.4,
20250428,11:22:35,-51.9,
20250428,11:22:35,-52.3,
20250428,11:22:35,-52.8,
20250428,11:22:36,-53.3,
20250428,11:22:36,-53.7,
20250428,11:22:36,-54.1,
20250428,11:22:36,-54.5,
20250428,11:22:37,-54.8,
20250428,11:22:37,-55.1,
20250428,11:22:37,-55.2,
20250428,11:22:38,-55.1,
20250428,11:22:38,-54.6,
20250428,11:22:38,-54.2,
20250428,11:22:38,-53.7,
20250428,11:22:39,-53.3,
20250428,11:22:39,-52.9,
20250428,11:22:39,-52.6,
20250428,11:22:40,-52.4,
20250428,11:22:40,-52.3,
20250428,11:22:40,-52.3,
20250428,11:22:40,-52.3,
20250428,11:22:41,-52.1,
20250428,11:22:41,-51.9,
20250428,11:22:41,-51.8,
20250428,11:22:41,-51.8,
20250428,11:22:42,-51.6,
20250428,11:22:42,-51.5,
20250428,11:22:42,-51.2,
20250428,11:22:43,-51.1,
20250428,11:22:43,-51,
20250428,11:22:43,-50.8,
20250428,11:22:43,-50.7,
20250428,11:22:44,-50.7,
20250428,11:22:44,-50.7,
20250428,11:22:44,-50.8,
20250428,11:22:45,-51.1,
20250428,11:22:45,-51.2,
20250428,11:22:45,-51.5,
20250428,11:22:45,-51.7,
20250428,11:22:46,-52,
20250428,11:22:46,-52.3,
20250428,11:22:46,-52.7,
20250428,11:22:46,-52.9,
20250428,11:22:47,-53.2,
20250428,11:22:47,-53.5,
20250428,11:22:47,-53.7,
20250428,11:22:48,-54,
20250428,11:22:48,-54.3,
20250428,11:22:48,-54.5,
20250428,11:22:48,-54.7,
20250428,11:22:49,-54.9,
20250428,11:22:49,-55,
20250428,11:22:49,-55.1,
20250428,11:22:50,-55.3,
20250428,11:22:50,-55.4,
20250428,11:22:50,-55.5,
20250428,11:22:50,-55.7,
20250428,11:22:51,-55.8,
20250428,11:22:51,-55.8,
20250428,11:22:51,-56,
20250428,11:22:51,-56,
20250428,11:22:52,-56.1,
20250428,11:22:52,-56.2,
20250428,11:22:52,-56.2,
20250428,11:22:53,-56.2,
20250428,11:22:53,-56.2,
20250428,11:22:53,-56.2,
20250428,11:22:53,-56.2,
20250428,11:22:54,-56.2,
20250428,11:22:54,-56.2,
20250428,11:22:54,-56.2,
20250428,11:22:55,-56.2,
20250428,11:22:55,-56.2,
20250428,11:22:55,-56.2,
20250428,11:22:55,-56.2,
20250428,11:22:56,-56.2,
20250428,11:22:56,-56.2,
20250428,11:22:56,-56.2,
20250428,11:22:56,-56.2,
20250428,11:22:57,-56.2,
20250428,11:22:57,-56.3,
20250428,11:22:57,-56.4,
20250428,11:22:58,-56.8,
20250428,11:22:58,-57.2,
20250428,11:22:58,-57.6,
20250428,11:22:58,-57.7,
20250428,11:22:59,-57.8,
20250428,11:22:59,-57.5,
20250428,11:22:59,-57.2,
20250428,11:22:59,-56.9,
20250428,11:23:00,-56.5,
20250428,11:23:00,-56.2,
20250428,11:23:00,-55.6,
20250428,11:23:01,-55.2,
20250428,11:23:01,-54.6,
20250428,11:23:01,-54.2,
20250428,11:23:01,-53.6,
20250428,11:23:02,-53.1,
20250428,11:23:02,-52.7,
20250428,11:23:02,-52.3,
20250428,11:23:03,-52,
20250428,11:23:03,-52,
20250428,11:23:03,-51.9,
20250428,11:23:03,-51.9,
20250428,11:23:04,-52,
20250428,11:23:04,-52.3,
20250428,11:23:04,-52.7,
20250428,11:23:04,-53,
20250428,11:23:05,-53.4,
20250428,11:23:05,-53.7,
20250428,11:23:05,-53.9,
20250428,11:23:06,-53.9,
20250428,11:23:06,-53.9,
20250428,11:23:06,-54,
20250428,11:23:06,-54,
20250428,11:23:07,-54,
20250428,11:23:07,-54.2,
20250428,11:23:07,-54.5,
20250428,11:23:08,-54.5,
20250428,11:23:08,-54.9,
20250428,11:23:08,-55.2,
20250428,11:23:08,-55.4,
20250428,11:23:09,-55.5,
20250428,11:23:09,-55.4,
20250428,11:23:09,-55.3,
20250428,11:23:09,-55,
20250428,11:23:10,-54.7,
20250428,11:23:10,-54.5,
20250428,11:23:10,-54.2,
20250428,11:23:11,-54.4,
20250428,11:23:11,-54.1,
20250428,11:23:11,-54.2,
20250428,11:23:11,-54.4,
20250428,11:23:12,-54.5,
20250428,11:23:12,-54.5,
20250428,11:23:12,-54.7,
20250428,11:23:13,-54.8,
20250428,11:23:13,-55,
20250428,11:23:13,-55.4,
20250428,11:23:13,-55.7,
20250428,11:23:14,-56,
20250428,11:23:14,-56.2,
20250428,11:23:14,-56.5,
20250428,11:23:14,-56.7,
20250428,11:23:15,-57.1,
20250428,11:23:15,-57.3,
20250428,11:23:15,-57.7,
20250428,11:23:16,-57.9,
20250428,11:23:16,-57.9,
20250428,11:23:16,-58,
20250428,11:23:16,-58.2,
20250428,11:23:17,-58.1,
20250428,11:23:17,-58.4,
20250428,11:23:17,-58.5,
20250428,11:23:17,-58.6,
20250428,11:23:18,-58.9,
20250428,11:23:18,-58.9,
20250428,11:23:18,-59.2,
20250428,11:23:19,-59.2,
20250428,11:23:19,-59.4,
20250428,11:23:19,-59.5,
20250428,11:23:19,-59.5,
20250428,11:23:20,-59.6,
20250428,11:23:20,-59.6,
20250428,11:23:20,-59.6,
20250428,11:23:21,-59.7,
20250428,11:23:21,-59.5,
20250428,11:23:21,-59.5,
20250428,11:23:21,-59.5,
20250428,11:23:22,-59.6,
20250428,11:23:22,-59.8,
20250428,11:23:22,-59.8,
20250428,11:23:23,-60.2,
20250428,11:23:23,-60.4,
20250428,11:23:23,-60.4,
20250428,11:23:23,-60.2,
20250428,11:23:24,-60.2,
20250428,11:23:24,-60.1,
20250428,11:23:24,-60,
20250428,11:23:24,-59.9,
20250428,11:23:25,-59.7,
20250428,11:23:25,-59.7,
20250428,11:23:25,-59.7,
20250428,11:23:26,-59.7,
20250428,11:23:26,-59.7,
20250428,11:23:26,-59.6,
20250428,11:23:26,-59.7,
20250428,11:23:27,-59.7,
20250428,11:23:27,-59.7,
20250428,11:23:27,-59.7,
20250428,11:23:27,-59.6,
20250428,11:23:28,-59.6,
20250428,11:23:28,-59.3,
20250428,11:23:28,-58.9,
20250428,11:23:29,-58.8,
20250428,11:23:29,-57.1,
20250428,11:23:29,-55.3,
20250428,11:23:29,-53.7,
20250428,11:23:30,-52.2,
20250428,11:23:30,-50.7,
20250428,11:23:30,-49.4,
20250428,11:23:31,-48.2,
20250428,11:23:31,-47,
20250428,11:23:31,-45.9,
20250428,11:23:31,-45,
20250428,11:23:32,-43.9,
20250428,11:23:32,-43,
20250428,11:23:32,-42.1,
20250428,11:23:32,-41.1,
20250428,11:23:33,-40.1,
20250428,11:23:33,-39.2,
20250428,11:23:33,-38.1,
20250428,11:23:34,-36.6,
20250428,11:23:34,-35,
20250428,11:23:34,-33.7,
20250428,11:23:34,-32.6,
20250428,11:23:35,-31.6,
20250428,11:23:35,-30.7,
20250428,11:23:35,-29.7,
20250428,11:23:36,-28.5,
20250428,11:23:36,-27.9,
20250428,11:23:36,-27.2,
20250428,11:23:36,-25.9,
20250428,11:23:37,-22.7,
20250428,11:23:37,-20,
20250428,11:23:37,-17.1,
20250428,11:23:37,-14.7,
20250428,11:23:38,-12.8,
20250428,11:23:38,-11.9,
20250428,11:23:38,-10.9,
20250428,11:23:39,-10.1,
20250428,11:23:39,-9.8,
20250428,11:23:39,-9.3,
20250428,11:23:39,-8.4,
20250428,11:23:40,-7.9,
20250428,11:23:40,-7.5,
20250428,11:23:40,-7.2,
20250428,11:23:40,-6.9,
20250428,11:23:41,-6.8,
20250428,11:23:41,-6.7,
20250428,11:23:41,-6.5,
20250428,11:23:42,-6.5,
20250428,11:23:42,-6,
20250428,11:23:42,-5.5,
20250428,11:23:42,-4.7,
20250428,11:23:43,-3.9,
20250428,11:23:43,-3.5,
20250428,11:23:43,-3.6,
20250428,11:23:44,-3.4,
20250428,11:23:44,-2.9,
20250428,11:23:44,-3,
20250428,11:23:44,-3.3,
20250428,11:23:45,-3,
20250428,11:23:45,-2.7,
20250428,11:23:45,-2.3,
20250428,11:23:45,-1.6,
20250428,11:23:46,-1.4,
20250428,11:23:46,-1.6,
20250428,11:23:46,-1.8,
20250428,11:23:47,-1.6,
20250428,11:23:47,-0.9,
20250428,11:23:47,-0.9,
20250428,11:23:47,-0.5,
20250428,11:23:48,-0.1,
20250428,11:23:48,-0.4,
20250428,11:23:48,-0.7,
20250428,11:23:48,-0.9,
20250428,11:23:49,-1.6,
20250428,11:23:49,-2.4,
20250428,11:23:49,-2.9,
20250428,11:23:50,-3.5,
20250428,11:23:50,-3.6,
20250428,11:23:50,-3.9,
20250428,11:23:50,-3.7,
20250428,11:23:51,-3.5,
20250428,11:23:51,-2.9,
20250428,11:23:51,-1.2,
20250428,11:23:52,0.4,
20250428,11:23:52,1.8,
20250428,11:23:52,2.8,
20250428,11:23:52,3,
20250428,11:23:53,2.6,
20250428,11:23:53,1.8,
20250428,11:23:53,1.3,
20250428,11:23:53,1.1,
20250428,11:23:54,0.8,
20250428,11:23:54,0.1,
20250428,11:23:54,-0.2,
20250428,11:23:55,-0.6,
20250428,11:23:55,-0.7,
20250428,11:23:55,-0.7,
20250428,11:23:55,-0.6,
20250428,11:23:56,-0.2,
20250428,11:23:56,0.1,
20250428,11:23:56,0.2,
20250428,11:23:56,0.5,
20250428,11:23:57,0.4,
20250428,11:23:57,0.7,
20250428,11:23:57,0.8,
20250428,11:23:58,1.1,
20250428,11:23:58,1.8,
20250428,11:23:58,2.2,
20250428,11:23:58,2,
20250428,11:23:59,1.4,
20250428,11:23:59,0.1,
20250428,11:23:59,-0.6,
20250428,11:24:00,-1.3,
20250428,11:24:00,-2.1,
20250428,11:24:00,-2.7,
20250428,11:24:00,-3.3,
20250428,11:24:01,-3.7,
20250428,11:24:01,-4.1,
20250428,11:24:01,-4.3,
20250428,11:24:01,-4.2,
20250428,11:24:02,-4.1,
20250428,11:24:02,-3.9,
20250428,11:24:02,-3.4,
20250428,11:24:03,-2.7,
20250428,11:24:03,-2.1,
20250428,11:24:03,-1.7,
20250428,11:24:03,-1.7,
20250428,11:24:04,-1.8,
20250428,11:24:04,-2,
20250428,11:24:04,-2.2,
20250428,11:24:04,-2.4,
20250428,11:24:05,-2.8,
20250428,11:24:05,-3.4,
20250428,11:24:05,-3.7,
20250428,11:24:06,-3.7,
20250428,11:24:06,-4.1,
20250428,11:24:06,-4.8,
20250428,11:24:06,-5.4,
20250428,11:24:07,-5.7,
20250428,11:24:07,-5.6,
20250428,11:24:07,-5.3,
20250428,11:24:08,-5,
20250428,11:24:08,-4.9,
20250428,11:24:08,-4.7,
20250428,11:24:08,-4.3,
20250428,11:24:09,-4.1,
20250428,11:24:09,-3.8,
20250428,11:24:09,-3.3,
20250428,11:24:09,-2.5,
20250428,11:24:10,-2.7,
20250428,11:24:10,-3.2,
20250428,11:24:10,-3.8,
20250428,11:24:11,-4.1,
20250428,11:24:11,-4.2,
20250428,11:24:11,-4.2,
20250428,11:24:11,-4.1,
20250428,11:24:12,-3.9,
20250428,11:24:12,-3.8,
20250428,11:24:12,-3.9,
20250428,11:24:12,-3.9,
20250428,11:24:13,-3.8,
20250428,11:24:13,-3.7,
20250428,11:24:13,-3.5,
20250428,11:24:14,-3.8,
20250428,11:24:14,-4.2,
20250428,11:24:14,-4.7,
20250428,11:24:14,-5.1,
20250428,11:24:15,-5.4,
20250428,11:24:15,-5.7,
20250428,11:24:15,-5.8,
20250428,11:24:15,-5.7,
20250428,11:24:16,-5.3,
20250428,11:24:16,-5,
20250428,11:24:16,-4.7,
20250428,11:24:17,-4.6,
20250428,11:24:17,-4.6,
20250428,11:24:17,-4.7,
20250428,11:24:17,-4.7,
20250428,11:24:18,-5,
20250428,11:24:18,-5.5,
20250428,11:24:18,-6.1,
20250428,11:24:19,-6.7,
20250428,11:24:19,-7.4,
20250428,11:24:19,-7.1,
20250428,11:24:19,-5.4,
20250428,11:24:20,-3.6,
20250428,11:24:20,-2.4,
20250428,11:24:20,-1.3,
20250428,11:24:20,-0.6,
20250428,11:24:21,0.1,
20250428,11:24:21,0.7,
20250428,11:24:21,1.5,
20250428,11:24:22,2,
20250428,11:24:22,2.7,
20250428,11:24:22,3.1,
20250428,11:24:22,4,
20250428,11:24:23,4.8,
20250428,11:24:23,5.7,
20250428,11:24:23,6.7,
20250428,11:24:23,7.5,
20250428,11:24:24,7.8,
20250428,11:24:24,7.9,
20250428,11:24:24,7.7,
20250428,11:24:25,7.3,
20250428,11:24:25,6.8,
20250428,11:24:25,6.3,
20250428,11:24:25,6.1,
20250428,11:24:26,5.6,
20250428,11:24:26,5.1,
20250428,11:24:26,4.6,
20250428,11:24:27,4.1,
20250428,11:24:27,3.5,
20250428,11:24:27,3.1,
20250428,11:24:27,2.4,
20250428,11:24:28,2.3,
20250428,11:24:28,3.2,
20250428,11:24:28,5.1,
20250428,11:24:28,6.2,
20250428,11:24:29,6.3,
20250428,11:24:29,5.6,
20250428,11:24:29,5.1,
20250428,11:24:30,5.3,
20250428,11:24:30,5.8,
20250428,11:24:30,6.3,
20250428,11:24:30,6.9,
20250428,11:24:31,7,
20250428,11:24:31,6.9,
20250428,11:24:31,6.9,
20250428,11:24:31,6.6,
20250428,11:24:32,6.2,
20250428,11:24:32,6.2,
20250428,11:24:32,5.7,
20250428,11:24:33,5,
20250428,11:24:33,3.9,
20250428,11:24:33,2.7,
20250428,11:24:33,1.8,
20250428,11:24:34,0.9,
20250428,11:24:34,-0.1,
20250428,11:24:34,-0.7,
20250428,11:24:34,-1.3,
20250428,11:24:35,-1.7,
20250428,11:24:35,-1.8,
20250428,11:24:35,-1.7,
20250428,11:24:36,-1.5,
20250428,11:24:36,-1.6,
20250428,11:24:36,-1.7,
20250428,11:24:36,-2.4,
20250428,11:24:37,-2.6,
20250428,11:24:37,-3,
20250428,11:24:37,-3.3,
20250428,11:24:38,-4,
20250428,11:24:38,-4.6,
20250428,11:24:38,-4.5,
20250428,11:24:38,-5,
20250428,11:24:39,-4.8,
20250428,11:24:39,-4.7,
20250428,11:24:39,-4.2,
20250428,11:24:39,-4,
20250428,11:24:40,-4.1,
20250428,11:24:40,-4.5,
20250428,11:24:40,-4.7,
20250428,11:24:41,-5.2,
20250428,11:24:41,-5.1,
20250428,11:24:41,-5.3,
20250428,11:24:41,-5.2,
20250428,11:24:42,-5.1,
20250428,11:24:42,-4.9,
20250428,11:24:42,-4.8,
20250428,11:24:42,-4.9,
20250428,11:24:43,-5.3,
20250428,11:24:43,-5.6,
20250428,11:24:43,-5.6,
20250428,11:24:44,-5.1,
20250428,11:24:44,-4.5,
20250428,11:24:44,-3.6,
20250428,11:24:44,-3.3,
20250428,11:24:45,-3.3,
20250428,11:24:45,-3.3,
20250428,11:24:45,-3,
20250428,11:24:46,-2.5,
20250428,11:24:46,-2.4,
20250428,11:24:46,-2.5,
20250428,11:24:46,-2.8,
20250428,11:24:47,-3,
20250428,11:24:47,-2.4,
20250428,11:24:47,-1.4,
20250428,11:24:47,0,
20250428,11:24:48,0.8,
20250428,11:24:48,1.4,
20250428,11:24:48,1.5,
20250428,11:24:49,1.3,
20250428,11:24:49,0.9,
20250428,11:24:49,0.3,
20250428,11:24:49,-0.4,
20250428,11:24:50,-0.4,
20250428,11:24:50,-0.8,
20250428,11:24:50,-1.6,
20250428,11:24:50,-2.8,
20250428,11:24:51,-3.9,
20250428,11:24:51,-5.1,
20250428,11:24:51,-6,
20250428,11:24:52,-6.6,
20250428,11:24:52,-6.7,
20250428,11:24:52,-6.5,
20250428,11:24:52,-6.9,
20250428,11:24:53,-7.6,
20250428,11:24:53,-8.5,
20250428,11:24:53,-9.2,
20250428,11:24:54,-9.8,
20250428,11:24:54,-10.1,
20250428,11:24:54,-10.1,
20250428,11:24:54,-10.3,
20250428,11:24:55,-10.3,
20250428,11:24:55,-10.3,
20250428,11:24:55,-10.2,
20250428,11:24:55,-10.1,
20250428,11:24:56,-10,
20250428,11:24:56,-9.9,
20250428,11:24:56,-9.7,
20250428,11:24:57,-8.9,
20250428,11:24:57,-7.6,
20250428,11:24:57,-7.6,
20250428,11:24:57,-8.5,
20250428,11:24:58,-9.6,
20250428,11:24:58,-10.4,
20250428,11:24:58,-11.1,
20250428,11:24:58,-11,
20250428,11:24:59,-9.6,
20250428,11:24:59,-8,
20250428,11:24:59,-6.6,
20250428,11:25:00,-5.2,
20250428,11:25:00,-3.7,
20250428,11:25:00,-2.3,
20250428,11:25:00,-0.9,
20250428,11:25:01,0.1,
20250428,11:25:01,1,
20250428,11:25:01,1.5,
20250428,11:25:02,1.8,
20250428,11:25:02,1.7,
20250428,11:25:02,1.3,
20250428,11:25:02,0.9,
20250428,11:25:03,0.2,
20250428,11:25:03,0.2,
20250428,11:25:03,1,
20250428,11:25:03,1.5,
20250428,11:25:04,1.1,
20250428,11:25:04,0.4,
20250428,11:25:04,-0.4,
20250428,11:25:05,-1,
20250428,11:25:05,-1.4,
20250428,11:25:05,-1.5,
20250428,11:25:05,-1.1,
20250428,11:25:06,-0.9,
20250428,11:25:06,-0.8,
20250428,11:25:06,-1,
20250428,11:25:06,-1.2,
20250428,11:25:07,-1.4,
20250428,11:25:07,-1.8,
20250428,11:25:07,-2.2,
20250428,11:25:08,-2.6,
20250428,11:25:08,-2.6,
20250428,11:25:08,-2.5,
20250428,11:25:08,-1.3,
20250428,11:25:09,0.2,
20250428,11:25:09,0.9,
20250428,11:25:09,0.5,
20250428,11:25:10,-0.4,
20250428,11:25:10,-1,
20250428,11:25:10,-1.5,
20250428,11:25:10,-1.7,
20250428,11:25:11,-2,
20250428,11:25:11,-2.4,
20250428,11:25:11,-2.8,
20250428,11:25:11,-3.3,
20250428,11:25:12,-3.6,
20250428,11:25:12,-3.8,
20250428,11:25:12,-3.6,
20250428,11:25:13,-3.8,
20250428,11:25:13,-4.1,
20250428,11:25:13,-4.4,
20250428,11:25:13,-4.9,
20250428,11:25:14,-5,
20250428,11:25:14,-5,
20250428,11:25:14,-5,
20250428,11:25:14,-5.2,
20250428,11:25:15,-5,
20250428,11:25:15,-5,
20250428,11:25:15,-5.1,
20250428,11:25:16,-5.4,
20250428,11:25:16,-5.4,
20250428,11:25:16,-5.7,
20250428,11:25:16,-5.4,
20250428,11:25:17,-4.1,
20250428,11:25:17,-3.9,
20250428,11:25:17,-4.4,
20250428,11:25:18,-5.5,
20250428,11:25:18,-6.9,
20250428,11:25:18,-7.5,
20250428,11:25:18,-8,
20250428,11:25:19,-8.2,
20250428,11:25:19,-8.3,
20250428,11:25:19,-8,
20250428,11:25:19,-7.8,
20250428,11:25:20,-7.4,
20250428,11:25:20,-7.4,
20250428,11:25:20,-7.5,
20250428,11:25:21,-7.1,
20250428,11:25:21,-6.9,
20250428,11:25:21,-6.8,
20250428,11:25:21,-7,
20250428,11:25:22,-7.1,
20250428,11:25:22,-7.3,
20250428,11:25:22,-7.5,
20250428,11:25:22,-7.6,
20250428,11:25:23,-7.7,
20250428,11:25:23,-7.7,
20250428,11:25:23,-7.7,
20250428,11:25:24,-7.7,
20250428,11:25:24,-7.5,
20250428,11:25:24,-7.4,
20250428,11:25:24,-7,
20250428,11:25:25,-6.4,
20250428,11:25:25,-5.6,
20250428,11:25:25,-5.3,
20250428,11:25:26,-5.5,
20250428,11:25:26,-6.2,
20250428,11:25:26,-7.3,
20250428,11:25:26,-8.1,
20250428,11:25:27,-8.7,
20250428,11:25:27,-8.6,
20250428,11:25:27,-8.5,
20250428,11:25:27,-8.4,
20250428,11:25:28,-8.4,
20250428,11:25:28,-8,
20250428,11:25:28,-8,
20250428,11:25:29,-7.4,
20250428,11:25:29,-6.8,
20250428,11:25:29,-6.4,
20250428,11:25:29,-6.7,
20250428,11:25:30,-6.9,
20250428,11:25:30,-7.4,
20250428,11:25:30,-7.6,
20250428,11:25:30,-7.9,
20250428,11:25:31,-8.4,
20250428,11:25:31,-8.6,
20250428,11:25:31,-8.7,
20250428,11:25:32,-8.3,
20250428,11:25:32,-8.3,
20250428,11:25:32,-8.1,
20250428,11:25:32,-8.3,
20250428,11:25:33,-8.4,
20250428,11:25:33,-8.4,
20250428,11:25:33,-8.3,
20250428,11:25:33,-8.3,
20250428,11:25:34,-8.4,
20250428,11:25:34,-8.3,
20250428,11:25:34,-8.3,
20250428,11:25:35,-8.1,
20250428,11:25:35,-7.9,
20250428,11:25:35,-7.4,
20250428,11:25:35,-6.4,
20250428,11:25:36,-5.1,
20250428,11:25:36,-4.6,
20250428,11:25:36,-4.9,
20250428,11:25:37,-5.4,
20250428,11:25:37,-5.8,
20250428,11:25:37,-6,
20250428,11:25:37,-6.2,
20250428,11:25:38,-6.1,
20250428,11:25:38,-6.1,
20250428,11:25:38,-5.9,
20250428,11:25:38,-5.8,
20250428,11:25:39,-5.2,
20250428,11:25:39,-5,
20250428,11:25:39,-5.5,
20250428,11:25:40,-6.2,
20250428,11:25:40,-6.7,
20250428,11:25:40,-7.2,
20250428,11:25:40,-7.5,
20250428,11:25:41,-7.6,
20250428,11:25:41,-7.7,
20250428,11:25:41,-7.6,
20250428,11:25:41,-7.4,
20250428,11:25:42,-6.8,
20250428,11:25:42,-6,
20250428,11:25:42,-5.6,
20250428,11:25:43,-5.8,
20250428,11:25:43,-5.9,
20250428,11:25:43,-6.4,
20250428,11:25:43,-6.9,
20250428,11:25:44,-6.9,
20250428,11:25:44,-6.6,
20250428,11:25:44,-5.9,
20250428,11:25:45,-6,
20250428,11:25:45,-6.1,
20250428,11:25:45,-6.4,
20250428,11:25:45,-6.7,
20250428,11:25:46,-6.8,
20250428,11:25:46,-6.8,
20250428,11:25:46,-7,
20250428,11:25:46,-7.1,
20250428,11:25:47,-6.9,
20250428,11:25:47,-6.7,
20250428,11:25:47,-6.3,
20250428,11:25:48,-6.1,
20250428,11:25:48,-6,
20250428,11:25:48,-6.1,
20250428,11:25:48,-6,
20250428,11:25:49,-5.8,
20250428,11:25:49,-4.9,
20250428,11:25:49,-4.2,
20250428,11:25:49,-4.2,
20250428,11:25:50,-4.6,
20250428,11:25:50,-5,
20250428,11:25:50,-5.8,
20250428,11:25:51,-6,
20250428,11:25:51,-6,
20250428,11:25:51,-6,
20250428,11:25:51,-6.5,
20250428,11:25:52,-7,
20250428,11:25:52,-7.6,
20250428,11:25:52,-7.7,
20250428,11:25:53,-8,
20250428,11:25:53,-7.8,
20250428,11:25:53,-7.6,
20250428,11:25:53,-7.1,
20250428,11:25:54,-6.7,
20250428,11:25:54,-6.4,
20250428,11:25:54,-6.2,
20250428,11:25:54,-6.1,
20250428,11:25:55,-6.1,
20250428,11:25:55,-6.2,
20250428,11:25:55,-5.8,
20250428,11:25:56,-5,
20250428,11:25:56,-4.3,
20250428,11:25:56,-4.2,
20250428,11:25:56,-4.9,
20250428,11:25:57,-5.8,
20250428,11:25:57,-6.7,
20250428,11:25:57,-7.5,
20250428,11:25:57,-7.8,
20250428,11:25:58,-7.8,
20250428,11:25:58,-7.6,
20250428,11:25:58,-6.7,
20250428,11:25:59,-5.9,
20250428,11:25:59,-6,
20250428,11:25:59,-6.2,
20250428,11:25:59,-6.5,
20250428,11:26:00,-6.7,
20250428,11:26:00,-6.8,
20250428,11:26:00,-6.8,
20250428,11:26:01,-6.8,
20250428,11:26:01,-6.9,
20250428,11:26:01,-6.7,
20250428,11:26:01,-6.7,
20250428,11:26:02,-6.6,
20250428,11:26:02,-6.4,
20250428,11:26:02,-6.1,
20250428,11:26:02,-5.9,
20250428,11:26:03,-5.3,
20250428,11:26:03,-4.4,
20250428,11:26:03,-3.7,
20250428,11:26:04,-4,
20250428,11:26:04,-4.5,
20250428,11:26:04,-4.9,
20250428,11:26:04,-5.5,
20250428,11:26:05,-6.5,
20250428,11:26:05,-7.4,
20250428,11:26:05,-8,
20250428,11:26:05,-8.3,
20250428,11:26:06,-8.3,
20250428,11:26:06,-8.3,
20250428,11:26:06,-7.7,
20250428,11:26:07,-7.4,
20250428,11:26:07,-7,
20250428,11:26:07,-7,
20250428,11:26:07,-7.3,
20250428,11:26:08,-7.3,
20250428,11:26:08,-7.3,
20250428,11:26:08,-7.2,
20250428,11:26:09,-7.1,
20250428,11:26:09,-6.8,
20250428,11:26:09,-6.7,
20250428,11:26:09,-6.4,
20250428,11:26:10,-6.4,
20250428,11:26:10,-6.1,
20250428,11:26:10,-5.7,
20250428,11:26:10,-5,
20250428,11:26:11,-4.5,
20250428,11:26:11,-4.1,
20250428,11:26:11,-4.1,
20250428,11:26:12,-4.2,
20250428,11:26:12,-4.6,
20250428,11:26:12,-5.3,
20250428,11:26:12,-6.2,
20250428,11:26:13,-6.9,
20250428,11:26:13,-7.4,
20250428,11:26:13,-7.6,
20250428,11:26:13,-7.6,
20250428,11:26:14,-7.3,
20250428,11:26:14,-6.7,
20250428,11:26:14,-6.7,
20250428,11:26:15,-6.9,
20250428,11:26:15,-7.5,
20250428,11:26:15,-7.7,
20250428,11:26:15,-7.6,
20250428,11:26:16,-7.5,
20250428,11:26:16,-7.3,
20250428,11:26:16,-6.7,
20250428,11:26:17,-5.8,
20250428,11:26:17,-5.1,
20250428,11:26:17,-4.6,
20250428,11:26:17,-4.4,
20250428,11:26:18,-4.3,
20250428,11:26:18,-4.2,
20250428,11:26:18,-4.4,
20250428,11:26:18,-4.5,
20250428,11:26:19,-4.6,
20250428,11:26:19,-4.6,
20250428,11:26:19,-4.1,
20250428,11:26:20,-3.7,
20250428,11:26:20,-4.1,
20250428,11:26:20,-5,
20250428,11:26:20,-5.8,
20250428,11:26:21,-6,
20250428,11:26:21,-5.8,
20250428,11:26:21,-5.3,
20250428,11:26:21,-4.8,
20250428,11:26:22,-4.7,
20250428,11:26:22,-4.5,
20250428,11:26:22,-4.6,
20250428,11:26:23,-4.6,
20250428,11:26:23,-4.9,
20250428,11:26:23,-5,
20250428,11:26:23,-5.4,
20250428,11:26:24,-5.8,
20250428,11:26:24,-5.9,
20250428,11:26:24,-6,
20250428,11:26:25,-6.3,
20250428,11:26:25,-6.6,
20250428,11:26:25,-6.7,
20250428,11:26:25,-6.9,
20250428,11:26:26,-7,
20250428,11:26:26,-6.7,
20250428,11:26:26,-6.7,
20250428,11:26:26,-6.4,
20250428,11:26:27,-5.9,
20250428,11:26:27,-5.8,
20250428,11:26:27,-5.4,
20250428,11:26:28,-5.3,
20250428,11:26:28,-5.8,
20250428,11:26:28,-6.3,
20250428,11:26:28,-6.7,
20250428,11:26:29,-7,
20250428,11:26:29,-7.2,
20250428,11:26:29,-7.5,
20250428,11:26:30,-7.6,
20250428,11:26:30,-7.7,
20250428,11:26:30,-7.7,
20250428,11:26:30,-7.3,
20250428,11:26:31,-6.8,
20250428,11:26:31,-6.6,
20250428,11:26:31,-6.6,
20250428,11:26:31,-6.7,
20250428,11:26:32,-7,
20250428,11:26:32,-7.2,
20250428,11:26:32,-7.3,
20250428,11:26:33,-7.3,
20250428,11:26:33,-7.4,
20250428,11:26:33,-7.4,
20250428,11:26:33,-6.8,
20250428,11:26:34,-6.2,
20250428,11:26:34,-5.7,
20250428,11:26:34,-5.6,
20250428,11:26:34,-5.7,
20250428,11:26:35,-5.7,
20250428,11:26:35,-5.5,
20250428,11:26:35,-5.5,
20250428,11:26:36,-6,
20250428,11:26:36,-6.9,
20250428,11:26:36,-7.8,
20250428,11:26:36,-8.4,
20250428,11:26:37,-8.7,
20250428,11:26:37,-8.9,
20250428,11:26:37,-8.8,
20250428,11:26:38,-8.1,
20250428,11:26:38,-7.6,
20250428,11:26:38,-7.7,
20250428,11:26:38,-7.9,
20250428,11:26:39,-8.1,
20250428,11:26:39,-7.9,
20250428,11:26:39,-7.6,
20250428,11:26:39,-7.6,
20250428,11:26:40,-7.6,
20250428,11:26:40,-7.8,
20250428,11:26:40,-7.9,
20250428,11:26:41,-7.8,
20250428,11:26:41,-8,
20250428,11:26:41,-8,
20250428,11:26:41,-7.9,
20250428,11:26:42,-7.8,
20250428,11:26:42,-7.8,
20250428,11:26:42,-7.7,
20250428,11:26:42,-7.6,
20250428,11:26:43,-7.6,
20250428,11:26:43,-7.3,
20250428,11:26:43,-6.5,
20250428,11:26:44,-5.4,
20250428,11:26:44,-5,
20250428,11:26:44,-5.4,
20250428,11:26:44,-6.2,
20250428,11:26:45,-6.8,
20250428,11:26:45,-7.4,
20250428,11:26:45,-7.8,
20250428,11:26:46,-8.3,
20250428,11:26:46,-8.4,
20250428,11:26:46,-8.4,
20250428,11:26:46,-8.2,
20250428,11:26:47,-8.1,
20250428,11:26:47,-8,
20250428,11:26:47,-7.9,
20250428,11:26:47,-7.3,
20250428,11:26:48,-7.2,
20250428,11:26:48,-8,
20250428,11:26:48,-9,
20250428,11:26:49,-9.8,
20250428,11:26:49,-9.3,
20250428,11:26:49,-8,
20250428,11:26:49,-6.7,
20250428,11:26:50,-5.7,
20250428,11:26:50,-5.2,
20250428,11:26:50,-5,
20250428,11:26:50,-4.8,
20250428,11:26:51,-4.8,
20250428,11:26:51,-5,
20250428,11:26:51,-5.3,
20250428,11:26:52,-5.5,
20250428,11:26:52,-5.8,
20250428,11:26:52,-5.2,
20250428,11:26:52,-3.8,
20250428,11:26:53,-2.3,
20250428,11:26:53,-1.6,
20250428,11:26:53,-1.7,
20250428,11:26:53,-2.4,
20250428,11:26:54,-3.1,
20250428,11:26:54,-3.7,
20250428,11:26:54,-4.4,
20250428,11:26:55,-5.2,
20250428,11:26:55,-5.8,
20250428,11:26:55,-6.1,
20250428,11:26:55,-6.2,
20250428,11:26:56,-6.4,
20250428,11:26:56,-6.4,
20250428,11:26:56,-6.6,
20250428,11:26:57,-6.7,
20250428,11:26:57,-6.7,
20250428,11:26:57,-6.5,
20250428,11:26:57,-6,
20250428,11:26:58,-5.5,
20250428,11:26:58,-5.5,
20250428,11:26:58,-5.7,
20250428,11:26:58,-6.1,
20250428,11:26:59,-6.3,
20250428,11:26:59,-6.2,
20250428,11:26:59,-5.6,
20250428,11:27:00,-5.5,
20250428,11:27:00,-6,
20250428,11:27:00,-6.7,
20250428,11:27:00,-7.2,
20250428,11:27:01,-7.5,
20250428,11:27:01,-7.8,
20250428,11:27:01,-7.9,
20250428,11:27:01,-8,
20250428,11:27:02,-8.2,
20250428,11:27:02,-7.7,
20250428,11:27:02,-6.8,
20250428,11:27:03,-6.4,
20250428,11:27:03,-6.6,
20250428,11:27:03,-7.2,
20250428,11:27:03,-8,
20250428,11:27:04,-8.5,
20250428,11:27:04,-8.9,
20250428,11:27:04,-8.8,
20250428,11:27:05,-8.4,
20250428,11:27:05,-8.4,
20250428,11:27:05,-8.4,
20250428,11:27:05,-8.8,
20250428,11:27:06,-9,
20250428,11:27:06,-9.1,
20250428,11:27:06,-9.2,
20250428,11:27:06,-9.3,
20250428,11:27:07,-9.4,
20250428,11:27:07,-9.3,
20250428,11:27:07,-8.4,
20250428,11:27:08,-7.2,
20250428,11:27:08,-6.9,
20250428,11:27:08,-7.7,
20250428,11:27:08,-8.6,
20250428,11:27:09,-9.3,
20250428,11:27:09,-9.7,
20250428,11:27:09,-10,
20250428,11:27:09,-10.1,
20250428,11:27:10,-10.1,
20250428,11:27:10,-9.6,
20250428,11:27:10,-9,
20250428,11:27:11,-8.6,
20250428,11:27:11,-8.4,
20250428,11:27:11,-8.5,
20250428,11:27:11,-8.8,
20250428,11:27:12,-9,
20250428,11:27:12,-9.3,
20250428,11:27:12,-9.3,
20250428,11:27:13,-9.4,
20250428,11:27:13,-9.5,
20250428,11:27:13,-9.5,
20250428,11:27:13,-9.4,
20250428,11:27:14,-9.5,
20250428,11:27:14,-9.6,
20250428,11:27:14,-9.3,
20250428,11:27:14,-8.8,
20250428,11:27:15,-7.7,
20250428,11:27:15,-7,
20250428,11:27:15,-6.7,
20250428,11:27:16,-7,
20250428,11:27:16,-7.4,
20250428,11:27:16,-8.2,
20250428,11:27:16,-9.1,
20250428,11:27:17,-9.7,
20250428,11:27:17,-10.1,
20250428,11:27:17,-10.2,
20250428,11:27:17,-10.2,
20250428,11:27:18,-10.2,
20250428,11:27:18,-10.1,
20250428,11:27:18,-10,
20250428,11:27:19,-10.1,
20250428,11:27:19,-10,
20250428,11:27:19,-9.8,
20250428,11:27:19,-9,
20250428,11:27:20,-8.1,
20250428,11:27:20,-7.5,
20250428,11:27:20,-7.3,
20250428,11:27:21,-7.7,
20250428,11:27:21,-7.6,
20250428,11:27:21,-7.3,
20250428,11:27:21,-7.7,
20250428,11:27:22,-8.3,
20250428,11:27:22,-9,
20250428,11:27:22,-9.3,
20250428,11:27:22,-9.7,
20250428,11:27:23,-9.4,
20250428,11:27:23,-9.5,
20250428,11:27:23,-9.5,
20250428,11:27:24,-9.8,
20250428,11:27:24,-10.1,
20250428,11:27:24,-9.8,
20250428,11:27:24,-9.3,
20250428,11:27:25,-8.4,
20250428,11:27:25,-7.8,
20250428,11:27:25,-7.7,
20250428,11:27:26,-8,
20250428,11:27:26,-8.1,
20250428,11:27:26,-8.2,
20250428,11:27:26,-8.3,
20250428,11:27:27,-8.2,
20250428,11:27:27,-8,
20250428,11:27:27,-7.8,
20250428,11:27:27,-7.1,
20250428,11:27:28,-6.1,
20250428,11:27:28,-5.2,
20250428,11:27:28,-4.6,
20250428,11:27:29,-4.5,
20250428,11:27:29,-4.3,
20250428,11:27:29,-4.3,
20250428,11:27:29,-4.5,
20250428,11:27:30,-4.1,
20250428,11:27:30,-3.7,
20250428,11:27:30,-3.9,
20250428,11:27:30,-4.2,
20250428,11:27:31,-5.1,
20250428,11:27:31,-5.8,
20250428,11:27:31,-6.6,
20250428,11:27:32,-7,
20250428,11:27:32,-7.6,
20250428,11:27:32,-7.9,
20250428,11:27:32,-8.2,
20250428,11:27:33,-8.4,
20250428,11:27:33,-8.4,
20250428,11:27:33,-8.5,
20250428,11:27:34,-8.5,
20250428,11:27:34,-8.6,
20250428,11:27:34,-8.6,
20250428,11:27:34,-8.6,
20250428,11:27:35,-8.4,
20250428,11:27:35,-8.1,
20250428,11:27:35,-7.1,
20250428,11:27:35,-6.3,
20250428,11:27:36,-6.2,
20250428,11:27:36,-6.1,
20250428,11:27:36,-6.4,
20250428,11:27:37,-7.1,
20250428,11:27:37,-8,
20250428,11:27:37,-8.8,
20250428,11:27:37,-9.4,
20250428,11:27:38,-10,
20250428,11:27:38,-10.3,
20250428,11:27:38,-10.6,
20250428,11:27:38,-10.6,
20250428,11:27:39,-10.8,
20250428,11:27:39,-10.7,
20250428,11:27:39,-10.4,
20250428,11:27:40,-9.8,
20250428,11:27:40,-8.9,
20250428,11:27:40,-8.4,
20250428,11:27:40,-8.8,
20250428,11:27:41,-9.4,
20250428,11:27:41,-9.9,
20250428,11:27:41,-9.8,
20250428,11:27:42,-9,
20250428,11:27:42,-7.9,
20250428,11:27:42,-7.4,
20250428,11:27:42,-7.3,
20250428,11:27:43,-7.4,
20250428,11:27:43,-7.7,
20250428,11:27:43,-7.9,
20250428,11:27:43,-8,
20250428,11:27:44,-8.3,
20250428,11:27:44,-8.4,
20250428,11:27:44,-8.4,
20250428,11:27:45,-8.2,
20250428,11:27:45,-7.3,
20250428,11:27:45,-6,
20250428,11:27:45,-6.1,
20250428,11:27:46,-7.5,
20250428,11:27:46,-8.8,
20250428,11:27:46,-9.7,
20250428,11:27:46,-10.1,
20250428,11:27:47,-10.3,
20250428,11:27:47,-10.6,
20250428,11:27:47,-11,
20250428,11:27:48,-11.1,
20250428,11:27:48,-11.2,
20250428,11:27:48,-11.1,
20250428,11:27:48,-11,
20250428,11:27:49,-10.8,
20250428,11:27:49,-10.4,
20250428,11:27:49,-10,
20250428,11:27:50,-9.5,
20250428,11:27:50,-9.2,
20250428,11:27:50,-8.7,
20250428,11:27:50,-8.5,
20250428,11:27:51,-8.4,
20250428,11:27:51,-8.4,
20250428,11:27:51,-8.4,
20250428,11:27:51,-8.3,
20250428,11:27:52,-8.2,
20250428,11:27:52,-8.2,
20250428,11:27:52,-8,
20250428,11:27:53,-7.8,
20250428,11:27:53,-7,
20250428,11:27:53,-6.3,
20250428,11:27:53,-6.1,
20250428,11:27:54,-6.2,
20250428,11:27:54,-6.6,
20250428,11:27:54,-6.9,
20250428,11:27:54,-7,
20250428,11:27:55,-7,
20250428,11:27:55,-7,
20250428,11:27:55,-7.3,
20250428,11:27:56,-7.4,
20250428,11:27:56,-6.9,
20250428,11:27:56,-6.5,
20250428,11:27:56,-6.6,
20250428,11:27:57,-6.8,
20250428,11:27:57,-7.4,
20250428,11:27:57,-8.1,
20250428,11:27:58,-9.1,
20250428,11:27:58,-9.7,
20250428,11:27:58,-9.7,
20250428,11:27:58,-10.1,
20250428,11:27:59,-9.9,
20250428,11:27:59,-9,
20250428,11:27:59,-7.9,
20250428,11:27:59,-6.9,
20250428,11:28:00,-6,
20250428,11:28:00,-5.2,
20250428,11:28:00,-4.7,
20250428,11:28:01,-4.5,
20250428,11:28:01,-4.7,
20250428,11:28:01,-4.7,
20250428,11:28:01,-4,
20250428,11:28:02,-3.2,
20250428,11:28:02,-2.2,
20250428,11:28:02,-1.6,
20250428,11:28:02,-1.1,
20250428,11:28:03,-0.9,
20250428,11:28:03,-1,
20250428,11:28:03,-1.3,
20250428,11:28:04,-1.3,
20250428,11:28:04,-1,
20250428,11:28:04,-0.9,
20250428,11:28:04,-1.3,
20250428,11:28:05,-2.1,
20250428,11:28:05,-2.9,
20250428,11:28:05,-3.4,
20250428,11:28:06,-4.3,
20250428,11:28:06,-5.1,
20250428,11:28:06,-5.6,
20250428,11:28:06,-5.9,
20250428,11:28:07,-6.3,
20250428,11:28:07,-7,
20250428,11:28:07,-7.5,
20250428,11:28:07,-8,
20250428,11:28:08,-8,
20250428,11:28:08,-7.6,
20250428,11:28:08,-7.4,
20250428,11:28:09,-7.6,
20250428,11:28:09,-7.8,
20250428,11:28:09,-8.3,
20250428,11:28:09,-8.4,
20250428,11:28:10,-8.4,
20250428,11:28:10,-8.4,
20250428,11:28:10,-8.2,
20250428,11:28:10,-7.5,
20250428,11:28:11,-6.6,
20250428,11:28:11,-6.1,
20250428,11:28:11,-6.7,
20250428,11:28:12,-7.3,
20250428,11:28:12,-7.8,
20250428,11:28:12,-8.2,
20250428,11:28:12,-8.2,
20250428,11:28:13,-8.3,
20250428,11:28:13,-8.2,
20250428,11:28:13,-8.1,
20250428,11:28:14,-8.1,
20250428,11:28:14,-7.9,
20250428,11:28:14,-7.8,
20250428,11:28:14,-7.8,
20250428,11:28:15,-7.4,
20250428,11:28:15,-6.7,
20250428,11:28:15,-5.9,
20250428,11:28:15,-5.7,
20250428,11:28:16,-5.8,
20250428,11:28:16,-6.2,
20250428,11:28:16,-6.5,
20250428,11:28:17,-6.7,
20250428,11:28:17,-6.5,
20250428,11:28:17,-6.3,
20250428,11:28:17,-6.4,
20250428,11:28:18,-6.7,
20250428,11:28:18,-6.9,
20250428,11:28:18,-7.3,
20250428,11:28:18,-7.6,
20250428,11:28:19,-7.7,
20250428,11:28:19,-7.9,
20250428,11:28:19,-8,
20250428,11:28:20,-8.1,
20250428,11:28:20,-8.1,
20250428,11:28:20,-8.1,
20250428,11:28:20,-8,
20250428,11:28:21,-8,
20250428,11:28:21,-7.9,
20250428,11:28:21,-8,
20250428,11:28:22,-8,
20250428,11:28:22,-8.1,
20250428,11:28:22,-8.2,
20250428,11:28:22,-7.7,
20250428,11:28:23,-6.8,
20250428,11:28:23,-6.1,
20250428,11:28:23,-5.9,
20250428,11:28:23,-6.8,
20250428,11:28:24,-7.9,
20250428,11:28:24,-8.6,
20250428,11:28:24,-9.2,
20250428,11:28:25,-9.3,
20250428,11:28:25,-9.4,
20250428,11:28:25,-9.3,
20250428,11:28:25,-9.2,
20250428,11:28:26,-8.9,
20250428,11:28:26,-8.4,
20250428,11:28:26,-7.3,
20250428,11:28:27,-6.7,
20250428,11:28:27,-6.9,
20250428,11:28:27,-7.5,
20250428,11:28:27,-7.8,
20250428,11:28:28,-8.1,
20250428,11:28:28,-8.1,
20250428,11:28:28,-8.2,
20250428,11:28:28,-8.3,
20250428,11:28:29,-7.9,
20250428,11:28:29,-7.8,
20250428,11:28:29,-7.8,
20250428,11:28:30,-7.1,
20250428,11:28:30,-6.1,
20250428,11:28:30,-5.3,
20250428,11:28:30,-5.1,
20250428,11:28:31,-5.1,
20250428,11:28:31,-5,
20250428,11:28:31,-5,
20250428,11:28:31,-5.8,
20250428,11:28:32,-6.7,
20250428,11:28:32,-7.5,
20250428,11:28:32,-8,
20250428,11:28:33,-8.2,
20250428,11:28:33,-8.3,
20250428,11:28:33,-8.2,
20250428,11:28:33,-8.2,
20250428,11:28:34,-7.8,
20250428,11:28:34,-7.1,
20250428,11:28:34,-6.9,
20250428,11:28:35,-7,
20250428,11:28:35,-7.3,
20250428,11:28:35,-7.4,
20250428,11:28:35,-7.4,
20250428,11:28:36,-7.5,
20250428,11:28:36,-7.7,
20250428,11:28:36,-7.6,
20250428,11:28:36,-7.6,
20250428,11:28:37,-7.5,
20250428,11:28:37,-7.2,
20250428,11:28:37,-7,
20250428,11:28:38,-6.8,
20250428,11:28:38,-6.7,
20250428,11:28:38,-6.7,
20250428,11:28:38,-6.5,
20250428,11:28:39,-5.5,
20250428,11:28:39,-4.8,
20250428,11:28:39,-4.1,
20250428,11:28:39,-4.1,
20250428,11:28:40,-3.8,
20250428,11:28:40,-4.3,
20250428,11:28:40,-5.6,
20250428,11:28:41,-6.9,
20250428,11:28:41,-8.1,
20250428,11:28:41,-9,
20250428,11:28:41,-9.3,
20250428,11:28:42,-9.4,
20250428,11:28:42,-9.3,
20250428,11:28:42,-9,
20250428,11:28:43,-8.6,
20250428,11:28:43,-8.3,
20250428,11:28:43,-8,
20250428,11:28:43,-7.7,
20250428,11:28:44,-7.6,
20250428,11:28:44,-7.3,
20250428,11:28:44,-7.1,
20250428,11:28:44,-6.9,
20250428,11:28:45,-6.7,
20250428,11:28:45,-6.7,
20250428,11:28:45,-6.6,
20250428,11:28:46,-6.4,
20250428,11:28:46,-6.4,
20250428,11:28:46,-6.4,
20250428,11:28:46,-6.2,
20250428,11:28:47,-5.8,
20250428,11:28:47,-5.2,
20250428,11:28:47,-4.6,
20250428,11:28:47,-4.1,
20250428,11:28:48,-4.2,
20250428,11:28:48,-4.6,
20250428,11:28:48,-5,
20250428,11:28:49,-5.4,
20250428,11:28:49,-5.7,
20250428,11:28:49,-5.8,
20250428,11:28:49,-5.8,
20250428,11:28:50,-5.8,
20250428,11:28:50,-5.8,
20250428,11:28:50,-5.8,
20250428,11:28:51,-5.8,
20250428,11:28:51,-5.7,
20250428,11:28:51,-5.7,
20250428,11:28:51,-5.7,
20250428,11:28:52,-5.6,
20250428,11:28:52,-5.6,
20250428,11:28:52,-5.5,
20250428,11:28:52,-5.3,
20250428,11:28:53,-4.6,
20250428,11:28:53,-3.4,
20250428,11:28:53,-2.8,
20250428,11:28:54,-2.9,
20250428,11:28:54,-3.2,
20250428,11:28:54,-3.6,
20250428,11:28:54,-4.1,
20250428,11:28:55,-4.3,
20250428,11:28:55,-4.6,
20250428,11:28:55,-4.9,
20250428,11:28:55,-5,
20250428,11:28:56,-5,
20250428,11:28:56,-5.1,
20250428,11:28:56,-5.1,
20250428,11:28:57,-5.2,
20250428,11:28:57,-5,
20250428,11:28:57,-5,
20250428,11:28:57,-5,
20250428,11:28:58,-4.9,
20250428,11:28:58,-5,
20250428,11:28:58,-4.9,
20250428,11:28:58,-4.3,
20250428,11:28:59,-3.5,
20250428,11:28:59,-2.8,
20250428,11:28:59,-2.6,
