静息,正性,中性,负性
15:31:40,15:33:16,15:34:34,15:38:05
,,,
CTP266,88:4A:EA:8B:D1:E6,,
,,,
,,,
,,,
,,,
,,,
,,,
20250417,15:27:04,-40.2,
20250417,15:27:04,-40.2,
20250417,15:27:05,-40.2,
20250417,15:27:05,-40.3,
20250417,15:27:05,-40.7,
20250417,15:27:06,-40.4,
20250417,15:27:06,-39.8,
20250417,15:27:06,-40,
20250417,15:27:06,-40.5,
20250417,15:27:07,-38.6,
20250417,15:27:07,-39.8,
20250417,15:27:07,-39.7,
20250417,15:27:07,-39.7,
20250417,15:27:08,-39.5,
20250417,15:27:08,-38.7,
20250417,15:27:08,-39.7,
20250417,15:27:09,-39.6,
20250417,15:27:09,-41.1,
20250417,15:27:09,-41.6,
20250417,15:27:09,-41,
20250417,15:27:10,-40.1,
20250417,15:27:10,-39.2,
20250417,15:27:10,-38.8,
20250417,15:27:11,-38.4,
20250417,15:27:11,-38.2,
20250417,15:27:11,-38.1,
20250417,15:27:11,-37.9,
20250417,15:27:12,-38.2,
20250417,15:27:12,-39.9,
20250417,15:27:12,-40.1,
20250417,15:27:12,-39.8,
20250417,15:27:13,-39.2,
20250417,15:27:13,-40.1,
20250417,15:27:13,-40.1,
20250417,15:27:14,-40.4,
20250417,15:27:14,-39.7,
20250417,15:27:14,-39.3,
20250417,15:27:14,-39.1,
20250417,15:27:15,-39.2,
20250417,15:27:15,-39.1,
20250417,15:27:15,-39.2,
20250417,15:27:15,-39.2,
20250417,15:27:16,-39.6,
20250417,15:27:16,-39.5,
20250417,15:27:16,-39.7,
20250417,15:27:17,-39.9,
20250417,15:27:17,-40,
20250417,15:27:17,-40.1,
20250417,15:27:17,-40.2,
20250417,15:27:18,-40.6,
20250417,15:27:18,-41.2,
20250417,15:27:18,-41.6,
20250417,15:27:19,-41.2,
20250417,15:27:19,-40.2,
20250417,15:27:19,-39.7,
20250417,15:27:19,-38.9,
20250417,15:27:20,-38.4,
20250417,15:27:20,-38.2,
20250417,15:27:20,-38.3,
20250417,15:27:20,-38.7,
20250417,15:27:21,-39.3,
20250417,15:27:21,-39.8,
20250417,15:27:21,-38.3,
20250417,15:27:22,-35.8,
20250417,15:27:22,-33.7,
20250417,15:27:22,-32.1,
20250417,15:27:23,-31.2,
20250417,15:27:23,-30.9,
20250417,15:27:23,-30.8,
20250417,15:27:23,-31,
20250417,15:27:24,-31.5,
20250417,15:27:24,-32.2,
20250417,15:27:24,-32.7,
20250417,15:27:24,-33.4,
20250417,15:27:25,-34.1,
20250417,15:27:25,-34.7,
20250417,15:27:25,-35.4,
20250417,15:27:25,-35.8,
20250417,15:27:26,-36.3,
20250417,15:27:26,-36.6,
20250417,15:27:26,-36.9,
20250417,15:27:27,-37.3,
20250417,15:27:27,-37.5,
20250417,15:27:27,-37.6,
20250417,15:27:27,-37.8,
20250417,15:27:28,-37.9,
20250417,15:27:28,-38.1,
20250417,15:27:28,-38.2,
20250417,15:27:29,-38.2,
20250417,15:27:29,-38.3,
20250417,15:27:29,-38.3,
20250417,15:27:29,-38.3,
20250417,15:27:30,-38.4,
20250417,15:27:30,-38.4,
20250417,15:27:30,-38.4,
20250417,15:27:31,-38.5,
20250417,15:27:31,-38.5,
20250417,15:27:31,-38.5,
20250417,15:27:31,-38.5,
20250417,15:27:32,-38.5,
20250417,15:27:32,-38.5,
20250417,15:27:32,-38.5,
20250417,15:27:32,-38.5,
20250417,15:27:33,-38.4,
20250417,15:27:33,-38.4,
20250417,15:27:33,-38.4,
20250417,15:27:33,-38.3,
20250417,15:27:34,-38.3,
20250417,15:27:34,-38.3,
20250417,15:27:34,-38.3,
20250417,15:27:35,-38.5,
20250417,15:27:35,-38.8,
20250417,15:27:35,-39.1,
20250417,15:27:35,-39.2,
20250417,15:27:36,-39.6,
20250417,15:27:36,-39.4,
20250417,15:27:36,-39.3,
20250417,15:27:37,-38.9,
20250417,15:27:37,-37,
20250417,15:27:37,-33.7,
20250417,15:27:37,-30.3,
20250417,15:27:38,-27.4,
20250417,15:27:38,-25.1,
20250417,15:27:38,-22.9,
20250417,15:27:39,-21.4,
20250417,15:27:39,-20.2,
20250417,15:27:39,-19.5,
20250417,15:27:39,-19.1,
20250417,15:27:40,-19.2,
20250417,15:27:40,-19.5,
20250417,15:27:40,-20.3,
20250417,15:27:40,-21.2,
20250417,15:27:41,-22.3,
20250417,15:27:41,-22.9,
20250417,15:27:41,-23.2,
20250417,15:27:42,-23.7,
20250417,15:27:42,-24.3,
20250417,15:27:42,-24.7,
20250417,15:27:42,-24.7,
20250417,15:27:43,-24.8,
20250417,15:27:43,-24.6,
20250417,15:27:43,-24.1,
20250417,15:27:44,-23.7,
20250417,15:27:44,-23.2,
20250417,15:27:44,-22.9,
20250417,15:27:44,-23,
20250417,15:27:45,-23.4,
20250417,15:27:45,-23.8,
20250417,15:27:45,-24.3,
20250417,15:27:45,-25,
20250417,15:27:46,-25.8,
20250417,15:27:46,-26.5,
20250417,15:27:46,-27.2,
20250417,15:27:47,-28,
20250417,15:27:47,-28.8,
20250417,15:27:47,-29.4,
20250417,15:27:47,-30.1,
20250417,15:27:48,-30.8,
20250417,15:27:48,-31.4,
20250417,15:27:48,-31.6,
20250417,15:27:48,-31.8,
20250417,15:27:49,-32,
20250417,15:27:49,-32.3,
20250417,15:27:49,-32.6,
20250417,15:27:50,-32.9,
20250417,15:27:50,-33,
20250417,15:27:50,-33.5,
20250417,15:27:50,-34,
20250417,15:27:51,-34.6,
20250417,15:27:51,-34.9,
20250417,15:27:51,-34.8,
20250417,15:27:52,-34.6,
20250417,15:27:52,-34,
20250417,15:27:52,-33.5,
20250417,15:27:52,-32.6,
20250417,15:27:53,-31.5,
20250417,15:27:53,-30.8,
20250417,15:27:53,-30.6,
20250417,15:27:53,-30.3,
20250417,15:27:54,-29.1,
20250417,15:27:54,-27.1,
20250417,15:27:54,-24.6,
20250417,15:27:55,-21.9,
20250417,15:27:55,-19.8,
20250417,15:27:55,-18.5,
20250417,15:27:55,-17.8,
20250417,15:27:56,-17.8,
20250417,15:27:56,-18.3,
20250417,15:27:56,-19.3,
20250417,15:27:57,-20.5,
20250417,15:27:57,-21.8,
20250417,15:27:57,-22.9,
20250417,15:27:57,-23.9,
20250417,15:27:58,-24.7,
20250417,15:27:58,-25.7,
20250417,15:27:58,-26.5,
20250417,15:27:58,-27.3,
20250417,15:27:59,-28.2,
20250417,15:27:59,-28.9,
20250417,15:27:59,-29.8,
20250417,15:28:00,-30.6,
20250417,15:28:00,-31.1,
20250417,15:28:00,-31.7,
20250417,15:28:00,-32.2,
20250417,15:28:01,-32.7,
20250417,15:28:01,-33.1,
20250417,15:28:01,-33.4,
20250417,15:28:01,-33.8,
20250417,15:28:02,-34,
20250417,15:28:02,-34.1,
20250417,15:28:02,-34.2,
20250417,15:28:03,-34.5,
20250417,15:28:03,-34.6,
20250417,15:28:03,-34.5,
20250417,15:28:03,-34.4,
20250417,15:28:04,-34.5,
20250417,15:28:04,-34.4,
20250417,15:28:04,-34.1,
20250417,15:28:05,-33.6,
20250417,15:28:05,-33.1,
20250417,15:28:05,-32.7,
20250417,15:28:05,-32.6,
20250417,15:28:06,-32.6,
20250417,15:28:06,-32.7,
20250417,15:28:06,-33,
20250417,15:28:06,-33.2,
20250417,15:28:07,-33.5,
20250417,15:28:07,-33.9,
20250417,15:28:07,-34.1,
20250417,15:28:08,-34.4,
20250417,15:28:08,-34.6,
20250417,15:28:08,-34.8,
20250417,15:28:08,-34.8,
20250417,15:28:09,-35,
20250417,15:28:09,-35,
20250417,15:28:09,-35.2,
20250417,15:28:10,-35.2,
20250417,15:28:10,-35.2,
20250417,15:28:10,-35.1,
20250417,15:28:10,-35,
20250417,15:28:11,-34.9,
20250417,15:28:11,-34.9,
20250417,15:28:11,-35,
20250417,15:28:11,-35.1,
20250417,15:28:12,-34.8,
20250417,15:28:12,-34.3,
20250417,15:28:12,-33.8,
20250417,15:28:13,-32.3,
20250417,15:28:13,-30.3,
20250417,15:28:13,-28.5,
20250417,15:28:13,-27.3,
20250417,15:28:14,-26.9,
20250417,15:28:14,-26.9,
20250417,15:28:14,-27.2,
20250417,15:28:14,-27.9,
20250417,15:28:15,-28.7,
20250417,15:28:15,-29,
20250417,15:28:15,-28.2,
20250417,15:28:16,-25.9,
20250417,15:28:16,-23.2,
20250417,15:28:16,-20.9,
20250417,15:28:16,-19.5,
20250417,15:28:17,-18.8,
20250417,15:28:17,-18.8,
20250417,15:28:17,-19.3,
20250417,15:28:18,-20.2,
20250417,15:28:18,-21.3,
20250417,15:28:18,-22.4,
20250417,15:28:18,-23.8,
20250417,15:28:19,-24.9,
20250417,15:28:19,-26.2,
20250417,15:28:19,-27.1,
20250417,15:28:19,-28,
20250417,15:28:20,-28.9,
20250417,15:28:20,-29.7,
20250417,15:28:20,-30.4,
20250417,15:28:21,-31,
20250417,15:28:21,-31.7,
20250417,15:28:21,-31.7,
20250417,15:28:21,-30.6,
20250417,15:28:22,-28.8,
20250417,15:28:22,-27.4,
20250417,15:28:22,-26.3,
20250417,15:28:23,-25.7,
20250417,15:28:23,-25.5,
20250417,15:28:23,-25.6,
20250417,15:28:23,-26,
20250417,15:28:24,-26.5,
20250417,15:28:24,-27.2,
20250417,15:28:24,-27.8,
20250417,15:28:24,-28.5,
20250417,15:28:25,-28.9,
20250417,15:28:25,-29,
20250417,15:28:25,-28.3,
20250417,15:28:26,-27.6,
20250417,15:28:26,-26.9,
20250417,15:28:26,-26.5,
20250417,15:28:26,-26.4,
20250417,15:28:27,-26.6,
20250417,15:28:27,-27,
20250417,15:28:27,-27.2,
20250417,15:28:28,-27.2,
20250417,15:28:28,-27.4,
20250417,15:28:28,-27.2,
20250417,15:28:28,-26.6,
20250417,15:28:29,-25.9,
20250417,15:28:29,-25.3,
20250417,15:28:29,-24.1,
20250417,15:28:29,-24.7,
20250417,15:28:30,-25.2,
20250417,15:28:30,-25.5,
20250417,15:28:30,-25.7,
20250417,15:28:31,-26,
20250417,15:28:31,-26.4,
20250417,15:28:31,-26.7,
20250417,15:28:31,-26.9,
20250417,15:28:32,-26.9,
20250417,15:28:32,-26.8,
20250417,15:28:32,-26.6,
20250417,15:28:32,-26.3,
20250417,15:28:33,-26,
20250417,15:28:33,-25.8,
20250417,15:28:33,-25.9,
20250417,15:28:34,-26.1,
20250417,15:28:34,-26.6,
20250417,15:28:34,-26.9,
20250417,15:28:34,-26.6,
20250417,15:28:35,-25.9,
20250417,15:28:35,-25.1,
20250417,15:28:35,-24.6,
20250417,15:28:36,-24.6,
20250417,15:28:36,-24.9,
20250417,15:28:36,-25.4,
20250417,15:28:36,-25.7,
20250417,15:28:37,-26,
20250417,15:28:37,-26,
20250417,15:28:37,-26,
20250417,15:28:38,-26.1,
20250417,15:28:38,-26.3,
20250417,15:28:38,-26.6,
20250417,15:28:38,-27,
20250417,15:28:39,-27.5,
20250417,15:28:39,-28,
20250417,15:28:39,-28.4,
20250417,15:28:39,-28.8,
20250417,15:28:40,-28.9,
20250417,15:28:40,-29.1,
20250417,15:28:40,-29.5,
20250417,15:28:41,-29.8,
20250417,15:28:41,-29.9,
20250417,15:28:41,-30.3,
20250417,15:28:41,-30.6,
20250417,15:28:42,-30.8,
20250417,15:28:42,-31.3,
20250417,15:28:42,-31.5,
20250417,15:28:42,-31.7,
20250417,15:28:43,-31.8,
20250417,15:28:43,-31.8,
20250417,15:28:43,-31.8,
20250417,15:28:44,-31.8,
20250417,15:28:44,-31.9,
20250417,15:28:44,-32,
20250417,15:28:44,-32.4,
20250417,15:28:45,-33.2,
20250417,15:28:45,-33.4,
20250417,15:28:45,-33,
20250417,15:28:45,-32.3,
20250417,15:28:46,-31.3,
20250417,15:28:46,-29.8,
20250417,15:28:46,-28.1,
20250417,15:28:47,-27.1,
20250417,15:28:47,-26.1,
20250417,15:28:47,-25.5,
20250417,15:28:47,-25.5,
20250417,15:28:48,-25.6,
20250417,15:28:48,-26.2,
20250417,15:28:48,-26.7,
20250417,15:28:49,-27,
20250417,15:28:49,-27.2,
20250417,15:28:49,-27.2,
20250417,15:28:49,-27.6,
20250417,15:28:50,-28,
20250417,15:28:50,-28.5,
20250417,15:28:50,-28.9,
20250417,15:28:51,-29.6,
20250417,15:28:51,-30.1,
20250417,15:28:51,-30.8,
20250417,15:28:51,-31.6,
20250417,15:28:52,-32.1,
20250417,15:28:52,-31.8,
20250417,15:28:52,-31.3,
20250417,15:28:52,-30.7,
20250417,15:28:53,-30.3,
20250417,15:28:53,-30,
20250417,15:28:53,-29.9,
20250417,15:28:54,-30,
20250417,15:28:54,-30.1,
20250417,15:28:54,-30.3,
20250417,15:28:54,-30.6,
20250417,15:28:55,-30.9,
20250417,15:28:55,-31.4,
20250417,15:28:55,-31.8,
20250417,15:28:56,-32.4,
20250417,15:28:56,-32.9,
20250417,15:28:56,-33,
20250417,15:28:56,-32.7,
20250417,15:28:57,-32.3,
20250417,15:28:57,-31.8,
20250417,15:28:57,-31.4,
20250417,15:28:57,-30.8,
20250417,15:28:58,-30.5,
20250417,15:28:58,-30.6,
20250417,15:28:58,-30,
20250417,15:28:59,-28.6,
20250417,15:28:59,-26.3,
20250417,15:28:59,-24.2,
20250417,15:28:59,-22.7,
20250417,15:29:00,-21.8,
20250417,15:29:00,-21.5,
20250417,15:29:00,-21.6,
20250417,15:29:00,-21.7,
20250417,15:29:01,-21.8,
20250417,15:29:01,-21.6,
20250417,15:29:01,-21.4,
20250417,15:29:02,-21.2,
20250417,15:29:02,-21.2,
20250417,15:29:02,-21.3,
20250417,15:29:02,-21.8,
20250417,15:29:03,-22.4,
20250417,15:29:03,-23.2,
20250417,15:29:03,-23.9,
20250417,15:29:04,-24.8,
20250417,15:29:04,-25.5,
20250417,15:29:04,-26.3,
20250417,15:29:04,-27,
20250417,15:29:05,-27.6,
20250417,15:29:05,-28,
20250417,15:29:05,-28.6,
20250417,15:29:05,-28.9,
20250417,15:29:06,-29.3,
20250417,15:29:06,-29.7,
20250417,15:29:06,-30,
20250417,15:29:07,-30.2,
20250417,15:29:07,-30.4,
20250417,15:29:07,-30.6,
20250417,15:29:07,-30.6,
20250417,15:29:08,-30.8,
20250417,15:29:08,-30.7,
20250417,15:29:08,-30.6,
20250417,15:29:08,-30.6,
20250417,15:29:09,-30.3,
20250417,15:29:09,-30,
20250417,15:29:09,-29.8,
20250417,15:29:10,-29.6,
20250417,15:29:10,-29.7,
20250417,15:29:10,-29.8,
20250417,15:29:10,-29.8,
20250417,15:29:11,-29.9,
20250417,15:29:11,-30,
20250417,15:29:11,-30.2,
20250417,15:29:12,-30.3,
20250417,15:29:12,-30.5,
20250417,15:29:12,-30.6,
20250417,15:29:12,-30.6,
20250417,15:29:13,-30.7,
20250417,15:29:13,-30.9,
20250417,15:29:13,-31,
20250417,15:29:14,-31,
20250417,15:29:14,-31.1,
20250417,15:29:14,-31.1,
20250417,15:29:14,-31.2,
20250417,15:29:15,-31.2,
20250417,15:29:15,-31.2,
20250417,15:29:15,-31.2,
20250417,15:29:15,-31.3,
20250417,15:29:16,-31.4,
20250417,15:29:16,-31.4,
20250417,15:29:16,-31.2,
20250417,15:29:17,-31,
20250417,15:29:17,-30.7,
20250417,15:29:17,-30.6,
20250417,15:29:17,-30.5,
20250417,15:29:18,-30.4,
20250417,15:29:18,-30.3,
20250417,15:29:18,-30.3,
20250417,15:29:18,-30.3,
20250417,15:29:19,-30.3,
20250417,15:29:19,-30.5,
20250417,15:29:19,-30.5,
20250417,15:29:20,-30.4,
20250417,15:29:20,-30.4,
20250417,15:29:20,-30.2,
20250417,15:29:20,-30.1,
20250417,15:29:21,-30,
20250417,15:29:21,-29.9,
20250417,15:29:21,-29.9,
20250417,15:29:22,-29.8,
20250417,15:29:22,-29.8,
20250417,15:29:22,-29.8,
20250417,15:29:22,-29.8,
20250417,15:29:23,-29.8,
20250417,15:29:23,-29.8,
20250417,15:29:23,-29.8,
20250417,15:29:23,-29.7,
20250417,15:29:24,-29.7,
20250417,15:29:24,-29.7,
20250417,15:29:24,-29.8,
20250417,15:29:25,-29.7,
20250417,15:29:25,-29.6,
20250417,15:29:25,-29.6,
20250417,15:29:25,-29.6,
20250417,15:29:26,-29.7,
20250417,15:29:26,-29.7,
20250417,15:29:26,-29.8,
20250417,15:29:26,-29.7,
20250417,15:29:27,-29.7,
20250417,15:29:27,-29.6,
20250417,15:29:27,-29.6,
20250417,15:29:28,-29.5,
20250417,15:29:28,-29.6,
20250417,15:29:28,-29.6,
20250417,15:29:29,-29.6,
20250417,15:29:29,-29.5,
20250417,15:29:29,-29.4,
20250417,15:29:29,-29.2,
20250417,15:29:30,-29.2,
20250417,15:29:30,-29.2,
20250417,15:29:30,-29.3,
20250417,15:29:30,-29.1,
20250417,15:29:31,-28.9,
20250417,15:29:31,-28.9,
20250417,15:29:31,-28.7,
20250417,15:29:31,-28.6,
20250417,15:29:32,-28.3,
20250417,15:29:32,-28,
20250417,15:29:32,-27.8,
20250417,15:29:33,-27.4,
20250417,15:29:33,-27.2,
20250417,15:29:33,-27.2,
20250417,15:29:33,-27.1,
20250417,15:29:34,-27.2,
20250417,15:29:34,-27.3,
20250417,15:29:34,-27.4,
20250417,15:29:35,-27.5,
20250417,15:29:35,-27.5,
20250417,15:29:35,-27.5,
20250417,15:29:35,-27.5,
20250417,15:29:36,-27.4,
20250417,15:29:36,-27.4,
20250417,15:29:36,-27.6,
20250417,15:29:36,-28,
20250417,15:29:37,-28.3,
20250417,15:29:37,-28.6,
20250417,15:29:37,-28.5,
20250417,15:29:38,-28.3,
20250417,15:29:38,-28.1,
20250417,15:29:38,-28,
20250417,15:29:38,-28,
20250417,15:29:39,-27.9,
20250417,15:29:39,-28,
20250417,15:29:39,-28,
20250417,15:29:39,-28.1,
20250417,15:29:40,-28.2,
20250417,15:29:40,-28.4,
20250417,15:29:40,-29.2,
20250417,15:29:41,-30.4,
20250417,15:29:41,-30.4,
20250417,15:29:41,-29,
20250417,15:29:41,-27.6,
20250417,15:29:42,-26.7,
20250417,15:29:42,-26.5,
20250417,15:29:42,-26.6,
20250417,15:29:43,-27.1,
20250417,15:29:43,-27.8,
20250417,15:29:43,-28.6,
20250417,15:29:43,-29.2,
20250417,15:29:44,-29.2,
20250417,15:29:44,-29.2,
20250417,15:29:44,-29.1,
20250417,15:29:45,-29.1,
20250417,15:29:45,-29.1,
20250417,15:29:45,-29.4,
20250417,15:29:45,-29.6,
20250417,15:29:46,-29.7,
20250417,15:29:46,-29.7,
20250417,15:29:46,-29.6,
20250417,15:29:46,-29.5,
20250417,15:29:47,-29.6,
20250417,15:29:47,-29.8,
20250417,15:29:47,-30.1,
20250417,15:29:48,-30.4,
20250417,15:29:48,-30.6,
20250417,15:29:48,-30.5,
20250417,15:29:48,-30.4,
20250417,15:29:49,-30.3,
20250417,15:29:49,-30.1,
20250417,15:29:49,-30.4,
20250417,15:29:49,-30.6,
20250417,15:29:50,-30.8,
20250417,15:29:50,-30.7,
20250417,15:29:50,-30.2,
20250417,15:29:51,-29.2,
20250417,15:29:51,-27.5,
20250417,15:29:51,-25.6,
20250417,15:29:51,-24.2,
20250417,15:29:52,-23.5,
20250417,15:29:52,-23.4,
20250417,15:29:52,-23.9,
20250417,15:29:53,-24.6,
20250417,15:29:53,-25.5,
20250417,15:29:53,-25.8,
20250417,15:29:53,-25.1,
20250417,15:29:54,-23.5,
20250417,15:29:54,-22,
20250417,15:29:54,-21.1,
20250417,15:29:54,-20.6,
20250417,15:29:55,-20.7,
20250417,15:29:55,-21.3,
20250417,15:29:55,-22.1,
20250417,15:29:56,-22.9,
20250417,15:29:56,-23.8,
20250417,15:29:56,-24.6,
20250417,15:29:56,-25.4,
20250417,15:29:57,-26,
20250417,15:29:57,-26.6,
20250417,15:29:57,-27.1,
20250417,15:29:58,-27.4,
20250417,15:29:58,-27.9,
20250417,15:29:58,-28.3,
20250417,15:29:58,-28.7,
20250417,15:29:59,-28.9,
20250417,15:29:59,-29,
20250417,15:29:59,-28.8,
20250417,15:29:59,-28.5,
20250417,15:30:00,-28.4,
20250417,15:30:00,-28.4,
20250417,15:30:00,-28.1,
20250417,15:30:01,-27.5,
20250417,15:30:01,-26.2,
20250417,15:30:01,-24.9,
20250417,15:30:01,-23.8,
20250417,15:30:02,-23.1,
20250417,15:30:02,-22.7,
20250417,15:30:02,-22.5,
20250417,15:30:03,-22.4,
20250417,15:30:03,-22.7,
20250417,15:30:03,-22.9,
20250417,15:30:03,-23.5,
20250417,15:30:04,-23.9,
20250417,15:30:04,-24.7,
20250417,15:30:04,-25.4,
20250417,15:30:04,-26,
20250417,15:30:05,-26.7,
20250417,15:30:05,-27.2,
20250417,15:30:05,-27.8,
20250417,15:30:06,-28,
20250417,15:30:06,-28.3,
20250417,15:30:06,-28.2,
20250417,15:30:06,-28,
20250417,15:30:07,-27.8,
20250417,15:30:07,-27.6,
20250417,15:30:07,-27.6,
20250417,15:30:07,-27.7,
20250417,15:30:08,-28,
20250417,15:30:08,-28.2,
20250417,15:30:08,-28.6,
20250417,15:30:09,-28.9,
20250417,15:30:09,-29.2,
20250417,15:30:09,-29.8,
20250417,15:30:09,-30.2,
20250417,15:30:10,-30.2,
20250417,15:30:10,-29.8,
20250417,15:30:10,-29.3,
20250417,15:30:11,-28.6,
20250417,15:30:11,-28.1,
20250417,15:30:11,-27.9,
20250417,15:30:11,-27.9,
20250417,15:30:12,-27.9,
20250417,15:30:12,-28,
20250417,15:30:12,-28.2,
20250417,15:30:13,-28.5,
20250417,15:30:13,-28.8,
20250417,15:30:13,-29,
20250417,15:30:13,-29.3,
20250417,15:30:14,-29.5,
20250417,15:30:14,-29.7,
20250417,15:30:14,-29.8,
20250417,15:30:14,-29.9,
20250417,15:30:15,-29.9,
20250417,15:30:15,-29.9,
20250417,15:30:15,-29.8,
20250417,15:30:16,-29.8,
20250417,15:30:16,-29.4,
20250417,15:30:16,-29,
20250417,15:30:16,-28.5,
20250417,15:30:17,-28.1,
20250417,15:30:17,-27.9,
20250417,15:30:17,-27.8,
20250417,15:30:17,-27.7,
20250417,15:30:18,-27.8,
20250417,15:30:18,-27.8,
20250417,15:30:18,-27.7,
20250417,15:30:19,-27.8,
20250417,15:30:19,-27.8,
20250417,15:30:19,-27.8,
20250417,15:30:19,-27.9,
20250417,15:30:20,-28,
20250417,15:30:20,-28,
20250417,15:30:20,-28.1,
20250417,15:30:20,-28.2,
20250417,15:30:21,-28.4,
20250417,15:30:21,-28.9,
20250417,15:30:21,-29.3,
20250417,15:30:22,-29.7,
20250417,15:30:22,-29.8,
20250417,15:30:22,-30.1,
20250417,15:30:22,-30.6,
20250417,15:30:23,-30.7,
20250417,15:30:23,-30.6,
20250417,15:30:23,-30.6,
20250417,15:30:24,-30.7,
20250417,15:30:24,-29.5,
20250417,15:30:24,-27.4,
20250417,15:30:24,-25.5,
20250417,15:30:25,-24,
20250417,15:30:25,-23,
20250417,15:30:25,-22.7,
20250417,15:30:25,-21.8,
20250417,15:30:26,-20.2,
20250417,15:30:26,-18.4,
20250417,15:30:26,-17,
20250417,15:30:27,-16.4,
20250417,15:30:27,-16.3,
20250417,15:30:27,-16.7,
20250417,15:30:27,-17.5,
20250417,15:30:28,-18.5,
20250417,15:30:28,-19.5,
20250417,15:30:28,-20.4,
20250417,15:30:29,-21.2,
20250417,15:30:29,-22.3,
20250417,15:30:29,-23.5,
20250417,15:30:29,-24,
20250417,15:30:30,-23.7,
20250417,15:30:30,-23,
20250417,15:30:30,-22.4,
20250417,15:30:30,-22.1,
20250417,15:30:31,-21.7,
20250417,15:30:31,-21.4,
20250417,15:30:31,-21.4,
20250417,15:30:32,-22,
20250417,15:30:32,-22.3,
20250417,15:30:32,-22.8,
20250417,15:30:32,-22.7,
20250417,15:30:33,-22.3,
20250417,15:30:33,-22.1,
20250417,15:30:33,-22.5,
20250417,15:30:34,-23.3,
20250417,15:30:34,-23.7,
20250417,15:30:34,-23.2,
20250417,15:30:34,-22.5,
20250417,15:30:35,-21.6,
20250417,15:30:35,-21.1,
20250417,15:30:35,-21,
20250417,15:30:36,-21.6,
20250417,15:30:36,-22.5,
20250417,15:30:36,-22.6,
20250417,15:30:36,-22.3,
20250417,15:30:37,-21.5,
20250417,15:30:37,-20.5,
20250417,15:30:37,-19.5,
20250417,15:30:37,-18.6,
20250417,15:30:38,-18,
20250417,15:30:38,-17.7,
20250417,15:30:38,-16.7,
20250417,15:30:38,-15.2,
20250417,15:30:39,-13.3,
20250417,15:30:39,-11.5,
20250417,15:30:39,-10.1,
20250417,15:30:40,-9.1,
20250417,15:30:40,-8.4,
20250417,15:30:40,-7.9,
20250417,15:30:40,-8.1,
20250417,15:30:41,-8.8,
20250417,15:30:41,-9.8,
20250417,15:30:41,-11.1,
20250417,15:30:42,-11.9,
20250417,15:30:42,-12.3,
20250417,15:30:42,-12.8,
20250417,15:30:42,-13.4,
20250417,15:30:43,-14.1,
20250417,15:30:43,-14.3,
20250417,15:30:43,-15.1,
20250417,15:30:44,-16,
20250417,15:30:44,-16.8,
20250417,15:30:44,-17.7,
20250417,15:30:44,-18.5,
20250417,15:30:45,-18.4,
20250417,15:30:45,-17,
20250417,15:30:45,-14.7,
20250417,15:30:45,-12.1,
20250417,15:30:46,-9.8,
20250417,15:30:46,-7.9,
20250417,15:30:46,-6.4,
20250417,15:30:47,-5.9,
20250417,15:30:47,-4.9,
20250417,15:30:47,-5.1,
20250417,15:30:47,-5.6,
20250417,15:30:48,-5.8,
20250417,15:30:48,-6.4,
20250417,15:30:48,-6.9,
20250417,15:30:48,-7.4,
20250417,15:30:49,-8.8,
20250417,15:30:49,-9.6,
20250417,15:30:49,-10.6,
20250417,15:30:50,-11.7,
20250417,15:30:50,-12.4,
20250417,15:30:50,-13.4,
20250417,15:30:50,-14.4,
20250417,15:30:51,-15.6,
20250417,15:30:51,-15.8,
20250417,15:30:51,-13.9,
20250417,15:30:52,-11.6,
20250417,15:30:52,-9.8,
20250417,15:30:52,-8.3,
20250417,15:30:52,-7.3,
20250417,15:30:53,-6.7,
20250417,15:30:53,-6.6,
20250417,15:30:53,-6.7,
20250417,15:30:53,-7.4,
20250417,15:30:54,-8.4,
20250417,15:30:54,-9.5,
20250417,15:30:54,-10.8,
20250417,15:30:55,-11.9,
20250417,15:30:55,-13.1,
20250417,15:30:55,-14.3,
20250417,15:30:55,-15.2,
20250417,15:30:56,-16.1,
20250417,15:30:56,-16.8,
20250417,15:30:56,-18,
20250417,15:30:56,-18.8,
20250417,15:30:57,-19.7,
20250417,15:30:57,-20.6,
20250417,15:30:57,-21.5,
20250417,15:30:58,-22.2,
20250417,15:30:58,-22.1,
20250417,15:30:58,-21.3,
20250417,15:30:58,-20,
20250417,15:30:59,-18.5,
20250417,15:30:59,-17.8,
20250417,15:30:59,-17.3,
20250417,15:31:00,-17.4,
20250417,15:31:00,-18.4,
20250417,15:31:00,-18.9,
20250417,15:31:00,-18.7,
20250417,15:31:01,-18.7,
20250417,15:31:01,-18.5,
20250417,15:31:01,-18.3,
20250417,15:31:01,-18.5,
20250417,15:31:02,-19.2,
20250417,15:31:02,-19.8,
20250417,15:31:02,-19.9,
20250417,15:31:03,-19.7,
20250417,15:31:03,-20.1,
20250417,15:31:03,-20.1,
20250417,15:31:03,-19.5,
20250417,15:31:04,-19.3,
20250417,15:31:04,-18.5,
20250417,15:31:04,-18.6,
20250417,15:31:05,-19.5,
20250417,15:31:05,-19.3,
20250417,15:31:05,-17.6,
20250417,15:31:05,-15.6,
20250417,15:31:06,-13.5,
20250417,15:31:06,-11.8,
20250417,15:31:06,-10.6,
20250417,15:31:06,-10,
20250417,15:31:07,-8.9,
20250417,15:31:07,-8.4,
20250417,15:31:07,-8.4,
20250417,15:31:08,-8.6,
20250417,15:31:08,-8.9,
20250417,15:31:08,-9.2,
20250417,15:31:08,-9.7,
20250417,15:31:09,-10.2,
20250417,15:31:09,-10.3,
20250417,15:31:09,-9.8,
20250417,15:31:09,-8.7,
20250417,15:31:10,-7.7,
20250417,15:31:10,-6.9,
20250417,15:31:10,-6.5,
20250417,15:31:11,-6.8,
20250417,15:31:11,-7.3,
20250417,15:31:11,-7.8,
20250417,15:31:11,-8.4,
20250417,15:31:12,-9.2,
20250417,15:31:12,-9.6,
20250417,15:31:12,-9.2,
20250417,15:31:13,-8.4,
20250417,15:31:13,-7,
20250417,15:31:13,-6.7,
20250417,15:31:13,-6.5,
20250417,15:31:14,-6.9,
20250417,15:31:14,-7.7,
20250417,15:31:14,-8.6,
20250417,15:31:14,-9.5,
20250417,15:31:15,-10.5,
20250417,15:31:15,-11.4,
20250417,15:31:15,-12.3,
20250417,15:31:16,-13.1,
20250417,15:31:16,-13.7,
20250417,15:31:16,-14.4,
20250417,15:31:16,-15,
20250417,15:31:17,-15.7,
20250417,15:31:17,-16.3,
20250417,15:31:17,-16.9,
20250417,15:31:17,-17.4,
20250417,15:31:18,-17.9,
20250417,15:31:18,-18.4,
20250417,15:31:18,-18.9,
20250417,15:31:19,-19.4,
20250417,15:31:19,-19.9,
20250417,15:31:19,-20.4,
20250417,15:31:19,-20.8,
20250417,15:31:20,-21.1,
20250417,15:31:20,-21.5,
20250417,15:31:20,-21.8,
20250417,15:31:21,-22.1,
20250417,15:31:21,-22.2,
20250417,15:31:21,-22.4,
20250417,15:31:21,-22.8,
20250417,15:31:22,-23.4,
20250417,15:31:22,-24,
20250417,15:31:22,-24,
20250417,15:31:22,-23.8,
20250417,15:31:23,-22.8,
20250417,15:31:23,-21.5,
20250417,15:31:23,-20.4,
20250417,15:31:24,-19.8,
20250417,15:31:24,-19.5,
20250417,15:31:24,-19.1,
20250417,15:31:24,-18.9,
20250417,15:31:25,-18.9,
20250417,15:31:25,-19.1,
20250417,15:31:25,-19.5,
20250417,15:31:26,-19.9,
20250417,15:31:26,-20.4,
20250417,15:31:26,-21,
20250417,15:31:26,-21.6,
20250417,15:31:27,-22.1,
20250417,15:31:27,-22.7,
20250417,15:31:27,-23.2,
20250417,15:31:27,-23.7,
20250417,15:31:28,-23.9,
20250417,15:31:28,-24.4,
20250417,15:31:28,-24.6,
20250417,15:31:29,-24.8,
20250417,15:31:29,-25,
20250417,15:31:29,-25.2,
20250417,15:31:29,-25.3,
20250417,15:31:30,-25.5,
20250417,15:31:30,-25.9,
20250417,15:31:30,-27.1,
20250417,15:31:31,-27.9,
20250417,15:31:31,-27.6,
20250417,15:31:31,-26.7,
20250417,15:31:31,-25.5,
20250417,15:31:32,-24.6,
20250417,15:31:32,-24.2,
20250417,15:31:32,-24.1,
20250417,15:31:33,-24.1,
20250417,15:31:33,-24.4,
20250417,15:31:33,-24.7,
20250417,15:31:33,-25.1,
20250417,15:31:34,-25.5,
20250417,15:31:34,-26,
20250417,15:31:34,-26.3,
20250417,15:31:34,-26.3,
20250417,15:31:35,-26.3,
20250417,15:31:35,-26.3,
20250417,15:31:35,-26.4,
20250417,15:31:35,-26.7,
20250417,15:31:36,-27.1,
20250417,15:31:36,-27.2,
20250417,15:31:36,-27.4,
20250417,15:31:37,-27.5,
20250417,15:31:37,-27.5,
20250417,15:31:37,-27.2,
20250417,15:31:37,-26.7,
20250417,15:31:38,-25.6,
20250417,15:31:38,-23.6,
20250417,15:31:38,-21.2,
20250417,15:31:39,-18.9,
20250417,15:31:39,-17.8,
20250417,15:31:39,-16.9,
20250417,15:31:39,-16.6,
20250417,15:31:40,-16.5,
20250417,15:31:40,-16.6,
20250417,15:31:40,-17,
20250417,15:31:40,-17.6,
20250417,15:31:41,-18.9,
20250417,15:31:41,-19.7,
20250417,15:31:41,-20.5,
20250417,15:31:42,-21.5,
20250417,15:31:42,-22.5,
20250417,15:31:42,-22.3,
20250417,15:31:42,-21.1,
20250417,15:31:43,-19,
20250417,15:31:43,-16.7,
20250417,15:31:43,-15,
20250417,15:31:44,-13.6,
20250417,15:31:44,-12.3,
20250417,15:31:44,-11,
20250417,15:31:44,-9.6,
20250417,15:31:45,-8.4,
20250417,15:31:45,-7.3,
20250417,15:31:45,-6.7,
20250417,15:31:45,-6.4,
20250417,15:31:46,-6,
20250417,15:31:46,-5.7,
20250417,15:31:46,-5.3,
20250417,15:31:47,-5.3,
20250417,15:31:47,-5.6,
20250417,15:31:47,-6.3,
20250417,15:31:47,-7.1,
20250417,15:31:48,-8,
20250417,15:31:48,-9.1,
20250417,15:31:48,-10,
20250417,15:31:48,-10.7,
20250417,15:31:49,-11.3,
20250417,15:31:49,-11.6,
20250417,15:31:49,-11.8,
20250417,15:31:50,-11.7,
20250417,15:31:50,-11.8,
20250417,15:31:50,-11.8,
20250417,15:31:50,-12.1,
20250417,15:31:51,-12.5,
20250417,15:31:51,-12.9,
20250417,15:31:51,-13.5,
20250417,15:31:52,-14.1,
20250417,15:31:52,-14.7,
20250417,15:31:52,-15.2,
20250417,15:31:52,-15.8,
20250417,15:31:53,-16.3,
20250417,15:31:53,-16.9,
20250417,15:31:53,-17.5,
20250417,15:31:54,-17.9,
20250417,15:31:54,-18.5,
20250417,15:31:54,-18.9,
20250417,15:31:54,-19.4,
20250417,15:31:55,-19.8,
20250417,15:31:55,-20.3,
20250417,15:31:55,-20.7,
20250417,15:31:55,-21.1,
20250417,15:31:56,-21.1,
20250417,15:31:56,-20.8,
20250417,15:31:56,-20.4,
20250417,15:31:57,-20,
20250417,15:31:57,-19.6,
20250417,15:31:57,-19.6,
20250417,15:31:57,-19.8,
20250417,15:31:58,-20,
20250417,15:31:58,-20.4,
20250417,15:31:58,-20.7,
20250417,15:31:58,-21.3,
20250417,15:31:59,-22.2,
20250417,15:31:59,-22.7,
20250417,15:31:59,-22.1,
20250417,15:32:00,-20.8,
20250417,15:32:00,-19.7,
20250417,15:32:00,-19,
20250417,15:32:00,-18.7,
20250417,15:32:01,-18.9,
20250417,15:32:01,-19.4,
20250417,15:32:01,-20,
20250417,15:32:02,-20.5,
20250417,15:32:02,-21.1,
20250417,15:32:02,-21.4,
20250417,15:32:02,-21.5,
20250417,15:32:03,-21.2,
20250417,15:32:03,-20.9,
20250417,15:32:03,-20.5,
20250417,15:32:03,-20.4,
20250417,15:32:04,-20.5,
20250417,15:32:04,-20.8,
20250417,15:32:04,-21.2,
20250417,15:32:05,-21.7,
20250417,15:32:05,-22.1,
20250417,15:32:05,-22.4,
20250417,15:32:05,-22.9,
20250417,15:32:06,-23.1,
20250417,15:32:06,-23.5,
20250417,15:32:06,-23.8,
20250417,15:32:06,-23.9,
20250417,15:32:07,-24.1,
20250417,15:32:07,-24.3,
20250417,15:32:07,-24.5,
20250417,15:32:08,-24.6,
20250417,15:32:08,-24.8,
20250417,15:32:08,-25,
20250417,15:32:08,-25.1,
20250417,15:32:09,-25.2,
20250417,15:32:09,-25.3,
20250417,15:32:09,-25.6,
20250417,15:32:10,-26.4,
20250417,15:32:10,-27.3,
20250417,15:32:10,-27.4,
20250417,15:32:10,-26.7,
20250417,15:32:11,-25.5,
20250417,15:32:11,-23.8,
20250417,15:32:11,-22.4,
20250417,15:32:12,-21.4,
20250417,15:32:12,-21.1,
20250417,15:32:12,-21.1,
20250417,15:32:12,-21.3,
20250417,15:32:13,-21.8,
20250417,15:32:13,-22.6,
20250417,15:32:13,-23.2,
20250417,15:32:14,-23.7,
20250417,15:32:14,-24,
20250417,15:32:14,-24.5,
20250417,15:32:14,-24.6,
20250417,15:32:15,-24.9,
20250417,15:32:15,-25.2,
20250417,15:32:15,-25.5,
20250417,15:32:15,-25.6,
20250417,15:32:16,-25.9,
20250417,15:32:16,-26,
20250417,15:32:16,-26.1,
20250417,15:32:16,-26.1,
20250417,15:32:17,-26.2,
20250417,15:32:17,-26.3,
20250417,15:32:17,-26.3,
20250417,15:32:18,-26.5,
20250417,15:32:18,-26.5,
20250417,15:32:18,-26.6,
20250417,15:32:18,-26.4,
20250417,15:32:19,-26.3,
20250417,15:32:19,-26.1,
20250417,15:32:19,-26,
20250417,15:32:20,-25.7,
20250417,15:32:20,-25.6,
20250417,15:32:20,-25.8,
20250417,15:32:20,-26,
20250417,15:32:21,-26.3,
20250417,15:32:21,-26.9,
20250417,15:32:21,-27.4,
20250417,15:32:21,-27.6,
20250417,15:32:22,-27.3,
20250417,15:32:22,-27,
20250417,15:32:22,-26.7,
20250417,15:32:23,-26.4,
20250417,15:32:23,-26.4,
20250417,15:32:23,-26.4,
20250417,15:32:23,-26.6,
20250417,15:32:24,-27.2,
20250417,15:32:24,-27.8,
20250417,15:32:24,-27.4,
20250417,15:32:25,-26.4,
20250417,15:32:25,-25.5,
20250417,15:32:25,-25,
20250417,15:32:25,-24.8,
20250417,15:32:26,-24.8,
20250417,15:32:26,-24.9,
20250417,15:32:26,-25.2,
20250417,15:32:26,-25.5,
20250417,15:32:27,-25.9,
20250417,15:32:27,-26.1,
20250417,15:32:27,-26.3,
20250417,15:32:28,-26.4,
20250417,15:32:28,-26.6,
20250417,15:32:28,-26.8,
20250417,15:32:28,-26.9,
20250417,15:32:29,-27,
20250417,15:32:29,-27.2,
20250417,15:32:29,-27.2,
20250417,15:32:29,-27.2,
20250417,15:32:30,-27.2,
20250417,15:32:30,-27.3,
20250417,15:32:30,-27.3,
20250417,15:32:31,-27.3,
20250417,15:32:31,-27.2,
20250417,15:32:31,-27.2,
20250417,15:32:31,-27.2,
20250417,15:32:32,-27.2,
20250417,15:32:32,-27.2,
20250417,15:32:32,-27.3,
20250417,15:32:33,-27.3,
20250417,15:32:33,-27.4,
20250417,15:32:33,-27.3,
20250417,15:32:33,-27.3,
20250417,15:32:34,-27.4,
20250417,15:32:34,-27.3,
20250417,15:32:34,-27.3,
20250417,15:32:34,-27.4,
20250417,15:32:35,-27.4,
20250417,15:32:35,-27.6,
20250417,15:32:35,-28,
20250417,15:32:36,-28.2,
20250417,15:32:36,-28.5,
20250417,15:32:36,-28.5,
20250417,15:32:36,-28.4,
20250417,15:32:37,-28.3,
20250417,15:32:37,-28.2,
20250417,15:32:37,-28,
20250417,15:32:38,-28,
20250417,15:32:38,-28,
20250417,15:32:38,-28,
20250417,15:32:38,-28,
20250417,15:32:39,-28,
20250417,15:32:39,-28.1,
20250417,15:32:39,-28.1,
20250417,15:32:39,-28.1,
20250417,15:32:40,-28.1,
20250417,15:32:40,-28.1,
20250417,15:32:40,-28.1,
20250417,15:32:41,-28.1,
20250417,15:32:41,-28.2,
20250417,15:32:41,-28.1,
20250417,15:32:41,-28.1,
20250417,15:32:42,-28,
20250417,15:32:42,-28,
20250417,15:32:42,-27.9,
20250417,15:32:43,-27.8,
20250417,15:32:43,-27.8,
20250417,15:32:43,-27.8,
20250417,15:32:43,-27.8,
20250417,15:32:44,-27.8,
20250417,15:32:44,-27.8,
20250417,15:32:44,-27.8,
20250417,15:32:45,-27.8,
20250417,15:32:45,-27.8,
20250417,15:32:45,-27.8,
20250417,15:32:45,-27.8,
20250417,15:32:46,-27.8,
20250417,15:32:46,-27.7,
20250417,15:32:46,-27.6,
20250417,15:32:46,-27.6,
20250417,15:32:47,-27.6,
20250417,15:32:47,-27.6,
20250417,15:32:47,-27.6,
20250417,15:32:48,-27.7,
20250417,15:32:48,-27.7,
20250417,15:32:48,-27.6,
20250417,15:32:48,-27.6,
20250417,15:32:49,-27.6,
20250417,15:32:49,-27.6,
20250417,15:32:49,-27.7,
20250417,15:32:49,-28.3,
20250417,15:32:50,-29.7,
20250417,15:32:50,-30.3,
20250417,15:32:50,-29.5,
20250417,15:32:51,-28,
20250417,15:32:51,-26.2,
20250417,15:32:51,-25,
20250417,15:32:51,-24.1,
20250417,15:32:52,-23.6,
20250417,15:32:52,-23.7,
20250417,15:32:52,-23.8,
20250417,15:32:53,-24.3,
20250417,15:32:53,-24.9,
20250417,15:32:53,-25.2,
20250417,15:32:53,-25.5,
20250417,15:32:54,-25.5,
20250417,15:32:54,-25.8,
20250417,15:32:54,-26.1,
20250417,15:32:54,-26.3,
20250417,15:32:55,-26.3,
20250417,15:32:55,-26.1,
20250417,15:32:55,-25.8,
20250417,15:32:56,-25.5,
20250417,15:32:56,-25.4,
20250417,15:32:56,-25.4,
20250417,15:32:56,-25.5,
20250417,15:32:57,-25.5,
20250417,15:32:57,-25.6,
20250417,15:32:57,-25.8,
20250417,15:32:57,-26.1,
20250417,15:32:58,-26.3,
20250417,15:32:58,-26.5,
20250417,15:32:58,-26.6,
20250417,15:32:59,-26.8,
20250417,15:32:59,-26.9,
20250417,15:32:59,-27,
20250417,15:32:59,-27.2,
20250417,15:33:00,-27.7,
20250417,15:33:00,-28,
20250417,15:33:00,-28.2,
20250417,15:33:00,-28.1,
20250417,15:33:01,-27.9,
20250417,15:33:01,-27.7,
20250417,15:33:01,-27.6,
20250417,15:33:02,-27.5,
20250417,15:33:02,-27.5,
20250417,15:33:02,-27.6,
20250417,15:33:02,-27.6,
20250417,15:33:03,-27.8,
20250417,15:33:03,-27.6,
20250417,15:33:03,-27.4,
20250417,15:33:04,-27.1,
20250417,15:33:04,-26.9,
20250417,15:33:04,-27,
20250417,15:33:04,-28,
20250417,15:33:05,-28.9,
20250417,15:33:05,-28.5,
20250417,15:33:05,-27,
20250417,15:33:06,-25.3,
20250417,15:33:06,-23.6,
20250417,15:33:06,-22.1,
20250417,15:33:06,-21.2,
20250417,15:33:07,-20.8,
20250417,15:33:07,-20.8,
20250417,15:33:07,-20.8,
20250417,15:33:07,-20.1,
20250417,15:33:08,-19.1,
20250417,15:33:08,-18.3,
20250417,15:33:08,-17.9,
20250417,15:33:09,-17.9,
20250417,15:33:09,-18.4,
20250417,15:33:09,-19.1,
20250417,15:33:09,-19.9,
20250417,15:33:10,-20.8,
20250417,15:33:10,-21.8,
20250417,15:33:10,-22.8,
20250417,15:33:10,-23.8,
20250417,15:33:11,-23.7,
20250417,15:33:11,-22.8,
20250417,15:33:11,-21.5,
20250417,15:33:12,-20.6,
20250417,15:33:12,-20.2,
20250417,15:33:12,-20.1,
20250417,15:33:12,-20.4,
20250417,15:33:13,-20.7,
20250417,15:33:13,-21.2,
20250417,15:33:13,-21.7,
20250417,15:33:14,-22.3,
20250417,15:33:14,-22.9,
20250417,15:33:14,-23.4,
20250417,15:33:14,-23.8,
20250417,15:33:15,-24.1,
20250417,15:33:15,-24.3,
20250417,15:33:15,-24.6,
20250417,15:33:15,-25.2,
20250417,15:33:16,-25.7,
20250417,15:33:16,-26.1,
20250417,15:33:16,-26.1,
20250417,15:33:17,-26.2,
20250417,15:33:17,-26.3,
20250417,15:33:17,-26.3,
20250417,15:33:17,-26.3,
20250417,15:33:18,-26.6,
20250417,15:33:18,-26.7,
20250417,15:33:18,-26.9,
20250417,15:33:19,-27.1,
20250417,15:33:19,-27.2,
20250417,15:33:19,-27.3,
20250417,15:33:19,-27.3,
20250417,15:33:20,-27.3,
20250417,15:33:20,-27.3,
20250417,15:33:20,-27.7,
20250417,15:33:21,-28.4,
20250417,15:33:21,-29.1,
20250417,15:33:21,-28.5,
20250417,15:33:21,-26.3,
20250417,15:33:22,-22.8,
20250417,15:33:22,-19.2,
20250417,15:33:22,-16.8,
20250417,15:33:22,-15,
20250417,15:33:23,-14.2,
20250417,15:33:23,-13.9,
20250417,15:33:23,-14,
20250417,15:33:24,-14.5,
20250417,15:33:24,-15.5,
20250417,15:33:24,-16.7,
20250417,15:33:24,-18.1,
20250417,15:33:25,-19.5,
20250417,15:33:25,-20.1,
20250417,15:33:25,-19.3,
20250417,15:33:25,-17.7,
20250417,15:33:26,-16.1,
20250417,15:33:26,-15,
20250417,15:33:26,-14.3,
20250417,15:33:27,-14.1,
20250417,15:33:27,-14.4,
20250417,15:33:27,-14.9,
20250417,15:33:27,-15.7,
20250417,15:33:28,-16.5,
20250417,15:33:28,-17.4,
20250417,15:33:28,-18.4,
20250417,15:33:29,-19.3,
20250417,15:33:29,-20.2,
20250417,15:33:29,-21,
20250417,15:33:29,-21.8,
20250417,15:33:30,-22.6,
20250417,15:33:30,-23,
20250417,15:33:30,-23.4,
20250417,15:33:30,-23.6,
20250417,15:33:31,-23.8,
20250417,15:33:31,-24.1,
20250417,15:33:31,-24.5,
20250417,15:33:32,-24.9,
20250417,15:33:32,-25.3,
20250417,15:33:32,-25.7,
20250417,15:33:32,-25.9,
20250417,15:33:33,-26.3,
20250417,15:33:33,-26.5,
20250417,15:33:33,-26.8,
20250417,15:33:33,-27,
20250417,15:33:34,-27.2,
20250417,15:33:34,-27.4,
20250417,15:33:34,-27.5,
20250417,15:33:35,-27.6,
20250417,15:33:35,-27.6,
20250417,15:33:35,-27.7,
20250417,15:33:35,-27.7,
20250417,15:33:36,-27.8,
20250417,15:33:36,-27.9,
20250417,15:33:36,-27.9,
20250417,15:33:37,-28,
20250417,15:33:37,-28,
20250417,15:33:37,-28.1,
20250417,15:33:37,-28.1,
20250417,15:33:38,-28.1,
20250417,15:33:38,-28.2,
20250417,15:33:38,-28.5,
20250417,15:33:39,-29.1,
20250417,15:33:39,-29.7,
20250417,15:33:39,-29.8,
20250417,15:33:39,-29.7,
20250417,15:33:40,-29.4,
20250417,15:33:40,-29.2,
20250417,15:33:40,-29.4,
20250417,15:33:40,-29.5,
20250417,15:33:41,-29.8,
20250417,15:33:41,-29.8,
20250417,15:33:41,-30.1,
20250417,15:33:41,-30.3,
20250417,15:33:42,-30.1,
20250417,15:33:42,-29.9,
20250417,15:33:42,-29.8,
20250417,15:33:43,-29.6,
20250417,15:33:43,-29.7,
20250417,15:33:43,-29.8,
20250417,15:33:43,-29.8,
20250417,15:33:44,-30,
20250417,15:33:44,-30.3,
20250417,15:33:44,-30.5,
20250417,15:33:45,-30.7,
20250417,15:33:45,-30.9,
20250417,15:33:45,-31,
20250417,15:33:45,-31.1,
20250417,15:33:46,-31.1,
20250417,15:33:46,-31.1,
20250417,15:33:46,-31.2,
20250417,15:33:46,-31.2,
20250417,15:33:47,-31.2,
20250417,15:33:47,-31.3,
20250417,15:33:47,-31.5,
20250417,15:33:48,-31.8,
20250417,15:33:48,-32.1,
20250417,15:33:48,-32.6,
20250417,15:33:48,-33.5,
20250417,15:33:49,-33.6,
20250417,15:33:49,-33,
20250417,15:33:49,-32,
20250417,15:33:50,-30.9,
20250417,15:33:50,-30,
20250417,15:33:50,-29.4,
20250417,15:33:50,-29.1,
20250417,15:33:51,-29.1,
20250417,15:33:51,-29.4,
20250417,15:33:51,-29.9,
20250417,15:33:52,-30.6,
20250417,15:33:52,-30.6,
20250417,15:33:52,-30,
20250417,15:33:52,-29.6,
20250417,15:33:53,-29.3,
20250417,15:33:53,-29.3,
20250417,15:33:53,-29.4,
20250417,15:33:53,-29.7,
20250417,15:33:54,-29.8,
20250417,15:33:54,-30.1,
20250417,15:33:54,-30.4,
20250417,15:33:55,-30.7,
20250417,15:33:55,-31,
20250417,15:33:55,-31.3,
20250417,15:33:55,-31.5,
20250417,15:33:56,-31.5,
20250417,15:33:56,-31.6,
20250417,15:33:56,-31.8,
20250417,15:33:56,-31.9,
20250417,15:33:57,-32,
20250417,15:33:57,-32.1,
20250417,15:33:57,-32.3,
20250417,15:33:58,-32.6,
20250417,15:33:58,-33,
20250417,15:33:58,-33.1,
20250417,15:33:59,-33,
20250417,15:33:59,-32.9,
20250417,15:33:59,-32.9,
20250417,15:33:59,-33.1,
20250417,15:33:59,-33.1,
20250417,15:34:00,-32.4,
20250417,15:34:00,-31.5,
20250417,15:34:00,-30.6,
20250417,15:34:01,-29.9,
20250417,15:34:01,-29.7,
20250417,15:34:01,-29.6,
20250417,15:34:01,-29.7,
20250417,15:34:02,-29.8,
20250417,15:34:02,-30.1,
20250417,15:34:02,-30.5,
20250417,15:34:03,-30.7,
20250417,15:34:03,-30.9,
20250417,15:34:03,-31.1,
20250417,15:34:03,-31.3,
20250417,15:34:04,-31.5,
20250417,15:34:04,-31.7,
20250417,15:34:04,-32.3,
20250417,15:34:05,-32.8,
20250417,15:34:05,-32.8,
20250417,15:34:05,-32.5,
20250417,15:34:05,-32.3,
20250417,15:34:06,-32.1,
20250417,15:34:06,-31.7,
20250417,15:34:06,-31.5,
20250417,15:34:06,-31.5,
20250417,15:34:07,-31.5,
20250417,15:34:07,-31.4,
20250417,15:34:07,-31.2,
20250417,15:34:08,-31,
20250417,15:34:08,-30.8,
20250417,15:34:08,-30.7,
20250417,15:34:08,-30.6,
20250417,15:34:09,-30.7,
20250417,15:34:09,-31,
20250417,15:34:09,-31.3,
20250417,15:34:09,-31.3,
20250417,15:34:10,-31.2,
20250417,15:34:10,-31.2,
20250417,15:34:10,-31.1,
20250417,15:34:11,-31.2,
20250417,15:34:11,-31.3,
20250417,15:34:11,-31.5,
20250417,15:34:11,-31.6,
20250417,15:34:12,-31.8,
20250417,15:34:12,-32,
20250417,15:34:12,-32.2,
20250417,15:34:13,-32.3,
20250417,15:34:13,-32.6,
20250417,15:34:13,-33.1,
20250417,15:34:13,-33.3,
20250417,15:34:14,-33.1,
20250417,15:34:14,-32.5,
20250417,15:34:14,-31.8,
20250417,15:34:15,-31.2,
20250417,15:34:15,-30.8,
20250417,15:34:15,-30.6,
20250417,15:34:15,-30.6,
20250417,15:34:16,-30.6,
20250417,15:34:16,-30.5,
20250417,15:34:16,-30.1,
20250417,15:34:16,-29.9,
20250417,15:34:17,-29.8,
20250417,15:34:17,-29.8,
20250417,15:34:17,-29.8,
20250417,15:34:18,-29.9,
20250417,15:34:18,-30,
20250417,15:34:18,-30.1,
20250417,15:34:18,-30.3,
20250417,15:34:19,-30.6,
20250417,15:34:19,-30.6,
20250417,15:34:19,-30.5,
20250417,15:34:19,-30.1,
20250417,15:34:20,-29.8,
20250417,15:34:20,-29.5,
20250417,15:34:20,-29.3,
20250417,15:34:21,-29.3,
20250417,15:34:21,-29.5,
20250417,15:34:21,-29.8,
20250417,15:34:21,-30,
20250417,15:34:22,-30.1,
20250417,15:34:22,-30.1,
20250417,15:34:22,-30.1,
20250417,15:34:23,-30.3,
20250417,15:34:23,-30.4,
20250417,15:34:23,-30.6,
20250417,15:34:23,-30.6,
20250417,15:34:24,-30.7,
20250417,15:34:24,-30.8,
20250417,15:34:24,-30.8,
20250417,15:34:24,-31.1,
20250417,15:34:25,-31.5,
20250417,15:34:25,-31.7,
20250417,15:34:25,-32,
20250417,15:34:26,-32.2,
20250417,15:34:26,-32.3,
20250417,15:34:26,-32.2,
20250417,15:34:26,-31.9,
20250417,15:34:27,-31.7,
20250417,15:34:27,-31.6,
20250417,15:34:27,-31.5,
20250417,15:34:27,-31.5,
20250417,15:34:28,-31.7,
20250417,15:34:28,-31.8,
20250417,15:34:28,-31.9,
20250417,15:34:29,-32.2,
20250417,15:34:29,-32.7,
20250417,15:34:29,-33.3,
20250417,15:34:29,-33.6,
20250417,15:34:30,-33.3,
20250417,15:34:30,-32.9,
20250417,15:34:30,-32.3,
20250417,15:34:31,-31.9,
20250417,15:34:31,-31.8,
20250417,15:34:31,-31.7,
20250417,15:34:31,-31.8,
20250417,15:34:32,-32,
20250417,15:34:32,-32.2,
20250417,15:34:32,-32.4,
20250417,15:34:32,-32.5,
20250417,15:34:33,-32.5,
20250417,15:34:33,-32.6,
20250417,15:34:33,-32.5,
20250417,15:34:34,-32.6,
20250417,15:34:34,-32.7,
20250417,15:34:34,-32.9,
20250417,15:34:34,-33,
20250417,15:34:35,-33.2,
20250417,15:34:35,-33.2,
20250417,15:34:35,-33,
20250417,15:34:36,-32.7,
20250417,15:34:36,-32.5,
20250417,15:34:36,-32.3,
20250417,15:34:36,-32,
20250417,15:34:37,-32,
20250417,15:34:37,-32.3,
20250417,15:34:37,-32.3,
20250417,15:34:38,-32.5,
20250417,15:34:38,-33.1,
20250417,15:34:38,-33.5,
20250417,15:34:38,-33.6,
20250417,15:34:39,-33.3,
20250417,15:34:39,-33,
20250417,15:34:39,-32.5,
20250417,15:34:39,-31.7,
20250417,15:34:40,-31.1,
20250417,15:34:40,-30.6,
20250417,15:34:40,-30.4,
20250417,15:34:40,-30.3,
20250417,15:34:41,-30.4,
20250417,15:34:41,-30.6,
20250417,15:34:41,-30.7,
20250417,15:34:42,-30.9,
20250417,15:34:42,-31.1,
20250417,15:34:42,-31.2,
20250417,15:34:42,-31.4,
20250417,15:34:43,-31.5,
20250417,15:34:43,-31.6,
20250417,15:34:43,-31.6,
20250417,15:34:44,-31.6,
20250417,15:34:44,-31.7,
20250417,15:34:44,-31.6,
20250417,15:34:44,-31.7,
20250417,15:34:45,-31.7,
20250417,15:34:45,-31.7,
20250417,15:34:45,-31.7,
20250417,15:34:46,-31.8,
20250417,15:34:46,-31.8,
20250417,15:34:46,-31.8,
20250417,15:34:46,-31.8,
20250417,15:34:47,-31.8,
20250417,15:34:47,-31.8,
20250417,15:34:47,-31.9,
20250417,15:34:47,-31.8,
20250417,15:34:48,-31.8,
20250417,15:34:48,-31.8,
20250417,15:34:48,-31.8,
20250417,15:34:49,-31.8,
20250417,15:34:49,-31.8,
20250417,15:34:49,-31.7,
20250417,15:34:49,-31.7,
20250417,15:34:50,-31.7,
20250417,15:34:50,-31.7,
20250417,15:34:50,-31.7,
20250417,15:34:50,-31.7,
20250417,15:34:51,-31.7,
20250417,15:34:51,-31.7,
20250417,15:34:51,-31.6,
20250417,15:34:52,-31.6,
20250417,15:34:52,-31.6,
20250417,15:34:52,-31.5,
20250417,15:34:52,-31.5,
20250417,15:34:53,-31.5,
20250417,15:34:53,-31.5,
20250417,15:34:53,-31.5,
20250417,15:34:54,-31.4,
20250417,15:34:54,-31.5,
20250417,15:34:54,-31.4,
20250417,15:34:54,-31.4,
20250417,15:34:55,-31.5,
20250417,15:34:55,-31.6,
20250417,15:34:55,-31.8,
20250417,15:34:55,-31.8,
20250417,15:34:56,-31.8,
20250417,15:34:56,-31.7,
20250417,15:34:56,-31.7,
20250417,15:34:57,-31.6,
20250417,15:34:57,-31.6,
20250417,15:34:57,-31.6,
20250417,15:34:57,-31.5,
20250417,15:34:58,-31.5,
20250417,15:34:58,-31.5,
20250417,15:34:58,-31.5,
20250417,15:34:59,-31.5,
20250417,15:34:59,-31.5,
20250417,15:34:59,-31.5,
20250417,15:34:59,-31.5,
20250417,15:35:00,-31.5,
20250417,15:35:00,-31.5,
20250417,15:35:00,-31.4,
20250417,15:35:00,-31.3,
20250417,15:35:01,-31.2,
20250417,15:35:01,-31.2,
20250417,15:35:01,-31.2,
20250417,15:35:02,-31.1,
20250417,15:35:02,-31.1,
20250417,15:35:02,-31.2,
20250417,15:35:02,-31.2,
20250417,15:35:03,-31.2,
20250417,15:35:03,-31.2,
20250417,15:35:03,-31.1,
20250417,15:35:04,-31,
20250417,15:35:04,-30.9,
20250417,15:35:04,-30.7,
20250417,15:35:04,-30.6,
20250417,15:35:05,-30.6,
20250417,15:35:05,-30.6,
20250417,15:35:05,-30.4,
20250417,15:35:05,-30.4,
20250417,15:35:06,-30.4,
20250417,15:35:06,-30.4,
20250417,15:35:06,-30.5,
20250417,15:35:07,-30.8,
20250417,15:35:07,-31.6,
20250417,15:35:07,-32.5,
20250417,15:35:07,-32.9,
20250417,15:35:08,-33.1,
20250417,15:35:08,-33,
20250417,15:35:08,-32.9,
20250417,15:35:08,-32.6,
20250417,15:35:09,-32.2,
20250417,15:35:09,-31.7,
20250417,15:35:09,-31.3,
20250417,15:35:10,-31,
20250417,15:35:10,-30.6,
20250417,15:35:10,-30.6,
20250417,15:35:10,-30.6,
20250417,15:35:11,-30.6,
20250417,15:35:11,-30.6,
20250417,15:35:11,-30.6,
20250417,15:35:12,-30.5,
20250417,15:35:12,-30.4,
20250417,15:35:12,-30.4,
20250417,15:35:12,-30.3,
20250417,15:35:13,-30.3,
20250417,15:35:13,-30.3,
20250417,15:35:13,-30.3,
20250417,15:35:13,-30.2,
20250417,15:35:14,-30.1,
20250417,15:35:14,-30.1,
20250417,15:35:14,-30.1,
20250417,15:35:15,-30.1,
20250417,15:35:15,-30.1,
20250417,15:35:15,-30,
20250417,15:35:15,-30,
20250417,15:35:16,-29.9,
20250417,15:35:16,-29.8,
20250417,15:35:16,-29.7,
20250417,15:35:17,-29.7,
20250417,15:35:17,-29.6,
20250417,15:35:17,-29.5,
20250417,15:35:17,-29.5,
20250417,15:35:18,-29.5,
20250417,15:35:18,-29.4,
20250417,15:35:18,-29.4,
20250417,15:35:18,-29.4,
20250417,15:35:19,-29.3,
20250417,15:35:19,-29.3,
20250417,15:35:19,-29.4,
20250417,15:35:20,-29.7,
20250417,15:35:20,-29.8,
20250417,15:35:20,-29.9,
20250417,15:35:20,-30,
20250417,15:35:21,-30,
20250417,15:35:21,-29.9,
20250417,15:35:21,-29.8,
20250417,15:35:21,-29.7,
20250417,15:35:22,-29.6,
20250417,15:35:22,-29.4,
20250417,15:35:22,-29.4,
20250417,15:35:23,-29.3,
20250417,15:35:23,-29.4,
20250417,15:35:23,-30,
20250417,15:35:23,-31.2,
20250417,15:35:24,-32.3,
20250417,15:35:24,-32.6,
20250417,15:35:24,-32.4,
20250417,15:35:25,-32.2,
20250417,15:35:25,-31.8,
20250417,15:35:25,-31.5,
20250417,15:35:25,-31.5,
20250417,15:35:26,-31.3,
20250417,15:35:26,-31.3,
20250417,15:35:26,-31.5,
20250417,15:35:26,-31.7,
20250417,15:35:27,-31.7,
20250417,15:35:27,-31.4,
20250417,15:35:27,-31,
20250417,15:35:28,-30.7,
20250417,15:35:28,-30.6,
20250417,15:35:28,-30.6,
20250417,15:35:29,-30.6,
20250417,15:35:29,-30.7,
20250417,15:35:29,-30.8,
20250417,15:35:29,-31,
20250417,15:35:30,-31.1,
20250417,15:35:30,-31.3,
20250417,15:35:30,-31.3,
20250417,15:35:30,-31.4,
20250417,15:35:31,-31.1,
20250417,15:35:31,-31.1,
20250417,15:35:31,-31.1,
20250417,15:35:31,-31.1,
20250417,15:35:32,-31.4,
20250417,15:35:32,-31.4,
20250417,15:35:32,-31.5,
20250417,15:35:33,-31.4,
20250417,15:35:33,-31.2,
20250417,15:35:33,-31.1,
20250417,15:35:33,-31,
20250417,15:35:34,-31,
20250417,15:35:34,-30.9,
20250417,15:35:34,-31,
20250417,15:35:35,-30.8,
20250417,15:35:35,-30.7,
20250417,15:35:35,-30.6,
20250417,15:35:35,-30.6,
20250417,15:35:36,-30.6,
20250417,15:35:36,-30.6,
20250417,15:35:36,-30.5,
20250417,15:35:36,-30.5,
20250417,15:35:37,-30.5,
20250417,15:35:37,-30.6,
20250417,15:35:37,-30.6,
20250417,15:35:38,-30.6,
20250417,15:35:38,-30.6,
20250417,15:35:38,-30.5,
20250417,15:35:38,-30.6,
20250417,15:35:39,-30.8,
20250417,15:35:39,-31.1,
20250417,15:35:39,-31.4,
20250417,15:35:39,-31.4,
20250417,15:35:40,-31.2,
20250417,15:35:40,-31.1,
20250417,15:35:40,-30.9,
20250417,15:35:41,-30.9,
20250417,15:35:41,-31,
20250417,15:35:41,-31,
20250417,15:35:41,-31,
20250417,15:35:42,-31,
20250417,15:35:42,-31.3,
20250417,15:35:42,-32.3,
20250417,15:35:43,-33.1,
20250417,15:35:43,-33,
20250417,15:35:43,-32.3,
20250417,15:35:43,-31.5,
20250417,15:35:44,-30.8,
20250417,15:35:44,-30.3,
20250417,15:35:44,-29.9,
20250417,15:35:44,-29.8,
20250417,15:35:45,-29.6,
20250417,15:35:45,-29.7,
20250417,15:35:45,-29.8,
20250417,15:35:46,-30,
20250417,15:35:46,-30.2,
20250417,15:35:46,-30.3,
20250417,15:35:46,-30.4,
20250417,15:35:47,-30.6,
20250417,15:35:47,-30.6,
20250417,15:35:47,-30.7,
20250417,15:35:48,-30.7,
20250417,15:35:48,-30.7,
20250417,15:35:48,-30.8,
20250417,15:35:48,-30.7,
20250417,15:35:49,-30.7,
20250417,15:35:49,-30.6,
20250417,15:35:49,-30.7,
20250417,15:35:50,-30.7,
20250417,15:35:50,-30.6,
20250417,15:35:50,-30.6,
20250417,15:35:50,-30.6,
20250417,15:35:51,-30.6,
20250417,15:35:51,-30.6,
20250417,15:35:51,-30.5,
20250417,15:35:51,-30.5,
20250417,15:35:52,-30.3,
20250417,15:35:52,-30.3,
20250417,15:35:52,-30.3,
20250417,15:35:52,-30.2,
20250417,15:35:53,-30,
20250417,15:35:53,-30,
20250417,15:35:53,-29.9,
20250417,15:35:54,-29.9,
20250417,15:35:54,-30.1,
20250417,15:35:54,-30.3,
20250417,15:35:54,-30.4,
20250417,15:35:55,-30.5,
20250417,15:35:55,-30.7,
20250417,15:35:55,-31,
20250417,15:35:56,-31.1,
20250417,15:35:56,-31.1,
20250417,15:35:56,-31,
20250417,15:35:56,-30.9,
20250417,15:35:57,-30.8,
20250417,15:35:57,-30.6,
20250417,15:35:57,-30.6,
20250417,15:35:58,-30.5,
20250417,15:35:58,-30.5,
20250417,15:35:58,-30.3,
20250417,15:35:58,-30.3,
20250417,15:35:59,-30.3,
20250417,15:35:59,-30.7,
20250417,15:35:59,-31.2,
20250417,15:35:59,-31.5,
20250417,15:36:00,-31.5,
20250417,15:36:00,-31.5,
20250417,15:36:00,-31.5,
20250417,15:36:01,-31.4,
20250417,15:36:01,-31.3,
20250417,15:36:01,-31.2,
20250417,15:36:01,-31.2,
20250417,15:36:02,-31,
20250417,15:36:02,-30.9,
20250417,15:36:02,-30.9,
20250417,15:36:03,-30.7,
20250417,15:36:03,-30.7,
20250417,15:36:03,-30.6,
20250417,15:36:03,-30.6,
20250417,15:36:04,-30.6,
20250417,15:36:04,-30.7,
20250417,15:36:04,-30.7,
20250417,15:36:04,-30.7,
20250417,15:36:05,-30.7,
20250417,15:36:05,-30.9,
20250417,15:36:05,-31.5,
20250417,15:36:06,-32.1,
20250417,15:36:06,-32.3,
20250417,15:36:06,-32.3,
20250417,15:36:06,-32.3,
20250417,15:36:07,-32.1,
20250417,15:36:07,-31.9,
20250417,15:36:07,-31.8,
20250417,15:36:07,-31.6,
20250417,15:36:08,-31.6,
20250417,15:36:08,-31.5,
20250417,15:36:08,-31.5,
20250417,15:36:09,-31.5,
20250417,15:36:09,-31.4,
20250417,15:36:09,-31.3,
20250417,15:36:09,-31.3,
20250417,15:36:10,-31.3,
20250417,15:36:10,-31.2,
20250417,15:36:10,-31.1,
20250417,15:36:11,-31.1,
20250417,15:36:11,-31,
20250417,15:36:11,-30.9,
20250417,15:36:11,-30.9,
20250417,15:36:12,-30.9,
20250417,15:36:12,-30.9,
20250417,15:36:12,-31.2,
20250417,15:36:12,-31.8,
20250417,15:36:13,-33,
20250417,15:36:13,-33.9,
20250417,15:36:13,-34,
20250417,15:36:14,-33.7,
20250417,15:36:14,-33.2,
20250417,15:36:14,-32.9,
20250417,15:36:14,-32.7,
20250417,15:36:15,-32.6,
20250417,15:36:15,-32.5,
20250417,15:36:15,-32.5,
20250417,15:36:15,-32.5,
20250417,15:36:16,-32.6,
20250417,15:36:16,-32.7,
20250417,15:36:16,-32.8,
20250417,15:36:17,-33.1,
20250417,15:36:17,-33.4,
20250417,15:36:17,-33.7,
20250417,15:36:17,-33.9,
20250417,15:36:18,-33.9,
20250417,15:36:18,-33.7,
20250417,15:36:18,-33.5,
20250417,15:36:19,-33.3,
20250417,15:36:19,-33.2,
20250417,15:36:19,-33,
20250417,15:36:19,-33.1,
20250417,15:36:20,-33.1,
20250417,15:36:20,-33.1,
20250417,15:36:20,-32.8,
20250417,15:36:20,-32.5,
20250417,15:36:21,-32.3,
20250417,15:36:21,-32.1,
20250417,15:36:21,-32,
20250417,15:36:22,-32.1,
20250417,15:36:22,-32.2,
20250417,15:36:22,-32.1,
20250417,15:36:22,-31.9,
20250417,15:36:23,-31.7,
20250417,15:36:23,-31.6,
20250417,15:36:23,-31.5,
20250417,15:36:24,-31.3,
20250417,15:36:24,-31.5,
20250417,15:36:24,-31.5,
20250417,15:36:24,-31.8,
20250417,15:36:25,-32.4,
20250417,15:36:25,-32.8,
20250417,15:36:25,-32.8,
20250417,15:36:25,-32.4,
20250417,15:36:26,-32.2,
20250417,15:36:26,-31.9,
20250417,15:36:26,-31.7,
20250417,15:36:27,-31.7,
20250417,15:36:27,-31.7,
20250417,15:36:27,-31.6,
20250417,15:36:27,-31.7,
20250417,15:36:28,-31.7,
20250417,15:36:28,-31.8,
20250417,15:36:28,-31.8,
20250417,15:36:29,-31.8,
20250417,15:36:29,-31.9,
20250417,15:36:29,-32,
20250417,15:36:29,-32,
20250417,15:36:30,-32,
20250417,15:36:30,-32,
20250417,15:36:30,-32,
20250417,15:36:30,-31.9,
20250417,15:36:31,-31.9,
20250417,15:36:31,-31.8,
20250417,15:36:31,-31.7,
20250417,15:36:32,-31.7,
20250417,15:36:32,-31.6,
20250417,15:36:32,-31.6,
20250417,15:36:32,-31.5,
20250417,15:36:33,-31.5,
20250417,15:36:33,-31.5,
20250417,15:36:33,-31.4,
20250417,15:36:33,-31.4,
20250417,15:36:34,-31.3,
20250417,15:36:34,-31.3,
20250417,15:36:34,-31.5,
20250417,15:36:35,-31.6,
20250417,15:36:35,-31.7,
20250417,15:36:35,-31.8,
20250417,15:36:35,-31.9,
20250417,15:36:36,-32.1,
20250417,15:36:36,-32.2,
20250417,15:36:36,-32.1,
20250417,15:36:37,-32.1,
20250417,15:36:37,-32.3,
20250417,15:36:37,-32.9,
20250417,15:36:37,-33.3,
20250417,15:36:38,-33.4,
20250417,15:36:38,-33.1,
20250417,15:36:38,-32.7,
20250417,15:36:39,-32.6,
20250417,15:36:39,-33,
20250417,15:36:39,-33.4,
20250417,15:36:39,-32.8,
20250417,15:36:40,-30.4,
20250417,15:36:40,-27.7,
20250417,15:36:40,-25.5,
20250417,15:36:40,-23.8,
20250417,15:36:41,-22.7,
20250417,15:36:41,-21.8,
20250417,15:36:41,-21,
20250417,15:36:42,-20.4,
20250417,15:36:42,-20.1,
20250417,15:36:42,-19.8,
20250417,15:36:42,-19.8,
20250417,15:36:43,-20.3,
20250417,15:36:43,-20.9,
20250417,15:36:43,-21.7,
20250417,15:36:43,-22.7,
20250417,15:36:44,-23.8,
20250417,15:36:44,-24.6,
20250417,15:36:44,-24.7,
20250417,15:36:45,-24.6,
20250417,15:36:45,-24.1,
20250417,15:36:45,-23.8,
20250417,15:36:45,-23.6,
20250417,15:36:46,-23.7,
20250417,15:36:46,-24.1,
20250417,15:36:46,-24.2,
20250417,15:36:47,-24,
20250417,15:36:47,-24,
20250417,15:36:47,-23.9,
20250417,15:36:47,-24,
20250417,15:36:48,-23.8,
20250417,15:36:48,-23.9,
20250417,15:36:48,-24.2,
20250417,15:36:48,-24.2,
20250417,15:36:49,-24.3,
20250417,15:36:49,-24.4,
20250417,15:36:49,-24.4,
20250417,15:36:50,-24.3,
20250417,15:36:50,-24.4,
20250417,15:36:50,-24.5,
20250417,15:36:50,-24.7,
20250417,15:36:51,-25.1,
20250417,15:36:51,-25.5,
20250417,15:36:51,-25.8,
20250417,15:36:52,-25.7,
20250417,15:36:52,-25.5,
20250417,15:36:52,-25.2,
20250417,15:36:52,-25.1,
20250417,15:36:53,-25.2,
20250417,15:36:53,-25.5,
20250417,15:36:53,-26.1,
20250417,15:36:53,-26.9,
20250417,15:36:54,-27.5,
20250417,15:36:54,-26.7,
20250417,15:36:54,-24.3,
20250417,15:36:55,-21.2,
20250417,15:36:55,-18.1,
20250417,15:36:55,-15.7,
20250417,15:36:55,-14.4,
20250417,15:36:56,-13.5,
20250417,15:36:56,-12.3,
20250417,15:36:56,-11.1,
20250417,15:36:56,-10.1,
20250417,15:36:57,-9.5,
20250417,15:36:57,-9.3,
20250417,15:36:57,-9.3,
20250417,15:36:58,-9.4,
20250417,15:36:58,-9.7,
20250417,15:36:58,-10.1,
20250417,15:36:58,-10.5,
20250417,15:36:59,-11.2,
20250417,15:36:59,-12,
20250417,15:36:59,-12.9,
20250417,15:37:00,-13.9,
20250417,15:37:00,-14.7,
20250417,15:37:00,-15.4,
20250417,15:37:00,-16.1,
20250417,15:37:01,-16.9,
20250417,15:37:01,-17.7,
20250417,15:37:01,-18.6,
20250417,15:37:01,-18.1,
20250417,15:37:02,-16.1,
20250417,15:37:02,-13.7,
20250417,15:37:02,-11.6,
20250417,15:37:03,-10.3,
20250417,15:37:03,-9.1,
20250417,15:37:03,-8,
20250417,15:37:03,-7.1,
20250417,15:37:04,-6.5,
20250417,15:37:04,-6.1,
20250417,15:37:04,-6,
20250417,15:37:04,-6.1,
20250417,15:37:05,-6.6,
20250417,15:37:05,-6.9,
20250417,15:37:05,-7,
20250417,15:37:06,-6.8,
20250417,15:37:06,-6.7,
20250417,15:37:06,-6.7,
20250417,15:37:06,-6.7,
20250417,15:37:07,-6.7,
20250417,15:37:07,-6.5,
20250417,15:37:07,-6.4,
20250417,15:37:08,-6.6,
20250417,15:37:08,-6.9,
20250417,15:37:08,-7,
20250417,15:37:08,-6.7,
20250417,15:37:09,-6.1,
20250417,15:37:09,-5.7,
20250417,15:37:09,-5.5,
20250417,15:37:09,-5.6,
20250417,15:37:10,-5.8,
20250417,15:37:10,-6.5,
20250417,15:37:10,-7.1,
20250417,15:37:11,-7.6,
20250417,15:37:11,-8.1,
20250417,15:37:11,-8.6,
20250417,15:37:11,-8.9,
20250417,15:37:12,-8.5,
20250417,15:37:12,-8.2,
20250417,15:37:12,-7.9,
20250417,15:37:12,-7.8,
20250417,15:37:13,-8,
20250417,15:37:13,-8.3,
20250417,15:37:13,-8.4,
20250417,15:37:14,-8.2,
20250417,15:37:14,-8,
20250417,15:37:14,-7.8,
20250417,15:37:14,-8,
20250417,15:37:15,-8.4,
20250417,15:37:15,-9,
20250417,15:37:15,-9.7,
20250417,15:37:16,-10.5,
20250417,15:37:16,-11.8,
20250417,15:37:16,-12.8,
20250417,15:37:16,-13.4,
20250417,15:37:17,-13.4,
20250417,15:37:17,-12.9,
20250417,15:37:17,-12.5,
20250417,15:37:17,-12.1,
20250417,15:37:18,-11.9,
20250417,15:37:18,-12,
20250417,15:37:18,-12.4,
20250417,15:37:19,-12.8,
20250417,15:37:19,-13.5,
20250417,15:37:19,-14.2,
20250417,15:37:19,-15,
20250417,15:37:20,-15.7,
20250417,15:37:20,-16.5,
20250417,15:37:20,-16.9,
20250417,15:37:21,-17,
20250417,15:37:21,-16.4,
20250417,15:37:21,-15.9,
20250417,15:37:21,-16,
20250417,15:37:22,-16.2,
20250417,15:37:22,-16.7,
20250417,15:37:22,-17.1,
20250417,15:37:22,-17.3,
20250417,15:37:23,-17.3,
20250417,15:37:23,-17.8,
20250417,15:37:23,-18.4,
20250417,15:37:24,-18.7,
20250417,15:37:24,-18.6,
20250417,15:37:24,-18.1,
20250417,15:37:24,-17.9,
20250417,15:37:25,-17.9,
20250417,15:37:25,-18.3,
20250417,15:37:25,-18,
20250417,15:37:26,-16.7,
20250417,15:37:26,-14.5,
20250417,15:37:26,-12.1,
20250417,15:37:26,-10,
20250417,15:37:27,-8.3,
20250417,15:37:27,-7,
20250417,15:37:27,-6.3,
20250417,15:37:27,-6.1,
20250417,15:37:28,-6,
20250417,15:37:28,-6,
20250417,15:37:28,-6.4,
20250417,15:37:29,-6.8,
20250417,15:37:29,-7.4,
20250417,15:37:29,-8.2,
20250417,15:37:29,-9.1,
20250417,15:37:30,-10.1,
20250417,15:37:30,-11.1,
20250417,15:37:30,-11.9,
20250417,15:37:30,-12.7,
20250417,15:37:31,-13.5,
20250417,15:37:31,-14.4,
20250417,15:37:31,-15,
20250417,15:37:32,-15.6,
20250417,15:37:32,-16.1,
20250417,15:37:32,-16.7,
20250417,15:37:32,-17.1,
20250417,15:37:33,-17.5,
20250417,15:37:33,-18,
20250417,15:37:33,-18.5,
20250417,15:37:34,-18.8,
20250417,15:37:34,-19.2,
20250417,15:37:34,-19.7,
20250417,15:37:34,-20,
20250417,15:37:35,-20.4,
20250417,15:37:35,-20.7,
20250417,15:37:35,-21.2,
20250417,15:37:35,-21.3,
20250417,15:37:36,-21.8,
20250417,15:37:36,-22.1,
20250417,15:37:36,-22.2,
20250417,15:37:37,-22.4,
20250417,15:37:37,-22.6,
20250417,15:37:37,-22.8,
20250417,15:37:37,-22.9,
20250417,15:37:38,-23.1,
20250417,15:37:38,-23.3,
20250417,15:37:38,-23.5,
20250417,15:37:39,-23.7,
20250417,15:37:39,-23.8,
20250417,15:37:39,-24.4,
20250417,15:37:39,-25.1,
20250417,15:37:40,-25.6,
20250417,15:37:40,-25.8,
20250417,15:37:40,-25.7,
20250417,15:37:40,-25.6,
20250417,15:37:41,-25.5,
20250417,15:37:41,-25.5,
20250417,15:37:41,-25.5,
20250417,15:37:42,-25.7,
20250417,15:37:42,-25.8,
20250417,15:37:42,-25.9,
20250417,15:37:42,-26.2,
20250417,15:37:43,-26.3,
20250417,15:37:43,-26.4,
20250417,15:37:43,-26.5,
20250417,15:37:43,-26.6,
20250417,15:37:44,-26.6,
20250417,15:37:44,-26.7,
20250417,15:37:44,-26.6,
20250417,15:37:45,-26.7,
20250417,15:37:45,-26.8,
20250417,15:37:45,-26.8,
20250417,15:37:45,-27,
20250417,15:37:46,-27.2,
20250417,15:37:46,-27.4,
20250417,15:37:46,-27.6,
20250417,15:37:47,-27.6,
20250417,15:37:47,-27.7,
20250417,15:37:47,-27.7,
20250417,15:37:47,-27.7,
20250417,15:37:48,-27.8,
20250417,15:37:48,-27.9,
20250417,15:37:48,-28,
20250417,15:37:48,-28,
20250417,15:37:49,-28.1,
20250417,15:37:49,-28.3,
20250417,15:37:49,-28.5,
20250417,15:37:50,-28.7,
20250417,15:37:50,-28.7,
20250417,15:37:50,-28.7,
20250417,15:37:50,-28.7,
20250417,15:37:51,-28.6,
20250417,15:37:51,-28.6,
20250417,15:37:51,-28.6,
20250417,15:37:52,-28.5,
20250417,15:37:52,-28.4,
20250417,15:37:52,-28.3,
20250417,15:37:52,-28.2,
20250417,15:37:53,-28.2,
20250417,15:37:53,-28.3,
20250417,15:37:53,-28.5,
20250417,15:37:53,-28.5,
20250417,15:37:54,-28.5,
20250417,15:37:54,-28.5,
20250417,15:37:54,-28.4,
20250417,15:37:55,-28.2,
20250417,15:37:55,-28.1,
20250417,15:37:55,-28,
20250417,15:37:55,-28,
20250417,15:37:56,-28,
20250417,15:37:56,-28.5,
20250417,15:37:56,-29.2,
20250417,15:37:57,-29.8,
20250417,15:37:57,-30.6,
20250417,15:37:57,-30.3,
20250417,15:37:57,-29.2,
20250417,15:37:58,-27.8,
20250417,15:37:58,-26.1,
20250417,15:37:58,-24.7,
20250417,15:37:58,-23.6,
20250417,15:37:59,-22.8,
20250417,15:37:59,-21.9,
20250417,15:37:59,-20.8,
20250417,15:38:00,-19.7,
20250417,15:38:00,-18.9,
20250417,15:38:00,-18.5,
20250417,15:38:00,-18.5,
20250417,15:38:01,-18.7,
20250417,15:38:01,-19,
20250417,15:38:01,-19.7,
20250417,15:38:01,-20.5,
20250417,15:38:02,-21.3,
20250417,15:38:02,-22.1,
20250417,15:38:02,-22.5,
20250417,15:38:03,-22.9,
20250417,15:38:03,-23.1,
20250417,15:38:03,-22.6,
20250417,15:38:03,-21.7,
20250417,15:38:04,-20.4,
20250417,15:38:04,-19.4,
20250417,15:38:04,-18.6,
20250417,15:38:05,-18.1,
20250417,15:38:05,-17.9,
20250417,15:38:05,-17.7,
20250417,15:38:05,-17.7,
20250417,15:38:06,-17.8,
20250417,15:38:06,-17.9,
20250417,15:38:06,-18.3,
20250417,15:38:06,-18.7,
20250417,15:38:07,-19.2,
20250417,15:38:07,-19.6,
20250417,15:38:07,-20.2,
20250417,15:38:08,-20.7,
20250417,15:38:08,-21.1,
20250417,15:38:08,-21.6,
20250417,15:38:08,-22.1,
20250417,15:38:09,-22.2,
20250417,15:38:09,-22.2,
20250417,15:38:09,-22.4,
20250417,15:38:10,-22.7,
20250417,15:38:10,-22.1,
20250417,15:38:10,-20.7,
20250417,15:38:10,-18.1,
20250417,15:38:11,-15.5,
20250417,15:38:11,-13.1,
20250417,15:38:11,-10.7,
20250417,15:38:11,-8.7,
20250417,15:38:12,-6.9,
20250417,15:38:12,-5.7,
20250417,15:38:12,-4.6,
20250417,15:38:13,-3.7,
20250417,15:38:13,-2.8,
20250417,15:38:13,-2,
20250417,15:38:13,-1.4,
20250417,15:38:14,-0.8,
20250417,15:38:14,-0.4,
20250417,15:38:14,-0.1,
20250417,15:38:14,0.1,
20250417,15:38:15,0,
20250417,15:38:15,-0.4,
20250417,15:38:15,-0.8,
20250417,15:38:16,-1.5,
20250417,15:38:16,-2.3,
20250417,15:38:16,-3,
20250417,15:38:16,-3.8,
20250417,15:38:17,-4.6,
20250417,15:38:17,-5.2,
20250417,15:38:17,-5.8,
20250417,15:38:18,-6.1,
20250417,15:38:18,-5.5,
20250417,15:38:18,-4.1,
20250417,15:38:18,-2.6,
20250417,15:38:19,-1.6,
20250417,15:38:19,-1.1,
20250417,15:38:19,-1.1,
20250417,15:38:19,-1.2,
20250417,15:38:20,-1.5,
20250417,15:38:20,-1.8,
20250417,15:38:20,-2.4,
20250417,15:38:21,-2.8,
20250417,15:38:21,-3.4,
20250417,15:38:21,-4.1,
20250417,15:38:21,-4.9,
20250417,15:38:22,-5.6,
20250417,15:38:22,-6.4,
20250417,15:38:22,-7.1,
20250417,15:38:22,-7.8,
20250417,15:38:23,-8.5,
20250417,15:38:23,-9.3,
20250417,15:38:23,-10.1,
20250417,15:38:24,-10.8,
20250417,15:38:24,-11.9,
20250417,15:38:24,-13,
20250417,15:38:24,-13.5,
20250417,15:38:25,-13.3,
20250417,15:38:25,-13,
20250417,15:38:25,-12.7,
20250417,15:38:26,-12.7,
20250417,15:38:26,-12.8,
20250417,15:38:26,-13.3,
20250417,15:38:26,-13.8,
20250417,15:38:27,-14.2,
20250417,15:38:27,-14.7,
20250417,15:38:27,-15.2,
20250417,15:38:27,-15.9,
20250417,15:38:28,-16.3,
20250417,15:38:28,-16.8,
20250417,15:38:28,-17,
20250417,15:38:29,-17.2,
20250417,15:38:29,-17.1,
20250417,15:38:29,-16.6,
20250417,15:38:29,-16,
20250417,15:38:30,-15.5,
20250417,15:38:30,-15.4,
20250417,15:38:30,-15.5,
20250417,15:38:31,-15.9,
20250417,15:38:31,-16.5,
20250417,15:38:31,-17,
20250417,15:38:31,-17.8,
20250417,15:38:32,-18.4,
20250417,15:38:32,-18.7,
20250417,15:38:32,-19.2,
20250417,15:38:32,-19.7,
20250417,15:38:33,-20.3,
20250417,15:38:33,-20.7,
20250417,15:38:33,-21.4,
20250417,15:38:34,-22.2,
20250417,15:38:34,-22.7,
20250417,15:38:34,-22.6,
20250417,15:38:34,-22.3,
20250417,15:38:35,-22,
20250417,15:38:35,-21.8,
20250417,15:38:35,-21.8,
20250417,15:38:36,-21.9,
20250417,15:38:36,-22,
20250417,15:38:36,-22.2,
20250417,15:38:36,-22.5,
20250417,15:38:37,-22.9,
20250417,15:38:37,-23.3,
20250417,15:38:37,-23.4,
20250417,15:38:37,-23.2,
20250417,15:38:38,-22.9,
20250417,15:38:38,-22.9,
20250417,15:38:38,-22.9,
20250417,15:38:39,-22.9,
20250417,15:38:39,-22.7,
20250417,15:38:39,-22.1,
20250417,15:38:39,-21.7,
20250417,15:38:40,-21.5,
20250417,15:38:40,-21.4,
20250417,15:38:40,-21.5,
20250417,15:38:40,-21.8,
20250417,15:38:41,-22.1,
20250417,15:38:41,-22.7,
20250417,15:38:41,-22.9,
20250417,15:38:42,-22.9,
20250417,15:38:42,-22.9,
20250417,15:38:42,-22.9,
20250417,15:38:42,-23.1,
20250417,15:38:43,-23,
20250417,15:38:43,-22.5,
20250417,15:38:43,-22,
20250417,15:38:44,-21.6,
20250417,15:38:44,-21,
20250417,15:38:44,-20.2,
20250417,15:38:44,-19.2,
20250417,15:38:45,-18,
20250417,15:38:45,-16.9,
20250417,15:38:45,-15.7,
20250417,15:38:46,-14.9,
20250417,15:38:46,-14.5,
20250417,15:38:46,-14.4,
20250417,15:38:46,-14.8,
20250417,15:38:47,-15.2,
20250417,15:38:47,-16,
20250417,15:38:47,-16.7,
20250417,15:38:47,-17.1,
20250417,15:38:48,-17.7,
20250417,15:38:48,-18.1,
20250417,15:38:48,-18.5,
20250417,15:38:49,-18.9,
20250417,15:38:49,-19.5,
20250417,15:38:49,-20,
20250417,15:38:49,-20.5,
20250417,15:38:50,-21,
20250417,15:38:50,-21.3,
20250417,15:38:50,-21.7,
20250417,15:38:50,-22.1,
20250417,15:38:51,-22.4,
20250417,15:38:51,-22.8,
20250417,15:38:51,-23.1,
20250417,15:38:52,-23.5,
20250417,15:38:52,-24.2,
20250417,15:38:52,-24.5,
20250417,15:38:52,-24.5,
20250417,15:38:53,-24.4,
20250417,15:38:53,-24.2,
20250417,15:38:53,-23.9,
20250417,15:38:54,-23.7,
20250417,15:38:54,-23.5,
20250417,15:38:54,-23.5,
20250417,15:38:54,-23.7,
20250417,15:38:55,-23.8,
20250417,15:38:55,-23.9,
20250417,15:38:55,-24,
20250417,15:38:55,-24.2,
20250417,15:38:56,-24.5,
20250417,15:38:56,-24.6,
20250417,15:38:56,-24.9,
20250417,15:38:57,-25.1,
20250417,15:38:57,-25.1,
20250417,15:38:57,-25.4,
20250417,15:38:57,-25.6,
20250417,15:38:58,-25.8,
20250417,15:38:58,-26,
20250417,15:38:58,-26.2,
20250417,15:38:59,-26.3,
20250417,15:38:59,-26.8,
20250417,15:38:59,-27.2,
20250417,15:38:59,-27.4,
20250417,15:39:00,-27.4,
20250417,15:39:00,-27.2,
20250417,15:39:00,-26.6,
20250417,15:39:00,-25.9,
20250417,15:39:01,-25.5,
20250417,15:39:01,-25.1,
20250417,15:39:01,-24.9,
20250417,15:39:02,-24.9,
20250417,15:39:02,-25.2,
20250417,15:39:02,-25.5,
20250417,15:39:02,-25.6,
20250417,15:39:03,-25.6,
20250417,15:39:03,-25.5,
20250417,15:39:03,-25.5,
20250417,15:39:03,-25.5,
20250417,15:39:04,-25.5,
20250417,15:39:04,-25.6,
20250417,15:39:04,-25.8,
20250417,15:39:05,-25.8,
20250417,15:39:05,-25.8,
20250417,15:39:05,-25.5,
20250417,15:39:05,-25.5,
20250417,15:39:06,-25.5,
20250417,15:39:06,-25.9,
20250417,15:39:06,-26.1,
20250417,15:39:07,-25.4,
20250417,15:39:07,-23.8,
20250417,15:39:07,-22.2,
20250417,15:39:07,-21.1,
20250417,15:39:08,-20.3,
20250417,15:39:08,-19.3,
20250417,15:39:08,-18.1,
20250417,15:39:08,-16.7,
20250417,15:39:09,-15.5,
20250417,15:39:09,-14.6,
20250417,15:39:09,-14.1,
20250417,15:39:10,-14,
20250417,15:39:10,-14.3,
20250417,15:39:10,-14.9,
20250417,15:39:10,-15.5,
20250417,15:39:11,-16.1,
20250417,15:39:11,-16.7,
20250417,15:39:11,-16.9,
20250417,15:39:12,-17.1,
20250417,15:39:12,-17.3,
20250417,15:39:12,-17.5,
20250417,15:39:12,-17.7,
20250417,15:39:13,-17.8,
20250417,15:39:13,-18.1,
20250417,15:39:13,-18.3,
20250417,15:39:13,-18.5,
20250417,15:39:14,-18.7,
20250417,15:39:14,-18.9,
20250417,15:39:14,-19.3,
20250417,15:39:15,-19.6,
20250417,15:39:15,-20.1,
20250417,15:39:15,-20.4,
20250417,15:39:15,-20.6,
20250417,15:39:16,-20.6,
20250417,15:39:16,-20.7,
20250417,15:39:16,-20.5,
20250417,15:39:17,-20.6,
20250417,15:39:17,-20.7,
20250417,15:39:17,-20.9,
20250417,15:39:17,-21.1,
20250417,15:39:18,-21.3,
20250417,15:39:18,-21.6,
20250417,15:39:18,-22,
20250417,15:39:18,-22.6,
20250417,15:39:19,-22.9,
20250417,15:39:19,-23.2,
20250417,15:39:19,-23,
20250417,15:39:20,-23.1,
20250417,15:39:20,-23.2,
20250417,15:39:20,-23.5,
20250417,15:39:20,-23.6,
20250417,15:39:21,-23.5,
20250417,15:39:21,-23.1,
20250417,15:39:21,-22.9,
20250417,15:39:21,-22.6,
20250417,15:39:22,-22.4,
20250417,15:39:22,-22.5,
20250417,15:39:22,-22.7,
20250417,15:39:23,-22.9,
20250417,15:39:23,-23.1,
20250417,15:39:23,-23.4,
20250417,15:39:23,-23.6,
20250417,15:39:24,-23.9,
20250417,15:39:24,-24.4,
20250417,15:39:24,-24.7,
20250417,15:39:25,-24.8,
20250417,15:39:25,-24.8,
20250417,15:39:25,-24.9,
20250417,15:39:25,-25,
20250417,15:39:26,-25,
20250417,15:39:26,-25.1,
20250417,15:39:26,-25.4,
20250417,15:39:26,-25.6,
20250417,15:39:27,-26.3,
20250417,15:39:27,-27.2,
20250417,15:39:27,-27.2,
20250417,15:39:28,-26.3,
20250417,15:39:28,-24.8,
20250417,15:39:28,-23.8,
20250417,15:39:28,-22.9,
20250417,15:39:29,-22.6,
20250417,15:39:29,-22.6,
20250417,15:39:29,-22.9,
20250417,15:39:30,-23,
20250417,15:39:30,-22.5,
20250417,15:39:30,-21.9,
20250417,15:39:30,-21.2,
20250417,15:39:31,-20.9,
20250417,15:39:31,-20.7,
20250417,15:39:31,-20.7,
20250417,15:39:31,-20.7,
20250417,15:39:32,-20.6,
20250417,15:39:32,-20.4,
20250417,15:39:32,-20.4,
20250417,15:39:33,-20.5,
20250417,15:39:33,-20.9,
20250417,15:39:33,-21.2,
20250417,15:39:33,-21.2,
20250417,15:39:34,-20.8,
20250417,15:39:34,-20.1,
20250417,15:39:34,-19.4,
20250417,15:39:34,-18.8,
20250417,15:39:35,-18.7,
20250417,15:39:35,-18.6,
20250417,15:39:35,-18.7,
20250417,15:39:36,-18.8,
20250417,15:39:36,-19.3,
20250417,15:39:36,-19.7,
20250417,15:39:36,-20.1,
20250417,15:39:37,-20.7,
20250417,15:39:37,-21.5,
20250417,15:39:37,-22,
20250417,15:39:38,-21.7,
20250417,15:39:38,-21,
20250417,15:39:38,-20.4,
20250417,15:39:38,-19.7,
20250417,15:39:39,-19.5,
20250417,15:39:39,-19.6,
20250417,15:39:39,-19.6,
20250417,15:39:40,-19.7,
20250417,15:39:40,-20,
20250417,15:39:40,-20.4,
20250417,15:39:40,-21,
20250417,15:39:41,-21.7,
20250417,15:39:41,-21.9,
20250417,15:39:41,-22.1,
20250417,15:39:41,-22,
20250417,15:39:42,-22,
20250417,15:39:42,-22,
20250417,15:39:42,-22.2,
20250417,15:39:43,-22.8,
20250417,15:39:43,-22.9,
20250417,15:39:43,-22.6,
20250417,15:39:43,-21.8,
20250417,15:39:44,-21.1,
20250417,15:39:44,-20.6,
20250417,15:39:44,-20.4,
20250417,15:39:44,-20.4,
20250417,15:39:45,-20.5,
20250417,15:39:45,-20.8,
20250417,15:39:45,-21.1,
20250417,15:39:46,-21.4,
20250417,15:39:46,-21.8,
20250417,15:39:46,-22.1,
20250417,15:39:46,-22.5,
20250417,15:39:47,-22.9,
20250417,15:39:47,-23,
20250417,15:39:47,-23.4,
20250417,15:39:48,-23.7,
20250417,15:39:48,-24,
20250417,15:39:48,-24.6,
20250417,15:39:48,-25.2,
20250417,15:39:49,-25.3,
20250417,15:39:49,-25.1,
20250417,15:39:49,-24.9,
20250417,15:39:49,-24.8,
20250417,15:39:50,-25,
20250417,15:39:50,-25,
20250417,15:39:50,-25,
20250417,15:39:51,-24.4,
20250417,15:39:51,-23.3,
20250417,15:39:51,-22.1,
20250417,15:39:51,-21.2,
20250417,15:39:52,-20.7,
20250417,15:39:52,-20.3,
20250417,15:39:52,-20.4,
20250417,15:39:53,-20.1,
20250417,15:39:53,-19.5,
20250417,15:39:53,-18.8,
20250417,15:39:53,-18.4,
20250417,15:39:54,-18.2,
20250417,15:39:54,-18.1,
20250417,15:39:54,-18.3,
20250417,15:39:54,-18.6,
20250417,15:39:55,-19,
20250417,15:39:55,-19.6,
20250417,15:39:55,-20.2,
20250417,15:39:56,-20.7,
20250417,15:39:56,-20.8,
20250417,15:39:56,-21,
20250417,15:39:56,-21.4,
20250417,15:39:57,-21.8,
20250417,15:39:57,-21.8,
20250417,15:39:57,-21.9,
20250417,15:39:58,-22.1,
20250417,15:39:58,-22.2,
20250417,15:39:58,-22.5,
20250417,15:39:58,-22.9,
20250417,15:39:59,-23.3,
20250417,15:39:59,-23.3,
20250417,15:39:59,-23.1,
20250417,15:39:59,-22.9,
20250417,15:40:00,-22.7,
20250417,15:40:00,-22.6,
20250417,15:40:00,-22.7,
20250417,15:40:01,-22.9,
20250417,15:40:01,-23.3,
20250417,15:40:01,-23.6,
20250417,15:40:01,-23.7,
20250417,15:40:02,-23.7,
20250417,15:40:02,-23.5,
20250417,15:40:02,-22.9,
20250417,15:40:02,-22.2,
20250417,15:40:03,-21.6,
20250417,15:40:03,-21.3,
20250417,15:40:03,-21.2,
20250417,15:40:04,-21.3,
20250417,15:40:04,-21.8,
20250417,15:40:04,-21.8,
20250417,15:40:04,-21.1,
20250417,15:40:05,-20.2,
20250417,15:40:05,-19.4,
20250417,15:40:05,-18.9,
20250417,15:40:06,-18.7,
20250417,15:40:06,-18.8,
20250417,15:40:06,-19.2,
20250417,15:40:06,-19.5,
20250417,15:40:07,-19.8,
20250417,15:40:07,-20.3,
20250417,15:40:07,-20.7,
20250417,15:40:07,-21.1,
20250417,15:40:08,-21.4,
20250417,15:40:08,-21.6,
20250417,15:40:08,-21.8,
20250417,15:40:09,-22,
20250417,15:40:09,-22.2,
20250417,15:40:09,-22.4,
20250417,15:40:09,-22.7,
20250417,15:40:10,-22.8,
20250417,15:40:10,-23,
20250417,15:40:10,-23.2,
20250417,15:40:11,-23.4,
20250417,15:40:11,-23.9,
20250417,15:40:11,-24.5,
20250417,15:40:11,-24.6,
20250417,15:40:12,-24.3,
20250417,15:40:12,-23.9,
20250417,15:40:12,-23.6,
20250417,15:40:12,-23.3,
20250417,15:40:13,-23.3,
20250417,15:40:13,-23.4,
20250417,15:40:13,-23.5,
20250417,15:40:14,-23.7,
20250417,15:40:14,-23.9,
20250417,15:40:14,-24.2,
20250417,15:40:14,-24.6,
20250417,15:40:15,-25.5,
20250417,15:40:15,-25.7,
20250417,15:40:15,-25.2,
20250417,15:40:15,-24.6,
20250417,15:40:16,-24,
20250417,15:40:16,-23,
20250417,15:40:16,-21.9,
20250417,15:40:17,-21,
20250417,15:40:17,-20.4,
20250417,15:40:17,-20.2,
20250417,15:40:17,-20.2,
20250417,15:40:18,-20.4,
20250417,15:40:18,-20.5,
20250417,15:40:18,-20.1,
20250417,15:40:19,-19,
20250417,15:40:19,-18,
20250417,15:40:19,-17,
20250417,15:40:19,-16.1,
20250417,15:40:20,-15.2,
20250417,15:40:20,-14.3,
20250417,15:40:20,-13.6,
20250417,15:40:20,-13.2,
20250417,15:40:21,-13,
20250417,15:40:21,-13,
20250417,15:40:21,-13.6,
20250417,15:40:22,-14,
20250417,15:40:22,-14.4,
20250417,15:40:22,-15.1,
20250417,15:40:22,-15.8,
20250417,15:40:23,-16.4,
20250417,15:40:23,-16.7,
20250417,15:40:23,-16.7,
20250417,15:40:24,-16.6,
20250417,15:40:24,-16.6,
20250417,15:40:24,-16.8,
20250417,15:40:24,-16.9,
20250417,15:40:25,-17.2,
20250417,15:40:25,-17.6,
20250417,15:40:25,-17.8,
20250417,15:40:25,-18.2,
20250417,15:40:26,-18.6,
20250417,15:40:26,-18.8,
20250417,15:40:26,-19.2,
20250417,15:40:27,-19.6,
20250417,15:40:27,-19.9,
20250417,15:40:27,-20.4,
20250417,15:40:27,-20.7,
20250417,15:40:28,-21,
20250417,15:40:28,-21.2,
20250417,15:40:28,-21.6,
20250417,15:40:29,-22,
20250417,15:40:29,-22.5,
20250417,15:40:29,-22.9,
20250417,15:40:29,-22.9,
20250417,15:40:30,-22.7,
20250417,15:40:30,-22.2,
20250417,15:40:30,-21.8,
20250417,15:40:30,-21.6,
20250417,15:40:31,-21.5,
20250417,15:40:31,-21.4,
20250417,15:40:31,-21.4,
20250417,15:40:32,-21.8,
20250417,15:40:32,-22.1,
20250417,15:40:32,-22.3,
20250417,15:40:32,-22.4,
20250417,15:40:33,-22.4,
20250417,15:40:33,-22.6,
20250417,15:40:33,-22.9,
20250417,15:40:33,-23.5,
20250417,15:40:34,-24.1,
20250417,15:40:34,-24.6,
20250417,15:40:34,-24.5,
20250417,15:40:35,-23.7,
20250417,15:40:35,-22.7,
20250417,15:40:35,-21.8,
20250417,15:40:35,-21.1,
20250417,15:40:36,-20.7,
20250417,15:40:36,-20.4,
20250417,15:40:36,-20.5,
20250417,15:40:37,-21.1,
20250417,15:40:37,-21.9,
20250417,15:40:37,-21.9,
20250417,15:40:37,-21.2,
20250417,15:40:38,-19.8,
20250417,15:40:38,-18.7,
20250417,15:40:38,-17.8,
20250417,15:40:39,-17.7,
20250417,15:40:39,-17.5,
20250417,15:40:39,-17,
20250417,15:40:39,-16.3,
20250417,15:40:40,-15.8,
20250417,15:40:40,-15.2,
20250417,15:40:40,-14.4,
20250417,15:40:40,-13.4,
20250417,15:40:41,-12.7,
20250417,15:40:41,-12,
20250417,15:40:41,-11,
20250417,15:40:42,-9.8,
20250417,15:40:42,-8.7,
20250417,15:40:42,-8,
20250417,15:40:42,-7.6,
20250417,15:40:43,-7.6,
20250417,15:40:43,-8.1,
20250417,15:40:43,-8.2,
20250417,15:40:43,-8.4,
20250417,15:40:44,-8.8,
20250417,15:40:44,-9.2,
20250417,15:40:44,-9.7,
20250417,15:40:45,-10.3,
20250417,15:40:45,-10.8,
20250417,15:40:45,-11.1,
20250417,15:40:45,-11.6,
20250417,15:40:46,-11.8,
20250417,15:40:46,-12.3,
20250417,15:40:46,-12.7,
20250417,15:40:46,-13.3,
20250417,15:40:47,-13.6,
20250417,15:40:47,-14.1,
20250417,15:40:47,-14.5,
20250417,15:40:48,-14.9,
20250417,15:40:48,-15.5,
20250417,15:40:48,-16.1,
20250417,15:40:48,-16.8,
20250417,15:40:49,-16.7,
20250417,15:40:49,-16.2,
20250417,15:40:49,-15.6,
20250417,15:40:50,-15.2,
20250417,15:40:50,-14.9,
20250417,15:40:50,-14.8,
20250417,15:40:50,-14.8,
20250417,15:40:51,-15,
20250417,15:40:51,-15.2,
20250417,15:40:51,-15.5,
20250417,15:40:51,-16,
20250417,15:40:52,-16.4,
20250417,15:40:52,-16.9,
20250417,15:40:52,-17.2,
20250417,15:40:53,-17.8,
20250417,15:40:53,-18.4,
20250417,15:40:53,-18.8,
20250417,15:40:53,-19.4,
20250417,15:40:54,-19.6,
20250417,15:40:54,-19.5,
20250417,15:40:54,-18.8,
20250417,15:40:55,-18.1,
20250417,15:40:55,-17.3,
20250417,15:40:55,-16.3,
20250417,15:40:55,-15.5,
20250417,15:40:56,-14.7,
20250417,15:40:56,-14.1,
20250417,15:40:56,-13.7,
20250417,15:40:56,-13.5,
20250417,15:40:57,-13.4,
20250417,15:40:57,-13.3,
20250417,15:40:57,-13.4,
20250417,15:40:58,-13.5,
20250417,15:40:58,-13.8,
20250417,15:40:58,-14,
20250417,15:40:58,-13.9,
20250417,15:40:59,-13.8,
20250417,15:40:59,-13.8,
20250417,15:40:59,-13.8,
20250417,15:41:00,-14.3,
20250417,15:41:00,-14.6,
20250417,15:41:00,-15.4,
20250417,15:41:00,-15.5,
20250417,15:41:01,-15,
20250417,15:41:01,-14.1,
20250417,15:41:01,-13.3,
20250417,15:41:01,-12.7,
20250417,15:41:02,-12.5,
20250417,15:41:02,-12.5,
20250417,15:41:02,-12.7,
20250417,15:41:03,-13.1,
20250417,15:41:03,-13.2,
20250417,15:41:03,-12.9,
20250417,15:41:03,-12.7,
20250417,15:41:04,-12.4,
20250417,15:41:04,-12.4,
20250417,15:41:04,-12.6,
20250417,15:41:05,-12.9,
20250417,15:41:05,-13.5,
20250417,15:41:05,-14,
20250417,15:41:05,-14.4,
20250417,15:41:06,-14.8,
20250417,15:41:06,-15.2,
20250417,15:41:06,-15.5,
20250417,15:41:06,-15.8,
20250417,15:41:07,-16.3,
20250417,15:41:07,-16.9,
20250417,15:41:07,-17,
20250417,15:41:08,-16.9,
20250417,15:41:08,-16.9,
20250417,15:41:08,-16.8,
20250417,15:41:08,-16.9,
20250417,15:41:09,-17.2,
20250417,15:41:09,-17.7,
20250417,15:41:09,-17.7,
20250417,15:41:10,-17.3,
20250417,15:41:10,-16.8,
20250417,15:41:10,-16.3,
20250417,15:41:10,-16.1,
20250417,15:41:11,-16,
20250417,15:41:11,-15.7,
20250417,15:41:11,-15.9,
20250417,15:41:11,-16.5,
20250417,15:41:12,-16.8,
20250417,15:41:12,-16.2,
20250417,15:41:12,-15.2,
20250417,15:41:13,-14.2,
20250417,15:41:13,-13.5,
20250417,15:41:13,-13.1,
20250417,15:41:13,-12.9,
20250417,15:41:14,-12.7,
20250417,15:41:14,-12.8,
20250417,15:41:14,-13.2,
20250417,15:41:15,-13.7,
20250417,15:41:15,-14.2,
20250417,15:41:15,-14.5,
20250417,15:41:15,-14.9,
20250417,15:41:16,-15.2,
20250417,15:41:16,-15.8,
20250417,15:41:16,-16.7,
20250417,15:41:16,-17,
20250417,15:41:17,-16.4,
20250417,15:41:17,-15.4,
20250417,15:41:17,-14.5,
20250417,15:41:18,-13.8,
20250417,15:41:18,-13.5,
20250417,15:41:18,-13.5,
20250417,15:41:18,-13.7,
20250417,15:41:19,-14,
20250417,15:41:19,-14.4,
20250417,15:41:19,-14.8,
20250417,15:41:19,-15.3,
20250417,15:41:20,-15.7,
20250417,15:41:20,-16.1,
20250417,15:41:20,-16.6,
20250417,15:41:21,-16.9,
20250417,15:41:21,-17.3,
20250417,15:41:21,-17.7,
20250417,15:41:21,-18,
20250417,15:41:22,-18.4,
20250417,15:41:22,-18.5,
20250417,15:41:22,-18.7,
20250417,15:41:23,-18.8,
20250417,15:41:23,-18.9,
20250417,15:41:23,-19.4,
20250417,15:41:23,-19.6,
20250417,15:41:24,-19.8,
20250417,15:41:24,-20.1,
20250417,15:41:24,-20.1,
20250417,15:41:24,-19.9,
20250417,15:41:25,-19.8,
20250417,15:41:25,-19.7,
20250417,15:41:25,-19.7,
20250417,15:41:26,-20,
20250417,15:41:26,-20.4,
20250417,15:41:26,-20.7,
20250417,15:41:26,-20.7,
20250417,15:41:27,-20.5,
20250417,15:41:27,-20.5,
20250417,15:41:27,-20.4,
20250417,15:41:27,-20.3,
20250417,15:41:28,-20.4,
20250417,15:41:28,-20.4,
20250417,15:41:28,-20.4,
20250417,15:41:29,-20.4,
20250417,15:41:29,-20.5,
20250417,15:41:29,-20.4,
20250417,15:41:29,-20.4,
20250417,15:41:30,-20.5,
20250417,15:41:30,-20.6,
20250417,15:41:30,-20.8,
20250417,15:41:31,-21.1,
20250417,15:41:31,-21.6,
20250417,15:41:31,-21.9,
20250417,15:41:31,-21.9,
20250417,15:41:32,-21.6,
20250417,15:41:32,-21.1,
20250417,15:41:32,-20.9,
20250417,15:41:32,-20.5,
20250417,15:41:33,-20.4,
20250417,15:41:33,-20.4,
20250417,15:41:33,-20.4,
20250417,15:41:34,-20.4,
20250417,15:41:34,-20.4,
20250417,15:41:34,-20.6,
20250417,15:41:34,-20.6,
20250417,15:41:35,-20.8,
20250417,15:41:35,-21,
20250417,15:41:35,-21.7,
20250417,15:41:36,-22.6,
20250417,15:41:36,-23,
20250417,15:41:36,-22.6,
20250417,15:41:36,-21.6,
20250417,15:41:37,-20.8,
20250417,15:41:37,-19.8,
20250417,15:41:37,-19.5,
20250417,15:41:37,-19.3,
20250417,15:41:38,-19.2,
20250417,15:41:38,-19.5,
20250417,15:41:38,-19.5,
20250417,15:41:39,-19.7,
20250417,15:41:39,-20,
20250417,15:41:39,-20.2,
20250417,15:41:39,-20.4,
20250417,15:41:40,-20.7,
20250417,15:41:40,-20.9,
20250417,15:41:40,-21.1,
20250417,15:41:41,-21.2,
20250417,15:41:41,-21.5,
20250417,15:41:41,-22,
20250417,15:41:41,-22.1,
20250417,15:41:42,-22.1,
20250417,15:41:42,-21.4,
20250417,15:41:42,-20.3,
20250417,15:41:42,-19.2,
20250417,15:41:43,-18.4,
20250417,15:41:43,-17.8,
20250417,15:41:43,-17.7,
20250417,15:41:44,-17.7,
20250417,15:41:44,-17.9,
20250417,15:41:44,-18.2,
20250417,15:41:44,-18.5,
20250417,15:41:45,-18.9,
20250417,15:41:45,-19.3,
20250417,15:41:45,-19.4,
20250417,15:41:45,-19.5,
20250417,15:41:46,-19.5,
20250417,15:41:46,-19.6,
20250417,15:41:46,-19.7,
20250417,15:41:47,-19.8,
20250417,15:41:47,-20,
20250417,15:41:47,-20.6,
20250417,15:41:47,-21.3,
20250417,15:41:48,-21.3,
20250417,15:41:48,-20.4,
20250417,15:41:48,-19.3,
20250417,15:41:49,-18.3,
20250417,15:41:49,-17.7,
20250417,15:41:49,-17.2,
20250417,15:41:49,-17.1,
20250417,15:41:50,-17.2,
20250417,15:41:50,-17.3,
20250417,15:41:50,-17.5,
20250417,15:41:51,-17.9,
20250417,15:41:51,-18.3,
20250417,15:41:51,-18.7,
20250417,15:41:51,-18.9,
20250417,15:41:52,-19.1,
20250417,15:41:52,-19.2,
20250417,15:41:52,-19.6,
20250417,15:41:52,-19.6,
20250417,15:41:53,-19.5,
20250417,15:41:53,-19.9,
20250417,15:41:53,-20.4,
20250417,15:41:54,-21.1,
20250417,15:41:54,-21.2,
20250417,15:41:54,-20.6,
20250417,15:41:54,-19.7,
20250417,15:41:55,-18.6,
20250417,15:41:55,-17.3,
20250417,15:41:55,-15.9,
20250417,15:41:55,-14.7,
20250417,15:41:56,-13.8,
20250417,15:41:56,-13.2,
20250417,15:41:56,-12.5,
20250417,15:41:57,-12.2,
20250417,15:41:57,-11.9,
20250417,15:41:57,-12,
20250417,15:41:57,-12.2,
20250417,15:41:58,-12.6,
20250417,15:41:58,-13,
20250417,15:41:58,-13.7,
20250417,15:41:59,-14.1,
20250417,15:41:59,-14.7,
20250417,15:41:59,-15.2,
20250417,15:41:59,-15.7,
20250417,15:42:00,-15.9,
20250417,15:42:00,-16.1,
20250417,15:42:00,-16.5,
20250417,15:42:00,-16.3,
20250417,15:42:01,-16.2,
20250417,15:42:01,-16.1,
20250417,15:42:01,-16.1,
20250417,15:42:02,-16.3,
20250417,15:42:02,-16.5,
20250417,15:42:02,-16.6,
20250417,15:42:02,-16.9,
20250417,15:42:03,-17.1,
20250417,15:42:03,-17.6,
20250417,15:42:03,-18,
20250417,15:42:04,-18.1,
20250417,15:42:04,-18.1,
20250417,15:42:04,-18,
20250417,15:42:04,-18.2,
20250417,15:42:05,-18.6,
20250417,15:42:05,-18.6,
20250417,15:42:05,-18.4,
20250417,15:42:05,-18,
20250417,15:42:06,-17.6,
20250417,15:42:06,-16.9,
20250417,15:42:06,-16,
20250417,15:42:07,-15.1,
20250417,15:42:07,-14.9,
20250417,15:42:07,-14.6,
20250417,15:42:07,-14.8,
20250417,15:42:08,-15.1,
20250417,15:42:08,-15.3,
20250417,15:42:08,-15.6,
20250417,15:42:08,-15.7,
20250417,15:42:09,-15.9,
20250417,15:42:09,-16,
20250417,15:42:09,-16,
20250417,15:42:10,-16.3,
20250417,15:42:10,-16.7,
20250417,15:42:10,-16.9,
20250417,15:42:10,-17.2,
20250417,15:42:11,-17.4,
20250417,15:42:11,-17.8,
20250417,15:42:11,-18.2,
20250417,15:42:12,-18.3,
20250417,15:42:12,-18.2,
20250417,15:42:12,-18.2,
20250417,15:42:12,-18.2,
20250417,15:42:13,-18.1,
20250417,15:42:13,-18.2,
20250417,15:42:13,-18.3,
20250417,15:42:13,-18.6,
20250417,15:42:14,-18.7,
20250417,15:42:14,-18.9,
20250417,15:42:14,-19.2,
20250417,15:42:15,-19.2,
20250417,15:42:15,-19.1,
20250417,15:42:15,-18.9,
20250417,15:42:15,-18.7,
20250417,15:42:16,-18.7,
20250417,15:42:16,-18.4,
20250417,15:42:16,-18.2,
20250417,15:42:17,-18.2,
20250417,15:42:17,-17.9,
20250417,15:42:17,-18.1,
20250417,15:42:17,-18,
20250417,15:42:18,-18.1,
20250417,15:42:18,-18.1,
20250417,15:42:18,-18.6,
20250417,15:42:18,-19,
20250417,15:42:19,-19.8,
20250417,15:42:19,-20.1,
20250417,15:42:19,-20.1,
20250417,15:42:20,-19.5,
20250417,15:42:20,-19.2,
20250417,15:42:20,-18.8,
20250417,15:42:20,-18.7,
20250417,15:42:21,-18.7,
20250417,15:42:21,-18.7,
20250417,15:42:21,-18.7,
20250417,15:42:22,-18.9,
20250417,15:42:22,-19.1,
20250417,15:42:22,-19.3,
20250417,15:42:22,-19.5,
20250417,15:42:23,-19.6,
20250417,15:42:23,-19.8,
20250417,15:42:23,-20.3,
20250417,15:42:23,-20.7,
20250417,15:42:24,-20.7,
20250417,15:42:24,-20.5,
20250417,15:42:24,-20.3,
20250417,15:42:25,-19.9,
20250417,15:42:25,-19.7,
20250417,15:42:25,-19.7,
20250417,15:42:25,-19.7,
20250417,15:42:26,-20,
20250417,15:42:26,-20.4,
20250417,15:42:26,-20.2,
20250417,15:42:26,-20.2,
20250417,15:42:27,-20.2,
20250417,15:42:27,-20.3,
20250417,15:42:27,-20.2,
20250417,15:42:28,-19.5,
20250417,15:42:28,-18.2,
20250417,15:42:28,-16.3,
20250417,15:42:28,-14.5,
20250417,15:42:29,-13,
20250417,15:42:29,-11.8,
20250417,15:42:29,-11,
20250417,15:42:30,-10.5,
20250417,15:42:30,-10.2,
20250417,15:42:30,-10.1,
20250417,15:42:30,-10.1,
20250417,15:42:31,-10.5,
20250417,15:42:31,-11,
20250417,15:42:31,-11.4,
20250417,15:42:31,-12.1,
20250417,15:42:32,-12.8,
20250417,15:42:32,-13.5,
20250417,15:42:32,-14.2,
20250417,15:42:33,-14.9,
20250417,15:42:33,-15.3,
20250417,15:42:33,-15.7,
20250417,15:42:33,-16.1,
20250417,15:42:34,-16.3,
20250417,15:42:34,-16.5,
20250417,15:42:34,-16.8,
20250417,15:42:35,-17,
20250417,15:42:35,-17.1,
20250417,15:42:35,-17.4,
20250417,15:42:35,-17.4,
20250417,15:42:36,-17.5,
20250417,15:42:36,-17.7,
20250417,15:42:36,-17.8,
20250417,15:42:36,-17.8,
20250417,15:42:37,-17.8,
20250417,15:42:37,-18,
20250417,15:42:37,-18.2,
20250417,15:42:38,-18.5,
20250417,15:42:38,-18.6,
20250417,15:42:38,-18.7,
20250417,15:42:38,-18.7,
20250417,15:42:39,-18.7,
20250417,15:42:39,-18.8,
20250417,15:42:39,-18.9,
20250417,15:42:40,-18.7,
20250417,15:42:40,-18.6,
20250417,15:42:40,-18.5,
20250417,15:42:40,-18.5,
20250417,15:42:41,-18.4,
20250417,15:42:41,-18.4,
20250417,15:42:41,-18.4,
20250417,15:42:41,-18.5,
20250417,15:42:42,-18.5,
20250417,15:42:42,-18.6,
20250417,15:42:42,-18.6,
20250417,15:42:43,-18.5,
20250417,15:42:43,-18.7,
20250417,15:42:43,-18.8,
20250417,15:42:44,-18.9,
20250417,15:42:44,-19.2,
20250417,15:42:44,-19.6,
20250417,15:42:44,-19.6,
20250417,15:42:44,-19.5,
20250417,15:42:45,-19.2,
20250417,15:42:45,-18.9,
20250417,15:42:45,-18.6,
20250417,15:42:46,-18.4,
20250417,15:42:46,-18.3,
20250417,15:42:46,-18.5,
20250417,15:42:46,-19,
20250417,15:42:47,-19.4,
20250417,15:42:47,-19.4,
20250417,15:42:47,-18.9,
20250417,15:42:48,-18.7,
20250417,15:42:48,-18.4,
20250417,15:42:48,-18.2,
20250417,15:42:48,-18,
20250417,15:42:49,-17.9,
20250417,15:42:49,-17.9,
20250417,15:42:49,-17.9,
20250417,15:42:49,-18,
20250417,15:42:50,-18.2,
20250417,15:42:50,-18.4,
20250417,15:42:50,-18.7,
20250417,15:42:51,-18.7,
20250417,15:42:51,-18.8,
20250417,15:42:51,-19,
20250417,15:42:51,-19.1,
20250417,15:42:52,-19,
20250417,15:42:52,-18.9,
20250417,15:42:52,-18.7,
20250417,15:42:53,-18.7,
20250417,15:42:53,-18.6,
20250417,15:42:53,-18.6,
20250417,15:42:53,-18.7,
20250417,15:42:54,-18.8,
20250417,15:42:54,-18.8,
20250417,15:42:54,-19,
20250417,15:42:54,-19.1,
20250417,15:42:55,-19.2,
20250417,15:42:55,-19.2,
20250417,15:42:55,-19.3,
20250417,15:42:56,-19.5,
20250417,15:42:56,-19.6,
20250417,15:42:56,-19.8,
20250417,15:42:56,-20,
20250417,15:42:57,-19.8,
20250417,15:42:57,-19.7,
20250417,15:42:57,-19.5,
20250417,15:42:57,-19.4,
20250417,15:42:58,-19.3,
20250417,15:42:58,-19.2,
20250417,15:42:58,-19.2,
20250417,15:42:59,-19.3,
20250417,15:42:59,-19.4,
20250417,15:42:59,-19.5,
20250417,15:42:59,-19.5,
20250417,15:43:00,-19.5,
20250417,15:43:00,-19.8,
20250417,15:43:00,-20.1,
20250417,15:43:01,-20.4,
20250417,15:43:01,-20.6,
20250417,15:43:01,-20.6,
20250417,15:43:01,-20.5,
20250417,15:43:02,-20.4,
20250417,15:43:02,-20.3,
20250417,15:43:02,-20.2,
20250417,15:43:03,-20.2,
20250417,15:43:03,-20.1,
20250417,15:43:03,-20.1,
20250417,15:43:03,-20.1,
20250417,15:43:04,-20.1,
20250417,15:43:04,-20,
20250417,15:43:04,-20,
20250417,15:43:04,-20,
20250417,15:43:05,-20.1,
20250417,15:43:05,-20.1,
20250417,15:43:05,-19.9,
20250417,15:43:06,-20,
20250417,15:43:06,-20.2,
20250417,15:43:06,-20.1,
20250417,15:43:06,-20.1,
20250417,15:43:07,-20.1,
20250417,15:43:07,-20.1,
20250417,15:43:07,-20,
20250417,15:43:07,-20,
20250417,15:43:08,-20.1,
20250417,15:43:08,-20.1,
20250417,15:43:08,-20.3,
20250417,15:43:09,-20.4,
20250417,15:43:09,-20.3,
20250417,15:43:09,-20.3,
20250417,15:43:09,-20.3,
20250417,15:43:10,-20.4,
20250417,15:43:10,-20.4,
20250417,15:43:10,-20.9,
20250417,15:43:11,-21.4,
20250417,15:43:11,-21.7,
20250417,15:43:11,-21.7,
20250417,15:43:11,-21.6,
20250417,15:43:12,-21.4,
20250417,15:43:12,-21.6,
20250417,15:43:12,-22.3,
20250417,15:43:12,-22.9,
20250417,15:43:13,-22.7,
20250417,15:43:13,-22.1,
20250417,15:43:13,-21.5,
20250417,15:43:14,-21,
20250417,15:43:14,-20.5,
20250417,15:43:14,-20.5,
20250417,15:43:14,-20.4,
20250417,15:43:15,-20.4,
20250417,15:43:15,-20.6,
20250417,15:43:15,-20.8,
20250417,15:43:16,-21.2,
20250417,15:43:16,-21.7,
20250417,15:43:16,-22.1,
20250417,15:43:16,-21.9,
20250417,15:43:17,-21.6,
20250417,15:43:17,-21.3,
20250417,15:43:17,-21.3,
20250417,15:43:17,-21,
20250417,15:43:18,-20.8,
20250417,15:43:18,-20.4,
20250417,15:43:18,-20.1,
20250417,15:43:19,-19.9,
20250417,15:43:19,-19.9,
20250417,15:43:19,-20,
20250417,15:43:19,-20.1,
20250417,15:43:20,-20.3,
20250417,15:43:20,-20.4,
20250417,15:43:20,-20.8,
20250417,15:43:21,-21.2,
20250417,15:43:21,-21.2,
20250417,15:43:21,-20.9,
20250417,15:43:21,-20.3,
20250417,15:43:22,-19.9,
20250417,15:43:22,-19.6,
20250417,15:43:22,-19.5,
20250417,15:43:22,-19.2,
20250417,15:43:23,-19.1,
20250417,15:43:23,-19.5,
20250417,15:43:23,-19.5,
20250417,15:43:24,-18.7,
20250417,15:43:24,-17.7,
20250417,15:43:24,-16.8,
20250417,15:43:24,-16.2,
20250417,15:43:25,-15.8,
20250417,15:43:25,-15.9,
20250417,15:43:25,-16,
20250417,15:43:25,-15.7,
20250417,15:43:26,-15.2,
20250417,15:43:26,-14.7,
20250417,15:43:26,-14.2,
20250417,15:43:27,-13.9,
20250417,15:43:27,-13.7,
20250417,15:43:27,-13.9,
20250417,15:43:27,-14.1,
20250417,15:43:28,-14.5,
20250417,15:43:28,-15.2,
20250417,15:43:28,-15.8,
20250417,15:43:29,-16,
20250417,15:43:29,-15.9,
20250417,15:43:29,-15.6,
20250417,15:43:29,-15.2,
20250417,15:43:30,-15.1,
20250417,15:43:30,-14.9,
20250417,15:43:30,-14.9,
20250417,15:43:30,-15.2,
20250417,15:43:31,-15.3,
20250417,15:43:31,-15.5,
20250417,15:43:31,-16,
20250417,15:43:32,-16.1,
20250417,15:43:32,-16.4,
20250417,15:43:32,-16.9,
20250417,15:43:32,-17.1,
20250417,15:43:33,-17.4,
20250417,15:43:33,-17.5,
20250417,15:43:33,-17.5,
20250417,15:43:34,-17.6,
20250417,15:43:34,-17.5,
20250417,15:43:34,-17.7,
20250417,15:43:34,-17.8,
20250417,15:43:35,-17.9,
20250417,15:43:35,-18.1,
20250417,15:43:35,-18.5,
20250417,15:43:35,-18.6,
20250417,15:43:36,-19,
20250417,15:43:36,-19.6,
20250417,15:43:36,-20.3,
20250417,15:43:37,-20.2,
20250417,15:43:37,-19,
20250417,15:43:37,-17.3,
20250417,15:43:37,-15.4,
20250417,15:43:38,-13.9,
20250417,15:43:38,-12.6,
20250417,15:43:38,-11.8,
20250417,15:43:38,-11.2,
20250417,15:43:39,-10.9,
20250417,15:43:39,-10.9,
20250417,15:43:39,-11.1,
20250417,15:43:40,-11.6,
20250417,15:43:40,-12,
20250417,15:43:40,-12.7,
20250417,15:43:40,-13.2,
20250417,15:43:41,-13.8,
20250417,15:43:41,-14.4,
20250417,15:43:41,-14.9,
20250417,15:43:42,-15.4,
20250417,15:43:42,-15.9,
20250417,15:43:42,-16.4,
20250417,15:43:42,-16.8,
20250417,15:43:43,-17.1,
20250417,15:43:43,-17.3,
20250417,15:43:43,-17.5,
20250417,15:43:43,-17.6,
20250417,15:43:44,-17.8,
20250417,15:43:44,-17.9,
20250417,15:43:44,-18,
20250417,15:43:45,-18.2,
20250417,15:43:45,-18.6,
20250417,15:43:45,-18.8,
20250417,15:43:45,-19.1,
20250417,15:43:46,-19.2,
20250417,15:43:46,-19,
20250417,15:43:46,-19.1,
20250417,15:43:47,-19,
20250417,15:43:47,-19.1,
20250417,15:43:47,-19.1,
20250417,15:43:47,-19,
20250417,15:43:48,-19.3,
20250417,15:43:48,-19.4,
20250417,15:43:48,-19.3,
20250417,15:43:48,-19.3,
20250417,15:43:49,-19.1,
20250417,15:43:49,-19.1,
20250417,15:43:49,-18.9,
20250417,15:43:50,-19,
20250417,15:43:50,-19.1,
20250417,15:43:50,-19.3,
20250417,15:43:50,-19.5,
20250417,15:43:51,-19.7,
20250417,15:43:51,-19.6,
20250417,15:43:51,-19.7,
20250417,15:43:52,-19.8,
20250417,15:43:52,-19.7,
20250417,15:43:52,-19.8,
20250417,15:43:52,-19.9,
20250417,15:43:53,-20.2,
20250417,15:43:53,-20.4,
20250417,15:43:53,-20.9,
20250417,15:43:53,-21.8,
20250417,15:43:54,-22.3,
20250417,15:43:54,-22.3,
20250417,15:43:54,-22.1,
20250417,15:43:55,-21.8,
20250417,15:43:55,-21.4,
20250417,15:43:55,-21.3,
20250417,15:43:55,-21.2,
20250417,15:43:56,-21.2,
20250417,15:43:56,-21.2,
20250417,15:43:56,-21.3,
20250417,15:43:56,-21.4,
20250417,15:43:57,-21.3,
20250417,15:43:57,-21.3,
20250417,15:43:57,-21.4,
20250417,15:43:58,-21.4,
20250417,15:43:58,-21.3,
20250417,15:43:58,-21.4,
20250417,15:43:58,-21.4,
20250417,15:43:59,-21.7,
20250417,15:43:59,-22,
20250417,15:43:59,-22.4,
20250417,15:44:00,-22.8,
20250417,15:44:00,-22.9,
20250417,15:44:00,-22.9,
20250417,15:44:00,-22.8,
20250417,15:44:01,-22.6,
20250417,15:44:01,-22.5,
20250417,15:44:01,-22.6,
20250417,15:44:01,-22.6,
20250417,15:44:02,-22.6,
20250417,15:44:02,-22.5,
20250417,15:44:02,-22.4,
20250417,15:44:03,-22.3,
20250417,15:44:03,-22.3,
20250417,15:44:03,-22.2,
20250417,15:44:03,-22.3,
20250417,15:44:04,-22.3,
20250417,15:44:04,-22.6,
20250417,15:44:04,-22.9,
20250417,15:44:05,-23,
20250417,15:44:05,-23,
20250417,15:44:05,-22.9,
20250417,15:44:05,-22.7,
20250417,15:44:06,-22.5,
20250417,15:44:06,-22.5,
20250417,15:44:06,-22.4,
20250417,15:44:06,-22.6,
20250417,15:44:07,-23,
20250417,15:44:07,-23,
20250417,15:44:07,-22.9,
20250417,15:44:08,-22.4,
20250417,15:44:08,-22.1,
20250417,15:44:08,-22,
20250417,15:44:08,-22,
20250417,15:44:09,-22,
20250417,15:44:09,-21.8,
20250417,15:44:09,-21.7,
20250417,15:44:09,-21.5,
20250417,15:44:10,-21.4,
20250417,15:44:10,-21.4,
20250417,15:44:10,-21.4,
20250417,15:44:11,-21.5,
20250417,15:44:11,-21.5,
20250417,15:44:11,-21.4,
20250417,15:44:11,-21.5,
20250417,15:44:12,-21.8,
20250417,15:44:12,-22,
20250417,15:44:12,-22,
20250417,15:44:13,-22.1,
20250417,15:44:13,-21.9,
20250417,15:44:13,-21.9,
20250417,15:44:13,-21.9,
20250417,15:44:14,-21.7,
20250417,15:44:14,-21.6,
20250417,15:44:14,-21.6,
20250417,15:44:15,-21.6,
20250417,15:44:15,-21.7,
20250417,15:44:15,-21.7,
20250417,15:44:15,-21.5,
20250417,15:44:16,-21.6,
20250417,15:44:16,-21.7,
20250417,15:44:16,-21.7,
20250417,15:44:16,-21.6,
20250417,15:44:17,-21.7,
20250417,15:44:17,-21.6,
20250417,15:44:17,-21.7,
20250417,15:44:18,-21.5,
20250417,15:44:18,-21.6,
20250417,15:44:18,-21.4,
20250417,15:44:18,-21.5,
20250417,15:44:19,-21.4,
20250417,15:44:19,-21.5,
20250417,15:44:19,-21.7,
20250417,15:44:19,-22.1,
20250417,15:44:20,-22.5,
20250417,15:44:20,-23.3,
20250417,15:44:20,-24.4,
20250417,15:44:21,-24.1,
20250417,15:44:21,-22.6,
20250417,15:44:21,-20.5,
20250417,15:44:21,-19,
20250417,15:44:22,-17.8,
20250417,15:44:22,-16.9,
20250417,15:44:22,-16.3,
20250417,15:44:23,-16.1,
20250417,15:44:23,-16.1,
20250417,15:44:23,-16.4,
20250417,15:44:23,-16.9,
20250417,15:44:24,-17.4,
20250417,15:44:24,-17.4,
20250417,15:44:24,-17,
20250417,15:44:24,-16.6,
20250417,15:44:25,-16.2,
20250417,15:44:25,-16.1,
20250417,15:44:25,-16,
20250417,15:44:26,-16.1,
20250417,15:44:26,-16.3,
20250417,15:44:26,-16.8,
20250417,15:44:26,-16.9,
20250417,15:44:27,-17.3,
20250417,15:44:27,-17.7,
20250417,15:44:27,-18.1,
20250417,15:44:28,-18.6,
20250417,15:44:28,-19,
20250417,15:44:28,-19.2,
20250417,15:44:28,-18.9,
20250417,15:44:29,-18.6,
20250417,15:44:29,-18.3,
20250417,15:44:29,-18.1,
20250417,15:44:29,-18.3,
20250417,15:44:30,-18.4,
20250417,15:44:30,-18.4,
20250417,15:44:30,-18.5,
20250417,15:44:31,-18.5,
20250417,15:44:31,-18.6,
20250417,15:44:31,-18.7,
20250417,15:44:31,-18.7,
20250417,15:44:32,-19,
20250417,15:44:32,-19.2,
20250417,15:44:32,-19.5,
20250417,15:44:33,-19.7,
20250417,15:44:33,-20,
20250417,15:44:33,-20.1,
20250417,15:44:33,-20.2,
20250417,15:44:34,-20.4,
20250417,15:44:34,-20.5,
20250417,15:44:34,-20.9,
20250417,15:44:34,-21.2,
20250417,15:44:35,-21.3,
20250417,15:44:35,-21.1,
20250417,15:44:35,-20.7,
20250417,15:44:36,-20.3,
20250417,15:44:36,-19.9,
20250417,15:44:36,-19.7,
20250417,15:44:36,-19.7,
20250417,15:44:37,-19.6,
20250417,15:44:37,-19.7,
20250417,15:44:37,-19.8,
20250417,15:44:37,-20,
20250417,15:44:38,-20.1,
20250417,15:44:38,-20.2,
20250417,15:44:38,-20.4,
20250417,15:44:39,-20.5,
20250417,15:44:39,-20.9,
20250417,15:44:39,-21.6,
20250417,15:44:39,-22.1,
20250417,15:44:40,-22.1,
20250417,15:44:40,-21.9,
20250417,15:44:40,-21.7,
20250417,15:44:41,-21.3,
20250417,15:44:41,-21.2,
20250417,15:44:41,-21.1,
20250417,15:44:41,-21,
20250417,15:44:42,-21,
20250417,15:44:42,-21,
20250417,15:44:42,-21,
20250417,15:44:42,-21,
20250417,15:44:43,-21.1,
20250417,15:44:43,-21.3,
20250417,15:44:43,-21.4,
20250417,15:44:44,-21.4,
20250417,15:44:44,-21.4,
20250417,15:44:44,-21.3,
20250417,15:44:44,-21.4,
20250417,15:44:45,-21.3,
20250417,15:44:45,-21.3,
20250417,15:44:45,-21.3,
20250417,15:44:46,-21.4,
20250417,15:44:46,-21.5,
20250417,15:44:46,-21.7,
20250417,15:44:46,-21.6,
20250417,15:44:47,-21.7,
20250417,15:44:47,-21.7,
20250417,15:44:47,-21.7,
20250417,15:44:47,-21.7,
20250417,15:44:48,-21.8,
20250417,15:44:48,-22.2,
20250417,15:44:48,-22.6,
20250417,15:44:49,-22.9,
20250417,15:44:49,-22.8,
20250417,15:44:49,-22.6,
20250417,15:44:49,-22.3,
20250417,15:44:50,-22,
20250417,15:44:50,-21.9,
20250417,15:44:50,-21.8,
20250417,15:44:50,-21.7,
20250417,15:44:51,-21.6,
20250417,15:44:51,-21.7,
20250417,15:44:51,-21.7,
20250417,15:44:52,-21.7,
20250417,15:44:52,-21.7,
20250417,15:44:52,-21.7,
20250417,15:44:52,-21.7,
20250417,15:44:53,-21.9,
20250417,15:44:53,-21.8,
20250417,15:44:53,-21.8,
20250417,15:44:54,-21.9,
20250417,15:44:54,-21.8,
20250417,15:44:54,-21.7,
20250417,15:44:54,-21.7,
20250417,15:44:55,-21.7,
20250417,15:44:55,-21.7,
20250417,15:44:55,-22.1,
20250417,15:44:55,-22.9,
20250417,15:44:56,-23.8,
20250417,15:44:56,-24.1,
20250417,15:44:56,-23.8,
20250417,15:44:57,-23.4,
20250417,15:44:57,-22.9,
20250417,15:44:57,-22.5,
20250417,15:44:57,-22.2,
20250417,15:44:58,-22.1,
20250417,15:44:58,-22,
20250417,15:44:58,-22.1,
20250417,15:44:59,-22,
20250417,15:44:59,-22.1,
20250417,15:44:59,-22.1,
20250417,15:44:59,-22.1,
20250417,15:45:00,-22,
20250417,15:45:00,-22.1,
20250417,15:45:00,-22,
20250417,15:45:00,-22,
20250417,15:45:01,-22.1,
20250417,15:45:01,-22.1,
20250417,15:45:01,-22.3,
20250417,15:45:02,-22.7,
20250417,15:45:02,-23,
20250417,15:45:02,-23.5,
20250417,15:45:02,-23.8,
20250417,15:45:03,-23.9,
20250417,15:45:03,-23.8,
20250417,15:45:03,-23.6,
20250417,15:45:04,-23.2,
20250417,15:45:04,-22.9,
20250417,15:45:04,-22.7,
20250417,15:45:04,-22.5,
20250417,15:45:05,-22.3,
20250417,15:45:05,-22.3,
20250417,15:45:05,-22.3,
20250417,15:45:05,-22.3,
20250417,15:45:06,-22.2,
20250417,15:45:06,-22.3,
20250417,15:45:06,-22.2,
20250417,15:45:07,-22.3,
20250417,15:45:07,-22.3,
20250417,15:45:07,-22.4,
20250417,15:45:07,-22.3,
20250417,15:45:08,-22.4,
20250417,15:45:08,-22.5,
20250417,15:45:08,-22.7,
20250417,15:45:08,-23,
20250417,15:45:09,-23.3,
20250417,15:45:09,-23.4,
20250417,15:45:09,-23.3,
20250417,15:45:10,-23.2,
20250417,15:45:10,-23,
20250417,15:45:10,-22.9,
20250417,15:45:10,-22.8,
20250417,15:45:11,-22.6,
20250417,15:45:11,-22.6,
20250417,15:45:11,-22.4,
20250417,15:45:12,-22.4,
20250417,15:45:12,-22.3,
20250417,15:45:12,-22.3,
20250417,15:45:12,-22.3,
20250417,15:45:13,-22.3,
20250417,15:45:13,-22.3,
20250417,15:45:13,-22.3,
20250417,15:45:14,-22.2,
20250417,15:45:14,-22.3,
20250417,15:45:14,-22.2,
20250417,15:45:14,-22.2,
20250417,15:45:15,-22.3,
20250417,15:45:15,-22.2,
20250417,15:45:15,-22.3,
20250417,15:45:15,-22.3,
20250417,15:45:16,-22.3,
20250417,15:45:16,-22.1,
20250417,15:45:16,-22,
20250417,15:45:17,-21.9,
20250417,15:45:17,-21.7,
20250417,15:45:17,-21.6,
20250417,15:45:17,-21.4,
20250417,15:45:18,-21.1,
20250417,15:45:18,-21,
20250417,15:45:18,-21,
20250417,15:45:18,-21.1,
20250417,15:45:19,-21.2,
20250417,15:45:19,-21.2,
20250417,15:45:19,-21.3,
20250417,15:45:20,-21.2,
20250417,15:45:20,-21.3,
20250417,15:45:20,-21.3,
20250417,15:45:20,-21.2,
20250417,15:45:21,-21.3,
20250417,15:45:21,-21.2,
20250417,15:45:21,-21.2,
20250417,15:45:21,-21.1,
20250417,15:45:22,-21,
20250417,15:45:22,-21.1,
20250417,15:45:22,-21.1,
20250417,15:45:23,-21,
20250417,15:45:23,-20.9,
20250417,15:45:23,-20.9,
20250417,15:45:23,-21,
20250417,15:45:24,-21.2,
20250417,15:45:24,-21.2,
20250417,15:45:24,-21.2,
20250417,15:45:25,-21.2,
20250417,15:45:25,-21.1,
20250417,15:45:25,-21.1,
20250417,15:45:25,-21,
20250417,15:45:26,-21.1,
20250417,15:45:26,-20.8,
20250417,15:45:26,-20.8,
20250417,15:45:27,-20.8,
20250417,15:45:27,-20.8,
20250417,15:45:27,-20.7,
20250417,15:45:27,-20.7,
20250417,15:45:28,-20.6,
20250417,15:45:28,-20.6,
20250417,15:45:28,-20.5,
20250417,15:45:28,-20.6,
20250417,15:45:29,-20.8,
20250417,15:45:29,-21.1,
20250417,15:45:29,-21.4,
20250417,15:45:30,-21.8,
20250417,15:45:30,-22,
20250417,15:45:30,-22.1,
20250417,15:45:30,-22.1,
20250417,15:45:31,-22.1,
20250417,15:45:31,-21.9,
20250417,15:45:31,-21.8,
20250417,15:45:31,-21.7,
20250417,15:45:32,-21.6,
20250417,15:45:32,-21.5,
20250417,15:45:32,-21.4,
20250417,15:45:33,-21.3,
20250417,15:45:33,-21.3,
20250417,15:45:33,-21.2,
20250417,15:45:33,-21.2,
20250417,15:45:34,-21.2,
20250417,15:45:34,-21.1,
20250417,15:45:34,-21,
20250417,15:45:35,-21.1,
20250417,15:45:35,-21.2,
20250417,15:45:35,-21.2,
20250417,15:45:35,-21.2,
20250417,15:45:36,-21.3,
20250417,15:45:36,-21.5,
20250417,15:45:36,-21.7,
20250417,15:45:36,-21.7,
20250417,15:45:37,-21.6,
20250417,15:45:37,-21.6,
20250417,15:45:37,-21.5,
20250417,15:45:38,-21.4,
20250417,15:45:38,-21.3,
20250417,15:45:38,-21.3,
20250417,15:45:38,-21.2,
20250417,15:45:39,-21.2,
20250417,15:45:39,-21.2,
20250417,15:45:39,-21.1,
20250417,15:45:40,-21.1,
20250417,15:45:40,-21.1,
20250417,15:45:40,-21.1,
20250417,15:45:40,-20.9,
20250417,15:45:41,-21.1,
20250417,15:45:41,-21,
20250417,15:45:41,-20.8,
20250417,15:45:41,-20.8,
20250417,15:45:42,-20.8,
20250417,15:45:42,-21,
20250417,15:45:42,-21.1,
20250417,15:45:43,-21.2,
20250417,15:45:43,-21.2,
20250417,15:45:43,-21.2,
20250417,15:45:43,-21.2,
20250417,15:45:44,-21.2,
20250417,15:45:44,-21.1,
20250417,15:45:44,-21.1,
20250417,15:45:45,-21,
20250417,15:45:45,-20.9,
20250417,15:45:45,-20.8,
20250417,15:45:45,-20.8,
20250417,15:45:46,-20.8,
20250417,15:45:46,-20.7,
20250417,15:45:46,-20.6,
20250417,15:45:46,-20.6,
20250417,15:45:47,-20.6,
20250417,15:45:47,-20.9,
20250417,15:45:47,-21.3,
20250417,15:45:48,-21.7,
20250417,15:45:48,-21.9,
20250417,15:45:48,-21.9,
20250417,15:45:48,-21.8,
20250417,15:45:49,-21.7,
20250417,15:45:49,-21.6,
20250417,15:45:49,-21.4,
20250417,15:45:49,-21.3,
20250417,15:45:50,-21.2,
20250417,15:45:50,-21.2,
20250417,15:45:50,-21.2,
20250417,15:45:51,-21.1,
20250417,15:45:51,-21.1,
20250417,15:45:51,-21.1,
20250417,15:45:51,-21.1,
20250417,15:45:52,-21.1,
20250417,15:45:52,-21,
20250417,15:45:52,-20.9,
20250417,15:45:53,-20.9,
20250417,15:45:53,-20.9,
20250417,15:45:53,-20.9,
20250417,15:45:53,-20.8,
20250417,15:45:54,-20.7,
20250417,15:45:54,-20.6,
20250417,15:45:54,-20.6,
20250417,15:45:54,-20.4,
20250417,15:45:55,-20.4,
20250417,15:45:55,-20.5,
20250417,15:45:55,-20.6,
20250417,15:45:56,-20.7,
20250417,15:45:56,-20.7,
20250417,15:45:56,-20.6,
20250417,15:45:56,-20.6,
20250417,15:45:57,-20.5,
20250417,15:45:57,-20.4,
20250417,15:45:57,-20.4,
20250417,15:45:58,-20.3,
20250417,15:45:58,-20.4,
20250417,15:45:58,-20.3,
20250417,15:45:58,-20.2,
20250417,15:45:59,-20.2,
20250417,15:45:59,-20.1,
20250417,15:45:59,-20.3,
20250417,15:45:59,-20.7,
20250417,15:46:00,-21.3,
20250417,15:46:00,-22,
20250417,15:46:00,-22.5,
20250417,15:46:01,-22.6,
20250417,15:46:01,-22.6,
20250417,15:46:01,-22.6,
20250417,15:46:01,-22.6,
20250417,15:46:02,-22.7,
20250417,15:46:02,-22.7,
20250417,15:46:02,-22.5,
20250417,15:46:02,-22.1,
20250417,15:46:03,-21.8,
20250417,15:46:03,-21.5,
20250417,15:46:03,-21.4,
20250417,15:46:04,-21.3,
20250417,15:46:04,-21.3,
20250417,15:46:04,-21.2,
20250417,15:46:04,-21.4,
20250417,15:46:05,-21.6,
20250417,15:46:05,-22,
20250417,15:46:05,-22.5,
20250417,15:46:06,-22.9,
20250417,15:46:06,-23.1,
20250417,15:46:06,-23.3,
20250417,15:46:06,-23.6,
20250417,15:46:07,-23.7,
20250417,15:46:07,-23.6,
20250417,15:46:07,-23.4,
20250417,15:46:07,-23.2,
20250417,15:46:08,-23.1,
20250417,15:46:08,-22.9,
20250417,15:46:08,-22.9,
20250417,15:46:09,-22.9,
20250417,15:46:09,-22.9,
20250417,15:46:09,-23,
20250417,15:46:09,-23.3,
20250417,15:46:10,-23.8,
20250417,15:46:10,-24.1,
20250417,15:46:10,-24.1,
20250417,15:46:11,-24,
20250417,15:46:11,-23.8,
20250417,15:46:11,-23.8,
20250417,15:46:11,-24,
20250417,15:46:12,-24.3,
20250417,15:46:12,-24.3,
20250417,15:46:12,-24.1,
20250417,15:46:12,-23.8,
20250417,15:46:13,-23.7,
20250417,15:46:13,-23.4,
20250417,15:46:13,-23.2,
20250417,15:46:14,-23,
20250417,15:46:14,-23,
20250417,15:46:14,-23.3,
20250417,15:46:14,-23.8,
20250417,15:46:15,-24.2,
20250417,15:46:15,-24.2,
20250417,15:46:15,-23.8,
20250417,15:46:16,-23.5,
20250417,15:46:16,-23.2,
20250417,15:46:16,-23,
20250417,15:46:16,-23,
20250417,15:46:17,-23.1,
20250417,15:46:17,-23.3,
20250417,15:46:17,-23.5,
20250417,15:46:17,-23.6,
20250417,15:46:18,-23.7,
20250417,15:46:18,-23.8,
20250417,15:46:18,-23.8,
20250417,15:46:19,-24.2,
20250417,15:46:19,-24.8,
20250417,15:46:19,-25.5,
20250417,15:46:19,-25.5,
20250417,15:46:20,-24.9,
20250417,15:46:20,-24.2,
20250417,15:46:20,-23.4,
20250417,15:46:20,-22.7,
20250417,15:46:21,-22.1,
20250417,15:46:21,-22.1,
20250417,15:46:21,-22,
20250417,15:46:22,-22.1,
20250417,15:46:22,-22.3,
20250417,15:46:22,-22.6,
20250417,15:46:22,-22.9,
20250417,15:46:23,-23.1,
20250417,15:46:23,-23.2,
20250417,15:46:23,-23.2,
20250417,15:46:24,-23.3,
20250417,15:46:24,-23.9,
20250417,15:46:24,-24.4,
20250417,15:46:24,-24.3,
20250417,15:46:25,-23.6,
20250417,15:46:25,-22.9,
20250417,15:46:25,-22.4,
20250417,15:46:26,-22.1,
20250417,15:46:26,-22,
20250417,15:46:26,-22.1,
20250417,15:46:26,-22.1,
20250417,15:46:27,-22.4,
20250417,15:46:27,-22.7,
20250417,15:46:27,-22.9,
20250417,15:46:27,-23,
20250417,15:46:28,-23.2,
20250417,15:46:28,-23.3,
20250417,15:46:28,-23.5,
20250417,15:46:29,-23.5,
20250417,15:46:29,-23.6,
20250417,15:46:29,-23.6,
20250417,15:46:29,-23.7,
20250417,15:46:30,-23.7,
20250417,15:46:30,-23.7,
20250417,15:46:30,-23.7,
20250417,15:46:30,-23.7,
20250417,15:46:31,-23.8,
20250417,15:46:31,-23.8,
20250417,15:46:31,-23.8,
20250417,15:46:32,-23.8,
20250417,15:46:32,-23.8,
20250417,15:46:32,-24,
20250417,15:46:32,-24.2,
20250417,15:46:33,-24.5,
20250417,15:46:33,-24.7,
20250417,15:46:33,-24.9,
20250417,15:46:34,-24.7,
20250417,15:46:34,-24.6,
20250417,15:46:34,-24.6,
20250417,15:46:34,-24.7,
20250417,15:46:35,-24.5,
20250417,15:46:35,-24,
20250417,15:46:35,-23.6,
20250417,15:46:35,-23.2,
20250417,15:46:36,-22.9,
20250417,15:46:36,-22.9,
20250417,15:46:36,-22.9,
20250417,15:46:37,-22.9,
20250417,15:46:37,-23.1,
20250417,15:46:37,-23.2,
20250417,15:46:37,-23.4,
20250417,15:46:38,-23.4,
20250417,15:46:38,-23.5,
20250417,15:46:38,-23.5,
20250417,15:46:39,-23.6,
20250417,15:46:39,-23.8,
20250417,15:46:39,-23.8,
20250417,15:46:39,-23.8,
20250417,15:46:40,-23.9,
20250417,15:46:40,-24.2,
20250417,15:46:40,-24.7,
20250417,15:46:40,-25.3,
20250417,15:46:41,-25.3,
20250417,15:46:41,-25.3,
20250417,15:46:41,-25,
20250417,15:46:42,-24.1,
20250417,15:46:42,-23,
20250417,15:46:42,-22.1,
20250417,15:46:42,-21.4,
20250417,15:46:43,-21.1,
20250417,15:46:43,-21.2,
20250417,15:46:43,-21.2,
20250417,15:46:43,-21.5,
20250417,15:46:44,-21.9,
20250417,15:46:44,-22.1,
20250417,15:46:44,-22.6,
20250417,15:46:45,-22.9,
20250417,15:46:45,-23.2,
20250417,15:46:45,-23.4,
20250417,15:46:45,-23.6,
20250417,15:46:46,-23.6,
20250417,15:46:46,-23.8,
20250417,15:46:46,-23.8,
20250417,15:46:47,-23.9,
20250417,15:46:47,-24,
20250417,15:46:47,-24.2,
20250417,15:46:47,-24.5,
20250417,15:46:48,-24.6,
20250417,15:46:48,-24.6,
20250417,15:46:48,-24.5,
20250417,15:46:48,-24.4,
20250417,15:46:49,-24.3,
20250417,15:46:49,-24.2,
20250417,15:46:49,-24.2,
20250417,15:46:50,-24.2,
20250417,15:46:50,-24.2,
20250417,15:46:50,-24.1,
20250417,15:46:50,-24.1,
20250417,15:46:51,-23.9,
20250417,15:46:51,-23.9,
20250417,15:46:51,-23.9,
20250417,15:46:52,-24,
20250417,15:46:52,-23.9,
20250417,15:46:52,-24,
20250417,15:46:52,-24.1,
20250417,15:46:53,-24.2,
20250417,15:46:53,-24.1,
20250417,15:46:53,-24,
20250417,15:46:53,-23.9,
20250417,15:46:54,-23.8,
20250417,15:46:54,-23.8,
20250417,15:46:54,-23.9,
20250417,15:46:55,-23.7,
20250417,15:46:55,-23.8,
20250417,15:46:55,-24.1,
20250417,15:46:55,-24.6,
20250417,15:46:56,-25.5,
20250417,15:46:56,-25.9,
20250417,15:46:56,-25.6,
20250417,15:46:57,-25.3,
20250417,15:46:57,-24.9,
20250417,15:46:57,-24.6,
20250417,15:46:57,-24.4,
20250417,15:46:58,-24.2,
20250417,15:46:58,-23.8,
20250417,15:46:58,-23.2,
20250417,15:46:58,-22.9,
