静息,正性,中性,负性
15:19:04,15:20:47,15:21:52,15:26:20
,,,
CTP266,88:4A:EA:8B:D1:E6,,
,,,
,,,
,,,
,,,
,,,
,,,
20250428,15:14:09,-57.9,
20250428,15:14:09,-58.1,
20250428,15:14:09,-58.1,
20250428,15:14:10,-58.4,
20250428,15:14:10,-58.3,
20250428,15:14:10,-58.4,
20250428,15:14:10,-58.2,
20250428,15:14:11,-58.2,
20250428,15:14:11,-58.2,
20250428,15:14:11,-57.9,
20250428,15:14:12,-58,
20250428,15:14:12,-58.2,
20250428,15:14:12,-58.9,
20250428,15:14:12,-60.1,
20250428,15:14:13,-61.1,
20250428,15:14:13,-61.7,
20250428,15:14:13,-62.1,
20250428,15:14:13,-62.1,
20250428,15:14:14,-62,
20250428,15:14:14,-62.1,
20250428,15:14:14,-62.1,
20250428,15:14:15,-62.2,
20250428,15:14:15,-62.2,
20250428,15:14:15,-62.2,
20250428,15:14:15,-62.3,
20250428,15:14:16,-62.2,
20250428,15:14:16,-62.2,
20250428,15:14:16,-62.2,
20250428,15:14:16,-62.2,
20250428,15:14:17,-62.2,
20250428,15:14:17,-62,
20250428,15:14:17,-61.9,
20250428,15:14:18,-62,
20250428,15:14:18,-61.9,
20250428,15:14:18,-61.7,
20250428,15:14:18,-61.5,
20250428,15:14:19,-62.8,
20250428,15:14:19,-63.1,
20250428,15:14:19,-62.1,
20250428,15:14:20,-61.6,
20250428,15:14:20,-61.2,
20250428,15:14:20,-60.7,
20250428,15:14:20,-60.5,
20250428,15:14:21,-60.3,
20250428,15:14:21,-60.4,
20250428,15:14:21,-60.1,
20250428,15:14:22,-59.8,
20250428,15:14:22,-59.6,
20250428,15:14:22,-59.5,
20250428,15:14:22,-59.4,
20250428,15:14:23,-59.3,
20250428,15:14:23,-59.2,
20250428,15:14:23,-59.1,
20250428,15:14:23,-59,
20250428,15:14:24,-59,
20250428,15:14:24,-58.8,
20250428,15:14:24,-58.8,
20250428,15:14:25,-58.7,
20250428,15:14:25,-58.6,
20250428,15:14:25,-58.5,
20250428,15:14:25,-58.4,
20250428,15:14:26,-58.4,
20250428,15:14:26,-58.8,
20250428,15:14:26,-59.7,
20250428,15:14:26,-61.2,
20250428,15:14:27,-62.2,
20250428,15:14:27,-63.1,
20250428,15:14:27,-63.5,
20250428,15:14:28,-63.9,
20250428,15:14:28,-63.9,
20250428,15:14:28,-64,
20250428,15:14:28,-64.1,
20250428,15:14:29,-64,
20250428,15:14:29,-64,
20250428,15:14:29,-63.9,
20250428,15:14:30,-63.7,
20250428,15:14:30,-63.6,
20250428,15:14:30,-63.5,
20250428,15:14:30,-63.4,
20250428,15:14:31,-63.2,
20250428,15:14:31,-63.2,
20250428,15:14:31,-63.1,
20250428,15:14:31,-63,
20250428,15:14:32,-62.9,
20250428,15:14:32,-62.7,
20250428,15:14:32,-62.6,
20250428,15:14:33,-62.6,
20250428,15:14:33,-62.5,
20250428,15:14:33,-62.4,
20250428,15:14:33,-62.3,
20250428,15:14:34,-62.2,
20250428,15:14:34,-62.1,
20250428,15:14:34,-61.9,
20250428,15:14:35,-61.8,
20250428,15:14:35,-61.7,
20250428,15:14:35,-61.5,
20250428,15:14:35,-61.4,
20250428,15:14:36,-61.4,
20250428,15:14:36,-61.2,
20250428,15:14:36,-61,
20250428,15:14:36,-60.9,
20250428,15:14:37,-60.8,
20250428,15:14:37,-60.6,
20250428,15:14:37,-60.5,
20250428,15:14:38,-60.3,
20250428,15:14:38,-60.2,
20250428,15:14:38,-60.2,
20250428,15:14:38,-60.1,
20250428,15:14:39,-60,
20250428,15:14:39,-60,
20250428,15:14:39,-60,
20250428,15:14:39,-60.2,
20250428,15:14:40,-61.2,
20250428,15:14:40,-63.1,
20250428,15:14:40,-64.8,
20250428,15:14:41,-64.5,
20250428,15:14:41,-63,
20250428,15:14:41,-60.7,
20250428,15:14:41,-58.3,
20250428,15:14:42,-56,
20250428,15:14:42,-53.8,
20250428,15:14:42,-51.9,
20250428,15:14:43,-50.2,
20250428,15:14:43,-48.8,
20250428,15:14:43,-47.9,
20250428,15:14:43,-47.4,
20250428,15:14:44,-47.3,
20250428,15:14:44,-47.6,
20250428,15:14:44,-48.2,
20250428,15:14:44,-49.2,
20250428,15:14:45,-50.3,
20250428,15:14:45,-51.4,
20250428,15:14:45,-52.8,
20250428,15:14:46,-54.1,
20250428,15:14:46,-55.4,
20250428,15:14:46,-57.1,
20250428,15:14:46,-58.1,
20250428,15:14:47,-58.4,
20250428,15:14:47,-57.8,
20250428,15:14:47,-56.8,
20250428,15:14:48,-55.7,
20250428,15:14:48,-54.8,
20250428,15:14:48,-54.3,
20250428,15:14:48,-54,
20250428,15:14:49,-54,
20250428,15:14:49,-54.4,
20250428,15:14:49,-54.8,
20250428,15:14:49,-55.4,
20250428,15:14:50,-56,
20250428,15:14:50,-56.6,
20250428,15:14:50,-57.1,
20250428,15:14:51,-57.6,
20250428,15:14:51,-57.9,
20250428,15:14:51,-58.4,
20250428,15:14:51,-58.8,
20250428,15:14:52,-59,
20250428,15:14:52,-59.4,
20250428,15:14:52,-59.6,
20250428,15:14:53,-60.1,
20250428,15:14:53,-60.5,
20250428,15:14:53,-61.2,
20250428,15:14:53,-61.8,
20250428,15:14:54,-62.2,
20250428,15:14:54,-62.5,
20250428,15:14:54,-62.7,
20250428,15:14:54,-62.8,
20250428,15:14:55,-62.8,
20250428,15:14:55,-62.9,
20250428,15:14:55,-63,
20250428,15:14:56,-63.1,
20250428,15:14:56,-63.2,
20250428,15:14:56,-63.4,
20250428,15:14:56,-63.7,
20250428,15:14:57,-63.9,
20250428,15:14:57,-64.2,
20250428,15:14:57,-64.5,
20250428,15:14:57,-64.6,
20250428,15:14:58,-64.8,
20250428,15:14:58,-64.9,
20250428,15:14:58,-65,
20250428,15:14:59,-65.1,
20250428,15:14:59,-65.2,
20250428,15:14:59,-65.2,
20250428,15:14:59,-65.3,
20250428,15:15:00,-65.6,
20250428,15:15:00,-65.8,
20250428,15:15:00,-66.2,
20250428,15:15:01,-66.5,
20250428,15:15:01,-66.5,
20250428,15:15:01,-66.5,
20250428,15:15:01,-66.4,
20250428,15:15:02,-66.4,
20250428,15:15:02,-66.5,
20250428,15:15:02,-66.9,
20250428,15:15:03,-67.2,
20250428,15:15:03,-66.4,
20250428,15:15:03,-64.6,
20250428,15:15:03,-63,
20250428,15:15:04,-61.5,
20250428,15:15:04,-60.6,
20250428,15:15:04,-60.1,
20250428,15:15:04,-59.9,
20250428,15:15:05,-60.1,
20250428,15:15:05,-60.4,
20250428,15:15:05,-61,
20250428,15:15:06,-61.7,
20250428,15:15:06,-62.3,
20250428,15:15:06,-62.8,
20250428,15:15:06,-63.1,
20250428,15:15:07,-63.1,
20250428,15:15:07,-63,
20250428,15:15:07,-62.8,
20250428,15:15:07,-62.9,
20250428,15:15:08,-63.2,
20250428,15:15:08,-63.1,
20250428,15:15:08,-62.5,
20250428,15:15:09,-61.5,
20250428,15:15:09,-60.7,
20250428,15:15:09,-60.1,
20250428,15:15:09,-59.7,
20250428,15:15:10,-59.7,
20250428,15:15:10,-59.9,
20250428,15:15:10,-60.3,
20250428,15:15:11,-60.6,
20250428,15:15:11,-61.3,
20250428,15:15:11,-61.8,
20250428,15:15:11,-62.2,
20250428,15:15:12,-62.8,
20250428,15:15:12,-63.2,
20250428,15:15:12,-63.9,
20250428,15:15:12,-64.3,
20250428,15:15:13,-64.8,
20250428,15:15:13,-65.1,
20250428,15:15:13,-65.6,
20250428,15:15:14,-65.9,
20250428,15:15:14,-66.3,
20250428,15:15:14,-66.5,
20250428,15:15:14,-66.8,
20250428,15:15:15,-67.1,
20250428,15:15:15,-67.3,
20250428,15:15:15,-67.7,
20250428,15:15:16,-68,
20250428,15:15:16,-68.2,
20250428,15:15:16,-68.4,
20250428,15:15:16,-68.7,
20250428,15:15:17,-68.8,
20250428,15:15:17,-68.8,
20250428,15:15:17,-68.7,
20250428,15:15:17,-68.5,
20250428,15:15:18,-68.4,
20250428,15:15:18,-68.2,
20250428,15:15:18,-68.2,
20250428,15:15:19,-68.2,
20250428,15:15:19,-68.7,
20250428,15:15:19,-68.8,
20250428,15:15:19,-68.7,
20250428,15:15:20,-69,
20250428,15:15:20,-69,
20250428,15:15:20,-69.1,
20250428,15:15:20,-69,
20250428,15:15:21,-69.1,
20250428,15:15:21,-69.2,
20250428,15:15:21,-69,
20250428,15:15:22,-69,
20250428,15:15:22,-69,
20250428,15:15:22,-68.9,
20250428,15:15:22,-68.7,
20250428,15:15:23,-68.6,
20250428,15:15:23,-68.6,
20250428,15:15:23,-68.6,
20250428,15:15:24,-68.6,
20250428,15:15:24,-68.5,
20250428,15:15:24,-68.4,
20250428,15:15:24,-68.4,
20250428,15:15:25,-68.5,
20250428,15:15:25,-68.4,
20250428,15:15:25,-68.5,
20250428,15:15:25,-68.4,
20250428,15:15:26,-68.4,
20250428,15:15:26,-68.3,
20250428,15:15:26,-68.4,
20250428,15:15:27,-68.2,
20250428,15:15:27,-68.2,
20250428,15:15:27,-68.1,
20250428,15:15:27,-68,
20250428,15:15:28,-67.8,
20250428,15:15:28,-67.7,
20250428,15:15:28,-67.6,
20250428,15:15:29,-67.5,
20250428,15:15:29,-67.3,
20250428,15:15:29,-67.3,
20250428,15:15:29,-67.2,
20250428,15:15:30,-67.1,
20250428,15:15:30,-66.9,
20250428,15:15:30,-66.8,
20250428,15:15:30,-66.6,
20250428,15:15:31,-66.5,
20250428,15:15:31,-66.4,
20250428,15:15:31,-66.4,
20250428,15:15:32,-66.3,
20250428,15:15:32,-66.1,
20250428,15:15:32,-66,
20250428,15:15:32,-65.7,
20250428,15:15:33,-65.6,
20250428,15:15:33,-65.6,
20250428,15:15:33,-65.3,
20250428,15:15:34,-65.4,
20250428,15:15:34,-65.1,
20250428,15:15:34,-64.8,
20250428,15:15:34,-64.7,
20250428,15:15:35,-64.5,
20250428,15:15:35,-64.3,
20250428,15:15:35,-64.1,
20250428,15:15:35,-64,
20250428,15:15:36,-64.2,
20250428,15:15:36,-64.3,
20250428,15:15:36,-64.5,
20250428,15:15:37,-64.5,
20250428,15:15:37,-64.7,
20250428,15:15:37,-64.6,
20250428,15:15:37,-64.6,
20250428,15:15:38,-64.5,
20250428,15:15:38,-64.5,
20250428,15:15:38,-64.6,
20250428,15:15:38,-64.5,
20250428,15:15:39,-64.3,
20250428,15:15:39,-64.2,
20250428,15:15:39,-64,
20250428,15:15:40,-64,
20250428,15:15:40,-64.2,
20250428,15:15:40,-65.1,
20250428,15:15:40,-66.5,
20250428,15:15:41,-67.4,
20250428,15:15:41,-67.8,
20250428,15:15:41,-67.4,
20250428,15:15:42,-67.1,
20250428,15:15:42,-66.8,
20250428,15:15:42,-66.6,
20250428,15:15:42,-66.5,
20250428,15:15:43,-66.4,
20250428,15:15:43,-66.4,
20250428,15:15:43,-66.4,
20250428,15:15:44,-66.5,
20250428,15:15:44,-66.5,
20250428,15:15:44,-67.1,
20250428,15:15:44,-67.3,
20250428,15:15:45,-67.6,
20250428,15:15:45,-67.9,
20250428,15:15:45,-68.2,
20250428,15:15:45,-68.5,
20250428,15:15:46,-68.7,
20250428,15:15:46,-69,
20250428,15:15:46,-69.3,
20250428,15:15:47,-69.5,
20250428,15:15:47,-69.7,
20250428,15:15:47,-69.9,
20250428,15:15:47,-69.9,
20250428,15:15:48,-69.9,
20250428,15:15:48,-69.9,
20250428,15:15:48,-69.9,
20250428,15:15:48,-70,
20250428,15:15:49,-69.9,
20250428,15:15:49,-69.9,
20250428,15:15:49,-70,
20250428,15:15:50,-69.9,
20250428,15:15:50,-69.9,
20250428,15:15:50,-69.9,
20250428,15:15:50,-69.9,
20250428,15:15:51,-69.8,
20250428,15:15:51,-69.7,
20250428,15:15:51,-69.7,
20250428,15:15:52,-69.6,
20250428,15:15:52,-69.5,
20250428,15:15:52,-69.5,
20250428,15:15:52,-69.4,
20250428,15:15:53,-69.3,
20250428,15:15:53,-69.3,
20250428,15:15:53,-69.2,
20250428,15:15:53,-69.1,
20250428,15:15:54,-69,
20250428,15:15:54,-69,
20250428,15:15:54,-68.9,
20250428,15:15:55,-68.7,
20250428,15:15:55,-68.6,
20250428,15:15:55,-68.5,
20250428,15:15:55,-68.4,
20250428,15:15:56,-68.2,
20250428,15:15:56,-68.2,
20250428,15:15:56,-68,
20250428,15:15:57,-67.9,
20250428,15:15:57,-67.7,
20250428,15:15:57,-67.6,
20250428,15:15:57,-67.4,
20250428,15:15:58,-67.3,
20250428,15:15:58,-67.3,
20250428,15:15:58,-67,
20250428,15:15:58,-67,
20250428,15:15:59,-66.8,
20250428,15:15:59,-66.6,
20250428,15:15:59,-66.5,
20250428,15:16:00,-66.5,
20250428,15:16:00,-66.3,
20250428,15:16:00,-66.1,
20250428,15:16:00,-65.9,
20250428,15:16:01,-65.9,
20250428,15:16:01,-65.7,
20250428,15:16:01,-65.5,
20250428,15:16:01,-65.5,
20250428,15:16:02,-65.3,
20250428,15:16:02,-65.2,
20250428,15:16:02,-65.1,
20250428,15:16:03,-65,
20250428,15:16:03,-64.9,
20250428,15:16:03,-64.8,
20250428,15:16:03,-64.8,
20250428,15:16:04,-64.7,
20250428,15:16:04,-64.5,
20250428,15:16:04,-64.4,
20250428,15:16:05,-64.2,
20250428,15:16:05,-64,
20250428,15:16:05,-63.9,
20250428,15:16:05,-63.9,
20250428,15:16:06,-63.8,
20250428,15:16:06,-63.8,
20250428,15:16:06,-63.9,
20250428,15:16:06,-64.4,
20250428,15:16:07,-64.9,
20250428,15:16:07,-65.4,
20250428,15:16:07,-65.7,
20250428,15:16:08,-66.1,
20250428,15:16:08,-66.1,
20250428,15:16:08,-66.3,
20250428,15:16:08,-66.3,
20250428,15:16:09,-66.4,
20250428,15:16:09,-66.3,
20250428,15:16:09,-66.4,
20250428,15:16:10,-66.4,
20250428,15:16:10,-66.5,
20250428,15:16:10,-66.5,
20250428,15:16:10,-66.5,
20250428,15:16:11,-66.5,
20250428,15:16:11,-66.4,
20250428,15:16:11,-66.5,
20250428,15:16:11,-66.6,
20250428,15:16:12,-66.8,
20250428,15:16:12,-66.9,
20250428,15:16:12,-67,
20250428,15:16:13,-67,
20250428,15:16:13,-66.9,
20250428,15:16:13,-66.9,
20250428,15:16:13,-66.9,
20250428,15:16:14,-66.8,
20250428,15:16:14,-66.8,
20250428,15:16:14,-66.7,
20250428,15:16:15,-66.6,
20250428,15:16:15,-66.5,
20250428,15:16:15,-66.5,
20250428,15:16:15,-66.4,
20250428,15:16:16,-66.2,
20250428,15:16:16,-66.2,
20250428,15:16:16,-66.1,
20250428,15:16:16,-65.9,
20250428,15:16:17,-65.9,
20250428,15:16:17,-65.8,
20250428,15:16:17,-65.7,
20250428,15:16:18,-65.5,
20250428,15:16:18,-65.3,
20250428,15:16:18,-65.2,
20250428,15:16:18,-65.1,
20250428,15:16:19,-65,
20250428,15:16:19,-64.8,
20250428,15:16:19,-64.8,
20250428,15:16:19,-64.8,
20250428,15:16:20,-64.8,
20250428,15:16:20,-64.8,
20250428,15:16:20,-64.7,
20250428,15:16:21,-64.7,
20250428,15:16:21,-64.6,
20250428,15:16:21,-64.4,
20250428,15:16:21,-64.3,
20250428,15:16:22,-64.2,
20250428,15:16:22,-64.1,
20250428,15:16:22,-64,
20250428,15:16:23,-63.9,
20250428,15:16:23,-63.8,
20250428,15:16:23,-63.8,
20250428,15:16:23,-63.7,
20250428,15:16:24,-63.7,
20250428,15:16:24,-63.7,
20250428,15:16:24,-63.7,
20250428,15:16:25,-63.6,
20250428,15:16:25,-63.5,
20250428,15:16:25,-63.6,
20250428,15:16:25,-63.9,
20250428,15:16:26,-64.8,
20250428,15:16:26,-65.6,
20250428,15:16:26,-66.2,
20250428,15:16:26,-66.6,
20250428,15:16:27,-66.9,
20250428,15:16:27,-67.2,
20250428,15:16:27,-67.3,
20250428,15:16:28,-67.3,
20250428,15:16:28,-67.3,
20250428,15:16:28,-67.5,
20250428,15:16:28,-67.6,
20250428,15:16:29,-67.8,
20250428,15:16:29,-67.9,
20250428,15:16:29,-67.9,
20250428,15:16:29,-68,
20250428,15:16:30,-67.9,
20250428,15:16:30,-67.9,
20250428,15:16:30,-67.8,
20250428,15:16:31,-67.7,
20250428,15:16:31,-67.7,
20250428,15:16:31,-67.6,
20250428,15:16:31,-67.3,
20250428,15:16:32,-67.2,
20250428,15:16:32,-67.2,
20250428,15:16:32,-67.2,
20250428,15:16:33,-66.9,
20250428,15:16:33,-66,
20250428,15:16:33,-66.8,
20250428,15:16:33,-66.6,
20250428,15:16:34,-66.4,
20250428,15:16:34,-66.4,
20250428,15:16:34,-66.4,
20250428,15:16:34,-66.3,
20250428,15:16:35,-66.3,
20250428,15:16:35,-66.3,
20250428,15:16:35,-66.2,
20250428,15:16:36,-66.1,
20250428,15:16:36,-65.9,
20250428,15:16:36,-65.8,
20250428,15:16:36,-65.6,
20250428,15:16:37,-65.6,
20250428,15:16:37,-65.3,
20250428,15:16:37,-65.2,
20250428,15:16:38,-65.1,
20250428,15:16:38,-65,
20250428,15:16:38,-64.8,
20250428,15:16:38,-64.8,
20250428,15:16:39,-64.7,
20250428,15:16:39,-64.6,
20250428,15:16:39,-64.5,
20250428,15:16:39,-64.3,
20250428,15:16:40,-64.2,
20250428,15:16:40,-64.3,
20250428,15:16:40,-64.5,
20250428,15:16:41,-64.8,
20250428,15:16:41,-65,
20250428,15:16:41,-65.2,
20250428,15:16:41,-65.3,
20250428,15:16:42,-65.3,
20250428,15:16:42,-65.2,
20250428,15:16:42,-65.1,
20250428,15:16:42,-65.1,
20250428,15:16:43,-65.1,
20250428,15:16:43,-64.9,
20250428,15:16:43,-64.8,
20250428,15:16:44,-64.7,
20250428,15:16:44,-64.6,
20250428,15:16:44,-64.4,
20250428,15:16:44,-64.3,
20250428,15:16:45,-64.2,
20250428,15:16:45,-64.2,
20250428,15:16:45,-64.3,
20250428,15:16:46,-64.6,
20250428,15:16:46,-64.9,
20250428,15:16:46,-65.6,
20250428,15:16:46,-66.7,
20250428,15:16:47,-67.6,
20250428,15:16:47,-68.4,
20250428,15:16:47,-68.9,
20250428,15:16:47,-69.1,
20250428,15:16:48,-68.7,
20250428,15:16:48,-67.8,
20250428,15:16:48,-66.8,
20250428,15:16:49,-66,
20250428,15:16:49,-65.4,
20250428,15:16:49,-65.1,
20250428,15:16:49,-65,
20250428,15:16:50,-65.3,
20250428,15:16:50,-65.8,
20250428,15:16:50,-66.4,
20250428,15:16:51,-67,
20250428,15:16:51,-67.5,
20250428,15:16:51,-68.1,
20250428,15:16:51,-68.6,
20250428,15:16:52,-69,
20250428,15:16:52,-69.5,
20250428,15:16:52,-69.7,
20250428,15:16:52,-70,
20250428,15:16:53,-70.8,
20250428,15:16:53,-71.7,
20250428,15:16:53,-72.4,
20250428,15:16:54,-72.3,
20250428,15:16:54,-71.8,
20250428,15:16:54,-70.6,
20250428,15:16:54,-69.5,
20250428,15:16:55,-68.8,
20250428,15:16:55,-68.7,
20250428,15:16:55,-68.7,
20250428,15:16:56,-69,
20250428,15:16:56,-69.1,
20250428,15:16:56,-69.4,
20250428,15:16:56,-69.8,
20250428,15:16:57,-70.2,
20250428,15:16:57,-70.6,
20250428,15:16:57,-70.7,
20250428,15:16:57,-70.6,
20250428,15:16:58,-70.8,
20250428,15:16:58,-70.9,
20250428,15:16:58,-71.1,
20250428,15:16:59,-71.1,
20250428,15:16:59,-71.2,
20250428,15:16:59,-71.2,
20250428,15:16:59,-71.2,
20250428,15:17:00,-71.1,
20250428,15:17:00,-71.3,
20250428,15:17:00,-71.1,
20250428,15:17:00,-71,
20250428,15:17:01,-70.9,
20250428,15:17:01,-70.9,
20250428,15:17:01,-70.8,
20250428,15:17:02,-70.8,
20250428,15:17:02,-70.6,
20250428,15:17:02,-70.7,
20250428,15:17:02,-70.5,
20250428,15:17:03,-70.4,
20250428,15:17:03,-70.5,
20250428,15:17:03,-70.5,
20250428,15:17:04,-70.7,
20250428,15:17:04,-70.8,
20250428,15:17:04,-70.8,
20250428,15:17:04,-70.8,
20250428,15:17:05,-70.8,
20250428,15:17:05,-70.7,
20250428,15:17:05,-70.7,
20250428,15:17:05,-70.6,
20250428,15:17:06,-70.5,
20250428,15:17:06,-70.4,
20250428,15:17:06,-70.3,
20250428,15:17:07,-70.3,
20250428,15:17:07,-70.1,
20250428,15:17:07,-70,
20250428,15:17:07,-69.9,
20250428,15:17:08,-69.9,
20250428,15:17:08,-69.9,
20250428,15:17:08,-69.8,
20250428,15:17:09,-69.7,
20250428,15:17:09,-69.6,
20250428,15:17:09,-69.4,
20250428,15:17:09,-69.3,
20250428,15:17:10,-69.1,
20250428,15:17:10,-69.2,
20250428,15:17:10,-69.2,
20250428,15:17:10,-68.9,
20250428,15:17:11,-68.3,
20250428,15:17:11,-68.2,
20250428,15:17:11,-68.2,
20250428,15:17:12,-68.2,
20250428,15:17:12,-68,
20250428,15:17:12,-67.9,
20250428,15:17:12,-67.8,
20250428,15:17:13,-67.7,
20250428,15:17:13,-68.2,
20250428,15:17:13,-69.2,
20250428,15:17:14,-70.4,
20250428,15:17:14,-71.2,
20250428,15:17:14,-71.6,
20250428,15:17:14,-71.6,
20250428,15:17:15,-71.4,
20250428,15:17:15,-70.8,
20250428,15:17:15,-69.9,
20250428,15:17:15,-69.1,
20250428,15:17:16,-68.7,
20250428,15:17:16,-68.5,
20250428,15:17:16,-68.4,
20250428,15:17:17,-68.6,
20250428,15:17:17,-68.7,
20250428,15:17:17,-68.8,
20250428,15:17:17,-69,
20250428,15:17:18,-69.2,
20250428,15:17:18,-69.5,
20250428,15:17:18,-69.8,
20250428,15:17:18,-70.1,
20250428,15:17:19,-70.4,
20250428,15:17:19,-70.8,
20250428,15:17:19,-70.9,
20250428,15:17:20,-71.1,
20250428,15:17:20,-71.4,
20250428,15:17:20,-71.6,
20250428,15:17:20,-71.6,
20250428,15:17:21,-71.8,
20250428,15:17:21,-71.9,
20250428,15:17:21,-72,
20250428,15:17:22,-72.2,
20250428,15:17:22,-72.1,
20250428,15:17:22,-72.2,
20250428,15:17:22,-72.3,
20250428,15:17:23,-72.3,
20250428,15:17:23,-72.3,
20250428,15:17:23,-72.3,
20250428,15:17:23,-72.4,
20250428,15:17:24,-72.3,
20250428,15:17:24,-72.3,
20250428,15:17:24,-72.3,
20250428,15:17:25,-72.3,
20250428,15:17:25,-72.2,
20250428,15:17:25,-72.2,
20250428,15:17:25,-72.1,
20250428,15:17:26,-72,
20250428,15:17:26,-71.9,
20250428,15:17:26,-71.9,
20250428,15:17:27,-71.8,
20250428,15:17:27,-71.6,
20250428,15:17:27,-71.6,
20250428,15:17:27,-71.5,
20250428,15:17:28,-71.5,
20250428,15:17:28,-71.5,
20250428,15:17:28,-71.5,
20250428,15:17:28,-71.4,
20250428,15:17:29,-71.6,
20250428,15:17:29,-72,
20250428,15:17:29,-72.8,
20250428,15:17:30,-73.6,
20250428,15:17:30,-74.2,
20250428,15:17:30,-74.4,
20250428,15:17:30,-73.9,
20250428,15:17:31,-72.9,
20250428,15:17:31,-71.7,
20250428,15:17:31,-71,
20250428,15:17:31,-70.7,
20250428,15:17:32,-70.6,
20250428,15:17:32,-70.6,
20250428,15:17:32,-70.9,
20250428,15:17:33,-71.4,
20250428,15:17:33,-71.6,
20250428,15:17:33,-72,
20250428,15:17:33,-72.3,
20250428,15:17:34,-72.6,
20250428,15:17:34,-72.9,
20250428,15:17:34,-73.1,
20250428,15:17:35,-73.3,
20250428,15:17:35,-73.4,
20250428,15:17:35,-73.5,
20250428,15:17:35,-73.6,
20250428,15:17:36,-73.7,
20250428,15:17:36,-73.7,
20250428,15:17:36,-73.7,
20250428,15:17:37,-73.8,
20250428,15:17:37,-73.7,
20250428,15:17:37,-73.6,
20250428,15:17:37,-73.7,
20250428,15:17:38,-73.5,
20250428,15:17:38,-73.6,
20250428,15:17:38,-73.5,
20250428,15:17:38,-73.4,
20250428,15:17:39,-73.4,
20250428,15:17:39,-73.2,
20250428,15:17:39,-73.3,
20250428,15:17:40,-73.2,
20250428,15:17:40,-73.1,
20250428,15:17:40,-73,
20250428,15:17:40,-73,
20250428,15:17:41,-72.9,
20250428,15:17:41,-72.8,
20250428,15:17:41,-72.7,
20250428,15:17:41,-72.6,
20250428,15:17:42,-72.6,
20250428,15:17:42,-72.5,
20250428,15:17:42,-72.5,
20250428,15:17:43,-72.3,
20250428,15:17:43,-72.2,
20250428,15:17:43,-72.2,
20250428,15:17:43,-72.6,
20250428,15:17:44,-73.9,
20250428,15:17:44,-75.1,
20250428,15:17:44,-75.1,
20250428,15:17:45,-73.8,
20250428,15:17:45,-71.9,
20250428,15:17:45,-70,
20250428,15:17:45,-68.1,
20250428,15:17:46,-66.2,
20250428,15:17:46,-64.5,
20250428,15:17:46,-63.3,
20250428,15:17:46,-62.6,
20250428,15:17:47,-62.2,
20250428,15:17:47,-62.2,
20250428,15:17:47,-62.6,
20250428,15:17:48,-63.1,
20250428,15:17:48,-63.9,
20250428,15:17:48,-64.8,
20250428,15:17:48,-65.9,
20250428,15:17:49,-66.8,
20250428,15:17:49,-67.4,
20250428,15:17:49,-68,
20250428,15:17:50,-68.3,
20250428,15:17:50,-68.8,
20250428,15:17:50,-69.3,
20250428,15:17:50,-69.7,
20250428,15:17:51,-70.2,
20250428,15:17:51,-70.6,
20250428,15:17:51,-71.1,
20250428,15:17:51,-71.5,
20250428,15:17:52,-71.9,
20250428,15:17:52,-72.4,
20250428,15:17:52,-72.5,
20250428,15:17:53,-72.9,
20250428,15:17:53,-73.1,
20250428,15:17:53,-73.3,
20250428,15:17:53,-73.6,
20250428,15:17:54,-74.1,
20250428,15:17:54,-74.8,
20250428,15:17:54,-74.5,
20250428,15:17:54,-72,
20250428,15:17:55,-67.8,
20250428,15:17:55,-64,
20250428,15:17:55,-61.1,
20250428,15:17:56,-59.1,
20250428,15:17:56,-57.7,
20250428,15:17:56,-57.1,
20250428,15:17:56,-56.7,
20250428,15:17:57,-57.1,
20250428,15:17:57,-57.7,
20250428,15:17:57,-58.7,
20250428,15:17:58,-59.6,
20250428,15:17:58,-60.8,
20250428,15:17:58,-62.1,
20250428,15:17:58,-63.2,
20250428,15:17:59,-64.3,
20250428,15:17:59,-65.3,
20250428,15:17:59,-66,
20250428,15:17:59,-66.7,
20250428,15:18:00,-67.5,
20250428,15:18:00,-67.9,
20250428,15:18:00,-68.5,
20250428,15:18:01,-68.7,
20250428,15:18:01,-69.3,
20250428,15:18:01,-69.5,
20250428,15:18:01,-69.7,
20250428,15:18:02,-69.9,
20250428,15:18:02,-70.2,
20250428,15:18:02,-70.3,
20250428,15:18:03,-70.6,
20250428,15:18:03,-70.8,
20250428,15:18:03,-70.8,
20250428,15:18:03,-71,
20250428,15:18:04,-71.1,
20250428,15:18:04,-71.2,
20250428,15:18:04,-71.4,
20250428,15:18:04,-71.5,
20250428,15:18:05,-71.5,
20250428,15:18:05,-71.6,
20250428,15:18:05,-71.7,
20250428,15:18:06,-71.6,
20250428,15:18:06,-71.6,
20250428,15:18:06,-71.6,
20250428,15:18:06,-71.9,
20250428,15:18:07,-72.2,
20250428,15:18:07,-72.5,
20250428,15:18:07,-72.4,
20250428,15:18:08,-72.3,
20250428,15:18:08,-72.3,
20250428,15:18:08,-72.4,
20250428,15:18:08,-72.4,
20250428,15:18:09,-72.6,
20250428,15:18:09,-72.5,
20250428,15:18:09,-72.4,
20250428,15:18:09,-72.3,
20250428,15:18:10,-72.3,
20250428,15:18:10,-72.5,
20250428,15:18:10,-72.5,
20250428,15:18:11,-72.8,
20250428,15:18:11,-73.2,
20250428,15:18:11,-73.3,
20250428,15:18:11,-73.2,
20250428,15:18:12,-73.2,
20250428,15:18:12,-73.2,
20250428,15:18:12,-73.2,
20250428,15:18:12,-73.2,
20250428,15:18:13,-73,
20250428,15:18:13,-72.9,
20250428,15:18:13,-72.5,
20250428,15:18:14,-72.7,
20250428,15:18:14,-71.8,
20250428,15:18:14,-71.6,
20250428,15:18:14,-71.8,
20250428,15:18:15,-71.3,
20250428,15:18:15,-71.3,
20250428,15:18:15,-71.6,
20250428,15:18:16,-72.4,
20250428,15:18:16,-73.5,
20250428,15:18:16,-74.1,
20250428,15:18:16,-74,
20250428,15:18:17,-73.7,
20250428,15:18:17,-73,
20250428,15:18:17,-72.3,
20250428,15:18:18,-71.8,
20250428,15:18:18,-73,
20250428,15:18:18,-73.2,
20250428,15:18:18,-72.8,
20250428,15:18:19,-71.6,
20250428,15:18:19,-71.6,
20250428,15:18:19,-71.7,
20250428,15:18:19,-72.2,
20250428,15:18:20,-72.5,
20250428,15:18:20,-72.4,
20250428,15:18:20,-72.1,
20250428,15:18:21,-71.9,
20250428,15:18:21,-71.6,
20250428,15:18:21,-71.4,
20250428,15:18:21,-71.5,
20250428,15:18:22,-71.5,
20250428,15:18:22,-71.3,
20250428,15:18:22,-71.1,
20250428,15:18:22,-70.7,
20250428,15:18:23,-70.2,
20250428,15:18:23,-70.4,
20250428,15:18:23,-70.7,
20250428,15:18:24,-70.7,
20250428,15:18:24,-70.5,
20250428,15:18:24,-70.3,
20250428,15:18:24,-69.9,
20250428,15:18:25,-69.9,
20250428,15:18:25,-70,
20250428,15:18:25,-71.2,
20250428,15:18:26,-71.3,
20250428,15:18:26,-70.5,
20250428,15:18:26,-72.1,
20250428,15:18:26,-73.8,
20250428,15:18:27,-73.6,
20250428,15:18:27,-73,
20250428,15:18:27,-72.5,
20250428,15:18:27,-72.3,
20250428,15:18:28,-72,
20250428,15:18:28,-71.4,
20250428,15:18:28,-69.7,
20250428,15:18:29,-67.3,
20250428,15:18:29,-65.2,
20250428,15:18:29,-63.1,
20250428,15:18:29,-61.5,
20250428,15:18:30,-60.5,
20250428,15:18:30,-59.7,
20250428,15:18:30,-59.7,
20250428,15:18:31,-60.1,
20250428,15:18:31,-60.3,
20250428,15:18:31,-60.8,
20250428,15:18:31,-61.3,
20250428,15:18:32,-62,
20250428,15:18:32,-62.7,
20250428,15:18:32,-63.7,
20250428,15:18:32,-64.7,
20250428,15:18:33,-65.5,
20250428,15:18:33,-66.4,
20250428,15:18:33,-67.2,
20250428,15:18:34,-68.2,
20250428,15:18:34,-69,
20250428,15:18:34,-70.4,
20250428,15:18:34,-71.6,
20250428,15:18:35,-71.8,
20250428,15:18:35,-72.1,
20250428,15:18:35,-72.2,
20250428,15:18:35,-72.1,
20250428,15:18:36,-71.9,
20250428,15:18:36,-72.1,
20250428,15:18:36,-72.2,
20250428,15:18:37,-72.4,
20250428,15:18:37,-72.7,
20250428,15:18:37,-73.3,
20250428,15:18:37,-73.6,
20250428,15:18:38,-74.1,
20250428,15:18:38,-74.5,
20250428,15:18:38,-75.8,
20250428,15:18:39,-76.7,
20250428,15:18:39,-77.1,
20250428,15:18:39,-76.3,
20250428,15:18:39,-74.5,
20250428,15:18:40,-72.5,
20250428,15:18:40,-69.9,
20250428,15:18:40,-68.2,
20250428,15:18:40,-66.7,
20250428,15:18:41,-65.8,
20250428,15:18:41,-65.5,
20250428,15:18:41,-65.4,
20250428,15:18:42,-65.9,
20250428,15:18:42,-66.5,
20250428,15:18:42,-67.2,
20250428,15:18:42,-67.9,
20250428,15:18:43,-68.8,
20250428,15:18:43,-69.4,
20250428,15:18:43,-70.1,
20250428,15:18:44,-70.8,
20250428,15:18:44,-71.3,
20250428,15:18:44,-71.7,
20250428,15:18:44,-72.1,
20250428,15:18:45,-72.5,
20250428,15:18:45,-72.6,
20250428,15:18:45,-72.7,
20250428,15:18:45,-73,
20250428,15:18:46,-73.3,
20250428,15:18:46,-74.1,
20250428,15:18:46,-74.5,
20250428,15:18:47,-74.6,
20250428,15:18:47,-74.3,
20250428,15:18:47,-74.1,
20250428,15:18:47,-74.1,
20250428,15:18:48,-73.9,
20250428,15:18:48,-73.7,
20250428,15:18:48,-73.4,
20250428,15:18:49,-73.3,
20250428,15:18:49,-73.1,
20250428,15:18:49,-73,
20250428,15:18:49,-73.3,
20250428,15:18:50,-74.1,
20250428,15:18:50,-74.2,
20250428,15:18:50,-73.9,
20250428,15:18:50,-74,
20250428,15:18:51,-74.1,
20250428,15:18:51,-74.4,
20250428,15:18:51,-75,
20250428,15:18:52,-75.6,
20250428,15:18:52,-75.9,
20250428,15:18:52,-76.2,
20250428,15:18:52,-76.4,
20250428,15:18:53,-76.4,
20250428,15:18:53,-76.1,
20250428,15:18:53,-76.2,
20250428,15:18:53,-76.2,
20250428,15:18:54,-76,
20250428,15:18:54,-76.1,
20250428,15:18:54,-75.9,
20250428,15:18:55,-76,
20250428,15:18:55,-76,
20250428,15:18:55,-75.9,
20250428,15:18:55,-75.9,
20250428,15:18:56,-75.8,
20250428,15:18:56,-75.7,
20250428,15:18:56,-75.7,
20250428,15:18:57,-75.6,
20250428,15:18:57,-75.5,
20250428,15:18:57,-75.5,
20250428,15:18:57,-75.4,
20250428,15:18:58,-75.6,
20250428,15:18:58,-75.9,
20250428,15:18:58,-76.5,
20250428,15:18:59,-76.7,
20250428,15:18:59,-77.1,
20250428,15:18:59,-77.1,
20250428,15:18:59,-77,
20250428,15:19:00,-77,
20250428,15:19:00,-76.8,
20250428,15:19:00,-76.7,
20250428,15:19:00,-76.5,
20250428,15:19:01,-76.6,
20250428,15:19:01,-76.4,
20250428,15:19:01,-76.4,
20250428,15:19:02,-76.2,
20250428,15:19:02,-76.2,
20250428,15:19:02,-76.1,
20250428,15:19:02,-76,
20250428,15:19:03,-76.1,
20250428,15:19:03,-76,
20250428,15:19:03,-76.3,
20250428,15:19:03,-76.9,
20250428,15:19:04,-77,
20250428,15:19:04,-77.1,
20250428,15:19:04,-77,
20250428,15:19:05,-76.8,
20250428,15:19:05,-76.6,
20250428,15:19:05,-76.3,
20250428,15:19:05,-76,
20250428,15:19:06,-76,
20250428,15:19:06,-76.1,
20250428,15:19:06,-76,
20250428,15:19:07,-76,
20250428,15:19:07,-76,
20250428,15:19:07,-76,
20250428,15:19:07,-75.9,
20250428,15:19:08,-75.8,
20250428,15:19:08,-75.8,
20250428,15:19:08,-75.7,
20250428,15:19:08,-75.7,
20250428,15:19:09,-75.6,
20250428,15:19:09,-75.4,
20250428,15:19:09,-75.3,
20250428,15:19:10,-75.3,
20250428,15:19:10,-75.1,
20250428,15:19:10,-75,
20250428,15:19:10,-75,
20250428,15:19:11,-74.9,
20250428,15:19:11,-74.8,
20250428,15:19:11,-74.7,
20250428,15:19:12,-74.7,
20250428,15:19:12,-74.6,
20250428,15:19:12,-74.5,
20250428,15:19:12,-74.4,
20250428,15:19:13,-74.3,
20250428,15:19:13,-74.2,
20250428,15:19:13,-74.1,
20250428,15:19:13,-73.9,
20250428,15:19:14,-73.9,
20250428,15:19:14,-73.7,
20250428,15:19:14,-73.6,
20250428,15:19:15,-73.5,
20250428,15:19:15,-73.3,
20250428,15:19:15,-73.3,
20250428,15:19:15,-73.3,
20250428,15:19:16,-73.1,
20250428,15:19:16,-73.1,
20250428,15:19:16,-72.9,
20250428,15:19:16,-72.9,
20250428,15:19:17,-72.9,
20250428,15:19:17,-72.8,
20250428,15:19:17,-72.6,
20250428,15:19:18,-72.6,
20250428,15:19:18,-72.6,
20250428,15:19:18,-72.5,
20250428,15:19:18,-72.3,
20250428,15:19:19,-72.2,
20250428,15:19:19,-72.1,
20250428,15:19:19,-72,
20250428,15:19:20,-71.8,
20250428,15:19:20,-71.7,
20250428,15:19:20,-71.6,
20250428,15:19:20,-71.6,
20250428,15:19:21,-71.5,
20250428,15:19:21,-71.4,
20250428,15:19:21,-71.3,
20250428,15:19:21,-71.2,
20250428,15:19:22,-71.1,
20250428,15:19:22,-70.9,
20250428,15:19:22,-70.9,
20250428,15:19:23,-70.8,
20250428,15:19:23,-70.8,
20250428,15:19:23,-70.6,
20250428,15:19:23,-70.4,
20250428,15:19:24,-70.3,
20250428,15:19:24,-70.2,
20250428,15:19:24,-70.1,
20250428,15:19:25,-70,
20250428,15:19:25,-69.9,
20250428,15:19:25,-69.8,
20250428,15:19:25,-69.7,
20250428,15:19:26,-69.6,
20250428,15:19:26,-69.3,
20250428,15:19:26,-69.2,
20250428,15:19:26,-69,
20250428,15:19:27,-69,
20250428,15:19:27,-68.8,
20250428,15:19:27,-68.7,
20250428,15:19:28,-68.5,
20250428,15:19:28,-68.4,
20250428,15:19:28,-68.2,
20250428,15:19:28,-68.2,
20250428,15:19:29,-68.2,
20250428,15:19:29,-68,
20250428,15:19:29,-67.9,
20250428,15:19:30,-67.7,
20250428,15:19:30,-67.6,
20250428,15:19:30,-67.4,
20250428,15:19:30,-67.4,
20250428,15:19:31,-67.3,
20250428,15:19:31,-67.2,
20250428,15:19:31,-67.1,
20250428,15:19:31,-67.1,
20250428,15:19:32,-67.1,
20250428,15:19:32,-67,
20250428,15:19:32,-66.9,
20250428,15:19:33,-66.8,
20250428,15:19:33,-66.8,
20250428,15:19:33,-66.6,
20250428,15:19:33,-66.6,
20250428,15:19:34,-66.5,
20250428,15:19:34,-66.5,
20250428,15:19:34,-66.4,
20250428,15:19:34,-66.3,
20250428,15:19:35,-66.3,
20250428,15:19:35,-66.2,
20250428,15:19:35,-66.1,
20250428,15:19:36,-66.1,
20250428,15:19:36,-66.4,
20250428,15:19:36,-66.8,
20250428,15:19:36,-67.3,
20250428,15:19:37,-67.6,
20250428,15:19:37,-68,
20250428,15:19:37,-68.2,
20250428,15:19:38,-68.2,
20250428,15:19:38,-68.3,
20250428,15:19:38,-68.4,
20250428,15:19:38,-68.4,
20250428,15:19:39,-68.3,
20250428,15:19:39,-68.4,
20250428,15:19:39,-68.3,
20250428,15:19:40,-68.3,
20250428,15:19:40,-68.2,
20250428,15:19:40,-68.2,
20250428,15:19:40,-68.2,
20250428,15:19:41,-68.2,
20250428,15:19:41,-68.1,
20250428,15:19:41,-68.1,
20250428,15:19:41,-68,
20250428,15:19:42,-67.9,
20250428,15:19:42,-67.9,
20250428,15:19:42,-67.7,
20250428,15:19:43,-67.6,
20250428,15:19:43,-67.6,
20250428,15:19:43,-67.5,
20250428,15:19:43,-67.5,
20250428,15:19:44,-67.6,
20250428,15:19:44,-67.6,
20250428,15:19:44,-67.7,
20250428,15:19:44,-67.7,
20250428,15:19:45,-67.8,
20250428,15:19:45,-67.9,
20250428,15:19:45,-67.9,
20250428,15:19:46,-68,
20250428,15:19:46,-68.1,
20250428,15:19:46,-68.2,
20250428,15:19:46,-68.2,
20250428,15:19:47,-68.2,
20250428,15:19:47,-68.2,
20250428,15:19:47,-68.2,
20250428,15:19:48,-68.2,
20250428,15:19:48,-68.2,
20250428,15:19:48,-68.2,
20250428,15:19:48,-68.2,
20250428,15:19:49,-68.2,
20250428,15:19:49,-68.2,
20250428,15:19:49,-68.1,
20250428,15:19:49,-68,
20250428,15:19:50,-68,
20250428,15:19:50,-67.9,
20250428,15:19:50,-67.8,
20250428,15:19:51,-67.8,
20250428,15:19:51,-67.7,
20250428,15:19:51,-67.7,
20250428,15:19:51,-67.6,
20250428,15:19:52,-67.5,
20250428,15:19:52,-67.3,
20250428,15:19:52,-67.3,
20250428,15:19:53,-67.2,
20250428,15:19:53,-67.2,
20250428,15:19:53,-67.2,
20250428,15:19:53,-67.2,
20250428,15:19:54,-67.2,
20250428,15:19:54,-67.3,
20250428,15:19:54,-67.3,
20250428,15:19:54,-67.4,
20250428,15:19:55,-67.4,
20250428,15:19:55,-67.3,
20250428,15:19:55,-67.3,
20250428,15:19:56,-67.2,
20250428,15:19:56,-67.2,
20250428,15:19:56,-67.1,
20250428,15:19:56,-67,
20250428,15:19:57,-66.8,
20250428,15:19:57,-66.8,
20250428,15:19:57,-66.6,
20250428,15:19:57,-66.7,
20250428,15:19:58,-66.5,
20250428,15:19:58,-66.5,
20250428,15:19:58,-66.4,
20250428,15:19:59,-66.4,
20250428,15:19:59,-66.4,
20250428,15:19:59,-66.3,
20250428,15:19:59,-66.3,
20250428,15:20:00,-66.3,
20250428,15:20:00,-66.2,
20250428,15:20:00,-66.2,
20250428,15:20:01,-66.1,
20250428,15:20:01,-66,
20250428,15:20:01,-66,
20250428,15:20:01,-65.9,
20250428,15:20:02,-65.9,
20250428,15:20:02,-65.8,
20250428,15:20:02,-65.7,
20250428,15:20:02,-65.7,
20250428,15:20:03,-65.8,
20250428,15:20:03,-65.8,
20250428,15:20:03,-66.3,
20250428,15:20:04,-67.3,
20250428,15:20:04,-68.9,
20250428,15:20:04,-70,
20250428,15:20:04,-70,
20250428,15:20:05,-69.4,
20250428,15:20:05,-68.4,
20250428,15:20:05,-67.3,
20250428,15:20:06,-65.8,
20250428,15:20:06,-64.4,
20250428,15:20:06,-63.2,
20250428,15:20:06,-62.2,
20250428,15:20:07,-61.4,
20250428,15:20:07,-60.8,
20250428,15:20:07,-60.5,
20250428,15:20:07,-60.5,
20250428,15:20:08,-60.6,
20250428,15:20:08,-61,
20250428,15:20:08,-61.4,
20250428,15:20:09,-61.9,
20250428,15:20:09,-62.2,
20250428,15:20:09,-62.7,
20250428,15:20:09,-63.1,
20250428,15:20:10,-63.9,
20250428,15:20:10,-64.7,
20250428,15:20:10,-65.6,
20250428,15:20:11,-66.4,
20250428,15:20:11,-67.4,
20250428,15:20:11,-68.3,
20250428,15:20:11,-69.3,
20250428,15:20:12,-70,
20250428,15:20:12,-70.9,
20250428,15:20:12,-71.7,
20250428,15:20:12,-72.4,
20250428,15:20:13,-72.9,
20250428,15:20:13,-73.3,
20250428,15:20:13,-73.8,
20250428,15:20:14,-74.2,
20250428,15:20:14,-74.4,
20250428,15:20:14,-74.6,
20250428,15:20:14,-74.8,
20250428,15:20:15,-75,
20250428,15:20:15,-75,
20250428,15:20:15,-75.1,
20250428,15:20:15,-75.1,
20250428,15:20:16,-75.1,
20250428,15:20:16,-75.1,
20250428,15:20:16,-75.1,
20250428,15:20:17,-75.1,
20250428,15:20:17,-75.1,
20250428,15:20:17,-75,
20250428,15:20:17,-75,
20250428,15:20:18,-74.9,
20250428,15:20:18,-74.9,
20250428,15:20:18,-74.7,
20250428,15:20:19,-74.7,
20250428,15:20:19,-74.6,
20250428,15:20:19,-74.5,
20250428,15:20:19,-74.4,
20250428,15:20:20,-74.3,
20250428,15:20:20,-74.2,
20250428,15:20:20,-74.1,
20250428,15:20:20,-74,
20250428,15:20:21,-73.8,
20250428,15:20:21,-73.7,
20250428,15:20:21,-73.6,
20250428,15:20:22,-73.4,
20250428,15:20:22,-73.3,
20250428,15:20:22,-73.2,
20250428,15:20:22,-73.1,
20250428,15:20:23,-73,
20250428,15:20:23,-72.9,
20250428,15:20:23,-72.7,
20250428,15:20:24,-72.7,
20250428,15:20:24,-72.6,
20250428,15:20:24,-72.5,
20250428,15:20:24,-72.5,
20250428,15:20:25,-72.4,
20250428,15:20:25,-72.2,
20250428,15:20:25,-72.1,
20250428,15:20:25,-72,
20250428,15:20:26,-71.8,
20250428,15:20:26,-71.6,
20250428,15:20:26,-71.4,
20250428,15:20:27,-71.3,
20250428,15:20:27,-71.1,
20250428,15:20:27,-71.3,
20250428,15:20:27,-71.3,
20250428,15:20:28,-71.7,
20250428,15:20:28,-72.6,
20250428,15:20:28,-73.6,
20250428,15:20:29,-74.4,
20250428,15:20:29,-75,
20250428,15:20:29,-75.4,
20250428,15:20:29,-75.8,
20250428,15:20:30,-75.9,
20250428,15:20:30,-76,
20250428,15:20:30,-76.2,
20250428,15:20:30,-76.3,
20250428,15:20:31,-76.1,
20250428,15:20:31,-75.7,
20250428,15:20:31,-75.5,
20250428,15:20:32,-75.3,
20250428,15:20:32,-75.2,
20250428,15:20:32,-75.2,
20250428,15:20:32,-75.4,
20250428,15:20:33,-76,
20250428,15:20:33,-76.5,
20250428,15:20:33,-76,
20250428,15:20:33,-74.4,
20250428,15:20:34,-72.5,
20250428,15:20:34,-70.9,
20250428,15:20:34,-69.8,
20250428,15:20:35,-69.1,
20250428,15:20:35,-68.9,
20250428,15:20:35,-69,
20250428,15:20:35,-69.4,
20250428,15:20:36,-70,
20250428,15:20:36,-70.8,
20250428,15:20:36,-71.6,
20250428,15:20:37,-72.5,
20250428,15:20:37,-73.2,
20250428,15:20:37,-73.8,
20250428,15:20:37,-74.2,
20250428,15:20:38,-74.6,
20250428,15:20:38,-75,
20250428,15:20:38,-75.2,
20250428,15:20:38,-75.5,
20250428,15:20:39,-75.8,
20250428,15:20:39,-76,
20250428,15:20:39,-76.2,
20250428,15:20:40,-76.5,
20250428,15:20:40,-76.7,
20250428,15:20:40,-76.9,
20250428,15:20:40,-77.2,
20250428,15:20:41,-77.4,
20250428,15:20:41,-77.5,
20250428,15:20:41,-77.6,
20250428,15:20:42,-77.8,
20250428,15:20:42,-77.9,
20250428,15:20:42,-78,
20250428,15:20:42,-78.2,
20250428,15:20:43,-78.2,
20250428,15:20:43,-78.1,
20250428,15:20:43,-77.9,
20250428,15:20:43,-77.6,
20250428,15:20:44,-77.8,
20250428,15:20:44,-77.9,
20250428,15:20:44,-78,
20250428,15:20:45,-78.2,
20250428,15:20:45,-78.4,
20250428,15:20:45,-78.5,
20250428,15:20:45,-78.6,
20250428,15:20:46,-78.8,
20250428,15:20:46,-78.8,
20250428,15:20:46,-78.8,
20250428,15:20:47,-78.8,
20250428,15:20:47,-78.8,
20250428,15:20:47,-78.9,
20250428,15:20:47,-78.9,
20250428,15:20:48,-78.9,
20250428,15:20:48,-78.8,
20250428,15:20:48,-78.9,
20250428,15:20:48,-78.8,
20250428,15:20:49,-78.8,
20250428,15:20:49,-78.8,
20250428,15:20:49,-78.7,
20250428,15:20:50,-78.6,
20250428,15:20:50,-78.5,
20250428,15:20:50,-78.5,
20250428,15:20:50,-78.4,
20250428,15:20:51,-78.3,
20250428,15:20:51,-78.3,
20250428,15:20:51,-78.1,
20250428,15:20:52,-78,
20250428,15:20:52,-78,
20250428,15:20:52,-78,
20250428,15:20:52,-78.3,
20250428,15:20:53,-78.7,
20250428,15:20:53,-79.3,
20250428,15:20:53,-79.6,
20250428,15:20:53,-79.8,
20250428,15:20:54,-80,
20250428,15:20:54,-79.9,
20250428,15:20:54,-79.9,
20250428,15:20:55,-79.8,
20250428,15:20:55,-79.8,
20250428,15:20:55,-79.6,
20250428,15:20:55,-79.6,
20250428,15:20:56,-79.5,
20250428,15:20:56,-79.5,
20250428,15:20:56,-79.3,
20250428,15:20:56,-79.3,
20250428,15:20:57,-79.3,
20250428,15:20:57,-79.2,
20250428,15:20:57,-79.1,
20250428,15:20:58,-79,
20250428,15:20:58,-78.9,
20250428,15:20:58,-78.8,
20250428,15:20:58,-78.7,
20250428,15:20:59,-78.6,
20250428,15:20:59,-78.5,
20250428,15:20:59,-78.4,
20250428,15:21:00,-78.4,
20250428,15:21:00,-78.3,
20250428,15:21:00,-78.1,
20250428,15:21:00,-78,
20250428,15:21:01,-77.9,
20250428,15:21:01,-77.8,
20250428,15:21:01,-77.6,
20250428,15:21:01,-77.6,
20250428,15:21:02,-77.5,
20250428,15:21:02,-77.4,
20250428,15:21:02,-77.3,
20250428,15:21:03,-77.1,
20250428,15:21:03,-77.3,
20250428,15:21:03,-77.3,
20250428,15:21:03,-77.5,
20250428,15:21:04,-77.6,
20250428,15:21:04,-77.4,
20250428,15:21:04,-77.1,
20250428,15:21:05,-76.7,
20250428,15:21:05,-76.5,
20250428,15:21:05,-76.1,
20250428,15:21:05,-75.9,
20250428,15:21:06,-75.9,
20250428,15:21:06,-75.6,
20250428,15:21:06,-75.4,
20250428,15:21:06,-75.3,
20250428,15:21:07,-75.1,
20250428,15:21:07,-75,
20250428,15:21:07,-74.9,
20250428,15:21:08,-74.7,
20250428,15:21:08,-74.6,
20250428,15:21:08,-74.5,
20250428,15:21:08,-74.3,
20250428,15:21:09,-74.2,
20250428,15:21:09,-74.2,
20250428,15:21:09,-73.9,
20250428,15:21:10,-73.8,
20250428,15:21:10,-73.6,
20250428,15:21:10,-73.2,
20250428,15:21:10,-73.3,
20250428,15:21:11,-73.9,
20250428,15:21:11,-74.7,
20250428,15:21:11,-75.6,
20250428,15:21:11,-76.4,
20250428,15:21:12,-76.9,
20250428,15:21:12,-77.1,
20250428,15:21:12,-77.3,
20250428,15:21:13,-77.3,
20250428,15:21:13,-77.3,
20250428,15:21:13,-77.2,
20250428,15:21:13,-77.3,
20250428,15:21:14,-77.3,
20250428,15:21:14,-77.3,
20250428,15:21:14,-77.1,
20250428,15:21:14,-77.1,
20250428,15:21:15,-77.1,
20250428,15:21:15,-77,
20250428,15:21:15,-76.9,
20250428,15:21:16,-76.8,
20250428,15:21:16,-76.7,
20250428,15:21:16,-76.7,
20250428,15:21:16,-76.7,
20250428,15:21:17,-76.5,
20250428,15:21:17,-76.4,
20250428,15:21:17,-76.2,
20250428,15:21:18,-76.1,
20250428,15:21:18,-76,
20250428,15:21:18,-75.9,
20250428,15:21:18,-75.9,
20250428,15:21:19,-75.7,
20250428,15:21:19,-75.6,
20250428,15:21:19,-75.5,
20250428,15:21:19,-75.3,
20250428,15:21:20,-75.1,
20250428,15:21:20,-75,
20250428,15:21:20,-75,
20250428,15:21:21,-74.8,
20250428,15:21:21,-74.7,
20250428,15:21:21,-74.5,
20250428,15:21:21,-74.4,
20250428,15:21:22,-74.3,
20250428,15:21:22,-74.2,
20250428,15:21:22,-74,
20250428,15:21:23,-73.9,
20250428,15:21:23,-73.7,
20250428,15:21:23,-73.6,
20250428,15:21:23,-73.4,
20250428,15:21:24,-73.3,
20250428,15:21:24,-73.2,
20250428,15:21:24,-73,
20250428,15:21:24,-72.9,
20250428,15:21:25,-72.7,
20250428,15:21:25,-72.6,
20250428,15:21:25,-72.5,
20250428,15:21:26,-72.3,
20250428,15:21:26,-72.2,
20250428,15:21:26,-72,
20250428,15:21:26,-71.8,
20250428,15:21:27,-71.7,
20250428,15:21:27,-71.6,
20250428,15:21:27,-71.4,
20250428,15:21:27,-71.2,
20250428,15:21:28,-71,
20250428,15:21:28,-70.9,
20250428,15:21:28,-70.8,
20250428,15:21:29,-70.5,
20250428,15:21:29,-70.5,
20250428,15:21:29,-70.3,
20250428,15:21:29,-70.2,
20250428,15:21:30,-70,
20250428,15:21:30,-69.9,
20250428,15:21:30,-69.8,
20250428,15:21:31,-69.6,
20250428,15:21:31,-69.5,
20250428,15:21:31,-69.3,
20250428,15:21:31,-69.1,
20250428,15:21:32,-69,
20250428,15:21:32,-69,
20250428,15:21:32,-68.8,
20250428,15:21:33,-68.7,
20250428,15:21:33,-68.5,
20250428,15:21:33,-68.3,
20250428,15:21:33,-68.2,
20250428,15:21:34,-68.2,
20250428,15:21:34,-68,
20250428,15:21:34,-67.9,
20250428,15:21:34,-67.8,
20250428,15:21:35,-67.6,
20250428,15:21:35,-67.5,
20250428,15:21:35,-67.4,
20250428,15:21:36,-67.3,
20250428,15:21:36,-67.3,
20250428,15:21:36,-67.1,
20250428,15:21:36,-67,
20250428,15:21:37,-66.8,
20250428,15:21:37,-66.7,
20250428,15:21:37,-66.6,
20250428,15:21:37,-66.5,
20250428,15:21:38,-66.4,
20250428,15:21:38,-65.8,
20250428,15:21:38,-66,
20250428,15:21:39,-66.1,
20250428,15:21:39,-66.1,
20250428,15:21:39,-66,
20250428,15:21:39,-66,
20250428,15:21:40,-66.2,
20250428,15:21:40,-66.4,
20250428,15:21:40,-66.5,
20250428,15:21:41,-66.6,
20250428,15:21:41,-66.7,
20250428,15:21:41,-66.8,
20250428,15:21:41,-66.9,
20250428,15:21:42,-67,
20250428,15:21:42,-67.1,
20250428,15:21:42,-67.2,
20250428,15:21:42,-67.3,
20250428,15:21:43,-67.3,
20250428,15:21:43,-67.3,
20250428,15:21:43,-67.4,
20250428,15:21:44,-67.5,
20250428,15:21:44,-67.6,
20250428,15:21:44,-67.7,
20250428,15:21:44,-67.7,
20250428,15:21:45,-67.7,
20250428,15:21:45,-67.8,
20250428,15:21:45,-67.8,
20250428,15:21:46,-67.8,
20250428,15:21:46,-67.8,
20250428,15:21:46,-67.7,
20250428,15:21:46,-67.6,
20250428,15:21:47,-67.6,
20250428,15:21:47,-67.6,
20250428,15:21:47,-67.5,
20250428,15:21:47,-67.5,
20250428,15:21:48,-67.5,
20250428,15:21:48,-67.4,
20250428,15:21:48,-67.4,
20250428,15:21:49,-67.5,
20250428,15:21:49,-67.6,
20250428,15:21:49,-67.7,
20250428,15:21:49,-67.8,
20250428,15:21:50,-67.8,
20250428,15:21:50,-67.8,
20250428,15:21:50,-67.9,
20250428,15:21:51,-67.8,
20250428,15:21:51,-67.7,
20250428,15:21:51,-67.7,
20250428,15:21:51,-67.6,
20250428,15:21:52,-67.5,
20250428,15:21:52,-67.5,
20250428,15:21:52,-67.4,
20250428,15:21:52,-67.2,
20250428,15:21:53,-67.5,
20250428,15:21:53,-68.4,
20250428,15:21:53,-69.7,
20250428,15:21:54,-71.2,
20250428,15:21:54,-72.3,
20250428,15:21:54,-72.9,
20250428,15:21:54,-73.3,
20250428,15:21:55,-73.3,
20250428,15:21:55,-73.4,
20250428,15:21:55,-73.6,
20250428,15:21:55,-73.7,
20250428,15:21:56,-73.9,
20250428,15:21:56,-74,
20250428,15:21:56,-74.2,
20250428,15:21:57,-74.3,
20250428,15:21:57,-74.3,
20250428,15:21:57,-74.4,
20250428,15:21:57,-74.4,
20250428,15:21:58,-74.3,
20250428,15:21:58,-74.3,
20250428,15:21:58,-74.3,
20250428,15:21:59,-74.4,
20250428,15:21:59,-74.3,
20250428,15:21:59,-74.1,
20250428,15:21:59,-73.9,
20250428,15:22:00,-73.7,
20250428,15:22:00,-73.6,
20250428,15:22:00,-73.4,
20250428,15:22:00,-73.3,
20250428,15:22:01,-73.2,
20250428,15:22:01,-73,
20250428,15:22:01,-72.9,
20250428,15:22:02,-72.8,
20250428,15:22:02,-72.6,
20250428,15:22:02,-72.6,
20250428,15:22:02,-72.5,
20250428,15:22:03,-72.4,
20250428,15:22:03,-72.3,
20250428,15:22:03,-72.1,
20250428,15:22:04,-72,
20250428,15:22:04,-72,
20250428,15:22:04,-72,
20250428,15:22:04,-72.1,
20250428,15:22:05,-72.2,
20250428,15:22:05,-72.4,
20250428,15:22:05,-72.5,
20250428,15:22:05,-72.5,
20250428,15:22:06,-72.5,
20250428,15:22:06,-72.5,
20250428,15:22:06,-72.5,
20250428,15:22:07,-72.5,
20250428,15:22:07,-72.4,
20250428,15:22:07,-72.2,
20250428,15:22:07,-72,
20250428,15:22:08,-72,
20250428,15:22:08,-71.8,
20250428,15:22:08,-71.6,
20250428,15:22:08,-71.5,
20250428,15:22:09,-71.3,
20250428,15:22:09,-71.2,
20250428,15:22:09,-71,
20250428,15:22:10,-70.9,
20250428,15:22:10,-70.7,
20250428,15:22:10,-70.5,
20250428,15:22:10,-70.4,
20250428,15:22:11,-70.3,
20250428,15:22:11,-70.1,
20250428,15:22:11,-69.9,
20250428,15:22:12,-69.8,
20250428,15:22:12,-69.6,
20250428,15:22:12,-69.6,
20250428,15:22:12,-69.3,
20250428,15:22:13,-69.2,
20250428,15:22:13,-69,
20250428,15:22:13,-69,
20250428,15:22:14,-68.7,
20250428,15:22:14,-68.7,
20250428,15:22:14,-68.5,
20250428,15:22:14,-68.3,
20250428,15:22:15,-68.2,
20250428,15:22:15,-68.2,
20250428,15:22:15,-68,
20250428,15:22:15,-67.9,
20250428,15:22:16,-67.9,
20250428,15:22:16,-67.8,
20250428,15:22:16,-67.6,
20250428,15:22:17,-67.5,
20250428,15:22:17,-67.4,
20250428,15:22:17,-67.3,
20250428,15:22:17,-67.2,
20250428,15:22:18,-67,
20250428,15:22:18,-67,
20250428,15:22:18,-67.1,
20250428,15:22:18,-67.3,
20250428,15:22:19,-67.7,
20250428,15:22:19,-68.2,
20250428,15:22:19,-68.5,
20250428,15:22:20,-68.9,
20250428,15:22:20,-69,
20250428,15:22:20,-69.2,
20250428,15:22:20,-69.3,
20250428,15:22:21,-69.4,
20250428,15:22:21,-69.4,
20250428,15:22:21,-69.4,
20250428,15:22:22,-69.4,
20250428,15:22:22,-69.3,
20250428,15:22:22,-69.4,
20250428,15:22:22,-69.4,
20250428,15:22:23,-69.4,
20250428,15:22:23,-69.4,
20250428,15:22:23,-69.4,
20250428,15:22:23,-69.3,
20250428,15:22:24,-69.3,
20250428,15:22:24,-69.2,
20250428,15:22:24,-69.1,
20250428,15:22:25,-69,
20250428,15:22:25,-69,
20250428,15:22:25,-68.9,
20250428,15:22:25,-68.8,
20250428,15:22:26,-68.7,
20250428,15:22:26,-68.6,
20250428,15:22:26,-68.5,
20250428,15:22:27,-68.3,
20250428,15:22:27,-68.3,
20250428,15:22:27,-68.2,
20250428,15:22:27,-68.2,
20250428,15:22:28,-68,
20250428,15:22:28,-68,
20250428,15:22:28,-67.9,
20250428,15:22:28,-67.8,
20250428,15:22:29,-67.8,
20250428,15:22:29,-67.6,
20250428,15:22:29,-67.5,
20250428,15:22:30,-67.5,
20250428,15:22:30,-67.4,
20250428,15:22:30,-67.3,
20250428,15:22:30,-67.3,
20250428,15:22:31,-67.2,
20250428,15:22:31,-67.1,
20250428,15:22:31,-67.2,
20250428,15:22:31,-67.4,
20250428,15:22:32,-68.1,
20250428,15:22:32,-69,
20250428,15:22:32,-70,
20250428,15:22:33,-71,
20250428,15:22:33,-71.7,
20250428,15:22:33,-72.3,
20250428,15:22:33,-72.7,
20250428,15:22:34,-72.9,
20250428,15:22:34,-73.2,
20250428,15:22:34,-73.3,
20250428,15:22:35,-73.5,
20250428,15:22:35,-73.6,
20250428,15:22:35,-73.7,
20250428,15:22:35,-73.7,
20250428,15:22:36,-73.7,
20250428,15:22:36,-73.5,
20250428,15:22:36,-73.5,
20250428,15:22:36,-73.4,
20250428,15:22:37,-73.3,
20250428,15:22:37,-73.2,
20250428,15:22:37,-73.1,
20250428,15:22:38,-73,
20250428,15:22:38,-72.8,
20250428,15:22:38,-72.7,
20250428,15:22:38,-72.5,
20250428,15:22:39,-72.5,
20250428,15:22:39,-72.4,
20250428,15:22:39,-72.3,
20250428,15:22:40,-72.1,
20250428,15:22:40,-72,
20250428,15:22:40,-71.8,
20250428,15:22:40,-71.7,
20250428,15:22:41,-71.6,
20250428,15:22:41,-71.5,
20250428,15:22:41,-71.3,
20250428,15:22:41,-71.3,
20250428,15:22:42,-71.1,
20250428,15:22:42,-71,
20250428,15:22:42,-70.9,
20250428,15:22:43,-70.8,
20250428,15:22:43,-70.8,
20250428,15:22:43,-70.6,
20250428,15:22:43,-70.4,
20250428,15:22:44,-70.3,
20250428,15:22:44,-70.4,
20250428,15:22:44,-70.4,
20250428,15:22:45,-70.5,
20250428,15:22:45,-70.6,
20250428,15:22:45,-70.8,
20250428,15:22:45,-70.8,
20250428,15:22:46,-70.8,
20250428,15:22:46,-70.8,
20250428,15:22:46,-70.8,
20250428,15:22:46,-70.7,
20250428,15:22:47,-70.6,
20250428,15:22:47,-70.5,
20250428,15:22:47,-70.4,
20250428,15:22:48,-70.4,
20250428,15:22:48,-70.2,
20250428,15:22:48,-70.1,
20250428,15:22:48,-70,
20250428,15:22:49,-69.9,
20250428,15:22:49,-69.9,
20250428,15:22:49,-69.8,
20250428,15:22:49,-69.7,
20250428,15:22:50,-69.6,
20250428,15:22:50,-69.4,
20250428,15:22:50,-69.3,
20250428,15:22:51,-69.3,
20250428,15:22:51,-69.2,
20250428,15:22:51,-69.2,
20250428,15:22:51,-69.3,
20250428,15:22:52,-69.4,
20250428,15:22:52,-69.5,
20250428,15:22:52,-69.6,
20250428,15:22:53,-69.6,
20250428,15:22:53,-69.6,
20250428,15:22:53,-69.6,
20250428,15:22:53,-69.5,
20250428,15:22:54,-69.4,
20250428,15:22:54,-69.2,
20250428,15:22:54,-69.2,
20250428,15:22:55,-69.1,
20250428,15:22:55,-69,
20250428,15:22:55,-69,
20250428,15:22:55,-69,
20250428,15:22:56,-68.8,
20250428,15:22:56,-68.7,
20250428,15:22:56,-68.6,
20250428,15:22:56,-68.6,
20250428,15:22:57,-68.4,
20250428,15:22:57,-68.4,
20250428,15:22:57,-68.2,
20250428,15:22:58,-68.2,
20250428,15:22:58,-68.2,
20250428,15:22:58,-68,
20250428,15:22:58,-68,
20250428,15:22:59,-67.9,
20250428,15:22:59,-67.8,
20250428,15:22:59,-67.8,
20250428,15:22:59,-67.8,
20250428,15:23:00,-67.9,
20250428,15:23:00,-67.9,
20250428,15:23:00,-68,
20250428,15:23:01,-68.2,
20250428,15:23:01,-68.3,
20250428,15:23:01,-68.6,
20250428,15:23:01,-68.6,
20250428,15:23:02,-68.8,
20250428,15:23:02,-68.8,
20250428,15:23:02,-69,
20250428,15:23:03,-69,
20250428,15:23:03,-69,
20250428,15:23:03,-69,
20250428,15:23:03,-68.9,
20250428,15:23:04,-68.9,
20250428,15:23:04,-68.8,
20250428,15:23:04,-68.8,
20250428,15:23:04,-68.8,
20250428,15:23:05,-68.9,
20250428,15:23:05,-69.1,
20250428,15:23:05,-69.3,
20250428,15:23:06,-69.5,
20250428,15:23:06,-69.6,
20250428,15:23:06,-69.7,
20250428,15:23:06,-69.8,
20250428,15:23:07,-69.9,
20250428,15:23:07,-69.8,
20250428,15:23:07,-69.8,
20250428,15:23:08,-69.8,
20250428,15:23:08,-69.7,
20250428,15:23:08,-69.7,
20250428,15:23:08,-69.6,
20250428,15:23:09,-69.6,
20250428,15:23:09,-69.5,
20250428,15:23:09,-69.5,
20250428,15:23:09,-69.4,
20250428,15:23:10,-69.3,
20250428,15:23:10,-69.2,
20250428,15:23:10,-69.1,
20250428,15:23:11,-69,
20250428,15:23:11,-69,
20250428,15:23:11,-69,
20250428,15:23:11,-69.3,
20250428,15:23:12,-69.8,
20250428,15:23:12,-70.2,
20250428,15:23:12,-70.6,
20250428,15:23:12,-70.9,
20250428,15:23:13,-71.1,
20250428,15:23:13,-71.3,
20250428,15:23:13,-71.3,
20250428,15:23:14,-71.3,
20250428,15:23:14,-71.3,
20250428,15:23:14,-71.3,
20250428,15:23:14,-71.3,
20250428,15:23:15,-71.3,
20250428,15:23:15,-71.3,
20250428,15:23:15,-71.2,
20250428,15:23:16,-71.2,
20250428,15:23:16,-71.1,
20250428,15:23:16,-71.1,
20250428,15:23:16,-71,
20250428,15:23:17,-71,
20250428,15:23:17,-70.9,
20250428,15:23:17,-70.8,
20250428,15:23:17,-70.8,
20250428,15:23:18,-70.8,
20250428,15:23:18,-70.8,
20250428,15:23:18,-70.8,
20250428,15:23:19,-70.9,
20250428,15:23:19,-70.9,
20250428,15:23:19,-71,
20250428,15:23:19,-71,
20250428,15:23:20,-71,
20250428,15:23:20,-70.9,
20250428,15:23:20,-70.9,
20250428,15:23:21,-70.8,
20250428,15:23:21,-70.8,
20250428,15:23:21,-70.7,
20250428,15:23:21,-70.7,
20250428,15:23:22,-70.6,
20250428,15:23:22,-70.6,
20250428,15:23:22,-70.5,
20250428,15:23:22,-70.4,
20250428,15:23:23,-70.3,
20250428,15:23:23,-70.4,
20250428,15:23:23,-70.7,
20250428,15:23:24,-71.1,
20250428,15:23:24,-71.6,
20250428,15:23:24,-72.1,
20250428,15:23:24,-72.4,
20250428,15:23:25,-72.5,
20250428,15:23:25,-72.7,
20250428,15:23:25,-72.8,
20250428,15:23:26,-72.8,
20250428,15:23:26,-72.8,
20250428,15:23:26,-72.7,
20250428,15:23:26,-72.8,
20250428,15:23:27,-72.7,
20250428,15:23:27,-72.7,
20250428,15:23:27,-72.6,
20250428,15:23:27,-72.6,
20250428,15:23:28,-72.6,
20250428,15:23:28,-72.5,
20250428,15:23:28,-72.5,
20250428,15:23:29,-72.5,
20250428,15:23:29,-72.4,
20250428,15:23:29,-72.3,
20250428,15:23:29,-72.2,
20250428,15:23:30,-72.1,
20250428,15:23:30,-72,
20250428,15:23:30,-72,
20250428,15:23:30,-71.8,
20250428,15:23:31,-71.9,
20250428,15:23:31,-71.9,
20250428,15:23:31,-72,
20250428,15:23:32,-72.2,
20250428,15:23:32,-72.3,
20250428,15:23:32,-72.4,
20250428,15:23:32,-72.4,
20250428,15:23:33,-72.5,
20250428,15:23:33,-72.4,
20250428,15:23:33,-72.3,
20250428,15:23:34,-72.3,
20250428,15:23:34,-72.1,
20250428,15:23:34,-72.1,
20250428,15:23:34,-72,
20250428,15:23:35,-71.9,
20250428,15:23:35,-71.8,
20250428,15:23:35,-71.7,
20250428,15:23:35,-71.6,
20250428,15:23:36,-71.5,
20250428,15:23:36,-71.3,
20250428,15:23:36,-71.3,
20250428,15:23:37,-71.1,
20250428,15:23:37,-71,
20250428,15:23:37,-70.9,
20250428,15:23:37,-70.8,
20250428,15:23:38,-70.7,
20250428,15:23:38,-70.6,
20250428,15:23:38,-70.5,
20250428,15:23:39,-70.4,
20250428,15:23:39,-70.4,
20250428,15:23:39,-70.3,
20250428,15:23:39,-70.2,
20250428,15:23:40,-70.1,
20250428,15:23:40,-70,
20250428,15:23:40,-70,
20250428,15:23:40,-69.9,
20250428,15:23:41,-69.9,
20250428,15:23:41,-69.9,
20250428,15:23:41,-70,
20250428,15:23:42,-70.2,
20250428,15:23:42,-70.3,
20250428,15:23:42,-70.5,
20250428,15:23:42,-70.5,
20250428,15:23:43,-70.5,
20250428,15:23:43,-70.5,
20250428,15:23:43,-70.3,
20250428,15:23:44,-70.1,
20250428,15:23:44,-70.1,
20250428,15:23:44,-70,
20250428,15:23:44,-70,
20250428,15:23:45,-70,
20250428,15:23:45,-70,
20250428,15:23:45,-69.9,
20250428,15:23:45,-69.9,
20250428,15:23:46,-70,
20250428,15:23:46,-69.9,
20250428,15:23:46,-69.9,
20250428,15:23:47,-70,
20250428,15:23:47,-70.3,
20250428,15:23:47,-70.5,
20250428,15:23:47,-70.7,
20250428,15:23:48,-70.8,
20250428,15:23:48,-71.2,
20250428,15:23:48,-71.6,
20250428,15:23:48,-72,
20250428,15:23:49,-72.4,
20250428,15:23:49,-73.1,
20250428,15:23:49,-73.5,
20250428,15:23:50,-73.5,
20250428,15:23:50,-73.3,
20250428,15:23:50,-73.3,
20250428,15:23:50,-73.3,
20250428,15:23:51,-73.3,
20250428,15:23:51,-73.3,
20250428,15:23:51,-73.2,
20250428,15:23:52,-73.3,
20250428,15:23:52,-73.4,
20250428,15:23:52,-73.4,
20250428,15:23:52,-73.4,
20250428,15:23:53,-73.4,
20250428,15:23:53,-73.4,
20250428,15:23:53,-73.3,
20250428,15:23:53,-73.3,
20250428,15:23:54,-73.3,
20250428,15:23:54,-73.3,
20250428,15:23:54,-73.1,
20250428,15:23:55,-73.1,
20250428,15:23:55,-72.9,
20250428,15:23:55,-72.7,
20250428,15:23:55,-72.9,
20250428,15:23:56,-73,
20250428,15:23:56,-72.9,
20250428,15:23:56,-72.9,
20250428,15:23:57,-72.8,
20250428,15:23:57,-72.6,
20250428,15:23:57,-72.7,
20250428,15:23:57,-73.3,
20250428,15:23:58,-74.5,
20250428,15:23:58,-75.4,
20250428,15:23:58,-74.8,
20250428,15:23:58,-72.6,
20250428,15:23:59,-70.4,
20250428,15:23:59,-68.3,
20250428,15:23:59,-66.8,
20250428,15:24:00,-65.5,
20250428,15:24:00,-64.3,
20250428,15:24:00,-63.5,
20250428,15:24:00,-62.9,
20250428,15:24:01,-62.8,
20250428,15:24:01,-62.8,
20250428,15:24:01,-63.1,
20250428,15:24:01,-63.7,
20250428,15:24:02,-64.3,
20250428,15:24:02,-65.2,
20250428,15:24:02,-66.2,
20250428,15:24:03,-67.2,
20250428,15:24:03,-68.2,
20250428,15:24:03,-69,
20250428,15:24:03,-70,
20250428,15:24:04,-70.8,
20250428,15:24:04,-71.6,
20250428,15:24:04,-72.4,
20250428,15:24:05,-73,
20250428,15:24:05,-73.5,
20250428,15:24:05,-74,
20250428,15:24:05,-74.4,
20250428,15:24:06,-74.8,
20250428,15:24:06,-75,
20250428,15:24:06,-75.3,
20250428,15:24:07,-75.6,
20250428,15:24:07,-75.8,
20250428,15:24:07,-75.9,
20250428,15:24:07,-76,
20250428,15:24:08,-76.1,
20250428,15:24:08,-76.2,
20250428,15:24:08,-76.3,
20250428,15:24:08,-76.4,
20250428,15:24:09,-76.3,
20250428,15:24:09,-76.3,
20250428,15:24:09,-76.2,
20250428,15:24:10,-76.1,
20250428,15:24:10,-75.9,
20250428,15:24:10,-75.9,
20250428,15:24:10,-75.9,
20250428,15:24:11,-75.8,
20250428,15:24:11,-75.8,
20250428,15:24:11,-75.6,
20250428,15:24:11,-75.6,
20250428,15:24:12,-75.6,
20250428,15:24:12,-75.5,
20250428,15:24:12,-75.4,
20250428,15:24:13,-75.4,
20250428,15:24:13,-75.4,
20250428,15:24:13,-75.3,
20250428,15:24:13,-75.3,
20250428,15:24:14,-75.2,
20250428,15:24:14,-75.2,
20250428,15:24:14,-75.1,
20250428,15:24:15,-75.1,
20250428,15:24:15,-75.1,
20250428,15:24:15,-75,
20250428,15:24:15,-75,
20250428,15:24:16,-75.2,
20250428,15:24:16,-75.3,
20250428,15:24:16,-75.5,
20250428,15:24:16,-75.7,
20250428,15:24:17,-75.9,
20250428,15:24:17,-75.9,
20250428,15:24:17,-76,
20250428,15:24:18,-76,
20250428,15:24:18,-76.1,
20250428,15:24:18,-76.1,
20250428,15:24:18,-76.4,
20250428,15:24:19,-76.7,
20250428,15:24:19,-76.8,
20250428,15:24:19,-77,
20250428,15:24:20,-77.1,
20250428,15:24:20,-77,
20250428,15:24:20,-76.9,
20250428,15:24:20,-76.8,
20250428,15:24:21,-76.7,
20250428,15:24:21,-76.7,
20250428,15:24:21,-76.7,
20250428,15:24:21,-76.7,
20250428,15:24:22,-76.7,
20250428,15:24:22,-76.9,
20250428,15:24:22,-76.9,
20250428,15:24:23,-76.9,
20250428,15:24:23,-76.9,
20250428,15:24:23,-77,
20250428,15:24:23,-77,
20250428,15:24:24,-77.1,
20250428,15:24:24,-77.1,
20250428,15:24:24,-77.2,
20250428,15:24:25,-77.3,
20250428,15:24:25,-77.5,
20250428,15:24:25,-77.6,
20250428,15:24:25,-77.6,
20250428,15:24:26,-77.7,
20250428,15:24:26,-77.6,
20250428,15:24:26,-77.6,
20250428,15:24:26,-77.5,
20250428,15:24:27,-77.4,
20250428,15:24:27,-77.4,
20250428,15:24:27,-77.2,
20250428,15:24:28,-77.2,
20250428,15:24:28,-77.2,
20250428,15:24:28,-77.3,
20250428,15:24:28,-77.3,
20250428,15:24:29,-77.4,
20250428,15:24:29,-77.5,
20250428,15:24:29,-77.4,
20250428,15:24:29,-77.5,
20250428,15:24:30,-77.5,
20250428,15:24:30,-77.6,
20250428,15:24:30,-77.6,
20250428,15:24:31,-77.6,
20250428,15:24:31,-77.6,
20250428,15:24:31,-77.7,
20250428,15:24:31,-77.7,
20250428,15:24:32,-77.7,
20250428,15:24:32,-77.6,
20250428,15:24:32,-77.6,
20250428,15:24:33,-77.6,
20250428,15:24:33,-77.7,
20250428,15:24:33,-77.6,
20250428,15:24:33,-77.7,
20250428,15:24:34,-77.6,
20250428,15:24:34,-77.6,
20250428,15:24:34,-77.6,
20250428,15:24:34,-77.6,
20250428,15:24:35,-77.6,
20250428,15:24:35,-77.6,
20250428,15:24:35,-77.5,
20250428,15:24:36,-77.5,
20250428,15:24:36,-77.5,
20250428,15:24:36,-77.6,
20250428,15:24:36,-77.6,
20250428,15:24:37,-77.6,
20250428,15:24:37,-77.6,
20250428,15:24:37,-77.6,
20250428,15:24:38,-77.6,
20250428,15:24:38,-77.5,
20250428,15:24:38,-77.5,
20250428,15:24:38,-77.4,
20250428,15:24:39,-77.3,
20250428,15:24:39,-77.3,
20250428,15:24:39,-77.4,
20250428,15:24:39,-77.5,
20250428,15:24:40,-77.8,
20250428,15:24:40,-77.6,
20250428,15:24:40,-77.6,
20250428,15:24:41,-77.4,
20250428,15:24:41,-77.4,
20250428,15:24:41,-77.4,
20250428,15:24:41,-77.4,
20250428,15:24:42,-77.3,
20250428,15:24:42,-77.2,
20250428,15:24:42,-77.2,
20250428,15:24:42,-77.1,
20250428,15:24:43,-77.1,
20250428,15:24:43,-77,
20250428,15:24:43,-77,
20250428,15:24:44,-76.8,
20250428,15:24:44,-76.8,
20250428,15:24:44,-76.8,
20250428,15:24:44,-76.8,
20250428,15:24:45,-76.8,
20250428,15:24:45,-76.9,
20250428,15:24:45,-77.3,
20250428,15:24:46,-77.8,
20250428,15:24:46,-78.5,
20250428,15:24:46,-79.2,
20250428,15:24:46,-79.5,
20250428,15:24:47,-79.6,
20250428,15:24:47,-79.6,
20250428,15:24:47,-79.4,
20250428,15:24:48,-79.2,
20250428,15:24:48,-78.7,
20250428,15:24:48,-78.4,
20250428,15:24:48,-78.2,
20250428,15:24:49,-77.9,
20250428,15:24:49,-77.9,
20250428,15:24:49,-77.8,
20250428,15:24:49,-77.9,
20250428,15:24:50,-78,
20250428,15:24:50,-78.2,
20250428,15:24:50,-78.3,
20250428,15:24:51,-78.4,
20250428,15:24:51,-78.5,
20250428,15:24:51,-78.6,
20250428,15:24:51,-78.8,
20250428,15:24:52,-79,
20250428,15:24:52,-79.2,
20250428,15:24:52,-79.3,
20250428,15:24:52,-79.4,
20250428,15:24:53,-79.9,
20250428,15:24:53,-80.5,
20250428,15:24:53,-81,
20250428,15:24:54,-81,
20250428,15:24:54,-80.3,
20250428,15:24:54,-78.6,
20250428,15:24:54,-76,
20250428,15:24:55,-73.3,
20250428,15:24:55,-71,
20250428,15:24:55,-69,
20250428,15:24:56,-67.3,
20250428,15:24:56,-65.8,
20250428,15:24:56,-64.4,
20250428,15:24:56,-63.1,
20250428,15:24:57,-62.1,
20250428,15:24:57,-61.2,
20250428,15:24:57,-60.5,
20250428,15:24:57,-60.3,
20250428,15:24:58,-60.2,
20250428,15:24:58,-60.3,
20250428,15:24:58,-60.4,
20250428,15:24:59,-60.3,
20250428,15:24:59,-59.9,
20250428,15:24:59,-59.5,
20250428,15:24:59,-59.3,
20250428,15:25:00,-59.2,
20250428,15:25:00,-59.3,
20250428,15:25:00,-59.4,
20250428,15:25:01,-59.7,
20250428,15:25:01,-60.2,
20250428,15:25:01,-60.8,
20250428,15:25:01,-61.5,
20250428,15:25:02,-62.2,
20250428,15:25:02,-63.1,
20250428,15:25:02,-63.9,
20250428,15:25:02,-64.8,
20250428,15:25:03,-65.5,
20250428,15:25:03,-66.3,
20250428,15:25:03,-66.8,
20250428,15:25:04,-67.4,
20250428,15:25:04,-68.1,
20250428,15:25:04,-68.6,
20250428,15:25:04,-69,
20250428,15:25:05,-69.3,
20250428,15:25:05,-69.7,
20250428,15:25:05,-69.9,
20250428,15:25:06,-70.2,
20250428,15:25:06,-70.5,
20250428,15:25:06,-70.8,
20250428,15:25:06,-70.8,
20250428,15:25:07,-71.1,
20250428,15:25:07,-71.3,
20250428,15:25:07,-71.4,
20250428,15:25:07,-71.5,
20250428,15:25:08,-71.5,
20250428,15:25:08,-71.6,
20250428,15:25:08,-71.6,
20250428,15:25:09,-71.6,
20250428,15:25:09,-71.6,
20250428,15:25:09,-71.7,
20250428,15:25:09,-71.8,
20250428,15:25:10,-71.8,
20250428,15:25:10,-71.8,
20250428,15:25:10,-71.9,
20250428,15:25:10,-71.9,
20250428,15:25:11,-72,
20250428,15:25:11,-72,
20250428,15:25:11,-72.1,
20250428,15:25:12,-72.1,
20250428,15:25:12,-72.1,
20250428,15:25:12,-72.2,
20250428,15:25:12,-72.3,
20250428,15:25:13,-72.3,
20250428,15:25:13,-72.3,
20250428,15:25:13,-72.5,
20250428,15:25:14,-72.5,
20250428,15:25:14,-72.5,
20250428,15:25:14,-72.6,
20250428,15:25:14,-72.6,
20250428,15:25:15,-72.7,
20250428,15:25:15,-72.8,
20250428,15:25:15,-72.8,
20250428,15:25:15,-72.9,
20250428,15:25:16,-72.9,
20250428,15:25:16,-73,
20250428,15:25:16,-73.1,
20250428,15:25:17,-73.3,
20250428,15:25:17,-73.4,
20250428,15:25:17,-73.6,
20250428,15:25:17,-73.8,
20250428,15:25:18,-73.8,
20250428,15:25:18,-74,
20250428,15:25:18,-74.4,
20250428,15:25:19,-75,
20250428,15:25:19,-75.5,
20250428,15:25:19,-75.8,
20250428,15:25:19,-75.8,
20250428,15:25:20,-75.6,
20250428,15:25:20,-74.5,
20250428,15:25:20,-73,
20250428,15:25:20,-71.5,
20250428,15:25:21,-70.1,
20250428,15:25:21,-69,
20250428,15:25:21,-68.2,
20250428,15:25:22,-67.8,
20250428,15:25:22,-67.5,
20250428,15:25:22,-67.5,
20250428,15:25:22,-67.6,
20250428,15:25:23,-67.8,
20250428,15:25:23,-68.2,
20250428,15:25:23,-68.7,
20250428,15:25:23,-69.1,
20250428,15:25:24,-69.7,
20250428,15:25:24,-70.3,
20250428,15:25:24,-70.8,
20250428,15:25:25,-71.7,
20250428,15:25:25,-72.9,
20250428,15:25:25,-73.5,
20250428,15:25:25,-72.5,
20250428,15:25:26,-69.9,
20250428,15:25:26,-67.1,
20250428,15:25:26,-64.6,
20250428,15:25:27,-62.4,
20250428,15:25:27,-61,
20250428,15:25:27,-59.8,
20250428,15:25:27,-59,
20250428,15:25:28,-58.7,
20250428,15:25:28,-58.6,
20250428,15:25:28,-58.8,
20250428,15:25:28,-59,
20250428,15:25:29,-59.6,
20250428,15:25:29,-60.2,
20250428,15:25:29,-60.9,
20250428,15:25:30,-61.6,
20250428,15:25:30,-62.5,
20250428,15:25:30,-63.3,
20250428,15:25:30,-64,
20250428,15:25:31,-64.8,
20250428,15:25:31,-65.4,
20250428,15:25:31,-66,
20250428,15:25:32,-66.6,
20250428,15:25:32,-67.2,
20250428,15:25:32,-67.8,
20250428,15:25:32,-68.2,
20250428,15:25:33,-68.7,
20250428,15:25:33,-69.1,
20250428,15:25:33,-69.5,
20250428,15:25:33,-69.9,
20250428,15:25:34,-70.6,
20250428,15:25:34,-71.4,
20250428,15:25:34,-72.1,
20250428,15:25:35,-72.6,
20250428,15:25:35,-72.9,
20250428,15:25:35,-72.9,
20250428,15:25:35,-72.9,
20250428,15:25:36,-72.9,
20250428,15:25:36,-72.8,
20250428,15:25:36,-72.9,
20250428,15:25:37,-73.1,
20250428,15:25:37,-73.2,
20250428,15:25:37,-73.3,
20250428,15:25:37,-73.6,
20250428,15:25:38,-73.8,
20250428,15:25:38,-74.2,
20250428,15:25:38,-74.4,
20250428,15:25:38,-74.6,
20250428,15:25:39,-74.9,
20250428,15:25:39,-75.2,
20250428,15:25:39,-75.3,
20250428,15:25:40,-75.6,
20250428,15:25:40,-75.9,
20250428,15:25:40,-76.1,
20250428,15:25:40,-76.4,
20250428,15:25:41,-76.5,
20250428,15:25:41,-76.7,
20250428,15:25:41,-76.8,
20250428,15:25:42,-77.1,
20250428,15:25:42,-77.4,
20250428,15:25:42,-77.5,
20250428,15:25:42,-77.7,
20250428,15:25:43,-77.9,
20250428,15:25:43,-77.9,
20250428,15:25:43,-78.2,
20250428,15:25:43,-78.7,
20250428,15:25:44,-79.6,
20250428,15:25:44,-80.3,
20250428,15:25:44,-80.3,
20250428,15:25:45,-79.3,
20250428,15:25:45,-77.3,
20250428,15:25:45,-75.6,
20250428,15:25:45,-73.9,
20250428,15:25:46,-72.6,
20250428,15:25:46,-71.7,
20250428,15:25:46,-71,
20250428,15:25:47,-70.6,
20250428,15:25:47,-70.5,
20250428,15:25:47,-70.5,
20250428,15:25:47,-70.8,
20250428,15:25:48,-71.1,
20250428,15:25:48,-71.6,
20250428,15:25:48,-72,
20250428,15:25:48,-72.5,
20250428,15:25:49,-73,
20250428,15:25:49,-73.4,
20250428,15:25:49,-74,
20250428,15:25:50,-74.4,
20250428,15:25:50,-74.9,
20250428,15:25:50,-75.1,
20250428,15:25:50,-75.7,
20250428,15:25:51,-75.9,
20250428,15:25:51,-76.2,
20250428,15:25:51,-76.5,
20250428,15:25:51,-76.8,
20250428,15:25:52,-77.1,
20250428,15:25:52,-77.2,
20250428,15:25:52,-77.3,
20250428,15:25:53,-77.6,
20250428,15:25:53,-77.6,
20250428,15:25:53,-77.9,
20250428,15:25:53,-77.9,
20250428,15:25:54,-78,
20250428,15:25:54,-78.2,
20250428,15:25:54,-78.4,
20250428,15:25:55,-78.4,
20250428,15:25:55,-78.4,
20250428,15:25:55,-78.4,
20250428,15:25:55,-78.6,
20250428,15:25:56,-78.7,
20250428,15:25:56,-79,
20250428,15:25:56,-79.3,
20250428,15:25:56,-79.6,
20250428,15:25:57,-80.1,
20250428,15:25:57,-80.4,
20250428,15:25:57,-80.6,
20250428,15:25:58,-80.8,
20250428,15:25:58,-81,
20250428,15:25:58,-81.1,
20250428,15:25:58,-81,
20250428,15:25:59,-81.1,
20250428,15:25:59,-81,
20250428,15:25:59,-81,
20250428,15:26:00,-81,
20250428,15:26:00,-81,
20250428,15:26:00,-81.1,
20250428,15:26:00,-81.1,
20250428,15:26:01,-81.2,
20250428,15:26:01,-81.5,
20250428,15:26:01,-81.8,
20250428,15:26:01,-82.1,
20250428,15:26:02,-82.3,
20250428,15:26:02,-82.3,
20250428,15:26:02,-82.2,
20250428,15:26:03,-82,
20250428,15:26:03,-81.7,
20250428,15:26:03,-81.6,
20250428,15:26:03,-81.5,
20250428,15:26:04,-81.4,
20250428,15:26:04,-81.2,
20250428,15:26:04,-81.3,
20250428,15:26:04,-81.3,
20250428,15:26:05,-81.5,
20250428,15:26:05,-81.4,
20250428,15:26:05,-81.5,
20250428,15:26:06,-81.6,
20250428,15:26:06,-81.7,
20250428,15:26:06,-81.7,
20250428,15:26:06,-81.8,
20250428,15:26:07,-81.8,
20250428,15:26:07,-81.9,
20250428,15:26:07,-82,
20250428,15:26:08,-82.2,
20250428,15:26:08,-82.1,
20250428,15:26:08,-82.4,
20250428,15:26:08,-82.3,
20250428,15:26:09,-82.4,
20250428,15:26:09,-82.5,
20250428,15:26:09,-82.5,
20250428,15:26:09,-82.7,
20250428,15:26:10,-82.7,
20250428,15:26:10,-82.9,
20250428,15:26:10,-83.2,
20250428,15:26:11,-83.4,
20250428,15:26:11,-83.5,
20250428,15:26:11,-83.7,
20250428,15:26:11,-83.8,
20250428,15:26:12,-83.5,
20250428,15:26:12,-82.2,
20250428,15:26:12,-80.4,
20250428,15:26:13,-78.5,
20250428,15:26:13,-76.7,
20250428,15:26:13,-75.3,
20250428,15:26:13,-74.2,
20250428,15:26:14,-73.5,
20250428,15:26:14,-73,
20250428,15:26:14,-72.8,
20250428,15:26:14,-72.6,
20250428,15:26:15,-72.2,
20250428,15:26:15,-70.8,
20250428,15:26:15,-68.5,
20250428,15:26:16,-66.2,
20250428,15:26:16,-64.1,
20250428,15:26:16,-62.5,
20250428,15:26:16,-61.2,
20250428,15:26:17,-60.2,
20250428,15:26:17,-59.5,
20250428,15:26:17,-58.8,
20250428,15:26:18,-58.5,
20250428,15:26:18,-58.6,
20250428,15:26:18,-58.8,
20250428,15:26:18,-58.8,
20250428,15:26:19,-59.4,
20250428,15:26:19,-60.1,
20250428,15:26:19,-60.5,
20250428,15:26:19,-61.2,
20250428,15:26:20,-62,
20250428,15:26:20,-62.6,
20250428,15:26:20,-63.3,
20250428,15:26:21,-63.9,
20250428,15:26:21,-64.5,
20250428,15:26:21,-65.1,
20250428,15:26:21,-65.6,
20250428,15:26:22,-66.2,
20250428,15:26:22,-66.5,
20250428,15:26:22,-67.1,
20250428,15:26:23,-67.3,
20250428,15:26:23,-67.6,
20250428,15:26:23,-68.2,
20250428,15:26:23,-68.3,
20250428,15:26:24,-68.7,
20250428,15:26:24,-69,
20250428,15:26:24,-69.3,
20250428,15:26:24,-69.8,
20250428,15:26:25,-70.6,
20250428,15:26:25,-71,
20250428,15:26:25,-71.6,
20250428,15:26:26,-71.7,
20250428,15:26:26,-71.9,
20250428,15:26:26,-71.9,
20250428,15:26:26,-72.1,
20250428,15:26:27,-72.3,
20250428,15:26:27,-72.5,
20250428,15:26:27,-72.6,
20250428,15:26:27,-73,
20250428,15:26:28,-73.1,
20250428,15:26:28,-73.3,
20250428,15:26:28,-73.5,
20250428,15:26:29,-73.5,
20250428,15:26:29,-73.9,
20250428,15:26:29,-74,
20250428,15:26:29,-74.1,
20250428,15:26:30,-74.2,
20250428,15:26:30,-74.5,
20250428,15:26:30,-74.8,
20250428,15:26:31,-75.1,
20250428,15:26:31,-75.3,
20250428,15:26:31,-75.5,
20250428,15:26:31,-75.5,
20250428,15:26:32,-75.5,
20250428,15:26:32,-75.7,
20250428,15:26:32,-75.9,
20250428,15:26:32,-76.6,
20250428,15:26:33,-76.3,
20250428,15:26:33,-75,
20250428,15:26:33,-72.8,
20250428,15:26:34,-70.5,
20250428,15:26:34,-68.5,
20250428,15:26:34,-66.9,
20250428,15:26:34,-65.4,
20250428,15:26:35,-64.4,
20250428,15:26:35,-63.7,
20250428,15:26:35,-63.1,
20250428,15:26:36,-62.9,
20250428,15:26:36,-62.9,
20250428,15:26:36,-63.1,
20250428,15:26:36,-63.4,
20250428,15:26:37,-63.8,
20250428,15:26:37,-64.3,
20250428,15:26:37,-64.8,
20250428,15:26:37,-65.5,
20250428,15:26:38,-65.9,
20250428,15:26:38,-66.5,
20250428,15:26:38,-66.8,
20250428,15:26:39,-67.4,
20250428,15:26:39,-67.9,
20250428,15:26:39,-68.3,
20250428,15:26:39,-68.8,
20250428,15:26:40,-69.1,
20250428,15:26:40,-69.5,
20250428,15:26:40,-69.9,
20250428,15:26:41,-70.2,
20250428,15:26:41,-70.5,
20250428,15:26:41,-70.7,
20250428,15:26:41,-71.1,
20250428,15:26:42,-71.2,
20250428,15:26:42,-71.4,
20250428,15:26:42,-71.7,
20250428,15:26:42,-71.9,
20250428,15:26:43,-72.2,
20250428,15:26:43,-72.3,
20250428,15:26:43,-72.5,
20250428,15:26:44,-72.7,
20250428,15:26:44,-72.8,
20250428,15:26:44,-73.1,
20250428,15:26:44,-73.2,
20250428,15:26:45,-73.3,
20250428,15:26:45,-73.6,
20250428,15:26:45,-73.6,
20250428,15:26:45,-73.9,
20250428,15:26:46,-73.9,
20250428,15:26:46,-74.1,
20250428,15:26:46,-74.2,
20250428,15:26:47,-74.4,
20250428,15:26:47,-74.4,
20250428,15:26:47,-74.7,
20250428,15:26:47,-74.7,
20250428,15:26:48,-74.8,
20250428,15:26:48,-75,
20250428,15:26:48,-75,
20250428,15:26:49,-75.1,
20250428,15:26:49,-75.3,
20250428,15:26:49,-75.4,
20250428,15:26:49,-75.5,
20250428,15:26:50,-75.6,
20250428,15:26:50,-75.8,
20250428,15:26:50,-75.9,
20250428,15:26:50,-76,
20250428,15:26:51,-76.1,
20250428,15:26:51,-76,
20250428,15:26:51,-76.1,
20250428,15:26:52,-76.3,
20250428,15:26:52,-76.3,
20250428,15:26:52,-76.6,
20250428,15:26:52,-76.7,
20250428,15:26:53,-76.8,
20250428,15:26:53,-76.9,
20250428,15:26:53,-76.9,
20250428,15:26:54,-77.1,
20250428,15:26:54,-77.3,
20250428,15:26:54,-77.3,
20250428,15:26:54,-77.5,
20250428,15:26:55,-77.4,
20250428,15:26:55,-77.6,
20250428,15:26:55,-77.5,
20250428,15:26:55,-77.6,
20250428,15:26:56,-77.6,
20250428,15:26:56,-77.7,
20250428,15:26:56,-77.7,
20250428,15:26:57,-77.7,
20250428,15:26:57,-77.7,
20250428,15:26:57,-77.7,
20250428,15:26:57,-77.8,
20250428,15:26:58,-77.9,
20250428,15:26:58,-77.9,
20250428,15:26:58,-77.9,
20250428,15:26:59,-77.9,
20250428,15:26:59,-77.9,
20250428,15:26:59,-77.8,
20250428,15:26:59,-78,
20250428,15:27:00,-77.9,
20250428,15:27:00,-78,
20250428,15:27:00,-77.9,
20250428,15:27:00,-77.9,
20250428,15:27:01,-77.9,
20250428,15:27:01,-77.8,
20250428,15:27:01,-77.9,
20250428,15:27:02,-77.8,
20250428,15:27:02,-77.7,
20250428,15:27:02,-77.7,
20250428,15:27:02,-77.7,
20250428,15:27:03,-77.6,
20250428,15:27:03,-77.6,
20250428,15:27:03,-77.6,
20250428,15:27:03,-77.6,
20250428,15:27:04,-77.6,
20250428,15:27:04,-77.8,
20250428,15:27:04,-78.2,
20250428,15:27:05,-78.7,
20250428,15:27:05,-79.3,
20250428,15:27:05,-79.6,
20250428,15:27:05,-80,
20250428,15:27:06,-80,
20250428,15:27:06,-80.1,
20250428,15:27:06,-80.1,
20250428,15:27:07,-80,
20250428,15:27:07,-79.8,
20250428,15:27:07,-79.9,
20250428,15:27:07,-79.8,
20250428,15:27:08,-79.8,
20250428,15:27:08,-79.9,
20250428,15:27:08,-79.9,
20250428,15:27:08,-79.8,
20250428,15:27:09,-80.1,
20250428,15:27:09,-80.2,
20250428,15:27:09,-81,
20250428,15:27:10,-81.6,
20250428,15:27:10,-81.5,
20250428,15:27:10,-80.5,
20250428,15:27:10,-78.6,
20250428,15:27:11,-76.7,
20250428,15:27:11,-74.9,
20250428,15:27:11,-73.3,
20250428,15:27:12,-72.1,
20250428,15:27:12,-71.2,
20250428,15:27:12,-70.5,
20250428,15:27:12,-70.3,
20250428,15:27:13,-70.1,
20250428,15:27:13,-70.3,
20250428,15:27:13,-70.5,
20250428,15:27:13,-71,
20250428,15:27:14,-71.6,
20250428,15:27:14,-72.1,
20250428,15:27:14,-72.6,
20250428,15:27:15,-73.2,
20250428,15:27:15,-73.7,
20250428,15:27:15,-74.2,
20250428,15:27:15,-74.6,
20250428,15:27:16,-75.1,
20250428,15:27:16,-75.5,
20250428,15:27:16,-76,
20250428,15:27:16,-76.4,
20250428,15:27:17,-76.7,
20250428,15:27:17,-76.9,
20250428,15:27:17,-77.2,
20250428,15:27:18,-77.5,
20250428,15:27:18,-77.8,
20250428,15:27:18,-78,
20250428,15:27:18,-78.1,
20250428,15:27:19,-78.2,
20250428,15:27:19,-78.4,
20250428,15:27:19,-78.5,
20250428,15:27:20,-78.5,
20250428,15:27:20,-79,
20250428,15:27:20,-79.4,
20250428,15:27:20,-80.2,
20250428,15:27:21,-81,
20250428,15:27:21,-81.5,
20250428,15:27:21,-81.9,
20250428,15:27:22,-81.9,
20250428,15:27:22,-81.8,
20250428,15:27:22,-81.6,
20250428,15:27:22,-81.2,
20250428,15:27:23,-81,
20250428,15:27:23,-81,
20250428,15:27:23,-80.7,
20250428,15:27:23,-80.6,
20250428,15:27:24,-80.6,
20250428,15:27:24,-80.7,
20250428,15:27:24,-80.7,
20250428,15:27:25,-80.8,
20250428,15:27:25,-80.9,
20250428,15:27:25,-80.9,
20250428,15:27:25,-81,
20250428,15:27:26,-81.1,
20250428,15:27:26,-81.1,
20250428,15:27:26,-81.1,
20250428,15:27:26,-81.2,
20250428,15:27:27,-81.2,
20250428,15:27:27,-81.3,
20250428,15:27:27,-81.2,
20250428,15:27:28,-81.3,
20250428,15:27:28,-81.3,
20250428,15:27:28,-81.4,
20250428,15:27:28,-81.2,
20250428,15:27:29,-81.4,
20250428,15:27:29,-81.4,
20250428,15:27:29,-81.4,
20250428,15:27:30,-81.2,
20250428,15:27:30,-81.2,
20250428,15:27:30,-81.2,
20250428,15:27:30,-81.2,
20250428,15:27:31,-81,
20250428,15:27:31,-81,
20250428,15:27:31,-81.1,
20250428,15:27:31,-81.1,
20250428,15:27:32,-81.1,
20250428,15:27:32,-81,
20250428,15:27:32,-81,
20250428,15:27:33,-81,
20250428,15:27:33,-80.8,
20250428,15:27:33,-81,
20250428,15:27:33,-81,
20250428,15:27:34,-80.9,
20250428,15:27:34,-80.9,
20250428,15:27:34,-80.8,
20250428,15:27:35,-81,
20250428,15:27:35,-80.9,
20250428,15:27:35,-80.7,
20250428,15:27:35,-80.7,
20250428,15:27:36,-80.6,
20250428,15:27:36,-80.8,
20250428,15:27:36,-80.8,
20250428,15:27:36,-80.8,
20250428,15:27:37,-81.1,
20250428,15:27:37,-81.3,
20250428,15:27:37,-81.5,
20250428,15:27:38,-81.7,
20250428,15:27:38,-81.7,
20250428,15:27:38,-81.7,
20250428,15:27:38,-81.6,
20250428,15:27:39,-81.8,
20250428,15:27:39,-81.7,
20250428,15:27:39,-81.7,
20250428,15:27:40,-81.5,
20250428,15:27:40,-81.6,
20250428,15:27:40,-81.5,
20250428,15:27:40,-81.4,
20250428,15:27:41,-81.3,
20250428,15:27:41,-81.3,
20250428,15:27:41,-81.2,
20250428,15:27:41,-81.3,
20250428,15:27:42,-81.1,
20250428,15:27:42,-81,
20250428,15:27:42,-80.9,
20250428,15:27:43,-81,
20250428,15:27:43,-80.9,
20250428,15:27:43,-80.8,
20250428,15:27:43,-80.7,
20250428,15:27:44,-80.8,
20250428,15:27:44,-80.7,
20250428,15:27:44,-80.5,
20250428,15:27:44,-80.4,
20250428,15:27:45,-80.5,
20250428,15:27:45,-80.5,
20250428,15:27:45,-80.4,
20250428,15:27:46,-80.4,
20250428,15:27:46,-80.2,
20250428,15:27:46,-80.2,
20250428,15:27:46,-80.1,
20250428,15:27:47,-80.1,
20250428,15:27:47,-80,
20250428,15:27:47,-80,
20250428,15:27:48,-80,
20250428,15:27:48,-80,
20250428,15:27:48,-79.9,
20250428,15:27:48,-79.9,
20250428,15:27:49,-79.7,
20250428,15:27:49,-79.7,
20250428,15:27:49,-79.5,
20250428,15:27:49,-79.5,
20250428,15:27:50,-79.3,
20250428,15:27:50,-79.3,
20250428,15:27:50,-79.3,
20250428,15:27:51,-79.2,
20250428,15:27:51,-79.2,
20250428,15:27:51,-79.2,
20250428,15:27:51,-79.1,
20250428,15:27:52,-78.9,
20250428,15:27:52,-78.9,
20250428,15:27:52,-78.8,
20250428,15:27:53,-78.7,
20250428,15:27:53,-78.6,
20250428,15:27:53,-78.4,
20250428,15:27:53,-78.4,
20250428,15:27:54,-78.4,
20250428,15:27:54,-78.4,
20250428,15:27:54,-78.3,
20250428,15:27:54,-78.3,
20250428,15:27:55,-78.2,
20250428,15:27:55,-78.2,
20250428,15:27:55,-78.2,
20250428,15:27:56,-78,
20250428,15:27:56,-78,
20250428,15:27:56,-77.9,
20250428,15:27:56,-77.8,
20250428,15:27:57,-77.8,
20250428,15:27:57,-77.7,
20250428,15:27:57,-77.6,
20250428,15:27:57,-77.6,
20250428,15:27:58,-77.6,
20250428,15:27:58,-77.5,
20250428,15:27:58,-77.4,
20250428,15:27:59,-77.4,
20250428,15:27:59,-77.3,
20250428,15:27:59,-77.3,
20250428,15:27:59,-77.2,
20250428,15:28:00,-77.5,
20250428,15:28:00,-77.7,
20250428,15:28:00,-78.1,
20250428,15:28:01,-78.6,
20250428,15:28:01,-79.3,
20250428,15:28:01,-80.1,
20250428,15:28:01,-80.6,
20250428,15:28:02,-80.5,
20250428,15:28:02,-80.1,
20250428,15:28:02,-79.3,
20250428,15:28:03,-78.5,
20250428,15:28:03,-77.8,
20250428,15:28:03,-77.4,
20250428,15:28:03,-77.1,
20250428,15:28:04,-76.8,
20250428,15:28:04,-76.7,
20250428,15:28:04,-76.8,
20250428,15:28:04,-76.9,
20250428,15:28:05,-77.1,
20250428,15:28:05,-77.4,
20250428,15:28:05,-77.6,
20250428,15:28:06,-77.9,
20250428,15:28:06,-78.2,
20250428,15:28:06,-78.4,
20250428,15:28:06,-78.6,
20250428,15:28:07,-78.8,
20250428,15:28:07,-79,
20250428,15:28:07,-79.3,
20250428,15:28:07,-79.3,
20250428,15:28:08,-79.4,
20250428,15:28:08,-79.5,
20250428,15:28:08,-79.6,
20250428,15:28:09,-79.6,
20250428,15:28:09,-79.7,
20250428,15:28:09,-79.6,
20250428,15:28:09,-79.7,
20250428,15:28:10,-79.7,
20250428,15:28:10,-79.7,
20250428,15:28:10,-79.7,
20250428,15:28:11,-79.7,
20250428,15:28:11,-79.6,
20250428,15:28:11,-79.4,
20250428,15:28:11,-79.4,
20250428,15:28:12,-79.4,
20250428,15:28:12,-79.4,
20250428,15:28:12,-79.3,
20250428,15:28:12,-79.3,
20250428,15:28:13,-79.3,
20250428,15:28:13,-79.2,
20250428,15:28:13,-79.3,
20250428,15:28:14,-79.1,
20250428,15:28:14,-79.1,
20250428,15:28:14,-79.1,
20250428,15:28:14,-78.9,
20250428,15:28:15,-78.8,
20250428,15:28:15,-78.7,
20250428,15:28:15,-78.7,
20250428,15:28:16,-78.6,
20250428,15:28:16,-78.5,
20250428,15:28:16,-78.5,
20250428,15:28:16,-78.4,
20250428,15:28:17,-78.4,
20250428,15:28:17,-78.4,
20250428,15:28:17,-78.3,
20250428,15:28:17,-78.2,
20250428,15:28:18,-78.3,
20250428,15:28:18,-78.2,
20250428,15:28:18,-78.1,
20250428,15:28:19,-78.1,
20250428,15:28:19,-78,
20250428,15:28:19,-78,
20250428,15:28:19,-78,
20250428,15:28:20,-78,
20250428,15:28:20,-77.8,
20250428,15:28:20,-77.9,
20250428,15:28:21,-77.7,
20250428,15:28:21,-77.6,
20250428,15:28:21,-77.6,
20250428,15:28:21,-77.6,
20250428,15:28:22,-77.4,
20250428,15:28:22,-77.4,
20250428,15:28:22,-77.4,
20250428,15:28:22,-77.3,
20250428,15:28:23,-77.2,
20250428,15:28:23,-77.1,
20250428,15:28:23,-77,
20250428,15:28:24,-76.9,
20250428,15:28:24,-76.8,
20250428,15:28:24,-76.8,
20250428,15:28:24,-76.7,
20250428,15:28:25,-76.7,
20250428,15:28:25,-76.5,
20250428,15:28:25,-76.4,
20250428,15:28:25,-76.4,
20250428,15:28:26,-76.2,
20250428,15:28:26,-76.1,
20250428,15:28:26,-75.9,
20250428,15:28:27,-76.1,
20250428,15:28:27,-76.5,
20250428,15:28:27,-76.7,
20250428,15:28:27,-76.7,
20250428,15:28:28,-76.5,
20250428,15:28:28,-76.2,
20250428,15:28:28,-76,
20250428,15:28:29,-75.8,
20250428,15:28:29,-75.4,
20250428,15:28:29,-74.8,
20250428,15:28:29,-74.2,
20250428,15:28:30,-74.6,
20250428,15:28:30,-74.6,
20250428,15:28:30,-74.6,
20250428,15:28:30,-74.6,
20250428,15:28:31,-74.6,
20250428,15:28:31,-74.7,
20250428,15:28:31,-74.5,
20250428,15:28:32,-74.5,
20250428,15:28:32,-74.4,
20250428,15:28:32,-74.3,
20250428,15:28:32,-74.3,
20250428,15:28:33,-74.2,
20250428,15:28:33,-74.3,
20250428,15:28:33,-74.1,
20250428,15:28:34,-74.1,
20250428,15:28:34,-73.9,
20250428,15:28:34,-74,
20250428,15:28:34,-73.9,
20250428,15:28:35,-73.9,
20250428,15:28:35,-73.8,
20250428,15:28:35,-73.9,
20250428,15:28:35,-73.8,
20250428,15:28:36,-73.7,
20250428,15:28:36,-73.7,
20250428,15:28:36,-73.6,
20250428,15:28:37,-73.6,
20250428,15:28:37,-73.4,
20250428,15:28:37,-73.3,
20250428,15:28:37,-73.4,
20250428,15:28:38,-73.4,
20250428,15:28:38,-73.3,
20250428,15:28:38,-73.4,
20250428,15:28:38,-74,
20250428,15:28:39,-74.1,
20250428,15:28:39,-74.2,
20250428,15:28:39,-74.3,
20250428,15:28:40,-74.3,
20250428,15:28:40,-74.2,
20250428,15:28:40,-74.1,
20250428,15:28:40,-74,
20250428,15:28:41,-73.9,
20250428,15:28:41,-73.8,
20250428,15:28:41,-73.5,
20250428,15:28:42,-73.3,
20250428,15:28:42,-73.1,
20250428,15:28:42,-72.9,
20250428,15:28:42,-73,
20250428,15:28:43,-72.9,
20250428,15:28:43,-73,
20250428,15:28:43,-73.2,
20250428,15:28:44,-73.3,
20250428,15:28:44,-73.3,
20250428,15:28:44,-73.4,
20250428,15:28:44,-73.5,
20250428,15:28:45,-73.4,
20250428,15:28:45,-73.5,
20250428,15:28:45,-73.5,
20250428,15:28:45,-73.5,
20250428,15:28:46,-73.5,
20250428,15:28:46,-73.5,
20250428,15:28:46,-73.6,
20250428,15:28:47,-73.5,
20250428,15:28:47,-73.4,
20250428,15:28:47,-73.4,
20250428,15:28:47,-73.3,
20250428,15:28:48,-73.3,
20250428,15:28:48,-73.2,
20250428,15:28:48,-73.2,
20250428,15:28:48,-73.1,
20250428,15:28:49,-73.1,
20250428,15:28:49,-72.9,
20250428,15:28:49,-72.9,
20250428,15:28:50,-72.8,
20250428,15:28:50,-72.7,
20250428,15:28:50,-72.7,
20250428,15:28:50,-72.5,
20250428,15:28:51,-72.5,
20250428,15:28:51,-72.5,
20250428,15:28:51,-72.4,
20250428,15:28:52,-72.3,
20250428,15:28:52,-72.4,
20250428,15:28:52,-72.3,
20250428,15:28:52,-72.2,
20250428,15:28:53,-72.1,
20250428,15:28:53,-71.9,
20250428,15:28:53,-71.8,
20250428,15:28:53,-71.9,
20250428,15:28:54,-72,
20250428,15:28:54,-71.9,
20250428,15:28:54,-71.8,
20250428,15:28:55,-71.8,
20250428,15:28:55,-71.6,
20250428,15:28:55,-71.7,
20250428,15:28:55,-71.7,
20250428,15:28:56,-71.6,
20250428,15:28:56,-71.6,
20250428,15:28:56,-71.6,
20250428,15:28:57,-71.5,
20250428,15:28:57,-71.3,
20250428,15:28:57,-71.4,
20250428,15:28:57,-71.3,
20250428,15:28:58,-71.2,
20250428,15:28:58,-71.2,
20250428,15:28:58,-71.2,
20250428,15:28:58,-71.1,
20250428,15:28:59,-71.2,
20250428,15:28:59,-71.2,
20250428,15:28:59,-71.3,
20250428,15:29:00,-71.4,
20250428,15:29:00,-71.4,
20250428,15:29:00,-71.4,
20250428,15:29:00,-71.5,
20250428,15:29:01,-71.5,
20250428,15:29:01,-71.5,
20250428,15:29:01,-71.6,
20250428,15:29:02,-71.6,
20250428,15:29:02,-71.6,
20250428,15:29:02,-71.6,
20250428,15:29:02,-71.6,
20250428,15:29:03,-71.6,
20250428,15:29:03,-71.6,
20250428,15:29:03,-71.6,
20250428,15:29:03,-71.6,
20250428,15:29:04,-71.6,
20250428,15:29:04,-71.6,
20250428,15:29:04,-71.5,
20250428,15:29:05,-71.6,
20250428,15:29:05,-71.8,
20250428,15:29:05,-72.1,
20250428,15:29:05,-72.2,
20250428,15:29:06,-72.5,
20250428,15:29:06,-72.9,
20250428,15:29:06,-73.1,
20250428,15:29:06,-73.3,
20250428,15:29:07,-73.4,
20250428,15:29:07,-73.5,
20250428,15:29:07,-73.6,
20250428,15:29:08,-73.5,
20250428,15:29:08,-73.7,
20250428,15:29:08,-73.8,
20250428,15:29:08,-73.7,
20250428,15:29:09,-73.6,
20250428,15:29:09,-73.6,
20250428,15:29:09,-73.5,
20250428,15:29:10,-73.4,
20250428,15:29:10,-73.3,
20250428,15:29:10,-73.3,
20250428,15:29:10,-73.3,
20250428,15:29:11,-73.1,
20250428,15:29:11,-73,
20250428,15:29:11,-73.1,
20250428,15:29:11,-72.9,
20250428,15:29:12,-72.8,
20250428,15:29:12,-72.8,
20250428,15:29:12,-72.7,
20250428,15:29:13,-72.6,
20250428,15:29:13,-72.5,
20250428,15:29:13,-72.4,
20250428,15:29:13,-72.4,
20250428,15:29:14,-72.3,
20250428,15:29:14,-72.2,
20250428,15:29:14,-72.2,
20250428,15:29:15,-71.9,
20250428,15:29:15,-72,
20250428,15:29:15,-71.9,
20250428,15:29:15,-71.7,
20250428,15:29:16,-71.6,
20250428,15:29:16,-71.6,
20250428,15:29:16,-71.6,
20250428,15:29:16,-71.5,
20250428,15:29:17,-71.5,
20250428,15:29:17,-71.3,
20250428,15:29:17,-71.3,
20250428,15:29:18,-71.3,
20250428,15:29:18,-71.1,
20250428,15:29:18,-71.2,
20250428,15:29:18,-71,
20250428,15:29:19,-70.9,
20250428,15:29:19,-70.8,
20250428,15:29:19,-70.8,
20250428,15:29:19,-70.7,
20250428,15:29:20,-70.7,
20250428,15:29:20,-70.5,
20250428,15:29:20,-70.4,
20250428,15:29:21,-70.3,
20250428,15:29:21,-70.2,
20250428,15:29:21,-70.2,
20250428,15:29:21,-70,
20250428,15:29:22,-70,
20250428,15:29:22,-69.9,
20250428,15:29:22,-69.9,
20250428,15:29:23,-69.8,
20250428,15:29:23,-69.8,
20250428,15:29:23,-69.9,
20250428,15:29:23,-70.3,
20250428,15:29:24,-70.6,
20250428,15:29:24,-71.2,
20250428,15:29:24,-71.8,
20250428,15:29:24,-72.1,
20250428,15:29:25,-72.5,
20250428,15:29:25,-72.7,
20250428,15:29:25,-73.2,
20250428,15:29:26,-73.4,
20250428,15:29:26,-73.9,
20250428,15:29:26,-74.6,
20250428,15:29:26,-75.2,
20250428,15:29:27,-75.6,
20250428,15:29:27,-75.9,
20250428,15:29:27,-75.9,
20250428,15:29:28,-75.9,
20250428,15:29:28,-75.9,
20250428,15:29:28,-75.9,
20250428,15:29:28,-75.9,
20250428,15:29:29,-75.9,
20250428,15:29:29,-75.9,
20250428,15:29:29,-75.7,
20250428,15:29:29,-75.8,
20250428,15:29:30,-75.8,
20250428,15:29:30,-75.9,
20250428,15:29:30,-75.7,
20250428,15:29:31,-75.6,
20250428,15:29:31,-75.8,
20250428,15:29:31,-75.6,
20250428,15:29:31,-75.6,
20250428,15:29:32,-75.7,
20250428,15:29:32,-75.6,
20250428,15:29:32,-75.4,
20250428,15:29:33,-75.4,
20250428,15:29:33,-75.3,
20250428,15:29:33,-75.3,
20250428,15:29:33,-75.4,
20250428,15:29:34,-75.3,
20250428,15:29:34,-75.3,
20250428,15:29:34,-75.2,
20250428,15:29:34,-75.1,
20250428,15:29:35,-75,
20250428,15:29:35,-75.1,
20250428,15:29:35,-75,
20250428,15:29:36,-75.1,
20250428,15:29:36,-75,
20250428,15:29:36,-75.2,
20250428,15:29:36,-75.2,
20250428,15:29:37,-75.3,
20250428,15:29:37,-75.5,
20250428,15:29:37,-75.6,
20250428,15:29:37,-75.7,
20250428,15:29:38,-75.8,
20250428,15:29:38,-75.9,
20250428,15:29:38,-75.8,
20250428,15:29:39,-75.8,
20250428,15:29:39,-75.8,
20250428,15:29:39,-75.7,
20250428,15:29:39,-75.6,
20250428,15:29:40,-75.6,
20250428,15:29:40,-75.5,
20250428,15:29:40,-75.4,
20250428,15:29:41,-75.3,
20250428,15:29:41,-75.1,
20250428,15:29:41,-75.1,
20250428,15:29:41,-75,
20250428,15:29:42,-75,
20250428,15:29:42,-74.9,
20250428,15:29:42,-74.9,
20250428,15:29:43,-74.9,
20250428,15:29:43,-74.8,
20250428,15:29:43,-74.6,
20250428,15:29:43,-74.6,
20250428,15:29:44,-74.5,
20250428,15:29:44,-74.4,
20250428,15:29:44,-74.4,
20250428,15:29:44,-74.3,
20250428,15:29:45,-74.2,
20250428,15:29:45,-74.2,
20250428,15:29:45,-74.2,
20250428,15:29:46,-74.1,
20250428,15:29:46,-74,
20250428,15:29:46,-73.9,
20250428,15:29:46,-73.8,
20250428,15:29:47,-73.8,
20250428,15:29:47,-73.6,
20250428,15:29:47,-73.5,
20250428,15:29:47,-73.3,
20250428,15:29:48,-73.3,
20250428,15:29:48,-73.3,
20250428,15:29:48,-73.3,
20250428,15:29:49,-73.1,
20250428,15:29:49,-73.1,
20250428,15:29:49,-73,
20250428,15:29:49,-72.9,
20250428,15:29:50,-72.8,
20250428,15:29:50,-72.7,
20250428,15:29:50,-72.6,
20250428,15:29:50,-72.5,
20250428,15:29:51,-72.5,
20250428,15:29:51,-72.4,
20250428,15:29:51,-72.3,
20250428,15:29:52,-72.2,
20250428,15:29:52,-72,
20250428,15:29:52,-72,
20250428,15:29:52,-71.8,
20250428,15:29:53,-71.8,
20250428,15:29:53,-71.7,
20250428,15:29:53,-71.6,
20250428,15:29:54,-71.6,
20250428,15:29:54,-71.6,
20250428,15:29:54,-71.6,
20250428,15:29:54,-71.4,
20250428,15:29:55,-71.3,
20250428,15:29:55,-71.4,
20250428,15:29:55,-71.2,
20250428,15:29:56,-71.2,
20250428,15:29:56,-71,
20250428,15:29:56,-71,
20250428,15:29:56,-70.9,
20250428,15:29:57,-70.8,
20250428,15:29:57,-70.8,
20250428,15:29:57,-70.6,
20250428,15:29:57,-70.5,
20250428,15:29:58,-70.4,
20250428,15:29:58,-70.2,
20250428,15:29:58,-70.1,
20250428,15:29:59,-70.1,
20250428,15:29:59,-70,
20250428,15:29:59,-70,
20250428,15:29:59,-69.9,
20250428,15:30:00,-69.8,
20250428,15:30:00,-69.8,
20250428,15:30:00,-69.7,
20250428,15:30:00,-69.6,
20250428,15:30:01,-69.5,
20250428,15:30:01,-69.4,
20250428,15:30:01,-69.2,
20250428,15:30:02,-69.1,
20250428,15:30:02,-69,
20250428,15:30:02,-69,
20250428,15:30:02,-69,
20250428,15:30:03,-68.9,
20250428,15:30:03,-68.9,
20250428,15:30:03,-68.8,
20250428,15:30:04,-68.7,
20250428,15:30:04,-68.5,
20250428,15:30:04,-68.4,
20250428,15:30:04,-68.4,
20250428,15:30:05,-68.3,
20250428,15:30:05,-68.2,
20250428,15:30:05,-68.2,
20250428,15:30:05,-68,
20250428,15:30:06,-68,
20250428,15:30:06,-67.9,
20250428,15:30:06,-67.7,
20250428,15:30:07,-67.6,
20250428,15:30:07,-67.6,
20250428,15:30:07,-67.5,
20250428,15:30:07,-67.4,
20250428,15:30:08,-67.3,
20250428,15:30:08,-67.3,
20250428,15:30:08,-67.3,
20250428,15:30:09,-67.3,
20250428,15:30:09,-67.3,
20250428,15:30:09,-67.2,
20250428,15:30:09,-67,
20250428,15:30:10,-67,
20250428,15:30:10,-66.8,
20250428,15:30:10,-66.8,
20250428,15:30:10,-66.6,
20250428,15:30:11,-66.6,
20250428,15:30:11,-66.5,
20250428,15:30:11,-66.5,
20250428,15:30:12,-66.3,
20250428,15:30:12,-66.2,
20250428,15:30:12,-66,
20250428,15:30:12,-66,
20250428,15:30:13,-65.8,
20250428,15:30:13,-65.9,
20250428,15:30:13,-65.7,
20250428,15:30:14,-65.6,
20250428,15:30:14,-65.6,
20250428,15:30:14,-65.4,
20250428,15:30:14,-65.4,
20250428,15:30:15,-65.2,
20250428,15:30:15,-65.1,
20250428,15:30:15,-64.9,
20250428,15:30:15,-64.8,
20250428,15:30:16,-64.8,
20250428,15:30:16,-64.8,
20250428,15:30:16,-64.7,
20250428,15:30:17,-64.6,
20250428,15:30:17,-64.5,
20250428,15:30:17,-64.4,
20250428,15:30:17,-64.3,
20250428,15:30:18,-64.1,
20250428,15:30:18,-64.1,
20250428,15:30:18,-64.1,
20250428,15:30:18,-64.1,
20250428,15:30:19,-64,
20250428,15:30:19,-63.9,
20250428,15:30:19,-63.8,
20250428,15:30:20,-63.8,
20250428,15:30:20,-63.7,
20250428,15:30:20,-63.7,
20250428,15:30:20,-63.5,
20250428,15:30:21,-63.4,
20250428,15:30:21,-63.4,
20250428,15:30:21,-63.3,
20250428,15:30:22,-63.2,
20250428,15:30:22,-63.1,
20250428,15:30:22,-63.1,
20250428,15:30:22,-63,
20250428,15:30:23,-62.9,
20250428,15:30:23,-62.8,
20250428,15:30:23,-62.7,
20250428,15:30:24,-62.7,
20250428,15:30:24,-62.4,
20250428,15:30:24,-62.5,
20250428,15:30:24,-62.4,
20250428,15:30:25,-62.3,
20250428,15:30:25,-62.2,
20250428,15:30:25,-62.2,
20250428,15:30:25,-62.1,
20250428,15:30:26,-62,
20250428,15:30:26,-61.9,
20250428,15:30:26,-61.9,
20250428,15:30:27,-61.9,
20250428,15:30:27,-61.8,
20250428,15:30:27,-61.7,
20250428,15:30:27,-61.6,
20250428,15:30:28,-61.6,
20250428,15:30:28,-61.4,
20250428,15:30:28,-61.4,
20250428,15:30:28,-61.4,
20250428,15:30:29,-61.2,
20250428,15:30:29,-61.3,
20250428,15:30:29,-61.2,
20250428,15:30:30,-61.2,
20250428,15:30:30,-61.1,
20250428,15:30:30,-61,
20250428,15:30:30,-61.1,
20250428,15:30:31,-61,
20250428,15:30:31,-60.9,
20250428,15:30:31,-60.8,
20250428,15:30:31,-60.8,
20250428,15:30:32,-60.8,
20250428,15:30:32,-60.7,
20250428,15:30:32,-60.6,
20250428,15:30:33,-60.5,
20250428,15:30:33,-60.5,
20250428,15:30:33,-60.5,
20250428,15:30:33,-60.5,
20250428,15:30:34,-60.4,
20250428,15:30:34,-60.2,
20250428,15:30:34,-60.2,
20250428,15:30:35,-60.2,
20250428,15:30:35,-60.1,
20250428,15:30:35,-60.1,
20250428,15:30:35,-60.1,
20250428,15:30:36,-60,
20250428,15:30:36,-60,
20250428,15:30:36,-59.9,
20250428,15:30:37,-59.8,
20250428,15:30:37,-59.9,
20250428,15:30:37,-59.8,
20250428,15:30:37,-59.7,
20250428,15:30:38,-59.6,
20250428,15:30:38,-59.6,
20250428,15:30:38,-59.6,
20250428,15:30:38,-59.6,
20250428,15:30:39,-59.5,
20250428,15:30:39,-59.7,
20250428,15:30:39,-60.4,
20250428,15:30:40,-61.5,
20250428,15:30:40,-62.9,
20250428,15:30:40,-64,
20250428,15:30:40,-64.9,
20250428,15:30:41,-65.6,
20250428,15:30:41,-66.1,
20250428,15:30:41,-66.5,
20250428,15:30:41,-66.9,
20250428,15:30:42,-67.3,
20250428,15:30:42,-67.6,
20250428,15:30:42,-67.9,
20250428,15:30:43,-68.2,
20250428,15:30:43,-68.7,
20250428,15:30:43,-69,
20250428,15:30:43,-69.3,
20250428,15:30:44,-69.7,
20250428,15:30:44,-69.9,
20250428,15:30:44,-70.2,
20250428,15:30:45,-70.5,
20250428,15:30:45,-70.8,
20250428,15:30:45,-70.9,
20250428,15:30:45,-71.2,
20250428,15:30:46,-71.4,
20250428,15:30:46,-71.7,
20250428,15:30:46,-72.1,
20250428,15:30:46,-72.4,
20250428,15:30:47,-72.6,
20250428,15:30:47,-72.8,
20250428,15:30:47,-73,
20250428,15:30:48,-73.1,
20250428,15:30:48,-73.1,
20250428,15:30:48,-73.3,
20250428,15:30:48,-73.3,
20250428,15:30:49,-73.3,
20250428,15:30:49,-73.3,
20250428,15:30:49,-73.3,
20250428,15:30:50,-73.3,
20250428,15:30:50,-73.3,
20250428,15:30:50,-73.4,
20250428,15:30:50,-73.4,
20250428,15:30:51,-73.4,
20250428,15:30:51,-73.3,
20250428,15:30:51,-73.3,
20250428,15:30:51,-73.2,
20250428,15:30:52,-73.2,
20250428,15:30:52,-73.1,
20250428,15:30:52,-73.1,
20250428,15:30:53,-73,
20250428,15:30:53,-72.9,
20250428,15:30:53,-72.9,
20250428,15:30:53,-72.8,
20250428,15:30:54,-72.7,
20250428,15:30:54,-72.6,
20250428,15:30:54,-72.5,
20250428,15:30:55,-72.5,
20250428,15:30:55,-72.4,
20250428,15:30:55,-72.3,
20250428,15:30:55,-72.3,
20250428,15:30:56,-72.2,
20250428,15:30:56,-72.1,
20250428,15:30:56,-72.1,
20250428,15:30:56,-72,
20250428,15:30:57,-72,
20250428,15:30:57,-71.9,
20250428,15:30:57,-71.9,
20250428,15:30:58,-71.8,
20250428,15:30:58,-71.7,
20250428,15:30:58,-71.6,
20250428,15:30:58,-71.5,
20250428,15:30:59,-71.5,
20250428,15:30:59,-71.4,
20250428,15:30:59,-71.3,
20250428,15:30:59,-71.1,
20250428,15:31:00,-71,
20250428,15:31:00,-70.9,
20250428,15:31:00,-70.8,
20250428,15:31:01,-70.8,
20250428,15:31:01,-70.7,
20250428,15:31:01,-70.5,
20250428,15:31:01,-70.4,
20250428,15:31:02,-70.2,
20250428,15:31:02,-70.2,
20250428,15:31:02,-70,
20250428,15:31:03,-69.9,
20250428,15:31:03,-69.9,
20250428,15:31:03,-69.8,
20250428,15:31:03,-69.6,
20250428,15:31:04,-69.5,
20250428,15:31:04,-69.4,
20250428,15:31:04,-69.3,
20250428,15:31:05,-69.1,
20250428,15:31:05,-69,
20250428,15:31:05,-69,
20250428,15:31:05,-68.8,
20250428,15:31:06,-68.7,
20250428,15:31:06,-68.5,
20250428,15:31:06,-68.3,
20250428,15:31:06,-68.2,
20250428,15:31:07,-68.1,
20250428,15:31:07,-68,
20250428,15:31:07,-67.8,
20250428,15:31:08,-67.7,
20250428,15:31:08,-67.5,
20250428,15:31:08,-67.3,
20250428,15:31:08,-67.3,
20250428,15:31:09,-67.3,
20250428,15:31:09,-67.1,
20250428,15:31:09,-67,
20250428,15:31:09,-66.8,
20250428,15:31:10,-66.8,
20250428,15:31:10,-66.6,
20250428,15:31:10,-66.5,
20250428,15:31:11,-66.5,
20250428,15:31:11,-66.2,
20250428,15:31:11,-66.1,
20250428,15:31:11,-66,
20250428,15:31:12,-65.9,
20250428,15:31:12,-65.9,
20250428,15:31:12,-65.9,
20250428,15:31:12,-65.9,
20250428,15:31:13,-65.8,
20250428,15:31:13,-65.8,
20250428,15:31:13,-65.8,
20250428,15:31:14,-65.7,
20250428,15:31:14,-65.7,
20250428,15:31:14,-65.8,
20250428,15:31:14,-65.7,
20250428,15:31:15,-65.8,
20250428,15:31:15,-65.8,
20250428,15:31:15,-65.7,
20250428,15:31:16,-65.7,
20250428,15:31:16,-65.6,
20250428,15:31:16,-65.6,
20250428,15:31:16,-65.6,
20250428,15:31:17,-65.6,
20250428,15:31:17,-65.9,
20250428,15:31:17,-66.7,
20250428,15:31:18,-68.1,
20250428,15:31:18,-69.5,
20250428,15:31:18,-70.8,
20250428,15:31:18,-71.8,
20250428,15:31:19,-72.7,
20250428,15:31:19,-73.3,
20250428,15:31:19,-73.9,
20250428,15:31:19,-74.2,
20250428,15:31:20,-74.6,
20250428,15:31:20,-74.8,
20250428,15:31:20,-75,
20250428,15:31:21,-75,
20250428,15:31:21,-75.1,
20250428,15:31:21,-75.1,
20250428,15:31:21,-75.1,
20250428,15:31:22,-75,
20250428,15:31:22,-75,
20250428,15:31:22,-74.8,
20250428,15:31:22,-74.8,
20250428,15:31:23,-74.6,
20250428,15:31:23,-74.4,
20250428,15:31:23,-74.3,
20250428,15:31:24,-74.2,
20250428,15:31:24,-74.1,
20250428,15:31:24,-73.9,
20250428,15:31:24,-73.8,
20250428,15:31:25,-73.6,
20250428,15:31:25,-73.5,
20250428,15:31:25,-73.3,
20250428,15:31:26,-73.3,
20250428,15:31:26,-73.1,
20250428,15:31:26,-72.9,
20250428,15:31:26,-72.8,
20250428,15:31:27,-72.6,
20250428,15:31:27,-72.5,
20250428,15:31:27,-72.4,
20250428,15:31:27,-72.3,
20250428,15:31:28,-72.1,
20250428,15:31:28,-72,
20250428,15:31:28,-71.8,
20250428,15:31:29,-71.6,
20250428,15:31:29,-71.6,
20250428,15:31:29,-71.6,
20250428,15:31:29,-71.4,
20250428,15:31:30,-71.3,
20250428,15:31:30,-71.1,
20250428,15:31:30,-70.9,
20250428,15:31:31,-70.8,
20250428,15:31:31,-70.6,
20250428,15:31:31,-70.5,
20250428,15:31:31,-70.5,
20250428,15:31:32,-70.5,
20250428,15:31:32,-71.1,
20250428,15:31:32,-71.3,
20250428,15:31:32,-71.6,
20250428,15:31:33,-71.8,
20250428,15:31:33,-71.9,
20250428,15:31:33,-71.9,
20250428,15:31:34,-71.8,
20250428,15:31:34,-71.8,
20250428,15:31:34,-71.6,
20250428,15:31:34,-71.6,
20250428,15:31:35,-71.5,
20250428,15:31:35,-71.4,
20250428,15:31:35,-71.3,
20250428,15:31:36,-71.2,
20250428,15:31:36,-71,
20250428,15:31:36,-70.9,
20250428,15:31:36,-70.8,
20250428,15:31:37,-70.7,
20250428,15:31:37,-70.6,
20250428,15:31:37,-70.4,
20250428,15:31:37,-70.4,
20250428,15:31:38,-70.2,
20250428,15:31:38,-70.1,
20250428,15:31:38,-69.9,
20250428,15:31:39,-69.9,
20250428,15:31:39,-69.7,
20250428,15:31:39,-69.5,
20250428,15:31:39,-69.4,
20250428,15:31:40,-69.2,
20250428,15:31:40,-69.1,
20250428,15:31:40,-69.1,
20250428,15:31:40,-69.3,
20250428,15:31:41,-70.3,
20250428,15:31:41,-72.1,
20250428,15:31:41,-74.1,
20250428,15:31:42,-75.4,
20250428,15:31:42,-75.9,
20250428,15:31:42,-75.7,
20250428,15:31:42,-75.1,
20250428,15:31:43,-74.7,
20250428,15:31:43,-74.5,
20250428,15:31:43,-74.3,
20250428,15:31:44,-74.5,
20250428,15:31:44,-74.9,
20250428,15:31:44,-75.1,
20250428,15:31:44,-75.6,
20250428,15:31:45,-76,
20250428,15:31:45,-76.5,
20250428,15:31:45,-77.2,
20250428,15:31:45,-78,
20250428,15:31:46,-78.3,
20250428,15:31:46,-77.4,
20250428,15:31:46,-75.9,
20250428,15:31:47,-74.2,
20250428,15:31:47,-73,
20250428,15:31:47,-72.3,
20250428,15:31:47,-72.1,
20250428,15:31:48,-72.2,
20250428,15:31:48,-72.5,
20250428,15:31:48,-73,
20250428,15:31:49,-73.7,
20250428,15:31:49,-74.4,
20250428,15:31:49,-75,
20250428,15:31:49,-75.6,
20250428,15:31:50,-76.1,
20250428,15:31:50,-76.7,
20250428,15:31:50,-77,
20250428,15:31:50,-77.5,
20250428,15:31:51,-78.1,
20250428,15:31:51,-79,
20250428,15:31:51,-79.5,
20250428,15:31:52,-79.1,
20250428,15:31:52,-77.4,
20250428,15:31:52,-75.2,
20250428,15:31:52,-73.3,
20250428,15:31:53,-71.7,
20250428,15:31:53,-70.8,
20250428,15:31:53,-70.4,
20250428,15:31:53,-70.4,
20250428,15:31:54,-70.8,
20250428,15:31:54,-71.3,
20250428,15:31:54,-71.9,
20250428,15:31:55,-72.7,
20250428,15:31:55,-73.3,
20250428,15:31:55,-74.1,
20250428,15:31:55,-74.7,
20250428,15:31:56,-75.3,
20250428,15:31:56,-75.8,
20250428,15:31:56,-76.2,
20250428,15:31:57,-76.6,
20250428,15:31:57,-76.9,
20250428,15:31:57,-77.3,
20250428,15:31:57,-77.6,
20250428,15:31:58,-77.7,
20250428,15:31:58,-77.8,
20250428,15:31:58,-78,
20250428,15:31:59,-78.1,
20250428,15:31:59,-78.2,
20250428,15:31:59,-78.2,
20250428,15:31:59,-78.3,
20250428,15:32:00,-78.3,
20250428,15:32:00,-78.3,
20250428,15:32:00,-78.3,
20250428,15:32:00,-78.3,
20250428,15:32:01,-78.3,
20250428,15:32:01,-78.3,
20250428,15:32:01,-78.4,
20250428,15:32:02,-78.4,
20250428,15:32:02,-78.4,
20250428,15:32:02,-78.4,
20250428,15:32:02,-78.4,
20250428,15:32:03,-78.4,
20250428,15:32:03,-78.4,
20250428,15:32:03,-78.5,
20250428,15:32:03,-78.5,
20250428,15:32:04,-78.6,
20250428,15:32:04,-78.6,
20250428,15:32:04,-78.7,
20250428,15:32:05,-78.7,
20250428,15:32:05,-78.8,
20250428,15:32:05,-78.9,
20250428,15:32:05,-78.9,
20250428,15:32:06,-78.9,
20250428,15:32:06,-78.9,
20250428,15:32:06,-78.9,
20250428,15:32:07,-78.9,
20250428,15:32:07,-78.9,
20250428,15:32:07,-79,
20250428,15:32:07,-79,
20250428,15:32:08,-79,
20250428,15:32:08,-79,
20250428,15:32:08,-79.1,
20250428,15:32:08,-79.1,
20250428,15:32:09,-79.1,
20250428,15:32:09,-79.1,
20250428,15:32:09,-79.1,
20250428,15:32:10,-79.1,
20250428,15:32:10,-79,
20250428,15:32:10,-79,
20250428,15:32:10,-79,
20250428,15:32:11,-78.9,
20250428,15:32:11,-78.9,
20250428,15:32:11,-78.8,
20250428,15:32:12,-78.8,
20250428,15:32:12,-78.7,
20250428,15:32:12,-78.7,
20250428,15:32:12,-78.6,
20250428,15:32:13,-78.5,
20250428,15:32:13,-78.5,
20250428,15:32:13,-78.4,
20250428,15:32:13,-78.4,
20250428,15:32:14,-78.4,
20250428,15:32:14,-78.3,
20250428,15:32:14,-78.3,
20250428,15:32:15,-78.2,
20250428,15:32:15,-78.2,
20250428,15:32:15,-78.2,
20250428,15:32:15,-78.1,
20250428,15:32:16,-78.1,
20250428,15:32:16,-78.1,
20250428,15:32:16,-78,
20250428,15:32:17,-77.9,
20250428,15:32:17,-77.8,
20250428,15:32:17,-77.7,
20250428,15:32:17,-77.7,
20250428,15:32:18,-77.6,
20250428,15:32:18,-77.6,
20250428,15:32:18,-77.6,
20250428,15:32:18,-77.5,
20250428,15:32:19,-77.5,
20250428,15:32:19,-77.4,
20250428,15:32:19,-77.4,
20250428,15:32:20,-77.3,
20250428,15:32:20,-77.4,
20250428,15:32:20,-77.3,
20250428,15:32:20,-77.3,
20250428,15:32:21,-77.2,
20250428,15:32:21,-77.2,
20250428,15:32:21,-77.1,
20250428,15:32:21,-76.9,
20250428,15:32:22,-76.9,
20250428,15:32:22,-76.8,
20250428,15:32:22,-76.8,
20250428,15:32:23,-76.7,
20250428,15:32:23,-76.7,
20250428,15:32:23,-76.7,
20250428,15:32:23,-76.5,
20250428,15:32:24,-76.4,
20250428,15:32:24,-76.4,
20250428,15:32:24,-76.2,
20250428,15:32:25,-76.1,
20250428,15:32:25,-76,
20250428,15:32:25,-75.9,
20250428,15:32:25,-75.9,
20250428,15:32:26,-75.9,
20250428,15:32:26,-75.9,
20250428,15:32:26,-75.7,
20250428,15:32:26,-75.6,
20250428,15:32:27,-75.5,
20250428,15:32:27,-75.4,
20250428,15:32:27,-75.2,
20250428,15:32:28,-75.1,
20250428,15:32:28,-75,
20250428,15:32:28,-74.9,
20250428,15:32:28,-74.8,
20250428,15:32:29,-74.7,
20250428,15:32:29,-74.5,
20250428,15:32:29,-74.4,
20250428,15:32:30,-74.3,
20250428,15:32:30,-74.2,
20250428,15:32:30,-74.2,
20250428,15:32:30,-74.1,
20250428,15:32:31,-74,
20250428,15:32:31,-73.9,
20250428,15:32:31,-73.8,
20250428,15:32:31,-73.6,
20250428,15:32:32,-73.5,
20250428,15:32:32,-73.3,
20250428,15:32:32,-73.2,
20250428,15:32:33,-73.2,
20250428,15:32:33,-73.3,
20250428,15:32:33,-73.2,
20250428,15:32:33,-73.2,
20250428,15:32:34,-73,
20250428,15:32:34,-72.8,
20250428,15:32:34,-72.6,
20250428,15:32:34,-72.5,
20250428,15:32:35,-72.5,
20250428,15:32:35,-72.5,
20250428,15:32:35,-72.3,
20250428,15:32:36,-72.2,
20250428,15:32:36,-72,
20250428,15:32:36,-72,
20250428,15:32:36,-71.9,
20250428,15:32:37,-71.7,
20250428,15:32:37,-71.6,
20250428,15:32:37,-71.7,
20250428,15:32:38,-71.6,
20250428,15:32:38,-71.6,
20250428,15:32:38,-71.6,
20250428,15:32:38,-71.6,
20250428,15:32:39,-71.4,
20250428,15:32:39,-71,
20250428,15:32:39,-70.8,
20250428,15:32:40,-70.8,
20250428,15:32:40,-70.6,
20250428,15:32:40,-70.6,
20250428,15:32:40,-70.7,
20250428,15:32:41,-70.8,
20250428,15:32:41,-70.7,
20250428,15:32:41,-70.6,
20250428,15:32:41,-70.7,
20250428,15:32:42,-70.6,
20250428,15:32:42,-70.3,
20250428,15:32:42,-70.3,
20250428,15:32:43,-70.3,
20250428,15:32:43,-70.2,
20250428,15:32:43,-70.4,
20250428,15:32:43,-71.1,
20250428,15:32:44,-72.7,
20250428,15:32:44,-74.5,
20250428,15:32:44,-75.4,
20250428,15:32:44,-75.1,
20250428,15:32:45,-74.2,
20250428,15:32:45,-73.1,
20250428,15:32:45,-72.1,
20250428,15:32:46,-71.5,
20250428,15:32:46,-71.2,
20250428,15:32:46,-71.4,
20250428,15:32:46,-71.8,
20250428,15:32:47,-72.5,
20250428,15:32:47,-73.3,
20250428,15:32:47,-74.3,
20250428,15:32:48,-75.3,
