静息,正性,中性,负性
15:43:18,15:44:51,15:46:20,15:49:51
,,,
CTP266,88:4A:EA:8B:D1:E6,,
,,,
,,,
,,,
,,,
,,,
,,,
20250514,15:33:14,-8.4,
20250514,15:33:14,-8.6,
20250514,15:33:14,-8.8,
20250514,15:33:14,-8.8,
20250514,15:33:15,-8.8,
20250514,15:33:15,-9,
20250514,15:33:15,-8.9,
20250514,15:33:15,-8.8,
20250514,15:33:16,-8.7,
20250514,15:33:16,-8.7,
20250514,15:33:16,-8.6,
20250514,15:33:17,-8.7,
20250514,15:33:17,-8.6,
20250514,15:33:17,-8.7,
20250514,15:33:17,-8.8,
20250514,15:33:18,-8.7,
20250514,15:33:18,-8.4,
20250514,15:33:18,-7.4,
20250514,15:33:19,-6.3,
20250514,15:33:19,-5.9,
20250514,15:33:19,-6.4,
20250514,15:33:19,-7.6,
20250514,15:33:20,-9.3,
20250514,15:33:20,-11,
20250514,15:33:20,-12.6,
20250514,15:33:20,-13.6,
20250514,15:33:21,-14.7,
20250514,15:33:21,-15.3,
20250514,15:33:21,-15.9,
20250514,15:33:22,-16.2,
20250514,15:33:22,-16.2,
20250514,15:33:22,-16.2,
20250514,15:33:22,-16.1,
20250514,15:33:23,-16,
20250514,15:33:23,-15.9,
20250514,15:33:23,-15.8,
20250514,15:33:23,-15.5,
20250514,15:33:24,-15.4,
20250514,15:33:24,-15.1,
20250514,15:33:24,-14.5,
20250514,15:33:25,-14,
20250514,15:33:25,-13.6,
20250514,15:33:25,-13.5,
20250514,15:33:25,-13.7,
20250514,15:33:26,-14.8,
20250514,15:33:26,-16.4,
20250514,15:33:26,-17.5,
20250514,15:33:27,-17.6,
20250514,15:33:27,-16.6,
20250514,15:33:27,-15,
20250514,15:33:27,-13.3,
20250514,15:33:28,-12,
20250514,15:33:28,-11.5,
20250514,15:33:28,-11.6,
20250514,15:33:28,-12.1,
20250514,15:33:29,-12.7,
20250514,15:33:29,-13.4,
20250514,15:33:29,-13.7,
20250514,15:33:30,-14.2,
20250514,15:33:30,-14.4,
20250514,15:33:30,-14.5,
20250514,15:33:30,-14.5,
20250514,15:33:31,-14.4,
20250514,15:33:31,-14.3,
20250514,15:33:31,-14,
20250514,15:33:31,-13.4,
20250514,15:33:32,-12.3,
20250514,15:33:32,-11.5,
20250514,15:33:32,-11,
20250514,15:33:33,-10.9,
20250514,15:33:33,-11,
20250514,15:33:33,-11.3,
20250514,15:33:33,-11.4,
20250514,15:33:34,-11.4,
20250514,15:33:34,-11.5,
20250514,15:33:34,-12.7,
20250514,15:33:35,-14.9,
20250514,15:33:35,-17.1,
20250514,15:33:35,-19.2,
20250514,15:33:35,-20.9,
20250514,15:33:36,-22.1,
20250514,15:33:36,-22.8,
20250514,15:33:36,-23.1,
20250514,15:33:36,-23.1,
20250514,15:33:37,-23,
20250514,15:33:37,-22.9,
20250514,15:33:37,-22.9,
20250514,15:33:38,-22.8,
20250514,15:33:38,-22.7,
20250514,15:33:38,-22.2,
20250514,15:33:38,-22.1,
20250514,15:33:39,-21.8,
20250514,15:33:39,-21.4,
20250514,15:33:39,-21,
20250514,15:33:40,-20.3,
20250514,15:33:40,-19.5,
20250514,15:33:40,-18.8,
20250514,15:33:40,-18,
20250514,15:33:41,-17.3,
20250514,15:33:41,-16.7,
20250514,15:33:41,-15.8,
20250514,15:33:41,-15.2,
20250514,15:33:42,-14.5,
20250514,15:33:42,-14,
20250514,15:33:42,-13.4,
20250514,15:33:43,-12.8,
20250514,15:33:43,-12.2,
20250514,15:33:43,-11.8,
20250514,15:33:43,-11.4,
20250514,15:33:44,-10.9,
20250514,15:33:44,-10.4,
20250514,15:33:44,-10.1,
20250514,15:33:45,-9.7,
20250514,15:33:45,-9.4,
20250514,15:33:45,-9.1,
20250514,15:33:45,-8.7,
20250514,15:33:46,-8.5,
20250514,15:33:46,-8.2,
20250514,15:33:46,-7.9,
20250514,15:33:46,-7.6,
20250514,15:33:47,-7.4,
20250514,15:33:47,-7.1,
20250514,15:33:47,-6.8,
20250514,15:33:48,-6.7,
20250514,15:33:48,-6.5,
20250514,15:33:48,-6.4,
20250514,15:33:48,-6.2,
20250514,15:33:49,-6.1,
20250514,15:33:49,-5.9,
20250514,15:33:49,-5.8,
20250514,15:33:49,-5.6,
20250514,15:33:50,-5.7,
20250514,15:33:50,-5.5,
20250514,15:33:50,-5.4,
20250514,15:33:51,-5.3,
20250514,15:33:51,-5.3,
20250514,15:33:51,-5.4,
20250514,15:33:51,-5.3,
20250514,15:33:52,-5.1,
20250514,15:33:52,-5.1,
20250514,15:33:52,-5,
20250514,15:33:53,-4.7,
20250514,15:33:53,-3.9,
20250514,15:33:53,-3.2,
20250514,15:33:53,-2.4,
20250514,15:33:54,-2,
20250514,15:33:54,-1.7,
20250514,15:33:54,-1.9,
20250514,15:33:54,-1.9,
20250514,15:33:55,-2.1,
20250514,15:33:55,-2.1,
20250514,15:33:55,-2.2,
20250514,15:33:56,-2.4,
20250514,15:33:56,-2.4,
20250514,15:33:56,-2.4,
20250514,15:33:56,-2.4,
20250514,15:33:57,-2.4,
20250514,15:33:57,-2.4,
20250514,15:33:57,-2.4,
20250514,15:33:57,-2.3,
20250514,15:33:58,-2.3,
20250514,15:33:58,-2.2,
20250514,15:33:58,-1.8,
20250514,15:33:59,-1.6,
20250514,15:33:59,-1.6,
20250514,15:33:59,-2.1,
20250514,15:33:59,-3.1,
20250514,15:34:00,-4.2,
20250514,15:34:00,-5.2,
20250514,15:34:00,-6,
20250514,15:34:01,-6.6,
20250514,15:34:01,-6.2,
20250514,15:34:01,-5.3,
20250514,15:34:01,-4.6,
20250514,15:34:02,-4.6,
20250514,15:34:02,-5.4,
20250514,15:34:02,-6.6,
20250514,15:34:02,-7.7,
20250514,15:34:03,-8.4,
20250514,15:34:03,-9.2,
20250514,15:34:03,-9.6,
20250514,15:34:04,-9.9,
20250514,15:34:04,-9.9,
20250514,15:34:04,-9.8,
20250514,15:34:04,-9.6,
20250514,15:34:05,-9.3,
20250514,15:34:05,-8.7,
20250514,15:34:05,-8.4,
20250514,15:34:06,-8,
20250514,15:34:06,-7.6,
20250514,15:34:06,-7.1,
20250514,15:34:06,-6.8,
20250514,15:34:07,-6.5,
20250514,15:34:07,-6.2,
20250514,15:34:07,-5.9,
20250514,15:34:07,-5.6,
20250514,15:34:08,-4.8,
20250514,15:34:08,-4.1,
20250514,15:34:08,-4,
20250514,15:34:09,-4.1,
20250514,15:34:09,-4.6,
20250514,15:34:09,-5,
20250514,15:34:09,-5.5,
20250514,15:34:10,-5.8,
20250514,15:34:10,-5.9,
20250514,15:34:10,-6,
20250514,15:34:10,-5.9,
20250514,15:34:11,-5.9,
20250514,15:34:11,-5.8,
20250514,15:34:11,-5.7,
20250514,15:34:12,-5.5,
20250514,15:34:12,-5.3,
20250514,15:34:12,-5.2,
20250514,15:34:12,-5.1,
20250514,15:34:13,-5,
20250514,15:34:13,-4.6,
20250514,15:34:13,-4.3,
20250514,15:34:14,-4.1,
20250514,15:34:14,-3.8,
20250514,15:34:14,-3.6,
20250514,15:34:14,-3.6,
20250514,15:34:15,-3.4,
20250514,15:34:15,-3.3,
20250514,15:34:15,-3.3,
20250514,15:34:15,-3.2,
20250514,15:34:16,-3.1,
20250514,15:34:16,-3.1,
20250514,15:34:16,-3,
20250514,15:34:17,-2.9,
20250514,15:34:17,-2.9,
20250514,15:34:17,-2.9,
20250514,15:34:17,-2.7,
20250514,15:34:18,-2.8,
20250514,15:34:18,-2.5,
20250514,15:34:18,-2.4,
20250514,15:34:18,-2.4,
20250514,15:34:19,-2.2,
20250514,15:34:19,-1.9,
20250514,15:34:19,-1.8,
20250514,15:34:20,-1.6,
20250514,15:34:20,-1.1,
20250514,15:34:20,-0.5,
20250514,15:34:20,0.1,
20250514,15:34:21,0.6,
20250514,15:34:21,0.8,
20250514,15:34:21,1,
20250514,15:34:22,1,
20250514,15:34:22,1.1,
20250514,15:34:22,1.4,
20250514,15:34:22,1.6,
20250514,15:34:23,1.3,
20250514,15:34:23,0.7,
20250514,15:34:23,0.1,
20250514,15:34:23,-0.7,
20250514,15:34:24,-1.2,
20250514,15:34:24,-1.6,
20250514,15:34:24,-2.1,
20250514,15:34:25,-2.2,
20250514,15:34:25,-2.3,
20250514,15:34:25,-2.3,
20250514,15:34:25,-2.1,
20250514,15:34:26,-1.9,
20250514,15:34:26,-1.6,
20250514,15:34:26,-1.4,
20250514,15:34:26,-1,
20250514,15:34:27,-0.7,
20250514,15:34:27,-0.5,
20250514,15:34:27,-0.3,
20250514,15:34:28,-0.3,
20250514,15:34:28,0,
20250514,15:34:28,0,
20250514,15:34:28,0.1,
20250514,15:34:29,0.2,
20250514,15:34:29,0.2,
20250514,15:34:29,0.3,
20250514,15:34:29,0.5,
20250514,15:34:30,0.5,
20250514,15:34:30,0.6,
20250514,15:34:30,0.7,
20250514,15:34:31,0.9,
20250514,15:34:31,0.7,
20250514,15:34:31,1,
20250514,15:34:31,1.2,
20250514,15:34:32,1.4,
20250514,15:34:32,1.6,
20250514,15:34:32,1.8,
20250514,15:34:32,1.9,
20250514,15:34:33,2.2,
20250514,15:34:33,2.3,
20250514,15:34:33,2.3,
20250514,15:34:34,2.6,
20250514,15:34:34,2.7,
20250514,15:34:34,3.4,
20250514,15:34:34,4.6,
20250514,15:34:35,5.5,
20250514,15:34:35,6,
20250514,15:34:35,6.1,
20250514,15:34:35,5.8,
20250514,15:34:36,5.5,
20250514,15:34:36,5.3,
20250514,15:34:36,5.3,
20250514,15:34:37,5.3,
20250514,15:34:37,5.3,
20250514,15:34:37,5.1,
20250514,15:34:37,4.8,
20250514,15:34:38,4.5,
20250514,15:34:38,4.4,
20250514,15:34:38,4.2,
20250514,15:34:39,4.1,
20250514,15:34:39,4.1,
20250514,15:34:39,4.2,
20250514,15:34:39,4.1,
20250514,15:34:40,4.1,
20250514,15:34:40,4.3,
20250514,15:34:40,4.4,
20250514,15:34:40,4.7,
20250514,15:34:41,5,
20250514,15:34:41,5.2,
20250514,15:34:41,5.2,
20250514,15:34:42,5.3,
20250514,15:34:42,5.3,
20250514,15:34:42,5.5,
20250514,15:34:42,5.5,
20250514,15:34:43,5.4,
20250514,15:34:43,5.3,
20250514,15:34:43,5.4,
20250514,15:34:43,5.4,
20250514,15:34:44,5.4,
20250514,15:34:44,5.4,
20250514,15:34:44,5.3,
20250514,15:34:45,5.3,
20250514,15:34:45,5.4,
20250514,15:34:45,5.5,
20250514,15:34:45,5.5,
20250514,15:34:46,5.6,
20250514,15:34:46,5.7,
20250514,15:34:46,5.7,
20250514,15:34:47,5.8,
20250514,15:34:47,6.1,
20250514,15:34:47,6.1,
20250514,15:34:47,6.2,
20250514,15:34:48,6.5,
20250514,15:34:48,7.2,
20250514,15:34:48,8.6,
20250514,15:34:48,9.9,
20250514,15:34:49,10.4,
20250514,15:34:49,10.5,
20250514,15:34:49,10.1,
20250514,15:34:50,9.3,
20250514,15:34:50,8.4,
20250514,15:34:50,7.5,
20250514,15:34:50,6.7,
20250514,15:34:51,6.3,
20250514,15:34:51,6.1,
20250514,15:34:51,5.7,
20250514,15:34:51,5.5,
20250514,15:34:52,5.5,
20250514,15:34:52,6.1,
20250514,15:34:52,7.7,
20250514,15:34:53,8.7,
20250514,15:34:53,8.4,
20250514,15:34:53,7.3,
20250514,15:34:53,5.7,
20250514,15:34:54,4.2,
20250514,15:34:54,2.7,
20250514,15:34:54,1.7,
20250514,15:34:54,0.8,
20250514,15:34:55,0.1,
20250514,15:34:55,-0.4,
20250514,15:34:55,-0.6,
20250514,15:34:56,-0.5,
20250514,15:34:56,-0.4,
20250514,15:34:56,-0.3,
20250514,15:34:56,-0.6,
20250514,15:34:57,-0.7,
20250514,15:34:57,-0.8,
20250514,15:34:57,-0.8,
20250514,15:34:58,-0.8,
20250514,15:34:58,-0.7,
20250514,15:34:58,-0.4,
20250514,15:34:58,-0.2,
20250514,15:34:59,-0.1,
20250514,15:34:59,0.2,
20250514,15:34:59,0.2,
20250514,15:34:59,0.5,
20250514,15:35:00,0.7,
20250514,15:35:00,1.6,
20250514,15:35:00,3,
20250514,15:35:01,4.5,
20250514,15:35:01,5.5,
20250514,15:35:01,5.4,
20250514,15:35:01,4.9,
20250514,15:35:02,4.3,
20250514,15:35:02,3.1,
20250514,15:35:02,2,
20250514,15:35:02,1.1,
20250514,15:35:03,0.5,
20250514,15:35:03,0.2,
20250514,15:35:03,0.1,
20250514,15:35:04,0.2,
20250514,15:35:04,0.3,
20250514,15:35:04,0.6,
20250514,15:35:04,0.7,
20250514,15:35:05,1,
20250514,15:35:05,1.2,
20250514,15:35:05,1.4,
20250514,15:35:05,1.6,
20250514,15:35:06,1.7,
20250514,15:35:06,1.8,
20250514,15:35:06,1.9,
20250514,15:35:07,2.2,
20250514,15:35:07,2.3,
20250514,15:35:07,2.6,
20250514,15:35:07,2.6,
20250514,15:35:08,2.6,
20250514,15:35:08,3,
20250514,15:35:08,3.3,
20250514,15:35:08,3.7,
20250514,15:35:09,4,
20250514,15:35:09,4.2,
20250514,15:35:09,4.4,
20250514,15:35:10,4.7,
20250514,15:35:10,4.9,
20250514,15:35:10,5.2,
20250514,15:35:10,5.3,
20250514,15:35:11,5.4,
20250514,15:35:11,5.5,
20250514,15:35:11,5.5,
20250514,15:35:12,5.5,
20250514,15:35:12,5.9,
20250514,15:35:12,6.4,
20250514,15:35:12,7,
20250514,15:35:13,7.2,
20250514,15:35:13,7.4,
20250514,15:35:13,7.2,
20250514,15:35:13,7,
20250514,15:35:14,7,
20250514,15:35:14,6.7,
20250514,15:35:14,6.6,
20250514,15:35:15,6.6,
20250514,15:35:15,6.5,
20250514,15:35:15,6.5,
20250514,15:35:15,6.5,
20250514,15:35:16,6.6,
20250514,15:35:16,6.6,
20250514,15:35:16,6.7,
20250514,15:35:16,6.8,
20250514,15:35:17,7,
20250514,15:35:17,6.9,
20250514,15:35:17,7,
20250514,15:35:18,7,
20250514,15:35:18,7.1,
20250514,15:35:18,7.2,
20250514,15:35:18,7.1,
20250514,15:35:19,7,
20250514,15:35:19,7.2,
20250514,15:35:19,7.4,
20250514,15:35:19,7.4,
20250514,15:35:20,7.8,
20250514,15:35:20,8,
20250514,15:35:20,8.4,
20250514,15:35:21,8.7,
20250514,15:35:21,8.9,
20250514,15:35:21,9,
20250514,15:35:21,8.9,
20250514,15:35:22,9,
20250514,15:35:22,8.8,
20250514,15:35:22,8.9,
20250514,15:35:22,8.8,
20250514,15:35:23,9,
20250514,15:35:23,10.1,
20250514,15:35:23,11.2,
20250514,15:35:24,12,
20250514,15:35:24,11.8,
20250514,15:35:24,11.4,
20250514,15:35:24,10.8,
20250514,15:35:25,10.4,
20250514,15:35:25,9.8,
20250514,15:35:25,9.3,
20250514,15:35:26,8.9,
20250514,15:35:26,8.7,
20250514,15:35:26,8.6,
20250514,15:35:26,8.4,
20250514,15:35:27,8.6,
20250514,15:35:27,8.6,
20250514,15:35:27,8.6,
20250514,15:35:27,8.7,
20250514,15:35:28,8.8,
20250514,15:35:28,8.9,
20250514,15:35:28,9,
20250514,15:35:29,9.1,
20250514,15:35:29,9.1,
20250514,15:35:29,9.2,
20250514,15:35:29,9.2,
20250514,15:35:30,9.2,
20250514,15:35:30,9.2,
20250514,15:35:30,9.4,
20250514,15:35:30,9.8,
20250514,15:35:31,10.5,
20250514,15:35:31,11.2,
20250514,15:35:31,10.9,
20250514,15:35:32,9.9,
20250514,15:35:32,8.7,
20250514,15:35:32,7.8,
20250514,15:35:32,7,
20250514,15:35:33,6.6,
20250514,15:35:33,6.1,
20250514,15:35:33,5.7,
20250514,15:35:34,5.5,
20250514,15:35:34,5.5,
20250514,15:35:34,5.6,
20250514,15:35:34,5.7,
20250514,15:35:35,5.8,
20250514,15:35:35,6,
20250514,15:35:35,6,
20250514,15:35:35,6,
20250514,15:35:36,6.2,
20250514,15:35:36,6.1,
20250514,15:35:36,6.1,
20250514,15:35:37,6.3,
20250514,15:35:37,6.5,
20250514,15:35:37,6.6,
20250514,15:35:37,6.7,
20250514,15:35:38,7,
20250514,15:35:38,7.2,
20250514,15:35:38,7.8,
20250514,15:35:38,8.4,
20250514,15:35:39,8.7,
20250514,15:35:39,8.6,
20250514,15:35:39,8.6,
20250514,15:35:40,8.4,
20250514,15:35:40,8.3,
20250514,15:35:40,8.2,
20250514,15:35:40,8,
20250514,15:35:41,8.4,
20250514,15:35:41,8.4,
20250514,15:35:41,8,
20250514,15:35:42,7.8,
20250514,15:35:42,7.2,
20250514,15:35:42,6.8,
20250514,15:35:42,6.5,
20250514,15:35:43,5.8,
20250514,15:35:43,4.5,
20250514,15:35:43,1.9,
20250514,15:35:43,-1.7,
20250514,15:35:44,-4.1,
20250514,15:35:44,-5.8,
20250514,15:35:44,-6.2,
20250514,15:35:45,-6.4,
20250514,15:35:45,-6.9,
20250514,15:35:45,-7.9,
20250514,15:35:45,-8.8,
20250514,15:35:46,-9.5,
20250514,15:35:46,-10.2,
20250514,15:35:46,-11.1,
20250514,15:35:46,-11.4,
20250514,15:35:47,-11.3,
20250514,15:35:47,-12.1,
20250514,15:35:47,-12.9,
20250514,15:35:48,-14.2,
20250514,15:35:48,-15.3,
20250514,15:35:48,-16.2,
20250514,15:35:48,-16.9,
20250514,15:35:49,-17.8,
20250514,15:35:49,-18.3,
20250514,15:35:49,-18.6,
20250514,15:35:49,-19,
20250514,15:35:50,-19.3,
20250514,15:35:50,-19.4,
20250514,15:35:50,-19.2,
20250514,15:35:51,-19.4,
20250514,15:35:51,-19.6,
20250514,15:35:51,-19.7,
20250514,15:35:51,-19.6,
20250514,15:35:52,-19.3,
20250514,15:35:52,-19.8,
20250514,15:35:52,-21.1,
20250514,15:35:53,-22.1,
20250514,15:35:53,-22.9,
20250514,15:35:53,-23,
20250514,15:35:53,-22.9,
20250514,15:35:54,-22.3,
20250514,15:35:54,-21.8,
20250514,15:35:54,-21.1,
20250514,15:35:54,-20.2,
20250514,15:35:55,-19.1,
20250514,15:35:55,-18.2,
20250514,15:35:55,-17.7,
20250514,15:35:56,-17.1,
20250514,15:35:56,-16.5,
20250514,15:35:56,-16,
20250514,15:35:56,-15.4,
20250514,15:35:57,-14.9,
20250514,15:35:57,-14.4,
20250514,15:35:57,-13.9,
20250514,15:35:58,-13.5,
20250514,15:35:58,-12.8,
20250514,15:35:58,-12,
20250514,15:35:58,-11.5,
20250514,15:35:59,-10.7,
20250514,15:35:59,-10.1,
20250514,15:35:59,-9.4,
20250514,15:35:59,-8.3,
20250514,15:36:00,-7.1,
20250514,15:36:00,-6.8,
20250514,15:36:00,-7.5,
20250514,15:36:01,-8.7,
20250514,15:36:01,-9.9,
20250514,15:36:01,-10.8,
20250514,15:36:01,-11.6,
20250514,15:36:02,-12.1,
20250514,15:36:02,-12.3,
20250514,15:36:02,-12.3,
20250514,15:36:03,-12.1,
20250514,15:36:03,-11.8,
20250514,15:36:03,-11.9,
20250514,15:36:03,-12.2,
20250514,15:36:04,-12.4,
20250514,15:36:04,-12.4,
20250514,15:36:04,-12.4,
20250514,15:36:04,-12.3,
20250514,15:36:05,-12.6,
20250514,15:36:05,-13.3,
20250514,15:36:05,-14.2,
20250514,15:36:06,-14.9,
20250514,15:36:06,-15.6,
20250514,15:36:06,-16.7,
20250514,15:36:06,-17.7,
20250514,15:36:07,-18,
20250514,15:36:07,-17.8,
20250514,15:36:07,-17.1,
20250514,15:36:07,-15.9,
20250514,15:36:08,-15.1,
20250514,15:36:08,-15.2,
20250514,15:36:08,-16.4,
20250514,15:36:09,-17.7,
20250514,15:36:09,-19.2,
20250514,15:36:09,-20.2,
20250514,15:36:09,-20.7,
20250514,15:36:10,-21,
20250514,15:36:10,-21,
20250514,15:36:10,-20.6,
20250514,15:36:11,-20.3,
20250514,15:36:11,-19.5,
20250514,15:36:11,-18.8,
20250514,15:36:11,-18.1,
20250514,15:36:12,-17.3,
20250514,15:36:12,-16.5,
20250514,15:36:12,-15.8,
20250514,15:36:12,-15.1,
20250514,15:36:13,-14.4,
20250514,15:36:13,-13.6,
20250514,15:36:13,-12.9,
20250514,15:36:14,-12.2,
20250514,15:36:14,-11.5,
20250514,15:36:14,-10.9,
20250514,15:36:14,-10.3,
20250514,15:36:15,-9.8,
20250514,15:36:15,-9.4,
20250514,15:36:15,-8.9,
20250514,15:36:16,-8.5,
20250514,15:36:16,-7.6,
20250514,15:36:16,-6.1,
20250514,15:36:16,-5,
20250514,15:36:17,-4.4,
20250514,15:36:17,-4.7,
20250514,15:36:17,-6.4,
20250514,15:36:17,-8.8,
20250514,15:36:18,-10.9,
20250514,15:36:18,-12.1,
20250514,15:36:18,-12.5,
20250514,15:36:19,-12.5,
20250514,15:36:19,-12.4,
20250514,15:36:19,-12,
20250514,15:36:19,-11.6,
20250514,15:36:20,-11.1,
20250514,15:36:20,-10.7,
20250514,15:36:20,-10.3,
20250514,15:36:20,-10.1,
20250514,15:36:21,-10.2,
20250514,15:36:21,-10.6,
20250514,15:36:21,-11,
20250514,15:36:22,-11.8,
20250514,15:36:22,-12.4,
20250514,15:36:22,-12.2,
20250514,15:36:22,-11.6,
20250514,15:36:23,-11,
20250514,15:36:23,-10.7,
20250514,15:36:23,-10.7,
20250514,15:36:24,-11,
20250514,15:36:24,-11.3,
20250514,15:36:24,-11.4,
20250514,15:36:24,-11.6,
20250514,15:36:25,-11.4,
20250514,15:36:25,-11,
20250514,15:36:25,-11,
20250514,15:36:25,-10.7,
20250514,15:36:26,-10.6,
20250514,15:36:26,-10.5,
20250514,15:36:26,-10.1,
20250514,15:36:27,-10.1,
20250514,15:36:27,-10.1,
20250514,15:36:27,-9.8,
20250514,15:36:27,-9.6,
20250514,15:36:28,-9.4,
20250514,15:36:28,-9.4,
20250514,15:36:28,-9.2,
20250514,15:36:28,-8.9,
20250514,15:36:29,-8.5,
20250514,15:36:29,-8,
20250514,15:36:29,-7.4,
20250514,15:36:30,-6.8,
20250514,15:36:30,-6.6,
20250514,15:36:30,-6.5,
20250514,15:36:30,-6.3,
20250514,15:36:31,-6.3,
20250514,15:36:31,-6.4,
20250514,15:36:31,-6.3,
20250514,15:36:32,-6,
20250514,15:36:32,-5.6,
20250514,15:36:32,-5.2,
20250514,15:36:32,-5.4,
20250514,15:36:33,-5.8,
20250514,15:36:33,-6,
20250514,15:36:33,-6.4,
20250514,15:36:33,-6.8,
20250514,15:36:34,-6.8,
20250514,15:36:34,-7,
20250514,15:36:34,-6.8,
20250514,15:36:35,-6.7,
20250514,15:36:35,-6.3,
20250514,15:36:35,-5.8,
20250514,15:36:35,-6.1,
20250514,15:36:36,-8,
20250514,15:36:36,-10.5,
20250514,15:36:36,-12.9,
20250514,15:36:37,-14.7,
20250514,15:36:37,-15.6,
20250514,15:36:37,-15.9,
20250514,15:36:37,-16,
20250514,15:36:38,-15.8,
20250514,15:36:38,-15.2,
20250514,15:36:38,-14.4,
20250514,15:36:38,-13.8,
20250514,15:36:39,-15.3,
20250514,15:36:39,-18,
20250514,15:36:39,-19,
20250514,15:36:40,-17.1,
20250514,15:36:40,-15.1,
20250514,15:36:40,-14,
20250514,15:36:40,-14,
20250514,15:36:41,-14.4,
20250514,15:36:41,-15.2,
20250514,15:36:41,-16.1,
20250514,15:36:42,-17,
20250514,15:36:42,-17.8,
20250514,15:36:42,-18.6,
20250514,15:36:42,-19.1,
20250514,15:36:43,-19.4,
20250514,15:36:43,-19.3,
20250514,15:36:43,-19,
20250514,15:36:43,-18.5,
20250514,15:36:44,-17.8,
20250514,15:36:44,-16.8,
20250514,15:36:44,-15.5,
20250514,15:36:45,-15.4,
20250514,15:36:45,-17.1,
20250514,15:36:45,-19.9,
20250514,15:36:45,-22.1,
20250514,15:36:46,-23.4,
20250514,15:36:46,-23.8,
20250514,15:36:46,-23.8,
20250514,15:36:46,-23.5,
20250514,15:36:47,-24,
20250514,15:36:47,-24.9,
20250514,15:36:47,-25.8,
20250514,15:36:48,-26.4,
20250514,15:36:48,-26.8,
20250514,15:36:48,-27,
20250514,15:36:48,-26.6,
20250514,15:36:49,-26.3,
20250514,15:36:49,-25.8,
20250514,15:36:49,-25,
20250514,15:36:50,-24,
20250514,15:36:50,-23.1,
20250514,15:36:50,-23.1,
20250514,15:36:50,-23.3,
20250514,15:36:51,-23.6,
20250514,15:36:51,-23.7,
20250514,15:36:51,-23.9,
20250514,15:36:51,-24,
20250514,15:36:52,-23.8,
20250514,15:36:52,-23.4,
20250514,15:36:52,-22.8,
20250514,15:36:53,-22.1,
20250514,15:36:53,-21.6,
20250514,15:36:53,-20.8,
20250514,15:36:53,-20.2,
20250514,15:36:54,-19.4,
20250514,15:36:54,-18.6,
20250514,15:36:54,-17.8,
20250514,15:36:55,-17,
20250514,15:36:55,-16.3,
20250514,15:36:55,-15.7,
20250514,15:36:55,-14.9,
20250514,15:36:56,-14.2,
20250514,15:36:56,-13.5,
20250514,15:36:56,-12.7,
20250514,15:36:56,-12.2,
20250514,15:36:57,-11.7,
20250514,15:36:57,-11.2,
20250514,15:36:57,-10.9,
20250514,15:36:58,-10.5,
20250514,15:36:58,-10.1,
20250514,15:36:58,-9.8,
20250514,15:36:58,-9.5,
20250514,15:36:59,-9.2,
20250514,15:36:59,-8.8,
20250514,15:36:59,-8.6,
20250514,15:36:59,-8.2,
20250514,15:37:00,-7.7,
20250514,15:37:00,-7.2,
20250514,15:37:00,-6.2,
20250514,15:37:01,-5.4,
20250514,15:37:01,-5,
20250514,15:37:01,-4.9,
20250514,15:37:01,-4.9,
20250514,15:37:02,-5,
20250514,15:37:02,-4.5,
20250514,15:37:02,-3.9,
20250514,15:37:03,-3.6,
20250514,15:37:03,-4,
20250514,15:37:03,-4.8,
20250514,15:37:03,-5.8,
20250514,15:37:04,-6.5,
20250514,15:37:04,-6.9,
20250514,15:37:04,-7.2,
20250514,15:37:04,-7.1,
20250514,15:37:05,-6.6,
20250514,15:37:05,-6.2,
20250514,15:37:05,-6.1,
20250514,15:37:06,-7.4,
20250514,15:37:06,-9.8,
20250514,15:37:06,-12.1,
20250514,15:37:06,-13.4,
20250514,15:37:07,-13.4,
20250514,15:37:07,-12.9,
20250514,15:37:07,-12.2,
20250514,15:37:07,-11.3,
20250514,15:37:08,-10.4,
20250514,15:37:08,-9.7,
20250514,15:37:08,-10.2,
20250514,15:37:09,-10.9,
20250514,15:37:09,-11.5,
20250514,15:37:09,-11.8,
20250514,15:37:09,-12,
20250514,15:37:10,-12,
20250514,15:37:10,-11.8,
20250514,15:37:10,-11,
20250514,15:37:11,-10.4,
20250514,15:37:11,-10.2,
20250514,15:37:11,-9.9,
20250514,15:37:11,-9.6,
20250514,15:37:12,-9.4,
20250514,15:37:12,-9,
20250514,15:37:12,-8.7,
20250514,15:37:12,-8.2,
20250514,15:37:13,-7.9,
20250514,15:37:13,-7.5,
20250514,15:37:13,-6.9,
20250514,15:37:14,-6.7,
20250514,15:37:14,-6.2,
20250514,15:37:14,-5.8,
20250514,15:37:14,-5.1,
20250514,15:37:15,-4.7,
20250514,15:37:15,-4.2,
20250514,15:37:15,-3.9,
20250514,15:37:16,-3.5,
20250514,15:37:16,-3.3,
20250514,15:37:16,-3.2,
20250514,15:37:16,-2.9,
20250514,15:37:17,-2.6,
20250514,15:37:17,-2,
20250514,15:37:17,-0.6,
20250514,15:37:17,0.1,
20250514,15:37:18,-0.1,
20250514,15:37:18,-1.1,
20250514,15:37:18,-2.1,
20250514,15:37:19,-3.1,
20250514,15:37:19,-4,
20250514,15:37:19,-4.2,
20250514,15:37:19,-4.2,
20250514,15:37:20,-4.1,
20250514,15:37:20,-3.9,
20250514,15:37:20,-3.4,
20250514,15:37:20,-3.2,
20250514,15:37:21,-2.7,
20250514,15:37:21,-2.3,
20250514,15:37:21,-1.8,
20250514,15:37:22,-1.5,
20250514,15:37:22,-1,
20250514,15:37:22,-0.7,
20250514,15:37:22,-0.4,
20250514,15:37:23,0,
20250514,15:37:23,0.2,
20250514,15:37:23,0.6,
20250514,15:37:24,1.3,
20250514,15:37:24,2,
20250514,15:37:24,2.7,
20250514,15:37:24,3.1,
20250514,15:37:25,3,
20250514,15:37:25,3,
20250514,15:37:25,3.1,
20250514,15:37:25,3,
20250514,15:37:26,2.9,
20250514,15:37:26,3.1,
20250514,15:37:26,3.7,
20250514,15:37:27,4.2,
20250514,15:37:27,4.6,
20250514,15:37:27,4.8,
20250514,15:37:27,4.7,
20250514,15:37:28,4.5,
20250514,15:37:28,4.4,
20250514,15:37:28,4.3,
20250514,15:37:28,4.2,
20250514,15:37:29,4.4,
20250514,15:37:29,4.4,
20250514,15:37:29,4.7,
20250514,15:37:30,5.7,
20250514,15:37:30,6.3,
20250514,15:37:30,5.8,
20250514,15:37:30,4.4,
20250514,15:37:31,2.7,
20250514,15:37:31,1.5,
20250514,15:37:31,0.6,
20250514,15:37:31,0.1,
20250514,15:37:32,0.1,
20250514,15:37:32,0.2,
20250514,15:37:32,0.7,
20250514,15:37:33,0.8,
20250514,15:37:33,0.9,
20250514,15:37:33,1,
20250514,15:37:33,1,
20250514,15:37:34,1.2,
20250514,15:37:34,1.4,
20250514,15:37:34,1.6,
20250514,15:37:35,1.8,
20250514,15:37:35,2.1,
20250514,15:37:35,2.4,
20250514,15:37:35,2.7,
20250514,15:37:36,3.1,
20250514,15:37:36,3.2,
20250514,15:37:36,3.5,
20250514,15:37:36,3.7,
20250514,15:37:37,3.9,
20250514,15:37:37,4.2,
20250514,15:37:37,4.3,
20250514,15:37:38,4.4,
20250514,15:37:38,4.7,
20250514,15:37:38,5.1,
20250514,15:37:38,5.8,
20250514,15:37:39,6.9,
20250514,15:37:39,7.8,
20250514,15:37:39,7.8,
20250514,15:37:39,7.2,
20250514,15:37:40,6.1,
20250514,15:37:40,5,
20250514,15:37:40,4.2,
20250514,15:37:41,3.8,
20250514,15:37:41,3.6,
20250514,15:37:41,3.7,
20250514,15:37:41,4.1,
20250514,15:37:42,4.7,
20250514,15:37:42,5.3,
20250514,15:37:42,5.2,
20250514,15:37:42,5.1,
20250514,15:37:43,4.9,
20250514,15:37:43,4.6,
20250514,15:37:43,4.4,
20250514,15:37:44,4.4,
20250514,15:37:44,4.6,
20250514,15:37:44,4.2,
20250514,15:37:44,3.6,
20250514,15:37:45,3.2,
20250514,15:37:45,3.1,
20250514,15:37:45,3,
20250514,15:37:45,3,
20250514,15:37:46,3.2,
20250514,15:37:46,3.6,
20250514,15:37:46,4.5,
20250514,15:37:47,4.4,
20250514,15:37:47,2.7,
20250514,15:37:47,-0.1,
20250514,15:37:47,-3.3,
20250514,15:37:48,-5.9,
20250514,15:37:48,-7.5,
20250514,15:37:48,-8.5,
20250514,15:37:49,-8.8,
20250514,15:37:49,-8.5,
20250514,15:37:49,-8.1,
20250514,15:37:49,-7.4,
20250514,15:37:50,-6.5,
20250514,15:37:50,-5.6,
20250514,15:37:50,-5,
20250514,15:37:50,-4.3,
20250514,15:37:51,-3.7,
20250514,15:37:51,-3.1,
20250514,15:37:51,-2.6,
20250514,15:37:52,-2.1,
20250514,15:37:52,-1.6,
20250514,15:37:52,-1,
20250514,15:37:52,-0.6,
20250514,15:37:53,0.1,
20250514,15:37:53,1.2,
20250514,15:37:53,1.8,
20250514,15:37:53,1.5,
20250514,15:37:54,0.3,
20250514,15:37:54,-0.8,
20250514,15:37:54,-1.9,
20250514,15:37:55,-2.6,
20250514,15:37:55,-3.1,
20250514,15:37:55,-3.2,
20250514,15:37:55,-3.1,
20250514,15:37:56,-2.8,
20250514,15:37:56,-2.4,
20250514,15:37:56,-1.7,
20250514,15:37:57,-1.3,
20250514,15:37:57,-0.9,
20250514,15:37:57,-0.9,
20250514,15:37:57,-0.7,
20250514,15:37:58,-0.5,
20250514,15:37:58,-0.1,
20250514,15:37:58,0.1,
20250514,15:37:58,0.5,
20250514,15:37:59,0.7,
20250514,15:37:59,1.1,
20250514,15:37:59,1.6,
20250514,15:38:00,1.9,
20250514,15:38:00,2.4,
20250514,15:38:00,2.7,
20250514,15:38:00,3.1,
20250514,15:38:01,3.4,
20250514,15:38:01,3.6,
20250514,15:38:01,4,
20250514,15:38:01,4.1,
20250514,15:38:02,4.4,
20250514,15:38:02,4.6,
20250514,15:38:02,4.8,
20250514,15:38:03,5.3,
20250514,15:38:03,5.4,
20250514,15:38:03,5.5,
20250514,15:38:03,5.6,
20250514,15:38:04,5.7,
20250514,15:38:04,5.7,
20250514,15:38:04,5.7,
20250514,15:38:04,5.8,
20250514,15:38:05,6,
20250514,15:38:05,6.1,
20250514,15:38:05,6.2,
20250514,15:38:06,6.3,
20250514,15:38:06,6.4,
20250514,15:38:06,6.6,
20250514,15:38:06,7,
20250514,15:38:07,7.2,
20250514,15:38:07,7.6,
20250514,15:38:07,7.8,
20250514,15:38:08,8,
20250514,15:38:08,8.3,
20250514,15:38:08,8.3,
20250514,15:38:08,8.3,
20250514,15:38:09,8.4,
20250514,15:38:09,8.3,
20250514,15:38:09,8.2,
20250514,15:38:09,8.3,
20250514,15:38:10,8.7,
20250514,15:38:10,8.8,
20250514,15:38:10,9.1,
20250514,15:38:11,9.4,
20250514,15:38:11,9.5,
20250514,15:38:11,9.5,
20250514,15:38:11,9.5,
20250514,15:38:12,9.3,
20250514,15:38:12,9.3,
20250514,15:38:12,9.5,
20250514,15:38:12,9.5,
20250514,15:38:13,9.5,
20250514,15:38:13,9.5,
20250514,15:38:13,9.4,
20250514,15:38:14,9.5,
20250514,15:38:14,9.4,
20250514,15:38:14,9.5,
20250514,15:38:14,9.4,
20250514,15:38:15,9.5,
20250514,15:38:15,9.3,
20250514,15:38:15,9.4,
20250514,15:38:15,9.4,
20250514,15:38:16,9.3,
20250514,15:38:16,9.5,
20250514,15:38:16,9.4,
20250514,15:38:17,9.5,
20250514,15:38:17,9.3,
20250514,15:38:17,8.8,
20250514,15:38:17,7.9,
20250514,15:38:18,6.4,
20250514,15:38:18,3.9,
20250514,15:38:18,1.3,
20250514,15:38:19,-0.4,
20250514,15:38:19,-1.3,
20250514,15:38:19,-2,
20250514,15:38:19,-2.9,
20250514,15:38:20,-3.3,
20250514,15:38:20,-3.5,
20250514,15:38:20,-3.6,
20250514,15:38:20,-3.8,
20250514,15:38:21,-4.1,
20250514,15:38:21,-4.3,
20250514,15:38:21,-4.5,
20250514,15:38:22,-4.8,
20250514,15:38:22,-4.7,
20250514,15:38:22,-4.6,
20250514,15:38:22,-4.5,
20250514,15:38:23,-4.1,
20250514,15:38:23,-3.9,
20250514,15:38:23,-3.6,
20250514,15:38:23,-3.4,
20250514,15:38:24,-3.8,
20250514,15:38:24,-4.8,
20250514,15:38:24,-6.5,
20250514,15:38:25,-8.3,
20250514,15:38:25,-10.2,
20250514,15:38:25,-11.8,
20250514,15:38:25,-12.9,
20250514,15:38:26,-13.9,
20250514,15:38:26,-14.8,
20250514,15:38:26,-15.8,
20250514,15:38:27,-16.6,
20250514,15:38:27,-16.8,
20250514,15:38:27,-16.5,
20250514,15:38:27,-16,
20250514,15:38:28,-15.3,
20250514,15:38:28,-14.8,
20250514,15:38:28,-14.2,
20250514,15:38:28,-13.7,
20250514,15:38:29,-13.3,
20250514,15:38:29,-12.8,
20250514,15:38:29,-12.3,
20250514,15:38:30,-11.8,
20250514,15:38:30,-11.2,
20250514,15:38:30,-10.5,
20250514,15:38:30,-10,
20250514,15:38:31,-9.3,
20250514,15:38:31,-8.9,
20250514,15:38:31,-8.4,
20250514,15:38:31,-7.8,
20250514,15:38:32,-6.9,
20250514,15:38:32,-6.5,
20250514,15:38:32,-6.6,
20250514,15:38:33,-7.2,
20250514,15:38:33,-7.8,
20250514,15:38:33,-8.4,
20250514,15:38:33,-9.1,
20250514,15:38:34,-10.2,
20250514,15:38:34,-11.9,
20250514,15:38:34,-13.4,
20250514,15:38:35,-14.4,
20250514,15:38:35,-14.9,
20250514,15:38:35,-14.9,
20250514,15:38:35,-14.9,
20250514,15:38:36,-14.5,
20250514,15:38:36,-14,
20250514,15:38:36,-13.4,
20250514,15:38:36,-12.7,
20250514,15:38:37,-12.1,
20250514,15:38:37,-11.5,
20250514,15:38:37,-11,
20250514,15:38:38,-10.4,
20250514,15:38:38,-9.9,
20250514,15:38:38,-9.4,
20250514,15:38:38,-9,
20250514,15:38:39,-8.6,
20250514,15:38:39,-8.2,
20250514,15:38:39,-7.7,
20250514,15:38:39,-7.6,
20250514,15:38:40,-7.7,
20250514,15:38:40,-8.1,
20250514,15:38:40,-8.4,
20250514,15:38:41,-8.8,
20250514,15:38:41,-9.1,
20250514,15:38:41,-9.3,
20250514,15:38:41,-9.2,
20250514,15:38:42,-9.2,
20250514,15:38:42,-9.1,
20250514,15:38:42,-8.7,
20250514,15:38:43,-8.2,
20250514,15:38:43,-8.4,
20250514,15:38:43,-8.7,
20250514,15:38:43,-9.1,
20250514,15:38:44,-9.3,
20250514,15:38:44,-9.3,
20250514,15:38:44,-9.3,
20250514,15:38:44,-9.3,
20250514,15:38:45,-9,
20250514,15:38:45,-8.6,
20250514,15:38:45,-8.2,
20250514,15:38:46,-7.8,
20250514,15:38:46,-7.4,
20250514,15:38:46,-7,
20250514,15:38:46,-6.6,
20250514,15:38:47,-6.2,
20250514,15:38:47,-5.8,
20250514,15:38:47,-5.3,
20250514,15:38:47,-5,
20250514,15:38:48,-4.8,
20250514,15:38:48,-4.4,
20250514,15:38:48,-4.1,
20250514,15:38:49,-3.9,
20250514,15:38:49,-3.5,
20250514,15:38:49,-3.3,
20250514,15:38:49,-3.2,
20250514,15:38:50,-3,
20250514,15:38:50,-2.8,
20250514,15:38:50,-2.5,
20250514,15:38:51,-2.4,
20250514,15:38:51,-2.1,
20250514,15:38:51,-1.8,
20250514,15:38:51,-1.5,
20250514,15:38:52,-1.4,
20250514,15:38:52,-1.1,
20250514,15:38:52,-1,
20250514,15:38:52,-0.7,
20250514,15:38:53,-0.7,
20250514,15:38:53,-0.5,
20250514,15:38:53,-0.5,
20250514,15:38:54,-0.3,
20250514,15:38:54,-0.3,
20250514,15:38:54,-0.1,
20250514,15:38:54,-0.1,
20250514,15:38:55,0.1,
20250514,15:38:55,0.1,
20250514,15:38:55,0.2,
20250514,15:38:56,0.4,
20250514,15:38:56,0.9,
20250514,15:38:56,1.4,
20250514,15:38:56,1.8,
20250514,15:38:57,1.5,
20250514,15:38:57,1,
20250514,15:38:57,0.4,
20250514,15:38:57,0.1,
20250514,15:38:58,-0.1,
20250514,15:38:58,-0.3,
20250514,15:38:58,-0.4,
20250514,15:38:59,-0.4,
20250514,15:38:59,-0.2,
20250514,15:38:59,0.1,
20250514,15:38:59,0.7,
20250514,15:39:00,1.1,
20250514,15:39:00,1.6,
20250514,15:39:00,1.8,
20250514,15:39:00,1.8,
20250514,15:39:01,1.8,
20250514,15:39:01,1.8,
20250514,15:39:01,1.9,
20250514,15:39:02,2,
20250514,15:39:02,2.1,
20250514,15:39:02,2.1,
20250514,15:39:02,2.3,
20250514,15:39:03,1.9,
20250514,15:39:03,1,
20250514,15:39:03,0.1,
20250514,15:39:03,-0.7,
20250514,15:39:04,-1.2,
20250514,15:39:04,-1.4,
20250514,15:39:04,-1.5,
20250514,15:39:05,-1.6,
20250514,15:39:05,-1.6,
20250514,15:39:05,-1.6,
20250514,15:39:05,-1.6,
20250514,15:39:06,-1.4,
20250514,15:39:06,-1.3,
20250514,15:39:06,-1.2,
20250514,15:39:06,-1,
20250514,15:39:07,-0.8,
20250514,15:39:07,-0.7,
20250514,15:39:07,-0.6,
20250514,15:39:08,-0.4,
20250514,15:39:08,-0.3,
20250514,15:39:08,-0.2,
20250514,15:39:08,0,
20250514,15:39:09,0,
20250514,15:39:09,0.1,
20250514,15:39:09,0.3,
20250514,15:39:10,0.3,
20250514,15:39:10,0.6,
20250514,15:39:10,0.6,
20250514,15:39:10,0.7,
20250514,15:39:11,0.7,
20250514,15:39:11,0.8,
20250514,15:39:11,1,
20250514,15:39:11,1.6,
20250514,15:39:12,2.3,
20250514,15:39:12,2.7,
20250514,15:39:12,2.7,
20250514,15:39:13,0.7,
20250514,15:39:13,-3,
20250514,15:39:13,-5.8,
20250514,15:39:13,-5,
20250514,15:39:14,-2.8,
20250514,15:39:14,-1.4,
20250514,15:39:14,-1.1,
20250514,15:39:14,-1.5,
20250514,15:39:15,-2.3,
20250514,15:39:15,-3.3,
20250514,15:39:15,-4.5,
20250514,15:39:16,-5.4,
20250514,15:39:16,-6.1,
20250514,15:39:16,-6.7,
20250514,15:39:16,-6.8,
20250514,15:39:17,-7.1,
20250514,15:39:17,-7,
20250514,15:39:17,-7,
20250514,15:39:18,-6.9,
20250514,15:39:18,-6.7,
20250514,15:39:18,-6.5,
20250514,15:39:18,-6.3,
20250514,15:39:19,-6.1,
20250514,15:39:19,-5.8,
20250514,15:39:19,-5.8,
20250514,15:39:19,-5.3,
20250514,15:39:20,-4.8,
20250514,15:39:20,-4.1,
20250514,15:39:20,-3.6,
20250514,15:39:21,-3.3,
20250514,15:39:21,-3.2,
20250514,15:39:21,-3.1,
20250514,15:39:21,-3.1,
20250514,15:39:22,-3,
20250514,15:39:22,-3,
20250514,15:39:22,-3,
20250514,15:39:22,-2.8,
20250514,15:39:23,-2.7,
20250514,15:39:23,-2.5,
20250514,15:39:23,-2.4,
20250514,15:39:24,-2.3,
20250514,15:39:24,-2.3,
20250514,15:39:24,-2.1,
20250514,15:39:24,-2,
20250514,15:39:25,-1.7,
20250514,15:39:25,-1.7,
20250514,15:39:25,-1.5,
20250514,15:39:26,-1.4,
20250514,15:39:26,-1.3,
20250514,15:39:26,-1,
20250514,15:39:26,-0.7,
20250514,15:39:27,-0.4,
20250514,15:39:27,-0.2,
20250514,15:39:27,0.1,
20250514,15:39:27,0.1,
20250514,15:39:28,0.2,
20250514,15:39:28,0.4,
20250514,15:39:28,0.8,
20250514,15:39:29,1.4,
20250514,15:39:29,1.7,
20250514,15:39:29,1.4,
20250514,15:39:29,0.8,
20250514,15:39:30,0.3,
20250514,15:39:30,-0.3,
20250514,15:39:30,-0.5,
20250514,15:39:30,-0.7,
20250514,15:39:31,-1.6,
20250514,15:39:31,-3.6,
20250514,15:39:31,-5.8,
20250514,15:39:32,-7.4,
20250514,15:39:32,-7.9,
20250514,15:39:32,-8,
20250514,15:39:32,-7.8,
20250514,15:39:33,-7.4,
20250514,15:39:33,-7.1,
20250514,15:39:33,-6.7,
20250514,15:39:33,-6.1,
20250514,15:39:34,-5.7,
20250514,15:39:34,-5.2,
20250514,15:39:34,-5.1,
20250514,15:39:35,-5.1,
20250514,15:39:35,-5.2,
20250514,15:39:35,-5.5,
20250514,15:39:35,-5.7,
20250514,15:39:36,-5.6,
20250514,15:39:36,-5.2,
20250514,15:39:36,-4.8,
20250514,15:39:37,-4.6,
20250514,15:39:37,-4.8,
20250514,15:39:37,-5,
20250514,15:39:37,-6,
20250514,15:39:38,-8,
20250514,15:39:38,-9.3,
20250514,15:39:38,-8.6,
20250514,15:39:38,-7.3,
20250514,15:39:39,-6.7,
20250514,15:39:39,-6.8,
20250514,15:39:39,-7.5,
20250514,15:39:40,-8,
20250514,15:39:40,-8.5,
20250514,15:39:40,-9,
20250514,15:39:40,-9.2,
20250514,15:39:41,-9.3,
20250514,15:39:41,-9.3,
20250514,15:39:41,-9.1,
20250514,15:39:41,-8.8,
20250514,15:39:42,-8.5,
20250514,15:39:42,-8.4,
20250514,15:39:42,-8,
20250514,15:39:43,-7.7,
20250514,15:39:43,-7.5,
20250514,15:39:43,-7.2,
20250514,15:39:43,-7,
20250514,15:39:44,-6.8,
20250514,15:39:44,-6.7,
20250514,15:39:44,-6.5,
20250514,15:39:45,-6.3,
20250514,15:39:45,-6,
20250514,15:39:45,-5.2,
20250514,15:39:45,-4.2,
20250514,15:39:46,-4,
20250514,15:39:46,-4.3,
20250514,15:39:46,-5,
20250514,15:39:46,-5.8,
20250514,15:39:47,-7.2,
20250514,15:39:47,-10,
20250514,15:39:47,-13,
20250514,15:39:48,-14.6,
20250514,15:39:48,-14.4,
20250514,15:39:48,-13.6,
20250514,15:39:48,-13.1,
20250514,15:39:49,-11.8,
20250514,15:39:49,-9.2,
20250514,15:39:49,-6.5,
20250514,15:39:50,-4.9,
20250514,15:39:50,-3.9,
20250514,15:39:50,-3.4,
20250514,15:39:50,-3.7,
20250514,15:39:51,-4.2,
20250514,15:39:51,-4.9,
20250514,15:39:51,-5.5,
20250514,15:39:51,-5.7,
20250514,15:39:52,-5.1,
20250514,15:39:52,-4.6,
20250514,15:39:52,-4.3,
20250514,15:39:53,-4.2,
20250514,15:39:53,-4.7,
20250514,15:39:53,-5.1,
20250514,15:39:53,-5.7,
20250514,15:39:54,-6.1,
20250514,15:39:54,-6.6,
20250514,15:39:54,-6.9,
20250514,15:39:54,-7,
20250514,15:39:55,-7.1,
20250514,15:39:55,-7.2,
20250514,15:39:55,-7.4,
20250514,15:39:56,-8.2,
20250514,15:39:56,-9.3,
20250514,15:39:56,-9.4,
20250514,15:39:56,-8.7,
20250514,15:39:57,-7.7,
20250514,15:39:57,-6.9,
20250514,15:39:57,-6.5,
20250514,15:39:58,-6.4,
20250514,15:39:58,-6.5,
20250514,15:39:58,-6.7,
20250514,15:39:58,-6.7,
20250514,15:39:59,-6.7,
20250514,15:39:59,-6.6,
20250514,15:39:59,-6.6,
20250514,15:39:59,-6.5,
20250514,15:40:00,-6.4,
20250514,15:40:00,-6.3,
20250514,15:40:00,-6.1,
20250514,15:40:01,-6,
20250514,15:40:01,-5.8,
20250514,15:40:01,-5.8,
20250514,15:40:01,-5.7,
20250514,15:40:02,-5.7,
20250514,15:40:02,-5.7,
20250514,15:40:02,-5.6,
20250514,15:40:03,-5.6,
20250514,15:40:03,-5.5,
20250514,15:40:03,-5.5,
20250514,15:40:03,-5.3,
20250514,15:40:04,-5.2,
20250514,15:40:04,-5.2,
20250514,15:40:04,-5.2,
20250514,15:40:04,-5.2,
20250514,15:40:05,-5.2,
20250514,15:40:05,-5.2,
20250514,15:40:05,-5.4,
20250514,15:40:06,-5.8,
20250514,15:40:06,-6.5,
20250514,15:40:06,-7.2,
20250514,15:40:06,-7.4,
20250514,15:40:07,-7.2,
20250514,15:40:07,-6.9,
20250514,15:40:07,-6.7,
20250514,15:40:07,-6.4,
20250514,15:40:08,-6.4,
20250514,15:40:08,-6.2,
20250514,15:40:08,-6.4,
20250514,15:40:09,-6.5,
20250514,15:40:09,-6.7,
20250514,15:40:09,-6.8,
20250514,15:40:09,-6.6,
20250514,15:40:10,-5.8,
20250514,15:40:10,-5,
20250514,15:40:10,-4.3,
20250514,15:40:11,-4.1,
20250514,15:40:11,-4,
20250514,15:40:11,-4.1,
20250514,15:40:11,-4.2,
20250514,15:40:12,-4.5,
20250514,15:40:12,-4.8,
20250514,15:40:12,-5,
20250514,15:40:12,-5.5,
20250514,15:40:13,-5.8,
20250514,15:40:13,-5.8,
20250514,15:40:13,-5.4,
20250514,15:40:14,-5,
20250514,15:40:14,-5,
20250514,15:40:14,-5.7,
20250514,15:40:14,-6.7,
20250514,15:40:15,-7.6,
20250514,15:40:15,-8.4,
20250514,15:40:15,-8.8,
20250514,15:40:15,-9.3,
20250514,15:40:16,-9.5,
20250514,15:40:16,-9.4,
20250514,15:40:16,-9.4,
20250514,15:40:17,-9.3,
20250514,15:40:17,-9.1,
20250514,15:40:17,-8.7,
20250514,15:40:17,-8.4,
20250514,15:40:18,-8.2,
20250514,15:40:18,-8,
20250514,15:40:18,-7.8,
20250514,15:40:18,-8.4,
20250514,15:40:19,-9.8,
20250514,15:40:19,-10.1,
20250514,15:40:19,-6.7,
20250514,15:40:20,-1.7,
20250514,15:40:20,1.5,
20250514,15:40:20,3.1,
20250514,15:40:20,3.5,
20250514,15:40:21,3.2,
20250514,15:40:21,2.7,
20250514,15:40:21,1.9,
20250514,15:40:22,1,
20250514,15:40:22,0.1,
20250514,15:40:22,-0.6,
20250514,15:40:22,-0.9,
20250514,15:40:23,-1.1,
20250514,15:40:23,-1.2,
20250514,15:40:23,-1.5,
20250514,15:40:23,-1.6,
20250514,15:40:24,-2,
20250514,15:40:24,-2.4,
20250514,15:40:24,-2.7,
20250514,15:40:25,-2.9,
20250514,15:40:25,-3.2,
20250514,15:40:25,-3.3,
20250514,15:40:25,-3.5,
20250514,15:40:26,-3.7,
20250514,15:40:26,-3.9,
20250514,15:40:26,-4,
20250514,15:40:26,-4.1,
20250514,15:40:27,-4.4,
20250514,15:40:27,-5,
20250514,15:40:27,-5.6,
20250514,15:40:28,-5.8,
20250514,15:40:28,-5.8,
20250514,15:40:28,-5.8,
20250514,15:40:28,-5.8,
20250514,15:40:29,-5.5,
20250514,15:40:29,-5.2,
20250514,15:40:29,-5,
20250514,15:40:30,-5,
20250514,15:40:30,-5.2,
20250514,15:40:30,-5.4,
20250514,15:40:30,-6.1,
20250514,15:40:31,-6.9,
20250514,15:40:31,-7.3,
20250514,15:40:31,-6.8,
20250514,15:40:31,-6.1,
20250514,15:40:32,-5.6,
20250514,15:40:32,-5.2,
20250514,15:40:32,-5,
20250514,15:40:33,-5,
20250514,15:40:33,-5,
20250514,15:40:33,-5.1,
20250514,15:40:33,-5.2,
20250514,15:40:34,-5.2,
20250514,15:40:34,-5.4,
20250514,15:40:34,-5,
20250514,15:40:34,-4.6,
20250514,15:40:35,-4.2,
20250514,15:40:35,-4.1,
20250514,15:40:35,-4.3,
20250514,15:40:36,-4.6,
20250514,15:40:36,-5,
20250514,15:40:36,-5.4,
20250514,15:40:36,-6,
20250514,15:40:37,-6.7,
20250514,15:40:37,-7.8,
20250514,15:40:37,-8.6,
20250514,15:40:38,-8.2,
20250514,15:40:38,-6.7,
20250514,15:40:38,-5.2,
20250514,15:40:38,-4.4,
20250514,15:40:39,-4.1,
20250514,15:40:39,-4.1,
20250514,15:40:39,-4.2,
20250514,15:40:39,-4.6,
20250514,15:40:40,-4.9,
20250514,15:40:40,-5,
20250514,15:40:40,-5.1,
20250514,15:40:41,-5,
20250514,15:40:41,-5,
20250514,15:40:41,-5,
20250514,15:40:41,-5,
20250514,15:40:42,-5.1,
20250514,15:40:42,-5.3,
20250514,15:40:42,-5.5,
20250514,15:40:42,-5.6,
20250514,15:40:43,-5.3,
20250514,15:40:43,-5.1,
20250514,15:40:43,-5.3,
20250514,15:40:44,-5.8,
20250514,15:40:44,-6.3,
20250514,15:40:44,-7.1,
20250514,15:40:44,-7.9,
20250514,15:40:45,-8.4,
20250514,15:40:45,-8.7,
20250514,15:40:45,-8.8,
20250514,15:40:46,-8.7,
20250514,15:40:46,-8.3,
20250514,15:40:46,-7.5,
20250514,15:40:46,-6.7,
20250514,15:40:47,-6.2,
20250514,15:40:47,-5.8,
20250514,15:40:47,-5.8,
20250514,15:40:47,-5.8,
20250514,15:40:48,-6.1,
20250514,15:40:48,-6.1,
20250514,15:40:48,-5.8,
20250514,15:40:49,-5.5,
20250514,15:40:49,-5.1,
20250514,15:40:49,-4.9,
20250514,15:40:49,-4.5,
20250514,15:40:50,-4.3,
20250514,15:40:50,-4.5,
20250514,15:40:50,-4.8,
20250514,15:40:50,-5,
20250514,15:40:51,-5.3,
20250514,15:40:51,-5.6,
20250514,15:40:51,-5.8,
20250514,15:40:52,-5.9,
20250514,15:40:52,-6,
20250514,15:40:52,-6.1,
20250514,15:40:52,-6.2,
20250514,15:40:53,-6.2,
20250514,15:40:53,-6.3,
20250514,15:40:53,-6.7,
20250514,15:40:53,-7,
20250514,15:40:54,-7.2,
20250514,15:40:54,-7.1,
20250514,15:40:54,-7.1,
20250514,15:40:55,-7.2,
20250514,15:40:55,-7.4,
20250514,15:40:55,-7.5,
20250514,15:40:55,-7.6,
20250514,15:40:56,-7.6,
20250514,15:40:56,-7.7,
20250514,15:40:56,-7.7,
20250514,15:40:57,-7.7,
20250514,15:40:57,-7.6,
20250514,15:40:57,-7.5,
20250514,15:40:57,-7.4,
20250514,15:40:58,-7.2,
20250514,15:40:58,-7.1,
20250514,15:40:58,-6.9,
20250514,15:40:58,-6.8,
20250514,15:40:59,-6.7,
20250514,15:40:59,-6.7,
20250514,15:40:59,-6.7,
20250514,15:41:00,-6.9,
20250514,15:41:00,-7.2,
20250514,15:41:00,-7.4,
20250514,15:41:00,-7.4,
20250514,15:41:01,-7.4,
20250514,15:41:01,-7.1,
20250514,15:41:01,-6.8,
20250514,15:41:01,-6.8,
20250514,15:41:02,-7.1,
20250514,15:41:02,-7.3,
20250514,15:41:02,-7.6,
20250514,15:41:03,-7.7,
20250514,15:41:03,-7.9,
20250514,15:41:03,-8,
20250514,15:41:03,-8.3,
20250514,15:41:04,-8.7,
20250514,15:41:04,-9,
20250514,15:41:04,-8.7,
20250514,15:41:05,-8.2,
20250514,15:41:05,-7.6,
20250514,15:41:05,-7,
20250514,15:41:05,-6.6,
20250514,15:41:06,-6.3,
20250514,15:41:06,-6.1,
20250514,15:41:06,-6,
20250514,15:41:06,-5.8,
20250514,15:41:07,-5.8,
20250514,15:41:07,-5.8,
20250514,15:41:07,-5.6,
20250514,15:41:08,-5.5,
20250514,15:41:08,-5.4,
20250514,15:41:08,-5.3,
20250514,15:41:08,-5.2,
20250514,15:41:09,-5.1,
20250514,15:41:09,-5,
20250514,15:41:09,-5,
20250514,15:41:09,-5.7,
20250514,15:41:10,-6.7,
20250514,15:41:10,-7.1,
20250514,15:41:10,-6.4,
20250514,15:41:11,-5.2,
20250514,15:41:11,-4.1,
20250514,15:41:11,-3.5,
20250514,15:41:11,-3,
20250514,15:41:12,-2.7,
20250514,15:41:12,-2.5,
20250514,15:41:12,-2.8,
20250514,15:41:13,-2.9,
20250514,15:41:13,-3.3,
20250514,15:41:13,-3.6,
20250514,15:41:13,-3.9,
20250514,15:41:14,-4.1,
20250514,15:41:14,-4.2,
20250514,15:41:14,-4.3,
20250514,15:41:14,-4.5,
20250514,15:41:15,-4.4,
20250514,15:41:15,-4.4,
20250514,15:41:15,-4.4,
20250514,15:41:16,-4.4,
20250514,15:41:16,-4.4,
20250514,15:41:16,-4.3,
20250514,15:41:16,-4.3,
20250514,15:41:17,-4.3,
20250514,15:41:17,-4.3,
20250514,15:41:17,-4.2,
20250514,15:41:17,-4.2,
20250514,15:41:18,-4.3,
20250514,15:41:18,-4.2,
20250514,15:41:18,-4.2,
20250514,15:41:19,-4.1,
20250514,15:41:19,-4.1,
20250514,15:41:19,-4,
20250514,15:41:19,-4,
20250514,15:41:20,-3.9,
20250514,15:41:20,-3.8,
20250514,15:41:20,-3.7,
20250514,15:41:21,-3.7,
20250514,15:41:21,-3.5,
20250514,15:41:21,-3.5,
20250514,15:41:21,-3.4,
20250514,15:41:22,-3.5,
20250514,15:41:22,-3.5,
20250514,15:41:22,-3.5,
20250514,15:41:22,-3.6,
20250514,15:41:23,-3.6,
20250514,15:41:23,-3.6,
20250514,15:41:23,-3.6,
20250514,15:41:24,-3.6,
20250514,15:41:24,-3.6,
20250514,15:41:24,-3.6,
20250514,15:41:24,-3.6,
20250514,15:41:25,-3.6,
20250514,15:41:25,-3.5,
20250514,15:41:25,-3.5,
20250514,15:41:26,-3.7,
20250514,15:41:26,-3.9,
20250514,15:41:26,-4.6,
20250514,15:41:26,-5.5,
20250514,15:41:27,-6.2,
20250514,15:41:27,-6.6,
20250514,15:41:27,-6.7,
20250514,15:41:27,-6.7,
20250514,15:41:28,-6.6,
20250514,15:41:28,-6.3,
20250514,15:41:28,-6,
20250514,15:41:29,-5.6,
20250514,15:41:29,-5.3,
20250514,15:41:29,-5,
20250514,15:41:29,-4.9,
20250514,15:41:30,-4.8,
20250514,15:41:30,-4.8,
20250514,15:41:30,-4.7,
20250514,15:41:30,-4.7,
20250514,15:41:31,-4.7,
20250514,15:41:31,-4.7,
20250514,15:41:31,-5,
20250514,15:41:32,-5.4,
20250514,15:41:32,-5.6,
20250514,15:41:32,-5.8,
20250514,15:41:32,-5.7,
20250514,15:41:33,-5.8,
20250514,15:41:33,-6.5,
20250514,15:41:33,-6.9,
20250514,15:41:34,-6,
20250514,15:41:34,-4.6,
20250514,15:41:34,-3.4,
20250514,15:41:34,-2.6,
20250514,15:41:35,-2.2,
20250514,15:41:35,-2.2,
20250514,15:41:35,-2.3,
20250514,15:41:35,-2.4,
20250514,15:41:36,-2.6,
20250514,15:41:36,-2.8,
20250514,15:41:36,-3.1,
20250514,15:41:37,-3.3,
20250514,15:41:37,-3.3,
20250514,15:41:37,-3.4,
20250514,15:41:37,-3.6,
20250514,15:41:38,-3.7,
20250514,15:41:38,-3.8,
20250514,15:41:38,-3.8,
20250514,15:41:38,-3.9,
20250514,15:41:39,-3.9,
20250514,15:41:39,-4,
20250514,15:41:39,-4,
20250514,15:41:40,-4,
20250514,15:41:40,-4.1,
20250514,15:41:40,-4.1,
20250514,15:41:40,-4.7,
20250514,15:41:41,-6.1,
20250514,15:41:41,-8,
20250514,15:41:41,-8.3,
20250514,15:41:42,-5.3,
20250514,15:41:42,-1.2,
20250514,15:41:42,1.6,
20250514,15:41:42,2.4,
20250514,15:41:43,2.3,
20250514,15:41:43,1.9,
20250514,15:41:43,1.2,
20250514,15:41:43,0.4,
20250514,15:41:44,-0.3,
20250514,15:41:44,-0.7,
20250514,15:41:44,-1.3,
20250514,15:41:45,-1.6,
20250514,15:41:45,-1.8,
20250514,15:41:45,-2,
20250514,15:41:45,-2.2,
20250514,15:41:46,-2.2,
20250514,15:41:46,-2.3,
20250514,15:41:46,-2.4,
20250514,15:41:46,-2.4,
20250514,15:41:47,-2.4,
20250514,15:41:47,-2.4,
20250514,15:41:47,-2.4,
20250514,15:41:48,-2.5,
20250514,15:41:48,-2.5,
20250514,15:41:48,-2.6,
20250514,15:41:48,-2.6,
20250514,15:41:49,-2.6,
20250514,15:41:49,-2.6,
20250514,15:41:49,-2.7,
20250514,15:41:50,-2.7,
20250514,15:41:50,-2.8,
20250514,15:41:50,-2.8,
20250514,15:41:50,-2.8,
20250514,15:41:51,-2.9,
20250514,15:41:51,-2.8,
20250514,15:41:51,-2.9,
20250514,15:41:51,-2.9,
20250514,15:41:52,-2.8,
20250514,15:41:52,-2.9,
20250514,15:41:52,-2.9,
20250514,15:41:53,-2.9,
20250514,15:41:53,-2.9,
20250514,15:41:53,-2.9,
20250514,15:41:53,-2.9,
20250514,15:41:54,-2.9,
20250514,15:41:54,-2.8,
20250514,15:41:54,-2.9,
20250514,15:41:54,-2.8,
20250514,15:41:55,-2.8,
20250514,15:41:55,-2.8,
20250514,15:41:55,-2.8,
20250514,15:41:56,-2.8,
20250514,15:41:56,-2.8,
20250514,15:41:56,-2.7,
20250514,15:41:56,-2.7,
20250514,15:41:57,-2.6,
20250514,15:41:57,-2.6,
20250514,15:41:57,-2.6,
20250514,15:41:58,-2.6,
20250514,15:41:58,-2.6,
20250514,15:41:58,-2.7,
20250514,15:41:58,-2.6,
20250514,15:41:59,-2.6,
20250514,15:41:59,-2.6,
20250514,15:41:59,-2.6,
20250514,15:41:59,-2.5,
20250514,15:42:00,-2.5,
20250514,15:42:00,-2.5,
20250514,15:42:00,-2.5,
20250514,15:42:01,-2.4,
20250514,15:42:01,-2.5,
20250514,15:42:01,-2.8,
20250514,15:42:01,-3.8,
20250514,15:42:02,-5.2,
20250514,15:42:02,-6.6,
20250514,15:42:02,-7.6,
20250514,15:42:02,-8.2,
20250514,15:42:03,-8.2,
20250514,15:42:03,-7.9,
20250514,15:42:03,-7.6,
20250514,15:42:04,-7.2,
20250514,15:42:04,-7,
20250514,15:42:04,-6.8,
20250514,15:42:04,-6.6,
20250514,15:42:05,-6.4,
20250514,15:42:05,-6.2,
20250514,15:42:05,-6.1,
20250514,15:42:06,-6,
20250514,15:42:06,-5.9,
20250514,15:42:06,-5.8,
20250514,15:42:06,-5.7,
20250514,15:42:07,-5.6,
20250514,15:42:07,-5.5,
20250514,15:42:07,-5.4,
20250514,15:42:07,-5.3,
20250514,15:42:08,-5.2,
20250514,15:42:08,-5.1,
20250514,15:42:08,-5.1,
20250514,15:42:09,-5,
20250514,15:42:09,-4.9,
20250514,15:42:09,-4.9,
20250514,15:42:09,-4.8,
20250514,15:42:10,-4.7,
20250514,15:42:10,-4.7,
20250514,15:42:10,-4.6,
20250514,15:42:10,-4.5,
20250514,15:42:11,-4.5,
20250514,15:42:11,-4.4,
20250514,15:42:11,-4.2,
20250514,15:42:12,-4.1,
20250514,15:42:12,-4.1,
20250514,15:42:12,-4.1,
20250514,15:42:12,-4.1,
20250514,15:42:13,-4,
20250514,15:42:13,-3.9,
20250514,15:42:13,-4,
20250514,15:42:13,-4.5,
20250514,15:42:14,-5.4,
20250514,15:42:14,-6.4,
20250514,15:42:14,-7.1,
20250514,15:42:15,-7.6,
20250514,15:42:15,-7.6,
20250514,15:42:15,-7.6,
20250514,15:42:15,-7.3,
20250514,15:42:16,-7,
20250514,15:42:16,-6.8,
20250514,15:42:16,-6.6,
20250514,15:42:17,-6.6,
20250514,15:42:17,-6.5,
20250514,15:42:17,-6.4,
20250514,15:42:17,-6.3,
20250514,15:42:18,-6.2,
20250514,15:42:18,-5.8,
20250514,15:42:18,-5.7,
20250514,15:42:18,-5.6,
20250514,15:42:19,-5.5,
20250514,15:42:19,-5.3,
20250514,15:42:19,-5.2,
20250514,15:42:20,-5.1,
20250514,15:42:20,-5,
20250514,15:42:20,-4.9,
20250514,15:42:20,-4.8,
20250514,15:42:21,-4.7,
20250514,15:42:21,-4.6,
20250514,15:42:21,-4.6,
20250514,15:42:21,-4.4,
20250514,15:42:22,-4.2,
20250514,15:42:22,-3.7,
20250514,15:42:22,-2.7,
20250514,15:42:23,-2.1,
20250514,15:42:23,-2,
20250514,15:42:23,-2.1,
20250514,15:42:23,-2.2,
20250514,15:42:24,-2.3,
20250514,15:42:24,-2.3,
20250514,15:42:24,-2.4,
20250514,15:42:25,-2.3,
20250514,15:42:25,-2.3,
20250514,15:42:25,-2.2,
20250514,15:42:25,-2.1,
20250514,15:42:26,-2,
20250514,15:42:26,-1.8,
20250514,15:42:26,-1.6,
20250514,15:42:26,-1.6,
20250514,15:42:27,-1.4,
20250514,15:42:27,-1.3,
20250514,15:42:27,-1.2,
20250514,15:42:28,-1.1,
20250514,15:42:28,-1,
20250514,15:42:28,-0.9,
20250514,15:42:28,-0.8,
20250514,15:42:29,-0.8,
20250514,15:42:29,-0.7,
20250514,15:42:29,-0.7,
20250514,15:42:29,-0.7,
20250514,15:42:30,-0.6,
20250514,15:42:30,-0.5,
20250514,15:42:30,-0.3,
20250514,15:42:31,-0.2,
20250514,15:42:31,-0.2,
20250514,15:42:31,-0.1,
20250514,15:42:31,0,
20250514,15:42:32,0,
20250514,15:42:32,0.1,
20250514,15:42:32,0.1,
20250514,15:42:33,0.2,
20250514,15:42:33,0.3,
20250514,15:42:33,0.3,
20250514,15:42:33,0.4,
20250514,15:42:34,0.4,
20250514,15:42:34,0.5,
20250514,15:42:34,0.6,
20250514,15:42:34,0.7,
20250514,15:42:35,0.8,
20250514,15:42:35,0.8,
20250514,15:42:35,0.8,
20250514,15:42:36,0.9,
20250514,15:42:36,0.9,
20250514,15:42:36,1,
20250514,15:42:36,1,
20250514,15:42:37,1.1,
20250514,15:42:37,1,
20250514,15:42:37,1.1,
20250514,15:42:37,1.2,
20250514,15:42:38,1.2,
20250514,15:42:38,1.2,
20250514,15:42:38,1.3,
20250514,15:42:39,1.3,
20250514,15:42:39,1.4,
20250514,15:42:39,1.5,
20250514,15:42:39,1.5,
20250514,15:42:40,1.6,
20250514,15:42:40,1.7,
20250514,15:42:40,1.8,
20250514,15:42:41,1.8,
20250514,15:42:41,1.8,
20250514,15:42:41,1.8,
20250514,15:42:41,1.9,
20250514,15:42:42,2,
20250514,15:42:42,2,
20250514,15:42:42,2.1,
20250514,15:42:42,2.1,
20250514,15:42:43,2.2,
20250514,15:42:43,2.2,
20250514,15:42:43,2.2,
20250514,15:42:44,2.3,
20250514,15:42:44,2.3,
20250514,15:42:44,2.4,
20250514,15:42:44,2.5,
20250514,15:42:45,2.5,
20250514,15:42:45,2.5,
20250514,15:42:45,2.6,
20250514,15:42:45,2.6,
20250514,15:42:46,2.7,
20250514,15:42:46,2.7,
20250514,15:42:46,2.7,
20250514,15:42:47,2.7,
20250514,15:42:47,2.7,
20250514,15:42:47,2.7,
20250514,15:42:47,2.7,
20250514,15:42:48,2.8,
20250514,15:42:48,2.8,
20250514,15:42:48,2.8,
20250514,15:42:48,2.8,
20250514,15:42:49,2.8,
20250514,15:42:49,2.8,
20250514,15:42:49,2.9,
20250514,15:42:50,3,
20250514,15:42:50,3,
20250514,15:42:50,3,
20250514,15:42:50,3,
20250514,15:42:51,3,
20250514,15:42:51,3,
20250514,15:42:51,3,
20250514,15:42:51,3.1,
20250514,15:42:52,3,
20250514,15:42:52,3.1,
20250514,15:42:52,3.1,
20250514,15:42:53,3.2,
20250514,15:42:53,3,
20250514,15:42:53,3.1,
20250514,15:42:53,3.1,
20250514,15:42:54,3.1,
20250514,15:42:54,3.1,
20250514,15:42:54,3.1,
20250514,15:42:54,3.1,
20250514,15:42:55,3.1,
20250514,15:42:55,3.2,
20250514,15:42:55,3.1,
20250514,15:42:56,3.1,
20250514,15:42:56,3.1,
20250514,15:42:56,3.2,
20250514,15:42:56,3.1,
20250514,15:42:57,3.1,
20250514,15:42:57,3.1,
20250514,15:42:57,3,
20250514,15:42:58,2.9,
20250514,15:42:58,2.3,
20250514,15:42:58,0.5,
20250514,15:42:58,-1.3,
20250514,15:42:59,-2.4,
20250514,15:42:59,-2.9,
20250514,15:42:59,-3,
20250514,15:42:59,-2.9,
20250514,15:43:00,-3.3,
20250514,15:43:00,-4.2,
20250514,15:43:00,-4.9,
20250514,15:43:01,-3.8,
20250514,15:43:01,-2.5,
20250514,15:43:01,-1.3,
20250514,15:43:01,-0.4,
20250514,15:43:02,0.1,
20250514,15:43:02,0.1,
20250514,15:43:02,-0.2,
20250514,15:43:02,-0.8,
20250514,15:43:03,-1.5,
20250514,15:43:03,-2.2,
20250514,15:43:03,-2.5,
20250514,15:43:04,-2.8,
20250514,15:43:04,-2.9,
20250514,15:43:04,-3,
20250514,15:43:04,-3,
20250514,15:43:05,-2.9,
20250514,15:43:05,-2.7,
20250514,15:43:05,-2.5,
20250514,15:43:06,-2.4,
20250514,15:43:06,-2.3,
20250514,15:43:06,-2,
20250514,15:43:06,-1.9,
20250514,15:43:07,-1.6,
20250514,15:43:07,-1.6,
20250514,15:43:07,-1.3,
20250514,15:43:07,-0.8,
20250514,15:43:08,-0.3,
20250514,15:43:08,0.4,
20250514,15:43:08,1.1,
20250514,15:43:09,1.5,
20250514,15:43:09,1.7,
20250514,15:43:09,1.8,
20250514,15:43:09,1.8,
20250514,15:43:10,1.8,
20250514,15:43:10,1.9,
20250514,15:43:10,2,
20250514,15:43:10,1.9,
20250514,15:43:11,1.5,
20250514,15:43:11,0.4,
20250514,15:43:11,-0.6,
20250514,15:43:12,-1.4,
20250514,15:43:12,-2,
20250514,15:43:12,-2.4,
20250514,15:43:12,-2.4,
20250514,15:43:13,-2.4,
20250514,15:43:13,-2.2,
20250514,15:43:13,-1.8,
20250514,15:43:14,-1.6,
20250514,15:43:14,-1.5,
20250514,15:43:14,-1.3,
20250514,15:43:14,-1.7,
20250514,15:43:15,-2.7,
20250514,15:43:15,-3.6,
20250514,15:43:15,-4.5,
20250514,15:43:15,-4.8,
20250514,15:43:16,-4.5,
20250514,15:43:16,-4.1,
20250514,15:43:16,-3.8,
20250514,15:43:17,-3.5,
20250514,15:43:17,-3.3,
20250514,15:43:17,-2.9,
20250514,15:43:17,-2.7,
20250514,15:43:18,-2.4,
20250514,15:43:18,-2.4,
20250514,15:43:18,-2.3,
20250514,15:43:18,-2.5,
20250514,15:43:19,-3.2,
20250514,15:43:19,-4.1,
20250514,15:43:19,-4.6,
20250514,15:43:20,-4.5,
20250514,15:43:20,-3.6,
20250514,15:43:20,-2.3,
20250514,15:43:20,-0.5,
20250514,15:43:21,1,
20250514,15:43:21,1.9,
20250514,15:43:21,2.4,
20250514,15:43:22,2.2,
20250514,15:43:22,1.8,
20250514,15:43:22,1.4,
20250514,15:43:22,0.9,
20250514,15:43:23,0.3,
20250514,15:43:23,-0.1,
20250514,15:43:23,-0.6,
20250514,15:43:23,-1.1,
20250514,15:43:24,-1.6,
20250514,15:43:24,-1.7,
20250514,15:43:24,-1.7,
20250514,15:43:25,-1.6,
20250514,15:43:25,-1.9,
20250514,15:43:25,-3.1,
20250514,15:43:25,-4.5,
20250514,15:43:26,-5.8,
20250514,15:43:26,-6.7,
20250514,15:43:26,-7.5,
20250514,15:43:26,-8,
20250514,15:43:27,-8.4,
20250514,15:43:27,-8.6,
20250514,15:43:27,-8.5,
20250514,15:43:28,-8.4,
20250514,15:43:28,-8,
20250514,15:43:28,-7.6,
20250514,15:43:28,-7.4,
20250514,15:43:29,-7,
20250514,15:43:29,-6.9,
20250514,15:43:29,-6.5,
20250514,15:43:29,-6.2,
20250514,15:43:30,-5.8,
20250514,15:43:30,-5.6,
20250514,15:43:30,-5.4,
20250514,15:43:31,-5.1,
20250514,15:43:31,-5,
20250514,15:43:31,-4.7,
20250514,15:43:31,-4.2,
20250514,15:43:32,-3.8,
20250514,15:43:32,-3.3,
20250514,15:43:32,-3,
20250514,15:43:33,-2.8,
20250514,15:43:33,-3,
20250514,15:43:33,-3,
20250514,15:43:33,-3,
20250514,15:43:34,-3.1,
20250514,15:43:34,-3.3,
20250514,15:43:34,-3.1,
20250514,15:43:34,-3.1,
20250514,15:43:35,-3,
20250514,15:43:35,-2.9,
20250514,15:43:35,-2.7,
20250514,15:43:36,-2.6,
20250514,15:43:36,-2.4,
20250514,15:43:36,-2.2,
20250514,15:43:36,-1.9,
20250514,15:43:37,-1.2,
20250514,15:43:37,-0.8,
20250514,15:43:37,-1.6,
20250514,15:43:37,-3.3,
20250514,15:43:38,-5,
20250514,15:43:38,-6.4,
20250514,15:43:38,-7.1,
20250514,15:43:39,-7.6,
20250514,15:43:39,-7.6,
20250514,15:43:39,-7.5,
20250514,15:43:39,-7.3,
20250514,15:43:40,-6.8,
20250514,15:43:40,-6.5,
20250514,15:43:40,-6,
20250514,15:43:41,-5.6,
20250514,15:43:41,-5.1,
20250514,15:43:41,-4.7,
20250514,15:43:41,-4.4,
20250514,15:43:42,-4,
20250514,15:43:42,-3.7,
20250514,15:43:42,-3.3,
20250514,15:43:42,-3.1,
20250514,15:43:43,-2.7,
20250514,15:43:43,-2.3,
20250514,15:43:43,-1.4,
20250514,15:43:44,-0.4,
20250514,15:43:44,0.3,
20250514,15:43:44,0.7,
20250514,15:43:44,0.7,
20250514,15:43:45,0.5,
20250514,15:43:45,0.3,
20250514,15:43:45,0.1,
20250514,15:43:45,0,
20250514,15:43:46,0,
20250514,15:43:46,0,
20250514,15:43:46,0,
20250514,15:43:47,0.1,
20250514,15:43:47,0.2,
20250514,15:43:47,0.4,
20250514,15:43:47,0.6,
20250514,15:43:48,0.7,
20250514,15:43:48,0.8,
20250514,15:43:48,1,
20250514,15:43:49,1,
20250514,15:43:49,1.1,
20250514,15:43:49,1.1,
20250514,15:43:49,1.1,
20250514,15:43:50,1.2,
20250514,15:43:50,1.5,
20250514,15:43:50,1.8,
20250514,15:43:50,1.8,
20250514,15:43:51,1.9,
20250514,15:43:51,2.1,
20250514,15:43:51,2.2,
20250514,15:43:52,2.5,
20250514,15:43:52,3.5,
20250514,15:43:52,4.3,
20250514,15:43:52,4.7,
20250514,15:43:53,4.5,
20250514,15:43:53,4,
20250514,15:43:53,3.5,
20250514,15:43:53,3.1,
20250514,15:43:54,2.8,
20250514,15:43:54,2.7,
20250514,15:43:54,2.7,
20250514,15:43:55,2.7,
20250514,15:43:55,2.8,
20250514,15:43:55,3.1,
20250514,15:43:55,3.3,
20250514,15:43:56,3.5,
20250514,15:43:56,3.8,
20250514,15:43:56,4,
20250514,15:43:57,4.2,
20250514,15:43:57,4.4,
20250514,15:43:57,4.5,
20250514,15:43:57,4.5,
20250514,15:43:58,4.8,
20250514,15:43:58,4.9,
20250514,15:43:58,4.9,
20250514,15:43:58,5,
20250514,15:43:59,5,
20250514,15:43:59,4.3,
20250514,15:43:59,2.2,
20250514,15:44:00,-0.8,
20250514,15:44:00,-2.9,
20250514,15:44:00,-1.6,
20250514,15:44:00,1,
20250514,15:44:01,2.7,
20250514,15:44:01,3.5,
20250514,15:44:01,3.2,
20250514,15:44:01,2.6,
20250514,15:44:02,1.8,
20250514,15:44:02,0.9,
20250514,15:44:02,0.1,
20250514,15:44:03,-0.7,
20250514,15:44:03,-1.3,
20250514,15:44:03,-1.6,
20250514,15:44:03,-2,
20250514,15:44:04,-2.1,
20250514,15:44:04,-2.2,
20250514,15:44:04,-2.2,
20250514,15:44:04,-2.1,
20250514,15:44:05,-1.6,
20250514,15:44:05,-0.8,
20250514,15:44:05,0,
20250514,15:44:06,-0.1,
20250514,15:44:06,-0.8,
20250514,15:44:06,-2.1,
20250514,15:44:06,-2.9,
20250514,15:44:07,-3.4,
20250514,15:44:07,-3.9,
20250514,15:44:07,-4,
20250514,15:44:07,-4,
20250514,15:44:08,-3.5,
20250514,15:44:08,-3.3,
20250514,15:44:08,-3.1,
20250514,15:44:09,-3.3,
20250514,15:44:09,-3.6,
20250514,15:44:09,-4.1,
20250514,15:44:09,-4.2,
20250514,15:44:10,-4.4,
20250514,15:44:10,-4.5,
20250514,15:44:10,-4.3,
20250514,15:44:11,-4.1,
20250514,15:44:11,-3.8,
20250514,15:44:11,-3.7,
20250514,15:44:11,-3.4,
20250514,15:44:12,-3.3,
20250514,15:44:12,-3.1,
20250514,15:44:12,-2.8,
20250514,15:44:12,-2.7,
20250514,15:44:13,-2.4,
20250514,15:44:13,-2.4,
20250514,15:44:13,-2.2,
20250514,15:44:14,-2,
20250514,15:44:14,-1.7,
20250514,15:44:14,-1.6,
20250514,15:44:14,-1.6,
20250514,15:44:15,-1.5,
20250514,15:44:15,-1.3,
20250514,15:44:15,-1.1,
20250514,15:44:16,-0.7,
20250514,15:44:16,-0.4,
20250514,15:44:16,0.1,
20250514,15:44:16,0.1,
20250514,15:44:17,0.1,
20250514,15:44:17,0,
20250514,15:44:17,0,
20250514,15:44:17,-0.2,
20250514,15:44:18,-0.2,
20250514,15:44:18,-0.8,
20250514,15:44:18,-2.4,
20250514,15:44:19,-4.8,
20250514,15:44:19,-5.9,
20250514,15:44:19,-5.8,
20250514,15:44:19,-4.8,
20250514,15:44:20,-4.1,
20250514,15:44:20,-3.7,
20250514,15:44:20,-3.5,
20250514,15:44:20,-3.4,
20250514,15:44:21,-3.6,
20250514,15:44:21,-3.6,
20250514,15:44:21,-3.6,
20250514,15:44:22,-3.6,
20250514,15:44:22,-3.6,
20250514,15:44:22,-3.3,
20250514,15:44:22,-3.3,
20250514,15:44:23,-3.4,
20250514,15:44:23,-3.3,
20250514,15:44:23,-3.4,
20250514,15:44:24,-3.4,
20250514,15:44:24,-3,
20250514,15:44:24,-2.9,
20250514,15:44:24,-3.2,
20250514,15:44:25,-3.6,
20250514,15:44:25,-4.1,
20250514,15:44:25,-4.5,
20250514,15:44:25,-4.7,
20250514,15:44:26,-4.8,
20250514,15:44:26,-5.3,
20250514,15:44:26,-6.7,
20250514,15:44:27,-8.2,
20250514,15:44:27,-7.4,
20250514,15:44:27,-5.6,
20250514,15:44:27,-4.2,
20250514,15:44:28,-4,
20250514,15:44:28,-4.3,
20250514,15:44:28,-4.9,
20250514,15:44:28,-5.4,
20250514,15:44:29,-5.8,
20250514,15:44:29,-6,
20250514,15:44:29,-6.4,
20250514,15:44:30,-6.3,
20250514,15:44:30,-6.2,
20250514,15:44:30,-6.1,
20250514,15:44:30,-5.9,
20250514,15:44:31,-5.8,
20250514,15:44:31,-5.8,
20250514,15:44:31,-5.6,
20250514,15:44:32,-5.5,
20250514,15:44:32,-5.4,
20250514,15:44:32,-5.2,
20250514,15:44:32,-5,
20250514,15:44:33,-5,
20250514,15:44:33,-5,
20250514,15:44:33,-4.9,
20250514,15:44:33,-4.8,
20250514,15:44:34,-4.6,
20250514,15:44:34,-4.6,
20250514,15:44:34,-4.5,
20250514,15:44:35,-4.2,
20250514,15:44:35,-4.4,
20250514,15:44:35,-4.2,
20250514,15:44:35,-4.3,
20250514,15:44:36,-4.2,
20250514,15:44:36,-4,
20250514,15:44:36,-3.9,
20250514,15:44:36,-3.6,
20250514,15:44:37,-4.1,
20250514,15:44:37,-4.9,
20250514,15:44:37,-5.6,
20250514,15:44:38,-6,
20250514,15:44:38,-6.1,
20250514,15:44:38,-6.2,
20250514,15:44:38,-6.2,
20250514,15:44:39,-6,
20250514,15:44:39,-6,
20250514,15:44:39,-5.7,
20250514,15:44:40,-5.6,
20250514,15:44:40,-5.2,
20250514,15:44:40,-5.4,
20250514,15:44:40,-5.3,
20250514,15:44:41,-5.7,
20250514,15:44:41,-6.2,
20250514,15:44:41,-7.5,
20250514,15:44:41,-7.7,
20250514,15:44:42,-6.6,
20250514,15:44:42,-4.4,
20250514,15:44:42,-3.1,
20250514,15:44:43,-2.2,
20250514,15:44:43,-1.7,
20250514,15:44:43,-1.6,
20250514,15:44:43,-1.4,
20250514,15:44:44,-1.3,
20250514,15:44:44,-2.1,
20250514,15:44:44,-3.1,
20250514,15:44:44,-4.1,
20250514,15:44:45,-5,
20250514,15:44:45,-5.7,
20250514,15:44:45,-6,
20250514,15:44:46,-6.2,
20250514,15:44:46,-6.6,
20250514,15:44:46,-6.4,
20250514,15:44:46,-6.5,
20250514,15:44:47,-6.3,
20250514,15:44:47,-6.5,
20250514,15:44:47,-6.8,
20250514,15:44:48,-7.2,
20250514,15:44:48,-7,
20250514,15:44:48,-6.7,
20250514,15:44:48,-6.3,
20250514,15:44:49,-5.8,
20250514,15:44:49,-5.8,
20250514,15:44:49,-5.8,
20250514,15:44:49,-5.6,
20250514,15:44:50,-5.5,
20250514,15:44:50,-5.8,
20250514,15:44:50,-5.6,
20250514,15:44:51,-5.4,
20250514,15:44:51,-5,
20250514,15:44:51,-4.9,
20250514,15:44:51,-4.9,
20250514,15:44:52,-4.8,
20250514,15:44:52,-4.9,
20250514,15:44:52,-5.1,
20250514,15:44:52,-5.6,
20250514,15:44:53,-5.9,
20250514,15:44:53,-4.7,
20250514,15:44:53,-2.4,
20250514,15:44:54,-0.4,
20250514,15:44:54,0.3,
20250514,15:44:54,0.7,
20250514,15:44:54,0.4,
20250514,15:44:55,-0.1,
20250514,15:44:55,-0.6,
20250514,15:44:55,-0.9,
20250514,15:44:55,-1.5,
20250514,15:44:56,-1.7,
20250514,15:44:56,-2.2,
20250514,15:44:56,-2.4,
20250514,15:44:57,-2.6,
20250514,15:44:57,-2.8,
20250514,15:44:57,-3.1,
20250514,15:44:57,-3.3,
20250514,15:44:58,-3.3,
20250514,15:44:58,-3.4,
20250514,15:44:58,-3.6,
20250514,15:44:59,-3.5,
20250514,15:44:59,-3.7,
20250514,15:44:59,-3.9,
20250514,15:44:59,-3.8,
20250514,15:45:00,-4.1,
20250514,15:45:00,-4.6,
20250514,15:45:00,-5.1,
20250514,15:45:00,-5.7,
20250514,15:45:01,-5.8,
20250514,15:45:01,-5.8,
20250514,15:45:01,-5.6,
20250514,15:45:02,-5.7,
20250514,15:45:02,-5.5,
20250514,15:45:02,-5.4,
20250514,15:45:02,-5.4,
20250514,15:45:03,-5.2,
20250514,15:45:03,-5.2,
20250514,15:45:03,-5.2,
20250514,15:45:03,-5.1,
20250514,15:45:04,-5.1,
20250514,15:45:04,-5.1,
20250514,15:45:04,-5,
20250514,15:45:05,-5,
20250514,15:45:05,-5.1,
20250514,15:45:05,-5.1,
20250514,15:45:05,-5.1,
20250514,15:45:06,-5.1,
20250514,15:45:06,-5.2,
20250514,15:45:06,-5.2,
20250514,15:45:07,-5.2,
20250514,15:45:07,-5,
20250514,15:45:07,-5.2,
20250514,15:45:07,-5,
20250514,15:45:08,-5.4,
20250514,15:45:08,-5.5,
20250514,15:45:08,-6.2,
20250514,15:45:08,-7.6,
20250514,15:45:09,-8.7,
20250514,15:45:09,-8.9,
20250514,15:45:09,-8.5,
20250514,15:45:10,-8.3,
20250514,15:45:10,-7.9,
20250514,15:45:10,-7.6,
20250514,15:45:10,-7.5,
20250514,15:45:11,-7.4,
20250514,15:45:11,-7.4,
20250514,15:45:11,-7.3,
20250514,15:45:11,-7.5,
20250514,15:45:12,-7.7,
20250514,15:45:12,-7.8,
20250514,15:45:12,-8.3,
20250514,15:45:13,-8.2,
20250514,15:45:13,-8.2,
20250514,15:45:13,-8.3,
20250514,15:45:13,-8.3,
20250514,15:45:14,-8.4,
20250514,15:45:14,-8.6,
20250514,15:45:14,-9.1,
20250514,15:45:15,-7.6,
20250514,15:45:15,-5,
20250514,15:45:15,-2.7,
20250514,15:45:15,-1.1,
20250514,15:45:16,-0.6,
20250514,15:45:16,-0.2,
20250514,15:45:16,-0.1,
20250514,15:45:16,-0.3,
20250514,15:45:17,-0.6,
20250514,15:45:17,-0.9,
20250514,15:45:17,-1.4,
20250514,15:45:18,-2,
20250514,15:45:18,-2.7,
20250514,15:45:18,-3.3,
20250514,15:45:18,-4.2,
20250514,15:45:19,-5.1,
20250514,15:45:19,-3.5,
20250514,15:45:19,0.1,
20250514,15:45:19,3.7,
20250514,15:45:20,5.9,
20250514,15:45:20,7,
20250514,15:45:20,7.1,
20250514,15:45:21,6.9,
20250514,15:45:21,6.3,
20250514,15:45:21,5.4,
20250514,15:45:21,4.6,
20250514,15:45:22,4,
20250514,15:45:22,3.2,
20250514,15:45:22,2.4,
20250514,15:45:23,1.8,
20250514,15:45:23,0.9,
20250514,15:45:23,0.2,
20250514,15:45:23,0.1,
20250514,15:45:24,0.2,
20250514,15:45:24,0.4,
20250514,15:45:24,0,
20250514,15:45:24,-0.4,
20250514,15:45:25,-0.7,
20250514,15:45:25,-1,
20250514,15:45:25,-1.4,
20250514,15:45:26,-1.8,
20250514,15:45:26,-1.9,
20250514,15:45:26,-1.8,
20250514,15:45:26,-2.4,
20250514,15:45:27,-3.7,
20250514,15:45:27,-5.4,
20250514,15:45:27,-6.8,
20250514,15:45:27,-7.9,
20250514,15:45:28,-8.5,
20250514,15:45:28,-9,
20250514,15:45:28,-9.1,
20250514,15:45:29,-9.3,
20250514,15:45:29,-9.7,
20250514,15:45:29,-10.4,
20250514,15:45:29,-10.4,
20250514,15:45:30,-8.6,
20250514,15:45:30,-5.6,
20250514,15:45:30,-3.6,
20250514,15:45:30,-3.3,
20250514,15:45:31,-3.6,
20250514,15:45:31,-4.1,
20250514,15:45:31,-4.5,
20250514,15:45:32,-4.8,
20250514,15:45:32,-5.2,
20250514,15:45:32,-5.7,
20250514,15:45:32,-6.2,
20250514,15:45:33,-6.3,
20250514,15:45:33,-6.4,
20250514,15:45:33,-5.9,
20250514,15:45:34,-4.8,
20250514,15:45:34,-3.5,
20250514,15:45:34,-2.4,
20250514,15:45:34,-1.6,
20250514,15:45:35,-1.3,
20250514,15:45:35,-1.2,
20250514,15:45:35,-1.1,
20250514,15:45:35,-1.5,
20250514,15:45:36,-2.4,
20250514,15:45:36,-3.6,
20250514,15:45:36,-5,
20250514,15:45:37,-5.8,
20250514,15:45:37,-6.6,
20250514,15:45:37,-7.1,
20250514,15:45:37,-7.1,
20250514,15:45:38,-7.2,
20250514,15:45:38,-7.4,
20250514,15:45:38,-7,
20250514,15:45:38,-6.8,
20250514,15:45:39,-6.6,
20250514,15:45:39,-6.4,
20250514,15:45:39,-6.5,
20250514,15:45:40,-6.1,
20250514,15:45:40,-5.9,
20250514,15:45:40,-5.8,
20250514,15:45:40,-5.7,
20250514,15:45:41,-5.5,
20250514,15:45:41,-5.2,
20250514,15:45:41,-5.9,
20250514,15:45:42,-7.3,
20250514,15:45:42,-9,
20250514,15:45:42,-10.8,
20250514,15:45:42,-11.8,
20250514,15:45:43,-12.6,
20250514,15:45:43,-12.9,
20250514,15:45:43,-12.9,
20250514,15:45:43,-12.7,
20250514,15:45:44,-12.5,
20250514,15:45:44,-12.1,
20250514,15:45:44,-11.6,
20250514,15:45:45,-11,
20250514,15:45:45,-10.4,
20250514,15:45:45,-10.1,
20250514,15:45:45,-9.5,
20250514,15:45:46,-9.2,
20250514,15:45:46,-8.9,
20250514,15:45:46,-8.7,
20250514,15:45:47,-8.4,
20250514,15:45:47,-8.1,
20250514,15:45:47,-7.8,
20250514,15:45:47,-7.6,
20250514,15:45:48,-7.3,
20250514,15:45:48,-6.9,
20250514,15:45:48,-6.2,
20250514,15:45:48,-5.6,
20250514,15:45:49,-5.1,
20250514,15:45:49,-5,
20250514,15:45:49,-5,
20250514,15:45:50,-4.8,
20250514,15:45:50,-4.7,
20250514,15:45:50,-4.8,
20250514,15:45:50,-5.2,
20250514,15:45:51,-6.1,
20250514,15:45:51,-4.3,
20250514,15:45:51,0.1,
20250514,15:45:51,2.4,
20250514,15:45:52,2,
20250514,15:45:52,0.8,
20250514,15:45:52,-0.5,
20250514,15:45:53,-1.2,
20250514,15:45:53,-2.1,
20250514,15:45:53,-2.6,
20250514,15:45:53,-2.8,
20250514,15:45:54,-2.7,
20250514,15:45:54,-2.8,
20250514,15:45:54,-3,
20250514,15:45:55,-3,
20250514,15:45:55,-3,
20250514,15:45:55,-3.3,
20250514,15:45:55,-3.3,
20250514,15:45:56,-3.1,
20250514,15:45:56,-2.6,
20250514,15:45:56,-2.3,
20250514,15:45:56,-1.9,
20250514,15:45:57,-1.6,
20250514,15:45:57,-1.7,
20250514,15:45:57,-1.8,
20250514,15:45:58,-1.7,
20250514,15:45:58,-1.8,
20250514,15:45:58,-1.8,
20250514,15:45:58,-1.8,
20250514,15:45:59,-1.9,
20250514,15:45:59,-1.9,
20250514,15:45:59,-1.8,
20250514,15:45:59,-1.6,
20250514,15:46:00,-1.5,
20250514,15:46:00,-1,
20250514,15:46:00,-1.1,
20250514,15:46:01,-2.4,
20250514,15:46:01,-4.4,
20250514,15:46:01,-6,
20250514,15:46:01,-6.6,
20250514,15:46:02,-6.3,
20250514,15:46:02,-5.8,
20250514,15:46:02,-5.2,
20250514,15:46:03,-4.6,
20250514,15:46:03,-4.3,
20250514,15:46:03,-4.1,
20250514,15:46:03,-4.1,
20250514,15:46:04,-4.1,
20250514,15:46:04,-4.2,
20250514,15:46:04,-4.3,
20250514,15:46:04,-4.1,
20250514,15:46:05,-3.9,
20250514,15:46:05,-3.7,
20250514,15:46:05,-3.6,
20250514,15:46:06,-3.4,
20250514,15:46:06,-3.3,
20250514,15:46:06,-3.2,
20250514,15:46:06,-3.1,
20250514,15:46:07,-3.2,
20250514,15:46:07,-3.2,
20250514,15:46:07,-3.3,
20250514,15:46:07,-3.3,
20250514,15:46:08,-3.3,
20250514,15:46:08,-3.3,
20250514,15:46:08,-3.3,
20250514,15:46:09,-3.3,
20250514,15:46:09,-3,
20250514,15:46:09,-3.1,
20250514,15:46:09,-3,
20250514,15:46:10,-3.3,
20250514,15:46:10,-3.3,
20250514,15:46:10,-3.2,
20250514,15:46:11,-3.2,
20250514,15:46:11,-3.2,
20250514,15:46:11,-3.2,
20250514,15:46:11,-3.2,
20250514,15:46:12,-3.1,
20250514,15:46:12,-3.3,
20250514,15:46:12,-3.2,
20250514,15:46:12,-3,
20250514,15:46:13,-3,
20250514,15:46:13,-3.3,
20250514,15:46:13,-3.2,
20250514,15:46:14,-3.2,
20250514,15:46:14,-3.3,
20250514,15:46:14,-3.3,
20250514,15:46:14,-3.5,
20250514,15:46:15,-3.6,
20250514,15:46:15,-3.5,
20250514,15:46:15,-3.7,
20250514,15:46:15,-3.5,
20250514,15:46:16,-3.7,
20250514,15:46:16,-3.6,
20250514,15:46:16,-3.6,
20250514,15:46:17,-3.7,
20250514,15:46:17,-3.5,
20250514,15:46:17,-3.6,
20250514,15:46:17,-3.7,
20250514,15:46:18,-3.6,
20250514,15:46:18,-3.7,
20250514,15:46:18,-3.5,
20250514,15:46:19,-3.8,
20250514,15:46:19,-3.6,
20250514,15:46:19,-3.7,
20250514,15:46:19,-3.8,
20250514,15:46:20,-3.9,
20250514,15:46:20,-4.3,
20250514,15:46:20,-4.4,
20250514,15:46:20,-4.7,
20250514,15:46:21,-5,
20250514,15:46:21,-5.1,
20250514,15:46:21,-5.1,
20250514,15:46:22,-5,
20250514,15:46:22,-5,
20250514,15:46:22,-5.1,
20250514,15:46:22,-5,
20250514,15:46:23,-5.1,
20250514,15:46:23,-5.2,
20250514,15:46:23,-5.3,
20250514,15:46:23,-5.2,
20250514,15:46:24,-5.4,
20250514,15:46:24,-6.5,
20250514,15:46:24,-6.9,
20250514,15:46:25,-5.9,
20250514,15:46:25,-4,
20250514,15:46:25,-2.4,
20250514,15:46:25,-1.3,
20250514,15:46:26,-0.9,
20250514,15:46:26,-0.8,
20250514,15:46:26,-0.9,
20250514,15:46:27,-1.1,
20250514,15:46:27,-1.4,
20250514,15:46:27,-1.8,
20250514,15:46:27,-2.3,
20250514,15:46:28,-2.5,
20250514,15:46:28,-2.7,
20250514,15:46:28,-2.9,
20250514,15:46:28,-3.3,
20250514,15:46:29,-3.3,
20250514,15:46:29,-3.5,
20250514,15:46:29,-3.7,
20250514,15:46:30,-3.7,
20250514,15:46:30,-3.6,
20250514,15:46:30,-3.6,
20250514,15:46:30,-3.7,
20250514,15:46:31,-3.7,
20250514,15:46:31,-3.8,
20250514,15:46:31,-3.8,
20250514,15:46:31,-3.9,
20250514,15:46:32,-3.8,
20250514,15:46:32,-4,
20250514,15:46:32,-4.1,
20250514,15:46:33,-4.2,
20250514,15:46:33,-4.4,
20250514,15:46:33,-4.5,
20250514,15:46:33,-5.1,
20250514,15:46:34,-6,
20250514,15:46:34,-6.7,
20250514,15:46:34,-6.8,
20250514,15:46:35,-6.5,
20250514,15:46:35,-6.1,
20250514,15:46:35,-5.6,
20250514,15:46:35,-5.4,
20250514,15:46:36,-5.3,
20250514,15:46:36,-5.3,
20250514,15:46:36,-5.3,
20250514,15:46:36,-5.9,
20250514,15:46:37,-6.9,
20250514,15:46:37,-7.2,
20250514,15:46:37,-5.7,
20250514,15:46:38,-3.4,
20250514,15:46:38,-1.4,
20250514,15:46:38,0.2,
20250514,15:46:38,1.5,
20250514,15:46:39,3.4,
20250514,15:46:39,5.4,
20250514,15:46:39,7.8,
20250514,15:46:39,9.2,
20250514,15:46:40,10,
20250514,15:46:40,10.1,
20250514,15:46:40,10,
20250514,15:46:41,9.4,
20250514,15:46:41,8.8,
20250514,15:46:41,8,
20250514,15:46:41,7.4,
20250514,15:46:42,6.7,
20250514,15:46:42,6.1,
20250514,15:46:42,5.4,
20250514,15:46:43,5.2,
20250514,15:46:43,4.4,
20250514,15:46:43,3.5,
20250514,15:46:43,2.5,
20250514,15:46:44,2.3,
20250514,15:46:44,2.8,
20250514,15:46:44,3.6,
20250514,15:46:44,4.2,
20250514,15:46:45,4.8,
20250514,15:46:45,5.1,
20250514,15:46:45,5.3,
20250514,15:46:46,5,
20250514,15:46:46,4.7,
20250514,15:46:46,4.4,
20250514,15:46:46,3.7,
20250514,15:46:47,2.7,
20250514,15:46:47,2.2,
20250514,15:46:47,1.9,
20250514,15:46:47,1.8,
20250514,15:46:48,1.8,
20250514,15:46:48,2,
20250514,15:46:48,3.1,
20250514,15:46:49,3.9,
20250514,15:46:49,4.5,
20250514,15:46:49,5.1,
20250514,15:46:49,5.3,
20250514,15:46:50,5.3,
20250514,15:46:50,5,
20250514,15:46:50,4.3,
20250514,15:46:50,4.1,
20250514,15:46:51,4.8,
20250514,15:46:51,5.5,
20250514,15:46:51,5.5,
20250514,15:46:52,4.8,
20250514,15:46:52,4.2,
20250514,15:46:52,3.5,
20250514,15:46:52,2.8,
20250514,15:46:53,2.2,
20250514,15:46:53,1.8,
20250514,15:46:53,1.5,
20250514,15:46:53,1.1,
20250514,15:46:54,1,
20250514,15:46:54,1,
20250514,15:46:54,0.7,
20250514,15:46:55,0.8,
20250514,15:46:55,0.5,
20250514,15:46:55,0.4,
20250514,15:46:55,0.4,
20250514,15:46:56,0.3,
20250514,15:46:56,0.1,
20250514,15:46:56,0.1,
20250514,15:46:56,0,
20250514,15:46:57,-0.1,
20250514,15:46:57,-0.3,
20250514,15:46:57,-0.5,
20250514,15:46:58,-0.6,
20250514,15:46:58,-0.5,
20250514,15:46:58,-0.7,
20250514,15:46:58,-0.6,
20250514,15:46:59,-0.5,
20250514,15:46:59,-0.1,
20250514,15:46:59,0.1,
20250514,15:47:00,0.3,
20250514,15:47:00,0.4,
20250514,15:47:00,0.1,
20250514,15:47:00,0.1,
20250514,15:47:01,0,
20250514,15:47:01,-0.1,
20250514,15:47:01,-0.1,
20250514,15:47:01,-0.2,
20250514,15:47:02,-0.4,
20250514,15:47:02,-0.5,
20250514,15:47:02,-0.7,
20250514,15:47:03,-0.6,
20250514,15:47:03,-0.6,
20250514,15:47:03,-0.6,
20250514,15:47:03,-0.7,
20250514,15:47:04,-0.7,
20250514,15:47:04,-0.7,
20250514,15:47:04,-0.8,
20250514,15:47:04,-0.9,
20250514,15:47:05,-0.9,
20250514,15:47:05,-1,
20250514,15:47:05,-1.1,
20250514,15:47:06,-1.1,
20250514,15:47:06,-1,
20250514,15:47:06,-0.9,
20250514,15:47:06,-0.9,
20250514,15:47:07,-1.1,
20250514,15:47:07,-2.2,
20250514,15:47:07,-3.4,
20250514,15:47:08,-4.4,
20250514,15:47:08,-4.7,
20250514,15:47:08,-4.9,
20250514,15:47:08,-4.8,
20250514,15:47:09,-4.5,
20250514,15:47:09,-4.5,
20250514,15:47:09,-4.5,
20250514,15:47:09,-4.4,
20250514,15:47:10,-4.2,
20250514,15:47:10,-4.3,
20250514,15:47:10,-4.3,
20250514,15:47:11,-4.3,
20250514,15:47:11,-4.6,
20250514,15:47:11,-4.8,
20250514,15:47:11,-4.8,
20250514,15:47:12,-5,
20250514,15:47:12,-5,
20250514,15:47:12,-5,
20250514,15:47:12,-4.9,
20250514,15:47:13,-4.7,
20250514,15:47:13,-5,
20250514,15:47:13,-5.2,
20250514,15:47:14,-5.9,
20250514,15:47:14,-6.6,
20250514,15:47:14,-6.9,
20250514,15:47:14,-6.4,
20250514,15:47:15,-5.9,
20250514,15:47:15,-5.6,
20250514,15:47:15,-5.4,
20250514,15:47:16,-5.3,
20250514,15:47:16,-5,
20250514,15:47:16,-4.8,
20250514,15:47:16,-5,
20250514,15:47:17,-5.2,
20250514,15:47:17,-5.3,
20250514,15:47:17,-5.5,
20250514,15:47:17,-5.8,
20250514,15:47:18,-5.8,
20250514,15:47:18,-5.6,
20250514,15:47:18,-5.1,
20250514,15:47:19,-4.5,
20250514,15:47:19,-4.3,
20250514,15:47:19,-4.6,
20250514,15:47:19,-5.3,
20250514,15:47:20,-5.8,
20250514,15:47:20,-6,
20250514,15:47:20,-6.2,
20250514,15:47:21,-6.2,
20250514,15:47:21,-6.2,
20250514,15:47:21,-6.2,
20250514,15:47:21,-6.1,
20250514,15:47:22,-6,
20250514,15:47:22,-6,
20250514,15:47:22,-5.9,
20250514,15:47:22,-5.6,
20250514,15:47:23,-5.5,
20250514,15:47:23,-4.8,
20250514,15:47:23,-4.6,
20250514,15:47:24,-5.4,
20250514,15:47:24,-6.6,
20250514,15:47:24,-7.5,
20250514,15:47:24,-7.5,
20250514,15:47:25,-7.3,
20250514,15:47:25,-7,
20250514,15:47:25,-6.7,
20250514,15:47:25,-6.6,
20250514,15:47:26,-6.5,
20250514,15:47:26,-6.5,
20250514,15:47:26,-6.6,
20250514,15:47:27,-7.2,
20250514,15:47:27,-8.4,
20250514,15:47:27,-9.2,
20250514,15:47:27,-9.3,
20250514,15:47:28,-9,
20250514,15:47:28,-8.6,
20250514,15:47:28,-8.4,
20250514,15:47:29,-8.3,
20250514,15:47:29,-8.3,
20250514,15:47:29,-8.2,
20250514,15:47:29,-8,
20250514,15:47:30,-7.9,
20250514,15:47:30,-7.8,
20250514,15:47:30,-7.4,
20250514,15:47:30,-6.8,
20250514,15:47:31,-6.6,
20250514,15:47:31,-7.1,
20250514,15:47:31,-7.7,
20250514,15:47:32,-8.4,
20250514,15:47:32,-8.9,
20250514,15:47:32,-9.2,
20250514,15:47:32,-9.5,
20250514,15:47:33,-9.6,
20250514,15:47:33,-10.1,
20250514,15:47:33,-11,
20250514,15:47:33,-11.2,
20250514,15:47:34,-11.2,
20250514,15:47:34,-10.8,
20250514,15:47:34,-10.6,
20250514,15:47:35,-10.3,
20250514,15:47:35,-10,
20250514,15:47:35,-9.8,
20250514,15:47:35,-9.5,
20250514,15:47:36,-9.4,
20250514,15:47:36,-9.8,
20250514,15:47:36,-10.4,
20250514,15:47:37,-10.4,
20250514,15:47:37,-9.7,
20250514,15:47:37,-8.8,
20250514,15:47:37,-7.6,
20250514,15:47:38,-6.6,
20250514,15:47:38,-5.6,
20250514,15:47:38,-5.4,
20250514,15:47:38,-5.8,
20250514,15:47:39,-6.7,
20250514,15:47:39,-7.4,
20250514,15:47:39,-7.8,
20250514,15:47:40,-8.1,
20250514,15:47:40,-8.3,
20250514,15:47:40,-8.3,
20250514,15:47:40,-8.9,
20250514,15:47:41,-10.3,
20250514,15:47:41,-11.8,
20250514,15:47:41,-12.4,
20250514,15:47:41,-12.3,
20250514,15:47:42,-12,
20250514,15:47:42,-11.9,
20250514,15:47:42,-11.8,
20250514,15:47:43,-12,
20250514,15:47:43,-12.3,
20250514,15:47:43,-12.7,
20250514,15:47:43,-12.9,
20250514,15:47:44,-13.2,
20250514,15:47:44,-13.3,
20250514,15:47:44,-13.3,
20250514,15:47:45,-13.2,
20250514,15:47:45,-13,
20250514,15:47:45,-12.7,
20250514,15:47:45,-12.2,
20250514,15:47:46,-11.8,
20250514,15:47:46,-11.3,
20250514,15:47:46,-11,
20250514,15:47:46,-10.5,
20250514,15:47:47,-9.9,
20250514,15:47:47,-9.3,
20250514,15:47:47,-8.6,
20250514,15:47:48,-8.2,
20250514,15:47:48,-7.8,
20250514,15:47:48,-7.5,
20250514,15:47:48,-7.3,
20250514,15:47:49,-7.2,
20250514,15:47:49,-6.9,
20250514,15:47:49,-6.7,
20250514,15:47:50,-6.7,
20250514,15:47:50,-6.7,
20250514,15:47:50,-6.5,
20250514,15:47:50,-6.4,
20250514,15:47:51,-6.2,
20250514,15:47:51,-5.9,
20250514,15:47:51,-5.6,
20250514,15:47:51,-5.2,
20250514,15:47:52,-5.1,
20250514,15:47:52,-5,
20250514,15:47:52,-4.9,
20250514,15:47:53,-5,
20250514,15:47:53,-5,
20250514,15:47:53,-4.8,
20250514,15:47:53,-4.8,
20250514,15:47:54,-4.7,
20250514,15:47:54,-4.9,
20250514,15:47:54,-5,
20250514,15:47:54,-5.1,
20250514,15:47:55,-5.2,
20250514,15:47:55,-5.2,
20250514,15:47:55,-5.1,
20250514,15:47:56,-5,
20250514,15:47:56,-4.9,
20250514,15:47:56,-4.8,
20250514,15:47:56,-4.6,
20250514,15:47:57,-4.3,
20250514,15:47:57,-4.3,
20250514,15:47:57,-4.2,
20250514,15:47:58,-4.2,
20250514,15:47:58,-4.3,
20250514,15:47:58,-4.4,
20250514,15:47:58,-4.3,
20250514,15:47:59,-4.4,
20250514,15:47:59,-4.3,
20250514,15:47:59,-4.2,
20250514,15:47:59,-4.3,
20250514,15:48:00,-4.4,
20250514,15:48:00,-4.3,
20250514,15:48:00,-4.4,
20250514,15:48:01,-4.3,
20250514,15:48:01,-4.2,
20250514,15:48:01,-4.2,
20250514,15:48:01,-4.2,
20250514,15:48:02,-4.2,
20250514,15:48:02,-4.1,
20250514,15:48:02,-4.1,
20250514,15:48:02,-4.1,
20250514,15:48:03,-4.1,
20250514,15:48:03,-4.2,
20250514,15:48:03,-4.3,
20250514,15:48:04,-4.1,
20250514,15:48:04,-3.6,
20250514,15:48:04,-3.3,
20250514,15:48:04,-3.6,
20250514,15:48:05,-4.5,
20250514,15:48:05,-5.2,
20250514,15:48:05,-5.8,
20250514,15:48:06,-6.1,
20250514,15:48:06,-6.3,
20250514,15:48:06,-6.3,
20250514,15:48:06,-6.3,
20250514,15:48:07,-6.1,
20250514,15:48:07,-5.9,
20250514,15:48:07,-5.6,
20250514,15:48:07,-5.1,
20250514,15:48:08,-4.9,
20250514,15:48:08,-4.7,
20250514,15:48:08,-4.4,
20250514,15:48:09,-4.3,
20250514,15:48:09,-4.1,
20250514,15:48:09,-4.1,
20250514,15:48:09,-4.1,
20250514,15:48:10,-4.3,
20250514,15:48:10,-4.9,
20250514,15:48:10,-5.5,
20250514,15:48:10,-5.9,
20250514,15:48:11,-6.1,
20250514,15:48:11,-5.9,
20250514,15:48:11,-5.8,
20250514,15:48:12,-5.4,
20250514,15:48:12,-5.1,
20250514,15:48:12,-5,
20250514,15:48:12,-5,
20250514,15:48:13,-5.1,
20250514,15:48:13,-4.9,
20250514,15:48:13,-4.6,
20250514,15:48:14,-4.2,
20250514,15:48:14,-4,
20250514,15:48:14,-4,
20250514,15:48:14,-4,
20250514,15:48:15,-4.3,
20250514,15:48:15,-3.7,
20250514,15:48:15,-3.3,
20250514,15:48:15,-3.2,
20250514,15:48:16,-3.3,
20250514,15:48:16,-4.1,
20250514,15:48:16,-4.5,
20250514,15:48:17,-4.6,
20250514,15:48:17,-4.7,
20250514,15:48:17,-4.9,
20250514,15:48:17,-5.2,
20250514,15:48:18,-5.5,
20250514,15:48:18,-5.7,
20250514,15:48:18,-5.8,
20250514,15:48:18,-5.7,
20250514,15:48:19,-5.2,
20250514,15:48:19,-4.5,
20250514,15:48:19,-4.1,
20250514,15:48:20,-4.2,
20250514,15:48:20,-4.9,
20250514,15:48:20,-5.6,
20250514,15:48:20,-6.1,
20250514,15:48:21,-6.4,
20250514,15:48:21,-6.6,
20250514,15:48:21,-6.7,
20250514,15:48:22,-6.6,
20250514,15:48:22,-6.5,
20250514,15:48:22,-6.2,
20250514,15:48:22,-6.1,
20250514,15:48:23,-5.8,
20250514,15:48:23,-5.7,
20250514,15:48:23,-5.5,
20250514,15:48:23,-5.4,
20250514,15:48:24,-5.1,
20250514,15:48:24,-4.7,
20250514,15:48:24,-4.3,
20250514,15:48:25,-3.9,
20250514,15:48:25,-3.6,
20250514,15:48:25,-3.5,
20250514,15:48:25,-3.5,
20250514,15:48:26,-3.4,
20250514,15:48:26,-3.4,
20250514,15:48:26,-3.5,
20250514,15:48:26,-3.6,
20250514,15:48:27,-3.7,
20250514,15:48:27,-3.6,
20250514,15:48:27,-3.3,
20250514,15:48:28,-3.4,
20250514,15:48:28,-4.1,
20250514,15:48:28,-4.8,
20250514,15:48:28,-5.5,
20250514,15:48:29,-5.9,
20250514,15:48:29,-6.3,
20250514,15:48:29,-6.7,
20250514,15:48:30,-7.3,
20250514,15:48:30,-7.9,
20250514,15:48:30,-8.4,
20250514,15:48:30,-8.5,
20250514,15:48:31,-8.5,
20250514,15:48:31,-8.9,
20250514,15:48:31,-9.6,
20250514,15:48:31,-9.9,
20250514,15:48:32,-9,
20250514,15:48:32,-7,
20250514,15:48:32,-5.5,
20250514,15:48:33,-4.7,
20250514,15:48:33,-4.3,
20250514,15:48:33,-4.5,
20250514,15:48:33,-5,
20250514,15:48:34,-5.5,
20250514,15:48:34,-6.1,
20250514,15:48:34,-6.6,
20250514,15:48:34,-7,
20250514,15:48:35,-7.3,
20250514,15:48:35,-7.5,
20250514,15:48:35,-7.6,
20250514,15:48:36,-8,
20250514,15:48:36,-8.2,
20250514,15:48:36,-8.1,
20250514,15:48:36,-8,
20250514,15:48:37,-7.6,
20250514,15:48:37,-7.3,
20250514,15:48:37,-6.9,
20250514,15:48:38,-6.7,
20250514,15:48:38,-6.4,
20250514,15:48:38,-6.1,
20250514,15:48:38,-5.9,
20250514,15:48:39,-5.8,
20250514,15:48:39,-5.7,
20250514,15:48:39,-5.5,
20250514,15:48:39,-5.6,
20250514,15:48:40,-5.5,
20250514,15:48:40,-5.4,
20250514,15:48:40,-5.2,
20250514,15:48:41,-5,
20250514,15:48:41,-4.8,
20250514,15:48:41,-4.5,
20250514,15:48:41,-4.4,
20250514,15:48:42,-4.6,
20250514,15:48:42,-4.6,
20250514,15:48:42,-4.7,
20250514,15:48:42,-4.9,
20250514,15:48:43,-4.9,
20250514,15:48:43,-4.9,
20250514,15:48:43,-4.8,
20250514,15:48:44,-4.6,
20250514,15:48:44,-4.2,
20250514,15:48:44,-4.1,
20250514,15:48:44,-3.8,
20250514,15:48:45,-3.7,
20250514,15:48:45,-3.8,
20250514,15:48:45,-4.1,
20250514,15:48:45,-4.9,
20250514,15:48:46,-5.8,
20250514,15:48:46,-6.3,
20250514,15:48:46,-6.3,
20250514,15:48:47,-5.8,
20250514,15:48:47,-5.3,
20250514,15:48:47,-4.7,
20250514,15:48:47,-4.2,
20250514,15:48:48,-4,
20250514,15:48:48,-3.9,
20250514,15:48:48,-4.1,
20250514,15:48:49,-5.1,
20250514,15:48:49,-5.8,
20250514,15:48:49,-5,
20250514,15:48:49,-3.5,
20250514,15:48:50,-2.5,
20250514,15:48:50,-2,
20250514,15:48:50,-1.6,
20250514,15:48:50,-1.6,
20250514,15:48:51,-1.6,
20250514,15:48:51,-1.7,
20250514,15:48:51,-1.7,
20250514,15:48:52,-1.7,
20250514,15:48:52,-1.9,
20250514,15:48:52,-2.1,
20250514,15:48:52,-2.4,
20250514,15:48:53,-2.7,
20250514,15:48:53,-3,
20250514,15:48:53,-3.2,
20250514,15:48:53,-3.3,
20250514,15:48:54,-3,
20250514,15:48:54,-2.7,
20250514,15:48:54,-2.5,
20250514,15:48:55,-2.6,
20250514,15:48:55,-2.8,
20250514,15:48:55,-3,
20250514,15:48:55,-3.2,
20250514,15:48:56,-3.3,
20250514,15:48:56,-3.4,
20250514,15:48:56,-3.5,
20250514,15:48:57,-3.6,
20250514,15:48:57,-3.6,
20250514,15:48:57,-3.5,
20250514,15:48:57,-3.4,
20250514,15:48:58,-3.4,
20250514,15:48:58,-3.3,
20250514,15:48:58,-3.3,
20250514,15:48:58,-3.3,
20250514,15:48:59,-3.5,
20250514,15:48:59,-3.8,
20250514,15:48:59,-3.8,
20250514,15:49:00,-3.9,
20250514,15:49:00,-3.8,
20250514,15:49:00,-3.9,
20250514,15:49:00,-4,
20250514,15:49:01,-4,
20250514,15:49:01,-3.9,
20250514,15:49:01,-3.9,
20250514,15:49:01,-3.9,
20250514,15:49:02,-4,
20250514,15:49:02,-4,
20250514,15:49:02,-3.7,
20250514,15:49:03,-4,
20250514,15:49:03,-4.6,
20250514,15:49:03,-5.4,
20250514,15:49:03,-6.2,
20250514,15:49:04,-6.9,
20250514,15:49:04,-8.1,
20250514,15:49:04,-9.9,
20250514,15:49:05,-10.3,
20250514,15:49:05,-9.4,
20250514,15:49:05,-8,
20250514,15:49:05,-6.7,
20250514,15:49:06,-6,
20250514,15:49:06,-5.7,
20250514,15:49:06,-5.6,
20250514,15:49:06,-5.7,
20250514,15:49:07,-5.7,
20250514,15:49:07,-5.8,
20250514,15:49:07,-5.9,
20250514,15:49:08,-6.4,
20250514,15:49:08,-6.9,
20250514,15:49:08,-7.5,
20250514,15:49:08,-8,
20250514,15:49:09,-8.4,
20250514,15:49:09,-8.6,
20250514,15:49:09,-8.7,
20250514,15:49:10,-8.8,
20250514,15:49:10,-8.7,
20250514,15:49:10,-8.5,
20250514,15:49:10,-8.4,
20250514,15:49:11,-8.3,
20250514,15:49:11,-8.2,
20250514,15:49:11,-8.1,
20250514,15:49:11,-7.8,
20250514,15:49:12,-7.6,
20250514,15:49:12,-7.5,
20250514,15:49:12,-7.5,
20250514,15:49:13,-7.3,
20250514,15:49:13,-7.2,
20250514,15:49:13,-7.1,
20250514,15:49:13,-6.9,
20250514,15:49:14,-6.7,
20250514,15:49:14,-6.6,
20250514,15:49:14,-6.4,
20250514,15:49:14,-6.2,
20250514,15:49:15,-6.1,
20250514,15:49:15,-6,
20250514,15:49:15,-6.1,
20250514,15:49:16,-6.4,
20250514,15:49:16,-6.8,
20250514,15:49:16,-7.6,
20250514,15:49:16,-8.4,
20250514,15:49:17,-9.2,
20250514,15:49:17,-9.5,
20250514,15:49:17,-9.3,
20250514,15:49:18,-8.3,
20250514,15:49:18,-6.9,
20250514,15:49:18,-5.9,
20250514,15:49:18,-5.8,
20250514,15:49:19,-6,
20250514,15:49:19,-6.6,
20250514,15:49:19,-7.3,
20250514,15:49:19,-8.2,
20250514,15:49:20,-8.9,
20250514,15:49:20,-8.9,
20250514,15:49:20,-8,
20250514,15:49:21,-6.7,
20250514,15:49:21,-5.3,
20250514,15:49:21,-3.6,
20250514,15:49:21,-2,
20250514,15:49:22,-1.6,
20250514,15:49:22,-2.1,
20250514,15:49:22,-2.8,
20250514,15:49:22,-3.7,
20250514,15:49:23,-4.3,
20250514,15:49:23,-4.8,
20250514,15:49:23,-4.9,
20250514,15:49:24,-5,
20250514,15:49:24,-5.3,
20250514,15:49:24,-5.6,
20250514,15:49:24,-6.2,
20250514,15:49:25,-6.7,
20250514,15:49:25,-7.3,
20250514,15:49:25,-7.8,
20250514,15:49:26,-8.2,
20250514,15:49:26,-8.5,
20250514,15:49:26,-8.6,
20250514,15:49:26,-8.7,
20250514,15:49:27,-8.6,
20250514,15:49:27,-8.4,
20250514,15:49:27,-8.4,
20250514,15:49:27,-8.1,
20250514,15:49:28,-7.9,
20250514,15:49:28,-7.6,
20250514,15:49:28,-7.3,
20250514,15:49:29,-7,
20250514,15:49:29,-6.7,
20250514,15:49:29,-6.5,
20250514,15:49:29,-6.3,
20250514,15:49:30,-5.8,
20250514,15:49:30,-4.8,
20250514,15:49:30,-4.1,
20250514,15:49:30,-4.6,
20250514,15:49:31,-5.8,
20250514,15:49:31,-7.2,
20250514,15:49:31,-8.3,
20250514,15:49:32,-9,
20250514,15:49:32,-9.3,
20250514,15:49:32,-9.3,
20250514,15:49:32,-9.3,
20250514,15:49:33,-9,
20250514,15:49:33,-8.7,
20250514,15:49:33,-8.4,
20250514,15:49:34,-8.2,
20250514,15:49:34,-7.9,
20250514,15:49:34,-7.6,
20250514,15:49:34,-7.4,
20250514,15:49:35,-7.2,
20250514,15:49:35,-6.9,
20250514,15:49:35,-6.7,
20250514,15:49:35,-6.4,
20250514,15:49:36,-5.8,
20250514,15:49:36,-5.3,
20250514,15:49:36,-5.1,
20250514,15:49:37,-5.8,
20250514,15:49:37,-6.7,
20250514,15:49:37,-7.6,
20250514,15:49:37,-8.4,
20250514,15:49:38,-9.1,
20250514,15:49:38,-9.8,
20250514,15:49:38,-10.1,
20250514,15:49:38,-10.1,
20250514,15:49:39,-9.6,
20250514,15:49:39,-9.2,
20250514,15:49:39,-8.6,
20250514,15:49:40,-8,
20250514,15:49:40,-7.5,
20250514,15:49:40,-6.9,
20250514,15:49:40,-6.5,
20250514,15:49:41,-6.1,
20250514,15:49:41,-6,
20250514,15:49:41,-6.6,
20250514,15:49:42,-6.4,
20250514,15:49:42,-3.5,
20250514,15:49:42,0.2,
20250514,15:49:42,2.7,
20250514,15:49:43,4.3,
20250514,15:49:43,5.1,
20250514,15:49:43,5.4,
20250514,15:49:43,5.4,
20250514,15:49:44,5.3,
20250514,15:49:44,5,
20250514,15:49:44,4.5,
20250514,15:49:45,4.2,
20250514,15:49:45,3.8,
20250514,15:49:45,3.4,
20250514,15:49:45,3,
20250514,15:49:46,2.6,
20250514,15:49:46,2.3,
20250514,15:49:46,2.2,
20250514,15:49:46,2.1,
20250514,15:49:47,2,
20250514,15:49:47,1.8,
20250514,15:49:47,1.5,
20250514,15:49:48,1.2,
20250514,15:49:48,1,
20250514,15:49:48,0.7,
20250514,15:49:48,0.5,
20250514,15:49:49,0.1,
20250514,15:49:49,-0.1,
20250514,15:49:49,-0.3,
20250514,15:49:50,0.1,
20250514,15:49:50,0.8,
20250514,15:49:50,0.9,
20250514,15:49:50,0.1,
20250514,15:49:51,-1.6,
20250514,15:49:51,-3.5,
20250514,15:49:51,-5,
20250514,15:49:51,-5.9,
20250514,15:49:52,-6.6,
20250514,15:49:52,-6.8,
20250514,15:49:52,-7,
20250514,15:49:53,-6.9,
20250514,15:49:53,-7,
20250514,15:49:53,-6.9,
20250514,15:49:53,-6.7,
20250514,15:49:54,-6.8,
20250514,15:49:54,-7.2,
20250514,15:49:54,-7.7,
20250514,15:49:54,-7.8,
20250514,15:49:55,-7,
20250514,15:49:55,-5.9,
20250514,15:49:55,-4.8,
20250514,15:49:56,-4,
20250514,15:49:56,-3.3,
20250514,15:49:56,-3.1,
20250514,15:49:56,-3,
20250514,15:49:57,-3,
20250514,15:49:57,-3.1,
20250514,15:49:57,-3,
20250514,15:49:57,-2.8,
20250514,15:49:58,-2.4,
20250514,15:49:58,-2,
20250514,15:49:58,-2.1,
20250514,15:49:59,-2.4,
20250514,15:49:59,-3.2,
20250514,15:49:59,-4.1,
20250514,15:49:59,-4.7,
20250514,15:50:00,-4.4,
20250514,15:50:00,-3.3,
20250514,15:50:00,-2.2,
20250514,15:50:01,-1.5,
20250514,15:50:01,-1.6,
20250514,15:50:01,-2.1,
20250514,15:50:01,-2.6,
20250514,15:50:02,-3.2,
20250514,15:50:02,-3.6,
20250514,15:50:02,-4,
20250514,15:50:02,-4.2,
20250514,15:50:03,-4.3,
20250514,15:50:03,-4,
20250514,15:50:03,-4.1,
20250514,15:50:04,-5.5,
20250514,15:50:04,-7.5,
20250514,15:50:04,-9.1,
20250514,15:50:04,-10.1,
20250514,15:50:05,-10.8,
20250514,15:50:05,-11.4,
20250514,15:50:05,-11.8,
20250514,15:50:05,-11.5,
20250514,15:50:06,-10.7,
20250514,15:50:06,-9.3,
20250514,15:50:06,-7.8,
20250514,15:50:07,-6.6,
20250514,15:50:07,-6,
20250514,15:50:07,-5.8,
20250514,15:50:07,-5.8,
20250514,15:50:08,-5.9,
20250514,15:50:08,-6,
20250514,15:50:08,-6.1,
20250514,15:50:09,-6.1,
20250514,15:50:09,-5.9,
20250514,15:50:09,-6,
20250514,15:50:09,-6.7,
20250514,15:50:10,-7.5,
20250514,15:50:10,-8.4,
20250514,15:50:10,-8.9,
20250514,15:50:10,-9.3,
20250514,15:50:11,-9.4,
20250514,15:50:11,-9.5,
20250514,15:50:11,-9.6,
20250514,15:50:12,-9.6,
20250514,15:50:12,-9.3,
20250514,15:50:12,-9.3,
20250514,15:50:12,-9.2,
20250514,15:50:13,-9.1,
20250514,15:50:13,-9,
20250514,15:50:13,-8.9,
20250514,15:50:13,-8.6,
20250514,15:50:14,-8.5,
20250514,15:50:14,-8.4,
20250514,15:50:14,-8.6,
20250514,15:50:15,-9.3,
20250514,15:50:15,-9.8,
20250514,15:50:15,-10,
20250514,15:50:15,-10.1,
20250514,15:50:16,-10.1,
20250514,15:50:16,-10,
20250514,15:50:16,-10,
20250514,15:50:17,-10,
20250514,15:50:17,-9.8,
20250514,15:50:17,-9.6,
20250514,15:50:17,-9.4,
20250514,15:50:18,-9.2,
20250514,15:50:18,-8.9,
20250514,15:50:18,-8.6,
20250514,15:50:18,-8.4,
20250514,15:50:19,-8,
20250514,15:50:19,-7.7,
20250514,15:50:19,-7.4,
20250514,15:50:20,-7,
20250514,15:50:20,-6.8,
20250514,15:50:20,-7.1,
20250514,15:50:20,-8.2,
20250514,15:50:21,-9.2,
20250514,15:50:21,-9.3,
20250514,15:50:21,-9,
20250514,15:50:21,-8.2,
20250514,15:50:22,-7.5,
20250514,15:50:22,-6.7,
20250514,15:50:22,-6.4,
20250514,15:50:23,-6,
20250514,15:50:23,-5.7,
20250514,15:50:23,-5.5,
20250514,15:50:23,-6,
20250514,15:50:24,-6.9,
20250514,15:50:24,-7.8,
20250514,15:50:24,-8.6,
20250514,15:50:25,-9.2,
20250514,15:50:25,-9.5,
20250514,15:50:25,-9.9,
20250514,15:50:25,-10.2,
20250514,15:50:26,-10.4,
20250514,15:50:26,-10.6,
20250514,15:50:26,-10.6,
20250514,15:50:26,-10.6,
20250514,15:50:27,-10.9,
20250514,15:50:27,-11,
20250514,15:50:27,-11.3,
20250514,15:50:28,-11.5,
20250514,15:50:28,-11.6,
20250514,15:50:28,-11.3,
20250514,15:50:28,-10.9,
20250514,15:50:29,-10.4,
20250514,15:50:29,-10.1,
20250514,15:50:29,-9.7,
20250514,15:50:30,-9.3,
20250514,15:50:30,-9.1,
20250514,15:50:30,-8.9,
20250514,15:50:30,-8.6,
20250514,15:50:31,-8.2,
20250514,15:50:31,-7.6,
20250514,15:50:31,-7.3,
20250514,15:50:31,-7.2,
20250514,15:50:32,-7.1,
20250514,15:50:32,-7,
20250514,15:50:32,-6.9,
20250514,15:50:33,-6.9,
20250514,15:50:33,-6.7,
20250514,15:50:33,-6.6,
20250514,15:50:33,-6.4,
20250514,15:50:34,-6.1,
20250514,15:50:34,-5.9,
20250514,15:50:34,-5.7,
20250514,15:50:34,-5.3,
20250514,15:50:35,-5.4,
20250514,15:50:35,-6.4,
20250514,15:50:35,-7.6,
20250514,15:50:36,-8.8,
20250514,15:50:36,-9.7,
20250514,15:50:36,-10.3,
20250514,15:50:36,-10.6,
20250514,15:50:37,-10.6,
20250514,15:50:37,-10.6,
20250514,15:50:37,-10.8,
20250514,15:50:38,-11,
20250514,15:50:38,-11.5,
20250514,15:50:38,-11.7,
20250514,15:50:38,-11.8,
20250514,15:50:39,-11.7,
20250514,15:50:39,-11.5,
20250514,15:50:39,-11.1,
20250514,15:50:39,-10.8,
20250514,15:50:40,-10.3,
20250514,15:50:40,-10.1,
20250514,15:50:40,-9.7,
20250514,15:50:41,-9.5,
20250514,15:50:41,-9.6,
20250514,15:50:41,-9.7,
20250514,15:50:41,-9.9,
20250514,15:50:42,-10,
20250514,15:50:42,-10,
20250514,15:50:42,-9.9,
20250514,15:50:42,-9.8,
20250514,15:50:43,-9.5,
20250514,15:50:43,-9.3,
20250514,15:50:43,-9.1,
20250514,15:50:44,-8.9,
20250514,15:50:44,-8.9,
20250514,15:50:44,-8.8,
20250514,15:50:44,-8.5,
20250514,15:50:45,-8.3,
20250514,15:50:45,-7.9,
20250514,15:50:45,-7.5,
20250514,15:50:46,-7,
20250514,15:50:46,-6.7,
20250514,15:50:46,-6.4,
20250514,15:50:46,-6.1,
20250514,15:50:47,-5.8,
20250514,15:50:47,-5.5,
20250514,15:50:47,-4.7,
20250514,15:50:47,-4,
20250514,15:50:48,-4,
20250514,15:50:48,-4.6,
20250514,15:50:48,-5.6,
20250514,15:50:49,-6.5,
20250514,15:50:49,-7,
20250514,15:50:49,-7.4,
20250514,15:50:49,-7.9,
20250514,15:50:50,-8.1,
20250514,15:50:50,-8.1,
20250514,15:50:50,-8.2,
20250514,15:50:50,-8,
20250514,15:50:51,-7.8,
20250514,15:50:51,-7.6,
20250514,15:50:51,-7.3,
20250514,15:50:52,-6.9,
20250514,15:50:52,-6.7,
20250514,15:50:52,-6.5,
20250514,15:50:52,-6.3,
20250514,15:50:53,-6.1,
20250514,15:50:53,-6,
20250514,15:50:53,-6.1,
20250514,15:50:54,-6.3,
20250514,15:50:54,-6.4,
20250514,15:50:54,-6.3,
20250514,15:50:54,-6.1,
20250514,15:50:55,-5.9,
20250514,15:50:55,-5.7,
20250514,15:50:55,-5.6,
20250514,15:50:55,-5.4,
20250514,15:50:56,-5.2,
20250514,15:50:56,-5.2,
20250514,15:50:56,-5,
20250514,15:50:57,-5,
20250514,15:50:57,-5,
20250514,15:50:57,-5,
20250514,15:50:57,-4.9,
20250514,15:50:58,-4.9,
20250514,15:50:58,-4.8,
20250514,15:50:58,-4.8,
20250514,15:50:58,-4.8,
20250514,15:50:59,-4.7,
20250514,15:50:59,-4.7,
20250514,15:50:59,-4.8,
20250514,15:51:00,-4.7,
20250514,15:51:00,-4.9,
20250514,15:51:00,-5.1,
20250514,15:51:00,-5.4,
20250514,15:51:01,-5.8,
20250514,15:51:01,-5.8,
20250514,15:51:01,-5.8,
20250514,15:51:02,-5.6,
20250514,15:51:02,-5.3,
20250514,15:51:02,-5.1,
20250514,15:51:02,-4.6,
20250514,15:51:03,-4.1,
20250514,15:51:03,-3.8,
20250514,15:51:03,-3.9,
20250514,15:51:03,-4.4,
20250514,15:51:04,-5.2,
20250514,15:51:04,-5.8,
20250514,15:51:04,-5.9,
20250514,15:51:05,-5.8,
20250514,15:51:05,-5.5,
20250514,15:51:05,-5.1,
20250514,15:51:05,-4.9,
20250514,15:51:06,-4.6,
20250514,15:51:06,-4.5,
20250514,15:51:06,-4.4,
20250514,15:51:06,-4.5,
20250514,15:51:07,-4.6,
20250514,15:51:07,-5,
20250514,15:51:07,-5,
20250514,15:51:08,-4.8,
20250514,15:51:08,-4.6,
20250514,15:51:08,-4.5,
20250514,15:51:08,-4.1,
20250514,15:51:09,-3.9,
20250514,15:51:09,-3.5,
20250514,15:51:09,-3.3,
20250514,15:51:10,-3.3,
20250514,15:51:10,-3.2,
20250514,15:51:10,-3.3,
20250514,15:51:10,-3.4,
20250514,15:51:11,-3.6,
20250514,15:51:11,-3.7,
20250514,15:51:11,-3.9,
20250514,15:51:11,-4.2,
20250514,15:51:12,-4.9,
20250514,15:51:12,-5.5,
20250514,15:51:12,-5.7,
20250514,15:51:13,-5.2,
20250514,15:51:13,-5,
20250514,15:51:13,-4.7,
20250514,15:51:13,-4.5,
20250514,15:51:14,-4.5,
20250514,15:51:14,-4.5,
20250514,15:51:14,-4.6,
20250514,15:51:14,-4.7,
20250514,15:51:15,-4.7,
20250514,15:51:15,-4.8,
20250514,15:51:15,-5,
20250514,15:51:16,-5.8,
20250514,15:51:16,-6.5,
20250514,15:51:16,-7,
20250514,15:51:16,-7.1,
20250514,15:51:17,-7.4,
20250514,15:51:17,-7.5,
20250514,15:51:17,-7.7,
20250514,15:51:18,-7.9,
20250514,15:51:18,-7.9,
20250514,15:51:18,-7.9,
20250514,15:51:18,-7.7,
20250514,15:51:19,-7.7,
20250514,15:51:19,-7.6,
20250514,15:51:19,-7.6,
20250514,15:51:19,-7.3,
20250514,15:51:20,-7.2,
20250514,15:51:20,-7,
20250514,15:51:20,-6.7,
20250514,15:51:21,-6.2,
20250514,15:51:21,-5.6,
20250514,15:51:21,-5,
20250514,15:51:21,-5,
20250514,15:51:22,-5.1,
20250514,15:51:22,-5.4,
20250514,15:51:22,-5.7,
20250514,15:51:22,-5.9,
20250514,15:51:23,-6.1,
20250514,15:51:23,-6.3,
20250514,15:51:23,-6.4,
20250514,15:51:24,-6.6,
20250514,15:51:24,-6.7,
20250514,15:51:24,-6.7,
20250514,15:51:24,-6.8,
20250514,15:51:25,-6.8,
20250514,15:51:25,-6.7,
20250514,15:51:25,-6.5,
20250514,15:51:26,-6.2,
20250514,15:51:26,-5.8,
20250514,15:51:26,-5.3,
20250514,15:51:26,-5.3,
20250514,15:51:27,-5.6,
20250514,15:51:27,-5.8,
20250514,15:51:27,-6.2,
20250514,15:51:27,-6.5,
20250514,15:51:28,-6.6,
20250514,15:51:28,-6.7,
20250514,15:51:28,-6.6,
20250514,15:51:29,-6.5,
20250514,15:51:29,-6.9,
20250514,15:51:29,-7.9,
20250514,15:51:29,-9,
20250514,15:51:30,-10.1,
20250514,15:51:30,-11.1,
20250514,15:51:30,-11.8,
20250514,15:51:31,-12.2,
20250514,15:51:31,-12.3,
20250514,15:51:31,-12,
20250514,15:51:31,-11.7,
20250514,15:51:32,-11.2,
20250514,15:51:32,-10.9,
20250514,15:51:32,-10.1,
20250514,15:51:32,-9.1,
20250514,15:51:33,-9,
20250514,15:51:33,-10.2,
20250514,15:51:33,-12.1,
20250514,15:51:34,-13.9,
20250514,15:51:34,-15.2,
20250514,15:51:34,-15.9,
20250514,15:51:34,-16.1,
20250514,15:51:35,-16,
20250514,15:51:35,-15.6,
20250514,15:51:35,-15.2,
20250514,15:51:35,-14.7,
20250514,15:51:36,-14.2,
20250514,15:51:36,-13.6,
20250514,15:51:36,-13.1,
20250514,15:51:37,-12.6,
20250514,15:51:37,-12.1,
20250514,15:51:37,-11.6,
20250514,15:51:37,-11.1,
20250514,15:51:38,-10.7,
20250514,15:51:38,-10.1,
20250514,15:51:38,-9.3,
20250514,15:51:39,-8.7,
20250514,15:51:39,-8.4,
20250514,15:51:39,-8.3,
20250514,15:51:39,-8.3,
20250514,15:51:40,-8.4,
20250514,15:51:40,-8.3,
20250514,15:51:40,-8.3,
20250514,15:51:40,-8.2,
20250514,15:51:41,-8.1,
20250514,15:51:41,-7.9,
20250514,15:51:41,-7.6,
20250514,15:51:42,-7.4,
20250514,15:51:42,-6.8,
20250514,15:51:42,-6.2,
20250514,15:51:42,-5.8,
20250514,15:51:43,-5.6,
20250514,15:51:43,-5.5,
20250514,15:51:43,-5.4,
20250514,15:51:43,-5.4,
20250514,15:51:44,-5.4,
20250514,15:51:44,-5.4,
20250514,15:51:44,-5.3,
20250514,15:51:45,-5.2,
20250514,15:51:45,-5,
20250514,15:51:45,-4.9,
20250514,15:51:45,-4.5,
20250514,15:51:46,-4.2,
20250514,15:51:46,-4.1,
20250514,15:51:46,-3.8,
20250514,15:51:47,-3.6,
20250514,15:51:47,-4,
20250514,15:51:47,-5.5,
20250514,15:51:47,-7.8,
20250514,15:51:48,-10,
20250514,15:51:48,-11.5,
20250514,15:51:48,-12.2,
20250514,15:51:48,-12.4,
20250514,15:51:49,-12.3,
20250514,15:51:49,-12,
20250514,15:51:49,-11.7,
20250514,15:51:50,-11.1,
20250514,15:51:50,-10.6,
20250514,15:51:50,-10.1,
20250514,15:51:50,-9.6,
20250514,15:51:51,-9.2,
20250514,15:51:51,-8.6,
20250514,15:51:51,-8.3,
20250514,15:51:51,-7.8,
20250514,15:51:52,-7.5,
20250514,15:51:52,-7.1,
20250514,15:51:52,-6.8,
20250514,15:51:53,-6.6,
20250514,15:51:53,-6.2,
20250514,15:51:53,-6,
20250514,15:51:53,-5.8,
20250514,15:51:54,-5.6,
20250514,15:51:54,-5.5,
20250514,15:51:54,-5.4,
20250514,15:51:55,-5.3,
20250514,15:51:55,-5.1,
20250514,15:51:55,-5,
20250514,15:51:55,-4.9,
20250514,15:51:56,-4.8,
20250514,15:51:56,-4.7,
20250514,15:51:56,-4.6,
20250514,15:51:56,-4.2,
20250514,15:51:57,-3.4,
20250514,15:51:57,-2.7,
20250514,15:51:57,-2.4,
20250514,15:51:58,-2.4,
20250514,15:51:58,-2.7,
20250514,15:51:58,-3.1,
20250514,15:51:58,-3.3,
20250514,15:51:59,-3.5,
20250514,15:51:59,-3.7,
20250514,15:51:59,-3.8,
20250514,15:52:00,-3.9,
20250514,15:52:00,-3.9,
20250514,15:52:00,-3.8,
20250514,15:52:00,-3.7,
20250514,15:52:01,-3.7,
20250514,15:52:01,-3.6,
20250514,15:52:01,-3.5,
20250514,15:52:01,-3.4,
20250514,15:52:02,-3.3,
20250514,15:52:02,-3.2,
20250514,15:52:02,-3.2,
20250514,15:52:03,-3.1,
20250514,15:52:03,-3.1,
20250514,15:52:03,-3,
20250514,15:52:03,-2.9,
20250514,15:52:04,-2.9,
20250514,15:52:04,-2.8,
20250514,15:52:04,-2.8,
20250514,15:52:04,-2.7,
20250514,15:52:05,-2.6,
20250514,15:52:05,-2.3,
20250514,15:52:05,-1.9,
20250514,15:52:06,-1.5,
20250514,15:52:06,-1.3,
20250514,15:52:06,-1.2,
20250514,15:52:06,-1,
20250514,15:52:07,-0.8,
20250514,15:52:07,-0.7,
20250514,15:52:07,-0.5,
20250514,15:52:08,-0.1,
20250514,15:52:08,0.2,
20250514,15:52:08,0.3,
20250514,15:52:08,0.2,
20250514,15:52:09,-0.1,
20250514,15:52:09,-0.3,
20250514,15:52:09,-0.6,
20250514,15:52:09,-0.9,
20250514,15:52:10,-1.3,
20250514,15:52:10,-1.6,
20250514,15:52:10,-1.9,
20250514,15:52:11,-2,
20250514,15:52:11,-2.1,
20250514,15:52:11,-2.1,
20250514,15:52:11,-2.1,
20250514,15:52:12,-2.1,
20250514,15:52:12,-1.9,
20250514,15:52:12,-1.4,
20250514,15:52:12,-0.5,
20250514,15:52:13,-0.2,
20250514,15:52:13,-1.3,
20250514,15:52:13,-3.5,
20250514,15:52:14,-5.7,
20250514,15:52:14,-7.3,
20250514,15:52:14,-8.3,
20250514,15:52:14,-8.8,
20250514,15:52:15,-9,
20250514,15:52:15,-8.8,
20250514,15:52:15,-8.5,
20250514,15:52:16,-8.2,
20250514,15:52:16,-7.6,
20250514,15:52:16,-7.2,
20250514,15:52:16,-6.7,
20250514,15:52:17,-6.3,
20250514,15:52:17,-5.8,
20250514,15:52:17,-5.1,
20250514,15:52:17,-4.6,
20250514,15:52:18,-4.1,
20250514,15:52:18,-3.6,
20250514,15:52:18,-3.3,
20250514,15:52:19,-3.2,
20250514,15:52:19,-3,
20250514,15:52:19,-2.8,
20250514,15:52:19,-2.7,
20250514,15:52:20,-2.7,
20250514,15:52:20,-2.7,
20250514,15:52:20,-2.8,
20250514,15:52:20,-3,
20250514,15:52:21,-3.2,
20250514,15:52:21,-3.5,
20250514,15:52:21,-3.8,
20250514,15:52:22,-3.9,
20250514,15:52:22,-4,
20250514,15:52:22,-3.9,
20250514,15:52:22,-3.6,
20250514,15:52:23,-3.3,
20250514,15:52:23,-2.9,
20250514,15:52:23,-2.6,
20250514,15:52:24,-2.4,
20250514,15:52:24,-2.4,
20250514,15:52:24,-2.5,
20250514,15:52:24,-2.6,
20250514,15:52:25,-2.6,
20250514,15:52:25,-2.6,
20250514,15:52:25,-2.5,
20250514,15:52:25,-2.5,
20250514,15:52:26,-2.4,
20250514,15:52:26,-2.3,
20250514,15:52:26,-2.2,
20250514,15:52:27,-2.1,
20250514,15:52:27,-1.9,
20250514,15:52:27,-1.7,
20250514,15:52:27,-1.6,
20250514,15:52:28,-1.5,
20250514,15:52:28,-1.4,
20250514,15:52:28,-1.3,
20250514,15:52:28,-1.1,
20250514,15:52:29,-1,
20250514,15:52:29,-0.9,
20250514,15:52:29,-0.8,
20250514,15:52:30,-0.8,
20250514,15:52:30,-0.7,
20250514,15:52:30,-0.6,
20250514,15:52:30,-0.5,
20250514,15:52:31,-0.4,
20250514,15:52:31,-0.2,
20250514,15:52:31,-0.1,
20250514,15:52:32,0,
20250514,15:52:32,0.1,
20250514,15:52:32,0.1,
20250514,15:52:32,0.1,
20250514,15:52:33,0.1,
20250514,15:52:33,0.2,
20250514,15:52:33,0.1,
20250514,15:52:33,0.1,
20250514,15:52:34,0.2,
20250514,15:52:34,0.2,
20250514,15:52:34,0.1,
20250514,15:52:35,0.1,
20250514,15:52:35,0.1,
20250514,15:52:35,0,
20250514,15:52:35,-0.4,
20250514,15:52:36,-1,
20250514,15:52:36,-1.6,
20250514,15:52:36,-2,
20250514,15:52:36,-2.2,
20250514,15:52:37,-2.3,
20250514,15:52:37,-2.3,
20250514,15:52:37,-2.4,
20250514,15:52:38,-2.6,
20250514,15:52:38,-2.9,
20250514,15:52:38,-3.3,
20250514,15:52:38,-3.5,
20250514,15:52:39,-3.7,
20250514,15:52:39,-3.9,
20250514,15:52:39,-3.9,
20250514,15:52:40,-3.8,
20250514,15:52:40,-3.8,
20250514,15:52:40,-4.1,
20250514,15:52:40,-4.7,
20250514,15:52:41,-5.1,
20250514,15:52:41,-5.2,
20250514,15:52:41,-5.1,
20250514,15:52:41,-5,
20250514,15:52:42,-4.9,
20250514,15:52:42,-4.6,
20250514,15:52:42,-4.1,
20250514,15:52:43,-3.4,
20250514,15:52:43,-2.8,
20250514,15:52:43,-2.4,
20250514,15:52:43,-2.4,
20250514,15:52:44,-2.5,
20250514,15:52:44,-2.8,
20250514,15:52:44,-3.3,
20250514,15:52:44,-3.7,
20250514,15:52:45,-4.1,
20250514,15:52:45,-4.3,
20250514,15:52:45,-4.3,
20250514,15:52:46,-4.2,
20250514,15:52:46,-4.2,
20250514,15:52:46,-4,
20250514,15:52:46,-3.9,
20250514,15:52:47,-3.7,
20250514,15:52:47,-3.4,
20250514,15:52:47,-3.3,
20250514,15:52:47,-3.2,
20250514,15:52:48,-2.9,
20250514,15:52:48,-2.4,
20250514,15:52:48,-2.4,
20250514,15:52:49,-2.6,
20250514,15:52:49,-3.3,
20250514,15:52:49,-4,
20250514,15:52:49,-4.5,
20250514,15:52:50,-4.9,
20250514,15:52:50,-5,
20250514,15:52:50,-5,
20250514,15:52:51,-5,
20250514,15:52:51,-5,
20250514,15:52:51,-4.8,
20250514,15:52:51,-4.6,
20250514,15:52:52,-4.5,
20250514,15:52:52,-4.3,
20250514,15:52:52,-4.1,
20250514,15:52:52,-4.1,
20250514,15:52:53,-3.8,
20250514,15:52:53,-3.7,
20250514,15:52:53,-3.6,
20250514,15:52:54,-3.5,
20250514,15:52:54,-3.2,
20250514,15:52:54,-3.1,
20250514,15:52:54,-2.7,
20250514,15:52:55,-2.4,
20250514,15:52:55,-2.2,
20250514,15:52:55,-1.8,
20250514,15:52:55,-1.6,
20250514,15:52:56,-1.6,
20250514,15:52:56,-1.6,
20250514,15:52:56,-1.5,
20250514,15:52:57,-1.6,
20250514,15:52:57,-1.4,
20250514,15:52:57,-1.2,
20250514,15:52:57,-1.5,
20250514,15:52:58,-2.5,
20250514,15:52:58,-4,
20250514,15:52:58,-5.3,
20250514,15:52:59,-6.2,
20250514,15:52:59,-6.7,
20250514,15:52:59,-7,
20250514,15:52:59,-6.9,
20250514,15:53:00,-6.7,
20250514,15:53:00,-6.5,
20250514,15:53:00,-6.2,
20250514,15:53:00,-6,
20250514,15:53:01,-5.7,
20250514,15:53:01,-5.1,
20250514,15:53:01,-4.6,
20250514,15:53:02,-4.2,
20250514,15:53:02,-4.3,
20250514,15:53:02,-4.4,
20250514,15:53:02,-4.6,
20250514,15:53:03,-4.8,
20250514,15:53:03,-5,
20250514,15:53:03,-5.6,
20250514,15:53:03,-6,
20250514,15:53:04,-6.6,
20250514,15:53:04,-7.3,
20250514,15:53:04,-8.2,
20250514,15:53:05,-8.9,
20250514,15:53:05,-9.3,
20250514,15:53:05,-9.7,
20250514,15:53:05,-9.8,
20250514,15:53:06,-9.6,
20250514,15:53:06,-9.4,
20250514,15:53:06,-9.4,
20250514,15:53:07,-10,
20250514,15:53:07,-10.9,
20250514,15:53:07,-11.8,
20250514,15:53:07,-12.6,
20250514,15:53:08,-13.2,
20250514,15:53:08,-13.4,
20250514,15:53:08,-13.5,
20250514,15:53:08,-13.2,
20250514,15:53:09,-12.9,
20250514,15:53:09,-12.7,
20250514,15:53:09,-12,
20250514,15:53:10,-11.5,
20250514,15:53:10,-10.8,
20250514,15:53:10,-10.3,
20250514,15:53:10,-9.9,
20250514,15:53:11,-9.7,
20250514,15:53:11,-9.3,
20250514,15:53:11,-9.2,
20250514,15:53:12,-8.8,
20250514,15:53:12,-8.5,
20250514,15:53:12,-8.3,
20250514,15:53:12,-8,
20250514,15:53:13,-7.6,
20250514,15:53:13,-7.6,
20250514,15:53:13,-7.4,
20250514,15:53:13,-7.3,
20250514,15:53:14,-7.2,
20250514,15:53:14,-7.1,
20250514,15:53:14,-6.9,
20250514,15:53:15,-6.7,
20250514,15:53:15,-6.5,
20250514,15:53:15,-6.3,
20250514,15:53:15,-6.1,
20250514,15:53:16,-5.9,
20250514,15:53:16,-5.8,
20250514,15:53:16,-5.6,
20250514,15:53:16,-5.4,
20250514,15:53:17,-5,
20250514,15:53:17,-4.4,
20250514,15:53:17,-3.5,
20250514,15:53:18,-2.7,
20250514,15:53:18,-2.5,
20250514,15:53:18,-3.1,
20250514,15:53:18,-4.4,
20250514,15:53:19,-6.5,
20250514,15:53:19,-8.2,
20250514,15:53:19,-8.9,
20250514,15:53:20,-8.9,
20250514,15:53:20,-8.5,
20250514,15:53:20,-8,
20250514,15:53:20,-7.5,
20250514,15:53:21,-7.1,
20250514,15:53:21,-6.7,
20250514,15:53:21,-6.6,
20250514,15:53:21,-6.4,
20250514,15:53:22,-6.6,
20250514,15:53:22,-6.7,
20250514,15:53:22,-6.8,
20250514,15:53:23,-6.7,
20250514,15:53:23,-6.7,
20250514,15:53:23,-6.6,
20250514,15:53:23,-6.4,
20250514,15:53:24,-6.2,
20250514,15:53:24,-5.9,
20250514,15:53:24,-5.2,
20250514,15:53:24,-4.5,
20250514,15:53:25,-4.3,
20250514,15:53:25,-4.7,
20250514,15:53:25,-5.2,
20250514,15:53:26,-5.8,
20250514,15:53:26,-6.3,
20250514,15:53:26,-6.7,
20250514,15:53:26,-6.8,
20250514,15:53:27,-6.9,
20250514,15:53:27,-7,
20250514,15:53:27,-7.1,
20250514,15:53:28,-7.2,
20250514,15:53:28,-7.3,
20250514,15:53:28,-7.4,
20250514,15:53:28,-7.3,
20250514,15:53:29,-7.1,
20250514,15:53:29,-6.9,
20250514,15:53:29,-6.7,
20250514,15:53:29,-6.4,
20250514,15:53:30,-6.2,
20250514,15:53:30,-5.9,
20250514,15:53:30,-5.6,
20250514,15:53:31,-5.3,
20250514,15:53:31,-4.7,
20250514,15:53:31,-3.6,
20250514,15:53:31,-3.2,
20250514,15:53:32,-3.4,
20250514,15:53:32,-4.2,
20250514,15:53:32,-5.2,
20250514,15:53:32,-5.9,
20250514,15:53:33,-6.4,
20250514,15:53:33,-6.7,
20250514,15:53:33,-6.9,
20250514,15:53:34,-6.9,
20250514,15:53:34,-6.7,
20250514,15:53:34,-6.4,
20250514,15:53:34,-5.8,
20250514,15:53:35,-5.4,
20250514,15:53:35,-5.3,
20250514,15:53:35,-5.1,
20250514,15:53:36,-5.2,
20250514,15:53:36,-5.3,
20250514,15:53:36,-5.3,
20250514,15:53:36,-5.2,
20250514,15:53:37,-5,
20250514,15:53:37,-5,
20250514,15:53:37,-5.1,
20250514,15:53:37,-6.1,
20250514,15:53:38,-7.4,
20250514,15:53:38,-8.3,
20250514,15:53:38,-8.6,
20250514,15:53:39,-8.4,
20250514,15:53:39,-8,
20250514,15:53:39,-7.6,
20250514,15:53:39,-7.2,
20250514,15:53:40,-6.8,
20250514,15:53:40,-6.5,
20250514,15:53:40,-6.2,
20250514,15:53:40,-6,
20250514,15:53:41,-5.8,
20250514,15:53:41,-5.5,
20250514,15:53:41,-5.3,
20250514,15:53:42,-5.1,
20250514,15:53:42,-5,
20250514,15:53:42,-4.8,
20250514,15:53:42,-4.6,
20250514,15:53:43,-4.5,
20250514,15:53:43,-4.4,
20250514,15:53:43,-4.4,
20250514,15:53:44,-4.4,
20250514,15:53:44,-4.4,
20250514,15:53:44,-4.4,
20250514,15:53:44,-4.3,
20250514,15:53:45,-4.7,
20250514,15:53:45,-5.3,
20250514,15:53:45,-6,
20250514,15:53:45,-6.5,
20250514,15:53:46,-6.7,
20250514,15:53:46,-6.6,
20250514,15:53:46,-6.4,
20250514,15:53:47,-6.2,
20250514,15:53:47,-6,
20250514,15:53:47,-5.8,
20250514,15:53:47,-5.7,
20250514,15:53:48,-5.5,
20250514,15:53:48,-5.4,
20250514,15:53:48,-5.3,
20250514,15:53:48,-5.1,
20250514,15:53:49,-5,
20250514,15:53:49,-5,
20250514,15:53:49,-4.8,
20250514,15:53:50,-4.7,
20250514,15:53:50,-4.6,
20250514,15:53:50,-4.6,
20250514,15:53:50,-4.6,
20250514,15:53:51,-4.4,
20250514,15:53:51,-4.4,
20250514,15:53:51,-4.3,
20250514,15:53:52,-4.2,
20250514,15:53:52,-4.3,
20250514,15:53:52,-4.5,
20250514,15:53:52,-4.8,
20250514,15:53:53,-5,
20250514,15:53:53,-5.1,
20250514,15:53:53,-5.2,
20250514,15:53:53,-5.2,
20250514,15:53:54,-5,
20250514,15:53:54,-4.5,
20250514,15:53:54,-3.6,
20250514,15:53:55,-2.7,
20250514,15:53:55,-2.3,
20250514,15:53:55,-2.2,
20250514,15:53:55,-2.5,
20250514,15:53:56,-2.8,
20250514,15:53:56,-3.1,
20250514,15:53:56,-3.5,
20250514,15:53:56,-4.2,
20250514,15:53:57,-5.2,
20250514,15:53:57,-6.1,
20250514,15:53:57,-6.7,
20250514,15:53:58,-6.8,
20250514,15:53:58,-6.8,
20250514,15:53:58,-6.7,
20250514,15:53:58,-6.5,
20250514,15:53:59,-6.4,
20250514,15:53:59,-6,
20250514,15:53:59,-5.8,
20250514,15:54:00,-5.3,
20250514,15:54:00,-5.1,
20250514,15:54:00,-5,
20250514,15:54:00,-4.9,
20250514,15:54:01,-4.8,
20250514,15:54:01,-4.6,
20250514,15:54:01,-4.6,
20250514,15:54:01,-4.5,
20250514,15:54:02,-4.4,
20250514,15:54:02,-4.5,
20250514,15:54:02,-4.6,
20250514,15:54:03,-4.5,
20250514,15:54:03,-4.3,
20250514,15:54:03,-4.4,
20250514,15:54:03,-5,
20250514,15:54:04,-5.8,
20250514,15:54:04,-6.5,
20250514,15:54:04,-6.8,
20250514,15:54:04,-7.4,
20250514,15:54:05,-8.4,
20250514,15:54:05,-9.3,
20250514,15:54:05,-10,
20250514,15:54:06,-10.1,
20250514,15:54:06,-10.1,
20250514,15:54:06,-10.1,
20250514,15:54:06,-9.9,
20250514,15:54:07,-9.5,
20250514,15:54:07,-9,
20250514,15:54:07,-8.7,
20250514,15:54:07,-9.2,
20250514,15:54:08,-10.1,
20250514,15:54:08,-11.1,
20250514,15:54:08,-12,
20250514,15:54:09,-12.5,
20250514,15:54:09,-12.7,
20250514,15:54:09,-12.9,
20250514,15:54:09,-12.7,
20250514,15:54:10,-12.6,
20250514,15:54:10,-12.3,
20250514,15:54:10,-11.8,
20250514,15:54:11,-11.4,
20250514,15:54:11,-11,
20250514,15:54:11,-10.6,
20250514,15:54:11,-10.2,
20250514,15:54:12,-9.9,
20250514,15:54:12,-9.5,
20250514,15:54:12,-9.2,
20250514,15:54:13,-8.9,
20250514,15:54:13,-8.7,
20250514,15:54:13,-8.4,
20250514,15:54:13,-8.3,
20250514,15:54:14,-8,
20250514,15:54:14,-7.8,
20250514,15:54:14,-7.6,
20250514,15:54:14,-7.4,
20250514,15:54:15,-7.2,
20250514,15:54:15,-7,
20250514,15:54:15,-6.7,
20250514,15:54:16,-6.7,
20250514,15:54:16,-6.5,
20250514,15:54:16,-6.4,
20250514,15:54:16,-6.4,
20250514,15:54:17,-6.3,
20250514,15:54:17,-6.2,
20250514,15:54:17,-6.1,
20250514,15:54:17,-5.8,
20250514,15:54:18,-5.2,
20250514,15:54:18,-4.7,
20250514,15:54:18,-4.2,
20250514,15:54:19,-4.1,
20250514,15:54:19,-4.1,
20250514,15:54:19,-4.1,
20250514,15:54:19,-4.1,
20250514,15:54:20,-4,
20250514,15:54:20,-4,
20250514,15:54:20,-4,
20250514,15:54:21,-4.1,
20250514,15:54:21,-4.1,
20250514,15:54:21,-4.1,
20250514,15:54:21,-4.1,
20250514,15:54:22,-4.1,
20250514,15:54:22,-4.1,
20250514,15:54:22,-4.1,
20250514,15:54:22,-4.1,
20250514,15:54:23,-3.9,
20250514,15:54:23,-3.5,
20250514,15:54:23,-2.9,
20250514,15:54:24,-2.4,
20250514,15:54:24,-2.4,
20250514,15:54:24,-2.4,
20250514,15:54:24,-2.5,
20250514,15:54:25,-2.7,
20250514,15:54:25,-2.9,
20250514,15:54:25,-3.1,
20250514,15:54:25,-3.3,
20250514,15:54:26,-3.3,
20250514,15:54:26,-3.3,
20250514,15:54:26,-3.3,
20250514,15:54:27,-3.3,
20250514,15:54:27,-3.3,
20250514,15:54:27,-3.2,
20250514,15:54:27,-3.1,
20250514,15:54:28,-2.9,
20250514,15:54:28,-2.4,
20250514,15:54:28,-1.4,
20250514,15:54:29,-0.7,
20250514,15:54:29,-0.7,
20250514,15:54:29,-1.2,
20250514,15:54:29,-2,
20250514,15:54:30,-2.5,
20250514,15:54:30,-3.1,
20250514,15:54:30,-3.3,
20250514,15:54:30,-3.4,
20250514,15:54:31,-3.4,
20250514,15:54:31,-3.4,
20250514,15:54:31,-3.3,
20250514,15:54:32,-3.3,
20250514,15:54:32,-3.2,
20250514,15:54:32,-3.1,
20250514,15:54:32,-3,
20250514,15:54:33,-2.8,
20250514,15:54:33,-2.6,
20250514,15:54:33,-2.4,
20250514,15:54:33,-2.4,
20250514,15:54:34,-2.3,
20250514,15:54:34,-2.3,
20250514,15:54:34,-2.2,
20250514,15:54:35,-2.3,
20250514,15:54:35,-2.4,
20250514,15:54:35,-2.4,
20250514,15:54:35,-2.4,
20250514,15:54:36,-2.4,
20250514,15:54:36,-2.3,
20250514,15:54:36,-2.3,
20250514,15:54:37,-2.2,
20250514,15:54:37,-2.2,
20250514,15:54:37,-2.1,
20250514,15:54:37,-2.1,
20250514,15:54:38,-1.8,
20250514,15:54:38,-1.8,
20250514,15:54:38,-1.7,
20250514,15:54:38,-1.6,
20250514,15:54:39,-1.6,
20250514,15:54:39,-1.6,
20250514,15:54:39,-1.2,
20250514,15:54:40,-0.7,
20250514,15:54:40,0,
20250514,15:54:40,-0.5,
20250514,15:54:40,-1.6,
20250514,15:54:41,-2.2,
20250514,15:54:41,-2.9,
20250514,15:54:41,-3.6,
20250514,15:54:41,-4,
20250514,15:54:42,-4.1,
20250514,15:54:42,-4,
20250514,15:54:42,-3.7,
20250514,15:54:43,-3.3,
20250514,15:54:43,-3.3,
20250514,15:54:43,-3.5,
20250514,15:54:43,-4.1,
20250514,15:54:44,-4.7,
20250514,15:54:44,-5.1,
20250514,15:54:44,-5.5,
20250514,15:54:44,-5.6,
20250514,15:54:45,-5.7,
20250514,15:54:45,-5.7,
20250514,15:54:45,-5.6,
20250514,15:54:46,-5.2,
20250514,15:54:46,-5,
20250514,15:54:46,-4.6,
20250514,15:54:46,-4.1,
20250514,15:54:47,-3.5,
20250514,15:54:47,-3.2,
20250514,15:54:47,-3,
20250514,15:54:48,-2.9,
20250514,15:54:48,-3.1,
20250514,15:54:48,-3.2,
20250514,15:54:48,-3.3,
20250514,15:54:49,-3.2,
20250514,15:54:49,-3,
20250514,15:54:49,-3,
20250514,15:54:49,-2.8,
20250514,15:54:50,-2.7,
20250514,15:54:50,-2.6,
20250514,15:54:50,-2.4,
20250514,15:54:51,-2.4,
20250514,15:54:51,-2.2,
20250514,15:54:51,-2.3,
20250514,15:54:51,-2.5,
20250514,15:54:52,-3,
20250514,15:54:52,-3.6,
20250514,15:54:52,-3.9,
20250514,15:54:52,-4.1,
20250514,15:54:53,-4.1,
20250514,15:54:53,-4.2,
20250514,15:54:53,-4.2,
20250514,15:54:54,-4.2,
20250514,15:54:54,-4.1,
20250514,15:54:54,-4.1,
20250514,15:54:54,-3.9,
20250514,15:54:55,-3.8,
20250514,15:54:55,-3.5,
20250514,15:54:55,-3.3,
20250514,15:54:56,-3.1,
20250514,15:54:56,-3,
