静息,正性,中性,负性
14:50:36,14:52:11,14:53:30,14:58:27
,,,
CTP266,88:4A:EA:8B:D1:E6,,
,,,
,,,
,,,
,,,
,,,
,,,
20250409,14:44:51,-11.2,
20250409,14:44:51,-11.4,
20250409,14:44:51,-11.8,
20250409,14:44:51,-12.2,
20250409,14:44:52,-12.7,
20250409,14:44:52,-12.9,
20250409,14:44:52,-13.3,
20250409,14:44:52,-13.5,
20250409,14:44:53,-13.7,
20250409,14:44:53,-14.2,
20250409,14:44:53,-14.5,
20250409,14:44:53,-15.6,
20250409,14:44:54,-16.6,
20250409,14:44:54,-17.1,
20250409,14:44:54,-17.3,
20250409,14:44:55,-17.4,
20250409,14:44:55,-17.5,
20250409,14:44:55,-17.4,
20250409,14:44:55,-17.6,
20250409,14:44:56,-17.5,
20250409,14:44:56,-17.7,
20250409,14:44:56,-17.8,
20250409,14:44:57,-18,
20250409,14:44:57,-18.2,
20250409,14:44:57,-18.5,
20250409,14:44:57,-18.8,
20250409,14:44:58,-19.2,
20250409,14:44:58,-19.8,
20250409,14:44:58,-20.5,
20250409,14:44:58,-21,
20250409,14:44:59,-21.2,
20250409,14:44:59,-21.3,
20250409,14:44:59,-21.3,
20250409,14:45:00,-21.3,
20250409,14:45:00,-21.2,
20250409,14:45:00,-21.2,
20250409,14:45:00,-21.3,
20250409,14:45:01,-21.4,
20250409,14:45:01,-21.5,
20250409,14:45:01,-21.7,
20250409,14:45:02,-21.8,
20250409,14:45:02,-21.9,
20250409,14:45:02,-22,
20250409,14:45:02,-22,
20250409,14:45:03,-22.1,
20250409,14:45:03,-22.2,
20250409,14:45:03,-22.6,
20250409,14:45:03,-23.4,
20250409,14:45:04,-24.4,
20250409,14:45:04,-25,
20250409,14:45:04,-25.2,
20250409,14:45:05,-25.1,
20250409,14:45:05,-24.9,
20250409,14:45:05,-24.7,
20250409,14:45:05,-24.6,
20250409,14:45:06,-24.9,
20250409,14:45:06,-25.2,
20250409,14:45:06,-25.3,
20250409,14:45:06,-25.3,
20250409,14:45:07,-25.4,
20250409,14:45:07,-25.4,
20250409,14:45:07,-25.4,
20250409,14:45:08,-25.1,
20250409,14:45:08,-25,
20250409,14:45:08,-24.9,
20250409,14:45:08,-24.9,
20250409,14:45:09,-24.9,
20250409,14:45:09,-24.8,
20250409,14:45:09,-24.6,
20250409,14:45:10,-24.7,
20250409,14:45:10,-24.6,
20250409,14:45:10,-24.6,
20250409,14:45:10,-24.6,
20250409,14:45:11,-24.5,
20250409,14:45:11,-24.5,
20250409,14:45:11,-24.6,
20250409,14:45:11,-24.8,
20250409,14:45:12,-25.5,
20250409,14:45:12,-26.1,
20250409,14:45:12,-26.3,
20250409,14:45:13,-26.4,
20250409,14:45:13,-27,
20250409,14:45:13,-27.5,
20250409,14:45:13,-27.5,
20250409,14:45:14,-27.2,
20250409,14:45:14,-26.5,
20250409,14:45:14,-25.8,
20250409,14:45:15,-25.2,
20250409,14:45:15,-24.7,
20250409,14:45:15,-24.6,
20250409,14:45:15,-24.6,
20250409,14:45:16,-24.6,
20250409,14:45:16,-25,
20250409,14:45:16,-25.2,
20250409,14:45:16,-25,
20250409,14:45:17,-24.6,
20250409,14:45:17,-24.4,
20250409,14:45:17,-24.4,
20250409,14:45:18,-24.3,
20250409,14:45:18,-24,
20250409,14:45:18,-23.7,
20250409,14:45:18,-23.2,
20250409,14:45:19,-22.7,
20250409,14:45:19,-22.3,
20250409,14:45:19,-22.1,
20250409,14:45:20,-22.2,
20250409,14:45:20,-22.3,
20250409,14:45:20,-22.7,
20250409,14:45:20,-23.2,
20250409,14:45:21,-23.6,
20250409,14:45:21,-23.7,
20250409,14:45:21,-23.7,
20250409,14:45:21,-23.4,
20250409,14:45:22,-23,
20250409,14:45:22,-22.6,
20250409,14:45:22,-22.1,
20250409,14:45:23,-21.5,
20250409,14:45:23,-21.2,
20250409,14:45:23,-20.8,
20250409,14:45:23,-20.4,
20250409,14:45:24,-19.5,
20250409,14:45:24,-18.7,
20250409,14:45:24,-18,
20250409,14:45:24,-17.2,
20250409,14:45:25,-16.4,
20250409,14:45:25,-15.6,
20250409,14:45:25,-14.8,
20250409,14:45:26,-14.4,
20250409,14:45:26,-14.3,
20250409,14:45:26,-14.2,
20250409,14:45:26,-13.7,
20250409,14:45:27,-13.3,
20250409,14:45:27,-12.7,
20250409,14:45:27,-12.3,
20250409,14:45:28,-11.8,
20250409,14:45:28,-11.5,
20250409,14:45:28,-11.2,
20250409,14:45:28,-11.2,
20250409,14:45:29,-11.1,
20250409,14:45:29,-11,
20250409,14:45:29,-11,
20250409,14:45:30,-11,
20250409,14:45:30,-10.8,
20250409,14:45:30,-11,
20250409,14:45:30,-11,
20250409,14:45:31,-11.1,
20250409,14:45:31,-11.1,
20250409,14:45:31,-11,
20250409,14:45:31,-11.1,
20250409,14:45:32,-11.2,
20250409,14:45:32,-11.3,
20250409,14:45:32,-11.7,
20250409,14:45:33,-12.5,
20250409,14:45:33,-13.4,
20250409,14:45:33,-13.5,
20250409,14:45:33,-13.7,
20250409,14:45:34,-13.5,
20250409,14:45:34,-13.3,
20250409,14:45:34,-13.1,
20250409,14:45:34,-12.9,
20250409,14:45:35,-13,
20250409,14:45:35,-13,
20250409,14:45:35,-12.8,
20250409,14:45:36,-12.5,
20250409,14:45:36,-12.2,
20250409,14:45:36,-11.9,
20250409,14:45:36,-11.7,
20250409,14:45:37,-11.5,
20250409,14:45:37,-11.4,
20250409,14:45:37,-11.4,
20250409,14:45:37,-11.8,
20250409,14:45:38,-12.3,
20250409,14:45:38,-12.6,
20250409,14:45:38,-12.5,
20250409,14:45:39,-12.2,
20250409,14:45:39,-12,
20250409,14:45:39,-11.8,
20250409,14:45:39,-11.6,
20250409,14:45:40,-11.8,
20250409,14:45:40,-12.8,
20250409,14:45:40,-14.1,
20250409,14:45:41,-14.5,
20250409,14:45:41,-14.6,
20250409,14:45:41,-14.5,
20250409,14:45:41,-14.4,
20250409,14:45:42,-14.5,
20250409,14:45:42,-14.4,
20250409,14:45:42,-14.4,
20250409,14:45:43,-13.8,
20250409,14:45:43,-13.5,
20250409,14:45:43,-13,
20250409,14:45:43,-12.7,
20250409,14:45:44,-12.7,
20250409,14:45:44,-13.1,
20250409,14:45:44,-13.3,
20250409,14:45:44,-12.9,
20250409,14:45:45,-12.5,
20250409,14:45:45,-11.8,
20250409,14:45:45,-11.3,
20250409,14:45:46,-10.9,
20250409,14:45:46,-10.4,
20250409,14:45:46,-10.1,
20250409,14:45:46,-10,
20250409,14:45:47,-9.8,
20250409,14:45:47,-9.8,
20250409,14:45:47,-9.7,
20250409,14:45:47,-9.7,
20250409,14:45:48,-9.8,
20250409,14:45:48,-9.7,
20250409,14:45:48,-9.8,
20250409,14:45:49,-9.8,
20250409,14:45:49,-10.1,
20250409,14:45:49,-10.5,
20250409,14:45:49,-11.5,
20250409,14:45:50,-12.2,
20250409,14:45:50,-12.5,
20250409,14:45:50,-12.8,
20250409,14:45:51,-12.8,
20250409,14:45:51,-12.8,
20250409,14:45:51,-12.9,
20250409,14:45:51,-13.2,
20250409,14:45:52,-14.3,
20250409,14:45:52,-14.7,
20250409,14:45:52,-14.8,
20250409,14:45:52,-14.7,
20250409,14:45:53,-14.6,
20250409,14:45:53,-14.4,
20250409,14:45:53,-14.4,
20250409,14:45:54,-14.4,
20250409,14:45:54,-14.5,
20250409,14:45:54,-14.5,
20250409,14:45:54,-14.6,
20250409,14:45:55,-14.7,
20250409,14:45:55,-14.7,
20250409,14:45:55,-15,
20250409,14:45:56,-14.9,
20250409,14:45:56,-15.1,
20250409,14:45:56,-15.2,
20250409,14:45:56,-15.3,
20250409,14:45:57,-15.8,
20250409,14:45:57,-16.1,
20250409,14:45:57,-16.9,
20250409,14:45:57,-17.8,
20250409,14:45:58,-18.1,
20250409,14:45:58,-18.2,
20250409,14:45:58,-18,
20250409,14:45:59,-17.9,
20250409,14:45:59,-17.8,
20250409,14:45:59,-17.6,
20250409,14:45:59,-17.7,
20250409,14:46:00,-17.8,
20250409,14:46:00,-18,
20250409,14:46:00,-18,
20250409,14:46:01,-18.2,
20250409,14:46:01,-18.3,
20250409,14:46:01,-18.6,
20250409,14:46:01,-19.4,
20250409,14:46:02,-20.6,
20250409,14:46:02,-21.5,
20250409,14:46:02,-21.6,
20250409,14:46:02,-21.4,
20250409,14:46:03,-21.1,
20250409,14:46:03,-20.5,
20250409,14:46:03,-20.2,
20250409,14:46:04,-20,
20250409,14:46:04,-19.8,
20250409,14:46:04,-19.8,
20250409,14:46:04,-19.7,
20250409,14:46:05,-19.7,
20250409,14:46:05,-19.5,
20250409,14:46:05,-19.5,
20250409,14:46:05,-19.5,
20250409,14:46:06,-19.3,
20250409,14:46:06,-19.4,
20250409,14:46:06,-19.4,
20250409,14:46:07,-19.6,
20250409,14:46:07,-19.6,
20250409,14:46:07,-19.7,
20250409,14:46:07,-20,
20250409,14:46:08,-20,
20250409,14:46:08,-20.2,
20250409,14:46:08,-20.2,
20250409,14:46:09,-20.4,
20250409,14:46:09,-20.7,
20250409,14:46:09,-20.8,
20250409,14:46:09,-20.8,
20250409,14:46:10,-20.9,
20250409,14:46:10,-20.4,
20250409,14:46:10,-19.8,
20250409,14:46:10,-18.6,
20250409,14:46:11,-17.5,
20250409,14:46:11,-16.3,
20250409,14:46:11,-15.4,
20250409,14:46:12,-14.9,
20250409,14:46:12,-14.4,
20250409,14:46:12,-14,
20250409,14:46:12,-14,
20250409,14:46:13,-14.5,
20250409,14:46:13,-14.9,
20250409,14:46:13,-15,
20250409,14:46:14,-14.8,
20250409,14:46:14,-14.5,
20250409,14:46:14,-14.4,
20250409,14:46:14,-14.7,
20250409,14:46:15,-15,
20250409,14:46:15,-15,
20250409,14:46:15,-14.7,
20250409,14:46:15,-14.3,
20250409,14:46:16,-13.7,
20250409,14:46:16,-13.4,
20250409,14:46:16,-12.8,
20250409,14:46:17,-12.7,
20250409,14:46:17,-12.5,
20250409,14:46:17,-12.2,
20250409,14:46:17,-11.7,
20250409,14:46:18,-10.9,
20250409,14:46:18,-10.3,
20250409,14:46:18,-9.9,
20250409,14:46:18,-9.2,
20250409,14:46:19,-8.4,
20250409,14:46:19,-7.8,
20250409,14:46:19,-7.8,
20250409,14:46:20,-7.5,
20250409,14:46:20,-7.2,
20250409,14:46:20,-6.8,
20250409,14:46:20,-6.5,
20250409,14:46:21,-6,
20250409,14:46:21,-5.5,
20250409,14:46:21,-5,
20250409,14:46:22,-4.4,
20250409,14:46:22,-4,
20250409,14:46:22,-3.8,
20250409,14:46:22,-3.9,
20250409,14:46:23,-4.4,
20250409,14:46:23,-4.5,
20250409,14:46:23,-4,
20250409,14:46:23,-3.1,
20250409,14:46:24,-2.2,
20250409,14:46:24,-1.1,
20250409,14:46:24,-0.1,
20250409,14:46:25,0.5,
20250409,14:46:25,1,
20250409,14:46:25,1.4,
20250409,14:46:25,1.7,
20250409,14:46:26,1.8,
20250409,14:46:26,1.8,
20250409,14:46:26,1.8,
20250409,14:46:26,1.4,
20250409,14:46:27,0.9,
20250409,14:46:27,0.8,
20250409,14:46:27,0.7,
20250409,14:46:28,0.8,
20250409,14:46:28,0.8,
20250409,14:46:28,0.8,
20250409,14:46:28,0.9,
20250409,14:46:29,0.8,
20250409,14:46:29,0.8,
20250409,14:46:29,0.6,
20250409,14:46:30,0.5,
20250409,14:46:30,0.5,
20250409,14:46:30,0.4,
20250409,14:46:30,0.3,
20250409,14:46:31,0.1,
20250409,14:46:31,0,
20250409,14:46:31,-0.6,
20250409,14:46:31,-0.8,
20250409,14:46:32,-1,
20250409,14:46:32,-1,
20250409,14:46:32,-0.9,
20250409,14:46:33,-0.7,
20250409,14:46:33,-0.3,
20250409,14:46:33,0.1,
20250409,14:46:33,0.5,
20250409,14:46:34,0.7,
20250409,14:46:34,0.5,
20250409,14:46:34,0.3,
20250409,14:46:34,0.1,
20250409,14:46:35,0.2,
20250409,14:46:35,0.3,
20250409,14:46:35,0.2,
20250409,14:46:36,0.3,
20250409,14:46:36,0.4,
20250409,14:46:36,0.6,
20250409,14:46:36,1,
20250409,14:46:37,1.8,
20250409,14:46:37,2.5,
20250409,14:46:37,2.6,
20250409,14:46:38,2.5,
20250409,14:46:38,2.6,
20250409,14:46:38,2.7,
20250409,14:46:38,3,
20250409,14:46:39,3.2,
20250409,14:46:39,2.9,
20250409,14:46:39,2.3,
20250409,14:46:39,2.1,
20250409,14:46:40,2.3,
20250409,14:46:40,2.6,
20250409,14:46:40,2.5,
20250409,14:46:41,2.1,
20250409,14:46:41,1.9,
20250409,14:46:41,2.2,
20250409,14:46:41,2.7,
20250409,14:46:42,3.2,
20250409,14:46:42,3.8,
20250409,14:46:42,4.5,
20250409,14:46:42,5,
20250409,14:46:43,5.1,
20250409,14:46:43,5,
20250409,14:46:43,4.5,
20250409,14:46:44,4.3,
20250409,14:46:44,4.4,
20250409,14:46:44,4.4,
20250409,14:46:44,4.7,
20250409,14:46:45,4.7,
20250409,14:46:45,5.1,
20250409,14:46:45,4.9,
20250409,14:46:45,4.9,
20250409,14:46:46,5.2,
20250409,14:46:46,5.1,
20250409,14:46:46,5.1,
20250409,14:46:47,5.3,
20250409,14:46:47,5.6,
20250409,14:46:47,6,
20250409,14:46:47,6.5,
20250409,14:46:48,7,
20250409,14:46:48,7.2,
20250409,14:46:48,7.5,
20250409,14:46:48,7.7,
20250409,14:46:49,7.8,
20250409,14:46:49,8,
20250409,14:46:49,8.1,
20250409,14:46:50,8.3,
20250409,14:46:50,8.4,
20250409,14:46:50,8.1,
20250409,14:46:50,7.8,
20250409,14:46:51,7.7,
20250409,14:46:51,7.5,
20250409,14:46:51,7.1,
20250409,14:46:51,7,
20250409,14:46:52,7,
20250409,14:46:52,7,
20250409,14:46:52,6.9,
20250409,14:46:53,6.2,
20250409,14:46:53,5.4,
20250409,14:46:53,5,
20250409,14:46:53,4.6,
20250409,14:46:54,4.4,
20250409,14:46:54,4.3,
20250409,14:46:54,4.1,
20250409,14:46:55,4.2,
20250409,14:46:55,4.4,
20250409,14:46:55,4.7,
20250409,14:46:55,5,
20250409,14:46:56,5.2,
20250409,14:46:56,5.4,
20250409,14:46:56,5.5,
20250409,14:46:56,5.7,
20250409,14:46:57,6.1,
20250409,14:46:57,6.3,
20250409,14:46:57,6.9,
20250409,14:46:58,7.2,
20250409,14:46:58,7.3,
20250409,14:46:58,7.3,
20250409,14:46:58,7.4,
20250409,14:46:59,7.6,
20250409,14:46:59,7.8,
20250409,14:46:59,7.9,
20250409,14:46:59,7.9,
20250409,14:47:00,7.4,
20250409,14:47:00,7,
20250409,14:47:00,6.7,
20250409,14:47:01,6.5,
20250409,14:47:01,6.7,
20250409,14:47:01,7,
20250409,14:47:01,7,
20250409,14:47:02,7,
20250409,14:47:02,7.4,
20250409,14:47:02,7.6,
20250409,14:47:02,7.9,
20250409,14:47:03,8.3,
20250409,14:47:03,8.7,
20250409,14:47:03,9,
20250409,14:47:04,8.9,
20250409,14:47:04,8.5,
20250409,14:47:04,7.9,
20250409,14:47:04,7.9,
20250409,14:47:05,7.9,
20250409,14:47:05,8,
20250409,14:47:05,8.2,
20250409,14:47:05,8.4,
20250409,14:47:06,8.7,
20250409,14:47:06,8.4,
20250409,14:47:06,7.6,
20250409,14:47:07,6.8,
20250409,14:47:07,6.5,
20250409,14:47:07,6.5,
20250409,14:47:07,6.8,
20250409,14:47:08,7,
20250409,14:47:08,7.2,
20250409,14:47:08,7.4,
20250409,14:47:09,7.7,
20250409,14:47:09,8.5,
20250409,14:47:09,9.3,
20250409,14:47:09,10.2,
20250409,14:47:10,10,
20250409,14:47:10,9,
20250409,14:47:10,8.5,
20250409,14:47:10,8.1,
20250409,14:47:11,8.3,
20250409,14:47:11,8.3,
20250409,14:47:11,8.5,
20250409,14:47:12,8.7,
20250409,14:47:12,8.8,
20250409,14:47:12,8.7,
20250409,14:47:12,8.6,
20250409,14:47:13,8.6,
20250409,14:47:13,8.7,
20250409,14:47:13,8.8,
20250409,14:47:13,9.2,
20250409,14:47:14,9.5,
20250409,14:47:14,9.6,
20250409,14:47:14,9.6,
20250409,14:47:15,9.6,
20250409,14:47:15,9.4,
20250409,14:47:15,8.7,
20250409,14:47:15,8.2,
20250409,14:47:16,7.8,
20250409,14:47:16,7.4,
20250409,14:47:16,7,
20250409,14:47:17,7,
20250409,14:47:17,6.8,
20250409,14:47:17,6.8,
20250409,14:47:17,7,
20250409,14:47:18,7.3,
20250409,14:47:18,7.4,
20250409,14:47:18,6.7,
20250409,14:47:18,6.3,
20250409,14:47:19,6.3,
20250409,14:47:19,6.9,
20250409,14:47:19,7.3,
20250409,14:47:20,7.7,
20250409,14:47:20,8,
20250409,14:47:20,7.5,
20250409,14:47:20,7.1,
20250409,14:47:21,7,
20250409,14:47:21,7.8,
20250409,14:47:21,8.9,
20250409,14:47:21,10.4,
20250409,14:47:22,11.6,
20250409,14:47:22,11.4,
20250409,14:47:22,9.8,
20250409,14:47:23,8.1,
20250409,14:47:23,7.2,
20250409,14:47:23,7,
20250409,14:47:23,6.9,
20250409,14:47:24,7.2,
20250409,14:47:24,7.5,
20250409,14:47:24,8,
20250409,14:47:24,8.4,
20250409,14:47:25,8.7,
20250409,14:47:25,9.4,
20250409,14:47:25,10,
20250409,14:47:26,10.6,
20250409,14:47:26,10.9,
20250409,14:47:26,10.8,
20250409,14:47:26,10.2,
20250409,14:47:27,10.1,
20250409,14:47:27,10.4,
20250409,14:47:27,11,
20250409,14:47:27,12,
20250409,14:47:28,13.1,
20250409,14:47:28,14.2,
20250409,14:47:28,14.3,
20250409,14:47:29,13.7,
20250409,14:47:29,12.8,
20250409,14:47:29,11.2,
20250409,14:47:29,9.2,
20250409,14:47:30,7.8,
20250409,14:47:30,7.5,
20250409,14:47:30,7.5,
20250409,14:47:31,7.7,
20250409,14:47:31,7.8,
20250409,14:47:31,8.2,
20250409,14:47:31,8.9,
20250409,14:47:32,9.3,
20250409,14:47:32,9.7,
20250409,14:47:32,10,
20250409,14:47:32,10.3,
20250409,14:47:33,10.6,
20250409,14:47:33,10.7,
20250409,14:47:33,10.8,
20250409,14:47:34,11.3,
20250409,14:47:34,12.5,
20250409,14:47:34,12.4,
20250409,14:47:34,10.3,
20250409,14:47:35,7.7,
20250409,14:47:35,5.3,
20250409,14:47:35,3.4,
20250409,14:47:35,1.8,
20250409,14:47:36,1,
20250409,14:47:36,0.6,
20250409,14:47:36,0.6,
20250409,14:47:37,0.9,
20250409,14:47:37,1.7,
20250409,14:47:37,3.1,
20250409,14:47:37,4.5,
20250409,14:47:38,5.9,
20250409,14:47:38,7,
20250409,14:47:38,7.8,
20250409,14:47:38,8.6,
20250409,14:47:39,9.1,
20250409,14:47:39,9.7,
20250409,14:47:39,10.2,
20250409,14:47:40,10.4,
20250409,14:47:40,10.6,
20250409,14:47:40,10.7,
20250409,14:47:40,11.5,
20250409,14:47:41,12.5,
20250409,14:47:41,13.2,
20250409,14:47:41,13.4,
20250409,14:47:42,13.2,
20250409,14:47:42,12.4,
20250409,14:47:42,11,
20250409,14:47:42,9.8,
20250409,14:47:43,9.3,
20250409,14:47:43,9.2,
20250409,14:47:43,9,
20250409,14:47:43,9.2,
20250409,14:47:44,9.7,
20250409,14:47:44,10.1,
20250409,14:47:44,10.5,
20250409,14:47:45,10.8,
20250409,14:47:45,11.2,
20250409,14:47:45,11.8,
20250409,14:47:45,12.3,
20250409,14:47:46,12.9,
20250409,14:47:46,12.9,
20250409,14:47:46,13,
20250409,14:47:46,13.2,
20250409,14:47:47,13.5,
20250409,14:47:47,13.9,
20250409,14:47:47,14.4,
20250409,14:47:48,15.3,
20250409,14:47:48,16.5,
20250409,14:47:48,17.4,
20250409,14:47:48,16.7,
20250409,14:47:49,14.2,
20250409,14:47:49,11.5,
20250409,14:47:49,9.6,
20250409,14:47:50,8.2,
20250409,14:47:50,7,
20250409,14:47:50,6.3,
20250409,14:47:50,6.1,
20250409,14:47:51,6,
20250409,14:47:51,6,
20250409,14:47:51,6.4,
20250409,14:47:51,7.4,
20250409,14:47:52,8.3,
20250409,14:47:52,9.5,
20250409,14:47:52,10.7,
20250409,14:47:53,11.6,
20250409,14:47:53,12.2,
20250409,14:47:53,12.6,
20250409,14:47:53,13,
20250409,14:47:54,13.2,
20250409,14:47:54,13.2,
20250409,14:47:54,14.2,
20250409,14:47:54,15.2,
20250409,14:47:55,14.8,
20250409,14:47:55,13.1,
20250409,14:47:55,11.2,
20250409,14:47:56,9.5,
20250409,14:47:56,8.3,
20250409,14:47:56,7.8,
20250409,14:47:56,7.6,
20250409,14:47:57,7.5,
20250409,14:47:57,6.9,
20250409,14:47:57,6.9,
20250409,14:47:58,7.4,
20250409,14:47:58,8.4,
20250409,14:47:58,9.4,
20250409,14:47:58,10.4,
20250409,14:47:59,11.4,
20250409,14:47:59,12,
20250409,14:47:59,12.6,
20250409,14:47:59,12.9,
20250409,14:48:00,13.3,
20250409,14:48:00,13.7,
20250409,14:48:00,14,
20250409,14:48:01,14.4,
20250409,14:48:01,14.6,
20250409,14:48:01,15,
20250409,14:48:01,15.3,
20250409,14:48:02,15.7,
20250409,14:48:02,16,
20250409,14:48:02,16.1,
20250409,14:48:02,16.2,
20250409,14:48:03,16.3,
20250409,14:48:03,16.9,
20250409,14:48:03,17.8,
20250409,14:48:04,18.4,
20250409,14:48:04,17.3,
20250409,14:48:04,14.4,
20250409,14:48:04,11.3,
20250409,14:48:05,9,
20250409,14:48:05,7.6,
20250409,14:48:05,6.7,
20250409,14:48:05,6.3,
20250409,14:48:06,6.3,
20250409,14:48:06,6.7,
20250409,14:48:06,7.2,
20250409,14:48:07,7.9,
20250409,14:48:07,8.7,
20250409,14:48:07,9.7,
20250409,14:48:07,10.6,
20250409,14:48:08,11.4,
20250409,14:48:08,12.1,
20250409,14:48:08,12.9,
20250409,14:48:09,13.5,
20250409,14:48:09,13.8,
20250409,14:48:09,14.3,
20250409,14:48:09,15.1,
20250409,14:48:10,16.4,
20250409,14:48:10,17.2,
20250409,14:48:10,16.8,
20250409,14:48:10,14.7,
20250409,14:48:11,11.8,
20250409,14:48:11,9.2,
20250409,14:48:11,7.2,
20250409,14:48:12,6,
20250409,14:48:12,5.3,
20250409,14:48:12,5.2,
20250409,14:48:12,5.3,
20250409,14:48:13,5.8,
20250409,14:48:13,5.9,
20250409,14:48:13,5.1,
20250409,14:48:13,4.4,
20250409,14:48:14,3.6,
20250409,14:48:14,3.6,
20250409,14:48:14,3.7,
20250409,14:48:15,3.2,
20250409,14:48:15,2.8,
20250409,14:48:15,3.1,
20250409,14:48:15,4,
20250409,14:48:16,5,
20250409,14:48:16,5.9,
20250409,14:48:16,6.9,
20250409,14:48:17,7.7,
20250409,14:48:17,8.6,
20250409,14:48:17,9.1,
20250409,14:48:17,9.1,
20250409,14:48:18,9.5,
20250409,14:48:18,10.2,
20250409,14:48:18,10.9,
20250409,14:48:18,11.4,
20250409,14:48:19,12.1,
20250409,14:48:19,12.9,
20250409,14:48:19,13.4,
20250409,14:48:20,12.7,
20250409,14:48:20,8.7,
20250409,14:48:20,3.7,
20250409,14:48:20,0.2,
20250409,14:48:21,-1.6,
20250409,14:48:21,-2.5,
20250409,14:48:21,-3.1,
20250409,14:48:21,-3,
20250409,14:48:22,-2.4,
20250409,14:48:22,-1.3,
20250409,14:48:22,0,
20250409,14:48:23,1.6,
20250409,14:48:23,3.5,
20250409,14:48:23,5.2,
20250409,14:48:23,6.4,
20250409,14:48:24,7.3,
20250409,14:48:24,8.5,
20250409,14:48:24,9.6,
20250409,14:48:24,10.7,
20250409,14:48:25,11.4,
20250409,14:48:25,11.7,
20250409,14:48:25,12.6,
20250409,14:48:26,13.6,
20250409,14:48:26,13.8,
20250409,14:48:26,12.9,
20250409,14:48:26,11.4,
20250409,14:48:27,10,
20250409,14:48:27,8.7,
20250409,14:48:27,8,
20250409,14:48:27,7.6,
20250409,14:48:28,7.5,
20250409,14:48:28,7.9,
20250409,14:48:28,8.4,
20250409,14:48:29,9.1,
20250409,14:48:29,9.4,
20250409,14:48:29,9.9,
20250409,14:48:29,10.8,
20250409,14:48:30,11.7,
20250409,14:48:30,12.9,
20250409,14:48:30,13.8,
20250409,14:48:31,14.7,
20250409,14:48:31,15.2,
20250409,14:48:31,15.6,
20250409,14:48:31,16,
20250409,14:48:32,15.9,
20250409,14:48:32,16.2,
20250409,14:48:32,16.4,
20250409,14:48:32,16.5,
20250409,14:48:33,17.2,
20250409,14:48:33,18.3,
20250409,14:48:33,19.2,
20250409,14:48:34,18.4,
20250409,14:48:34,15.6,
20250409,14:48:34,12,
20250409,14:48:34,8.9,
20250409,14:48:35,7,
20250409,14:48:35,5.9,
20250409,14:48:35,5.3,
20250409,14:48:35,5,
20250409,14:48:36,4.8,
20250409,14:48:36,4.7,
20250409,14:48:36,5.3,
20250409,14:48:37,6.5,
20250409,14:48:37,7.4,
20250409,14:48:37,8.6,
20250409,14:48:37,9.7,
20250409,14:48:38,10.7,
20250409,14:48:38,11.7,
20250409,14:48:38,12.3,
20250409,14:48:39,12.9,
20250409,14:48:39,13.4,
20250409,14:48:39,13.8,
20250409,14:48:39,14,
20250409,14:48:40,13.5,
20250409,14:48:40,12.9,
20250409,14:48:40,12.9,
20250409,14:48:40,14.2,
20250409,14:48:41,15.5,
20250409,14:48:41,15.1,
20250409,14:48:41,13.9,
20250409,14:48:42,12.2,
20250409,14:48:42,10.9,
20250409,14:48:42,9.7,
20250409,14:48:42,8.3,
20250409,14:48:43,7,
20250409,14:48:43,6.7,
20250409,14:48:43,7.3,
20250409,14:48:43,8.1,
20250409,14:48:44,9.2,
20250409,14:48:44,10.3,
20250409,14:48:44,11.3,
20250409,14:48:45,12.2,
20250409,14:48:45,12.9,
20250409,14:48:45,13.2,
20250409,14:48:45,13.4,
20250409,14:48:46,13.4,
20250409,14:48:46,13.4,
20250409,14:48:46,13.7,
20250409,14:48:46,14.5,
20250409,14:48:47,15,
20250409,14:48:47,15.4,
20250409,14:48:47,15.7,
20250409,14:48:48,15.9,
20250409,14:48:48,15.7,
20250409,14:48:48,14.7,
20250409,14:48:48,14.3,
20250409,14:48:49,14.4,
20250409,14:48:49,14.7,
20250409,14:48:49,15.1,
20250409,14:48:50,15.3,
20250409,14:48:50,15.5,
20250409,14:48:50,15.5,
20250409,14:48:50,15.4,
20250409,14:48:51,15.4,
20250409,14:48:51,14.6,
20250409,14:48:51,14,
20250409,14:48:51,14,
20250409,14:48:52,14.1,
20250409,14:48:52,14.3,
20250409,14:48:52,14.3,
20250409,14:48:53,14.2,
20250409,14:48:53,13.9,
20250409,14:48:53,14,
20250409,14:48:53,13.8,
20250409,14:48:54,13.5,
20250409,14:48:54,12.1,
20250409,14:48:54,10.9,
20250409,14:48:54,10.8,
20250409,14:48:55,11.1,
20250409,14:48:55,11.7,
20250409,14:48:55,12.5,
20250409,14:48:56,14,
20250409,14:48:56,15.6,
20250409,14:48:56,16.4,
20250409,14:48:56,16.4,
20250409,14:48:57,16.1,
20250409,14:48:57,15.5,
20250409,14:48:57,14.7,
20250409,14:48:58,13.8,
20250409,14:48:58,12.9,
20250409,14:48:58,12.3,
20250409,14:48:58,12.3,
20250409,14:48:59,12.5,
20250409,14:48:59,12.9,
20250409,14:48:59,13.1,
20250409,14:48:59,13.4,
20250409,14:49:00,13.5,
20250409,14:49:00,13.2,
20250409,14:49:00,13.3,
20250409,14:49:01,13.4,
20250409,14:49:01,13.5,
20250409,14:49:01,13.6,
20250409,14:49:01,13.5,
20250409,14:49:02,13,
20250409,14:49:02,12.4,
20250409,14:49:02,12.8,
20250409,14:49:02,13.3,
20250409,14:49:03,13.8,
20250409,14:49:03,14.2,
20250409,14:49:03,14.5,
20250409,14:49:04,14.6,
20250409,14:49:04,14.3,
20250409,14:49:04,14.2,
20250409,14:49:04,14,
20250409,14:49:05,13.9,
20250409,14:49:05,13.9,
20250409,14:49:05,13.1,
20250409,14:49:06,12.1,
20250409,14:49:06,11.3,
20250409,14:49:06,11.2,
20250409,14:49:06,11.6,
20250409,14:49:07,12.3,
20250409,14:49:07,12.9,
20250409,14:49:07,13.4,
20250409,14:49:07,13.7,
20250409,14:49:08,13.8,
20250409,14:49:08,13.6,
20250409,14:49:08,12.9,
20250409,14:49:09,11.6,
20250409,14:49:09,10.8,
20250409,14:49:09,10.7,
20250409,14:49:09,11.6,
20250409,14:49:10,12.8,
20250409,14:49:10,13.8,
20250409,14:49:10,14,
20250409,14:49:10,13.9,
20250409,14:49:11,13.4,
20250409,14:49:11,11.9,
20250409,14:49:11,11,
20250409,14:49:12,10.1,
20250409,14:49:12,10.1,
20250409,14:49:12,11.3,
20250409,14:49:12,12.9,
20250409,14:49:13,14,
20250409,14:49:13,14.8,
20250409,14:49:13,15.5,
20250409,14:49:14,15.9,
20250409,14:49:14,16.3,
20250409,14:49:14,16.5,
20250409,14:49:14,16.9,
20250409,14:49:15,17.2,
20250409,14:49:15,17.4,
20250409,14:49:15,17.6,
20250409,14:49:15,17.9,
20250409,14:49:16,18,
20250409,14:49:16,17.9,
20250409,14:49:16,18.1,
20250409,14:49:17,18.3,
20250409,14:49:17,18.6,
20250409,14:49:17,18.3,
20250409,14:49:17,17.3,
20250409,14:49:18,16.9,
20250409,14:49:18,16.7,
20250409,14:49:18,16.6,
20250409,14:49:19,16.7,
20250409,14:49:19,16.9,
20250409,14:49:19,17.1,
20250409,14:49:19,17,
20250409,14:49:20,16.6,
20250409,14:49:20,15.6,
20250409,14:49:20,14.4,
20250409,14:49:20,14,
20250409,14:49:21,13.7,
20250409,14:49:21,13.4,
20250409,14:49:21,13.1,
20250409,14:49:22,13,
20250409,14:49:22,12.8,
20250409,14:49:22,11.9,
20250409,14:49:22,11.2,
20250409,14:49:23,11,
20250409,14:49:23,11,
20250409,14:49:23,10.4,
20250409,14:49:23,10.1,
20250409,14:49:24,10.1,
20250409,14:49:24,10.1,
20250409,14:49:24,10.3,
20250409,14:49:25,10.4,
20250409,14:49:25,10.4,
20250409,14:49:25,10.4,
20250409,14:49:25,10,
20250409,14:49:26,9.9,
20250409,14:49:26,9.9,
20250409,14:49:26,10.3,
20250409,14:49:27,10.9,
20250409,14:49:27,11.4,
20250409,14:49:27,11.4,
20250409,14:49:27,11.4,
20250409,14:49:28,11.6,
20250409,14:49:28,12.1,
20250409,14:49:28,12.7,
20250409,14:49:28,13.4,
20250409,14:49:29,14,
20250409,14:49:29,14.6,
20250409,14:49:29,14.9,
20250409,14:49:30,14.9,
20250409,14:49:30,14.5,
20250409,14:49:30,13.8,
20250409,14:49:30,13.2,
20250409,14:49:31,12.7,
20250409,14:49:31,11.8,
20250409,14:49:31,11.1,
20250409,14:49:31,10.4,
20250409,14:49:32,10.4,
20250409,14:49:32,10.5,
20250409,14:49:32,11.1,
20250409,14:49:33,12.1,
20250409,14:49:33,13.4,
20250409,14:49:33,14.3,
20250409,14:49:33,14.9,
20250409,14:49:34,15.6,
20250409,14:49:34,16.3,
20250409,14:49:34,16.9,
20250409,14:49:35,17.5,
20250409,14:49:35,17.8,
20250409,14:49:35,17.9,
20250409,14:49:35,18.1,
20250409,14:49:36,18.2,
20250409,14:49:36,18.3,
20250409,14:49:36,18.2,
20250409,14:49:36,18.4,
20250409,14:49:37,18.7,
20250409,14:49:37,18.9,
20250409,14:49:37,19.4,
20250409,14:49:38,20.6,
20250409,14:49:38,21.8,
20250409,14:49:38,22.2,
20250409,14:49:38,21,
20250409,14:49:39,19.6,
20250409,14:49:39,18.6,
20250409,14:49:39,17.4,
20250409,14:49:39,16.8,
20250409,14:49:40,16.6,
20250409,14:49:40,17.2,
20250409,14:49:40,17.8,
20250409,14:49:41,18.4,
20250409,14:49:41,19,
20250409,14:49:41,19.7,
20250409,14:49:41,20.5,
20250409,14:49:42,21.7,
20250409,14:49:42,22.6,
20250409,14:49:42,23.2,
20250409,14:49:43,23.5,
20250409,14:49:43,23.7,
20250409,14:49:43,24,
20250409,14:49:43,24.1,
20250409,14:49:44,24.2,
20250409,14:49:44,23.8,
20250409,14:49:44,23.5,
20250409,14:49:44,23.7,
20250409,14:49:45,24,
20250409,14:49:45,24.2,
20250409,14:49:45,24.3,
20250409,14:49:46,24.3,
20250409,14:49:46,24,
20250409,14:49:46,23.7,
20250409,14:49:46,23.3,
20250409,14:49:47,23.2,
20250409,14:49:47,23,
20250409,14:49:47,22.8,
20250409,14:49:47,22.5,
20250409,14:49:48,22.2,
20250409,14:49:48,21.7,
20250409,14:49:48,20.8,
20250409,14:49:49,19.8,
20250409,14:49:49,19.4,
20250409,14:49:49,18.9,
20250409,14:49:49,18.6,
20250409,14:49:50,18.5,
20250409,14:49:50,18.9,
20250409,14:49:50,19.6,
20250409,14:49:51,19.8,
20250409,14:49:51,19.8,
20250409,14:49:51,19.3,
20250409,14:49:51,18.7,
20250409,14:49:52,18.1,
20250409,14:49:52,17.7,
20250409,14:49:52,17.6,
20250409,14:49:52,17.7,
20250409,14:49:53,17.6,
20250409,14:49:53,17,
20250409,14:49:53,16.7,
20250409,14:49:54,16.9,
20250409,14:49:54,17.2,
20250409,14:49:54,17.7,
20250409,14:49:54,18.3,
20250409,14:49:55,19.2,
20250409,14:49:55,20.2,
20250409,14:49:55,20.5,
20250409,14:49:55,19.8,
20250409,14:49:56,18.9,
20250409,14:49:56,18.4,
20250409,14:49:56,18.2,
20250409,14:49:57,18.3,
20250409,14:49:57,18.2,
20250409,14:49:57,18.5,
20250409,14:49:57,18.8,
20250409,14:49:58,19.1,
20250409,14:49:58,19.5,
20250409,14:49:58,19.8,
20250409,14:49:58,19.9,
20250409,14:49:59,20.1,
20250409,14:49:59,20.1,
20250409,14:49:59,20.1,
20250409,14:50:00,19.9,
20250409,14:50:00,19.8,
20250409,14:50:00,19.5,
20250409,14:50:00,19.3,
20250409,14:50:01,18.9,
20250409,14:50:01,18.6,
20250409,14:50:01,18.2,
20250409,14:50:02,17.2,
20250409,14:50:02,14.8,
20250409,14:50:02,12.9,
20250409,14:50:02,12.4,
20250409,14:50:03,12.2,
20250409,14:50:03,12.1,
20250409,14:50:03,11.2,
20250409,14:50:03,10.5,
20250409,14:50:04,10.2,
20250409,14:50:04,10.3,
20250409,14:50:04,10.4,
20250409,14:50:05,9.8,
20250409,14:50:05,9.2,
20250409,14:50:05,9,
20250409,14:50:05,9.4,
20250409,14:50:06,9.8,
20250409,14:50:06,10,
20250409,14:50:06,9.4,
20250409,14:50:06,8.8,
20250409,14:50:07,8.7,
20250409,14:50:07,8.3,
20250409,14:50:07,7.8,
20250409,14:50:08,7.6,
20250409,14:50:08,7.7,
20250409,14:50:08,7.9,
20250409,14:50:08,8,
20250409,14:50:09,8.2,
20250409,14:50:09,8.5,
20250409,14:50:09,8.8,
20250409,14:50:10,9.2,
20250409,14:50:10,9.7,
20250409,14:50:10,10.2,
20250409,14:50:10,10.6,
20250409,14:50:11,10.7,
20250409,14:50:11,10.7,
20250409,14:50:11,11.2,
20250409,14:50:11,12.1,
20250409,14:50:12,12.9,
20250409,14:50:12,13.7,
20250409,14:50:12,14.3,
20250409,14:50:13,14.6,
20250409,14:50:13,14.7,
20250409,14:50:13,14.7,
20250409,14:50:13,14.8,
20250409,14:50:14,14.8,
20250409,14:50:14,14.8,
20250409,14:50:14,14.7,
20250409,14:50:14,14.4,
20250409,14:50:15,14,
20250409,14:50:15,13.7,
20250409,14:50:15,13.7,
20250409,14:50:16,13.6,
20250409,14:50:16,13.5,
20250409,14:50:16,13.2,
20250409,14:50:16,13.1,
20250409,14:50:17,12.8,
20250409,14:50:17,12.2,
20250409,14:50:17,11.1,
20250409,14:50:18,9.6,
20250409,14:50:18,8.7,
20250409,14:50:18,7.9,
20250409,14:50:18,7.5,
20250409,14:50:19,7.3,
20250409,14:50:19,7,
20250409,14:50:19,6.2,
20250409,14:50:19,5.8,
20250409,14:50:20,5.6,
20250409,14:50:20,4.8,
20250409,14:50:20,4.4,
20250409,14:50:21,4.4,
20250409,14:50:21,4.7,
20250409,14:50:21,5.3,
20250409,14:50:21,5.9,
20250409,14:50:22,6.4,
20250409,14:50:22,6.7,
20250409,14:50:22,7,
20250409,14:50:22,6.8,
20250409,14:50:23,5.9,
20250409,14:50:23,5.3,
20250409,14:50:23,5.2,
20250409,14:50:24,5.3,
20250409,14:50:24,5.8,
20250409,14:50:24,6.2,
20250409,14:50:24,6.7,
20250409,14:50:25,6.8,
20250409,14:50:25,6.7,
20250409,14:50:25,6.3,
20250409,14:50:25,6,
20250409,14:50:26,5.5,
20250409,14:50:26,5.3,
20250409,14:50:26,4.7,
20250409,14:50:27,4.5,
20250409,14:50:27,4.4,
20250409,14:50:27,4.6,
20250409,14:50:27,4.9,
20250409,14:50:28,5,
20250409,14:50:28,5.3,
20250409,14:50:28,5.5,
20250409,14:50:28,6.4,
20250409,14:50:29,8,
20250409,14:50:29,9.5,
20250409,14:50:29,10,
20250409,14:50:30,9.1,
20250409,14:50:30,8.8,
20250409,14:50:30,8.6,
20250409,14:50:30,8.1,
20250409,14:50:31,7.8,
20250409,14:50:31,8,
20250409,14:50:31,8.5,
20250409,14:50:32,9.1,
20250409,14:50:32,9.8,
20250409,14:50:32,9.7,
20250409,14:50:32,8.8,
20250409,14:50:33,8.4,
20250409,14:50:33,7.9,
20250409,14:50:33,7.4,
20250409,14:50:33,7.3,
20250409,14:50:34,7.6,
20250409,14:50:34,7.9,
20250409,14:50:34,8.3,
20250409,14:50:35,8.7,
20250409,14:50:35,9.4,
20250409,14:50:35,10.1,
20250409,14:50:35,10.4,
20250409,14:50:36,10.3,
20250409,14:50:36,10.4,
20250409,14:50:36,10.5,
20250409,14:50:36,10.8,
20250409,14:50:37,10.8,
20250409,14:50:37,10.6,
20250409,14:50:37,10.6,
20250409,14:50:38,10.9,
20250409,14:50:38,11.1,
20250409,14:50:38,11.4,
20250409,14:50:38,11.8,
20250409,14:50:39,11.9,
20250409,14:50:39,12.1,
20250409,14:50:39,12.1,
20250409,14:50:39,11.7,
20250409,14:50:40,11,
20250409,14:50:40,10.8,
20250409,14:50:40,10.8,
20250409,14:50:41,10.8,
20250409,14:50:41,10.6,
20250409,14:50:41,10.3,
20250409,14:50:41,9.9,
20250409,14:50:42,9.5,
20250409,14:50:42,9.5,
20250409,14:50:42,9.3,
20250409,14:50:43,9.2,
20250409,14:50:43,9.5,
20250409,14:50:43,10.1,
20250409,14:50:43,10.7,
20250409,14:50:44,11.4,
20250409,14:50:44,12.1,
20250409,14:50:44,12.5,
20250409,14:50:44,12.9,
20250409,14:50:45,13.1,
20250409,14:50:45,13.2,
20250409,14:50:45,13.4,
20250409,14:50:46,13.5,
20250409,14:50:46,13.6,
20250409,14:50:46,13.7,
20250409,14:50:46,13.7,
20250409,14:50:47,13.7,
20250409,14:50:47,13.6,
20250409,14:50:47,13.5,
20250409,14:50:47,13.2,
20250409,14:50:48,12.9,
20250409,14:50:48,12.5,
20250409,14:50:48,12,
20250409,14:50:49,11.5,
20250409,14:50:49,11.2,
20250409,14:50:49,10.9,
20250409,14:50:49,10.4,
20250409,14:50:50,10,
20250409,14:50:50,9.6,
20250409,14:50:50,9.1,
20250409,14:50:51,8.7,
20250409,14:50:51,8.3,
20250409,14:50:51,7.8,
20250409,14:50:51,7.4,
20250409,14:50:52,7,
20250409,14:50:52,6.3,
20250409,14:50:52,4.2,
20250409,14:50:52,1.6,
20250409,14:50:53,0.5,
20250409,14:50:53,0.2,
20250409,14:50:53,0.2,
20250409,14:50:54,0.2,
20250409,14:50:54,0.3,
20250409,14:50:54,0.5,
20250409,14:50:54,0.5,
20250409,14:50:55,0.7,
20250409,14:50:55,0.6,
20250409,14:50:55,0.7,
20250409,14:50:55,0.7,
20250409,14:50:56,0.7,
20250409,14:50:56,0.6,
20250409,14:50:56,0.3,
20250409,14:50:57,0.1,
20250409,14:50:57,-0.2,
20250409,14:50:57,-0.3,
20250409,14:50:57,-0.5,
20250409,14:50:58,-0.6,
20250409,14:50:58,-0.7,
20250409,14:50:58,-0.8,
20250409,14:50:59,-0.9,
20250409,14:50:59,-1.2,
20250409,14:50:59,-1.4,
20250409,14:50:59,-1.6,
20250409,14:51:00,-1.7,
20250409,14:51:00,-2.1,
20250409,14:51:00,-3.4,
20250409,14:51:00,-6,
20250409,14:51:01,-7.6,
20250409,14:51:01,-8.4,
20250409,14:51:01,-8.6,
20250409,14:51:02,-8.4,
20250409,14:51:02,-8.1,
20250409,14:51:02,-7.6,
20250409,14:51:02,-7.1,
20250409,14:51:03,-6.6,
20250409,14:51:03,-6.4,
20250409,14:51:03,-7.1,
20250409,14:51:03,-8.5,
20250409,14:51:04,-9.4,
20250409,14:51:04,-10,
20250409,14:51:04,-10.4,
20250409,14:51:05,-10.7,
20250409,14:51:05,-10.4,
20250409,14:51:05,-10,
20250409,14:51:05,-9.4,
20250409,14:51:06,-8.7,
20250409,14:51:06,-7.9,
20250409,14:51:06,-7.5,
20250409,14:51:07,-7.4,
20250409,14:51:07,-8.1,
20250409,14:51:07,-8.6,
20250409,14:51:07,-8.9,
20250409,14:51:08,-9,
20250409,14:51:08,-8.8,
20250409,14:51:08,-8.5,
20250409,14:51:08,-8.2,
20250409,14:51:09,-7.9,
20250409,14:51:09,-7.6,
20250409,14:51:09,-7.5,
20250409,14:51:10,-7.4,
20250409,14:51:10,-7.3,
20250409,14:51:10,-7.1,
20250409,14:51:10,-7.2,
20250409,14:51:11,-7.8,
20250409,14:51:11,-8.1,
20250409,14:51:11,-8.1,
20250409,14:51:11,-8.1,
20250409,14:51:12,-8.1,
20250409,14:51:12,-8.1,
20250409,14:51:12,-8.1,
20250409,14:51:13,-8.4,
20250409,14:51:13,-9.6,
20250409,14:51:13,-10.6,
20250409,14:51:13,-10.9,
20250409,14:51:14,-11.6,
20250409,14:51:14,-12.5,
20250409,14:51:14,-13.1,
20250409,14:51:14,-13.2,
20250409,14:51:15,-12.9,
20250409,14:51:15,-12.6,
20250409,14:51:15,-12.7,
20250409,14:51:16,-13.5,
20250409,14:51:16,-13.8,
20250409,14:51:16,-13.5,
20250409,14:51:16,-13.3,
20250409,14:51:17,-13.1,
20250409,14:51:17,-13.2,
20250409,14:51:17,-13,
20250409,14:51:18,-13.2,
20250409,14:51:18,-13,
20250409,14:51:18,-12.6,
20250409,14:51:18,-12,
20250409,14:51:19,-11.4,
20250409,14:51:19,-11,
20250409,14:51:19,-10.5,
20250409,14:51:19,-10.2,
20250409,14:51:20,-10.1,
20250409,14:51:20,-10.8,
20250409,14:51:20,-11.6,
20250409,14:51:21,-11.8,
20250409,14:51:21,-11.8,
20250409,14:51:21,-11.5,
20250409,14:51:21,-11.3,
20250409,14:51:22,-11.6,
20250409,14:51:22,-11.6,
20250409,14:51:22,-11.3,
20250409,14:51:23,-11,
20250409,14:51:23,-10.5,
20250409,14:51:23,-10.1,
20250409,14:51:23,-9.7,
20250409,14:51:24,-9.4,
20250409,14:51:24,-9.2,
20250409,14:51:24,-9.2,
20250409,14:51:24,-9.1,
20250409,14:51:25,-9,
20250409,14:51:25,-9,
20250409,14:51:25,-9.1,
20250409,14:51:26,-9.1,
20250409,14:51:26,-9.8,
20250409,14:51:26,-11.4,
20250409,14:51:26,-12.6,
20250409,14:51:27,-13.1,
20250409,14:51:27,-13.3,
20250409,14:51:27,-13.3,
20250409,14:51:28,-13.7,
20250409,14:51:28,-13.9,
20250409,14:51:28,-13.9,
20250409,14:51:28,-13.7,
20250409,14:51:29,-13.3,
20250409,14:51:29,-13,
20250409,14:51:29,-12.9,
20250409,14:51:29,-12.9,
20250409,14:51:30,-13,
20250409,14:51:30,-12.9,
20250409,14:51:30,-12.8,
20250409,14:51:31,-12.7,
20250409,14:51:31,-12.5,
20250409,14:51:31,-12.4,
20250409,14:51:31,-12.3,
20250409,14:51:32,-12.3,
20250409,14:51:32,-12.4,
20250409,14:51:32,-12.5,
20250409,14:51:32,-12.6,
20250409,14:51:33,-12.6,
20250409,14:51:33,-12.8,
20250409,14:51:33,-12.8,
20250409,14:51:34,-13,
20250409,14:51:34,-13.2,
20250409,14:51:34,-13.3,
20250409,14:51:34,-13.5,
20250409,14:51:35,-13.5,
20250409,14:51:35,-13.8,
20250409,14:51:35,-14,
20250409,14:51:36,-14.2,
20250409,14:51:36,-14.5,
20250409,14:51:36,-14.8,
20250409,14:51:36,-15.2,
20250409,14:51:37,-16.4,
20250409,14:51:37,-18.9,
20250409,14:51:37,-20.7,
20250409,14:51:37,-21.2,
20250409,14:51:38,-21.1,
20250409,14:51:38,-20.5,
20250409,14:51:38,-20,
20250409,14:51:39,-19.5,
20250409,14:51:39,-19.1,
20250409,14:51:39,-18.9,
20250409,14:51:39,-19.2,
20250409,14:51:40,-20.6,
20250409,14:51:40,-21.5,
20250409,14:51:40,-21.6,
20250409,14:51:41,-21.5,
20250409,14:51:41,-21.3,
20250409,14:51:41,-21.3,
20250409,14:51:41,-21.2,
20250409,14:51:42,-21.5,
20250409,14:51:42,-21.3,
20250409,14:51:42,-20.9,
20250409,14:51:42,-20.3,
20250409,14:51:43,-19.6,
20250409,14:51:43,-19.2,
20250409,14:51:43,-19.8,
20250409,14:51:44,-20.8,
20250409,14:51:44,-21.2,
20250409,14:51:44,-21.4,
20250409,14:51:44,-21.4,
20250409,14:51:45,-21.1,
20250409,14:51:45,-20.4,
20250409,14:51:45,-19.7,
20250409,14:51:46,-19,
20250409,14:51:46,-19.1,
20250409,14:51:46,-19.7,
20250409,14:51:46,-19.7,
20250409,14:51:47,-19.4,
20250409,14:51:47,-18.8,
20250409,14:51:47,-18.2,
20250409,14:51:47,-17.9,
20250409,14:51:48,-18.2,
20250409,14:51:48,-18.6,
20250409,14:51:48,-18.6,
20250409,14:51:49,-18.5,
20250409,14:51:49,-18.3,
20250409,14:51:49,-18,
20250409,14:51:49,-17.6,
20250409,14:51:50,-16.9,
20250409,14:51:50,-16.4,
20250409,14:51:50,-15.9,
20250409,14:51:50,-15.2,
20250409,14:51:51,-14.9,
20250409,14:51:51,-14.8,
20250409,14:51:51,-15.3,
20250409,14:51:52,-15.8,
20250409,14:51:52,-15.7,
20250409,14:51:52,-15.4,
20250409,14:51:52,-15.1,
20250409,14:51:53,-14.6,
20250409,14:51:53,-14.4,
20250409,14:51:53,-14.4,
20250409,14:51:54,-14.9,
20250409,14:51:54,-15.7,
20250409,14:51:54,-15.9,
20250409,14:51:54,-15.9,
20250409,14:51:55,-15.8,
20250409,14:51:55,-15.8,
20250409,14:51:55,-16.2,
20250409,14:51:55,-16.9,
20250409,14:51:56,-17.6,
20250409,14:51:56,-17.7,
20250409,14:51:56,-17.7,
20250409,14:51:57,-17.4,
20250409,14:51:57,-17,
20250409,14:51:57,-16.6,
20250409,14:51:57,-16.8,
20250409,14:51:58,-17.2,
20250409,14:51:58,-17.1,
20250409,14:51:58,-16.8,
20250409,14:51:59,-16.2,
20250409,14:51:59,-16.1,
20250409,14:51:59,-16.5,
20250409,14:51:59,-16.9,
20250409,14:52:00,-16.7,
20250409,14:52:00,-16.3,
20250409,14:52:00,-15.9,
20250409,14:52:00,-16.2,
20250409,14:52:01,-16.9,
20250409,14:52:01,-16.9,
20250409,14:52:01,-16.6,
20250409,14:52:02,-16.1,
20250409,14:52:02,-16.1,
20250409,14:52:02,-16.2,
20250409,14:52:02,-16.1,
20250409,14:52:03,-15.9,
20250409,14:52:03,-15.2,
20250409,14:52:03,-14.7,
20250409,14:52:03,-14.5,
20250409,14:52:04,-14.3,
20250409,14:52:04,-13.9,
20250409,14:52:04,-13.5,
20250409,14:52:05,-13,
20250409,14:52:05,-12.5,
20250409,14:52:05,-11.9,
20250409,14:52:05,-11.5,
20250409,14:52:06,-11.2,
20250409,14:52:06,-11,
20250409,14:52:06,-11,
20250409,14:52:07,-10.9,
20250409,14:52:07,-10.6,
20250409,14:52:07,-10.4,
20250409,14:52:07,-10.4,
20250409,14:52:08,-11,
20250409,14:52:08,-11.6,
20250409,14:52:08,-11.7,
20250409,14:52:09,-11.7,
20250409,14:52:09,-11.8,
20250409,14:52:09,-11.8,
20250409,14:52:09,-12.1,
20250409,14:52:10,-12.6,
20250409,14:52:10,-12.9,
20250409,14:52:10,-13.2,
20250409,14:52:10,-13.5,
20250409,14:52:11,-13.5,
20250409,14:52:11,-13.8,
20250409,14:52:11,-14.8,
20250409,14:52:12,-15.5,
20250409,14:52:12,-15.7,
20250409,14:52:12,-15.6,
20250409,14:52:12,-15.2,
20250409,14:52:13,-14.9,
20250409,14:52:13,-15.2,
20250409,14:52:13,-15.4,
20250409,14:52:13,-15.6,
20250409,14:52:14,-16,
20250409,14:52:14,-16.3,
20250409,14:52:14,-16.3,
20250409,14:52:15,-16.1,
20250409,14:52:15,-16.1,
20250409,14:52:15,-16,
20250409,14:52:15,-15.5,
20250409,14:52:16,-15,
20250409,14:52:16,-14.6,
20250409,14:52:16,-14.3,
20250409,14:52:17,-13.9,
20250409,14:52:17,-13.2,
20250409,14:52:17,-12.5,
20250409,14:52:17,-11.7,
20250409,14:52:18,-11,
20250409,14:52:18,-10.4,
20250409,14:52:18,-10.1,
20250409,14:52:18,-9.8,
20250409,14:52:19,-9.5,
20250409,14:52:19,-9.3,
20250409,14:52:19,-9,
20250409,14:52:20,-8.7,
20250409,14:52:20,-8.4,
20250409,14:52:20,-8.4,
20250409,14:52:20,-8.7,
20250409,14:52:21,-9.2,
20250409,14:52:21,-9.5,
20250409,14:52:21,-9.9,
20250409,14:52:21,-10.1,
20250409,14:52:22,-10.3,
20250409,14:52:22,-10.8,
20250409,14:52:22,-11.1,
20250409,14:52:23,-11.6,
20250409,14:52:23,-11.7,
20250409,14:52:23,-11.5,
20250409,14:52:23,-11.2,
20250409,14:52:24,-10.8,
20250409,14:52:24,-10.5,
20250409,14:52:24,-10.5,
20250409,14:52:25,-11,
20250409,14:52:25,-11,
20250409,14:52:25,-10.9,
20250409,14:52:25,-10.5,
20250409,14:52:26,-10.6,
20250409,14:52:26,-11,
20250409,14:52:26,-11,
20250409,14:52:27,-11,
20250409,14:52:27,-10.8,
20250409,14:52:27,-10.5,
20250409,14:52:27,-10.2,
20250409,14:52:28,-10,
20250409,14:52:28,-9.7,
20250409,14:52:28,-9.5,
20250409,14:52:28,-9.3,
20250409,14:52:29,-9.3,
20250409,14:52:29,-9.7,
20250409,14:52:29,-10.1,
20250409,14:52:30,-10.4,
20250409,14:52:30,-10.2,
20250409,14:52:30,-10.1,
20250409,14:52:30,-10.1,
20250409,14:52:31,-10.4,
20250409,14:52:31,-10.5,
20250409,14:52:31,-10.6,
20250409,14:52:31,-10.3,
20250409,14:52:32,-10.1,
20250409,14:52:32,-10.1,
20250409,14:52:32,-10.3,
20250409,14:52:33,-10.7,
20250409,14:52:33,-11.1,
20250409,14:52:33,-11.9,
20250409,14:52:33,-12.7,
20250409,14:52:34,-12.9,
20250409,14:52:34,-12.6,
20250409,14:52:34,-12.2,
20250409,14:52:34,-12,
20250409,14:52:35,-12,
20250409,14:52:35,-12.3,
20250409,14:52:35,-12.2,
20250409,14:52:36,-11.8,
20250409,14:52:36,-11.6,
20250409,14:52:36,-11,
20250409,14:52:36,-10.2,
20250409,14:52:37,-9.5,
20250409,14:52:37,-8.8,
20250409,14:52:37,-8.1,
20250409,14:52:38,-7.5,
20250409,14:52:38,-7.8,
20250409,14:52:38,-8.5,
20250409,14:52:38,-8.8,
20250409,14:52:39,-8.5,
20250409,14:52:39,-8.6,
20250409,14:52:39,-8.9,
20250409,14:52:39,-8.9,
20250409,14:52:40,-8.7,
20250409,14:52:40,-8.2,
20250409,14:52:40,-7.6,
20250409,14:52:41,-7.2,
20250409,14:52:41,-7.1,
20250409,14:52:41,-7.4,
20250409,14:52:41,-7.6,
20250409,14:52:42,-7.7,
20250409,14:52:42,-8.1,
20250409,14:52:42,-8.8,
20250409,14:52:43,-9.2,
20250409,14:52:43,-9.2,
20250409,14:52:43,-9,
20250409,14:52:43,-8.4,
20250409,14:52:44,-8.1,
20250409,14:52:44,-7.6,
20250409,14:52:44,-7.3,
20250409,14:52:44,-7,
20250409,14:52:45,-6.7,
20250409,14:52:45,-6.5,
20250409,14:52:45,-6.3,
20250409,14:52:46,-6.1,
20250409,14:52:46,-6.4,
20250409,14:52:46,-7.6,
20250409,14:52:46,-8.4,
20250409,14:52:47,-8.4,
20250409,14:52:47,-8.5,
20250409,14:52:47,-9.3,
20250409,14:52:47,-10,
20250409,14:52:48,-10.1,
20250409,14:52:48,-10,
20250409,14:52:48,-9.9,
20250409,14:52:49,-9.8,
20250409,14:52:49,-9.5,
20250409,14:52:49,-9.3,
20250409,14:52:49,-9.3,
20250409,14:52:50,-8.9,
20250409,14:52:50,-8.4,
20250409,14:52:50,-7.6,
20250409,14:52:51,-7,
20250409,14:52:51,-6.7,
20250409,14:52:51,-6.7,
20250409,14:52:51,-6.7,
20250409,14:52:52,-6.6,
20250409,14:52:52,-6.6,
20250409,14:52:52,-6.3,
20250409,14:52:52,-5.9,
20250409,14:52:53,-5.6,
20250409,14:52:53,-5.3,
20250409,14:52:53,-5.5,
20250409,14:52:54,-5.7,
20250409,14:52:54,-5.9,
20250409,14:52:54,-6.6,
20250409,14:52:54,-7.4,
20250409,14:52:55,-8.1,
20250409,14:52:55,-8.7,
20250409,14:52:55,-9.2,
20250409,14:52:55,-9.5,
20250409,14:52:56,-9.7,
20250409,14:52:56,-9.6,
20250409,14:52:56,-9.2,
20250409,14:52:57,-8.9,
20250409,14:52:57,-9.1,
20250409,14:52:57,-9.3,
20250409,14:52:57,-9.2,
20250409,14:52:58,-8.9,
20250409,14:52:58,-8.6,
20250409,14:52:58,-8.4,
20250409,14:52:59,-8.1,
20250409,14:52:59,-7.8,
20250409,14:52:59,-7.5,
20250409,14:52:59,-7,
20250409,14:53:00,-6.3,
20250409,14:53:00,-5.8,
20250409,14:53:00,-5.2,
20250409,14:53:00,-4.8,
20250409,14:53:01,-4.5,
20250409,14:53:01,-4.2,
20250409,14:53:01,-4.2,
20250409,14:53:02,-4.7,
20250409,14:53:02,-5,
20250409,14:53:02,-5,
20250409,14:53:02,-4.8,
20250409,14:53:03,-4.6,
20250409,14:53:03,-4.4,
20250409,14:53:03,-4.5,
20250409,14:53:04,-4.7,
20250409,14:53:04,-5.1,
20250409,14:53:04,-5.7,
20250409,14:53:04,-6.3,
20250409,14:53:05,-6.6,
20250409,14:53:05,-6.4,
20250409,14:53:05,-5.8,
20250409,14:53:05,-4.9,
20250409,14:53:06,-4.1,
20250409,14:53:06,-4.4,
20250409,14:53:06,-4.5,
20250409,14:53:07,-4.2,
20250409,14:53:07,-3.7,
20250409,14:53:07,-3.3,
20250409,14:53:07,-2.9,
20250409,14:53:08,-3,
20250409,14:53:08,-3,
20250409,14:53:08,-2.8,
20250409,14:53:08,-2.5,
20250409,14:53:09,-2.4,
20250409,14:53:09,-2.7,
20250409,14:53:09,-2.8,
20250409,14:53:10,-2.7,
20250409,14:53:10,-3,
20250409,14:53:10,-3.3,
20250409,14:53:10,-3.5,
20250409,14:53:11,-3.4,
20250409,14:53:11,-3.2,
20250409,14:53:11,-3,
20250409,14:53:11,-3,
20250409,14:53:12,-3.3,
20250409,14:53:12,-3.2,
20250409,14:53:12,-3.1,
20250409,14:53:13,-3.3,
20250409,14:53:13,-4.1,
20250409,14:53:13,-4.9,
20250409,14:53:13,-5.2,
20250409,14:53:14,-5.4,
20250409,14:53:14,-5.3,
20250409,14:53:14,-5,
20250409,14:53:15,-5,
20250409,14:53:15,-5.8,
20250409,14:53:15,-6.7,
20250409,14:53:15,-7.3,
20250409,14:53:16,-7.7,
20250409,14:53:16,-7.8,
20250409,14:53:16,-7.4,
20250409,14:53:16,-6.8,
20250409,14:53:17,-6.1,
20250409,14:53:17,-5.7,
20250409,14:53:17,-5.1,
20250409,14:53:18,-4.9,
20250409,14:53:18,-5,
20250409,14:53:18,-5,
20250409,14:53:18,-5.2,
20250409,14:53:19,-5.8,
20250409,14:53:19,-6.6,
20250409,14:53:19,-7,
20250409,14:53:19,-7.4,
20250409,14:53:20,-7.6,
20250409,14:53:20,-7.6,
20250409,14:53:20,-7.2,
20250409,14:53:21,-6.7,
20250409,14:53:21,-6.3,
20250409,14:53:21,-5.8,
20250409,14:53:21,-5.7,
20250409,14:53:22,-5.6,
20250409,14:53:22,-5.8,
20250409,14:53:22,-6.6,
20250409,14:53:23,-7,
20250409,14:53:23,-7.1,
20250409,14:53:23,-6.9,
20250409,14:53:23,-6.7,
20250409,14:53:24,-6.4,
20250409,14:53:24,-6.3,
20250409,14:53:24,-6.4,
20250409,14:53:24,-7.1,
20250409,14:53:25,-7.7,
20250409,14:53:25,-7.8,
20250409,14:53:25,-7.8,
20250409,14:53:26,-7.4,
20250409,14:53:26,-7,
20250409,14:53:26,-6.8,
20250409,14:53:26,-6.7,
20250409,14:53:27,-6.6,
20250409,14:53:27,-6.7,
20250409,14:53:27,-7.3,
20250409,14:53:27,-7.9,
20250409,14:53:28,-8.6,
20250409,14:53:28,-9.3,
20250409,14:53:28,-9.8,
20250409,14:53:29,-10.1,
20250409,14:53:29,-10.1,
20250409,14:53:29,-10.1,
20250409,14:53:29,-10.1,
20250409,14:53:30,-9.9,
20250409,14:53:30,-9.4,
20250409,14:53:30,-9.1,
20250409,14:53:31,-8.6,
20250409,14:53:31,-8.4,
20250409,14:53:31,-8.4,
20250409,14:53:31,-8.7,
20250409,14:53:32,-8.9,
20250409,14:53:32,-8.8,
20250409,14:53:32,-8.6,
20250409,14:53:33,-8.4,
20250409,14:53:33,-8.3,
20250409,14:53:33,-8.1,
20250409,14:53:33,-7.7,
20250409,14:53:34,-7.5,
20250409,14:53:34,-7.5,
20250409,14:53:34,-8,
20250409,14:53:34,-8.3,
20250409,14:53:35,-8.2,
20250409,14:53:35,-8.2,
20250409,14:53:35,-8,
20250409,14:53:35,-7.8,
20250409,14:53:36,-7.7,
20250409,14:53:36,-7.6,
20250409,14:53:36,-7.8,
20250409,14:53:37,-8.4,
20250409,14:53:37,-9.3,
20250409,14:53:37,-10,
20250409,14:53:37,-10.1,
20250409,14:53:38,-10,
20250409,14:53:38,-9.9,
20250409,14:53:38,-9.7,
20250409,14:53:39,-9.5,
20250409,14:53:39,-9.5,
20250409,14:53:39,-9.5,
20250409,14:53:39,-9.7,
20250409,14:53:40,-10.1,
20250409,14:53:40,-11,
20250409,14:53:40,-11.8,
20250409,14:53:40,-12.4,
20250409,14:53:41,-12.7,
20250409,14:53:41,-12.7,
20250409,14:53:41,-12.7,
20250409,14:53:42,-12.8,
20250409,14:53:42,-13.3,
20250409,14:53:42,-13.4,
20250409,14:53:42,-13.2,
20250409,14:53:43,-13.1,
20250409,14:53:43,-12.8,
20250409,14:53:43,-12.7,
20250409,14:53:43,-12.3,
20250409,14:53:44,-12.1,
20250409,14:53:44,-11.9,
20250409,14:53:44,-11.8,
20250409,14:53:45,-11.7,
20250409,14:53:45,-11.6,
20250409,14:53:45,-11.7,
20250409,14:53:45,-11.7,
20250409,14:53:46,-11.8,
20250409,14:53:46,-12,
20250409,14:53:46,-13.1,
20250409,14:53:47,-14.7,
20250409,14:53:47,-15.4,
20250409,14:53:47,-15.3,
20250409,14:53:47,-15,
20250409,14:53:48,-14.5,
20250409,14:53:48,-14.2,
20250409,14:53:48,-13.8,
20250409,14:53:48,-13.5,
20250409,14:53:49,-13.4,
20250409,14:53:49,-13.5,
20250409,14:53:49,-14.1,
20250409,14:53:50,-14.8,
20250409,14:53:50,-15.1,
20250409,14:53:50,-15.1,
20250409,14:53:50,-15.8,
20250409,14:53:51,-16.8,
20250409,14:53:51,-17,
20250409,14:53:51,-16.9,
20250409,14:53:52,-16.4,
20250409,14:53:52,-15.8,
20250409,14:53:52,-15.2,
20250409,14:53:52,-14.7,
20250409,14:53:53,-14.2,
20250409,14:53:53,-13.9,
20250409,14:53:53,-13.7,
20250409,14:53:53,-13.5,
20250409,14:53:54,-13.6,
20250409,14:53:54,-14.2,
20250409,14:53:54,-14.9,
20250409,14:53:55,-15.3,
20250409,14:53:55,-15.9,
20250409,14:53:55,-16.2,
20250409,14:53:55,-16.3,
20250409,14:53:56,-16.1,
20250409,14:53:56,-15.8,
20250409,14:53:56,-15.4,
20250409,14:53:56,-15,
20250409,14:53:57,-14.8,
20250409,14:53:57,-14.4,
20250409,14:53:57,-14.4,
20250409,14:53:58,-14.6,
20250409,14:53:58,-15.7,
20250409,14:53:58,-17.1,
20250409,14:53:58,-17.5,
20250409,14:53:59,-17.5,
20250409,14:53:59,-17.1,
20250409,14:53:59,-16.7,
20250409,14:54:00,-16.3,
20250409,14:54:00,-16,
20250409,14:54:00,-15.8,
20250409,14:54:00,-15.8,
20250409,14:54:01,-16.4,
20250409,14:54:01,-16.9,
20250409,14:54:01,-17,
20250409,14:54:02,-16.9,
20250409,14:54:02,-16.6,
20250409,14:54:02,-16.2,
20250409,14:54:02,-16.4,
20250409,14:54:03,-17.1,
20250409,14:54:03,-17.3,
20250409,14:54:03,-17.1,
20250409,14:54:03,-16.8,
20250409,14:54:04,-16.8,
20250409,14:54:04,-16.7,
20250409,14:54:04,-16.2,
20250409,14:54:05,-15.7,
20250409,14:54:05,-15,
20250409,14:54:05,-14.4,
20250409,14:54:05,-14.4,
20250409,14:54:06,-14.5,
20250409,14:54:06,-14.4,
20250409,14:54:06,-14.1,
20250409,14:54:06,-13.7,
20250409,14:54:07,-13.3,
20250409,14:54:07,-13.5,
20250409,14:54:07,-13.8,
20250409,14:54:08,-14,
20250409,14:54:08,-13.9,
20250409,14:54:08,-13.6,
20250409,14:54:08,-13.3,
20250409,14:54:09,-13,
20250409,14:54:09,-12.8,
20250409,14:54:09,-12.6,
20250409,14:54:10,-12.6,
20250409,14:54:10,-12.7,
20250409,14:54:10,-13.2,
20250409,14:54:10,-14.4,
20250409,14:54:11,-15.3,
20250409,14:54:11,-15.9,
20250409,14:54:11,-15.8,
20250409,14:54:11,-15.9,
20250409,14:54:12,-16.1,
20250409,14:54:12,-16.2,
20250409,14:54:12,-16.1,
20250409,14:54:13,-15.8,
20250409,14:54:13,-15.7,
20250409,14:54:13,-15.5,
20250409,14:54:13,-15.7,
20250409,14:54:14,-16,
20250409,14:54:14,-16.1,
20250409,14:54:14,-15.9,
20250409,14:54:15,-15.5,
20250409,14:54:15,-15.1,
20250409,14:54:15,-14.6,
20250409,14:54:15,-14.2,
20250409,14:54:16,-13.9,
20250409,14:54:16,-13.6,
20250409,14:54:16,-13.8,
20250409,14:54:16,-14.2,
20250409,14:54:17,-14.4,
20250409,14:54:17,-14.4,
20250409,14:54:17,-14.3,
20250409,14:54:18,-14.1,
20250409,14:54:18,-13.9,
20250409,14:54:18,-13.7,
20250409,14:54:18,-13.6,
20250409,14:54:19,-13.6,
20250409,14:54:19,-14.2,
20250409,14:54:19,-15.3,
20250409,14:54:20,-16.1,
20250409,14:54:20,-16.1,
20250409,14:54:20,-15.9,
20250409,14:54:20,-15.5,
20250409,14:54:21,-15.1,
20250409,14:54:21,-14.7,
20250409,14:54:21,-14.8,
20250409,14:54:21,-16.1,
20250409,14:54:22,-17.4,
20250409,14:54:22,-17.8,
20250409,14:54:22,-17.6,
20250409,14:54:23,-17.2,
20250409,14:54:23,-16.9,
20250409,14:54:23,-16.2,
20250409,14:54:23,-15.7,
20250409,14:54:24,-15.4,
20250409,14:54:24,-15.3,
20250409,14:54:24,-15.9,
20250409,14:54:24,-16.4,
20250409,14:54:25,-16.7,
20250409,14:54:25,-16.8,
20250409,14:54:25,-16.8,
20250409,14:54:26,-16.6,
20250409,14:54:26,-16.2,
20250409,14:54:26,-16,
20250409,14:54:26,-15.5,
20250409,14:54:27,-15.2,
20250409,14:54:27,-14.9,
20250409,14:54:27,-14.7,
20250409,14:54:28,-14.5,
20250409,14:54:28,-14.4,
20250409,14:54:28,-14.3,
20250409,14:54:28,-14.2,
20250409,14:54:29,-14.2,
20250409,14:54:29,-14.8,
20250409,14:54:29,-16.4,
20250409,14:54:29,-17.6,
20250409,14:54:30,-18,
20250409,14:54:30,-18.1,
20250409,14:54:30,-17.9,
20250409,14:54:31,-17.5,
20250409,14:54:31,-17.4,
20250409,14:54:31,-17.9,
20250409,14:54:31,-18.5,
20250409,14:54:32,-18.6,
20250409,14:54:32,-18.6,
20250409,14:54:32,-18.7,
20250409,14:54:33,-18.6,
20250409,14:54:33,-18.2,
20250409,14:54:33,-17.8,
20250409,14:54:33,-17.3,
20250409,14:54:34,-17,
20250409,14:54:34,-17.5,
20250409,14:54:34,-17.8,
20250409,14:54:34,-17.7,
20250409,14:54:35,-17.3,
20250409,14:54:35,-16.9,
20250409,14:54:35,-16.6,
20250409,14:54:36,-16.1,
20250409,14:54:36,-15.8,
20250409,14:54:36,-15.4,
20250409,14:54:36,-15.2,
20250409,14:54:37,-15.9,
20250409,14:54:37,-16.9,
20250409,14:54:37,-17.2,
20250409,14:54:37,-17.1,
20250409,14:54:38,-16.9,
20250409,14:54:38,-16.5,
20250409,14:54:38,-16.5,
20250409,14:54:39,-17.3,
20250409,14:54:39,-18.2,
20250409,14:54:39,-18.7,
20250409,14:54:39,-18.8,
20250409,14:54:40,-18.7,
20250409,14:54:40,-18.1,
20250409,14:54:40,-17.8,
20250409,14:54:41,-17.8,
20250409,14:54:41,-18.9,
20250409,14:54:41,-19.8,
20250409,14:54:41,-20,
20250409,14:54:42,-19.9,
20250409,14:54:42,-19.4,
20250409,14:54:42,-19,
20250409,14:54:43,-18.7,
20250409,14:54:43,-18.7,
20250409,14:54:43,-18.7,
20250409,14:54:43,-18.5,
20250409,14:54:44,-18.2,
20250409,14:54:44,-17.8,
20250409,14:54:44,-17.2,
20250409,14:54:44,-16.6,
20250409,14:54:45,-16.1,
20250409,14:54:45,-15.6,
20250409,14:54:45,-15.2,
20250409,14:54:46,-15,
20250409,14:54:46,-14.6,
20250409,14:54:46,-14.4,
20250409,14:54:46,-14.2,
20250409,14:54:47,-14,
20250409,14:54:47,-13.9,
20250409,14:54:47,-13.7,
20250409,14:54:47,-13.7,
20250409,14:54:48,-13.6,
20250409,14:54:48,-13.8,
20250409,14:54:48,-14,
20250409,14:54:49,-14.2,
20250409,14:54:49,-14.4,
20250409,14:54:49,-15,
20250409,14:54:49,-16.1,
20250409,14:54:50,-16.8,
20250409,14:54:50,-17,
20250409,14:54:50,-17,
20250409,14:54:51,-16.8,
20250409,14:54:51,-16.7,
20250409,14:54:51,-16.3,
20250409,14:54:51,-16.4,
20250409,14:54:52,-16.3,
20250409,14:54:52,-16.3,
20250409,14:54:52,-16.5,
20250409,14:54:52,-16.6,
20250409,14:54:53,-16.9,
20250409,14:54:53,-17.2,
20250409,14:54:53,-17.8,
20250409,14:54:54,-18.9,
20250409,14:54:54,-20.3,
20250409,14:54:54,-20.9,
20250409,14:54:54,-20.9,
20250409,14:54:55,-20.5,
20250409,14:54:55,-20.1,
20250409,14:54:55,-19.6,
20250409,14:54:56,-19.3,
20250409,14:54:56,-18.9,
20250409,14:54:56,-18.7,
20250409,14:54:56,-18.5,
20250409,14:54:57,-18.3,
20250409,14:54:57,-18.1,
20250409,14:54:57,-18,
20250409,14:54:57,-17.9,
20250409,14:54:58,-17.8,
20250409,14:54:58,-17.8,
20250409,14:54:58,-17.6,
20250409,14:54:59,-17.5,
20250409,14:54:59,-17.4,
20250409,14:54:59,-17.5,
20250409,14:54:59,-18,
20250409,14:55:00,-18.5,
20250409,14:55:00,-18.9,
20250409,14:55:00,-19.4,
20250409,14:55:01,-19.9,
20250409,14:55:01,-21,
20250409,14:55:01,-22.2,
20250409,14:55:01,-22.7,
20250409,14:55:02,-22.9,
20250409,14:55:02,-23.3,
20250409,14:55:02,-23.7,
20250409,14:55:02,-23.8,
20250409,14:55:03,-24,
20250409,14:55:03,-24.1,
20250409,14:55:03,-24.3,
20250409,14:55:04,-24,
20250409,14:55:04,-23.3,
20250409,14:55:04,-22.5,
20250409,14:55:04,-22.1,
20250409,14:55:05,-22,
20250409,14:55:05,-21.6,
20250409,14:55:05,-20.9,
20250409,14:55:05,-20.1,
20250409,14:55:06,-19.4,
20250409,14:55:06,-18.6,
20250409,14:55:06,-17.9,
20250409,14:55:07,-17.6,
20250409,14:55:07,-17.2,
20250409,14:55:07,-16.9,
20250409,14:55:07,-16.9,
20250409,14:55:08,-17.5,
20250409,14:55:08,-18,
20250409,14:55:08,-18.4,
20250409,14:55:09,-18.9,
20250409,14:55:09,-19.7,
20250409,14:55:09,-20.5,
20250409,14:55:09,-21.4,
20250409,14:55:10,-22.2,
20250409,14:55:10,-22.8,
20250409,14:55:10,-22.9,
20250409,14:55:10,-23,
20250409,14:55:11,-22.9,
20250409,14:55:11,-22.3,
20250409,14:55:11,-21.8,
20250409,14:55:12,-21.2,
20250409,14:55:12,-20.4,
20250409,14:55:12,-19.5,
20250409,14:55:12,-18.6,
20250409,14:55:13,-17.7,
20250409,14:55:13,-17,
20250409,14:55:13,-16.7,
20250409,14:55:14,-16.2,
20250409,14:55:14,-15.8,
20250409,14:55:14,-15.5,
20250409,14:55:14,-15.4,
20250409,14:55:15,-15.2,
20250409,14:55:15,-15.1,
20250409,14:55:15,-14.7,
20250409,14:55:15,-14.4,
20250409,14:55:16,-14.2,
20250409,14:55:16,-14,
20250409,14:55:16,-13.8,
20250409,14:55:17,-13.6,
20250409,14:55:17,-14.1,
20250409,14:55:17,-14.6,
20250409,14:55:17,-14.8,
20250409,14:55:18,-14.8,
20250409,14:55:18,-15,
20250409,14:55:18,-14.9,
20250409,14:55:18,-14.6,
20250409,14:55:19,-14.4,
20250409,14:55:19,-14.6,
20250409,14:55:19,-14.9,
20250409,14:55:20,-14.9,
20250409,14:55:20,-14.9,
20250409,14:55:20,-14.9,
20250409,14:55:20,-15.2,
20250409,14:55:21,-15.3,
20250409,14:55:21,-15.3,
20250409,14:55:21,-15.8,
20250409,14:55:22,-16.5,
20250409,14:55:22,-16.9,
20250409,14:55:22,-16.9,
20250409,14:55:22,-16.6,
20250409,14:55:23,-16,
20250409,14:55:23,-15.4,
20250409,14:55:23,-15,
20250409,14:55:23,-14.5,
20250409,14:55:24,-14.3,
20250409,14:55:24,-13.7,
20250409,14:55:24,-13.3,
20250409,14:55:25,-12.8,
20250409,14:55:25,-12.5,
20250409,14:55:25,-12.1,
20250409,14:55:25,-11.8,
20250409,14:55:26,-11.6,
20250409,14:55:26,-11.5,
20250409,14:55:26,-12,
20250409,14:55:27,-12.7,
20250409,14:55:27,-13.1,
20250409,14:55:27,-13.2,
20250409,14:55:27,-13.1,
20250409,14:55:28,-12.8,
20250409,14:55:28,-12.6,
20250409,14:55:28,-12.3,
20250409,14:55:28,-12.1,
20250409,14:55:29,-12.1,
20250409,14:55:29,-12.3,
20250409,14:55:29,-12.8,
20250409,14:55:30,-13.6,
20250409,14:55:30,-14.1,
20250409,14:55:30,-14.5,
20250409,14:55:30,-14.7,
20250409,14:55:31,-14.9,
20250409,14:55:31,-15.1,
20250409,14:55:31,-15.5,
20250409,14:55:32,-15.6,
20250409,14:55:32,-15.5,
20250409,14:55:32,-15.2,
20250409,14:55:32,-14.6,
20250409,14:55:33,-14.1,
20250409,14:55:33,-13.6,
20250409,14:55:33,-13.2,
20250409,14:55:33,-12.9,
20250409,14:55:34,-12.7,
20250409,14:55:34,-12.5,
20250409,14:55:34,-12.2,
20250409,14:55:35,-11.8,
20250409,14:55:35,-11.1,
20250409,14:55:35,-10.1,
20250409,14:55:35,-9.2,
20250409,14:55:36,-8.4,
20250409,14:55:36,-8,
20250409,14:55:36,-7.4,
20250409,14:55:36,-7.2,
20250409,14:55:37,-6.8,
20250409,14:55:37,-6.6,
20250409,14:55:37,-6.4,
20250409,14:55:38,-7.2,
20250409,14:55:38,-8.8,
20250409,14:55:38,-9.7,
20250409,14:55:38,-9.9,
20250409,14:55:39,-9.9,
20250409,14:55:39,-9.9,
20250409,14:55:39,-9.6,
20250409,14:55:40,-9.4,
20250409,14:55:40,-10.1,
20250409,14:55:40,-10.8,
20250409,14:55:40,-11.2,
20250409,14:55:41,-11.1,
20250409,14:55:41,-11,
20250409,14:55:41,-10.6,
20250409,14:55:41,-10.1,
20250409,14:55:42,-10.1,
20250409,14:55:42,-10.6,
20250409,14:55:42,-10.9,
20250409,14:55:43,-10.7,
20250409,14:55:43,-10.1,
20250409,14:55:43,-9.4,
20250409,14:55:43,-8.7,
20250409,14:55:44,-8.1,
20250409,14:55:44,-7.9,
20250409,14:55:44,-8,
20250409,14:55:45,-8.3,
20250409,14:55:45,-8.5,
20250409,14:55:45,-9.1,
20250409,14:55:45,-9.6,
20250409,14:55:46,-10,
20250409,14:55:46,-10.3,
20250409,14:55:46,-10.3,
20250409,14:55:46,-10.1,
20250409,14:55:47,-9.6,
20250409,14:55:47,-9.2,
20250409,14:55:47,-8.6,
20250409,14:55:48,-8.1,
20250409,14:55:48,-8.2,
20250409,14:55:48,-8.6,
20250409,14:55:48,-8.8,
20250409,14:55:49,-8.7,
20250409,14:55:49,-9.3,
20250409,14:55:49,-10.5,
20250409,14:55:49,-11.7,
20250409,14:55:50,-12.5,
20250409,14:55:50,-13,
20250409,14:55:50,-12.9,
20250409,14:55:51,-12.3,
20250409,14:55:51,-11.1,
20250409,14:55:51,-9.5,
20250409,14:55:51,-7.9,
20250409,14:55:52,-6.7,
20250409,14:55:52,-5.7,
20250409,14:55:52,-5,
20250409,14:55:53,-4.6,
20250409,14:55:53,-4.4,
20250409,14:55:53,-4.2,
20250409,14:55:53,-3.9,
20250409,14:55:54,-3.6,
20250409,14:55:54,-3.4,
20250409,14:55:54,-3.7,
20250409,14:55:54,-4.1,
20250409,14:55:55,-4.3,
20250409,14:55:55,-4.6,
20250409,14:55:55,-4.6,
20250409,14:55:56,-4.6,
20250409,14:55:56,-4.4,
20250409,14:55:56,-4.1,
20250409,14:55:56,-4.1,
20250409,14:55:57,-4.1,
20250409,14:55:57,-4.1,
20250409,14:55:57,-4,
20250409,14:55:57,-3.7,
20250409,14:55:58,-3.6,
20250409,14:55:58,-3.5,
20250409,14:55:58,-3.3,
20250409,14:55:59,-3.3,
20250409,14:55:59,-3.1,
20250409,14:55:59,-2.9,
20250409,14:55:59,-2.8,
20250409,14:56:00,-2.8,
20250409,14:56:00,-2.8,
20250409,14:56:00,-2.6,
20250409,14:56:01,-2.7,
20250409,14:56:01,-2.9,
20250409,14:56:01,-2.9,
20250409,14:56:01,-2.8,
20250409,14:56:02,-2.7,
20250409,14:56:02,-2.6,
20250409,14:56:02,-2.4,
20250409,14:56:02,-2.1,
20250409,14:56:03,-1.6,
20250409,14:56:03,-1.1,
20250409,14:56:03,-1.1,
20250409,14:56:04,-1.5,
20250409,14:56:04,-1.7,
20250409,14:56:04,-1.9,
20250409,14:56:04,-2.1,
20250409,14:56:05,-2.1,
20250409,14:56:05,-2,
20250409,14:56:05,-2.3,
20250409,14:56:05,-2.6,
20250409,14:56:06,-3.1,
20250409,14:56:06,-3.3,
20250409,14:56:06,-3.4,
20250409,14:56:07,-3.3,
20250409,14:56:07,-3,
20250409,14:56:07,-2.6,
20250409,14:56:07,-2,
20250409,14:56:08,-1.6,
20250409,14:56:08,-1.8,
20250409,14:56:08,-2,
20250409,14:56:09,-2.2,
20250409,14:56:09,-2.4,
20250409,14:56:09,-2.4,
20250409,14:56:09,-2.5,
20250409,14:56:10,-2.5,
20250409,14:56:10,-2.5,
20250409,14:56:10,-2.7,
20250409,14:56:10,-2.7,
20250409,14:56:11,-2.6,
20250409,14:56:11,-2.2,
20250409,14:56:11,-1.8,
20250409,14:56:12,-1.5,
20250409,14:56:12,-1.2,
20250409,14:56:12,-1,
20250409,14:56:12,-0.9,
20250409,14:56:13,-0.8,
20250409,14:56:13,-0.8,
20250409,14:56:13,-0.7,
20250409,14:56:13,-0.8,
20250409,14:56:14,-0.9,
20250409,14:56:14,-1,
20250409,14:56:14,-1.1,
20250409,14:56:15,-0.9,
20250409,14:56:15,-0.7,
20250409,14:56:15,-0.5,
20250409,14:56:15,-0.2,
20250409,14:56:16,0.1,
20250409,14:56:16,0.6,
20250409,14:56:16,1.4,
20250409,14:56:16,2.1,
20250409,14:56:17,2.6,
20250409,14:56:17,3.1,
20250409,14:56:17,3.5,
20250409,14:56:18,3.6,
20250409,14:56:18,4,
20250409,14:56:18,4.5,
20250409,14:56:18,5.1,
20250409,14:56:19,5.6,
20250409,14:56:19,5.7,
20250409,14:56:19,5.7,
20250409,14:56:20,5.9,
20250409,14:56:20,6.3,
20250409,14:56:20,6.6,
20250409,14:56:20,7,
20250409,14:56:21,7.1,
20250409,14:56:21,7,
20250409,14:56:21,7.1,
20250409,14:56:21,7.2,
20250409,14:56:22,7.6,
20250409,14:56:22,7.8,
20250409,14:56:22,7,
20250409,14:56:23,5.8,
20250409,14:56:23,4.9,
20250409,14:56:23,3.8,
20250409,14:56:23,2.7,
20250409,14:56:24,1.9,
20250409,14:56:24,1.6,
20250409,14:56:24,1.7,
20250409,14:56:24,2.2,
20250409,14:56:25,2.5,
20250409,14:56:25,2.5,
20250409,14:56:25,2.3,
20250409,14:56:26,2.6,
20250409,14:56:26,3.1,
20250409,14:56:26,4.1,
20250409,14:56:26,4.9,
20250409,14:56:27,5.2,
20250409,14:56:27,5.5,
20250409,14:56:27,5.9,
20250409,14:56:27,6.3,
20250409,14:56:28,6.3,
20250409,14:56:28,5.6,
20250409,14:56:28,5.3,
20250409,14:56:29,5,
20250409,14:56:29,5,
20250409,14:56:29,5.1,
20250409,14:56:29,5.2,
20250409,14:56:30,4.6,
20250409,14:56:30,4.4,
20250409,14:56:30,4.1,
20250409,14:56:30,4,
20250409,14:56:31,4,
20250409,14:56:31,3.6,
20250409,14:56:31,3.5,
20250409,14:56:32,3.5,
20250409,14:56:32,3.6,
20250409,14:56:32,3.6,
20250409,14:56:32,3.5,
20250409,14:56:33,3.2,
20250409,14:56:33,3.2,
20250409,14:56:33,3.6,
20250409,14:56:34,3.8,
20250409,14:56:34,4.3,
20250409,14:56:34,4.7,
20250409,14:56:34,5.3,
20250409,14:56:35,5.7,
20250409,14:56:35,5.7,
20250409,14:56:35,4.6,
20250409,14:56:35,3.7,
20250409,14:56:36,3.4,
20250409,14:56:36,3.3,
20250409,14:56:36,2.7,
20250409,14:56:37,1.4,
20250409,14:56:37,0.5,
20250409,14:56:37,0,
20250409,14:56:37,-0.1,
20250409,14:56:38,0,
20250409,14:56:38,0.2,
20250409,14:56:38,0.6,
20250409,14:56:38,1,
20250409,14:56:39,1,
20250409,14:56:39,0.8,
20250409,14:56:39,0.9,
20250409,14:56:40,1,
20250409,14:56:40,1.5,
20250409,14:56:40,1.8,
20250409,14:56:40,1.7,
20250409,14:56:41,1.1,
20250409,14:56:41,0.8,
20250409,14:56:41,0.4,
20250409,14:56:42,0,
20250409,14:56:42,-0.6,
20250409,14:56:42,-0.8,
20250409,14:56:42,-0.8,
20250409,14:56:43,-0.7,
20250409,14:56:43,-0.4,
20250409,14:56:43,-0.2,
20250409,14:56:43,0.1,
20250409,14:56:44,0.7,
20250409,14:56:44,1.1,
20250409,14:56:44,0.9,
20250409,14:56:45,0.2,
20250409,14:56:45,0,
20250409,14:56:45,-0.2,
20250409,14:56:45,0,
20250409,14:56:46,-0.2,
20250409,14:56:46,-0.4,
20250409,14:56:46,-0.5,
20250409,14:56:46,-0.2,
20250409,14:56:47,-0.1,
20250409,14:56:47,-0.2,
20250409,14:56:47,0,
20250409,14:56:48,0.3,
20250409,14:56:48,0.9,
20250409,14:56:48,1.3,
20250409,14:56:48,1.7,
20250409,14:56:49,1.5,
20250409,14:56:49,1,
20250409,14:56:49,0.1,
20250409,14:56:50,-0.6,
20250409,14:56:50,-1.6,
20250409,14:56:50,-2.4,
20250409,14:56:50,-2.9,
20250409,14:56:51,-2.9,
20250409,14:56:51,-2.5,
20250409,14:56:51,-2.6,
20250409,14:56:51,-3,
20250409,14:56:52,-3.2,
20250409,14:56:52,-3,
20250409,14:56:52,-2.6,
20250409,14:56:53,-1.9,
20250409,14:56:53,-1.2,
20250409,14:56:53,-0.5,
20250409,14:56:53,0.1,
20250409,14:56:54,0.5,
20250409,14:56:54,0.3,
20250409,14:56:54,0.1,
20250409,14:56:54,-0.1,
20250409,14:56:55,-0.7,
20250409,14:56:55,-1.6,
20250409,14:56:55,-2.7,
20250409,14:56:56,-3.5,
20250409,14:56:56,-3.8,
20250409,14:56:56,-3.5,
20250409,14:56:56,-3.3,
20250409,14:56:57,-3.1,
20250409,14:56:57,-3.1,
20250409,14:56:57,-3.3,
20250409,14:56:57,-3.8,
20250409,14:56:58,-4.3,
20250409,14:56:58,-4.8,
20250409,14:56:58,-5.3,
20250409,14:56:59,-5.3,
20250409,14:56:59,-5,
20250409,14:56:59,-4.6,
20250409,14:56:59,-4,
20250409,14:57:00,-3.3,
20250409,14:57:00,-2.8,
20250409,14:57:00,-2.4,
20250409,14:57:01,-1.7,
20250409,14:57:01,-1.1,
20250409,14:57:01,-0.6,
20250409,14:57:01,0.1,
20250409,14:57:02,0.6,
20250409,14:57:02,0.9,
20250409,14:57:02,1,
20250409,14:57:02,1.3,
20250409,14:57:03,1.8,
20250409,14:57:03,2.1,
20250409,14:57:03,2.7,
20250409,14:57:04,3.2,
20250409,14:57:04,3.6,
20250409,14:57:04,3.5,
20250409,14:57:04,2.7,
20250409,14:57:05,2.1,
20250409,14:57:05,1.7,
20250409,14:57:05,1.2,
20250409,14:57:05,0.7,
20250409,14:57:06,0.2,
20250409,14:57:06,-0.1,
20250409,14:57:06,-0.5,
20250409,14:57:07,-0.9,
20250409,14:57:07,-0.9,
20250409,14:57:07,-1.1,
20250409,14:57:07,-1.4,
20250409,14:57:08,-2,
20250409,14:57:08,-2.4,
20250409,14:57:08,-2.7,
20250409,14:57:09,-2.9,
20250409,14:57:09,-3,
20250409,14:57:09,-2.8,
20250409,14:57:09,-2.4,
20250409,14:57:10,-1.7,
20250409,14:57:10,-1.5,
20250409,14:57:10,-1.5,
20250409,14:57:10,-1.4,
20250409,14:57:11,-1.1,
20250409,14:57:11,-0.4,
20250409,14:57:11,0.1,
20250409,14:57:12,0.3,
20250409,14:57:12,0.4,
20250409,14:57:12,0.3,
20250409,14:57:12,0.1,
20250409,14:57:13,-0.2,
20250409,14:57:13,-0.2,
20250409,14:57:13,-0.1,
20250409,14:57:13,0,
20250409,14:57:14,-0.1,
20250409,14:57:14,-0.5,
20250409,14:57:14,-0.7,
20250409,14:57:15,-1,
20250409,14:57:15,-1.3,
20250409,14:57:15,-1.4,
20250409,14:57:15,-1.3,
20250409,14:57:16,-0.8,
20250409,14:57:16,-0.4,
20250409,14:57:16,0.1,
20250409,14:57:17,0.7,
20250409,14:57:17,1.1,
20250409,14:57:17,1.1,
20250409,14:57:17,0.8,
20250409,14:57:18,0.4,
20250409,14:57:18,-0.3,
20250409,14:57:18,-0.9,
20250409,14:57:18,-1.4,
20250409,14:57:19,-1.7,
20250409,14:57:19,-1.8,
20250409,14:57:19,-1.6,
20250409,14:57:20,-1.3,
20250409,14:57:20,-1,
20250409,14:57:20,-1.2,
20250409,14:57:20,-1,
20250409,14:57:21,-0.7,
20250409,14:57:21,-0.1,
20250409,14:57:21,0.5,
20250409,14:57:21,1.1,
20250409,14:57:22,1.3,
20250409,14:57:22,1.4,
20250409,14:57:22,1.4,
20250409,14:57:23,1.6,
20250409,14:57:23,1.8,
20250409,14:57:23,2.1,
20250409,14:57:23,1.9,
20250409,14:57:24,1.4,
20250409,14:57:24,0.9,
20250409,14:57:24,0.1,
20250409,14:57:24,-0.7,
20250409,14:57:25,-1.4,
20250409,14:57:25,-1.7,
20250409,14:57:25,-1.7,
20250409,14:57:26,-1.6,
20250409,14:57:26,-1.8,
20250409,14:57:26,-2.1,
20250409,14:57:26,-2.4,
20250409,14:57:27,-2.9,
20250409,14:57:27,-3.3,
20250409,14:57:27,-3.3,
20250409,14:57:27,-3.4,
20250409,14:57:28,-3.3,
20250409,14:57:28,-3,
20250409,14:57:28,-2.4,
20250409,14:57:29,-1.7,
20250409,14:57:29,-1.1,
20250409,14:57:29,-0.5,
20250409,14:57:29,0.1,
20250409,14:57:30,0.5,
20250409,14:57:30,0.7,
20250409,14:57:30,0.9,
20250409,14:57:31,0.8,
20250409,14:57:31,0.6,
20250409,14:57:31,0.4,
20250409,14:57:31,0.4,
20250409,14:57:32,0.7,
20250409,14:57:32,1.1,
20250409,14:57:32,1.6,
20250409,14:57:32,1.8,
20250409,14:57:33,2,
20250409,14:57:33,2,
20250409,14:57:33,2,
20250409,14:57:34,2.1,
20250409,14:57:34,2,
20250409,14:57:34,1.6,
20250409,14:57:34,1.4,
20250409,14:57:35,1.5,
20250409,14:57:35,1.8,
20250409,14:57:35,2.2,
20250409,14:57:35,2.7,
20250409,14:57:36,3.2,
20250409,14:57:36,3.6,
20250409,14:57:36,3.8,
20250409,14:57:37,3.6,
20250409,14:57:37,3.2,
20250409,14:57:37,3,
20250409,14:57:37,2.8,
20250409,14:57:38,2.8,
20250409,14:57:38,3,
20250409,14:57:38,3.2,
20250409,14:57:38,3.3,
20250409,14:57:39,3.6,
20250409,14:57:39,3.6,
20250409,14:57:39,3.6,
20250409,14:57:40,3,
20250409,14:57:40,1.8,
20250409,14:57:40,1,
20250409,14:57:40,0.7,
20250409,14:57:41,0.4,
20250409,14:57:41,0.6,
20250409,14:57:41,0.8,
20250409,14:57:42,1,
20250409,14:57:42,0.6,
20250409,14:57:42,-0.1,
20250409,14:57:42,-0.7,
20250409,14:57:43,-0.7,
20250409,14:57:43,-0.8,
20250409,14:57:43,-0.7,
20250409,14:57:43,-0.6,
20250409,14:57:44,-0.2,
20250409,14:57:44,0.3,
20250409,14:57:44,1,
20250409,14:57:45,1,
20250409,14:57:45,0.2,
20250409,14:57:45,-0.3,
20250409,14:57:45,-0.6,
20250409,14:57:46,-0.7,
20250409,14:57:46,-1.1,
20250409,14:57:46,-1.9,
20250409,14:57:46,-2.6,
20250409,14:57:47,-3.1,
20250409,14:57:47,-3.2,
20250409,14:57:47,-3.3,
20250409,14:57:48,-3.3,
20250409,14:57:48,-3.1,
20250409,14:57:48,-2.7,
20250409,14:57:48,-2,
20250409,14:57:49,-1.3,
20250409,14:57:49,-0.7,
20250409,14:57:49,-0.7,
20250409,14:57:50,-0.9,
20250409,14:57:50,-1,
20250409,14:57:50,-0.8,
20250409,14:57:50,-0.7,
20250409,14:57:51,-0.5,
20250409,14:57:51,-0.1,
20250409,14:57:51,-0.1,
20250409,14:57:51,-0.2,
20250409,14:57:52,-0.2,
20250409,14:57:52,-0.2,
20250409,14:57:52,-0.1,
20250409,14:57:53,-0.4,
20250409,14:57:53,-0.8,
20250409,14:57:53,-1.1,
20250409,14:57:53,-1.3,
20250409,14:57:54,-2.2,
20250409,14:57:54,-2.8,
20250409,14:57:54,-3.2,
20250409,14:57:54,-3.5,
20250409,14:57:55,-4.2,
20250409,14:57:55,-4.7,
20250409,14:57:55,-4.9,
20250409,14:57:56,-5.1,
20250409,14:57:56,-5.3,
20250409,14:57:56,-5.3,
20250409,14:57:56,-5,
20250409,14:57:57,-4.7,
20250409,14:57:57,-4.3,
20250409,14:57:57,-3.9,
20250409,14:57:58,-3.4,
20250409,14:57:58,-3,
20250409,14:57:58,-3.1,
20250409,14:57:58,-3.7,
20250409,14:57:59,-4.3,
20250409,14:57:59,-5,
20250409,14:57:59,-5.8,
20250409,14:57:59,-6.6,
20250409,14:58:00,-7.2,
20250409,14:58:00,-7.5,
20250409,14:58:00,-7.7,
20250409,14:58:01,-7.8,
20250409,14:58:01,-7.7,
20250409,14:58:01,-7.2,
20250409,14:58:01,-6.6,
20250409,14:58:02,-5.8,
20250409,14:58:02,-5.4,
20250409,14:58:02,-5,
20250409,14:58:02,-5,
20250409,14:58:03,-5,
20250409,14:58:03,-5,
20250409,14:58:03,-5,
20250409,14:58:04,-4.9,
20250409,14:58:04,-4.5,
20250409,14:58:04,-4.2,
20250409,14:58:04,-3.9,
20250409,14:58:05,-4.5,
20250409,14:58:05,-5.3,
20250409,14:58:05,-5.8,
20250409,14:58:06,-6.1,
20250409,14:58:06,-6.4,
20250409,14:58:06,-6.7,
20250409,14:58:06,-6.7,
20250409,14:58:07,-6.7,
20250409,14:58:07,-6.6,
20250409,14:58:07,-6.2,
20250409,14:58:07,-6,
20250409,14:58:08,-5.9,
20250409,14:58:08,-5.9,
20250409,14:58:08,-5.7,
20250409,14:58:09,-5.2,
20250409,14:58:09,-4.6,
20250409,14:58:09,-4,
20250409,14:58:09,-3.8,
20250409,14:58:10,-4.4,
20250409,14:58:10,-4.9,
20250409,14:58:10,-5.1,
20250409,14:58:10,-5.4,
20250409,14:58:11,-5.4,
20250409,14:58:11,-5.3,
20250409,14:58:11,-4.9,
20250409,14:58:12,-4.5,
20250409,14:58:12,-4.1,
20250409,14:58:12,-3.6,
20250409,14:58:12,-3.4,
20250409,14:58:13,-3.8,
20250409,14:58:13,-4.3,
20250409,14:58:13,-4.4,
20250409,14:58:13,-4.5,
20250409,14:58:14,-4.3,
20250409,14:58:14,-4.4,
20250409,14:58:14,-4.5,
20250409,14:58:15,-4.7,
20250409,14:58:15,-4.5,
20250409,14:58:15,-4.3,
20250409,14:58:15,-4,
20250409,14:58:16,-3.7,
20250409,14:58:16,-3.7,
20250409,14:58:16,-4.3,
20250409,14:58:17,-5.2,
20250409,14:58:17,-5.7,
20250409,14:58:17,-5.8,
20250409,14:58:17,-5.5,
20250409,14:58:18,-5.3,
20250409,14:58:18,-5.7,
20250409,14:58:18,-5.8,
20250409,14:58:18,-5.5,
20250409,14:58:19,-5,
20250409,14:58:19,-4.3,
20250409,14:58:19,-4.1,
20250409,14:58:20,-4.7,
20250409,14:58:20,-5,
20250409,14:58:20,-5.2,
20250409,14:58:20,-5.1,
20250409,14:58:21,-4.8,
20250409,14:58:21,-4.4,
20250409,14:58:21,-3.8,
20250409,14:58:21,-3.5,
20250409,14:58:22,-3.6,
20250409,14:58:22,-3.6,
20250409,14:58:22,-3.5,
20250409,14:58:23,-3.3,
20250409,14:58:23,-3.3,
20250409,14:58:23,-3.3,
20250409,14:58:23,-3.2,
20250409,14:58:24,-3.1,
20250409,14:58:24,-2.9,
20250409,14:58:24,-2.7,
20250409,14:58:25,-2.4,
20250409,14:58:25,-1.9,
20250409,14:58:25,-1.4,
20250409,14:58:25,-0.7,
20250409,14:58:26,-0.3,
20250409,14:58:26,0.1,
20250409,14:58:26,0,
20250409,14:58:26,-0.6,
20250409,14:58:27,-1,
20250409,14:58:27,-1.4,
20250409,14:58:27,-2.1,
20250409,14:58:28,-2.8,
20250409,14:58:28,-3.5,
20250409,14:58:28,-4.1,
20250409,14:58:28,-4.6,
20250409,14:58:29,-4.6,
20250409,14:58:29,-4.3,
20250409,14:58:29,-4.1,
20250409,14:58:29,-3.8,
20250409,14:58:30,-3.6,
20250409,14:58:30,-3.2,
20250409,14:58:30,-2.8,
20250409,14:58:31,-2.4,
20250409,14:58:31,-1.8,
20250409,14:58:31,-1.3,
20250409,14:58:31,-0.8,
20250409,14:58:32,-0.6,
20250409,14:58:32,-0.3,
20250409,14:58:32,-0.2,
20250409,14:58:33,-0.3,
20250409,14:58:33,-0.5,
20250409,14:58:33,-0.4,
20250409,14:58:33,0.1,
20250409,14:58:34,0.7,
20250409,14:58:34,0.9,
20250409,14:58:34,1,
20250409,14:58:34,1.2,
20250409,14:58:35,1.6,
20250409,14:58:35,2,
20250409,14:58:35,2.3,
20250409,14:58:36,2.5,
20250409,14:58:36,2.7,
20250409,14:58:36,3.3,
20250409,14:58:36,3.9,
20250409,14:58:37,4.3,
20250409,14:58:37,4.4,
20250409,14:58:37,4.5,
20250409,14:58:37,4.6,
20250409,14:58:38,4.8,
20250409,14:58:38,5.3,
20250409,14:58:38,5.5,
20250409,14:58:39,5.8,
20250409,14:58:39,5.8,
20250409,14:58:39,6.1,
20250409,14:58:39,6.4,
20250409,14:58:40,6.8,
20250409,14:58:40,7,
20250409,14:58:40,7,
20250409,14:58:41,7.2,
20250409,14:58:41,7.5,
20250409,14:58:41,7.8,
20250409,14:58:41,8.1,
20250409,14:58:42,8.3,
20250409,14:58:42,8.3,
20250409,14:58:42,8.2,
20250409,14:58:42,8.1,
20250409,14:58:43,7.1,
20250409,14:58:43,6,
20250409,14:58:43,5.1,
20250409,14:58:44,4.4,
20250409,14:58:44,3.5,
20250409,14:58:44,2.9,
20250409,14:58:44,2.7,
20250409,14:58:45,2.7,
20250409,14:58:45,2.4,
20250409,14:58:45,1.8,
20250409,14:58:45,1.4,
20250409,14:58:46,1.2,
20250409,14:58:46,1.3,
20250409,14:58:46,1.7,
20250409,14:58:47,1.9,
20250409,14:58:47,1.8,
20250409,14:58:47,1.7,
20250409,14:58:47,1.8,
20250409,14:58:48,2.1,
20250409,14:58:48,2.4,
20250409,14:58:48,2.7,
20250409,14:58:48,3.1,
20250409,14:58:49,3.7,
20250409,14:58:49,4.4,
20250409,14:58:49,4.9,
20250409,14:58:50,5,
20250409,14:58:50,4.8,
20250409,14:58:50,4.3,
20250409,14:58:50,3.5,
20250409,14:58:51,2.7,
20250409,14:58:51,1.7,
20250409,14:58:51,0.9,
20250409,14:58:51,0.2,
20250409,14:58:52,-0.3,
20250409,14:58:52,-0.6,
20250409,14:58:52,-0.6,
20250409,14:58:53,-0.2,
20250409,14:58:53,0.5,
20250409,14:58:53,1.2,
20250409,14:58:53,2.1,
20250409,14:58:54,2.9,
20250409,14:58:54,3.4,
20250409,14:58:54,3.4,
20250409,14:58:54,3.4,
20250409,14:58:55,3.7,
20250409,14:58:55,4,
20250409,14:58:55,4.3,
20250409,14:58:56,4.4,
20250409,14:58:56,4.1,
20250409,14:58:56,3.9,
20250409,14:58:56,3.8,
20250409,14:58:57,3.7,
20250409,14:58:57,3.6,
20250409,14:58:57,3.4,
20250409,14:58:58,3.2,
20250409,14:58:58,2.7,
20250409,14:58:58,1.9,
20250409,14:58:58,1.4,
20250409,14:58:59,0.8,
20250409,14:58:59,0.3,
20250409,14:58:59,0,
20250409,14:58:59,-0.5,
20250409,14:59:00,-0.4,
20250409,14:59:00,0.1,
20250409,14:59:00,1,
20250409,14:59:01,2,
20250409,14:59:01,3.2,
20250409,14:59:01,4,
20250409,14:59:01,4.1,
20250409,14:59:02,4.1,
20250409,14:59:02,4.2,
20250409,14:59:02,4.4,
20250409,14:59:02,4.8,
20250409,14:59:03,5.4,
20250409,14:59:03,6,
20250409,14:59:03,6.6,
20250409,14:59:04,7,
20250409,14:59:04,7.3,
20250409,14:59:04,7.4,
20250409,14:59:04,6.8,
20250409,14:59:05,6,
20250409,14:59:05,5.4,
20250409,14:59:05,4.5,
20250409,14:59:06,3.6,
20250409,14:59:06,2.9,
20250409,14:59:06,2.5,
20250409,14:59:06,2.5,
20250409,14:59:07,2.7,
20250409,14:59:07,2.7,
20250409,14:59:07,2.6,
20250409,14:59:07,2.5,
20250409,14:59:08,2.5,
20250409,14:59:08,2.1,
20250409,14:59:08,1.8,
20250409,14:59:09,1.7,
20250409,14:59:09,1.8,
20250409,14:59:09,2.1,
20250409,14:59:09,2.7,
20250409,14:59:10,3.1,
20250409,14:59:10,3.6,
20250409,14:59:10,4.3,
20250409,14:59:10,4.8,
20250409,14:59:11,5.1,
20250409,14:59:11,5.1,
20250409,14:59:11,5.2,
20250409,14:59:12,5.3,
20250409,14:59:12,5.6,
20250409,14:59:12,5.7,
20250409,14:59:12,5.4,
20250409,14:59:13,5,
20250409,14:59:13,4.7,
20250409,14:59:13,4.6,
20250409,14:59:13,4.6,
20250409,14:59:14,4.7,
20250409,14:59:14,4.5,
20250409,14:59:14,3.4,
20250409,14:59:15,2.3,
20250409,14:59:15,1.5,
20250409,14:59:15,1,
20250409,14:59:15,1,
20250409,14:59:16,1.2,
20250409,14:59:16,1.3,
20250409,14:59:16,1.2,
20250409,14:59:16,1.3,
20250409,14:59:17,1.3,
20250409,14:59:17,1.1,
20250409,14:59:17,1.1,
20250409,14:59:18,1.1,
20250409,14:59:18,1.4,
20250409,14:59:18,1.7,
20250409,14:59:18,1.7,
20250409,14:59:19,1.6,
20250409,14:59:19,1.8,
20250409,14:59:19,2,
20250409,14:59:20,2.5,
20250409,14:59:20,2.9,
20250409,14:59:20,2.8,
20250409,14:59:20,2.4,
20250409,14:59:21,2.1,
20250409,14:59:21,2.1,
20250409,14:59:21,2.2,
20250409,14:59:22,2.1,
20250409,14:59:22,2,
20250409,14:59:22,2.1,
20250409,14:59:22,2.4,
20250409,14:59:23,2.6,
20250409,14:59:23,2.1,
20250409,14:59:23,1.8,
20250409,14:59:23,1.6,
20250409,14:59:24,1.3,
20250409,14:59:24,1.5,
20250409,14:59:24,1.8,
20250409,14:59:24,2.4,
20250409,14:59:25,2.8,
20250409,14:59:25,3.1,
20250409,14:59:25,3.1,
20250409,14:59:26,3.1,
20250409,14:59:26,3.1,
20250409,14:59:26,3.3,
20250409,14:59:26,3.6,
20250409,14:59:27,3.7,
20250409,14:59:27,3.9,
20250409,14:59:27,3.9,
20250409,14:59:28,3.8,
20250409,14:59:28,3.7,
20250409,14:59:28,3.3,
20250409,14:59:28,2,
20250409,14:59:29,1,
20250409,14:59:29,0.3,
20250409,14:59:29,-0.3,
20250409,14:59:29,-0.6,
20250409,14:59:30,-0.8,
20250409,14:59:30,-0.8,
20250409,14:59:30,-0.5,
20250409,14:59:31,0,
20250409,14:59:31,0.6,
20250409,14:59:31,1.4,
20250409,14:59:31,1.6,
20250409,14:59:32,1.7,
20250409,14:59:32,1.9,
20250409,14:59:32,2.5,
20250409,14:59:32,3,
20250409,14:59:33,3.6,
20250409,14:59:33,3.7,
20250409,14:59:33,3.5,
20250409,14:59:34,3.4,
20250409,14:59:34,3.2,
20250409,14:59:34,3.4,
20250409,14:59:34,3.8,
20250409,14:59:35,4.3,
20250409,14:59:35,4.4,
20250409,14:59:35,4.2,
20250409,14:59:35,4.2,
20250409,14:59:36,4.4,
20250409,14:59:36,4.7,
20250409,14:59:36,5.1,
20250409,14:59:37,4.8,
20250409,14:59:37,4.2,
20250409,14:59:37,3.6,
20250409,14:59:37,2.8,
20250409,14:59:38,2.4,
20250409,14:59:38,2,
20250409,14:59:38,2.1,
20250409,14:59:38,2.4,
20250409,14:59:39,2.9,
20250409,14:59:39,3.3,
20250409,14:59:39,3.5,
20250409,14:59:40,3.6,
20250409,14:59:40,3.8,
20250409,14:59:40,3.7,
20250409,14:59:40,3.4,
20250409,14:59:41,3,
20250409,14:59:41,2.7,
20250409,14:59:41,2.7,
20250409,14:59:41,2.8,
20250409,14:59:42,3.1,
20250409,14:59:42,3,
20250409,14:59:42,2.6,
20250409,14:59:43,2.2,
20250409,14:59:43,1.8,
20250409,14:59:43,1.4,
20250409,14:59:43,1,
20250409,14:59:44,1,
20250409,14:59:44,1.2,
20250409,14:59:44,1.8,
20250409,14:59:45,2.6,
20250409,14:59:45,3.2,
20250409,14:59:45,3.6,
20250409,14:59:45,3.7,
20250409,14:59:46,3.9,
20250409,14:59:46,4.2,
20250409,14:59:46,4.7,
20250409,14:59:46,5.3,
20250409,14:59:47,5.7,
20250409,14:59:47,6,
20250409,14:59:47,5.6,
20250409,14:59:48,5.3,
20250409,14:59:48,4.8,
20250409,14:59:48,4.4,
20250409,14:59:48,3.7,
20250409,14:59:49,3.4,
20250409,14:59:49,3.1,
20250409,14:59:49,3.1,
20250409,14:59:49,3.3,
20250409,14:59:50,3.7,
20250409,14:59:50,3.8,
20250409,14:59:50,3.7,
20250409,14:59:51,3.6,
20250409,14:59:51,3.2,
20250409,14:59:51,2.7,
20250409,14:59:51,2,
20250409,14:59:52,1.6,
20250409,14:59:52,1.4,
20250409,14:59:52,1.8,
20250409,14:59:52,2.3,
20250409,14:59:53,2.8,
20250409,14:59:53,3.4,
20250409,14:59:53,3.7,
20250409,14:59:54,3.9,
20250409,14:59:54,4.1,
20250409,14:59:54,4.1,
20250409,14:59:54,4.2,
20250409,14:59:55,4.3,
20250409,14:59:55,4.5,
20250409,14:59:55,5,
20250409,14:59:55,5.2,
20250409,14:59:56,4.9,
20250409,14:59:56,5,
20250409,14:59:56,5.3,
20250409,14:59:57,5.3,
20250409,14:59:57,5.2,
20250409,14:59:57,5.1,
20250409,14:59:57,5.2,
20250409,14:59:58,5.5,
20250409,14:59:58,5.8,
20250409,14:59:58,6.1,
20250409,14:59:59,6.1,
20250409,14:59:59,6,
20250409,14:59:59,5.8,
20250409,14:59:59,5.8,
20250409,15:00:00,5.6,
20250409,15:00:00,4.9,
20250409,15:00:00,4,
20250409,15:00:00,3.4,
20250409,15:00:01,3.1,
20250409,15:00:01,3.3,
20250409,15:00:01,3.4,
20250409,15:00:02,3.6,
20250409,15:00:02,4,
20250409,15:00:02,4.4,
20250409,15:00:02,5.1,
20250409,15:00:03,5.6,
20250409,15:00:03,5.8,
20250409,15:00:03,6.1,
20250409,15:00:03,6.3,
20250409,15:00:04,6.7,
20250409,15:00:04,7,
20250409,15:00:04,6.8,
20250409,15:00:05,6.6,
20250409,15:00:05,6.7,
20250409,15:00:05,6.9,
20250409,15:00:05,7.2,
20250409,15:00:06,7.7,
20250409,15:00:06,8.1,
20250409,15:00:06,7.5,
20250409,15:00:06,6.4,
20250409,15:00:07,5.6,
20250409,15:00:07,5,
20250409,15:00:07,4.7,
20250409,15:00:08,4.7,
20250409,15:00:08,5.1,
20250409,15:00:08,5.5,
20250409,15:00:08,5.8,
20250409,15:00:09,5.5,
20250409,15:00:09,4.6,
20250409,15:00:09,3.9,
20250409,15:00:10,3.5,
20250409,15:00:10,3.2,
20250409,15:00:10,3.4,
20250409,15:00:10,3.7,
20250409,15:00:11,4.1,
20250409,15:00:11,4.6,
20250409,15:00:11,5,
20250409,15:00:11,5.2,
20250409,15:00:12,4.5,
20250409,15:00:12,3.5,
20250409,15:00:12,2.7,
20250409,15:00:13,2.1,
20250409,15:00:13,1.8,
20250409,15:00:13,1.5,
20250409,15:00:13,1,
20250409,15:00:14,0.7,
20250409,15:00:14,0.9,
20250409,15:00:14,1.1,
20250409,15:00:14,1.8,
20250409,15:00:15,2.2,
20250409,15:00:15,2.4,
20250409,15:00:15,1.5,
20250409,15:00:16,1,
20250409,15:00:16,0.9,
20250409,15:00:16,0.5,
20250409,15:00:16,0.4,
20250409,15:00:17,0,
20250409,15:00:17,-0.5,
20250409,15:00:17,-0.7,
20250409,15:00:17,-0.7,
20250409,15:00:18,-0.3,
20250409,15:00:18,0,
20250409,15:00:18,0,
20250409,15:00:19,-0.6,
20250409,15:00:19,-1.1,
20250409,15:00:19,-1.6,
20250409,15:00:19,-1.7,
20250409,15:00:20,-1.6,
20250409,15:00:20,-1.3,
20250409,15:00:20,-1.2,
20250409,15:00:21,-1,
20250409,15:00:21,-0.7,
20250409,15:00:21,-0.2,
20250409,15:00:21,0.1,
20250409,15:00:22,0.2,
20250409,15:00:22,0.2,
20250409,15:00:22,0.4,
20250409,15:00:22,0.4,
20250409,15:00:23,0.4,
20250409,15:00:23,0.6,
20250409,15:00:23,0.7,
20250409,15:00:24,0.7,
20250409,15:00:24,0.9,
20250409,15:00:24,1,
20250409,15:00:24,1.5,
20250409,15:00:25,1.8,
20250409,15:00:25,1.9,
20250409,15:00:25,1.8,
20250409,15:00:25,1.6,
20250409,15:00:26,1.8,
20250409,15:00:26,1.4,
20250409,15:00:26,0.8,
20250409,15:00:27,0.4,
20250409,15:00:27,0.6,
20250409,15:00:27,1.1,
20250409,15:00:27,1.9,
20250409,15:00:28,2.8,
20250409,15:00:28,3.5,
20250409,15:00:28,4.2,
20250409,15:00:28,5,
20250409,15:00:29,5.5,
20250409,15:00:29,5.6,
20250409,15:00:29,5.8,
20250409,15:00:30,6.1,
20250409,15:00:30,6.6,
20250409,15:00:30,7.1,
20250409,15:00:30,7.5,
20250409,15:00:31,7.4,
20250409,15:00:31,7.1,
20250409,15:00:31,7.3,
20250409,15:00:32,7.5,
20250409,15:00:32,7.1,
20250409,15:00:32,6.3,
20250409,15:00:32,5.9,
20250409,15:00:33,5.7,
20250409,15:00:33,5.7,
20250409,15:00:33,5.9,
20250409,15:00:33,6.4,
20250409,15:00:34,6.9,
20250409,15:00:34,7.2,
20250409,15:00:34,7.4,
20250409,15:00:35,7.6,
20250409,15:00:35,7.8,
20250409,15:00:35,7.5,
20250409,15:00:35,6.4,
20250409,15:00:36,5.8,
20250409,15:00:36,5.3,
20250409,15:00:36,5.2,
20250409,15:00:36,5.2,
20250409,15:00:37,5.3,
20250409,15:00:37,5.7,
20250409,15:00:37,6,
20250409,15:00:38,6.2,
20250409,15:00:38,6.4,
20250409,15:00:38,6.5,
20250409,15:00:38,5.8,
20250409,15:00:39,5,
20250409,15:00:39,4.7,
20250409,15:00:39,4.8,
20250409,15:00:39,4.9,
20250409,15:00:40,4.9,
20250409,15:00:40,4.9,
20250409,15:00:40,5.1,
20250409,15:00:41,5.3,
20250409,15:00:41,5.8,
20250409,15:00:41,6.1,
20250409,15:00:41,6.3,
20250409,15:00:42,6,
20250409,15:00:42,5.5,
20250409,15:00:42,5.3,
20250409,15:00:42,5.3,
20250409,15:00:43,5.3,
20250409,15:00:43,5.3,
20250409,15:00:43,4.8,
20250409,15:00:44,4.6,
20250409,15:00:44,4.6,
20250409,15:00:44,4.7,
20250409,15:00:44,4.6,
20250409,15:00:45,4.4,
20250409,15:00:45,4.2,
20250409,15:00:45,4.3,
20250409,15:00:45,4.4,
20250409,15:00:46,4.9,
20250409,15:00:46,5.3,
20250409,15:00:46,5.5,
20250409,15:00:47,5.6,
20250409,15:00:47,5.3,
20250409,15:00:47,4.8,
20250409,15:00:47,4.6,
20250409,15:00:48,4.5,
20250409,15:00:48,4.7,
20250409,15:00:48,4.5,
20250409,15:00:49,3.9,
20250409,15:00:49,3.1,
20250409,15:00:49,2.7,
20250409,15:00:49,2.4,
20250409,15:00:50,2.3,
20250409,15:00:50,2.3,
20250409,15:00:50,2.5,
20250409,15:00:51,2.7,
20250409,15:00:51,2.5,
20250409,15:00:51,2.4,
20250409,15:00:51,2.2,
20250409,15:00:52,2.1,
20250409,15:00:52,1.8,
20250409,15:00:52,1.5,
20250409,15:00:52,1.5,
20250409,15:00:53,1.5,
20250409,15:00:53,1.7,
20250409,15:00:53,1.9,
20250409,15:00:53,2.2,
20250409,15:00:54,2.5,
20250409,15:00:54,2.6,
20250409,15:00:54,2.6,
20250409,15:00:55,2.5,
20250409,15:00:55,2.2,
20250409,15:00:55,1.8,
20250409,15:00:55,1.6,
20250409,15:00:56,1.3,
20250409,15:00:56,1.4,
20250409,15:00:56,1.2,
20250409,15:00:57,0.7,
20250409,15:00:57,0.4,
20250409,15:00:57,-0.2,
20250409,15:00:57,-1.1,
20250409,15:00:58,-1.7,
20250409,15:00:58,-2.1,
20250409,15:00:58,-2.4,
20250409,15:00:58,-2.9,
20250409,15:00:59,-3.3,
20250409,15:00:59,-3.5,
20250409,15:00:59,-3.7,
20250409,15:01:00,-3.7,
20250409,15:01:00,-3.3,
20250409,15:01:00,-2.7,
20250409,15:01:00,-1.8,
20250409,15:01:01,-1.2,
20250409,15:01:01,-0.7,
20250409,15:01:01,-0.2,
20250409,15:01:01,0.2,
20250409,15:01:02,0.7,
20250409,15:01:02,1,
20250409,15:01:02,1.2,
20250409,15:01:03,1.4,
20250409,15:01:03,1.4,
20250409,15:01:03,1.8,
20250409,15:01:03,1.9,
20250409,15:01:04,2.2,
20250409,15:01:04,2.2,
20250409,15:01:04,2.2,
20250409,15:01:05,1.9,
20250409,15:01:05,1.6,
20250409,15:01:05,1.4,
20250409,15:01:05,1.2,
20250409,15:01:06,1.3,
20250409,15:01:06,1.4,
20250409,15:01:06,1.1,
20250409,15:01:06,0.1,
20250409,15:01:07,-0.8,
20250409,15:01:07,-1.5,
20250409,15:01:07,-1.7,
20250409,15:01:08,-2.1,
20250409,15:01:08,-2.6,
20250409,15:01:08,-3.3,
20250409,15:01:08,-3.8,
20250409,15:01:09,-3.8,
20250409,15:01:09,-3.5,
20250409,15:01:09,-3.3,
20250409,15:01:09,-3.3,
20250409,15:01:10,-3.5,
20250409,15:01:10,-3.3,
20250409,15:01:10,-3.1,
20250409,15:01:11,-2.8,
20250409,15:01:11,-2.5,
20250409,15:01:11,-2.1,
20250409,15:01:11,-2,
20250409,15:01:12,-2.3,
20250409,15:01:12,-2.3,
20250409,15:01:12,-2.4,
20250409,15:01:12,-2.4,
20250409,15:01:13,-2.4,
20250409,15:01:13,-2.3,
20250409,15:01:13,-2.4,
20250409,15:01:14,-2.5,
20250409,15:01:14,-2.5,
20250409,15:01:14,-2.4,
20250409,15:01:14,-2.1,
20250409,15:01:15,-1.7,
20250409,15:01:15,-1.5,
20250409,15:01:15,-1.5,
20250409,15:01:16,-1.4,
20250409,15:01:16,-1.1,
20250409,15:01:16,-0.8,
20250409,15:01:16,-0.6,
20250409,15:01:17,-0.2,
20250409,15:01:17,0.1,
20250409,15:01:17,0.2,
20250409,15:01:17,0.4,
20250409,15:01:18,0.5,
20250409,15:01:18,0.4,
20250409,15:01:18,0,
20250409,15:01:19,-0.5,
20250409,15:01:19,-1.3,
20250409,15:01:19,-2.5,
20250409,15:01:19,-3.2,
20250409,15:01:20,-3.4,
20250409,15:01:20,-3.4,
20250409,15:01:20,-3.3,
20250409,15:01:20,-2.8,
20250409,15:01:21,-2.7,
20250409,15:01:21,-3.3,
20250409,15:01:21,-4.1,
20250409,15:01:22,-4.6,
20250409,15:01:22,-4.8,
20250409,15:01:22,-4.7,
20250409,15:01:22,-4.3,
20250409,15:01:23,-4.1,
20250409,15:01:23,-4.1,
20250409,15:01:23,-4.4,
20250409,15:01:24,-4.3,
20250409,15:01:24,-4.1,
20250409,15:01:24,-3.6,
20250409,15:01:24,-2.9,
20250409,15:01:25,-2.4,
20250409,15:01:25,-2.2,
20250409,15:01:25,-2.4,
20250409,15:01:25,-2.6,
20250409,15:01:26,-2.5,
20250409,15:01:26,-2.4,
20250409,15:01:26,-2.1,
20250409,15:01:27,-1.6,
20250409,15:01:27,-1.3,
20250409,15:01:27,-1,
20250409,15:01:27,-0.7,
20250409,15:01:28,-0.6,
20250409,15:01:28,-0.7,
20250409,15:01:28,-0.9,
20250409,15:01:28,-1.2,
20250409,15:01:29,-1.4,
20250409,15:01:29,-1.3,
20250409,15:01:29,-1.3,
20250409,15:01:30,-1.5,
20250409,15:01:30,-1.8,
20250409,15:01:30,-1.9,
20250409,15:01:30,-1.9,
20250409,15:01:31,-1.7,
20250409,15:01:31,-1.6,
20250409,15:01:31,-1.3,
20250409,15:01:32,-1.3,
20250409,15:01:32,-1.3,
20250409,15:01:32,-1.7,
20250409,15:01:32,-2.7,
20250409,15:01:33,-3.5,
20250409,15:01:33,-4,
20250409,15:01:33,-4.3,
20250409,15:01:33,-4.2,
20250409,15:01:34,-4.1,
20250409,15:01:34,-4.3,
20250409,15:01:34,-4.7,
20250409,15:01:35,-4.7,
20250409,15:01:35,-4.5,
20250409,15:01:35,-4.4,
20250409,15:01:35,-4.2,
20250409,15:01:36,-4.2,
20250409,15:01:36,-4.3,
20250409,15:01:36,-4.6,
20250409,15:01:36,-5.4,
20250409,15:01:37,-6.1,
20250409,15:01:37,-6.7,
20250409,15:01:37,-7.3,
20250409,15:01:38,-8,
20250409,15:01:38,-8.6,
20250409,15:01:38,-9,
20250409,15:01:38,-9.1,
20250409,15:01:39,-8.9,
20250409,15:01:39,-8.8,
20250409,15:01:39,-8.4,
20250409,15:01:40,-8.1,
20250409,15:01:40,-7.5,
20250409,15:01:40,-7.3,
20250409,15:01:40,-6.9,
20250409,15:01:41,-6.7,
20250409,15:01:41,-6.3,
20250409,15:01:41,-5.8,
20250409,15:01:41,-5.5,
20250409,15:01:42,-5,
20250409,15:01:42,-4.4,
20250409,15:01:42,-4,
20250409,15:01:43,-3.5,
20250409,15:01:43,-3.3,
20250409,15:01:43,-3.3,
20250409,15:01:43,-3.2,
20250409,15:01:44,-3,
20250409,15:01:44,-2.7,
20250409,15:01:44,-2.8,
20250409,15:01:44,-3.2,
20250409,15:01:45,-3.6,
20250409,15:01:45,-4.5,
20250409,15:01:45,-5.1,
20250409,15:01:46,-5.4,
20250409,15:01:46,-5.5,
20250409,15:01:46,-5.4,
20250409,15:01:46,-5.2,
20250409,15:01:47,-5.1,
20250409,15:01:47,-4.8,
20250409,15:01:47,-4.2,
20250409,15:01:48,-3.6,
20250409,15:01:48,-3.1,
20250409,15:01:48,-2.6,
20250409,15:01:48,-2.3,
20250409,15:01:49,-1.6,
20250409,15:01:49,-1,
20250409,15:01:49,-0.4,
20250409,15:01:49,0.1,
20250409,15:01:50,0.6,
20250409,15:01:50,0.7,
20250409,15:01:50,0.8,
20250409,15:01:51,0.8,
20250409,15:01:51,0.8,
20250409,15:01:51,0.7,
20250409,15:01:51,0.5,
20250409,15:01:52,0.2,
20250409,15:01:52,0,
20250409,15:01:52,-0.2,
20250409,15:01:52,-0.3,
20250409,15:01:53,-0.2,
20250409,15:01:53,-0.1,
20250409,15:01:53,0.1,
20250409,15:01:54,0.5,
20250409,15:01:54,0.8,
20250409,15:01:54,1,
20250409,15:01:54,1.2,
20250409,15:01:55,1,
20250409,15:01:55,0.6,
20250409,15:01:55,0.2,
20250409,15:01:56,-0.2,
20250409,15:01:56,-0.5,
20250409,15:01:56,-0.8,
20250409,15:01:56,-0.8,
20250409,15:01:57,-0.7,
20250409,15:01:57,-1.2,
20250409,15:01:57,-1.6,
20250409,15:01:57,-1.7,
20250409,15:01:58,-1.6,
20250409,15:01:58,-1.6,
20250409,15:01:58,-1.3,
20250409,15:01:59,-0.9,
20250409,15:01:59,-0.7,
20250409,15:01:59,-0.9,
20250409,15:01:59,-1.6,
20250409,15:02:00,-2.2,
20250409,15:02:00,-2.4,
20250409,15:02:00,-2.4,
20250409,15:02:00,-2.4,
20250409,15:02:01,-2.8,
20250409,15:02:01,-3,
20250409,15:02:01,-3.1,
20250409,15:02:02,-3.2,
20250409,15:02:02,-3.1,
20250409,15:02:02,-2.9,
20250409,15:02:02,-2.4,
20250409,15:02:03,-1.9,
20250409,15:02:03,-1.5,
20250409,15:02:03,-1.1,
20250409,15:02:03,-0.7,
20250409,15:02:04,-0.2,
20250409,15:02:04,-0.2,
20250409,15:02:04,-0.8,
20250409,15:02:05,-1.2,
20250409,15:02:05,-1.2,
20250409,15:02:05,-1.3,
20250409,15:02:05,-1.4,
20250409,15:02:06,-1.7,
20250409,15:02:06,-2.1,
20250409,15:02:06,-2.3,
20250409,15:02:07,-2.5,
20250409,15:02:07,-2.7,
20250409,15:02:07,-2.6,
20250409,15:02:07,-2.6,
20250409,15:02:08,-3.2,
20250409,15:02:08,-3.8,
20250409,15:02:08,-4.1,
20250409,15:02:08,-4.4,
20250409,15:02:09,-4.7,
20250409,15:02:09,-5,
20250409,15:02:09,-5.2,
20250409,15:02:10,-4.9,
20250409,15:02:10,-4.3,
20250409,15:02:10,-3.6,
20250409,15:02:10,-3,
20250409,15:02:11,-2.3,
20250409,15:02:11,-1.8,
20250409,15:02:11,-1.4,
20250409,15:02:11,-1,
20250409,15:02:12,-0.7,
20250409,15:02:12,-0.6,
20250409,15:02:12,-0.7,
20250409,15:02:13,-1.6,
20250409,15:02:13,-2.2,
20250409,15:02:13,-2.5,
20250409,15:02:13,-2.9,
20250409,15:02:14,-3.3,
20250409,15:02:14,-3.5,
20250409,15:02:14,-3.9,
20250409,15:02:15,-4.1,
20250409,15:02:15,-4.2,
20250409,15:02:15,-4.1,
20250409,15:02:15,-3.8,
20250409,15:02:16,-3.6,
20250409,15:02:16,-3.3,
20250409,15:02:16,-3.6,
20250409,15:02:16,-3.9,
20250409,15:02:17,-4,
20250409,15:02:17,-4.1,
20250409,15:02:17,-4.3,
20250409,15:02:18,-4.4,
20250409,15:02:18,-4.4,
20250409,15:02:18,-4.8,
20250409,15:02:18,-5.6,
20250409,15:02:19,-6.2,
20250409,15:02:19,-6.9,
20250409,15:02:19,-7.6,
20250409,15:02:19,-8,
20250409,15:02:20,-7.9,
20250409,15:02:20,-7.6,
20250409,15:02:20,-7.1,
20250409,15:02:21,-6.5,
20250409,15:02:21,-5.8,
20250409,15:02:21,-5.3,
20250409,15:02:21,-5.4,
20250409,15:02:22,-6,
20250409,15:02:22,-6.3,
20250409,15:02:22,-6.6,
20250409,15:02:23,-6.7,
20250409,15:02:23,-6.7,
20250409,15:02:23,-6.5,
20250409,15:02:23,-6,
20250409,15:02:24,-5.9,
20250409,15:02:24,-6.2,
20250409,15:02:24,-6.4,
20250409,15:02:24,-6.3,
20250409,15:02:25,-6.1,
20250409,15:02:25,-6,
20250409,15:02:25,-6.6,
20250409,15:02:26,-7.1,
20250409,15:02:26,-7.1,
20250409,15:02:26,-6.6,
20250409,15:02:26,-6.3,
20250409,15:02:27,-6.1,
20250409,15:02:27,-5.9,
20250409,15:02:27,-5.7,
20250409,15:02:27,-5.3,
20250409,15:02:28,-5,
20250409,15:02:28,-4.4,
20250409,15:02:28,-3.9,
20250409,15:02:29,-3.3,
20250409,15:02:29,-3.2,
20250409,15:02:29,-3.5,
20250409,15:02:29,-3.6,
20250409,15:02:30,-3.4,
20250409,15:02:30,-3.3,
20250409,15:02:30,-2.9,
20250409,15:02:31,-3.1,
20250409,15:02:31,-3.6,
20250409,15:02:31,-4,
20250409,15:02:31,-4.1,
20250409,15:02:32,-4.1,
20250409,15:02:32,-3.7,
20250409,15:02:32,-3.3,
20250409,15:02:32,-2.9,
20250409,15:02:33,-2.5,
20250409,15:02:33,-2.2,
20250409,15:02:33,-2,
20250409,15:02:34,-1.6,
20250409,15:02:34,-1.7,
20250409,15:02:34,-2.2,
20250409,15:02:34,-2.5,
20250409,15:02:35,-2.6,
20250409,15:02:35,-2.6,
20250409,15:02:35,-2.7,
20250409,15:02:35,-2.9,
20250409,15:02:36,-3.1,
20250409,15:02:36,-3,
20250409,15:02:36,-3,
20250409,15:02:37,-2.8,
20250409,15:02:37,-2.7,
20250409,15:02:37,-2.7,
20250409,15:02:37,-3.3,
20250409,15:02:38,-4,
20250409,15:02:38,-4.1,
20250409,15:02:38,-4,
20250409,15:02:38,-3.7,
20250409,15:02:39,-3.3,
20250409,15:02:39,-3.1,
20250409,15:02:39,-3.2,
20250409,15:02:40,-3.7,
20250409,15:02:40,-4,
20250409,15:02:40,-4.1,
20250409,15:02:40,-4.1,
20250409,15:02:41,-4.7,
20250409,15:02:41,-5.4,
20250409,15:02:41,-5.9,
20250409,15:02:42,-6.3,
20250409,15:02:42,-6.7,
20250409,15:02:42,-6.6,
20250409,15:02:42,-6.3,
20250409,15:02:43,-5.9,
20250409,15:02:43,-5.3,
20250409,15:02:43,-4.9,
20250409,15:02:43,-4.3,
20250409,15:02:44,-3.9,
20250409,15:02:44,-3.7,
20250409,15:02:44,-3.8,
20250409,15:02:45,-3.6,
20250409,15:02:45,-3.3,
20250409,15:02:45,-3.1,
20250409,15:02:45,-2.9,
20250409,15:02:46,-2.7,
20250409,15:02:46,-3,
20250409,15:02:46,-4,
20250409,15:02:46,-4.7,
20250409,15:02:47,-5,
20250409,15:02:47,-4.9,
20250409,15:02:47,-4.7,
20250409,15:02:48,-4.3,
20250409,15:02:48,-4.1,
20250409,15:02:48,-4,
20250409,15:02:48,-3.9,
20250409,15:02:49,-4.1,
20250409,15:02:49,-4.6,
20250409,15:02:49,-4.8,
20250409,15:02:50,-4.8,
20250409,15:02:50,-4.8,
20250409,15:02:50,-4.8,
20250409,15:02:50,-4.7,
20250409,15:02:51,-4.3,
20250409,15:02:51,-4.2,
20250409,15:02:51,-4.2,
20250409,15:02:51,-4.1,
20250409,15:02:52,-4.1,
20250409,15:02:52,-4.2,
20250409,15:02:52,-4.6,
20250409,15:02:53,-5.5,
20250409,15:02:53,-6.1,
20250409,15:02:53,-6.2,
20250409,15:02:53,-6,
20250409,15:02:54,-5.8,
20250409,15:02:54,-5.8,
20250409,15:02:54,-5.4,
20250409,15:02:54,-5,
20250409,15:02:55,-4.5,
20250409,15:02:55,-4.1,
20250409,15:02:55,-4.1,
20250409,15:02:56,-3.8,
20250409,15:02:56,-3.4,
20250409,15:02:56,-3,
20250409,15:02:56,-2.6,
20250409,15:02:57,-2.3,
20250409,15:02:57,-2.2,
20250409,15:02:57,-2.2,
20250409,15:02:58,-2,
20250409,15:02:58,-1.9,
20250409,15:02:58,-1.8,
20250409,15:02:58,-1.9,
20250409,15:02:59,-2.4,
20250409,15:02:59,-2.7,
20250409,15:02:59,-2.9,
20250409,15:02:59,-2.9,
20250409,15:03:00,-3,
20250409,15:03:00,-2.9,
20250409,15:03:00,-2.7,
20250409,15:03:01,-2.5,
20250409,15:03:01,-2.4,
20250409,15:03:01,-2.3,
20250409,15:03:01,-2.1,
20250409,15:03:02,-1.7,
20250409,15:03:02,-1.6,
20250409,15:03:02,-1.3,
20250409,15:03:03,-1.5,
20250409,15:03:03,-1.8,
20250409,15:03:03,-2.8,
20250409,15:03:03,-4,
20250409,15:03:04,-5,
20250409,15:03:04,-5.8,
20250409,15:03:04,-6.3,
20250409,15:03:04,-6.5,
20250409,15:03:05,-6.5,
20250409,15:03:05,-6.2,
20250409,15:03:05,-5.8,
20250409,15:03:06,-5.8,
20250409,15:03:06,-5.8,
20250409,15:03:06,-6,
20250409,15:03:06,-6,
20250409,15:03:07,-5.9,
20250409,15:03:07,-5.8,
20250409,15:03:07,-5.7,
20250409,15:03:07,-5.8,
20250409,15:03:08,-6,
20250409,15:03:08,-6.3,
20250409,15:03:08,-6.4,
20250409,15:03:09,-6.1,
20250409,15:03:09,-5.8,
20250409,15:03:09,-5.4,
20250409,15:03:09,-5.3,
20250409,15:03:10,-5.6,
20250409,15:03:10,-5.6,
20250409,15:03:10,-5.4,
20250409,15:03:11,-5.3,
20250409,15:03:11,-5.6,
20250409,15:03:11,-6.2,
20250409,15:03:11,-6.6,
20250409,15:03:12,-6.7,
20250409,15:03:12,-6.7,
20250409,15:03:12,-7,
20250409,15:03:12,-7.4,
20250409,15:03:13,-7.5,
20250409,15:03:13,-8,
20250409,15:03:13,-8.4,
20250409,15:03:14,-8.8,
20250409,15:03:14,-8.9,
20250409,15:03:14,-8.9,
20250409,15:03:14,-8.5,
20250409,15:03:15,-8.1,
20250409,15:03:15,-7.7,
20250409,15:03:15,-7.5,
20250409,15:03:16,-7,
20250409,15:03:16,-6.8,
20250409,15:03:16,-6.4,
20250409,15:03:16,-5.8,
20250409,15:03:17,-5.3,
20250409,15:03:17,-4.9,
20250409,15:03:17,-4.3,
20250409,15:03:17,-3.9,
20250409,15:03:18,-3.8,
20250409,15:03:18,-3.7,
20250409,15:03:18,-3.6,
20250409,15:03:19,-3.5,
20250409,15:03:19,-3.5,
20250409,15:03:19,-3.4,
20250409,15:03:19,-3.4,
20250409,15:03:20,-3.4,
20250409,15:03:20,-3.3,
20250409,15:03:20,-3.1,
20250409,15:03:20,-3,
20250409,15:03:21,-3,
20250409,15:03:21,-2.9,
20250409,15:03:21,-2.9,
20250409,15:03:22,-3.6,
20250409,15:03:22,-4.7,
20250409,15:03:22,-5.2,
20250409,15:03:22,-5.4,
20250409,15:03:23,-5.4,
20250409,15:03:23,-5.5,
20250409,15:03:23,-5.2,
20250409,15:03:23,-4.9,
20250409,15:03:24,-4.4,
20250409,15:03:24,-4.3,
20250409,15:03:24,-4.9,
20250409,15:03:25,-5.2,
20250409,15:03:25,-5.3,
20250409,15:03:25,-5.4,
20250409,15:03:25,-5.5,
20250409,15:03:26,-5.4,
20250409,15:03:26,-5.1,
20250409,15:03:26,-5,
20250409,15:03:27,-5.4,
20250409,15:03:27,-5.9,
20250409,15:03:27,-6.3,
20250409,15:03:27,-6.3,
20250409,15:03:28,-6,
20250409,15:03:28,-5.5,
20250409,15:03:28,-4.9,
20250409,15:03:28,-4.2,
20250409,15:03:29,-4,
20250409,15:03:29,-4.3,
20250409,15:03:29,-4.6,
20250409,15:03:30,-4.3,
20250409,15:03:30,-4.1,
20250409,15:03:30,-4,
20250409,15:03:30,-4.2,
20250409,15:03:31,-4.2,
20250409,15:03:31,-4.1,
20250409,15:03:31,-3.7,
20250409,15:03:31,-3.3,
20250409,15:03:32,-2.7,
20250409,15:03:32,-2.4,
20250409,15:03:32,-2.5,
20250409,15:03:33,-3.3,
20250409,15:03:33,-3.7,
20250409,15:03:33,-4.1,
20250409,15:03:33,-4.1,
20250409,15:03:34,-4.2,
20250409,15:03:34,-4.1,
20250409,15:03:34,-4.1,
20250409,15:03:35,-4.2,
20250409,15:03:35,-4.2,
20250409,15:03:35,-4.1,
20250409,15:03:35,-4,
20250409,15:03:36,-4.1,
20250409,15:03:36,-4.5,
20250409,15:03:36,-5,
20250409,15:03:36,-5.2,
20250409,15:03:37,-5.2,
20250409,15:03:37,-4.9,
20250409,15:03:37,-4.4,
20250409,15:03:38,-3.9,
20250409,15:03:38,-3.6,
20250409,15:03:38,-3.4,
20250409,15:03:38,-3.5,
20250409,15:03:39,-3.7,
20250409,15:03:39,-3.7,
20250409,15:03:39,-3.3,
20250409,15:03:39,-3,
20250409,15:03:40,-3.2,
20250409,15:03:40,-3.5,
20250409,15:03:40,-3.6,
20250409,15:03:41,-3.4,
20250409,15:03:41,-3.3,
20250409,15:03:41,-3,
20250409,15:03:41,-3.2,
20250409,15:03:42,-3.3,
20250409,15:03:42,-3.3,
20250409,15:03:42,-3.3,
20250409,15:03:43,-3.2,
20250409,15:03:43,-2.9,
20250409,15:03:43,-2.6,
20250409,15:03:43,-2.3,
20250409,15:03:44,-2.1,
20250409,15:03:44,-2.3,
20250409,15:03:44,-2.5,
20250409,15:03:44,-2.6,
20250409,15:03:45,-2.5,
20250409,15:03:45,-2.6,
20250409,15:03:45,-2.8,
20250409,15:03:46,-2.9,
20250409,15:03:46,-3,
20250409,15:03:46,-3.7,
20250409,15:03:46,-4.1,
20250409,15:03:47,-4.1,
20250409,15:03:47,-3.7,
20250409,15:03:47,-3.4,
20250409,15:03:47,-3.3,
20250409,15:03:48,-3.3,
20250409,15:03:48,-3.3,
20250409,15:03:48,-3.3,
20250409,15:03:49,-3,
20250409,15:03:49,-2.7,
20250409,15:03:49,-2.4,
20250409,15:03:49,-2.1,
20250409,15:03:50,-1.9,
20250409,15:03:50,-2,
20250409,15:03:50,-2,
20250409,15:03:51,-1.9,
20250409,15:03:51,-1.6,
20250409,15:03:51,-1.6,
20250409,15:03:51,-2.4,
20250409,15:03:52,-3.1,
20250409,15:03:52,-3.3,
20250409,15:03:52,-3,
20250409,15:03:52,-2.4,
20250409,15:03:53,-1.8,
20250409,15:03:53,-1.6,
20250409,15:03:53,-1.7,
20250409,15:03:54,-2,
20250409,15:03:54,-2,
20250409,15:03:54,-1.9,
20250409,15:03:54,-1.9,
20250409,15:03:55,-1.9,
20250409,15:03:55,-1.7,
20250409,15:03:55,-1.4,
20250409,15:03:55,-1,
20250409,15:03:56,-0.7,
20250409,15:03:56,-0.3,
20250409,15:03:56,-0.5,
20250409,15:03:57,-0.9,
20250409,15:03:57,-1.3,
20250409,15:03:57,-1.5,
20250409,15:03:57,-1.4,
20250409,15:03:58,-1.4,
20250409,15:03:58,-1.4,
20250409,15:03:58,-1.4,
20250409,15:03:58,-1,
20250409,15:03:59,-0.7,
20250409,15:03:59,-0.7,
20250409,15:03:59,-0.9,
20250409,15:04:00,-0.9,
20250409,15:04:00,-0.7,
20250409,15:04:00,-0.4,
20250409,15:04:00,-0.1,
20250409,15:04:01,0.2,
20250409,15:04:01,0.4,
20250409,15:04:01,0.5,
20250409,15:04:02,0.8,
20250409,15:04:02,1,
20250409,15:04:02,1.1,
20250409,15:04:02,0.6,
20250409,15:04:03,0,
20250409,15:04:03,-0.4,
20250409,15:04:03,-0.7,
20250409,15:04:03,-0.8,
20250409,15:04:04,-0.6,
20250409,15:04:04,-0.4,
20250409,15:04:04,-0.7,
20250409,15:04:05,-1.3,
20250409,15:04:05,-1.7,
20250409,15:04:05,-2,
20250409,15:04:05,-2,
20250409,15:04:06,-1.7,
20250409,15:04:06,-1.3,
20250409,15:04:06,-0.7,
20250409,15:04:06,-0.5,
20250409,15:04:07,-0.4,
20250409,15:04:07,0.1,
20250409,15:04:07,1,
20250409,15:04:08,1.8,
20250409,15:04:08,2.3,
20250409,15:04:08,2.3,
20250409,15:04:08,2.3,
20250409,15:04:09,2.4,
20250409,15:04:09,2.6,
20250409,15:04:09,2.8,
20250409,15:04:10,3.1,
20250409,15:04:10,3.5,
20250409,15:04:10,3.7,
20250409,15:04:10,4.1,
20250409,15:04:11,4,
20250409,15:04:11,3.8,
20250409,15:04:11,3.6,
20250409,15:04:11,3.6,
20250409,15:04:12,2.9,
20250409,15:04:12,2.3,
20250409,15:04:12,1.9,
20250409,15:04:13,1.9,
20250409,15:04:13,2,
20250409,15:04:13,2.3,
20250409,15:04:13,2.2,
20250409,15:04:14,2.3,
20250409,15:04:14,2.5,
20250409,15:04:14,2.7,
20250409,15:04:14,2.8,
20250409,15:04:15,2.7,
20250409,15:04:15,2.7,
20250409,15:04:15,2.7,
20250409,15:04:16,2.8,
20250409,15:04:16,2.8,
20250409,15:04:16,3,
20250409,15:04:16,3.2,
20250409,15:04:17,3.6,
20250409,15:04:17,4,
20250409,15:04:17,4.1,
20250409,15:04:18,4.2,
20250409,15:04:18,4.3,
20250409,15:04:18,4.4,
20250409,15:04:18,4.5,
20250409,15:04:19,4.5,
20250409,15:04:19,4.4,
20250409,15:04:19,4.5,
20250409,15:04:19,4.5,
20250409,15:04:20,4.7,
20250409,15:04:20,4.9,
20250409,15:04:20,5.1,
20250409,15:04:20,5.3,
20250409,15:04:21,5.3,
20250409,15:04:21,5.2,
20250409,15:04:21,5,
20250409,15:04:22,4.8,
20250409,15:04:22,4.4,
20250409,15:04:22,4.1,
20250409,15:04:22,3.9,
20250409,15:04:23,3.8,
20250409,15:04:23,3.9,
20250409,15:04:23,3.5,
20250409,15:04:24,2.7,
20250409,15:04:24,1.9,
20250409,15:04:24,1.3,
20250409,15:04:24,1,
20250409,15:04:25,1,
20250409,15:04:25,1.2,
20250409,15:04:25,1.5,
20250409,15:04:25,1.9,
20250409,15:04:26,2.4,
20250409,15:04:26,2.7,
20250409,15:04:26,2.9,
20250409,15:04:27,3.1,
20250409,15:04:27,3.1,
20250409,15:04:27,2.7,
20250409,15:04:27,2.2,
20250409,15:04:28,1.8,
20250409,15:04:28,1.5,
20250409,15:04:28,1.3,
20250409,15:04:28,1.3,
20250409,15:04:29,1.5,
20250409,15:04:29,1.8,
20250409,15:04:29,2,
20250409,15:04:30,1.6,
20250409,15:04:30,0.9,
20250409,15:04:30,0.3,
20250409,15:04:30,0,
20250409,15:04:31,-0.6,
20250409,15:04:31,-1.2,
20250409,15:04:31,-1.6,
20250409,15:04:32,-1.8,
20250409,15:04:32,-1.9,
20250409,15:04:32,-1.8,
20250409,15:04:32,-1.6,
20250409,15:04:33,-1.3,
20250409,15:04:33,-0.8,
20250409,15:04:33,-0.4,
20250409,15:04:33,0.1,
20250409,15:04:34,0.3,
20250409,15:04:34,0.4,
20250409,15:04:34,0.5,
20250409,15:04:35,0.6,
20250409,15:04:35,0.8,
20250409,15:04:35,1,
20250409,15:04:35,1.2,
20250409,15:04:36,1.5,
20250409,15:04:36,1.8,
20250409,15:04:36,2.1,
20250409,15:04:36,1.9,
20250409,15:04:37,1.5,
20250409,15:04:37,1.1,
20250409,15:04:37,0.8,
20250409,15:04:38,0.5,
20250409,15:04:38,0.2,
20250409,15:04:38,0.2,
20250409,15:04:38,0.4,
20250409,15:04:39,0.7,
20250409,15:04:39,0.8,
20250409,15:04:39,0.7,
20250409,15:04:39,0.9,
20250409,15:04:40,1,
20250409,15:04:40,1.2,
20250409,15:04:40,1.6,
20250409,15:04:41,2.1,
20250409,15:04:41,2.7,
20250409,15:04:41,3.1,
20250409,15:04:41,3.6,
20250409,15:04:42,3.9,
20250409,15:04:42,4.2,
20250409,15:04:42,4.4,
20250409,15:04:42,4.4,
20250409,15:04:43,4.4,
20250409,15:04:43,4.4,
20250409,15:04:43,4.5,
20250409,15:04:44,4.6,
20250409,15:04:44,4.9,
20250409,15:04:44,5,
20250409,15:04:44,4.9,
20250409,15:04:45,4.7,
20250409,15:04:45,4.4,
20250409,15:04:45,4.4,
20250409,15:04:45,4.4,
20250409,15:04:46,4.5,
20250409,15:04:46,4.7,
20250409,15:04:46,4.8,
20250409,15:04:47,4.7,
20250409,15:04:47,4.3,
20250409,15:04:47,4,
20250409,15:04:47,3.8,
20250409,15:04:48,3.9,
20250409,15:04:48,4,
