静息,正性,中性,负性
11:45:47,11:47:27,11:48:48,11:54:22
,,,
CTP266,88:4A:EA:8B:D1:E6,,
,,,
,,,
,,,
,,,
,,,
,,,
20250513,11:41:05,-33.6,
20250513,11:41:06,-33.5,
20250513,11:41:06,-32.6,
20250513,11:41:06,-31.3,
20250513,11:41:07,-30.1,
20250513,11:41:07,-29,
20250513,11:41:07,-28.2,
20250513,11:41:07,-27.5,
20250513,11:41:08,-26.9,
20250513,11:41:08,-26.3,
20250513,11:41:08,-25.9,
20250513,11:41:08,-26.1,
20250513,11:41:09,-27.2,
20250513,11:41:09,-28.5,
20250513,11:41:09,-29.4,
20250513,11:41:10,-29.7,
20250513,11:41:10,-29.7,
20250513,11:41:10,-29.3,
20250513,11:41:10,-29.2,
20250513,11:41:11,-29,
20250513,11:41:11,-29,
20250513,11:41:11,-29.1,
20250513,11:41:12,-29.1,
20250513,11:41:12,-29.3,
20250513,11:41:12,-29.3,
20250513,11:41:12,-29.6,
20250513,11:41:13,-29.6,
20250513,11:41:13,-29.6,
20250513,11:41:13,-29.8,
20250513,11:41:13,-29.8,
20250513,11:41:14,-29.9,
20250513,11:41:14,-30,
20250513,11:41:14,-30,
20250513,11:41:15,-30.1,
20250513,11:41:15,-30.1,
20250513,11:41:15,-30.1,
20250513,11:41:15,-30.2,
20250513,11:41:16,-30.2,
20250513,11:41:16,-30.2,
20250513,11:41:16,-30,
20250513,11:41:17,-30,
20250513,11:41:17,-30,
20250513,11:41:17,-29.8,
20250513,11:41:17,-29.8,
20250513,11:41:18,-29.6,
20250513,11:41:18,-29.6,
20250513,11:41:18,-29.5,
20250513,11:41:18,-29.3,
20250513,11:41:19,-29.1,
20250513,11:41:19,-29.1,
20250513,11:41:19,-29,
20250513,11:41:20,-28.9,
20250513,11:41:20,-28.8,
20250513,11:41:20,-28.7,
20250513,11:41:20,-28.5,
20250513,11:41:21,-28.3,
20250513,11:41:21,-28.2,
20250513,11:41:21,-28.3,
20250513,11:41:22,-28.7,
20250513,11:41:22,-29.1,
20250513,11:41:22,-29.6,
20250513,11:41:22,-29.7,
20250513,11:41:23,-29.7,
20250513,11:41:23,-29.7,
20250513,11:41:23,-29.3,
20250513,11:41:23,-29.2,
20250513,11:41:24,-28.9,
20250513,11:41:24,-28.8,
20250513,11:41:24,-28.6,
20250513,11:41:25,-28.4,
20250513,11:41:25,-28.1,
20250513,11:41:25,-28,
20250513,11:41:25,-27.8,
20250513,11:41:26,-27.5,
20250513,11:41:26,-27.4,
20250513,11:41:26,-27.2,
20250513,11:41:26,-27.1,
20250513,11:41:27,-26.9,
20250513,11:41:27,-26.8,
20250513,11:41:27,-26.5,
20250513,11:41:28,-26.3,
20250513,11:41:28,-26.3,
20250513,11:41:28,-26,
20250513,11:41:28,-25.9,
20250513,11:41:29,-25.8,
20250513,11:41:29,-25.7,
20250513,11:41:29,-25.5,
20250513,11:41:30,-25.4,
20250513,11:41:30,-25.3,
20250513,11:41:30,-25.1,
20250513,11:41:30,-24.9,
20250513,11:41:31,-24.8,
20250513,11:41:31,-24.6,
20250513,11:41:31,-24.6,
20250513,11:41:31,-24.3,
20250513,11:41:32,-24.3,
20250513,11:41:32,-24.1,
20250513,11:41:32,-24,
20250513,11:41:33,-23.9,
20250513,11:41:33,-23.8,
20250513,11:41:33,-23.6,
20250513,11:41:33,-23.5,
20250513,11:41:34,-23.3,
20250513,11:41:34,-23.2,
20250513,11:41:34,-23.1,
20250513,11:41:35,-22.9,
20250513,11:41:35,-22.9,
20250513,11:41:35,-22.9,
20250513,11:41:35,-22.7,
20250513,11:41:36,-22.5,
20250513,11:41:36,-22.5,
20250513,11:41:36,-22.4,
20250513,11:41:36,-22.2,
20250513,11:41:37,-22.1,
20250513,11:41:37,-22.1,
20250513,11:41:37,-22,
20250513,11:41:38,-22.1,
20250513,11:41:38,-21.9,
20250513,11:41:38,-21.8,
20250513,11:41:38,-21.8,
20250513,11:41:39,-21.6,
20250513,11:41:39,-21.6,
20250513,11:41:39,-21.6,
20250513,11:41:40,-21.4,
20250513,11:41:40,-21.4,
20250513,11:41:40,-21.3,
20250513,11:41:40,-21.3,
20250513,11:41:41,-21.3,
20250513,11:41:41,-21.2,
20250513,11:41:41,-21.2,
20250513,11:41:41,-21.2,
20250513,11:41:42,-21.1,
20250513,11:41:42,-21.1,
20250513,11:41:42,-21,
20250513,11:41:43,-21,
20250513,11:41:43,-21,
20250513,11:41:43,-20.9,
20250513,11:41:43,-20.9,
20250513,11:41:44,-20.9,
20250513,11:41:44,-20.8,
20250513,11:41:44,-20.9,
20250513,11:41:44,-20.9,
20250513,11:41:45,-20.9,
20250513,11:41:45,-20.8,
20250513,11:41:45,-20.8,
20250513,11:41:46,-20.7,
20250513,11:41:46,-20.6,
20250513,11:41:46,-20.6,
20250513,11:41:46,-20.4,
20250513,11:41:47,-20.6,
20250513,11:41:47,-20.5,
20250513,11:41:47,-20.5,
20250513,11:41:48,-20.4,
20250513,11:41:48,-20.4,
20250513,11:41:48,-20.4,
20250513,11:41:48,-20.4,
20250513,11:41:49,-20.4,
20250513,11:41:49,-20.5,
20250513,11:41:49,-20.4,
20250513,11:41:49,-20.4,
20250513,11:41:50,-20.4,
20250513,11:41:50,-20.4,
20250513,11:41:50,-20.3,
20250513,11:41:51,-20.3,
20250513,11:41:51,-20.3,
20250513,11:41:51,-20.2,
20250513,11:41:51,-20.6,
20250513,11:41:52,-22.5,
20250513,11:41:52,-25.5,
20250513,11:41:52,-28.2,
20250513,11:41:53,-30.5,
20250513,11:41:53,-32.2,
20250513,11:41:53,-33.4,
20250513,11:41:53,-34.4,
20250513,11:41:54,-35.1,
20250513,11:41:54,-35.9,
20250513,11:41:54,-37.4,
20250513,11:41:54,-39.6,
20250513,11:41:55,-40.7,
20250513,11:41:55,-40.8,
20250513,11:41:55,-40.3,
20250513,11:41:56,-40.2,
20250513,11:41:56,-40,
20250513,11:41:56,-39.9,
20250513,11:41:56,-39.5,
20250513,11:41:57,-39.1,
20250513,11:41:57,-38.1,
20250513,11:41:57,-37.3,
20250513,11:41:57,-36.6,
20250513,11:41:58,-35.8,
20250513,11:41:58,-35.2,
20250513,11:41:58,-34.7,
20250513,11:41:59,-34.9,
20250513,11:41:59,-36.5,
20250513,11:41:59,-39.4,
20250513,11:41:59,-42.1,
20250513,11:42:00,-43.3,
20250513,11:42:00,-43.4,
20250513,11:42:00,-43.1,
20250513,11:42:01,-42.3,
20250513,11:42:01,-41.7,
20250513,11:42:01,-40.9,
20250513,11:42:01,-40,
20250513,11:42:02,-39.4,
20250513,11:42:02,-38.6,
20250513,11:42:02,-38.1,
20250513,11:42:03,-37.4,
20250513,11:42:03,-36.8,
20250513,11:42:03,-36.5,
20250513,11:42:03,-36,
20250513,11:42:04,-35.7,
20250513,11:42:04,-35.3,
20250513,11:42:04,-34.9,
20250513,11:42:04,-34.5,
20250513,11:42:05,-34,
20250513,11:42:05,-33.9,
20250513,11:42:05,-33.6,
20250513,11:42:06,-33.2,
20250513,11:42:06,-32.9,
20250513,11:42:06,-32.6,
20250513,11:42:06,-32.3,
20250513,11:42:07,-32.1,
20250513,11:42:07,-31.7,
20250513,11:42:07,-31.5,
20250513,11:42:07,-31.1,
20250513,11:42:08,-30.8,
20250513,11:42:08,-30.6,
20250513,11:42:08,-30.4,
20250513,11:42:09,-30,
20250513,11:42:09,-29.9,
20250513,11:42:09,-29.6,
20250513,11:42:09,-29.4,
20250513,11:42:10,-29,
20250513,11:42:10,-28.9,
20250513,11:42:10,-28.7,
20250513,11:42:11,-28.4,
20250513,11:42:11,-28.1,
20250513,11:42:11,-27.8,
20250513,11:42:11,-27.5,
20250513,11:42:12,-27.4,
20250513,11:42:12,-27.2,
20250513,11:42:12,-27,
20250513,11:42:12,-26.8,
20250513,11:42:13,-26.6,
20250513,11:42:13,-26.5,
20250513,11:42:13,-26.4,
20250513,11:42:14,-26.3,
20250513,11:42:14,-27.2,
20250513,11:42:14,-31.5,
20250513,11:42:14,-40.6,
20250513,11:42:15,-47.6,
20250513,11:42:15,-48.8,
20250513,11:42:15,-47.5,
20250513,11:42:16,-46.1,
20250513,11:42:16,-45.7,
20250513,11:42:16,-45.8,
20250513,11:42:16,-45.9,
20250513,11:42:17,-45.9,
20250513,11:42:17,-45.3,
20250513,11:42:17,-44.9,
20250513,11:42:17,-44.2,
20250513,11:42:18,-43.2,
20250513,11:42:18,-42.4,
20250513,11:42:18,-41.9,
20250513,11:42:19,-41.5,
20250513,11:42:19,-41.2,
20250513,11:42:19,-40.7,
20250513,11:42:19,-40.4,
20250513,11:42:20,-40,
20250513,11:42:20,-39.6,
20250513,11:42:20,-39.3,
20250513,11:42:20,-38.8,
20250513,11:42:21,-38.4,
20250513,11:42:21,-38,
20250513,11:42:21,-37.7,
20250513,11:42:22,-37.6,
20250513,11:42:22,-37.3,
20250513,11:42:22,-37,
20250513,11:42:22,-36.7,
20250513,11:42:23,-36.5,
20250513,11:42:23,-36.3,
20250513,11:42:23,-35.9,
20250513,11:42:24,-35.5,
20250513,11:42:24,-35.2,
20250513,11:42:24,-35.1,
20250513,11:42:24,-34.9,
20250513,11:42:25,-34.6,
20250513,11:42:25,-34.1,
20250513,11:42:25,-33.9,
20250513,11:42:26,-33.6,
20250513,11:42:26,-33.2,
20250513,11:42:26,-32.9,
20250513,11:42:26,-32.7,
20250513,11:42:27,-32.3,
20250513,11:42:27,-32.1,
20250513,11:42:27,-31.7,
20250513,11:42:27,-31.5,
20250513,11:42:28,-31.3,
20250513,11:42:28,-30.9,
20250513,11:42:28,-30.6,
20250513,11:42:29,-30.5,
20250513,11:42:29,-30.1,
20250513,11:42:29,-29.8,
20250513,11:42:29,-29.7,
20250513,11:42:30,-29.4,
20250513,11:42:30,-29.1,
20250513,11:42:30,-28.9,
20250513,11:42:30,-28.7,
20250513,11:42:31,-28.6,
20250513,11:42:31,-28.3,
20250513,11:42:31,-28.2,
20250513,11:42:32,-28,
20250513,11:42:32,-27.8,
20250513,11:42:32,-27.7,
20250513,11:42:32,-27.6,
20250513,11:42:33,-27.4,
20250513,11:42:33,-27.3,
20250513,11:42:33,-27.1,
20250513,11:42:34,-26.9,
20250513,11:42:34,-26.7,
20250513,11:42:34,-26.6,
20250513,11:42:34,-26.4,
20250513,11:42:35,-26.3,
20250513,11:42:35,-26.3,
20250513,11:42:35,-26.1,
20250513,11:42:35,-26,
20250513,11:42:36,-25.8,
20250513,11:42:36,-25.7,
20250513,11:42:36,-25.6,
20250513,11:42:37,-25.5,
20250513,11:42:37,-25.4,
20250513,11:42:37,-25.2,
20250513,11:42:37,-25.1,
20250513,11:42:38,-25,
20250513,11:42:38,-24.8,
20250513,11:42:38,-24.8,
20250513,11:42:38,-24.7,
20250513,11:42:39,-24.6,
20250513,11:42:39,-24.6,
20250513,11:42:39,-24.6,
20250513,11:42:40,-24.5,
20250513,11:42:40,-24.5,
20250513,11:42:40,-24.3,
20250513,11:42:40,-24.2,
20250513,11:42:41,-24.3,
20250513,11:42:41,-25,
20250513,11:42:41,-27.2,
20250513,11:42:42,-31.2,
20250513,11:42:42,-35.9,
20250513,11:42:42,-40.9,
20250513,11:42:42,-45.1,
20250513,11:42:43,-46.7,
20250513,11:42:43,-46,
20250513,11:42:43,-45.4,
20250513,11:42:44,-45.3,
20250513,11:42:44,-46,
20250513,11:42:44,-46.8,
20250513,11:42:44,-47.4,
20250513,11:42:45,-47.5,
20250513,11:42:45,-47.2,
20250513,11:42:45,-46.6,
20250513,11:42:45,-45.9,
20250513,11:42:46,-45.1,
20250513,11:42:46,-44.1,
20250513,11:42:46,-43.2,
20250513,11:42:47,-42.5,
20250513,11:42:47,-41.7,
20250513,11:42:47,-41,
20250513,11:42:47,-40.5,
20250513,11:42:48,-39.9,
20250513,11:42:48,-39.5,
20250513,11:42:48,-39,
20250513,11:42:48,-38.6,
20250513,11:42:49,-38.3,
20250513,11:42:49,-37.7,
20250513,11:42:49,-37.3,
20250513,11:42:50,-36.8,
20250513,11:42:50,-36.4,
20250513,11:42:50,-35.9,
20250513,11:42:50,-35.6,
20250513,11:42:51,-35,
20250513,11:42:51,-34.7,
20250513,11:42:51,-34.1,
20250513,11:42:52,-33.8,
20250513,11:42:52,-33.3,
20250513,11:42:52,-32.9,
20250513,11:42:52,-32.5,
20250513,11:42:53,-32,
20250513,11:42:53,-31.5,
20250513,11:42:53,-31.3,
20250513,11:42:53,-30.8,
20250513,11:42:54,-30.5,
20250513,11:42:54,-30.1,
20250513,11:42:54,-29.8,
20250513,11:42:55,-29.5,
20250513,11:42:55,-29.1,
20250513,11:42:55,-28.9,
20250513,11:42:55,-28.6,
20250513,11:42:56,-28.2,
20250513,11:42:56,-28,
20250513,11:42:56,-27.7,
20250513,11:42:57,-27.4,
20250513,11:42:57,-27.2,
20250513,11:42:57,-26.8,
20250513,11:42:57,-26.6,
20250513,11:42:58,-26.4,
20250513,11:42:58,-26.3,
20250513,11:42:58,-26.1,
20250513,11:42:58,-25.9,
20250513,11:42:59,-25.7,
20250513,11:42:59,-25.6,
20250513,11:42:59,-25.5,
20250513,11:43:00,-25.5,
20250513,11:43:00,-25.5,
20250513,11:43:00,-25.3,
20250513,11:43:00,-25.2,
20250513,11:43:01,-25.1,
20250513,11:43:01,-24.9,
20250513,11:43:01,-24.8,
20250513,11:43:01,-24.6,
20250513,11:43:02,-24.6,
20250513,11:43:02,-24.5,
20250513,11:43:02,-24.3,
20250513,11:43:03,-24.4,
20250513,11:43:03,-24.4,
20250513,11:43:03,-24.9,
20250513,11:43:03,-27,
20250513,11:43:04,-31.2,
20250513,11:43:04,-36.9,
20250513,11:43:04,-41.7,
20250513,11:43:05,-44.6,
20250513,11:43:05,-46,
20250513,11:43:05,-46.5,
20250513,11:43:05,-46.6,
20250513,11:43:06,-46,
20250513,11:43:06,-45.1,
20250513,11:43:06,-44.3,
20250513,11:43:06,-43.4,
20250513,11:43:07,-42.7,
20250513,11:43:07,-41.9,
20250513,11:43:07,-41.5,
20250513,11:43:08,-41.2,
20250513,11:43:08,-41.1,
20250513,11:43:08,-40.9,
20250513,11:43:08,-40.2,
20250513,11:43:09,-39.6,
20250513,11:43:09,-39,
20250513,11:43:09,-38.3,
20250513,11:43:10,-37.8,
20250513,11:43:10,-37.2,
20250513,11:43:10,-36.6,
20250513,11:43:10,-36.3,
20250513,11:43:11,-35.7,
20250513,11:43:11,-35.3,
20250513,11:43:11,-34.9,
20250513,11:43:11,-35,
20250513,11:43:12,-36.7,
20250513,11:43:12,-39.5,
20250513,11:43:12,-41.8,
20250513,11:43:13,-42.8,
20250513,11:43:13,-43,
20250513,11:43:13,-43.6,
20250513,11:43:13,-46.4,
20250513,11:43:14,-49.4,
20250513,11:43:14,-48.1,
20250513,11:43:14,-45.2,
20250513,11:43:15,-43.2,
20250513,11:43:15,-42.4,
20250513,11:43:15,-42.5,
20250513,11:43:15,-43.1,
20250513,11:43:16,-43.7,
20250513,11:43:16,-44.3,
20250513,11:43:16,-44.3,
20250513,11:43:16,-44.2,
20250513,11:43:17,-43.5,
20250513,11:43:17,-43.1,
20250513,11:43:17,-42.6,
20250513,11:43:18,-41.9,
20250513,11:43:18,-41.4,
20250513,11:43:18,-40.8,
20250513,11:43:18,-40.2,
20250513,11:43:19,-39.8,
20250513,11:43:19,-39.3,
20250513,11:43:19,-39.4,
20250513,11:43:19,-40,
20250513,11:43:20,-41.6,
20250513,11:43:20,-43.2,
20250513,11:43:20,-43.8,
20250513,11:43:21,-44,
20250513,11:43:21,-43.9,
20250513,11:43:21,-43.4,
20250513,11:43:21,-42.9,
20250513,11:43:22,-42.4,
20250513,11:43:22,-41.7,
20250513,11:43:22,-41.1,
20250513,11:43:23,-40.6,
20250513,11:43:23,-40.2,
20250513,11:43:23,-39.9,
20250513,11:43:23,-39.3,
20250513,11:43:24,-39,
20250513,11:43:24,-38.6,
20250513,11:43:24,-38.1,
20250513,11:43:25,-37.8,
20250513,11:43:25,-37.5,
20250513,11:43:25,-37.2,
20250513,11:43:25,-36.9,
20250513,11:43:26,-36.6,
20250513,11:43:26,-36.3,
20250513,11:43:26,-36.1,
20250513,11:43:26,-35.8,
20250513,11:43:27,-35.6,
20250513,11:43:27,-35.2,
20250513,11:43:27,-35,
20250513,11:43:28,-34.7,
20250513,11:43:28,-34.4,
20250513,11:43:28,-34,
20250513,11:43:28,-33.9,
20250513,11:43:29,-33.5,
20250513,11:43:29,-33.3,
20250513,11:43:29,-33.3,
20250513,11:43:29,-33.2,
20250513,11:43:30,-33.2,
20250513,11:43:30,-33.2,
20250513,11:43:30,-32.9,
20250513,11:43:31,-32.6,
20250513,11:43:31,-32.3,
20250513,11:43:31,-32.2,
20250513,11:43:31,-32.1,
20250513,11:43:32,-32.1,
20250513,11:43:32,-31.9,
20250513,11:43:32,-31.9,
20250513,11:43:33,-31.7,
20250513,11:43:33,-31.6,
20250513,11:43:33,-31.7,
20250513,11:43:33,-31.5,
20250513,11:43:34,-31.4,
20250513,11:43:34,-31.2,
20250513,11:43:34,-31,
20250513,11:43:34,-30.9,
20250513,11:43:35,-30.7,
20250513,11:43:35,-30.7,
20250513,11:43:35,-30.7,
20250513,11:43:36,-30.7,
20250513,11:43:36,-30.6,
20250513,11:43:36,-30.6,
20250513,11:43:36,-30.5,
20250513,11:43:37,-30.3,
20250513,11:43:37,-30.2,
20250513,11:43:37,-30,
20250513,11:43:38,-29.9,
20250513,11:43:38,-29.8,
20250513,11:43:38,-29.7,
20250513,11:43:38,-29.6,
20250513,11:43:39,-29.4,
20250513,11:43:39,-29.3,
20250513,11:43:39,-29.1,
20250513,11:43:39,-29,
20250513,11:43:40,-28.9,
20250513,11:43:40,-28.9,
20250513,11:43:40,-28.7,
20250513,11:43:41,-28.6,
20250513,11:43:41,-28.5,
20250513,11:43:41,-28.4,
20250513,11:43:41,-28.3,
20250513,11:43:42,-28.1,
20250513,11:43:42,-28,
20250513,11:43:42,-27.9,
20250513,11:43:43,-27.8,
20250513,11:43:43,-27.7,
20250513,11:43:43,-27.6,
20250513,11:43:43,-27.6,
20250513,11:43:44,-27.6,
20250513,11:43:44,-27.7,
20250513,11:43:44,-28.1,
20250513,11:43:44,-28.9,
20250513,11:43:45,-29.8,
20250513,11:43:45,-30.5,
20250513,11:43:45,-30.9,
20250513,11:43:46,-31,
20250513,11:43:46,-31,
20250513,11:43:46,-30.8,
20250513,11:43:46,-30.7,
20250513,11:43:47,-31.3,
20250513,11:43:47,-32.3,
20250513,11:43:47,-33.3,
20250513,11:43:47,-33.8,
20250513,11:43:48,-34,
20250513,11:43:48,-34.1,
20250513,11:43:48,-34,
20250513,11:43:49,-34,
20250513,11:43:49,-35.3,
20250513,11:43:49,-37.7,
20250513,11:43:49,-39.7,
20250513,11:43:50,-40.9,
20250513,11:43:50,-41.7,
20250513,11:43:50,-42,
20250513,11:43:51,-42.5,
20250513,11:43:51,-43.1,
20250513,11:43:51,-43.7,
20250513,11:43:51,-44.3,
20250513,11:43:52,-44.7,
20250513,11:43:52,-45.1,
20250513,11:43:52,-45.6,
20250513,11:43:52,-46,
20250513,11:43:53,-46.4,
20250513,11:43:53,-46.4,
20250513,11:43:53,-46,
20250513,11:43:54,-45.5,
20250513,11:43:54,-45,
20250513,11:43:54,-44.3,
20250513,11:43:54,-44,
20250513,11:43:55,-43.4,
20250513,11:43:55,-43,
20250513,11:43:55,-42.7,
20250513,11:43:56,-42.4,
20250513,11:43:56,-42,
20250513,11:43:56,-41.8,
20250513,11:43:56,-41.5,
20250513,11:43:57,-41,
20250513,11:43:57,-40.9,
20250513,11:43:57,-40.3,
20250513,11:43:57,-40.2,
20250513,11:43:58,-39.7,
20250513,11:43:58,-39.3,
20250513,11:43:58,-39.1,
20250513,11:43:59,-38.5,
20250513,11:43:59,-38.3,
20250513,11:43:59,-37.7,
20250513,11:43:59,-37.3,
20250513,11:44:00,-36.8,
20250513,11:44:00,-36.6,
20250513,11:44:00,-36.1,
20250513,11:44:00,-36,
20250513,11:44:01,-35.5,
20250513,11:44:01,-35.1,
20250513,11:44:01,-34.9,
20250513,11:44:02,-34.6,
20250513,11:44:02,-34.3,
20250513,11:44:02,-34,
20250513,11:44:02,-33.6,
20250513,11:44:03,-33.2,
20250513,11:44:03,-32.8,
20250513,11:44:03,-32.5,
20250513,11:44:04,-32.3,
20250513,11:44:04,-31.9,
20250513,11:44:04,-31.7,
20250513,11:44:04,-31.5,
20250513,11:44:05,-31.1,
20250513,11:44:05,-30.9,
20250513,11:44:05,-30.6,
20250513,11:44:06,-30.4,
20250513,11:44:06,-30.1,
20250513,11:44:06,-29.8,
20250513,11:44:06,-29.6,
20250513,11:44:07,-29.3,
20250513,11:44:07,-29,
20250513,11:44:07,-28.7,
20250513,11:44:07,-28.5,
20250513,11:44:08,-28.2,
20250513,11:44:08,-28.3,
20250513,11:44:08,-28,
20250513,11:44:09,-27.7,
20250513,11:44:09,-27.5,
20250513,11:44:09,-27.2,
20250513,11:44:09,-27.1,
20250513,11:44:10,-27.1,
20250513,11:44:10,-26.9,
20250513,11:44:10,-26.6,
20250513,11:44:10,-26.5,
20250513,11:44:11,-26.3,
20250513,11:44:11,-26.3,
20250513,11:44:11,-26.2,
20250513,11:44:12,-25.9,
20250513,11:44:12,-25.8,
20250513,11:44:12,-25.7,
20250513,11:44:12,-25.5,
20250513,11:44:13,-25.4,
20250513,11:44:13,-25.4,
20250513,11:44:13,-25.2,
20250513,11:44:14,-25.1,
20250513,11:44:14,-24.8,
20250513,11:44:14,-24.8,
20250513,11:44:14,-24.7,
20250513,11:44:15,-24.6,
20250513,11:44:15,-24.5,
20250513,11:44:15,-24.6,
20250513,11:44:15,-24.5,
20250513,11:44:16,-24.2,
20250513,11:44:16,-24.1,
20250513,11:44:16,-24,
20250513,11:44:17,-23.9,
20250513,11:44:17,-23.9,
20250513,11:44:17,-23.8,
20250513,11:44:17,-23.7,
20250513,11:44:18,-23.8,
20250513,11:44:18,-23.9,
20250513,11:44:18,-24.6,
20250513,11:44:19,-26.3,
20250513,11:44:19,-28.5,
20250513,11:44:19,-32.2,
20250513,11:44:19,-37.8,
20250513,11:44:20,-41.9,
20250513,11:44:20,-42.9,
20250513,11:44:20,-41.6,
20250513,11:44:20,-39.9,
20250513,11:44:21,-39,
20250513,11:44:21,-39.4,
20250513,11:44:21,-40.6,
20250513,11:44:22,-42.2,
20250513,11:44:22,-43.4,
20250513,11:44:22,-44.3,
20250513,11:44:22,-44.9,
20250513,11:44:23,-45.1,
20250513,11:44:23,-44.9,
20250513,11:44:23,-44.5,
20250513,11:44:23,-44.1,
20250513,11:44:24,-43.5,
20250513,11:44:24,-42.8,
20250513,11:44:24,-42.5,
20250513,11:44:25,-41.7,
20250513,11:44:25,-41.3,
20250513,11:44:25,-40.8,
20250513,11:44:25,-40.3,
20250513,11:44:26,-40,
20250513,11:44:26,-39.7,
20250513,11:44:26,-39.2,
20250513,11:44:27,-38.9,
20250513,11:44:27,-38.4,
20250513,11:44:27,-38.3,
20250513,11:44:27,-37.6,
20250513,11:44:28,-37,
20250513,11:44:28,-36.6,
20250513,11:44:28,-36.1,
20250513,11:44:28,-35.5,
20250513,11:44:29,-35.2,
20250513,11:44:29,-34.7,
20250513,11:44:29,-34.1,
20250513,11:44:30,-33.6,
20250513,11:44:30,-33.2,
20250513,11:44:30,-32.6,
20250513,11:44:30,-32.2,
20250513,11:44:31,-31.6,
20250513,11:44:31,-31.3,
20250513,11:44:31,-30.7,
20250513,11:44:32,-30.5,
20250513,11:44:32,-30,
20250513,11:44:32,-29.7,
20250513,11:44:32,-29.3,
20250513,11:44:33,-28.9,
20250513,11:44:33,-28.6,
20250513,11:44:33,-28.2,
20250513,11:44:33,-28,
20250513,11:44:34,-27.6,
20250513,11:44:34,-27.2,
20250513,11:44:34,-27,
20250513,11:44:35,-26.7,
20250513,11:44:35,-26.3,
20250513,11:44:35,-26.1,
20250513,11:44:35,-25.8,
20250513,11:44:36,-25.5,
20250513,11:44:36,-25.4,
20250513,11:44:36,-25.2,
20250513,11:44:37,-24.9,
20250513,11:44:37,-24.7,
20250513,11:44:37,-24.6,
20250513,11:44:37,-24.3,
20250513,11:44:38,-24.1,
20250513,11:44:38,-23.9,
20250513,11:44:38,-23.7,
20250513,11:44:38,-23.6,
20250513,11:44:39,-23.3,
20250513,11:44:39,-23.2,
20250513,11:44:39,-23.1,
20250513,11:44:40,-22.9,
20250513,11:44:40,-22.9,
20250513,11:44:40,-22.6,
20250513,11:44:40,-22.5,
20250513,11:44:41,-22.4,
20250513,11:44:41,-22.3,
20250513,11:44:41,-22.1,
20250513,11:44:41,-22,
20250513,11:44:42,-22,
20250513,11:44:42,-21.8,
20250513,11:44:42,-21.7,
20250513,11:44:43,-21.6,
20250513,11:44:43,-21.4,
20250513,11:44:43,-21.3,
20250513,11:44:43,-21.2,
20250513,11:44:44,-21.2,
20250513,11:44:44,-21.1,
20250513,11:44:44,-20.9,
20250513,11:44:45,-20.9,
20250513,11:44:45,-20.7,
20250513,11:44:45,-20.7,
20250513,11:44:45,-20.6,
20250513,11:44:46,-20.5,
20250513,11:44:46,-20.4,
20250513,11:44:46,-20.4,
20250513,11:44:46,-20.4,
20250513,11:44:47,-20.3,
20250513,11:44:47,-20.3,
20250513,11:44:47,-20.2,
20250513,11:44:48,-20.1,
20250513,11:44:48,-20,
20250513,11:44:48,-20,
20250513,11:44:48,-19.9,
20250513,11:44:49,-19.9,
20250513,11:44:49,-19.8,
20250513,11:44:49,-19.7,
20250513,11:44:50,-19.6,
20250513,11:44:50,-19.7,
20250513,11:44:50,-19.6,
20250513,11:44:50,-19.6,
20250513,11:44:51,-19.5,
20250513,11:44:51,-19.5,
20250513,11:44:51,-19.5,
20250513,11:44:51,-19.5,
20250513,11:44:52,-19.4,
20250513,11:44:52,-19.4,
20250513,11:44:52,-19.3,
20250513,11:44:53,-19.2,
20250513,11:44:53,-19.2,
20250513,11:44:53,-19,
20250513,11:44:53,-19,
20250513,11:44:54,-19,
20250513,11:44:54,-18.9,
20250513,11:44:54,-18.9,
20250513,11:44:55,-18.8,
20250513,11:44:55,-18.8,
20250513,11:44:55,-18.7,
20250513,11:44:55,-18.7,
20250513,11:44:56,-18.7,
20250513,11:44:56,-18.7,
20250513,11:44:56,-18.6,
20250513,11:44:56,-18.5,
20250513,11:44:57,-18.6,
20250513,11:44:57,-18.4,
20250513,11:44:57,-18.4,
20250513,11:44:58,-18.3,
20250513,11:44:58,-18.3,
20250513,11:44:58,-18.3,
20250513,11:44:58,-18.1,
20250513,11:44:59,-18.1,
20250513,11:44:59,-18.1,
20250513,11:44:59,-18,
20250513,11:44:59,-18.1,
20250513,11:45:00,-18,
20250513,11:45:00,-17.9,
20250513,11:45:00,-17.9,
20250513,11:45:01,-17.9,
20250513,11:45:01,-17.9,
20250513,11:45:01,-17.9,
20250513,11:45:01,-17.9,
20250513,11:45:02,-17.8,
20250513,11:45:02,-17.8,
20250513,11:45:02,-17.8,
20250513,11:45:03,-17.8,
20250513,11:45:03,-17.7,
20250513,11:45:03,-17.7,
20250513,11:45:03,-17.7,
20250513,11:45:04,-17.7,
20250513,11:45:04,-17.6,
20250513,11:45:04,-17.6,
20250513,11:45:04,-17.7,
20250513,11:45:05,-17.6,
20250513,11:45:05,-17.6,
20250513,11:45:05,-17.6,
20250513,11:45:06,-17.6,
20250513,11:45:06,-17.5,
20250513,11:45:06,-17.5,
20250513,11:45:06,-17.5,
20250513,11:45:07,-17.5,
20250513,11:45:07,-17.5,
20250513,11:45:07,-17.5,
20250513,11:45:08,-17.5,
20250513,11:45:08,-17.5,
20250513,11:45:08,-17.5,
20250513,11:45:08,-17.4,
20250513,11:45:09,-17.4,
20250513,11:45:09,-17.4,
20250513,11:45:09,-17.4,
20250513,11:45:09,-17.4,
20250513,11:45:10,-17.5,
20250513,11:45:10,-17.8,
20250513,11:45:10,-18.7,
20250513,11:45:11,-19.7,
20250513,11:45:11,-20.7,
20250513,11:45:11,-21.9,
20250513,11:45:11,-22.7,
20250513,11:45:12,-23.4,
20250513,11:45:12,-24.1,
20250513,11:45:12,-25.5,
20250513,11:45:12,-27.1,
20250513,11:45:13,-28.2,
20250513,11:45:13,-28.9,
20250513,11:45:13,-29.4,
20250513,11:45:14,-30,
20250513,11:45:14,-30.6,
20250513,11:45:14,-31.3,
20250513,11:45:14,-31.6,
20250513,11:45:15,-31.8,
20250513,11:45:15,-31.9,
20250513,11:45:15,-32.3,
20250513,11:45:16,-32.8,
20250513,11:45:16,-33.4,
20250513,11:45:16,-33.8,
20250513,11:45:16,-34.2,
20250513,11:45:17,-34.5,
20250513,11:45:17,-34.5,
20250513,11:45:17,-34.4,
20250513,11:45:18,-34.4,
20250513,11:45:18,-34.4,
20250513,11:45:18,-34.5,
20250513,11:45:18,-34.5,
20250513,11:45:19,-34.5,
20250513,11:45:19,-34.4,
20250513,11:45:19,-34.3,
20250513,11:45:19,-34,
20250513,11:45:20,-33.7,
20250513,11:45:20,-33.5,
20250513,11:45:20,-33.2,
20250513,11:45:21,-32.8,
20250513,11:45:21,-32.4,
20250513,11:45:21,-32.3,
20250513,11:45:21,-32.1,
20250513,11:45:22,-32,
20250513,11:45:22,-31.9,
20250513,11:45:22,-31.8,
20250513,11:45:22,-31.7,
20250513,11:45:23,-31.4,
20250513,11:45:23,-31.3,
20250513,11:45:23,-31.2,
20250513,11:45:24,-30.9,
20250513,11:45:24,-30.6,
20250513,11:45:24,-30.5,
20250513,11:45:24,-30.2,
20250513,11:45:25,-30,
20250513,11:45:25,-29.8,
20250513,11:45:25,-29.7,
20250513,11:45:26,-29.4,
20250513,11:45:26,-29.2,
20250513,11:45:26,-28.9,
20250513,11:45:26,-28.7,
20250513,11:45:27,-28.6,
20250513,11:45:27,-28.4,
20250513,11:45:27,-28.3,
20250513,11:45:27,-28.3,
20250513,11:45:28,-28.3,
20250513,11:45:28,-28.3,
20250513,11:45:28,-28.3,
20250513,11:45:29,-28.2,
20250513,11:45:29,-28.1,
20250513,11:45:29,-27.9,
20250513,11:45:29,-27.9,
20250513,11:45:30,-27.7,
20250513,11:45:30,-27.4,
20250513,11:45:30,-27.2,
20250513,11:45:31,-27.1,
20250513,11:45:31,-26.8,
20250513,11:45:31,-26.6,
20250513,11:45:31,-26.3,
20250513,11:45:32,-26.3,
20250513,11:45:32,-26.2,
20250513,11:45:32,-26.1,
20250513,11:45:32,-26,
20250513,11:45:33,-25.8,
20250513,11:45:33,-25.7,
20250513,11:45:33,-26.1,
20250513,11:45:34,-28.3,
20250513,11:45:34,-32.9,
20250513,11:45:34,-37.9,
20250513,11:45:34,-40.3,
20250513,11:45:35,-41.6,
20250513,11:45:35,-41.5,
20250513,11:45:35,-40.3,
20250513,11:45:36,-39.2,
20250513,11:45:36,-38.9,
20250513,11:45:36,-39.1,
20250513,11:45:36,-39.8,
20250513,11:45:37,-40.7,
20250513,11:45:37,-41.5,
20250513,11:45:37,-41.9,
20250513,11:45:37,-42,
20250513,11:45:38,-41.9,
20250513,11:45:38,-41.7,
20250513,11:45:38,-41.5,
20250513,11:45:39,-41.2,
20250513,11:45:39,-40.9,
20250513,11:45:39,-40.8,
20250513,11:45:39,-40.8,
20250513,11:45:40,-40.9,
20250513,11:45:40,-40.9,
20250513,11:45:40,-40.9,
20250513,11:45:40,-40.7,
20250513,11:45:41,-40.5,
20250513,11:45:41,-40.3,
20250513,11:45:41,-40.1,
20250513,11:45:42,-39.8,
20250513,11:45:42,-39.5,
20250513,11:45:42,-39.4,
20250513,11:45:42,-39.2,
20250513,11:45:43,-39,
20250513,11:45:43,-39,
20250513,11:45:43,-38.8,
20250513,11:45:44,-38.8,
20250513,11:45:44,-38.9,
20250513,11:45:44,-39.2,
20250513,11:45:44,-39.3,
20250513,11:45:45,-39.6,
20250513,11:45:45,-40.4,
20250513,11:45:45,-41.9,
20250513,11:45:45,-43,
20250513,11:45:46,-43.4,
20250513,11:45:46,-43.4,
20250513,11:45:46,-43.1,
20250513,11:45:47,-43,
20250513,11:45:47,-43,
20250513,11:45:47,-43.2,
20250513,11:45:47,-43.2,
20250513,11:45:48,-43.1,
20250513,11:45:48,-42.7,
20250513,11:45:48,-42.6,
20250513,11:45:49,-42.4,
20250513,11:45:49,-42.1,
20250513,11:45:49,-41.7,
20250513,11:45:49,-41.5,
20250513,11:45:50,-41.2,
20250513,11:45:50,-41.2,
20250513,11:45:50,-42.9,
20250513,11:45:50,-46.5,
20250513,11:45:51,-48.4,
20250513,11:45:51,-46.3,
20250513,11:45:51,-43.9,
20250513,11:45:52,-42.7,
20250513,11:45:52,-42.6,
20250513,11:45:52,-43.1,
20250513,11:45:52,-44,
20250513,11:45:53,-44.7,
20250513,11:45:53,-45.1,
20250513,11:45:53,-45.4,
20250513,11:45:53,-45.5,
20250513,11:45:54,-45.5,
20250513,11:45:54,-45.4,
20250513,11:45:54,-45.4,
20250513,11:45:55,-45.3,
20250513,11:45:55,-45.1,
20250513,11:45:55,-44.9,
20250513,11:45:55,-44.7,
20250513,11:45:56,-44.5,
20250513,11:45:56,-44.3,
20250513,11:45:56,-44.3,
20250513,11:45:57,-44.1,
20250513,11:45:57,-43.9,
20250513,11:45:57,-43.7,
20250513,11:45:57,-43.6,
20250513,11:45:58,-43.4,
20250513,11:45:58,-43.2,
20250513,11:45:58,-43,
20250513,11:45:59,-42.8,
20250513,11:45:59,-42.6,
20250513,11:45:59,-42.6,
20250513,11:45:59,-42.3,
20250513,11:46:00,-42.1,
20250513,11:46:00,-42,
20250513,11:46:00,-41.8,
20250513,11:46:00,-41.7,
20250513,11:46:01,-41.6,
20250513,11:46:01,-41.3,
20250513,11:46:01,-41.1,
20250513,11:46:02,-40.9,
20250513,11:46:02,-40.8,
20250513,11:46:02,-40.6,
20250513,11:46:02,-40.3,
20250513,11:46:03,-40.1,
20250513,11:46:03,-40,
20250513,11:46:03,-39.7,
20250513,11:46:03,-39.4,
20250513,11:46:04,-39.2,
20250513,11:46:04,-39.1,
20250513,11:46:04,-39.1,
20250513,11:46:05,-39.2,
20250513,11:46:05,-39.2,
20250513,11:46:05,-39.2,
20250513,11:46:05,-39.1,
20250513,11:46:06,-38.8,
20250513,11:46:06,-38.6,
20250513,11:46:06,-38.3,
20250513,11:46:07,-38.1,
20250513,11:46:07,-37.9,
20250513,11:46:07,-37.6,
20250513,11:46:07,-37.4,
20250513,11:46:08,-37.1,
20250513,11:46:08,-36.9,
20250513,11:46:08,-36.6,
20250513,11:46:08,-36.4,
20250513,11:46:09,-36.1,
20250513,11:46:09,-36,
20250513,11:46:09,-35.7,
20250513,11:46:10,-35.5,
20250513,11:46:10,-35.2,
20250513,11:46:10,-35,
20250513,11:46:10,-34.6,
20250513,11:46:11,-34.5,
20250513,11:46:11,-34.2,
20250513,11:46:11,-34,
20250513,11:46:12,-33.9,
20250513,11:46:12,-33.7,
20250513,11:46:12,-33.4,
20250513,11:46:12,-33.2,
20250513,11:46:13,-33,
20250513,11:46:13,-32.7,
20250513,11:46:13,-32.5,
20250513,11:46:13,-32.2,
20250513,11:46:14,-32,
20250513,11:46:14,-31.7,
20250513,11:46:14,-31.5,
20250513,11:46:15,-31.3,
20250513,11:46:15,-31.1,
20250513,11:46:15,-30.8,
20250513,11:46:15,-30.6,
20250513,11:46:16,-30.4,
20250513,11:46:16,-30,
20250513,11:46:16,-29.9,
20250513,11:46:17,-29.6,
20250513,11:46:17,-29.4,
20250513,11:46:17,-29.2,
20250513,11:46:17,-29,
20250513,11:46:18,-28.9,
20250513,11:46:18,-28.7,
20250513,11:46:18,-28.4,
20250513,11:46:18,-28.2,
20250513,11:46:19,-28,
20250513,11:46:19,-27.8,
20250513,11:46:19,-27.5,
20250513,11:46:20,-27.3,
20250513,11:46:20,-27.2,
20250513,11:46:20,-27,
20250513,11:46:20,-26.7,
20250513,11:46:21,-26.6,
20250513,11:46:21,-26.5,
20250513,11:46:21,-26.3,
20250513,11:46:21,-26.2,
20250513,11:46:22,-26,
20250513,11:46:22,-25.8,
20250513,11:46:22,-25.5,
20250513,11:46:23,-25.5,
20250513,11:46:23,-25.2,
20250513,11:46:23,-25.1,
20250513,11:46:23,-25,
20250513,11:46:24,-24.8,
20250513,11:46:24,-24.6,
20250513,11:46:24,-24.5,
20250513,11:46:25,-24.2,
20250513,11:46:25,-24.1,
20250513,11:46:25,-23.9,
20250513,11:46:25,-23.8,
20250513,11:46:26,-23.7,
20250513,11:46:26,-23.6,
20250513,11:46:26,-23.6,
20250513,11:46:26,-23.6,
20250513,11:46:27,-23.4,
20250513,11:46:27,-23.3,
20250513,11:46:27,-23.2,
20250513,11:46:28,-23,
20250513,11:46:28,-22.9,
20250513,11:46:28,-22.8,
20250513,11:46:28,-22.7,
20250513,11:46:29,-22.6,
20250513,11:46:29,-22.5,
20250513,11:46:29,-22.5,
20250513,11:46:30,-22.9,
20250513,11:46:30,-23.7,
20250513,11:46:30,-24.7,
20250513,11:46:30,-25.6,
20250513,11:46:31,-26.3,
20250513,11:46:31,-26.7,
20250513,11:46:31,-26.8,
20250513,11:46:31,-26.8,
20250513,11:46:32,-26.5,
20250513,11:46:32,-26.3,
20250513,11:46:32,-26.1,
20250513,11:46:33,-25.8,
20250513,11:46:33,-25.6,
20250513,11:46:33,-25.4,
20250513,11:46:33,-25.2,
20250513,11:46:34,-24.7,
20250513,11:46:34,-24.6,
20250513,11:46:34,-24.4,
20250513,11:46:34,-24.1,
20250513,11:46:35,-23.9,
20250513,11:46:35,-23.8,
20250513,11:46:35,-23.6,
20250513,11:46:36,-23.5,
20250513,11:46:36,-23.3,
20250513,11:46:36,-23.1,
20250513,11:46:36,-22.9,
20250513,11:46:37,-22.9,
20250513,11:46:37,-22.7,
20250513,11:46:37,-22.5,
20250513,11:46:38,-22.3,
20250513,11:46:38,-22.1,
20250513,11:46:38,-22.1,
20250513,11:46:38,-21.9,
20250513,11:46:39,-21.7,
20250513,11:46:39,-21.6,
20250513,11:46:39,-21.4,
20250513,11:46:40,-21.3,
20250513,11:46:40,-21.2,
20250513,11:46:40,-21.1,
20250513,11:46:40,-21,
20250513,11:46:41,-20.9,
20250513,11:46:41,-20.7,
20250513,11:46:41,-20.6,
20250513,11:46:41,-20.4,
20250513,11:46:42,-20.4,
20250513,11:46:42,-20.3,
20250513,11:46:42,-20.1,
20250513,11:46:43,-20,
20250513,11:46:43,-19.9,
20250513,11:46:43,-19.8,
20250513,11:46:43,-19.7,
20250513,11:46:44,-19.5,
20250513,11:46:44,-19.5,
20250513,11:46:44,-19.4,
20250513,11:46:44,-19.3,
20250513,11:46:45,-19.1,
20250513,11:46:45,-19,
20250513,11:46:45,-18.9,
20250513,11:46:46,-18.8,
20250513,11:46:46,-18.7,
20250513,11:46:46,-18.7,
20250513,11:46:46,-18.6,
20250513,11:46:47,-18.4,
20250513,11:46:47,-18.4,
20250513,11:46:47,-18.3,
20250513,11:46:48,-18.2,
20250513,11:46:48,-18.1,
20250513,11:46:48,-18,
20250513,11:46:48,-17.9,
20250513,11:46:49,-17.8,
20250513,11:46:49,-17.8,
20250513,11:46:49,-17.8,
20250513,11:46:49,-17.7,
20250513,11:46:50,-17.7,
20250513,11:46:50,-17.6,
20250513,11:46:50,-17.5,
20250513,11:46:51,-17.4,
20250513,11:46:51,-17.4,
20250513,11:46:51,-17.3,
20250513,11:46:51,-17.2,
20250513,11:46:52,-17.1,
20250513,11:46:52,-17,
20250513,11:46:52,-17,
20250513,11:46:53,-17,
20250513,11:46:53,-16.9,
20250513,11:46:53,-16.9,
20250513,11:46:53,-16.9,
20250513,11:46:54,-16.9,
20250513,11:46:54,-16.8,
20250513,11:46:54,-16.7,
20250513,11:46:54,-16.7,
20250513,11:46:55,-16.6,
20250513,11:46:55,-16.6,
20250513,11:46:55,-16.6,
20250513,11:46:56,-16.5,
20250513,11:46:56,-16.5,
20250513,11:46:56,-16.5,
20250513,11:46:56,-16.4,
20250513,11:46:57,-16.3,
20250513,11:46:57,-16.4,
20250513,11:46:57,-16.4,
20250513,11:46:58,-16.5,
20250513,11:46:58,-16.4,
20250513,11:46:58,-16.5,
20250513,11:46:58,-16.4,
20250513,11:46:59,-16.4,
20250513,11:46:59,-16.4,
20250513,11:46:59,-16.3,
20250513,11:46:59,-16.2,
20250513,11:47:00,-16.2,
20250513,11:47:00,-16.1,
20250513,11:47:00,-16.1,
20250513,11:47:01,-16.1,
20250513,11:47:01,-16.1,
20250513,11:47:01,-16,
20250513,11:47:01,-16.1,
20250513,11:47:02,-16.4,
20250513,11:47:02,-16.7,
20250513,11:47:02,-16.9,
20250513,11:47:02,-17,
20250513,11:47:03,-17.2,
20250513,11:47:03,-17.4,
20250513,11:47:03,-17.8,
20250513,11:47:04,-18.3,
20250513,11:47:04,-18.8,
20250513,11:47:04,-19.4,
20250513,11:47:04,-19.8,
20250513,11:47:05,-20.2,
20250513,11:47:05,-20.5,
20250513,11:47:05,-20.6,
20250513,11:47:06,-20.6,
20250513,11:47:06,-20.7,
20250513,11:47:06,-20.8,
20250513,11:47:06,-21,
20250513,11:47:07,-21.4,
20250513,11:47:07,-22.6,
20250513,11:47:07,-24.2,
20250513,11:47:07,-26.3,
20250513,11:47:08,-27.7,
20250513,11:47:08,-28.7,
20250513,11:47:08,-29.5,
20250513,11:47:09,-30,
20250513,11:47:09,-30.6,
20250513,11:47:09,-30.9,
20250513,11:47:09,-31.3,
20250513,11:47:10,-31.4,
20250513,11:47:10,-31.3,
20250513,11:47:10,-31.2,
20250513,11:47:11,-30.9,
20250513,11:47:11,-30.6,
20250513,11:47:11,-30.5,
20250513,11:47:11,-30.3,
20250513,11:47:12,-30.2,
20250513,11:47:12,-30,
20250513,11:47:12,-29.8,
20250513,11:47:12,-29.6,
20250513,11:47:13,-29.6,
20250513,11:47:13,-29.4,
20250513,11:47:13,-29.3,
20250513,11:47:14,-29.2,
20250513,11:47:14,-28.9,
20250513,11:47:14,-28.9,
20250513,11:47:14,-28.7,
20250513,11:47:15,-28.5,
20250513,11:47:15,-28.3,
20250513,11:47:15,-28.1,
20250513,11:47:15,-27.9,
20250513,11:47:16,-27.7,
20250513,11:47:16,-27.5,
20250513,11:47:16,-27.3,
20250513,11:47:17,-27.1,
20250513,11:47:17,-26.9,
20250513,11:47:17,-26.6,
20250513,11:47:17,-26.6,
20250513,11:47:18,-26.7,
20250513,11:47:18,-27,
20250513,11:47:18,-27,
20250513,11:47:19,-27,
20250513,11:47:19,-26.8,
20250513,11:47:19,-26.7,
20250513,11:47:19,-26.6,
20250513,11:47:20,-26.4,
20250513,11:47:20,-26.3,
20250513,11:47:20,-26,
20250513,11:47:21,-25.7,
20250513,11:47:21,-25.5,
20250513,11:47:21,-25.4,
20250513,11:47:21,-25.2,
20250513,11:47:22,-25.1,
20250513,11:47:22,-24.9,
20250513,11:47:22,-24.7,
20250513,11:47:22,-24.7,
20250513,11:47:23,-24.8,
20250513,11:47:23,-25,
20250513,11:47:23,-25.2,
20250513,11:47:24,-25.5,
20250513,11:47:24,-25.7,
20250513,11:47:24,-25.6,
20250513,11:47:24,-25.5,
20250513,11:47:25,-25.4,
20250513,11:47:25,-25.3,
20250513,11:47:25,-25.5,
20250513,11:47:25,-25.8,
20250513,11:47:26,-26.2,
20250513,11:47:26,-26.5,
20250513,11:47:26,-26.5,
20250513,11:47:27,-26.5,
20250513,11:47:27,-26.5,
20250513,11:47:27,-26.3,
20250513,11:47:27,-26.2,
20250513,11:47:28,-26.2,
20250513,11:47:28,-26.1,
20250513,11:47:28,-25.9,
20250513,11:47:29,-25.8,
20250513,11:47:29,-25.7,
20250513,11:47:29,-25.5,
20250513,11:47:29,-25.4,
20250513,11:47:30,-25.3,
20250513,11:47:30,-25,
20250513,11:47:30,-24.8,
20250513,11:47:30,-24.7,
20250513,11:47:31,-24.6,
20250513,11:47:31,-24.4,
20250513,11:47:31,-24.2,
20250513,11:47:32,-24,
20250513,11:47:32,-23.8,
20250513,11:47:32,-23.7,
20250513,11:47:32,-23.5,
20250513,11:47:33,-23.4,
20250513,11:47:33,-23.2,
20250513,11:47:33,-23.2,
20250513,11:47:34,-23.3,
20250513,11:47:34,-23.2,
20250513,11:47:34,-23.1,
20250513,11:47:34,-23,
20250513,11:47:35,-22.9,
20250513,11:47:35,-22.9,
20250513,11:47:35,-22.7,
20250513,11:47:35,-22.5,
20250513,11:47:36,-22.4,
20250513,11:47:36,-22.3,
20250513,11:47:36,-22.2,
20250513,11:47:37,-22.1,
20250513,11:47:37,-22.1,
20250513,11:47:37,-22.1,
20250513,11:47:37,-22.1,
20250513,11:47:38,-22,
20250513,11:47:38,-21.8,
20250513,11:47:38,-21.6,
20250513,11:47:38,-21.5,
20250513,11:47:39,-21.2,
20250513,11:47:39,-21.2,
20250513,11:47:39,-21.2,
20250513,11:47:40,-21.2,
20250513,11:47:40,-21,
20250513,11:47:40,-20.9,
20250513,11:47:40,-20.7,
20250513,11:47:41,-20.5,
20250513,11:47:41,-20.4,
20250513,11:47:41,-20.3,
20250513,11:47:42,-20.2,
20250513,11:47:42,-20.1,
20250513,11:47:42,-19.9,
20250513,11:47:42,-19.7,
20250513,11:47:43,-19.6,
20250513,11:47:43,-19.5,
20250513,11:47:43,-19.5,
20250513,11:47:43,-19.4,
20250513,11:47:44,-19.2,
20250513,11:47:44,-19.1,
20250513,11:47:44,-19,
20250513,11:47:45,-19.1,
20250513,11:47:45,-20,
20250513,11:47:45,-21.4,
20250513,11:47:45,-23.2,
20250513,11:47:46,-25,
20250513,11:47:46,-26.6,
20250513,11:47:46,-28.3,
20250513,11:47:47,-29.4,
20250513,11:47:47,-30.1,
20250513,11:47:47,-30.6,
20250513,11:47:47,-30.7,
20250513,11:47:48,-30.9,
20250513,11:47:48,-30.9,
20250513,11:47:48,-30.9,
20250513,11:47:48,-30.7,
20250513,11:47:49,-30.6,
20250513,11:47:49,-30.4,
20250513,11:47:49,-30.3,
20250513,11:47:50,-30.1,
20250513,11:47:50,-30,
20250513,11:47:50,-29.8,
20250513,11:47:50,-29.8,
20250513,11:47:51,-29.6,
20250513,11:47:51,-29.4,
20250513,11:47:51,-29.3,
20250513,11:47:52,-29.2,
20250513,11:47:52,-29.2,
20250513,11:47:52,-28.9,
20250513,11:47:52,-28.7,
20250513,11:47:53,-28.5,
20250513,11:47:53,-28.2,
20250513,11:47:53,-27.9,
20250513,11:47:53,-27.7,
20250513,11:47:54,-27.4,
20250513,11:47:54,-27.2,
20250513,11:47:54,-26.9,
20250513,11:47:55,-26.6,
20250513,11:47:55,-26.5,
20250513,11:47:55,-26.3,
20250513,11:47:55,-26,
20250513,11:47:56,-25.7,
20250513,11:47:56,-25.5,
20250513,11:47:56,-25.2,
20250513,11:47:56,-25,
20250513,11:47:57,-24.6,
20250513,11:47:57,-24.4,
20250513,11:47:57,-24,
20250513,11:47:58,-23.8,
20250513,11:47:58,-23.6,
20250513,11:47:58,-23.5,
20250513,11:47:58,-23.4,
20250513,11:47:59,-23.1,
20250513,11:47:59,-22.9,
20250513,11:47:59,-22.7,
20250513,11:48:00,-22.5,
20250513,11:48:00,-22.2,
20250513,11:48:00,-22.2,
20250513,11:48:00,-21.9,
20250513,11:48:01,-21.8,
20250513,11:48:01,-21.5,
20250513,11:48:01,-21.2,
20250513,11:48:01,-21.1,
20250513,11:48:02,-20.9,
20250513,11:48:02,-20.7,
20250513,11:48:02,-20.9,
20250513,11:48:03,-21.2,
20250513,11:48:03,-21.8,
20250513,11:48:03,-22.5,
20250513,11:48:03,-22.9,
20250513,11:48:04,-23.3,
20250513,11:48:04,-23.5,
20250513,11:48:04,-23.6,
20250513,11:48:05,-23.5,
20250513,11:48:05,-23.2,
20250513,11:48:05,-23,
20250513,11:48:05,-22.9,
20250513,11:48:06,-22.9,
20250513,11:48:06,-22.8,
20250513,11:48:06,-22.5,
20250513,11:48:06,-22.3,
20250513,11:48:07,-22.1,
20250513,11:48:07,-21.9,
20250513,11:48:07,-21.7,
20250513,11:48:08,-21.5,
20250513,11:48:08,-21.2,
20250513,11:48:08,-21.1,
20250513,11:48:08,-20.9,
20250513,11:48:09,-20.7,
20250513,11:48:09,-20.6,
20250513,11:48:09,-20.4,
20250513,11:48:10,-20.2,
20250513,11:48:10,-19.9,
20250513,11:48:10,-19.8,
20250513,11:48:10,-19.6,
20250513,11:48:11,-19.4,
20250513,11:48:11,-19.3,
20250513,11:48:11,-19.2,
20250513,11:48:11,-19.2,
20250513,11:48:12,-19.7,
20250513,11:48:12,-20.5,
20250513,11:48:12,-21.8,
20250513,11:48:13,-23.2,
20250513,11:48:13,-25.7,
20250513,11:48:13,-28.9,
20250513,11:48:13,-31.7,
20250513,11:48:14,-33.2,
20250513,11:48:14,-34.1,
20250513,11:48:14,-34.7,
20250513,11:48:14,-34.9,
20250513,11:48:15,-35.2,
20250513,11:48:15,-35,
20250513,11:48:15,-35,
20250513,11:48:16,-34.7,
20250513,11:48:16,-34.3,
20250513,11:48:16,-34,
20250513,11:48:16,-33.5,
20250513,11:48:17,-33.2,
20250513,11:48:17,-32.9,
20250513,11:48:17,-32.7,
20250513,11:48:18,-32.8,
20250513,11:48:18,-32.9,
20250513,11:48:18,-32.8,
20250513,11:48:18,-32.7,
20250513,11:48:19,-32.3,
20250513,11:48:19,-31.9,
20250513,11:48:19,-31.5,
20250513,11:48:19,-31.2,
20250513,11:48:20,-30.8,
20250513,11:48:20,-30.3,
20250513,11:48:20,-30.1,
20250513,11:48:21,-29.7,
20250513,11:48:21,-29.3,
20250513,11:48:21,-28.9,
20250513,11:48:21,-28.6,
20250513,11:48:22,-28.2,
20250513,11:48:22,-28,
20250513,11:48:22,-27.6,
20250513,11:48:23,-27.3,
20250513,11:48:23,-27.1,
20250513,11:48:23,-26.7,
20250513,11:48:23,-26.4,
20250513,11:48:24,-26.2,
20250513,11:48:24,-25.6,
20250513,11:48:24,-25.5,
20250513,11:48:24,-25.3,
20250513,11:48:25,-24.9,
20250513,11:48:25,-24.6,
20250513,11:48:25,-24.3,
20250513,11:48:26,-24,
20250513,11:48:26,-23.8,
20250513,11:48:26,-23.4,
20250513,11:48:26,-23.1,
20250513,11:48:27,-22.8,
20250513,11:48:27,-22.5,
20250513,11:48:27,-22.1,
20250513,11:48:27,-22.1,
20250513,11:48:28,-21.6,
20250513,11:48:28,-21.5,
20250513,11:48:28,-21.1,
20250513,11:48:29,-21,
20250513,11:48:29,-20.8,
20250513,11:48:29,-20.4,
20250513,11:48:29,-20.2,
20250513,11:48:30,-20.1,
20250513,11:48:30,-19.7,
20250513,11:48:30,-19.5,
20250513,11:48:31,-19.4,
20250513,11:48:31,-19.2,
20250513,11:48:31,-19.3,
20250513,11:48:31,-19.9,
20250513,11:48:32,-20.5,
20250513,11:48:32,-21.3,
20250513,11:48:32,-22,
20250513,11:48:33,-22.3,
20250513,11:48:33,-22.6,
20250513,11:48:33,-22.5,
20250513,11:48:33,-22.3,
20250513,11:48:34,-22.2,
20250513,11:48:34,-21.9,
20250513,11:48:34,-21.6,
20250513,11:48:34,-21.5,
20250513,11:48:35,-21.2,
20250513,11:48:35,-21.1,
20250513,11:48:35,-20.9,
20250513,11:48:36,-20.7,
20250513,11:48:36,-20.6,
20250513,11:48:36,-20.5,
20250513,11:48:36,-20.6,
20250513,11:48:37,-20.4,
20250513,11:48:37,-20.4,
20250513,11:48:37,-20.1,
20250513,11:48:37,-20,
20250513,11:48:38,-19.9,
20250513,11:48:38,-19.7,
20250513,11:48:38,-19.6,
20250513,11:48:39,-19.5,
20250513,11:48:39,-19.4,
20250513,11:48:39,-19.3,
20250513,11:48:39,-19.2,
20250513,11:48:40,-19.1,
20250513,11:48:40,-19.2,
20250513,11:48:40,-19,
20250513,11:48:41,-19,
20250513,11:48:41,-18.9,
20250513,11:48:41,-18.7,
20250513,11:48:41,-18.6,
20250513,11:48:42,-18.6,
20250513,11:48:42,-18.3,
20250513,11:48:42,-18.2,
20250513,11:48:42,-18.1,
20250513,11:48:43,-18.2,
20250513,11:48:43,-18.6,
20250513,11:48:43,-19.7,
20250513,11:48:44,-21.3,
20250513,11:48:44,-23.1,
20250513,11:48:44,-24.7,
20250513,11:48:44,-25.9,
20250513,11:48:45,-26.6,
20250513,11:48:45,-26.7,
20250513,11:48:45,-26.7,
20250513,11:48:46,-26.6,
20250513,11:48:46,-26.6,
20250513,11:48:46,-26.8,
20250513,11:48:46,-27.1,
20250513,11:48:47,-27.6,
20250513,11:48:47,-28,
20250513,11:48:47,-28.4,
20250513,11:48:48,-28.5,
20250513,11:48:48,-28.5,
20250513,11:48:48,-28.4,
20250513,11:48:48,-28.3,
20250513,11:48:49,-28.1,
20250513,11:48:49,-28,
20250513,11:48:49,-27.9,
20250513,11:48:49,-27.7,
20250513,11:48:50,-27.4,
20250513,11:48:50,-27.2,
20250513,11:48:50,-27.2,
20250513,11:48:51,-27,
20250513,11:48:51,-26.8,
20250513,11:48:51,-26.6,
20250513,11:48:51,-26.3,
20250513,11:48:52,-26.3,
20250513,11:48:52,-26,
20250513,11:48:52,-25.6,
20250513,11:48:52,-25.6,
20250513,11:48:53,-25.5,
20250513,11:48:53,-25.4,
20250513,11:48:53,-25.1,
20250513,11:48:54,-24.9,
20250513,11:48:54,-24.7,
20250513,11:48:54,-24.6,
20250513,11:48:54,-24.2,
20250513,11:48:55,-24.1,
20250513,11:48:55,-23.8,
20250513,11:48:55,-23.6,
20250513,11:48:55,-23.3,
20250513,11:48:56,-23,
20250513,11:48:56,-22.9,
20250513,11:48:56,-22.6,
20250513,11:48:57,-22.4,
20250513,11:48:57,-22,
20250513,11:48:57,-21.9,
20250513,11:48:57,-21.6,
20250513,11:48:58,-21.4,
20250513,11:48:58,-21.2,
20250513,11:48:58,-20.9,
20250513,11:48:59,-20.5,
20250513,11:48:59,-20.2,
20250513,11:48:59,-20.2,
20250513,11:48:59,-19.9,
20250513,11:49:00,-19.7,
20250513,11:49:00,-19.5,
20250513,11:49:00,-19.4,
20250513,11:49:00,-19.2,
20250513,11:49:01,-18.9,
20250513,11:49:01,-18.7,
20250513,11:49:01,-18.5,
20250513,11:49:02,-18.3,
20250513,11:49:02,-18.1,
20250513,11:49:02,-17.9,
20250513,11:49:02,-17.8,
20250513,11:49:03,-17.6,
20250513,11:49:03,-17.4,
20250513,11:49:03,-17.2,
20250513,11:49:04,-17.1,
20250513,11:49:04,-16.9,
20250513,11:49:04,-16.7,
20250513,11:49:04,-16.6,
20250513,11:49:05,-16.4,
20250513,11:49:05,-16.2,
20250513,11:49:05,-16.1,
20250513,11:49:05,-16.1,
20250513,11:49:06,-15.8,
20250513,11:49:06,-15.5,
20250513,11:49:06,-15.5,
20250513,11:49:07,-15.4,
20250513,11:49:07,-15.2,
20250513,11:49:07,-15,
20250513,11:49:07,-15.1,
20250513,11:49:08,-14.9,
20250513,11:49:08,-14.8,
20250513,11:49:08,-14.6,
20250513,11:49:08,-14.5,
20250513,11:49:09,-14.4,
20250513,11:49:09,-14.4,
20250513,11:49:09,-14.4,
20250513,11:49:10,-14.1,
20250513,11:49:10,-14,
20250513,11:49:10,-13.9,
20250513,11:49:10,-13.9,
20250513,11:49:11,-13.7,
20250513,11:49:11,-13.6,
20250513,11:49:11,-13.6,
20250513,11:49:12,-13.5,
20250513,11:49:12,-13.4,
20250513,11:49:12,-13.4,
20250513,11:49:12,-13.2,
20250513,11:49:13,-13.2,
20250513,11:49:13,-13,
20250513,11:49:13,-13,
20250513,11:49:14,-12.9,
20250513,11:49:14,-12.7,
20250513,11:49:14,-12.7,
20250513,11:49:14,-12.6,
20250513,11:49:15,-12.5,
20250513,11:49:15,-12.4,
20250513,11:49:15,-12.4,
20250513,11:49:15,-12.2,
20250513,11:49:16,-12.2,
20250513,11:49:16,-12.1,
20250513,11:49:16,-12.2,
20250513,11:49:17,-12.2,
20250513,11:49:17,-12.3,
20250513,11:49:17,-12.3,
20250513,11:49:17,-12.3,
20250513,11:49:18,-12.2,
20250513,11:49:18,-12.2,
20250513,11:49:18,-12.3,
20250513,11:49:18,-12.2,
20250513,11:49:19,-12.2,
20250513,11:49:19,-12.1,
20250513,11:49:19,-12,
20250513,11:49:20,-12,
20250513,11:49:20,-12,
20250513,11:49:20,-12,
20250513,11:49:20,-12.2,
20250513,11:49:21,-12.1,
20250513,11:49:21,-12.2,
20250513,11:49:21,-12.3,
20250513,11:49:22,-12.3,
20250513,11:49:22,-12.2,
20250513,11:49:22,-12.2,
20250513,11:49:22,-12.2,
20250513,11:49:23,-12.1,
20250513,11:49:23,-12.1,
20250513,11:49:23,-12,
20250513,11:49:23,-11.9,
20250513,11:49:24,-11.8,
20250513,11:49:24,-11.8,
20250513,11:49:24,-11.7,
20250513,11:49:25,-11.8,
20250513,11:49:25,-11.7,
20250513,11:49:25,-11.7,
20250513,11:49:25,-11.6,
20250513,11:49:26,-11.5,
20250513,11:49:26,-11.4,
20250513,11:49:26,-11.5,
20250513,11:49:27,-11.3,
20250513,11:49:27,-11.3,
20250513,11:49:27,-11.2,
20250513,11:49:27,-11.2,
20250513,11:49:28,-11.2,
20250513,11:49:28,-11,
20250513,11:49:28,-11,
20250513,11:49:28,-11,
20250513,11:49:29,-11,
20250513,11:49:29,-11,
20250513,11:49:29,-11,
20250513,11:49:30,-11,
20250513,11:49:30,-11,
20250513,11:49:30,-11,
20250513,11:49:30,-11,
20250513,11:49:31,-11,
20250513,11:49:31,-11.1,
20250513,11:49:31,-11.1,
20250513,11:49:32,-11.1,
20250513,11:49:32,-11,
20250513,11:49:32,-11,
20250513,11:49:32,-11,
20250513,11:49:33,-10.9,
20250513,11:49:33,-10.9,
20250513,11:49:33,-10.8,
20250513,11:49:33,-10.7,
20250513,11:49:34,-10.7,
20250513,11:49:34,-10.6,
20250513,11:49:34,-10.6,
20250513,11:49:35,-10.6,
20250513,11:49:35,-10.6,
20250513,11:49:35,-10.5,
20250513,11:49:35,-10.4,
20250513,11:49:36,-10.2,
20250513,11:49:36,-10.2,
20250513,11:49:36,-10.1,
20250513,11:49:36,-10.1,
20250513,11:49:37,-10.1,
20250513,11:49:37,-10.1,
20250513,11:49:37,-10.1,
20250513,11:49:38,-10,
20250513,11:49:38,-10,
20250513,11:49:38,-9.9,
20250513,11:49:38,-9.9,
20250513,11:49:39,-9.9,
20250513,11:49:39,-9.8,
20250513,11:49:39,-9.8,
20250513,11:49:40,-9.6,
20250513,11:49:40,-9.7,
20250513,11:49:40,-9.7,
20250513,11:49:40,-9.7,
20250513,11:49:41,-9.7,
20250513,11:49:41,-9.6,
20250513,11:49:41,-9.6,
20250513,11:49:41,-9.6,
20250513,11:49:42,-9.5,
20250513,11:49:42,-9.5,
20250513,11:49:42,-9.4,
20250513,11:49:43,-9.5,
20250513,11:49:43,-9.5,
20250513,11:49:43,-9.5,
20250513,11:49:43,-9.7,
20250513,11:49:44,-9.7,
20250513,11:49:44,-9.7,
20250513,11:49:44,-9.7,
20250513,11:49:44,-9.6,
20250513,11:49:45,-9.5,
20250513,11:49:45,-9.7,
20250513,11:49:45,-9.6,
20250513,11:49:46,-9.5,
20250513,11:49:46,-9.4,
20250513,11:49:46,-9.4,
20250513,11:49:46,-9.4,
20250513,11:49:47,-9.4,
20250513,11:49:47,-9.6,
20250513,11:49:47,-9.8,
20250513,11:49:48,-9.8,
20250513,11:49:48,-9.7,
20250513,11:49:48,-9.6,
20250513,11:49:48,-9.6,
20250513,11:49:49,-9.6,
20250513,11:49:49,-9.4,
20250513,11:49:49,-9.4,
20250513,11:49:49,-9.4,
20250513,11:49:50,-9.3,
20250513,11:49:50,-9.3,
20250513,11:49:50,-9.3,
20250513,11:49:51,-9.3,
20250513,11:49:51,-9.3,
20250513,11:49:51,-9.4,
20250513,11:49:51,-9.8,
20250513,11:49:52,-10,
20250513,11:49:52,-10.1,
20250513,11:49:52,-10.1,
20250513,11:49:53,-10.2,
20250513,11:49:53,-10.6,
20250513,11:49:53,-11.8,
20250513,11:49:53,-13.4,
20250513,11:49:54,-15.3,
20250513,11:49:54,-17.3,
20250513,11:49:54,-18.7,
20250513,11:49:54,-19.5,
20250513,11:49:55,-20.3,
20250513,11:49:55,-21.9,
20250513,11:49:55,-23.8,
20250513,11:49:56,-25.5,
20250513,11:49:56,-27,
20250513,11:49:56,-28.2,
20250513,11:49:56,-29.8,
20250513,11:49:57,-31.4,
20250513,11:49:57,-32.8,
20250513,11:49:57,-34,
20250513,11:49:57,-35.4,
20250513,11:49:58,-36.6,
20250513,11:49:58,-37.4,
20250513,11:49:58,-38.2,
20250513,11:49:59,-39,
20250513,11:49:59,-39.6,
20250513,11:49:59,-40.1,
20250513,11:49:59,-40.5,
20250513,11:50:00,-40.8,
20250513,11:50:00,-40.9,
20250513,11:50:00,-41,
20250513,11:50:01,-41,
20250513,11:50:01,-41.1,
20250513,11:50:01,-41.3,
20250513,11:50:01,-41.3,
20250513,11:50:02,-41.5,
20250513,11:50:02,-41.2,
20250513,11:50:02,-41.2,
20250513,11:50:02,-40.9,
20250513,11:50:03,-40.8,
20250513,11:50:03,-40.5,
20250513,11:50:03,-40.3,
20250513,11:50:04,-40,
20250513,11:50:04,-39.7,
20250513,11:50:04,-39.4,
20250513,11:50:04,-38.9,
20250513,11:50:05,-38.6,
20250513,11:50:05,-38.2,
20250513,11:50:05,-37.7,
20250513,11:50:06,-37.3,
20250513,11:50:06,-36.9,
20250513,11:50:06,-36.5,
20250513,11:50:06,-36,
20250513,11:50:07,-35.7,
20250513,11:50:07,-35.3,
20250513,11:50:07,-34.9,
20250513,11:50:07,-34.7,
20250513,11:50:08,-34.3,
20250513,11:50:08,-33.9,
20250513,11:50:08,-33.5,
20250513,11:50:09,-33.1,
20250513,11:50:09,-32.7,
20250513,11:50:09,-32.2,
20250513,11:50:09,-31.8,
20250513,11:50:10,-31.4,
20250513,11:50:10,-31,
20250513,11:50:10,-30.6,
20250513,11:50:11,-30.2,
20250513,11:50:11,-29.8,
20250513,11:50:11,-29.4,
20250513,11:50:11,-28.9,
20250513,11:50:12,-28.7,
20250513,11:50:12,-28.2,
20250513,11:50:12,-28,
20250513,11:50:12,-27.5,
20250513,11:50:13,-27.2,
20250513,11:50:13,-26.9,
20250513,11:50:13,-26.6,
20250513,11:50:14,-26.4,
20250513,11:50:14,-26.2,
20250513,11:50:14,-26,
20250513,11:50:14,-25.9,
20250513,11:50:15,-25.6,
20250513,11:50:15,-25.5,
20250513,11:50:15,-25.1,
20250513,11:50:15,-24.7,
20250513,11:50:16,-24.4,
20250513,11:50:16,-24.1,
20250513,11:50:16,-23.8,
20250513,11:50:17,-23.5,
20250513,11:50:17,-23.2,
20250513,11:50:17,-23,
20250513,11:50:17,-22.7,
20250513,11:50:18,-22.4,
20250513,11:50:18,-22.2,
20250513,11:50:18,-21.9,
20250513,11:50:19,-21.8,
20250513,11:50:19,-21.5,
20250513,11:50:19,-21.2,
20250513,11:50:19,-21.1,
20250513,11:50:20,-20.8,
20250513,11:50:20,-20.5,
20250513,11:50:20,-20.4,
20250513,11:50:20,-20.2,
20250513,11:50:21,-19.9,
20250513,11:50:21,-19.6,
20250513,11:50:21,-19.5,
20250513,11:50:22,-19.4,
20250513,11:50:22,-19.3,
20250513,11:50:22,-19,
20250513,11:50:22,-18.8,
20250513,11:50:23,-18.7,
20250513,11:50:23,-18.6,
20250513,11:50:23,-18.4,
20250513,11:50:24,-18.2,
20250513,11:50:24,-17.9,
20250513,11:50:24,-17.8,
20250513,11:50:24,-17.8,
20250513,11:50:25,-17.5,
20250513,11:50:25,-17.4,
20250513,11:50:25,-17.2,
20250513,11:50:25,-17,
20250513,11:50:26,-16.9,
20250513,11:50:26,-16.8,
20250513,11:50:26,-16.6,
20250513,11:50:27,-16.3,
20250513,11:50:27,-16.2,
20250513,11:50:27,-16.1,
20250513,11:50:27,-15.9,
20250513,11:50:28,-15.8,
20250513,11:50:28,-15.7,
20250513,11:50:28,-15.5,
20250513,11:50:28,-15.3,
20250513,11:50:29,-15.2,
20250513,11:50:29,-14.9,
20250513,11:50:29,-14.9,
20250513,11:50:30,-14.7,
20250513,11:50:30,-14.5,
20250513,11:50:30,-14.4,
20250513,11:50:30,-14.4,
20250513,11:50:31,-14.4,
20250513,11:50:31,-14.4,
20250513,11:50:31,-14.3,
20250513,11:50:32,-14.3,
20250513,11:50:32,-14.2,
20250513,11:50:32,-14.2,
20250513,11:50:32,-14.1,
20250513,11:50:33,-14.2,
20250513,11:50:33,-14.2,
20250513,11:50:33,-14.2,
20250513,11:50:34,-14.4,
20250513,11:50:34,-15.5,
20250513,11:50:34,-17.6,
20250513,11:50:34,-20.1,
20250513,11:50:35,-22.2,
20250513,11:50:35,-23.6,
20250513,11:50:35,-24.9,
20250513,11:50:35,-27.3,
20250513,11:50:36,-30.6,
20250513,11:50:36,-32.4,
20250513,11:50:36,-33,
20250513,11:50:37,-33.2,
20250513,11:50:37,-34,
20250513,11:50:37,-35,
20250513,11:50:37,-36.4,
20250513,11:50:38,-37.6,
20250513,11:50:38,-38.6,
20250513,11:50:38,-39.2,
20250513,11:50:38,-39.5,
20250513,11:50:39,-39.9,
20250513,11:50:39,-39.9,
20250513,11:50:39,-39.9,
20250513,11:50:40,-39.6,
20250513,11:50:40,-39.6,
20250513,11:50:40,-39.2,
20250513,11:50:40,-39.1,
20250513,11:50:41,-39,
20250513,11:50:41,-38.7,
20250513,11:50:41,-38.5,
20250513,11:50:42,-38.3,
20250513,11:50:42,-37.9,
20250513,11:50:42,-37.6,
20250513,11:50:42,-37.3,
20250513,11:50:43,-36.9,
20250513,11:50:43,-36.5,
20250513,11:50:43,-36.1,
20250513,11:50:43,-35.7,
20250513,11:50:44,-35.6,
20250513,11:50:44,-35.3,
20250513,11:50:44,-34.9,
20250513,11:50:45,-34.8,
20250513,11:50:45,-34.4,
20250513,11:50:45,-34.1,
20250513,11:50:45,-33.9,
20250513,11:50:46,-33.6,
20250513,11:50:46,-33.2,
20250513,11:50:46,-32.8,
20250513,11:50:47,-32.4,
20250513,11:50:47,-32.1,
20250513,11:50:47,-31.8,
20250513,11:50:47,-31.5,
20250513,11:50:48,-31.3,
20250513,11:50:48,-31.2,
20250513,11:50:48,-31,
20250513,11:50:48,-30.7,
20250513,11:50:49,-30.5,
20250513,11:50:49,-30.2,
20250513,11:50:49,-29.8,
20250513,11:50:50,-29.5,
20250513,11:50:50,-29.2,
20250513,11:50:50,-28.8,
20250513,11:50:50,-28.7,
20250513,11:50:51,-28.4,
20250513,11:50:51,-28.1,
20250513,11:50:51,-27.8,
20250513,11:50:52,-27.5,
20250513,11:50:52,-27.2,
20250513,11:50:52,-26.9,
20250513,11:50:52,-26.6,
20250513,11:50:53,-26.3,
20250513,11:50:53,-26,
20250513,11:50:53,-25.7,
20250513,11:50:53,-25.5,
20250513,11:50:54,-25.3,
20250513,11:50:54,-25,
20250513,11:50:54,-24.7,
20250513,11:50:55,-24.4,
20250513,11:50:55,-24.2,
20250513,11:50:55,-23.8,
20250513,11:50:55,-23.7,
20250513,11:50:56,-23.8,
20250513,11:50:56,-23.9,
20250513,11:50:56,-23.9,
20250513,11:50:56,-24.2,
20250513,11:50:57,-25.3,
20250513,11:50:57,-27.7,
20250513,11:50:57,-31,
20250513,11:50:58,-34.4,
20250513,11:50:58,-37.4,
20250513,11:50:58,-40,
20250513,11:50:58,-41,
20250513,11:50:59,-39.9,
20250513,11:50:59,-37.8,
20250513,11:50:59,-35.7,
20250513,11:51:00,-33.8,
20250513,11:51:00,-32.5,
20250513,11:51:00,-32.1,
20250513,11:51:00,-32.6,
20250513,11:51:01,-33.9,
20250513,11:51:01,-35.2,
20250513,11:51:01,-35,
20250513,11:51:01,-33.2,
20250513,11:51:02,-30.7,
20250513,11:51:02,-28.5,
20250513,11:51:02,-26.9,
20250513,11:51:03,-26.3,
20250513,11:51:03,-26.6,
20250513,11:51:03,-27.2,
20250513,11:51:03,-28.3,
20250513,11:51:04,-29.6,
20250513,11:51:04,-31.3,
20250513,11:51:04,-33.2,
20250513,11:51:05,-34.9,
20250513,11:51:05,-36.7,
20250513,11:51:05,-38.5,
20250513,11:51:05,-40.2,
20250513,11:51:06,-41.5,
20250513,11:51:06,-42.3,
20250513,11:51:06,-43.1,
20250513,11:51:06,-43.6,
20250513,11:51:07,-44.1,
20250513,11:51:07,-44.5,
20250513,11:51:07,-44.8,
20250513,11:51:08,-45.1,
20250513,11:51:08,-45.3,
20250513,11:51:08,-45.5,
20250513,11:51:08,-45.7,
20250513,11:51:09,-45.9,
20250513,11:51:09,-46,
20250513,11:51:09,-46,
20250513,11:51:09,-45.9,
20250513,11:51:10,-45.8,
20250513,11:51:10,-45.7,
20250513,11:51:10,-45.5,
20250513,11:51:11,-45.4,
20250513,11:51:11,-45.2,
20250513,11:51:11,-45,
20250513,11:51:11,-44.8,
20250513,11:51:12,-44.5,
20250513,11:51:12,-44.4,
20250513,11:51:12,-44.3,
20250513,11:51:13,-44,
20250513,11:51:13,-43.7,
20250513,11:51:13,-43.5,
20250513,11:51:13,-43.4,
20250513,11:51:14,-43.1,
20250513,11:51:14,-42.8,
20250513,11:51:14,-42.6,
20250513,11:51:15,-42.6,
20250513,11:51:15,-42.2,
20250513,11:51:15,-41.9,
20250513,11:51:15,-41.9,
20250513,11:51:16,-42,
20250513,11:51:16,-42.6,
20250513,11:51:16,-42.7,
20250513,11:51:16,-42.6,
20250513,11:51:17,-42.2,
20250513,11:51:17,-42.1,
20250513,11:51:17,-42.5,
20250513,11:51:18,-42.6,
20250513,11:51:18,-41,
20250513,11:51:18,-39,
20250513,11:51:18,-37.7,
20250513,11:51:19,-37.2,
20250513,11:51:19,-37.7,
20250513,11:51:19,-38.6,
20250513,11:51:19,-39.8,
20250513,11:51:20,-37.5,
20250513,11:51:20,-32.6,
20250513,11:51:20,-28.7,
20250513,11:51:21,-26.4,
20250513,11:51:21,-25.6,
20250513,11:51:21,-25.7,
20250513,11:51:21,-26.5,
20250513,11:51:22,-27.8,
20250513,11:51:22,-29.2,
20250513,11:51:22,-30.8,
20250513,11:51:23,-32.2,
20250513,11:51:23,-33.4,
20250513,11:51:23,-34.5,
20250513,11:51:23,-35.3,
20250513,11:51:24,-36,
20250513,11:51:24,-36.6,
20250513,11:51:24,-37.1,
20250513,11:51:24,-37.5,
20250513,11:51:25,-37.8,
20250513,11:51:25,-38.2,
20250513,11:51:25,-38.5,
20250513,11:51:26,-38.9,
20250513,11:51:26,-39.5,
20250513,11:51:26,-40.2,
20250513,11:51:26,-40.8,
20250513,11:51:27,-41,
20250513,11:51:27,-40.9,
20250513,11:51:27,-41.2,
20250513,11:51:28,-41.1,
20250513,11:51:28,-41.2,
20250513,11:51:28,-41.4,
20250513,11:51:28,-41.5,
20250513,11:51:29,-41.6,
20250513,11:51:29,-41.8,
20250513,11:51:29,-42,
20250513,11:51:29,-42.2,
20250513,11:51:30,-42.3,
20250513,11:51:30,-42.4,
20250513,11:51:30,-42.5,
20250513,11:51:31,-42.6,
20250513,11:51:31,-42.6,
20250513,11:51:31,-42.8,
20250513,11:51:31,-42.8,
20250513,11:51:32,-42.9,
20250513,11:51:32,-42.9,
20250513,11:51:32,-42.8,
20250513,11:51:33,-43,
20250513,11:51:33,-42.9,
20250513,11:51:33,-42.9,
20250513,11:51:33,-42.9,
20250513,11:51:34,-42.9,
20250513,11:51:34,-42.7,
20250513,11:51:34,-42.7,
20250513,11:51:34,-42.6,
20250513,11:51:35,-42.6,
20250513,11:51:35,-42.6,
20250513,11:51:35,-42.5,
20250513,11:51:36,-42.4,
20250513,11:51:36,-42.3,
20250513,11:51:36,-42.2,
20250513,11:51:36,-42.1,
20250513,11:51:37,-41.9,
20250513,11:51:37,-41.8,
20250513,11:51:37,-41.7,
20250513,11:51:37,-41.7,
20250513,11:51:38,-41.7,
20250513,11:51:38,-41.9,
20250513,11:51:38,-42.2,
20250513,11:51:39,-42.4,
20250513,11:51:39,-42.4,
20250513,11:51:39,-42.2,
20250513,11:51:39,-42.1,
20250513,11:51:40,-41.9,
20250513,11:51:40,-41.7,
20250513,11:51:40,-41.7,
20250513,11:51:41,-41.6,
20250513,11:51:41,-41.5,
20250513,11:51:41,-41.4,
20250513,11:51:41,-41.1,
20250513,11:51:42,-40.9,
20250513,11:51:42,-40.9,
20250513,11:51:42,-40.9,
20250513,11:51:42,-40.7,
20250513,11:51:43,-40.6,
20250513,11:51:43,-40.5,
20250513,11:51:43,-40.4,
20250513,11:51:44,-40.2,
20250513,11:51:44,-40.1,
20250513,11:51:44,-40,
20250513,11:51:44,-39.8,
20250513,11:51:45,-39.9,
20250513,11:51:45,-40,
20250513,11:51:45,-40,
20250513,11:51:46,-39.8,
20250513,11:51:46,-40.9,
20250513,11:51:46,-43.4,
20250513,11:51:46,-44.9,
20250513,11:51:47,-44.1,
20250513,11:51:47,-42.5,
20250513,11:51:47,-41,
20250513,11:51:47,-40.5,
20250513,11:51:48,-40.6,
20250513,11:51:48,-41.1,
20250513,11:51:48,-41.7,
20250513,11:51:49,-41.8,
20250513,11:51:49,-40.9,
20250513,11:51:49,-38.6,
20250513,11:51:49,-36.3,
20250513,11:51:50,-34.9,
20250513,11:51:50,-34.5,
20250513,11:51:50,-34.8,
20250513,11:51:50,-35.6,
20250513,11:51:51,-36.6,
20250513,11:51:51,-37.7,
20250513,11:51:51,-38.9,
20250513,11:51:52,-39.9,
20250513,11:51:52,-40.8,
20250513,11:51:52,-41.3,
20250513,11:51:52,-41.7,
20250513,11:51:53,-42.2,
20250513,11:51:53,-42.4,
20250513,11:51:53,-42.5,
20250513,11:51:54,-42.6,
20250513,11:51:54,-42.8,
20250513,11:51:54,-42.7,
20250513,11:51:54,-42.9,
20250513,11:51:55,-42.8,
20250513,11:51:55,-42.7,
20250513,11:51:55,-42.7,
20250513,11:51:56,-42.6,
20250513,11:51:56,-42.6,
20250513,11:51:56,-42.5,
20250513,11:51:56,-42.5,
20250513,11:51:57,-42.5,
20250513,11:51:57,-42.4,
20250513,11:51:57,-42.3,
20250513,11:51:57,-42.3,
20250513,11:51:58,-42.1,
20250513,11:51:58,-42,
20250513,11:51:58,-42,
20250513,11:51:59,-41.8,
20250513,11:51:59,-41.7,
20250513,11:51:59,-41.7,
20250513,11:51:59,-41.5,
20250513,11:52:00,-41.5,
20250513,11:52:00,-41.3,
20250513,11:52:00,-41.1,
20250513,11:52:00,-41,
20250513,11:52:01,-40.9,
20250513,11:52:01,-40.7,
20250513,11:52:01,-40.5,
20250513,11:52:02,-40.4,
20250513,11:52:02,-40.2,
20250513,11:52:02,-40.1,
20250513,11:52:02,-40,
20250513,11:52:03,-39.9,
20250513,11:52:03,-39.7,
20250513,11:52:03,-39.7,
20250513,11:52:04,-39.9,
20250513,11:52:04,-40.4,
20250513,11:52:04,-41.1,
20250513,11:52:04,-41.5,
20250513,11:52:05,-41.6,
20250513,11:52:05,-41.5,
20250513,11:52:05,-41.4,
20250513,11:52:05,-41.2,
20250513,11:52:06,-41.1,
20250513,11:52:06,-40.9,
20250513,11:52:06,-40.8,
20250513,11:52:07,-40.7,
20250513,11:52:07,-40.5,
20250513,11:52:07,-40.5,
20250513,11:52:07,-40.4,
20250513,11:52:08,-40.2,
20250513,11:52:08,-40.1,
20250513,11:52:08,-40.1,
20250513,11:52:09,-40,
20250513,11:52:09,-39.9,
20250513,11:52:09,-39.6,
20250513,11:52:09,-39.8,
20250513,11:52:10,-40.6,
20250513,11:52:10,-42.2,
20250513,11:52:10,-43.4,
20250513,11:52:10,-43.8,
20250513,11:52:11,-43.7,
20250513,11:52:11,-43.4,
20250513,11:52:11,-43.1,
20250513,11:52:12,-42.9,
20250513,11:52:12,-42.8,
20250513,11:52:12,-42.6,
20250513,11:52:12,-42.6,
20250513,11:52:13,-42.3,
20250513,11:52:13,-42.2,
20250513,11:52:13,-41.9,
20250513,11:52:14,-41.7,
20250513,11:52:14,-41.7,
20250513,11:52:14,-41.5,
20250513,11:52:14,-41.5,
20250513,11:52:15,-41.5,
20250513,11:52:15,-41.2,
20250513,11:52:15,-40.9,
20250513,11:52:15,-40.9,
20250513,11:52:16,-40.9,
20250513,11:52:16,-40.6,
20250513,11:52:16,-40.4,
20250513,11:52:17,-40.4,
20250513,11:52:17,-40.8,
20250513,11:52:17,-42.6,
20250513,11:52:17,-45.3,
20250513,11:52:18,-46.3,
20250513,11:52:18,-45.2,
20250513,11:52:18,-43.7,
20250513,11:52:18,-42.7,
20250513,11:52:19,-42.3,
20250513,11:52:19,-42.4,
20250513,11:52:19,-42.6,
20250513,11:52:20,-42.9,
20250513,11:52:20,-43.1,
20250513,11:52:20,-43.3,
20250513,11:52:20,-43.2,
20250513,11:52:21,-43.1,
20250513,11:52:21,-43.1,
20250513,11:52:21,-42.9,
20250513,11:52:22,-42.7,
20250513,11:52:22,-42.6,
20250513,11:52:22,-42.5,
20250513,11:52:22,-42.3,
20250513,11:52:23,-42.2,
20250513,11:52:23,-41.8,
20250513,11:52:23,-41.7,
20250513,11:52:23,-41.6,
20250513,11:52:24,-41.4,
20250513,11:52:24,-41.1,
20250513,11:52:24,-40.9,
20250513,11:52:25,-40.9,
20250513,11:52:25,-40.6,
20250513,11:52:25,-40.5,
20250513,11:52:25,-40.2,
20250513,11:52:26,-40,
20250513,11:52:26,-39.8,
20250513,11:52:26,-39.7,
20250513,11:52:27,-39.5,
20250513,11:52:27,-39.4,
20250513,11:52:27,-39.4,
20250513,11:52:27,-39.6,
20250513,11:52:28,-39.8,
20250513,11:52:28,-39.8,
20250513,11:52:28,-40,
20250513,11:52:28,-40,
20250513,11:52:29,-40.9,
20250513,11:52:29,-42,
20250513,11:52:29,-42.8,
20250513,11:52:30,-43.1,
20250513,11:52:30,-43,
20250513,11:52:30,-42.6,
20250513,11:52:30,-42.6,
20250513,11:52:31,-42.6,
20250513,11:52:31,-42.9,
20250513,11:52:31,-43.3,
20250513,11:52:31,-43.3,
20250513,11:52:32,-43,
20250513,11:52:32,-42.8,
20250513,11:52:32,-42.6,
20250513,11:52:33,-42.3,
20250513,11:52:33,-41.9,
20250513,11:52:33,-41.7,
20250513,11:52:33,-41.5,
20250513,11:52:34,-41.1,
20250513,11:52:34,-40.9,
20250513,11:52:34,-40.6,
20250513,11:52:35,-40.3,
20250513,11:52:35,-40.1,
20250513,11:52:35,-40,
20250513,11:52:35,-39.8,
20250513,11:52:36,-39.6,
20250513,11:52:36,-39.3,
20250513,11:52:36,-39.2,
20250513,11:52:36,-38.9,
20250513,11:52:37,-38.8,
20250513,11:52:37,-38.6,
20250513,11:52:37,-38.7,
20250513,11:52:38,-39,
20250513,11:52:38,-39.2,
20250513,11:52:38,-39.2,
20250513,11:52:38,-39.2,
20250513,11:52:39,-39,
20250513,11:52:39,-38.7,
20250513,11:52:39,-38.5,
20250513,11:52:40,-38.3,
20250513,11:52:40,-38.2,
20250513,11:52:40,-37.9,
20250513,11:52:40,-37.6,
20250513,11:52:41,-37.5,
20250513,11:52:41,-37.3,
20250513,11:52:41,-37.2,
20250513,11:52:41,-37.2,
20250513,11:52:42,-37.3,
20250513,11:52:42,-37.7,
20250513,11:52:42,-38.5,
20250513,11:52:43,-39.5,
20250513,11:52:43,-40.3,
20250513,11:52:43,-40.8,
20250513,11:52:43,-40.9,
20250513,11:52:44,-40.9,
20250513,11:52:44,-40.9,
20250513,11:52:44,-40.8,
20250513,11:52:45,-40.6,
20250513,11:52:45,-40.5,
20250513,11:52:45,-40.4,
20250513,11:52:45,-40.3,
20250513,11:52:46,-40.2,
20250513,11:52:46,-40.6,
20250513,11:52:46,-42.1,
20250513,11:52:46,-44.2,
20250513,11:52:47,-44.8,
20250513,11:52:47,-44,
20250513,11:52:47,-42.9,
20250513,11:52:48,-42.2,
20250513,11:52:48,-41.8,
20250513,11:52:48,-41.9,
20250513,11:52:48,-42.2,
20250513,11:52:49,-42.3,
20250513,11:52:49,-42.4,
20250513,11:52:49,-42.3,
20250513,11:52:50,-42.1,
20250513,11:52:50,-41.9,
20250513,11:52:50,-41.7,
20250513,11:52:50,-41.5,
20250513,11:52:51,-41.3,
20250513,11:52:51,-41.1,
20250513,11:52:51,-40.9,
20250513,11:52:51,-40.6,
20250513,11:52:52,-40.4,
20250513,11:52:52,-40.1,
20250513,11:52:52,-39.8,
20250513,11:52:53,-39.6,
20250513,11:52:53,-39.2,
20250513,11:52:53,-39.1,
20250513,11:52:53,-38.8,
20250513,11:52:54,-38.4,
20250513,11:52:54,-38.3,
20250513,11:52:54,-38.1,
20250513,11:52:54,-37.9,
20250513,11:52:55,-37.7,
20250513,11:52:55,-37.4,
20250513,11:52:55,-37.2,
20250513,11:52:56,-37,
20250513,11:52:56,-36.7,
20250513,11:52:56,-36.6,
20250513,11:52:56,-36.4,
20250513,11:52:57,-36.1,
20250513,11:52:57,-35.9,
20250513,11:52:57,-35.7,
20250513,11:52:58,-35.5,
20250513,11:52:58,-35.3,
20250513,11:52:58,-35,
20250513,11:52:58,-34.9,
20250513,11:52:59,-34.7,
20250513,11:52:59,-34.5,
20250513,11:52:59,-34.2,
20250513,11:52:59,-34,
20250513,11:53:00,-33.8,
20250513,11:53:00,-33.6,
20250513,11:53:00,-33.5,
20250513,11:53:01,-33.5,
20250513,11:53:01,-33.5,
20250513,11:53:01,-33.4,
20250513,11:53:01,-33.4,
20250513,11:53:02,-33.6,
20250513,11:53:02,-34,
20250513,11:53:02,-34.6,
20250513,11:53:03,-34.9,
20250513,11:53:03,-35.2,
20250513,11:53:03,-35.2,
20250513,11:53:03,-35,
20250513,11:53:04,-34.9,
20250513,11:53:04,-34.7,
20250513,11:53:04,-34.5,
20250513,11:53:04,-34.2,
20250513,11:53:05,-34.1,
20250513,11:53:05,-34,
20250513,11:53:05,-34,
20250513,11:53:06,-33.8,
20250513,11:53:06,-33.8,
20250513,11:53:06,-33.8,
20250513,11:53:06,-33.6,
20250513,11:53:07,-33.3,
20250513,11:53:07,-33.2,
20250513,11:53:07,-33.1,
20250513,11:53:08,-32.9,
20250513,11:53:08,-32.7,
20250513,11:53:08,-32.5,
20250513,11:53:08,-32.4,
20250513,11:53:09,-32.2,
20250513,11:53:09,-32,
20250513,11:53:09,-31.8,
20250513,11:53:09,-31.7,
20250513,11:53:10,-31.5,
20250513,11:53:10,-31.9,
20250513,11:53:10,-33.8,
20250513,11:53:11,-36.8,
20250513,11:53:11,-39.3,
20250513,11:53:11,-40.4,
20250513,11:53:11,-40.8,
20250513,11:53:12,-40.8,
20250513,11:53:12,-40.7,
20250513,11:53:12,-40.7,
20250513,11:53:12,-40.7,
20250513,11:53:13,-40.5,
20250513,11:53:13,-40.4,
20250513,11:53:13,-40.2,
20250513,11:53:14,-39.8,
20250513,11:53:14,-39.4,
20250513,11:53:14,-39.2,
20250513,11:53:14,-38.9,
20250513,11:53:15,-38.5,
20250513,11:53:15,-38.2,
20250513,11:53:15,-38.1,
20250513,11:53:16,-39.4,
20250513,11:53:16,-43,
20250513,11:53:16,-45.1,
20250513,11:53:16,-42.6,
20250513,11:53:17,-38.6,
20250513,11:53:17,-36.1,
20250513,11:53:17,-35.3,
20250513,11:53:17,-35.7,
20250513,11:53:18,-36.8,
20250513,11:53:18,-38.2,
20250513,11:53:18,-39.3,
20250513,11:53:19,-40.1,
20250513,11:53:19,-40.7,
20250513,11:53:19,-41,
20250513,11:53:19,-41.2,
20250513,11:53:20,-41.1,
20250513,11:53:20,-41.1,
20250513,11:53:20,-40.9,
20250513,11:53:21,-40.9,
20250513,11:53:21,-40.8,
20250513,11:53:21,-40.7,
20250513,11:53:21,-40.5,
20250513,11:53:22,-40.5,
20250513,11:53:22,-40.2,
20250513,11:53:22,-40.1,
20250513,11:53:22,-39.9,
20250513,11:53:23,-39.7,
20250513,11:53:23,-39.5,
20250513,11:53:23,-39.2,
20250513,11:53:24,-39.2,
20250513,11:53:24,-39,
20250513,11:53:24,-38.9,
20250513,11:53:24,-38.8,
20250513,11:53:25,-38.7,
20250513,11:53:25,-38.5,
20250513,11:53:25,-38.3,
20250513,11:53:26,-38.1,
20250513,11:53:26,-37.8,
20250513,11:53:26,-37.5,
20250513,11:53:26,-37.4,
20250513,11:53:27,-37.2,
20250513,11:53:27,-36.9,
20250513,11:53:27,-36.7,
20250513,11:53:27,-36.5,
20250513,11:53:28,-36.2,
20250513,11:53:28,-35.9,
20250513,11:53:28,-35.7,
20250513,11:53:29,-36,
20250513,11:53:29,-36.9,
20250513,11:53:29,-38.2,
20250513,11:53:29,-39.3,
20250513,11:53:30,-39.9,
20250513,11:53:30,-40,
20250513,11:53:30,-40,
20250513,11:53:31,-39.7,
20250513,11:53:31,-39.5,
20250513,11:53:31,-40.7,
20250513,11:53:31,-43.9,
20250513,11:53:32,-45.1,
20250513,11:53:32,-42,
20250513,11:53:32,-38.3,
20250513,11:53:32,-35.7,
20250513,11:53:33,-34.6,
20250513,11:53:33,-34.7,
20250513,11:53:33,-35.7,
20250513,11:53:34,-36.9,
20250513,11:53:34,-37.8,
20250513,11:53:34,-38.3,
20250513,11:53:34,-38.5,
20250513,11:53:35,-39.2,
20250513,11:53:35,-39.7,
20250513,11:53:35,-40.2,
20250513,11:53:35,-40.9,
20250513,11:53:36,-41.3,
20250513,11:53:36,-41.7,
20250513,11:53:36,-42.1,
20250513,11:53:37,-42.4,
20250513,11:53:37,-42.6,
20250513,11:53:37,-42.6,
20250513,11:53:37,-42.7,
20250513,11:53:38,-42.8,
20250513,11:53:38,-43.1,
20250513,11:53:38,-44,
20250513,11:53:39,-45.2,
20250513,11:53:39,-46.3,
20250513,11:53:39,-46.5,
20250513,11:53:39,-46.1,
20250513,11:53:40,-45.6,
20250513,11:53:40,-45.2,
20250513,11:53:40,-44.9,
20250513,11:53:40,-44.9,
20250513,11:53:41,-44.7,
20250513,11:53:41,-44.6,
20250513,11:53:41,-44.5,
20250513,11:53:42,-44.5,
20250513,11:53:42,-44.3,
20250513,11:53:42,-44.3,
20250513,11:53:42,-44.1,
20250513,11:53:43,-44,
20250513,11:53:43,-43.8,
20250513,11:53:43,-43.7,
20250513,11:53:44,-43.6,
20250513,11:53:44,-43.4,
20250513,11:53:44,-43.4,
20250513,11:53:44,-43.3,
20250513,11:53:45,-43.1,
20250513,11:53:45,-42.9,
20250513,11:53:45,-42.8,
20250513,11:53:45,-42.6,
20250513,11:53:46,-42.4,
20250513,11:53:46,-42.1,
20250513,11:53:46,-41.8,
20250513,11:53:47,-41.7,
20250513,11:53:47,-41.5,
20250513,11:53:47,-41.2,
20250513,11:53:47,-41,
20250513,11:53:48,-40.9,
20250513,11:53:48,-40.7,
20250513,11:53:48,-40.6,
20250513,11:53:49,-40.4,
20250513,11:53:49,-40.1,
20250513,11:53:49,-40,
20250513,11:53:49,-39.7,
20250513,11:53:50,-39.5,
20250513,11:53:50,-39.3,
20250513,11:53:50,-39.2,
20250513,11:53:50,-38.9,
20250513,11:53:51,-38.8,
20250513,11:53:51,-38.5,
20250513,11:53:51,-38.3,
20250513,11:53:52,-38.2,
20250513,11:53:52,-37.9,
20250513,11:53:52,-37.7,
20250513,11:53:52,-37.4,
20250513,11:53:53,-37.2,
20250513,11:53:53,-37,
20250513,11:53:53,-36.7,
20250513,11:53:53,-36.6,
20250513,11:53:54,-36.4,
20250513,11:53:54,-36.2,
20250513,11:53:54,-36,
20250513,11:53:55,-35.7,
20250513,11:53:55,-35.6,
20250513,11:53:55,-35.4,
20250513,11:53:55,-35.2,
20250513,11:53:56,-35,
20250513,11:53:56,-34.8,
20250513,11:53:56,-34.7,
20250513,11:53:57,-34.5,
20250513,11:53:57,-34.3,
20250513,11:53:57,-34.1,
20250513,11:53:57,-34,
20250513,11:53:58,-33.9,
20250513,11:53:58,-33.7,
20250513,11:53:58,-33.5,
20250513,11:53:58,-33.3,
20250513,11:53:59,-33.2,
20250513,11:53:59,-33,
20250513,11:53:59,-32.9,
20250513,11:54:00,-32.7,
20250513,11:54:00,-32.4,
20250513,11:54:00,-32.3,
20250513,11:54:00,-32.2,
20250513,11:54:01,-32,
20250513,11:54:01,-31.7,
20250513,11:54:01,-31.7,
20250513,11:54:02,-31.5,
20250513,11:54:02,-32.1,
20250513,11:54:02,-34.3,
20250513,11:54:02,-38.2,
20250513,11:54:03,-40.9,
20250513,11:54:03,-42.1,
20250513,11:54:03,-42.4,
20250513,11:54:03,-42.5,
20250513,11:54:04,-42.7,
20250513,11:54:04,-43.2,
20250513,11:54:04,-43.4,
20250513,11:54:05,-43.5,
20250513,11:54:05,-43.6,
20250513,11:54:05,-43.9,
20250513,11:54:05,-45.5,
20250513,11:54:06,-47.8,
20250513,11:54:06,-47.4,
20250513,11:54:06,-44.7,
20250513,11:54:07,-42.1,
20250513,11:54:07,-40.5,
20250513,11:54:07,-39.5,
20250513,11:54:07,-38.3,
20250513,11:54:08,-36.9,
20250513,11:54:08,-36.1,
20250513,11:54:08,-36,
20250513,11:54:08,-36.6,
20250513,11:54:09,-37.8,
20250513,11:54:09,-39.3,
20250513,11:54:09,-41.2,
20250513,11:54:10,-42.6,
20250513,11:54:10,-42.6,
20250513,11:54:10,-41.9,
20250513,11:54:10,-40.6,
20250513,11:54:11,-38.2,
20250513,11:54:11,-35.7,
20250513,11:54:11,-34.1,
20250513,11:54:11,-33.4,
20250513,11:54:12,-33.3,
20250513,11:54:12,-33.9,
20250513,11:54:12,-34.9,
20250513,11:54:13,-36.1,
20250513,11:54:13,-37.4,
20250513,11:54:13,-38.7,
20250513,11:54:13,-39.7,
20250513,11:54:14,-40.6,
20250513,11:54:14,-41.4,
20250513,11:54:14,-42.3,
20250513,11:54:15,-43.6,
20250513,11:54:15,-45,
20250513,11:54:15,-45.8,
20250513,11:54:15,-45.9,
20250513,11:54:16,-45.6,
20250513,11:54:16,-45.4,
20250513,11:54:16,-45.1,
20250513,11:54:16,-45.1,
20250513,11:54:17,-45.2,
20250513,11:54:17,-45.1,
20250513,11:54:17,-45.1,
20250513,11:54:18,-45.1,
20250513,11:54:18,-45.2,
20250513,11:54:18,-45.2,
20250513,11:54:18,-45.2,
20250513,11:54:19,-45.1,
20250513,11:54:19,-45.1,
20250513,11:54:19,-45,
20250513,11:54:20,-45.1,
20250513,11:54:20,-44.9,
20250513,11:54:20,-45,
20250513,11:54:20,-45.2,
20250513,11:54:21,-46.1,
20250513,11:54:21,-47.6,
20250513,11:54:21,-48.5,
20250513,11:54:21,-47.8,
20250513,11:54:22,-46.8,
20250513,11:54:22,-45.8,
20250513,11:54:22,-45.2,
20250513,11:54:23,-45,
20250513,11:54:23,-45,
20250513,11:54:23,-45,
20250513,11:54:23,-45,
20250513,11:54:24,-45,
20250513,11:54:24,-44.9,
20250513,11:54:24,-44.8,
20250513,11:54:24,-44.7,
20250513,11:54:25,-44.6,
20250513,11:54:25,-44.4,
20250513,11:54:25,-44.3,
20250513,11:54:26,-44.2,
20250513,11:54:26,-44.1,
20250513,11:54:26,-43.9,
20250513,11:54:26,-43.8,
20250513,11:54:27,-43.5,
20250513,11:54:27,-43.4,
20250513,11:54:27,-43.4,
20250513,11:54:28,-43.3,
20250513,11:54:28,-43.1,
20250513,11:54:28,-42.9,
20250513,11:54:28,-42.7,
20250513,11:54:29,-42.6,
20250513,11:54:29,-42.5,
20250513,11:54:29,-42.4,
20250513,11:54:30,-42.2,
20250513,11:54:30,-41.9,
20250513,11:54:30,-41.8,
20250513,11:54:30,-41.6,
20250513,11:54:31,-41.4,
20250513,11:54:31,-41.1,
20250513,11:54:31,-40.9,
20250513,11:54:31,-40.8,
20250513,11:54:32,-40.5,
20250513,11:54:32,-40.3,
20250513,11:54:32,-40,
20250513,11:54:33,-39.9,
20250513,11:54:33,-39.6,
20250513,11:54:33,-39.4,
20250513,11:54:33,-39.2,
20250513,11:54:34,-39,
20250513,11:54:34,-38.8,
20250513,11:54:34,-38.7,
20250513,11:54:34,-38.6,
20250513,11:54:35,-38.6,
20250513,11:54:35,-39,
20250513,11:54:35,-39.5,
20250513,11:54:36,-39.8,
20250513,11:54:36,-40,
20250513,11:54:36,-40,
20250513,11:54:36,-40,
20250513,11:54:37,-39.7,
20250513,11:54:37,-39.6,
20250513,11:54:37,-39.4,
20250513,11:54:38,-39.7,
20250513,11:54:38,-40.9,
20250513,11:54:38,-42.3,
20250513,11:54:38,-43.1,
20250513,11:54:39,-43.3,
20250513,11:54:39,-43.2,
20250513,11:54:39,-43,
20250513,11:54:39,-42.8,
20250513,11:54:40,-42.6,
20250513,11:54:40,-42.6,
20250513,11:54:40,-42.6,
20250513,11:54:41,-42.5,
20250513,11:54:41,-42.3,
20250513,11:54:41,-42.1,
20250513,11:54:41,-41.9,
20250513,11:54:42,-41.7,
20250513,11:54:42,-41.7,
20250513,11:54:42,-41.6,
20250513,11:54:43,-41.4,
20250513,11:54:43,-41.2,
20250513,11:54:43,-41,
20250513,11:54:43,-40.9,
20250513,11:54:44,-40.7,
20250513,11:54:44,-40.5,
20250513,11:54:44,-40.2,
20250513,11:54:44,-40,
20250513,11:54:45,-39.9,
20250513,11:54:45,-39.6,
20250513,11:54:45,-39.4,
20250513,11:54:46,-39.2,
20250513,11:54:46,-39.1,
20250513,11:54:46,-38.9,
20250513,11:54:46,-38.7,
20250513,11:54:47,-38.5,
20250513,11:54:47,-38.3,
20250513,11:54:47,-38.3,
20250513,11:54:48,-38.1,
20250513,11:54:48,-37.9,
20250513,11:54:48,-37.8,
20250513,11:54:48,-37.6,
20250513,11:54:49,-37.4,
20250513,11:54:49,-37.4,
20250513,11:54:49,-37.4,
20250513,11:54:49,-37.3,
20250513,11:54:50,-37.1,
20250513,11:54:50,-36.9,
20250513,11:54:50,-36.8,
20250513,11:54:51,-36.6,
20250513,11:54:51,-36.5,
20250513,11:54:51,-36.2,
20250513,11:54:51,-36.1,
20250513,11:54:52,-35.8,
20250513,11:54:52,-35.7,
20250513,11:54:52,-35.5,
20250513,11:54:52,-35.4,
20250513,11:54:53,-35.1,
20250513,11:54:53,-35,
20250513,11:54:53,-34.9,
20250513,11:54:54,-34.7,
20250513,11:54:54,-34.5,
20250513,11:54:54,-34.5,
20250513,11:54:54,-34.8,
20250513,11:54:55,-35.6,
20250513,11:54:55,-36.5,
20250513,11:54:55,-37.2,
20250513,11:54:56,-37.6,
20250513,11:54:56,-37.7,
20250513,11:54:56,-37.6,
20250513,11:54:56,-37.4,
20250513,11:54:57,-37.3,
20250513,11:54:57,-37.1,
20250513,11:54:57,-36.9,
20250513,11:54:57,-36.6,
20250513,11:54:58,-36.4,
20250513,11:54:58,-36.2,
20250513,11:54:58,-36,
20250513,11:54:59,-35.8,
20250513,11:54:59,-35.7,
20250513,11:54:59,-35.4,
20250513,11:54:59,-35.3,
20250513,11:55:00,-35,
20250513,11:55:00,-34.9,
20250513,11:55:00,-34.7,
20250513,11:55:01,-34.6,
20250513,11:55:01,-34.3,
20250513,11:55:01,-34.2,
20250513,11:55:01,-34.1,
20250513,11:55:02,-34,
20250513,11:55:02,-33.8,
20250513,11:55:02,-33.7,
20250513,11:55:02,-33.5,
20250513,11:55:03,-33.4,
20250513,11:55:03,-33.7,
20250513,11:55:03,-34.9,
20250513,11:55:04,-36.7,
20250513,11:55:04,-38.3,
20250513,11:55:04,-39.2,
20250513,11:55:04,-39.6,
20250513,11:55:05,-39.6,
20250513,11:55:05,-39.4,
20250513,11:55:05,-39.2,
20250513,11:55:05,-38.9,
20250513,11:55:06,-38.6,
20250513,11:55:06,-38.2,
20250513,11:55:06,-37.8,
20250513,11:55:07,-37.4,
20250513,11:55:07,-37.1,
20250513,11:55:07,-36.8,
20250513,11:55:07,-36.5,
20250513,11:55:08,-36.2,
20250513,11:55:08,-35.8,
20250513,11:55:08,-35.6,
20250513,11:55:09,-35.4,
20250513,11:55:09,-35.1,
20250513,11:55:09,-34.9,
20250513,11:55:09,-34.8,
20250513,11:55:10,-34.5,
20250513,11:55:10,-34.4,
20250513,11:55:10,-34.1,
20250513,11:55:11,-33.9,
20250513,11:55:11,-33.7,
20250513,11:55:11,-33.6,
20250513,11:55:11,-33.4,
20250513,11:55:12,-33.3,
20250513,11:55:12,-34,
20250513,11:55:12,-35,
20250513,11:55:12,-36.2,
20250513,11:55:13,-37.2,
20250513,11:55:13,-37.7,
20250513,11:55:13,-37.8,
20250513,11:55:14,-37.7,
20250513,11:55:14,-37.4,
20250513,11:55:14,-37,
20250513,11:55:14,-36.7,
20250513,11:55:15,-36.4,
20250513,11:55:15,-35.9,
20250513,11:55:15,-35.7,
20250513,11:55:15,-35.3,
20250513,11:55:16,-35,
20250513,11:55:16,-34.7,
20250513,11:55:16,-34.3,
20250513,11:55:17,-34,
20250513,11:55:17,-33.8,
20250513,11:55:17,-33.6,
20250513,11:55:17,-33.4,
20250513,11:55:18,-33.2,
20250513,11:55:18,-33,
20250513,11:55:18,-32.8,
20250513,11:55:19,-32.6,
20250513,11:55:19,-32.3,
20250513,11:55:19,-32.3,
20250513,11:55:19,-32.2,
20250513,11:55:20,-32.5,
20250513,11:55:20,-33.2,
20250513,11:55:20,-33.6,
20250513,11:55:20,-33.8,
20250513,11:55:21,-33.8,
20250513,11:55:21,-33.7,
20250513,11:55:21,-33.5,
20250513,11:55:22,-33.3,
20250513,11:55:22,-32.9,
20250513,11:55:22,-33.2,
20250513,11:55:22,-34,
20250513,11:55:23,-35.6,
20250513,11:55:23,-37,
20250513,11:55:23,-37.8,
20250513,11:55:24,-38.2,
20250513,11:55:24,-38.2,
20250513,11:55:24,-37.8,
20250513,11:55:24,-37.5,
20250513,11:55:25,-37.4,
20250513,11:55:25,-36.8,
20250513,11:55:25,-36.5,
20250513,11:55:25,-36.1,
20250513,11:55:26,-35.7,
20250513,11:55:26,-35.4,
20250513,11:55:26,-35.1,
20250513,11:55:27,-34.8,
20250513,11:55:27,-34.4,
20250513,11:55:27,-34.1,
20250513,11:55:27,-33.9,
20250513,11:55:28,-33.5,
20250513,11:55:28,-33.3,
20250513,11:55:28,-33.1,
20250513,11:55:28,-32.8,
20250513,11:55:29,-32.6,
20250513,11:55:29,-32.3,
20250513,11:55:29,-32.2,
20250513,11:55:30,-31.9,
20250513,11:55:30,-31.8,
20250513,11:55:30,-31.5,
20250513,11:55:30,-31.3,
20250513,11:55:31,-31.1,
20250513,11:55:31,-30.9,
20250513,11:55:31,-30.7,
20250513,11:55:32,-30.6,
20250513,11:55:32,-30.5,
20250513,11:55:32,-30.2,
20250513,11:55:32,-30,
20250513,11:55:33,-29.9,
20250513,11:55:33,-29.7,
20250513,11:55:33,-29.5,
20250513,11:55:33,-29.3,
20250513,11:55:34,-29.1,
20250513,11:55:34,-29,
20250513,11:55:34,-28.9,
20250513,11:55:35,-28.6,
20250513,11:55:35,-28.4,
20250513,11:55:35,-28.2,
20250513,11:55:35,-28,
20250513,11:55:36,-27.9,
20250513,11:55:36,-27.7,
20250513,11:55:36,-27.4,
20250513,11:55:37,-27.3,
20250513,11:55:37,-27.2,
20250513,11:55:37,-27,
20250513,11:55:37,-26.9,
20250513,11:55:38,-26.7,
20250513,11:55:38,-26.6,
20250513,11:55:38,-26.5,
20250513,11:55:38,-26.3,
20250513,11:55:39,-26.3,
20250513,11:55:39,-26.2,
20250513,11:55:39,-26.2,
20250513,11:55:40,-26.2,
20250513,11:55:40,-25.9,
20250513,11:55:40,-25.9,
20250513,11:55:40,-25.7,
20250513,11:55:41,-25.5,
20250513,11:55:41,-25.5,
20250513,11:55:41,-25.3,
20250513,11:55:42,-25.2,
20250513,11:55:42,-25.1,
20250513,11:55:42,-24.9,
20250513,11:55:42,-24.8,
20250513,11:55:43,-24.6,
20250513,11:55:43,-24.6,
20250513,11:55:43,-24.5,
20250513,11:55:43,-24.4,
20250513,11:55:44,-24.3,
20250513,11:55:44,-24.1,
20250513,11:55:44,-24,
20250513,11:55:45,-23.9,
20250513,11:55:45,-23.8,
20250513,11:55:45,-23.7,
20250513,11:55:45,-23.6,
20250513,11:55:46,-23.4,
20250513,11:55:46,-23.3,
20250513,11:55:46,-23.2,
20250513,11:55:46,-23.1,
20250513,11:55:47,-23.1,
20250513,11:55:47,-22.9,
20250513,11:55:47,-22.9,
20250513,11:55:48,-22.7,
20250513,11:55:48,-22.6,
20250513,11:55:48,-22.7,
20250513,11:55:48,-22.6,
20250513,11:55:49,-22.4,
20250513,11:55:49,-22.3,
20250513,11:55:49,-22.3,
20250513,11:55:50,-22.1,
20250513,11:55:50,-22.1,
20250513,11:55:50,-22.1,
20250513,11:55:50,-22,
20250513,11:55:51,-21.9,
20250513,11:55:51,-21.8,
20250513,11:55:51,-21.7,
20250513,11:55:52,-21.6,
20250513,11:55:52,-21.5,
20250513,11:55:52,-21.4,
20250513,11:55:52,-21.3,
20250513,11:55:53,-21.3,
20250513,11:55:53,-21.2,
20250513,11:55:53,-21.2,
20250513,11:55:53,-21.1,
20250513,11:55:54,-21,
20250513,11:55:54,-20.9,
20250513,11:55:54,-20.9,
20250513,11:55:55,-20.8,
20250513,11:55:55,-20.7,
20250513,11:55:55,-20.7,
20250513,11:55:55,-20.8,
20250513,11:55:56,-21.2,
20250513,11:55:56,-21.8,
20250513,11:55:56,-22.5,
20250513,11:55:56,-22.9,
20250513,11:55:57,-23.3,
20250513,11:55:57,-23.5,
20250513,11:55:57,-23.6,
20250513,11:55:58,-23.6,
20250513,11:55:58,-23.4,
20250513,11:55:58,-23.4,
20250513,11:55:58,-23.4,
20250513,11:55:59,-23.2,
20250513,11:55:59,-23.1,
20250513,11:55:59,-23.1,
20250513,11:56:00,-22.9,
20250513,11:56:00,-22.9,
20250513,11:56:00,-22.7,
20250513,11:56:00,-22.6,
20250513,11:56:01,-22.4,
20250513,11:56:01,-22.2,
20250513,11:56:01,-22.3,
20250513,11:56:01,-22.4,
20250513,11:56:02,-22.4,
20250513,11:56:02,-22.5,
20250513,11:56:02,-22.9,
20250513,11:56:03,-23.4,
20250513,11:56:03,-23.7,
20250513,11:56:03,-23.8,
20250513,11:56:03,-23.9,
20250513,11:56:04,-24,
20250513,11:56:04,-24,
20250513,11:56:04,-23.9,
20250513,11:56:05,-23.8,
20250513,11:56:05,-23.8,
20250513,11:56:05,-23.8,
20250513,11:56:05,-23.6,
20250513,11:56:06,-23.4,
20250513,11:56:06,-23.2,
20250513,11:56:06,-23,
20250513,11:56:06,-22.8,
20250513,11:56:07,-22.8,
20250513,11:56:07,-22.5,
20250513,11:56:07,-22.3,
20250513,11:56:08,-22.1,
20250513,11:56:08,-22,
20250513,11:56:08,-21.9,
20250513,11:56:08,-21.8,
20250513,11:56:09,-21.7,
20250513,11:56:09,-21.6,
20250513,11:56:09,-21.4,
20250513,11:56:10,-21.2,
20250513,11:56:10,-21.2,
20250513,11:56:10,-21.1,
20250513,11:56:10,-21.1,
20250513,11:56:11,-21.1,
20250513,11:56:11,-20.9,
20250513,11:56:11,-20.9,
20250513,11:56:11,-20.8,
20250513,11:56:12,-20.7,
20250513,11:56:12,-20.7,
20250513,11:56:12,-20.6,
20250513,11:56:13,-20.6,
20250513,11:56:13,-20.6,
20250513,11:56:13,-20.5,
20250513,11:56:13,-20.5,
20250513,11:56:14,-20.4,
20250513,11:56:14,-20.4,
20250513,11:56:14,-20.3,
20250513,11:56:14,-20.4,
20250513,11:56:15,-20.3,
20250513,11:56:15,-20,
20250513,11:56:15,-20.1,
20250513,11:56:16,-20.4,
20250513,11:56:16,-21.1,
20250513,11:56:16,-22.1,
20250513,11:56:16,-23,
20250513,11:56:17,-24,
20250513,11:56:17,-24.5,
20250513,11:56:17,-24.7,
20250513,11:56:18,-25.5,
20250513,11:56:18,-26.4,
20250513,11:56:18,-27.4,
20250513,11:56:18,-28.1,
20250513,11:56:19,-28.6,
20250513,11:56:19,-28.9,
20250513,11:56:19,-29.2,
20250513,11:56:19,-29.4,
20250513,11:56:20,-29.6,
20250513,11:56:20,-29.8,
20250513,11:56:20,-30,
20250513,11:56:21,-30.5,
20250513,11:56:21,-30.8,
20250513,11:56:21,-31.1,
20250513,11:56:21,-31.4,
20250513,11:56:22,-31.4,
20250513,11:56:22,-31.4,
20250513,11:56:22,-31.2,
20250513,11:56:23,-31.1,
20250513,11:56:23,-31.1,
20250513,11:56:23,-31.2,
20250513,11:56:23,-31.3,
20250513,11:56:24,-31.1,
20250513,11:56:24,-31.2,
20250513,11:56:24,-31.1,
20250513,11:56:24,-30.8,
20250513,11:56:25,-30.5,
20250513,11:56:25,-30.3,
20250513,11:56:25,-30,
20250513,11:56:26,-29.9,
20250513,11:56:26,-29.7,
20250513,11:56:26,-29.4,
20250513,11:56:26,-29.2,
20250513,11:56:27,-29.3,
20250513,11:56:27,-29.2,
20250513,11:56:27,-29.1,
20250513,11:56:27,-29.1,
20250513,11:56:28,-28.9,
20250513,11:56:28,-28.8,
20250513,11:56:28,-28.6,
20250513,11:56:29,-29,
20250513,11:56:29,-30.1,
20250513,11:56:29,-31.3,
20250513,11:56:29,-31.9,
20250513,11:56:30,-32.2,
20250513,11:56:30,-32.2,
20250513,11:56:30,-32.1,
20250513,11:56:31,-31.9,
20250513,11:56:31,-31.7,
20250513,11:56:31,-31.5,
20250513,11:56:31,-31.3,
20250513,11:56:32,-31.1,
20250513,11:56:32,-31.3,
20250513,11:56:32,-31.7,
20250513,11:56:32,-32.3,
20250513,11:56:33,-33.2,
20250513,11:56:33,-34.4,
20250513,11:56:33,-35.1,
20250513,11:56:34,-35.1,
20250513,11:56:34,-34.8,
20250513,11:56:34,-34.6,
20250513,11:56:34,-34.5,
20250513,11:56:35,-34.6,
20250513,11:56:35,-34.6,
20250513,11:56:35,-34.8,
20250513,11:56:36,-34.8,
20250513,11:56:36,-34.9,
20250513,11:56:36,-34.8,
20250513,11:56:36,-34.6,
20250513,11:56:37,-34.4,
20250513,11:56:37,-34.4,
20250513,11:56:37,-34.1,
20250513,11:56:37,-34.2,
20250513,11:56:38,-34,
20250513,11:56:38,-34.1,
20250513,11:56:38,-34.1,
20250513,11:56:39,-34,
20250513,11:56:39,-33.9,
20250513,11:56:39,-33.8,
20250513,11:56:39,-33.7,
20250513,11:56:40,-33.6,
20250513,11:56:40,-33.5,
20250513,11:56:40,-33.4,
20250513,11:56:41,-33.4,
20250513,11:56:41,-33.2,
20250513,11:56:41,-33.1,
20250513,11:56:41,-33.3,
20250513,11:56:42,-33.3,
20250513,11:56:42,-33.3,
20250513,11:56:42,-33.3,
20250513,11:56:42,-33.2,
20250513,11:56:43,-33.1,
20250513,11:56:43,-33,
20250513,11:56:43,-33.4,
20250513,11:56:44,-34.4,
20250513,11:56:44,-35.7,
20250513,11:56:44,-36.4,
20250513,11:56:44,-36.6,
20250513,11:56:45,-36.6,
20250513,11:56:45,-36.4,
20250513,11:56:45,-36.3,
20250513,11:56:45,-36.2,
20250513,11:56:46,-36.2,
20250513,11:56:46,-36.1,
20250513,11:56:46,-35.8,
20250513,11:56:47,-35.7,
20250513,11:56:47,-35.7,
20250513,11:56:47,-35.4,
20250513,11:56:47,-35.2,
20250513,11:56:48,-35.1,
20250513,11:56:48,-35,
20250513,11:56:48,-35.5,
20250513,11:56:49,-36.6,
20250513,11:56:49,-37.8,
20250513,11:56:49,-38,
20250513,11:56:49,-38,
20250513,11:56:50,-37.7,
20250513,11:56:50,-37.4,
20250513,11:56:50,-37.3,
20250513,11:56:50,-37.4,
20250513,11:56:51,-37.4,
20250513,11:56:51,-37.4,
20250513,11:56:51,-37.4,
20250513,11:56:52,-37.3,
20250513,11:56:52,-37.2,
20250513,11:56:52,-37.1,
20250513,11:56:52,-36.9,
20250513,11:56:53,-36.9,
20250513,11:56:53,-36.6,
20250513,11:56:53,-36.5,
20250513,11:56:54,-36.5,
20250513,11:56:54,-36.2,
20250513,11:56:54,-36.1,
20250513,11:56:54,-36,
20250513,11:56:55,-36.3,
20250513,11:56:55,-36.9,
20250513,11:56:55,-37.6,
20250513,11:56:55,-38.1,
20250513,11:56:56,-38.2,
20250513,11:56:56,-38.2,
20250513,11:56:56,-38,
20250513,11:56:57,-37.8,
20250513,11:56:57,-37.5,
20250513,11:56:57,-37.4,
20250513,11:56:57,-37.4,
20250513,11:56:58,-37.5,
20250513,11:56:58,-37.5,
20250513,11:56:58,-37.4,
20250513,11:56:59,-37.4,
20250513,11:56:59,-37.4,
20250513,11:56:59,-37.5,
20250513,11:56:59,-37.5,
20250513,11:57:00,-37.4,
20250513,11:57:00,-37.5,
20250513,11:57:00,-37.4,
20250513,11:57:00,-37.5,
20250513,11:57:01,-37.4,
20250513,11:57:01,-37.3,
20250513,11:57:01,-37.3,
20250513,11:57:02,-37,
20250513,11:57:02,-36.8,
20250513,11:57:02,-36.6,
20250513,11:57:02,-36.5,
20250513,11:57:03,-36.2,
20250513,11:57:03,-36.2,
20250513,11:57:03,-36,
20250513,11:57:04,-35.7,
20250513,11:57:04,-35.4,
20250513,11:57:04,-35.4,
20250513,11:57:04,-35.3,
20250513,11:57:05,-34.9,
20250513,11:57:05,-34.8,
20250513,11:57:05,-34.9,
20250513,11:57:05,-35.1,
20250513,11:57:06,-35.7,
20250513,11:57:06,-36.2,
20250513,11:57:06,-36.9,
20250513,11:57:07,-37.2,
20250513,11:57:07,-37.4,
20250513,11:57:07,-37.4,
20250513,11:57:07,-37.3,
20250513,11:57:08,-37.3,
20250513,11:57:08,-37.1,
20250513,11:57:08,-36.9,
20250513,11:57:08,-36.9,
20250513,11:57:09,-37,
20250513,11:57:09,-37,
20250513,11:57:09,-36.9,
20250513,11:57:10,-36.8,
20250513,11:57:10,-36.8,
20250513,11:57:10,-36.7,
20250513,11:57:10,-36.5,
20250513,11:57:11,-36.4,
20250513,11:57:11,-36.2,
20250513,11:57:11,-35.9,
20250513,11:57:12,-35.7,
20250513,11:57:12,-36.1,
20250513,11:57:12,-37.7,
20250513,11:57:12,-40.1,
20250513,11:57:13,-41.6,
20250513,11:57:13,-41.3,
20250513,11:57:13,-40,
20250513,11:57:13,-38.4,
20250513,11:57:14,-37.1,
20250513,11:57:14,-35.8,
20250513,11:57:14,-34.5,
20250513,11:57:15,-34,
20250513,11:57:15,-34,
20250513,11:57:15,-34.9,
20250513,11:57:15,-36.3,
20250513,11:57:16,-37.7,
20250513,11:57:16,-39.1,
20250513,11:57:16,-40.3,
20250513,11:57:17,-41.3,
20250513,11:57:17,-42.2,
20250513,11:57:17,-42.6,
20250513,11:57:17,-43,
20250513,11:57:18,-43.4,
20250513,11:57:18,-43.6,
20250513,11:57:18,-43.8,
20250513,11:57:18,-43.7,
20250513,11:57:19,-43.9,
20250513,11:57:19,-44,
20250513,11:57:19,-44,
20250513,11:57:20,-44.4,
20250513,11:57:20,-45.1,
20250513,11:57:20,-46.2,
20250513,11:57:20,-46.5,
20250513,11:57:21,-46.4,
20250513,11:57:21,-46,
20250513,11:57:21,-45.7,
20250513,11:57:22,-45.4,
20250513,11:57:22,-45.1,
20250513,11:57:22,-45,
20250513,11:57:22,-44.6,
20250513,11:57:23,-44.5,
20250513,11:57:23,-44,
20250513,11:57:23,-43.8,
20250513,11:57:23,-43.6,
20250513,11:57:24,-43.4,
20250513,11:57:24,-43.1,
20250513,11:57:24,-43.2,
20250513,11:57:25,-43.5,
20250513,11:57:25,-44.2,
20250513,11:57:25,-44.4,
20250513,11:57:25,-44.3,
20250513,11:57:26,-44.1,
20250513,11:57:26,-43.7,
20250513,11:57:26,-43.3,
20250513,11:57:26,-42.9,
20250513,11:57:27,-42.5,
20250513,11:57:27,-42.1,
20250513,11:57:27,-42.1,
20250513,11:57:28,-43.1,
20250513,11:57:28,-44.8,
20250513,11:57:28,-44.7,
20250513,11:57:28,-42.7,
20250513,11:57:29,-40.7,
20250513,11:57:29,-39.4,
20250513,11:57:29,-38.8,
20250513,11:57:30,-39.2,
20250513,11:57:30,-39.7,
20250513,11:57:30,-40.4,
20250513,11:57:30,-40.9,
20250513,11:57:31,-41.3,
20250513,11:57:31,-41.6,
20250513,11:57:31,-41.7,
20250513,11:57:31,-41.7,
20250513,11:57:32,-41.7,
20250513,11:57:32,-41.7,
20250513,11:57:32,-41.6,
20250513,11:57:33,-41.4,
20250513,11:57:33,-41.3,
20250513,11:57:33,-41.2,
20250513,11:57:33,-41.2,
20250513,11:57:34,-41.1,
20250513,11:57:34,-41.2,
20250513,11:57:34,-41.4,
20250513,11:57:35,-41.7,
20250513,11:57:35,-41.8,
20250513,11:57:35,-41.9,
20250513,11:57:35,-41.7,
20250513,11:57:36,-41.6,
20250513,11:57:36,-41.3,
20250513,11:57:36,-41,
20250513,11:57:36,-40.9,
20250513,11:57:37,-40.6,
20250513,11:57:37,-40.5,
20250513,11:57:37,-40.4,
20250513,11:57:38,-40.2,
20250513,11:57:38,-40.1,
20250513,11:57:38,-40,
20250513,11:57:38,-39.9,
20250513,11:57:39,-39.7,
20250513,11:57:39,-39.6,
20250513,11:57:39,-39.4,
20250513,11:57:40,-39.2,
20250513,11:57:40,-39.1,
20250513,11:57:40,-39,
20250513,11:57:40,-39,
20250513,11:57:41,-38.7,
20250513,11:57:41,-38.6,
20250513,11:57:41,-38.3,
20250513,11:57:41,-38.3,
20250513,11:57:42,-38.1,
20250513,11:57:42,-38,
20250513,11:57:42,-37.7,
20250513,11:57:43,-37.7,
20250513,11:57:43,-37.4,
20250513,11:57:43,-37.4,
20250513,11:57:43,-37.3,
20250513,11:57:44,-37.1,
20250513,11:57:44,-37,
20250513,11:57:44,-36.9,
20250513,11:57:45,-37,
20250513,11:57:45,-37.1,
20250513,11:57:45,-36.9,
20250513,11:57:45,-36.7,
20250513,11:57:46,-36.6,
20250513,11:57:46,-36.3,
20250513,11:57:46,-36.3,
20250513,11:57:46,-36.1,
20250513,11:57:47,-36.1,
20250513,11:57:47,-36.5,
20250513,11:57:47,-37.4,
20250513,11:57:48,-38.2,
20250513,11:57:48,-38.8,
20250513,11:57:48,-39.2,
20250513,11:57:48,-39.4,
20250513,11:57:49,-39.4,
20250513,11:57:49,-39.2,
20250513,11:57:49,-39.2,
20250513,11:57:49,-39.2,
20250513,11:57:50,-39.2,
20250513,11:57:50,-39.1,
20250513,11:57:50,-38.9,
20250513,11:57:51,-38.7,
20250513,11:57:51,-38.6,
20250513,11:57:51,-38.4,
20250513,11:57:51,-38.3,
20250513,11:57:52,-38.1,
20250513,11:57:52,-38,
20250513,11:57:52,-37.9,
20250513,11:57:53,-37.7,
20250513,11:57:53,-37.6,
20250513,11:57:53,-37.5,
20250513,11:57:53,-37.4,
20250513,11:57:54,-37.2,
20250513,11:57:54,-37.1,
20250513,11:57:54,-36.8,
20250513,11:57:54,-36.7,
20250513,11:57:55,-36.6,
20250513,11:57:55,-36.4,
20250513,11:57:55,-36.2,
20250513,11:57:56,-36.2,
20250513,11:57:56,-36,
20250513,11:57:56,-35.9,
20250513,11:57:56,-35.8,
20250513,11:57:57,-35.7,
20250513,11:57:57,-35.5,
20250513,11:57:57,-35.1,
20250513,11:57:58,-34.9,
20250513,11:57:58,-34.6,
20250513,11:57:58,-34.4,
20250513,11:57:58,-34.2,
20250513,11:57:59,-34,
20250513,11:57:59,-33.8,
20250513,11:57:59,-33.5,
20250513,11:57:59,-33.3,
20250513,11:58:00,-33.1,
20250513,11:58:00,-32.9,
20250513,11:58:00,-32.7,
20250513,11:58:01,-32.5,
20250513,11:58:01,-32.3,
20250513,11:58:01,-32.3,
20250513,11:58:01,-32,
20250513,11:58:02,-31.8,
20250513,11:58:02,-31.6,
20250513,11:58:02,-31.5,
20250513,11:58:03,-31.4,
20250513,11:58:03,-31.2,
20250513,11:58:03,-31.1,
20250513,11:58:03,-31,
20250513,11:58:04,-30.9,
20250513,11:58:04,-30.6,
20250513,11:58:04,-30.5,
20250513,11:58:04,-30.2,
20250513,11:58:05,-29.9,
20250513,11:58:05,-29.7,
20250513,11:58:05,-29.5,
20250513,11:58:06,-29.2,
20250513,11:58:06,-29,
20250513,11:58:06,-28.9,
20250513,11:58:06,-28.7,
20250513,11:58:07,-28.5,
20250513,11:58:07,-28.5,
20250513,11:58:07,-28.2,
20250513,11:58:07,-28.2,
20250513,11:58:08,-28.1,
20250513,11:58:08,-28,
20250513,11:58:08,-27.9,
20250513,11:58:09,-27.9,
20250513,11:58:09,-27.6,
20250513,11:58:09,-27.5,
20250513,11:58:09,-27.3,
20250513,11:58:10,-27.2,
20250513,11:58:10,-27.1,
20250513,11:58:10,-26.8,
20250513,11:58:11,-26.6,
20250513,11:58:11,-26.4,
20250513,11:58:11,-26.3,
20250513,11:58:11,-26.1,
20250513,11:58:12,-26.1,
20250513,11:58:12,-25.9,
20250513,11:58:12,-25.8,
20250513,11:58:12,-25.9,
20250513,11:58:13,-25.9,
20250513,11:58:13,-25.9,
20250513,11:58:13,-25.8,
20250513,11:58:14,-25.8,
20250513,11:58:14,-25.7,
20250513,11:58:14,-25.6,
20250513,11:58:14,-25.5,
20250513,11:58:15,-25.5,
20250513,11:58:15,-25.4,
20250513,11:58:15,-25.2,
20250513,11:58:16,-25.1,
20250513,11:58:16,-25.3,
20250513,11:58:16,-25.5,
20250513,11:58:16,-25.8,
20250513,11:58:17,-26.1,
20250513,11:58:17,-26.3,
20250513,11:58:17,-26.5,
20250513,11:58:17,-28.1,
20250513,11:58:18,-30.8,
20250513,11:58:18,-33.2,
20250513,11:58:18,-35.1,
20250513,11:58:19,-36.5,
20250513,11:58:19,-36.9,
20250513,11:58:19,-36.5,
20250513,11:58:19,-36.1,
20250513,11:58:20,-35.7,
20250513,11:58:20,-36,
20250513,11:58:20,-36.6,
20250513,11:58:21,-37.5,
20250513,11:58:21,-38.2,
20250513,11:58:21,-38.9,
20250513,11:58:21,-39.6,
20250513,11:58:22,-40,
20250513,11:58:22,-40.4,
20250513,11:58:22,-40.4,
20250513,11:58:22,-40.3,
20250513,11:58:23,-40,
20250513,11:58:23,-39.8,
20250513,11:58:23,-39.4,
20250513,11:58:24,-39.2,
20250513,11:58:24,-39.1,
20250513,11:58:24,-38.9,
20250513,11:58:24,-38.5,
20250513,11:58:25,-38.3,
20250513,11:58:25,-37.9,
20250513,11:58:25,-37.5,
20250513,11:58:26,-37.3,
20250513,11:58:26,-36.9,
20250513,11:58:26,-36.6,
20250513,11:58:26,-36.3,
20250513,11:58:27,-36,
20250513,11:58:27,-35.7,
20250513,11:58:27,-35.4,
20250513,11:58:27,-35,
20250513,11:58:28,-34.8,
20250513,11:58:28,-34.3,
20250513,11:58:28,-34,
20250513,11:58:29,-33.7,
20250513,11:58:29,-33.3,
20250513,11:58:29,-33,
20250513,11:58:29,-32.7,
20250513,11:58:30,-32.4,
20250513,11:58:30,-32.1,
20250513,11:58:30,-31.9,
20250513,11:58:30,-31.6,
20250513,11:58:31,-31.3,
20250513,11:58:31,-31,
20250513,11:58:31,-30.7,
20250513,11:58:32,-30.4,
20250513,11:58:32,-30,
20250513,11:58:32,-29.8,
20250513,11:58:32,-29.5,
20250513,11:58:33,-29.4,
20250513,11:58:33,-29.6,
20250513,11:58:33,-30,
20250513,11:58:34,-30.6,
20250513,11:58:34,-31,
20250513,11:58:34,-31.3,
20250513,11:58:34,-31.2,
20250513,11:58:35,-31.1,
20250513,11:58:35,-30.7,
20250513,11:58:35,-30.4,
20250513,11:58:35,-29.9,
20250513,11:58:36,-29.7,
20250513,11:58:36,-29.3,
20250513,11:58:36,-29,
20250513,11:58:37,-28.7,
20250513,11:58:37,-28.4,
20250513,11:58:37,-28.1,
20250513,11:58:37,-27.9,
20250513,11:58:38,-27.7,
20250513,11:58:38,-27.5,
20250513,11:58:38,-27.3,
20250513,11:58:39,-27.1,
20250513,11:58:39,-26.8,
20250513,11:58:39,-26.6,
20250513,11:58:39,-26.4,
20250513,11:58:40,-26.3,
20250513,11:58:40,-26,
20250513,11:58:40,-25.7,
20250513,11:58:40,-25.5,
20250513,11:58:41,-25.4,
20250513,11:58:41,-25.1,
20250513,11:58:41,-24.8,
20250513,11:58:42,-24.6,
20250513,11:58:42,-24.5,
20250513,11:58:42,-24.3,
20250513,11:58:42,-24.1,
20250513,11:58:43,-23.8,
20250513,11:58:43,-23.7,
20250513,11:58:43,-23.5,
20250513,11:58:44,-23.2,
20250513,11:58:44,-23.1,
20250513,11:58:44,-23,
20250513,11:58:44,-23,
20250513,11:58:45,-23,
20250513,11:58:45,-23.2,
20250513,11:58:45,-23.2,
20250513,11:58:45,-23,
20250513,11:58:46,-23,
20250513,11:58:46,-22.9,
20250513,11:58:46,-22.8,
20250513,11:58:47,-22.8,
20250513,11:58:47,-22.7,
20250513,11:58:47,-22.6,
20250513,11:58:47,-22.4,
20250513,11:58:48,-22.5,
20250513,11:58:48,-22.5,
20250513,11:58:48,-22.6,
20250513,11:58:48,-22.6,
20250513,11:58:49,-22.5,
20250513,11:58:49,-22.5,
20250513,11:58:49,-22.9,
20250513,11:58:50,-23.9,
20250513,11:58:50,-25.1,
20250513,11:58:50,-26.1,
20250513,11:58:50,-26.7,
20250513,11:58:51,-27.2,
20250513,11:58:51,-27.6,
20250513,11:58:51,-27.8,
20250513,11:58:52,-27.7,
20250513,11:58:52,-27.7,
20250513,11:58:52,-27.5,
20250513,11:58:52,-27.4,
20250513,11:58:53,-27.2,
20250513,11:58:53,-27.2,
20250513,11:58:53,-26.9,
20250513,11:58:53,-26.7,
20250513,11:58:54,-26.5,
20250513,11:58:54,-26.3,
20250513,11:58:54,-26,
20250513,11:58:55,-25.8,
20250513,11:58:55,-25.6,
20250513,11:58:55,-25.5,
20250513,11:58:55,-25.3,
20250513,11:58:56,-25.1,
20250513,11:58:56,-25,
20250513,11:58:56,-24.7,
20250513,11:58:57,-24.7,
20250513,11:58:57,-24.5,
20250513,11:58:57,-24.4,
20250513,11:58:57,-24.3,
20250513,11:58:58,-24,
20250513,11:58:58,-23.9,
20250513,11:58:58,-23.8,
20250513,11:58:58,-23.6,
20250513,11:58:59,-23.4,
20250513,11:58:59,-23.1,
20250513,11:58:59,-22.9,
20250513,11:59:00,-22.7,
20250513,11:59:00,-22.6,
20250513,11:59:00,-22.5,
20250513,11:59:00,-22.6,
20250513,11:59:01,-22.6,
20250513,11:59:01,-22.7,
20250513,11:59:01,-22.6,
20250513,11:59:01,-22.4,
20250513,11:59:02,-22.4,
20250513,11:59:02,-22.1,
20250513,11:59:02,-22.1,
20250513,11:59:03,-22,
20250513,11:59:03,-21.9,
20250513,11:59:03,-21.8,
20250513,11:59:03,-21.7,
20250513,11:59:04,-21.5,
20250513,11:59:04,-21.4,
20250513,11:59:04,-21.2,
20250513,11:59:05,-21,
20250513,11:59:05,-20.7,
20250513,11:59:05,-20.5,
20250513,11:59:05,-20.4,
20250513,11:59:06,-20.2,
20250513,11:59:06,-20,
20250513,11:59:06,-19.9,
20250513,11:59:07,-19.8,
20250513,11:59:07,-19.9,
20250513,11:59:07,-19.8,
20250513,11:59:07,-19.8,
20250513,11:59:08,-19.6,
20250513,11:59:08,-19.5,
20250513,11:59:08,-19.5,
20250513,11:59:08,-19.3,
20250513,11:59:09,-19.2,
20250513,11:59:09,-19,
20250513,11:59:09,-18.9,
20250513,11:59:10,-18.7,
20250513,11:59:10,-18.7,
20250513,11:59:10,-18.5,
20250513,11:59:10,-18.3,
20250513,11:59:11,-18.2,
20250513,11:59:11,-18,
20250513,11:59:11,-17.9,
20250513,11:59:11,-17.8,
20250513,11:59:12,-17.8,
20250513,11:59:12,-17.6,
20250513,11:59:12,-17.6,
20250513,11:59:13,-17.6,
20250513,11:59:13,-17.9,
20250513,11:59:13,-18.4,
20250513,11:59:13,-18.7,
20250513,11:59:14,-18.9,
20250513,11:59:14,-19.1,
20250513,11:59:14,-19,
20250513,11:59:15,-18.9,
20250513,11:59:15,-18.8,
20250513,11:59:15,-18.7,
20250513,11:59:15,-18.6,
20250513,11:59:16,-18.4,
20250513,11:59:16,-18.3,
20250513,11:59:16,-18.2,
20250513,11:59:16,-18.2,
20250513,11:59:17,-18.1,
20250513,11:59:17,-18.1,
20250513,11:59:17,-18,
20250513,11:59:18,-18,
20250513,11:59:18,-17.8,
20250513,11:59:18,-17.8,
20250513,11:59:18,-17.7,
20250513,11:59:19,-17.6,
20250513,11:59:19,-17.5,
20250513,11:59:19,-17.4,
20250513,11:59:20,-17.2,
20250513,11:59:20,-17.2,
20250513,11:59:20,-17.1,
20250513,11:59:20,-16.9,
20250513,11:59:21,-16.9,
20250513,11:59:21,-16.8,
20250513,11:59:21,-16.7,
20250513,11:59:21,-16.7,
20250513,11:59:22,-16.6,
20250513,11:59:22,-16.5,
20250513,11:59:22,-16.3,
20250513,11:59:23,-16.2,
20250513,11:59:23,-16.1,
20250513,11:59:23,-16.1,
20250513,11:59:23,-16.1,
20250513,11:59:24,-16,
20250513,11:59:24,-15.9,
20250513,11:59:24,-15.8,
20250513,11:59:25,-15.6,
20250513,11:59:25,-15.5,
20250513,11:59:25,-15.4,
20250513,11:59:25,-15.2,
20250513,11:59:26,-15.2,
20250513,11:59:26,-15.4,
20250513,11:59:26,-16.2,
20250513,11:59:26,-17.4,
20250513,11:59:27,-18.7,
20250513,11:59:27,-19.7,
20250513,11:59:27,-19.7,
20250513,11:59:28,-19.7,
20250513,11:59:28,-19.5,
20250513,11:59:28,-19.6,
20250513,11:59:28,-19.9,
20250513,11:59:29,-20.1,
20250513,11:59:29,-20,
20250513,11:59:29,-19.8,
20250513,11:59:29,-19.7,
20250513,11:59:30,-19.5,
20250513,11:59:30,-19.3,
20250513,11:59:30,-19.2,
20250513,11:59:31,-19.1,
20250513,11:59:31,-19,
20250513,11:59:31,-18.9,
20250513,11:59:31,-18.7,
20250513,11:59:32,-18.7,
20250513,11:59:32,-18.6,
20250513,11:59:32,-18.5,
20250513,11:59:33,-18.4,
20250513,11:59:33,-18.4,
20250513,11:59:33,-18.4,
20250513,11:59:33,-18.4,
20250513,11:59:34,-18.3,
20250513,11:59:34,-18.3,
20250513,11:59:34,-18.3,
20250513,11:59:34,-18.4,
20250513,11:59:35,-18.4,
20250513,11:59:35,-18.3,
20250513,11:59:35,-18.3,
20250513,11:59:36,-18.1,
20250513,11:59:36,-17.9,
20250513,11:59:36,-17.8,
20250513,11:59:36,-17.6,
20250513,11:59:37,-17.3,
20250513,11:59:37,-17.2,
20250513,11:59:37,-17,
20250513,11:59:38,-17,
20250513,11:59:38,-17.3,
20250513,11:59:38,-17.8,
20250513,11:59:38,-18.3,
20250513,11:59:39,-18.9,
20250513,11:59:39,-19.4,
20250513,11:59:39,-19.7,
20250513,11:59:39,-19.8,
20250513,11:59:40,-19.8,
20250513,11:59:40,-19.8,
20250513,11:59:40,-19.7,
20250513,11:59:41,-19.6,
20250513,11:59:41,-19.6,
20250513,11:59:41,-19.7,
20250513,11:59:41,-19.8,
20250513,11:59:42,-19.5,
20250513,11:59:42,-19.5,
20250513,11:59:42,-19.5,
20250513,11:59:43,-19.5,
20250513,11:59:43,-19.5,
20250513,11:59:43,-19.4,
20250513,11:59:43,-19.4,
20250513,11:59:44,-20.4,
20250513,11:59:44,-21.8,
20250513,11:59:44,-22.9,
20250513,11:59:44,-23.7,
20250513,11:59:45,-23.9,
20250513,11:59:45,-23.9,
20250513,11:59:45,-24,
20250513,11:59:46,-24,
20250513,11:59:46,-24,
20250513,11:59:46,-24.1,
20250513,11:59:46,-24.2,
20250513,11:59:47,-24.1,
20250513,11:59:47,-23.9,
20250513,11:59:47,-23.8,
20250513,11:59:48,-23.5,
20250513,11:59:48,-23.2,
20250513,11:59:48,-23,
20250513,11:59:48,-22.9,
20250513,11:59:49,-22.6,
20250513,11:59:49,-22.4,
20250513,11:59:49,-22.2,
20250513,11:59:49,-22.1,
20250513,11:59:50,-21.8,
20250513,11:59:50,-21.7,
20250513,11:59:50,-21.4,
20250513,11:59:51,-21.2,
20250513,11:59:51,-21,
20250513,11:59:51,-20.8,
20250513,11:59:51,-20.6,
20250513,11:59:52,-20.4,
20250513,11:59:52,-20.3,
20250513,11:59:52,-20.1,
20250513,11:59:52,-20,
20250513,11:59:53,-20,
20250513,11:59:53,-20.1,
20250513,11:59:53,-20.2,
20250513,11:59:54,-20.2,
20250513,11:59:54,-20.2,
20250513,11:59:54,-20.1,
20250513,11:59:54,-19.9,
20250513,11:59:55,-19.6,
20250513,11:59:55,-19.5,
20250513,11:59:55,-19.3,
20250513,11:59:56,-19.1,
20250513,11:59:56,-19.4,
20250513,11:59:56,-20.2,
20250513,11:59:56,-21.2,
20250513,11:59:57,-21.8,
20250513,11:59:57,-22.1,
20250513,11:59:57,-22.2,
20250513,11:59:57,-22.4,
20250513,11:59:58,-22.9,
20250513,11:59:58,-23.8,
20250513,11:59:58,-24.6,
20250513,11:59:59,-25.3,
20250513,11:59:59,-25.5,
20250513,11:59:59,-25.6,
20250513,11:59:59,-25.6,
20250513,12:00:00,-25.5,
20250513,12:00:00,-25.5,
20250513,12:00:00,-25.5,
20250513,12:00:01,-25.5,
20250513,12:00:01,-25.5,
20250513,12:00:01,-25.5,
20250513,12:00:01,-25.4,
20250513,12:00:02,-25.1,
20250513,12:00:02,-24.8,
20250513,12:00:02,-24.6,
20250513,12:00:02,-24.3,
20250513,12:00:03,-24,
20250513,12:00:03,-23.9,
20250513,12:00:03,-23.8,
20250513,12:00:04,-23.8,
20250513,12:00:04,-23.7,
20250513,12:00:04,-23.6,
20250513,12:00:04,-23.5,
20250513,12:00:05,-23.5,
20250513,12:00:05,-23.5,
20250513,12:00:05,-23.4,
20250513,12:00:06,-23.3,
20250513,12:00:06,-23,
20250513,12:00:06,-22.9,
20250513,12:00:06,-22.7,
20250513,12:00:07,-22.4,
20250513,12:00:07,-22.2,
20250513,12:00:07,-22.1,
20250513,12:00:07,-21.9,
20250513,12:00:08,-21.7,
20250513,12:00:08,-21.5,
20250513,12:00:08,-21.2,
20250513,12:00:09,-21.1,
20250513,12:00:09,-20.9,
20250513,12:00:09,-20.7,
20250513,12:00:09,-20.6,
20250513,12:00:10,-20.4,
20250513,12:00:10,-20.2,
20250513,12:00:10,-20,
20250513,12:00:10,-19.8,
20250513,12:00:11,-19.5,
20250513,12:00:11,-19.4,
20250513,12:00:11,-19.3,
20250513,12:00:12,-19,
20250513,12:00:12,-18.9,
20250513,12:00:12,-18.7,
20250513,12:00:12,-18.5,
20250513,12:00:13,-18.4,
20250513,12:00:13,-18.2,
20250513,12:00:13,-18,
20250513,12:00:14,-17.8,
20250513,12:00:14,-17.7,
20250513,12:00:14,-17.5,
20250513,12:00:14,-17.4,
20250513,12:00:15,-17.2,
20250513,12:00:15,-17.1,
20250513,12:00:15,-16.9,
20250513,12:00:15,-16.7,
20250513,12:00:16,-16.6,
20250513,12:00:16,-16.5,
20250513,12:00:16,-16.4,
20250513,12:00:17,-16.3,
20250513,12:00:17,-16.1,
20250513,12:00:17,-16.1,
20250513,12:00:17,-16,
20250513,12:00:18,-16,
20250513,12:00:18,-15.9,
20250513,12:00:18,-16.1,
20250513,12:00:19,-16.7,
20250513,12:00:19,-17.5,
20250513,12:00:19,-18.2,
20250513,12:00:19,-18.7,
20250513,12:00:20,-19,
20250513,12:00:20,-19.1,
20250513,12:00:20,-19.1,
20250513,12:00:20,-19,
20250513,12:00:21,-18.9,
20250513,12:00:21,-18.7,
20250513,12:00:21,-18.7,
20250513,12:00:22,-18.6,
20250513,12:00:22,-18.4,
20250513,12:00:22,-18.3,
20250513,12:00:22,-18.2,
20250513,12:00:23,-18.1,
20250513,12:00:23,-18,
20250513,12:00:23,-17.8,
20250513,12:00:24,-17.8,
20250513,12:00:24,-17.7,
20250513,12:00:24,-17.5,
20250513,12:00:24,-17.4,
20250513,12:00:25,-17.2,
20250513,12:00:25,-17.1,
20250513,12:00:25,-16.9,
20250513,12:00:25,-16.8,
20250513,12:00:26,-16.8,
20250513,12:00:26,-16.7,
20250513,12:00:26,-16.6,
20250513,12:00:27,-16.5,
20250513,12:00:27,-16.3,
20250513,12:00:27,-16.3,
20250513,12:00:27,-16.2,
20250513,12:00:28,-16.1,
20250513,12:00:28,-16.1,
20250513,12:00:28,-16.1,
20250513,12:00:29,-16.1,
20250513,12:00:29,-16.1,
20250513,12:00:29,-16,
20250513,12:00:29,-15.9,
20250513,12:00:30,-15.9,
20250513,12:00:30,-15.8,
20250513,12:00:30,-15.8,
20250513,12:00:30,-15.7,
20250513,12:00:31,-15.5,
20250513,12:00:31,-15.4,
20250513,12:00:31,-15.3,
20250513,12:00:32,-15.2,
20250513,12:00:32,-15.1,
20250513,12:00:32,-14.9,
20250513,12:00:32,-14.8,
20250513,12:00:33,-14.6,
20250513,12:00:33,-14.4,
20250513,12:00:33,-14.4,
20250513,12:00:33,-14.3,
20250513,12:00:34,-14.2,
20250513,12:00:34,-14.1,
20250513,12:00:34,-14,
20250513,12:00:35,-13.8,
20250513,12:00:35,-13.7,
20250513,12:00:35,-13.6,
20250513,12:00:35,-13.5,
20250513,12:00:36,-13.4,
20250513,12:00:36,-13.4,
20250513,12:00:36,-13.3,
20250513,12:00:37,-13.1,
20250513,12:00:37,-13,
20250513,12:00:37,-12.9,
20250513,12:00:37,-12.8,
20250513,12:00:38,-12.7,
20250513,12:00:38,-12.7,
20250513,12:00:38,-12.5,
20250513,12:00:38,-12.4,
20250513,12:00:39,-12.4,
20250513,12:00:39,-12.2,
20250513,12:00:39,-12.2,
20250513,12:00:40,-12.1,
20250513,12:00:40,-12.1,
20250513,12:00:40,-12,
20250513,12:00:40,-11.9,
20250513,12:00:41,-11.8,
20250513,12:00:41,-11.7,
20250513,12:00:41,-11.6,
20250513,12:00:42,-11.6,
20250513,12:00:42,-11.5,
20250513,12:00:42,-11.4,
20250513,12:00:42,-11.4,
20250513,12:00:43,-11.3,
20250513,12:00:43,-11.3,
20250513,12:00:43,-11.2,
20250513,12:00:43,-11.1,
20250513,12:00:44,-11,
20250513,12:00:44,-11,
20250513,12:00:44,-11,
20250513,12:00:45,-10.9,
20250513,12:00:45,-10.9,
20250513,12:00:45,-11,
20250513,12:00:45,-11.2,
20250513,12:00:46,-11.4,
20250513,12:00:46,-11.5,
20250513,12:00:46,-11.5,
20250513,12:00:46,-11.4,
20250513,12:00:47,-11.4,
20250513,12:00:47,-11.7,
20250513,12:00:47,-11.9,
20250513,12:00:48,-12.1,
20250513,12:00:48,-12.3,
20250513,12:00:48,-12.4,
20250513,12:00:48,-12.4,
20250513,12:00:49,-12.5,
20250513,12:00:49,-12.6,
20250513,12:00:49,-12.7,
20250513,12:00:50,-12.8,
20250513,12:00:50,-12.9,
20250513,12:00:50,-13,
20250513,12:00:50,-13.1,
20250513,12:00:51,-13.2,
20250513,12:00:51,-13.2,
20250513,12:00:51,-13.2,
20250513,12:00:51,-13.1,
20250513,12:00:52,-13,
20250513,12:00:52,-12.8,
20250513,12:00:52,-12.8,
20250513,12:00:53,-12.7,
20250513,12:00:53,-12.7,
20250513,12:00:53,-12.7,
20250513,12:00:53,-12.6,
20250513,12:00:54,-12.6,
20250513,12:00:54,-12.5,
20250513,12:00:54,-12.3,
20250513,12:00:55,-12.2,
20250513,12:00:55,-12.1,
20250513,12:00:55,-12,
20250513,12:00:55,-11.9,
20250513,12:00:56,-11.9,
20250513,12:00:56,-11.8,
20250513,12:00:56,-11.7,
20250513,12:00:56,-11.6,
20250513,12:00:57,-11.5,
20250513,12:00:57,-11.3,
20250513,12:00:57,-11.3,
20250513,12:00:58,-11.2,
20250513,12:00:58,-11.4,
20250513,12:00:58,-11.5,
20250513,12:00:58,-11.6,
20250513,12:00:59,-11.6,
20250513,12:00:59,-11.5,
20250513,12:00:59,-11.3,
20250513,12:01:00,-11.1,
20250513,12:01:00,-11,
20250513,12:01:00,-11,
20250513,12:01:00,-11.1,
20250513,12:01:01,-11.1,
20250513,12:01:01,-11.3,
20250513,12:01:01,-11.4,
20250513,12:01:01,-11.5,
20250513,12:01:02,-11.5,
20250513,12:01:02,-11.5,
20250513,12:01:02,-11.5,
20250513,12:01:03,-11.5,
20250513,12:01:03,-11.4,
20250513,12:01:03,-11.4,
20250513,12:01:03,-11.4,
20250513,12:01:04,-11.4,
20250513,12:01:04,-11.4,
20250513,12:01:04,-11.2,
20250513,12:01:04,-11.2,
20250513,12:01:05,-11.1,
20250513,12:01:05,-11,
20250513,12:01:05,-10.9,
20250513,12:01:06,-10.9,
20250513,12:01:06,-10.9,
20250513,12:01:06,-10.9,
20250513,12:01:06,-11,
20250513,12:01:07,-10.9,
20250513,12:01:07,-10.8,
20250513,12:01:07,-10.8,
20250513,12:01:08,-10.7,
20250513,12:01:08,-10.9,
20250513,12:01:08,-11,
20250513,12:01:08,-11.1,
20250513,12:01:09,-11.3,
20250513,12:01:09,-11.8,
20250513,12:01:09,-12.7,
20250513,12:01:10,-13.6,
20250513,12:01:10,-14.3,
20250513,12:01:10,-14.8,
20250513,12:01:10,-15.2,
20250513,12:01:11,-15.4,
20250513,12:01:11,-15.8,
20250513,12:01:11,-15.9,
20250513,12:01:11,-16,
20250513,12:01:12,-16.1,
20250513,12:01:12,-16,
20250513,12:01:12,-16,
20250513,12:01:13,-16,
20250513,12:01:13,-16,
20250513,12:01:13,-15.8,
20250513,12:01:13,-15.8,
20250513,12:01:14,-15.7,
20250513,12:01:14,-15.6,
20250513,12:01:14,-15.5,
20250513,12:01:14,-15.4,
20250513,12:01:15,-15.3,
20250513,12:01:15,-15.3,
20250513,12:01:15,-15.3,
20250513,12:01:16,-15.2,
20250513,12:01:16,-15.2,
20250513,12:01:16,-15.1,
20250513,12:01:16,-14.8,
20250513,12:01:17,-14.7,
20250513,12:01:17,-14.5,
20250513,12:01:17,-14.4,
20250513,12:01:18,-14.2,
20250513,12:01:18,-14,
20250513,12:01:18,-13.9,
20250513,12:01:18,-13.8,
20250513,12:01:19,-13.9,
20250513,12:01:19,-14.4,
20250513,12:01:19,-14.7,
20250513,12:01:19,-14.8,
20250513,12:01:20,-14.7,
20250513,12:01:20,-14.4,
20250513,12:01:20,-14.3,
20250513,12:01:21,-14.2,
20250513,12:01:21,-14.2,
20250513,12:01:21,-14.4,
20250513,12:01:21,-14.4,
20250513,12:01:22,-14.5,
20250513,12:01:22,-14.7,
20250513,12:01:22,-15.1,
20250513,12:01:23,-15.5,
20250513,12:01:23,-16,
20250513,12:01:23,-16.1,
20250513,12:01:23,-16.2,
20250513,12:01:24,-16.3,
20250513,12:01:24,-16.3,
20250513,12:01:24,-16.2,
20250513,12:01:24,-16.2,
20250513,12:01:25,-16.1,
20250513,12:01:25,-16.1,
20250513,12:01:25,-16,
20250513,12:01:26,-16.4,
20250513,12:01:26,-17.5,
20250513,12:01:26,-19.8,
20250513,12:01:26,-21.2,
20250513,12:01:27,-20.7,
20250513,12:01:27,-20.1,
20250513,12:01:27,-19.6,
20250513,12:01:27,-19.8,
20250513,12:01:28,-20.4,
20250513,12:01:28,-21.2,
20250513,12:01:28,-22.4,
20250513,12:01:29,-23.7,
20250513,12:01:29,-25,
20250513,12:01:29,-26.1,
20250513,12:01:29,-27.4,
20250513,12:01:30,-28.5,
20250513,12:01:30,-29.5,
20250513,12:01:30,-30.4,
20250513,12:01:31,-31.2,
20250513,12:01:31,-31.8,
