Subject_ID,Stage,max,min,median,mean,var,rms,diff1_mean,diff2_mean,diff1_std,diff2_std,freq0,freq1,freq2,freq3,freq4,freq5,freq6,freq7
20250408-00999099,Rest,15.6,-17.9,-8.782016517716402,-7.823817194758022,65.58668301082932,11.260497258461573,-0.07162838771433254,-0.0006825739642387889,0.4370792209283517,0.12155896322387845,3074.477775404875,277.04907111894676,32.18447374990928,5.984278531713808,1.0157748069234094,0.813604209556756,0.44547589340782323,0.14280736171751982
20250408-00999099,Positive,-18.3,-29.9,-26.582590664869986,-26.017394212835125,5.074023952497572,26.114724306003385,-0.029400140490828473,0.0008982872142687757,0.37860733254769174,0.1737594640032559,251.2310993823558,38.27284216027434,7.5150408979420105,6.037570199803422,2.3811500762984155,1.543129263610174,0.4022830133252339,0.6151200601360752
20250408-00999099,Neutral,-22.5,-32.5,-27.733825440292545,-27.465328401466063,2.37486446276315,27.508528289662124,0.0003573165850284577,0.0006210554531486121,0.30938205066761304,0.1570073958063767,193.45662770417144,67.55193135000962,153.59749267892767,19.332810327197652,5.228070186816664,2.4359383913188637,1.8414964984893925,0.9161814437981022
20250408-00999099,Negative,26.4,-15.4,14.369907649498511,11.024990936678021,123.08241032377587,15.64074280453484,0.03288594084879523,-7.835043478460728e-05,0.4823916193282752,0.2775591029411236,13832.506740124009,274.6035594918444,222.960495411577,29.763074305853774,24.69008082069288,11.375714674542818,7.985930649210689,3.215678016704122
20250408-01105283,Rest,22.2,14.4,18.23086844640425,17.949255599051856,5.261272911103853,18.09522173036844,-0.011362140665602287,-6.104298605436043e-07,0.07946296130327253,0.05280547801584339,151.2078683337944,7.0538048374267355,0.4119022885421815,0.18527318589636346,0.16558590084552546,0.14286814829410352,0.09846791757706552,0.08390033420541954
20250408-01105283,Positive,19.0,14.2,16.606528672103497,16.689998351423196,1.2578244908781726,16.727637892463694,0.007666624098725653,-5.770563908503278e-05,0.07928576009972228,0.042848278723464285,79.940355711295,7.86730052679752,1.6375900518767812,0.21726638261058684,0.15689444182821277,0.16481653148755765,0.04558548225013844,0.11283500640826202
20250408-01105283,Neutral,20.0,-11.1,14.650781833058083,8.493328836195884,123.22835832054099,13.977302781305752,-0.03419213166199448,0.0002166043310174903,0.3619606694456431,0.1556144118358561,15794.508447982309,329.59646977980645,42.654091768059544,16.7597169745449,13.922329736743706,4.63515559758807,1.4388193904140898,0.64924172927908
20250408-01105283,Negative,5.2,-10.7,-4.9475123202111595,-3.845749954321146,15.856728889653672,5.535930057435225,-0.002368555747675771,-5.57329296798379e-05,0.23760511287317232,0.14637813172353778,2151.788784983764,26.964189584968718,12.386030569858514,4.951034256068786,6.838775612510585,3.828588377820221,3.153604945623191,2.3897535484949404
20250408-03118448,Rest,3.6,-14.4,-1.5732191090883736,-2.82501924761969,23.30395196469893,5.593271467944376,0.04222986004908477,0.0001663119935735396,0.21167461138009414,0.09859648658652402,1087.3763417730868,115.17844386597534,9.611781268254113,3.495490644313061,2.957359373659893,0.5507253118830597,1.0526244810127294,0.2954632675496076
20250408-03118448,Positive,4.0,-14.9,-6.740665681910917,-5.162655272268871,26.827817835011007,7.313058682609936,-0.003061787815058607,0.0002843582863352702,0.41964641480290166,0.18699706396229737,1817.0318658968658,132.87000831431945,49.823097874417414,40.85186159300301,9.886424311306158,4.205402886114911,3.4833719861362598,0.6561628749807494
20250408-03118448,Neutral,3.7,-13.1,-2.827018450722899,-3.648619821458579,21.911127112107128,5.93494344654164,-0.008083016615885891,3.532907768494274e-05,0.2264558430652626,0.11038153394081965,4700.388470739175,16.036089696881643,4.096746340696147,4.893108339028399,0.24620871091867508,1.1353983414659912,1.6810047094622866,0.503875999544199
20250408-03118448,Negative,6.8,-8.6,-1.1677614704519097,-1.138124245275741,9.538478054678125,3.291474571125015,0.007181933485012886,0.00010493365521207616,0.3665694051929638,0.20778217053710196,1065.730205266159,72.27339984079381,38.85933129068588,16.182392270316228,6.703319449764613,5.6329052243391615,2.229705680146809,1.031538051522988
20250408-05822690,Rest,-41.4,-114.3,-81.61748265321266,-81.504768053255,12.075517212704959,81.57881301310778,0.015543752982936022,-0.001697895576897776,0.4229893137511169,0.35149519724577966,539.4514113520494,222.96314828328119,44.88784482348599,0.08624238556897863,0.8612264939124332,1.480192079994514,0.22825668477138297,0.2664057391942472
20250408-05822690,Positive,-43.4,-113.6,-84.4592468308947,-84.16972066984843,13.142514911345723,84.24775600899798,0.006144009551203367,-0.0011634359482392209,0.5950786371781354,0.9581780248097791,946.393819371385,145.27001289183195,26.85008802875119,0.09537908115812994,0.46469595273766284,0.7374349740889835,0.1692248494651432,0.04950582238913558
20250408-05822690,Neutral,-39.6,-114.2,-86.89090059183579,-87.64419168407507,17.84772971881911,87.74595184778448,-0.026949334028481504,0.0013577417348448525,0.5060424244270202,0.545539151740251,662.2423448911334,556.3990223658739,73.1608566286043,0.05924059590552906,1.330233898546215,2.5400371535498314,0.47452282036969273,0.1831965899705932
20250408-05822690,Negative,-34.0,-115.1,-74.35150461124366,-75.9376191991326,40.70299869363435,76.20515079918228,0.0328924556914502,-0.002132204067568466,0.7048664909417786,0.21794746742140408,1529.0537549747323,1630.9607087336015,141.96762735257323,0.10118354937198189,3.1082679782056473,9.619965038701324,1.1845166992538605,0.3522875042979845
20250408-2400092931,Rest,13.8,-1.8,7.3358349272927,6.837480468448573,9.285551002752195,7.485765836517192,0.018805968430428133,0.001976779942912347,0.5908436935492718,0.2803623994881095,457.3839619092823,104.81241492694247,59.794827116569905,55.0498388317584,6.430118493341446,10.009051119186987,4.78353147299706,0.5554308130636704
20250408-2400092931,Positive,16.1,5.9,11.24331666235282,11.052396959718532,3.112820070719412,11.192332135257374,-0.01589288854219279,-0.002833489531211207,0.3860826125777417,0.21612675697248604,153.12531889675282,56.15726019367557,18.672897863338427,12.163253514319921,4.601456605836863,2.391294073559814,0.6869441840228474,0.6615164379867636
20250408-2400092931,Neutral,15.2,8.5,11.69856616167072,11.721314087251981,2.186936232413877,11.814234641500297,-0.00310225004534361,-0.00245142167772942,0.2826870326839128,0.15132285690894356,157.8979576258114,105.21340405595588,44.85759570004612,7.993702895272325,7.976412802769092,4.289380554946126,0.6890362406894329,1.0181299663308532
20250408-2400092931,Negative,15.6,3.2,10.451216694875605,10.219153421672951,6.770369155535355,10.54521056267846,-0.0030638922199349434,-0.00030899390363286843,0.28551599323677873,0.15532465306616614,326.2896624920044,134.8813322411284,47.50763274540469,17.576542142642715,6.079475274433927,3.6204516898348036,1.7763306366560636,0.48330665035750336
20250408-2400278857,Rest,17.6,0.0,13.483504961670976,11.69249431118771,24.391804365748836,12.692762803381532,0.037628580106873456,0.0001460767690309803,0.3543260011032253,0.2007864324830619,867.6433509271824,123.76097460561327,29.274925993165215,5.475104548991849,3.7427882912777513,1.1786048021863125,0.703387475155037,0.06024035105299719
20250408-2400278857,Positive,22.2,11.1,17.408607095387374,17.20312938062423,4.661405057440515,17.338081368592583,-0.00271875293870244,-0.0008186652630054208,0.27044940621757046,0.1881797905491051,313.7107726781967,73.02014158569979,18.248158665999405,2.009748549758217,1.2612134370344257,0.3999359548007597,0.36971979026726404,0.7077816602514058
20250408-2400278857,Neutral,15.3,-8.7,1.9728978136922692,1.8810996986628263,47.23458649094006,7.125526125644999,-0.04189045603451925,-0.0004953556732853433,0.19888142466785538,0.09216283090600966,1771.829180180885,94.59507982733075,22.327568151468878,6.071666433729954,5.732653902050583,1.0352113973663408,0.31604379899531254,0.28946410420191854
20250408-2400278857,Negative,21.8,-9.4,11.030936412740765,9.040471854901345,55.73804417944423,11.724682321440849,0.014150101362790688,0.0005111387893464772,0.3531894027345597,0.23020355873654688,5562.897439873643,312.3828394089233,31.5987386888984,18.29144266134599,3.635047534290077,1.1935292204397023,1.2698203943012025,1.1882971024495295
20250408-2400338971,Rest,-2.5,-12.6,-6.874251995670708,-6.934946424020052,5.944308598151604,7.35104009662443,0.023354604921062744,0.0008092296628262735,0.2226959829143043,0.11245173282675529,141.5478616001645,23.252415063841177,18.711847740087563,6.58121936177689,3.248710722986521,0.7435569946811875,0.3738430922442073,0.3404042132591377
20250408-2400338971,Positive,-2.6,-6.1,-4.216830657200139,-4.271329977755125,0.6714609101832129,4.3492206990509015,-0.009309959575662339,0.00035081080149995414,0.12402979464494218,0.07247346692990855,53.939283667422266,3.412412836700659,2.0238991243454763,1.271989404922354,0.37555404784555557,0.8307027926987723,0.23935516594663872,0.0511355263461458
20250408-2400338971,Neutral,-4.3,-8.5,-5.810472504357666,-5.864800522398958,0.5794566022175025,5.913995415093639,0.000832397588805776,0.00010131298732507678,0.15422058091559532,0.08801432566430824,65.78638483600189,23.501493925908427,9.89663522922598,1.611709778599702,4.483900924301728,1.339817680978969,0.5240898537432475,0.21608414007051904
20250408-2400338971,Negative,6.4,-8.6,2.7084944739320984,0.8606205173590762,16.535716362646948,4.156486982723073,0.014920698094055393,1.9919222944077374e-05,0.11103851152569913,0.06056012289540492,1229.454007230708,28.035735992224804,5.531440430786283,1.802953866557945,1.2196862155575934,0.48017294109714964,0.5434598515001305,0.32084070311042157
20250408-2400418077,Rest,7.6,-8.1,-1.1947438370897367,-0.8152238929380828,14.696676980133939,3.9193452228339187,-0.02516504355148654,-0.001273994870498824,0.4574671696095375,0.2359273842914256,450.86753905559425,98.30589480375099,42.38334073703717,19.59470402655308,3.8611282086490135,2.571618745414155,3.268072413539026,0.9527740353706456
20250408-2400418077,Positive,0.8,-18.3,-9.40661112721878,-9.211446517806735,9.452722051745443,9.710997322734638,0.004071614327100125,-0.0006812524791255672,0.583822063698976,0.30364114864159353,752.738103122888,288.6844123971545,152.8770220066213,57.27627974977903,40.017620392914935,22.497047128955273,8.344072329148421,6.541407624942707
20250408-2400418077,Neutral,6.6,-13.3,-6.5564986747922145,-6.8765606613934995,13.063675333538574,7.7685752788631195,0.003999790383363865,0.0012685841340691762,0.5062809856821938,0.29237418215917,1281.096433618035,98.84287411944617,51.829087811546366,2.961910403759441,17.50856832245613,6.640496819845451,2.631128636524001,1.4415540908352436
20250408-2400418077,Negative,20.5,-7.7,8.014422353211767,7.982258503569734,34.094764460034426,9.88995527178186,0.01354419241214899,2.1816698440905662e-05,0.5936751608660932,0.35075719246134857,2501.885339665117,214.5237803023509,153.06606201812062,120.8445831145604,42.3184947439788,29.10618690483628,9.452658740820333,3.9382066187845024
20250408-2400872042,Rest,0.0,-15.4,-7.191811802667225,-8.423348890798787,19.957265883905787,9.53467736318471,-0.019037395605807247,0.00010117305397245372,0.17009012731476303,0.08019930998342524,1822.4122990222747,9.622041744466184,2.4635284799444346,4.51674868883385,0.7251939730180345,0.2058479085986821,0.32947836160289257,0.4790224131622567
20250408-2400872042,Positive,-7.0,-15.6,-9.61240739167059,-10.183398448622777,4.7184599592877206,10.412495566515286,0.018748128075191033,-0.00015870382011469645,0.12523557432885105,0.07138542056070026,88.79570561945667,2.048231875271838,1.0910396302603882,1.1968603568981186,0.22754354779112002,0.16117170451169227,0.021700308975863683,0.032246019149691364
20250408-2400872042,Neutral,-4.6,-9.2,-6.47342887895074,-6.5416207096294645,0.4969345018277218,6.579493598331167,-0.0009242400609190666,0.0010754465894249566,0.12681761050087959,0.08177719820607962,54.64102854866892,3.499589394768838,10.326600811460365,3.9960979973033273,0.7639246701727084,1.0946732205555332,0.7254396035144037,0.4836696121322924
20250408-2400872042,Negative,-3.7,-12.8,-7.888374088551102,-7.819699421860088,5.127801487073238,8.140976632770311,-0.006486767393543519,4.2976776260259803e-05,0.1700849238782576,0.09317212170805346,591.6529920905276,51.811712557384915,10.158755430679214,3.9101098620675407,0.6538286174695741,1.2907764118580016,0.1338997671301641,0.09944606623198585
20250408-2400874426,Rest,-9.5,-15.7,-12.409922544226086,-12.458493672899914,1.4924398053955277,12.518246858209928,0.008894453113686012,-0.0009550600480463303,0.20717224189548852,0.13080751940651708,53.63017531480592,27.242685698158056,5.498732917630017,6.615906265651583,8.476973134840096,1.5011947153197587,0.5042449123796494,0.6613468799323856
20250408-2400874426,Positive,-7.2,-13.1,-10.527464271688626,-10.45672008065274,1.1780873644554901,10.512900751437812,0.0065175553067979885,-1.3149471589514786e-05,0.19356436275082167,0.11585861103293095,55.66568051982744,8.471053566407473,3.6697923368651386,1.567787596247581,0.9046971211853126,0.4197881189377658,0.3018270528018139,0.2555898249075592
20250408-2400874426,Neutral,-3.8,-13.1,-8.257385066699559,-8.572681677621707,2.7652191481440824,8.732473320541839,0.006598859051571271,0.001446405914605694,0.23150962179300175,0.14865646906437638,232.27928735225169,35.1387148284693,18.622639765351742,11.217181832603526,6.924927657175329,1.3689946353884943,1.0041612420897947,1.2827393306284407
20250408-2400874426,Negative,-0.8,-7.5,-4.884583109062367,-4.648386585011112,1.639713455740567,4.821536197048804,0.0024498767122362658,-7.908226293007703e-05,0.15299591176019767,0.10027029450827883,202.83243386683006,8.475504639205042,7.598287806145072,3.751374935403113,2.0882932434247508,1.7291199554022403,1.1856616413990584,0.4045345884921975
20250408-2400999174,Rest,-54.4,-63.5,-60.83249656886869,-60.110323037859466,5.191058239156481,60.153486964223234,-0.022231885424800927,0.0010703590108908025,0.20616326183019584,0.1489812214960995,285.0580153069809,17.651041825164047,5.505606914130492,2.998987384231527,0.7756193119217376,0.7220528296956366,0.2724844717440165,0.1318373908840167
20250408-2400999174,Positive,-52.1,-62.0,-57.341791589217685,-57.332084978018145,5.086525543398766,57.37642802989824,0.011887440797637209,-0.004177159082547842,0.19930212728960553,0.0760569923330147,429.1981994432561,14.959669615198107,1.674937142082671,0.6965687511715702,0.5215092505073846,0.28679647614667664,0.0619737557581227,0.0236582137008665
20250408-2400999174,Neutral,-56.2,-62.3,-60.149144899214605,-59.91160714067635,1.804308179761299,59.92666333409948,-0.003962432449482424,-0.0005657979837185873,0.09408005409580623,0.05010394658127738,171.05961240421803,8.492655681126562,2.6773197621635436,1.715728922307253,0.7652808169693472,0.2425377947850516,0.13736795143737732,0.08763956126715212
20250408-2400999174,Negative,3.1,-62.9,-7.470295260877944,-21.587974576488776,501.32915870761593,31.102569106469996,0.07344224147805876,-7.352554390473605e-05,0.36123863383950494,0.19552431209549226,55637.29251463813,242.05352682619488,23.074465872258962,31.444948534950303,8.872317620113531,4.685901962798512,1.9428797152417527,1.2296638779969227
20250408-2500040990,Rest,-8.2,-25.6,-18.91920482409489,-18.03595162787313,15.475147908249797,18.45997559671272,0.013356329358580436,-0.0046038008942607496,0.6141799479757567,0.39563900477093455,738.2270354085299,125.87981970359354,71.89334819927488,29.66162535731916,23.419065867255338,16.501679861765354,10.43001163604264,4.671793249192131
20250408-2500040990,Positive,-11.3,-23.0,-17.274731367017043,-17.13514509753062,6.324301021970075,17.31870371983417,0.0135530117303029,0.0022254955691401986,0.4017523078022698,0.25525664871751047,443.1211698469963,47.64206979694338,15.334291822784014,8.007331934594863,5.234236773775702,2.33885376364349,2.657664434049086,1.7156584780625797
20250408-2500040990,Neutral,-8.6,-21.2,-16.638060980051563,-16.31751234933154,5.479353836915946,16.484555289952567,-0.009164624625936615,0.001658613010716113,0.5458806760578333,0.3613552497803036,305.92639779617207,120.43478277218261,58.10308934735599,73.56938871091346,41.60549232550424,24.676209309970893,11.77883886396829,6.378681265076506
20250408-2500040990,Negative,5.7,-24.4,-6.630191617320508,-7.564453833924949,52.23424311651222,10.462084157666391,0.0047204618777888585,-0.00010256903823942183,0.8170586869174067,0.4672909765787684,6547.618017526173,826.3487691579099,377.59397482178326,226.391369374883,40.853919711717474,16.034755321643598,20.33711113657766,12.914862171950686
20250408-2500134878,Rest,18.8,5.6,10.959612187092066,11.729849697346058,10.627852310837905,12.174449730200019,0.01822132747740827,0.0020917726249662888,0.3807848494672571,0.24035790518259062,365.0669552926768,19.82118605333427,14.147871814000208,7.0158824479034045,6.045567139628399,4.920468442869865,2.8234667187699323,2.323124662007849
20250408-2500134878,Positive,23.4,13.7,17.71304331282669,17.85080269137844,4.050324849557649,17.963893831129194,-0.009051135333246061,-0.0003209887826776988,0.2616704590776888,0.15616125181650747,69.626032239222,7.221126824729784,6.437435756068011,6.368082661720523,4.870931632050852,0.638686204626442,0.9399445069728065,0.1575135833784248
20250408-2500134878,Neutral,19.7,11.9,16.070117469563243,15.889365621757419,3.3867447078006174,15.995583283196869,0.0104241732329586,0.0016429092295027169,0.24748346925109233,0.15858231675711443,351.6884118601782,29.70043272221899,4.91685612673329,3.4385739638354447,2.797874604480186,2.5272416086495535,1.0895326940941956,0.827934604940209
20250408-2500134878,Negative,21.1,9.9,15.632199650177252,15.661690274546224,7.714707524113908,15.906075876215656,-0.013503481402144125,-0.00024019831911156186,0.19497190821659974,0.10737120477780003,1078.0504626128163,97.2474824439326,9.002149761184548,4.330822027522378,2.4117633854281353,1.3555012016690384,0.3369054047856753,0.4569603623065506
20250408-2500225128,Rest,-2.5,-17.2,-10.170995090327507,-10.136048847722252,9.513073751457673,10.594930863147209,-0.008806776126752446,0.0002619154967803588,0.49047625911088766,0.28372906680988347,823.1395574695193,141.2500532697618,75.53251107079201,29.460258997710852,18.575289914006333,14.213156641580447,4.134117418733876,5.198383605685402
20250408-2500225128,Positive,-3.7,-17.9,-7.803484991268253,-9.334835229593294,16.76559850132435,10.19336780779446,0.015500657930634466,0.003463151414387209,0.3816444763971014,0.27261419207405835,791.2281963421422,28.860771807781912,14.216874895470596,27.38025785577987,3.536931739198768,4.593139039016464,2.7572843307381874,0.533515479863918
20250408-2500225128,Neutral,5.6,-20.0,-6.492206629157173,-5.933677368352799,32.52271158314968,8.229899069542219,-0.01891788381174894,-0.002348982632765312,0.42508823366080783,0.2528884810235118,7383.3682725822055,45.58420545369016,33.63317288467989,38.42147568534764,8.550402183140418,4.59882776656466,7.040762854513388,4.468759382418331
20250408-2500225128,Negative,-1.3,-19.4,-11.174297575446298,-11.201002553965075,11.817260247934858,11.71664279825356,0.01069278754076297,-0.0009772881537658748,0.5001182875337369,0.340958510903186,1990.55375992548,138.49970813602482,20.82086015329457,48.49843645345696,16.665522653051177,7.192972003663226,3.393306551322774,4.9810480462478495
20250409-2300773053,Rest,-62.1,-82.0,-77.56043637623502,-76.07449149860162,22.966475552169936,76.2252893226584,0.022259748548534013,-0.00020855478455754315,0.3747050515403776,0.17557239809005704,913.3166784667363,23.442504329084905,10.871975825921815,5.0558327730381505,1.9766472991196575,1.0761881063946508,0.9609115624818825,0.5907552899213939
20250409-2300773053,Positive,-64.1,-77.0,-72.05733051680998,-71.98945750209215,7.7663115921518955,72.04337792634159,-0.02522672261381201,-8.583100276277086e-05,0.21908536393560193,0.09835862237201436,264.47965678118965,1.5175790225590053,1.0154115376923496,0.4572696622879451,0.16656226814504377,0.11888015346772168,0.07137715155950078,0.04393664950489342
20250409-2300773053,Neutral,-61.0,-75.1,-70.2278424813554,-69.30798516873263,9.295017708507958,69.37500865483024,0.007595237805094953,0.0001433524635455312,0.32517018093704203,0.15686936804674198,1240.781657433391,103.64297204160918,38.186257600083096,29.36882719642054,6.633729507414761,5.340196551023154,2.2302504220948447,1.3180670252098659
20250409-2300773053,Negative,-56.4,-72.3,-60.56962566499462,-61.18504630869355,10.664944977155463,61.27213752411557,0.008030688736108623,-0.0009372828332985548,0.3425406013534336,0.15213316920858758,2646.256826567897,247.08224233013814,48.35048645943533,6.963099538237267,3.828896140609344,2.4955239188249063,0.7840612968486609,0.40030365683777885
20250409-2300849564,Rest,-11.1,-19.9,-15.280829213004587,-15.247768005427394,2.0424085002728654,15.314595575711692,0.020808600361811348,-0.00017008624805448706,0.3442599616264152,0.26240344662309995,43.96361535503828,7.3861940837023115,9.820308301768266,9.772309522909564,7.4776988469778916,3.3197925745438046,2.5822862333374275,2.4725532654220372
20250409-2300849564,Positive,-9.4,-16.2,-11.769693650662067,-11.881375589343113,2.222861943871235,11.974554181217338,-0.0008812059560459138,0.0007357176282410029,0.26714927555409557,0.21342765249287976,199.47413687662362,5.91969369039968,4.829830684291378,17.382683421664296,1.5629407558844592,1.4875905048031184,1.936494870389615,1.048932149464618
20250409-2300849564,Neutral,-9.4,-15.9,-11.874093657393777,-11.900730542526219,1.107890553578561,11.9471870329126,0.0022948027152449157,-0.00031985730855898137,0.30736448721242615,0.24901042130532683,51.51942108179168,15.51775991150951,10.277421110294954,8.771587581380025,6.7797202103591605,3.232195172814924,1.507621696462746,1.5666957562112909
20250409-2300849564,Negative,-2.2,-14.0,-7.679865631456233,-7.79129253753503,3.543639593625077,8.015477465446091,0.006521121436245657,0.00020212341801725012,0.3204233926175806,0.27798182106932123,376.33633244544603,168.8795004455525,12.863085769636946,17.71368975536095,5.477545574115883,4.872875629069737,1.504136029956815,1.4960772616875708
20250409-2400846060,Rest,1.7,-11.9,-5.615129372482498,-5.5706483148914865,9.101768217448951,6.335131479744703,0.010377119457861723,-6.51628814148674e-05,0.2599480409924699,0.11941666854514998,1075.830828211587,164.43417347520574,31.471614011625906,2.2413449311599156,2.473003090021794,1.7119723637282547,0.48838264059772835,0.5048563591171882
20250409-2400846060,Positive,2.0,-7.1,-1.857156321098037,-1.5539365297075445,4.614661992768726,2.651297933301396,0.014750188644018367,-0.00013017762019066492,0.20524768910921726,0.1483451682485266,227.6428806784996,50.26586011638999,5.553030322183724,1.7912902996792137,1.1707809110869574,0.3468961118062723,0.2367152834497646,0.02484183829685462
20250409-2400846060,Neutral,9.2,-0.2,5.145554666738089,5.13879427266367,3.6195011301960403,5.479663101592741,0.0014119234007596512,-0.0006410618826615787,0.13274480237830286,0.06116781455280383,179.6364622039462,26.115356518919025,4.714657002812801,0.7099389717891267,0.25889923134108883,0.14113084913572557,0.08700885298020376,0.016723491629523052
20250409-2400846060,Negative,11.5,-5.9,2.3751226363945825,2.2015261148360614,18.071844770519036,4.787333496302947,0.001694591312040975,7.870978814997173e-05,0.24504533525459604,0.14061555862198596,2267.449482478779,146.0106615524705,23.997344740376125,9.95155086050559,2.6800230038561477,2.3132934893648005,0.7709130091482751,0.2570570935020003
20250409-2400927189,Rest,5.8,-20.8,-14.092719811717458,-12.164881938288486,41.089310875772405,13.750405937581256,-0.03405940629061397,0.003015562621314685,0.9083512058248611,0.4860866057677499,2674.8438822976686,369.70171058560027,277.68171017935674,84.93785704964122,35.56767023250551,33.316311880021786,6.6782361105645585,5.852149376887846
20250409-2400927189,Positive,-1.4,-18.5,-13.871704156952998,-13.062137635499283,11.008606452631842,13.476944982500992,-0.010099451469861302,-0.0011402654828219672,0.7317850238121423,0.38531671496891456,306.44426573175707,112.28139754026618,152.0844837193896,74.77004758009573,32.78033946326188,16.947067310813836,2.471956835299031,1.0479702202887662
20250409-2400927189,Neutral,4.6,-22.1,-14.038432941936705,-12.720199323351318,38.689692296054325,14.159560837887653,0.03111106202029157,0.0005842865790588497,0.7999161121109815,0.38980887332460507,5103.991773458665,1605.1232212856062,290.98361104561116,109.76856792032021,86.45360401529207,30.731752307610968,6.818402043680299,3.6491422788567727
20250409-2400927189,Negative,7.5,-12.9,-6.09537505763957,-5.732035579736699,19.80661675329488,7.256917295977838,-0.012532553947233802,-0.00016278675939932096,0.46746178611458006,0.21713601632283153,3579.292589622939,827.4035730623564,104.13845055592688,23.19695030285322,26.634521495153393,17.781768278728894,5.061370727506573,3.0139067551653387
20250409-2500149149,Rest,5.7,-22.3,-9.666833746745386,-9.60494082841988,25.972144635002422,10.873225508212805,-0.060538456687509914,-0.0006018641527894979,0.6193649783002461,0.39790373599305384,545.2302373634834,81.73798480221087,52.932432662982066,15.644189241806902,5.978232517657274,3.722134482705636,1.2257092536712393,0.9651551784486218
20250409-2500149149,Positive,6.8,-15.0,-1.7476894415140047,-2.439325669223778,46.28779047770132,7.227592974029137,0.07166414945994183,-0.00334192338066767,0.12292711387604482,0.092395403889772,1130.88791359969,1.3852189636548982,0.5354365865011835,0.040438486357113446,0.02985429511887752,0.01595216184982123,0.004578794238615239,0.003061028031161759
20250409-2500149149,Neutral,9.7,-9.3,3.61840505375487,2.6201634076800016,23.811929405552426,5.538698916577585,-0.02074803033574201,0.00014098016696982544,0.3502656143192037,0.18593878017542007,1534.4902284673442,77.110737686304,45.817521248287015,11.580377878517341,5.601672473560442,2.88303452923418,1.066170689281236,0.5670461204457292
20250409-2500149149,Negative,6.9,-14.1,-6.821511783049266,-6.4444877785645724,14.581625300067625,7.490864304480209,-0.0036953302524620527,-0.00010823993259379287,0.4659567196393454,0.32326109517173574,1591.5401666651305,61.064965663245985,84.84915351457153,56.45219390495961,17.385417918279753,15.432102807364501,13.89911382659427,11.858561736665969
20250409-2500168470,Rest,-33.6,-52.9,-47.513574390338505,-46.10707410393211,29.000686750318657,46.42050160409521,-0.024036187453145598,0.00012732247895092314,0.3720587861045824,0.1609377395931216,1682.522047523539,356.0311782676106,63.47975449630262,11.09742643302993,7.110659382801917,4.574406538695828,1.1598726400253672,1.3069581306143498
20250409-2500168470,Positive,-34.2,-50.2,-46.62964261728493,-45.348078468325326,15.835108897704346,45.52233879829875,0.011961683429030057,0.002567912106262403,0.5160268704974248,0.16388426488986588,1206.7984907688015,388.6645245215193,78.38504008473039,22.73058011228015,6.934760815310009,1.1278515369874107,0.3982395924161808,0.3226123995645549
20250409-2500168470,Neutral,-30.0,-52.3,-46.88289977185109,-44.48355424061006,36.61377915173738,44.893210812204494,-0.011770582485774873,0.0003984480100885921,0.44898776551035696,0.1739125019573158,6184.902805793081,198.26934888547558,371.6079237424606,94.99927425698202,15.601521267699468,9.98741877245059,2.4776721197483935,2.2176610226567344
20250409-2500168470,Negative,-27.3,-47.0,-39.81630072644138,-39.091237000400206,26.42875856786267,39.42782734046248,0.026304327173602763,-0.0009441742386175358,0.6461288587274876,0.26131432232786983,1128.8089138451005,524.4483307661651,133.2966848787007,60.85180990669707,34.2447276356596,5.5130466093840464,0.49669822458711566,1.1305319233104179
20250410-01899802,Rest,4.5,-17.9,-5.782250273158333,-6.960543982854889,24.80056898345413,8.558606283777257,0.025827387786828613,0.01261626371383384,0.9629179419664222,0.6637720119100905,1634.4391689032698,22.204511905810467,13.944772549343146,7.464192631536174,10.895490465907587,11.270373664179697,3.255278752391138,3.4943031924930597
20250410-01899802,Positive,17.2,-13.4,-6.519515679702172,-4.018669293429214,41.555748604457534,7.59641043483094,-0.06445915230255415,-0.0038174275170412336,1.2353843851785806,0.8725815077739756,812.3712001962756,452.3105507262278,204.5692466326302,179.7737888023185,67.40479443913915,46.63573791270482,20.63865882420957,25.098778410380977
20250410-01899802,Neutral,12.7,-18.6,-11.990989936422196,-8.37429972816315,60.246387874726224,11.418199674722791,0.0453428510288171,0.005432227565062566,1.1384128955934891,0.7660607557706011,3622.8412203611306,289.6604640039917,84.69840529256052,86.40178738296855,32.59176138944075,14.691215708233969,20.00786689992238,11.881782806644358
20250410-01899802,Negative,22.9,-6.0,7.451824851442973,8.258272231427135,30.2827393441612,9.923799654997158,-0.0192584840217227,0.002812218206490267,1.1164774883594928,0.7731204528679226,849.4680658144579,756.4799054670032,372.9436517599728,128.89438957274805,73.61530713763213,51.09056492637303,38.99568853213486,9.881389075033798
20250410-04588596,Rest,4.4,-21.6,-11.002085418324702,-10.261589130679305,27.36750676313738,11.518147344517391,0.018521065782521617,0.001436390066278882,0.8398237061669165,0.40612972511304396,970.7841469457231,498.86013433750554,120.10482713877984,20.911743526068896,8.940383161000359,4.710886730733087,6.335421054468663,2.6523114474356473
20250410-04588596,Positive,-6.1,-20.6,-10.70528042207297,-11.686333571376704,13.422680182210831,12.247165897614721,-0.00858488831261693,0.0011098859709895747,0.30843609192507415,0.16059298944145223,1184.9314735809162,88.6583836603414,20.600042052327417,15.265998599982943,4.51717493812226,2.075949839433455,1.5745986090911317,0.2939878659593251
20250410-04588596,Neutral,-11.1,-20.5,-17.287600492068506,-16.80176931763917,4.355573011968383,16.930889675830077,-0.005444644535753029,0.00034006937697925855,0.4133660362516129,0.24012395948611867,187.51753258881342,57.53848519715635,42.13996795369424,40.330902455428614,8.797846830554676,4.468941873859651,4.575018259170288,1.7474027985445943
20250410-04588596,Negative,8.8,-16.7,-1.9676519405719581,-2.47723471048095,29.462836411759156,5.966534020901145,0.022948635107687142,-0.00020655242223913218,0.6139726678884755,0.284263413173997,1655.7508823032053,359.57153247183237,62.64216976204687,47.725873001876366,26.777352220189798,6.094109334134728,3.7908826583243944,2.0872403282394116
20250410-2100107120,Rest,-18.5,-33.3,-27.797265080311984,-26.677619419842244,20.7447968596704,27.063631958213115,0.03530651286299044,0.00020959067632259602,0.06583948496856018,0.04369354110855813,645.7256951374311,0.9665099620774839,0.13270860829499292,0.055089360243241424,0.005901343432239969,0.01531489652821041,0.007514169025101216,0.00437560652445384
20250410-2100107120,Positive,-16.8,-30.0,-24.35811634770479,-23.822987450376072,12.142947191271285,24.076496386560216,-0.03439410153429731,0.0006755158233731893,0.21277594477921505,0.19512025930793417,160.47917373460368,6.16227827659784,3.350491019743822,0.9951004131461482,0.43806523287035976,0.42766930063821734,0.040179240714924874,0.03471462802316896
20250410-2100107120,Neutral,-21.6,-30.9,-27.691016096632133,-27.411201726623805,4.448784895719384,27.492230993380357,-0.005037429649908568,-0.0001507265822025054,0.19524119769146323,0.11294896766832435,477.6344781179227,30.722944155324356,11.052123402455951,4.640020211465304,2.6250137388463988,1.3336256178766062,0.3164809008117021,0.4769318915650348
20250410-2100107120,Negative,-7.5,-32.4,-21.38893168667897,-21.934298003764635,34.87118054372778,22.715294615339708,0.04268805345384826,0.00040031811617796296,0.3209871762132276,0.16821237702951547,828.1391374959385,162.52873556570097,41.69528281028011,9.290022263477063,13.044807847145117,4.859142023194656,1.3024917129870046,1.5421101054593316
20250410-2201139314,Rest,1.0,-25.4,-11.62915387900657,-11.275980182688073,55.04819169175874,13.497996917029315,0.007558063008894736,-0.00036384308784433,0.4299235828531084,0.2452517336282516,2606.3797257688093,23.628666759158534,4.629828842226762,3.927702059481784,1.1485656910216402,0.4138404565122715,0.2106163600441078,0.0856089435059449
20250410-2201139314,Positive,3.7,-11.7,-0.6753388916820277,-1.3634145057846603,14.495916824374701,4.044108794154619,0.042282806818192374,-0.0007869291384347633,0.21649957786399118,0.08862333767193185,1216.674608492868,29.412430232392957,27.72187587588279,2.958539313391574,3.043401194846943,0.7311528861941522,0.44094335851628597,0.3496855188500577
20250410-2201139314,Neutral,1.4,-29.1,-4.642646041712395,-6.837827093330721,47.6669435829365,9.717140677237524,-0.05244978469437632,0.00017086502356166707,0.3779605161200977,0.18992022126388883,3691.5580374033375,150.32889838621128,12.38025196409401,4.87977312550627,2.69826103379603,1.2659109974229503,1.008687142999227,0.3153413470408774
20250410-2201139314,Negative,12.5,-12.7,1.7615749988000893,1.8636537112432896,24.365918689628995,5.276279356237678,0.027229588138803763,0.0002234134600155657,0.5500035509460633,0.2916504305267644,1390.1877829149162,375.2504034701291,193.35074286794796,76.10180294772442,21.295481934706757,15.543177683089574,18.205635823757106,5.763347314219604
20250410-2300348596,Rest,-42.7,-113.7,-113.08821600586293,-102.70948567835094,242.24990619558756,103.88208870881913,-0.0742887013182121,0.0009399662939229322,10.23747300208194,17.48233446472825,15631.803976918329,368.9108279852057,95.29078358643697,68.37920393492108,65.25631527285749,60.14002484246009,261.85600920345104,81.0450083770424
20250410-2300348596,Positive,-113.2,-113.2,-113.2,-113.20000000000002,2.522558202830578e-28,113.20000000000002,-1.0150610510858574e-16,1.0186992627384949e-16,1.5048601029932152e-14,2.348505047148361e-14,1.8556834752700167e-25,2.9960705495292057e-28,7.936183685531447e-28,5.118229788710614e-27,1.0437397728722851e-27,1.206764357021389e-27,1.6073776523399666e-28,3.699757758967608e-27
20250410-2300348596,Neutral,-113.2,-113.5,-113.3736413505325,-113.34893591912868,0.003745068581764003,113.34895243921454,-0.000521449483278854,-1.1267998497245153e-05,0.04966299621056125,0.08726550540174166,0.22125266003296212,0.01081220271548593,0.010816325296844925,0.007744807717614848,0.01190560811847153,0.015137588109287305,0.0058573073933005666,0.0070662489253311405
20250410-2300348596,Negative,-113.3,-113.6,-113.49620228575776,-113.48574916931811,0.004401465689589482,113.48576856146799,-0.00026649654421143727,-7.833952992712291e-07,0.03744617141224069,0.06486639446431114,0.1440131444690141,0.018790432228487346,0.011055735066429498,0.011577610478573228,0.02363331772278483,0.018846124503511138,0.011102932914620025,0.004479683848856461
20250410-2300655738,Rest,11.8,2.1,8.302737778326833,7.763927510357731,6.789853958859928,8.189531387384111,0.012453018544703967,-4.338749587595101e-05,0.11991101655312317,0.06273014215816773,605.2162635377849,30.533912462561524,10.312330948818788,2.587369828138437,0.5391042328929206,0.3397790967780319,0.16546351191339534,0.062295870679778736
20250410-2300655738,Positive,8.5,-2.6,5.21400480397916,4.098123644700819,15.842267980683213,5.712870153253892,-0.030521424270659882,0.00019710622465910066,0.13951956701695653,0.06394140407307851,479.0341375144225,18.46735493080156,2.8184971199303313,2.076221346558313,0.7267218220135507,0.44633307099086433,0.10101528876739771,0.08552547540750317
20250410-2300655738,Neutral,4.2,-6.0,-1.1520890581808387,-1.087761988819038,7.468551663742303,2.9413904548804553,-0.00024703757389426883,8.659015483588981e-06,0.1506620107802907,0.05799007938732669,933.450947188918,44.77886081927976,7.286059158409478,1.8857552305070264,0.7431298548943279,0.46944267625014513,0.1104452577368886,0.05164092333133339
20250410-2300655738,Negative,13.9,-10.3,-3.4745931301595143,-1.8650856565086569,38.36004796195246,6.468275849719675,0.017343730606717588,-0.00023575191837318628,0.17808708313413366,0.12223395018029863,5773.030772728596,29.25214056264493,13.21034420716414,3.9937717968300426,2.803648741248835,1.993583602005141,1.3554467369143197,0.7936734992852456
20250410-2500152128,Rest,-17.0,-20.7,-18.795415061985878,-18.676956807235648,0.49492851189565495,18.690201820505887,-0.0036960570266358853,-0.0007535823816582257,0.10678977089236963,0.06157587416696944,41.185855505102225,8.77273084594578,0.8727856826339726,0.5773802053595873,0.3334655284617462,0.1254124453730868,0.08635247617090555,0.050374081156949774
20250410-2500152128,Positive,-14.7,-19.5,-16.538950485086982,-16.67870995686194,1.3050912074224899,16.717788640623137,0.014055602003279094,-2.152706864512664e-07,0.060352619875281004,0.02828750958019091,37.21171229016143,1.1063658200990236,0.6093258659747885,0.4105442038593674,0.12993512768076174,0.04367757269732614,0.023715552232786163,0.017935923057664695
20250410-2500152128,Neutral,-15.2,-23.2,-19.495779660463633,-19.34106811419513,2.2828796055471994,19.39999472689317,-0.015476539589143239,7.913243023746119e-05,0.12827009460623215,0.06102570032709236,88.12256613184624,2.7979799265570238,3.678754225676516,5.391938555698357,1.191379326414071,0.431540629490355,0.19398634169569579,0.174735822781411
20250410-2500152128,Negative,-11.2,-23.3,-15.367711114113586,-16.438801132558147,8.710587944305026,16.701639758421926,0.019304329669282732,-0.0002460868441269729,0.10048823691434833,0.057596874835391845,458.458879909757,10.2761836946345,4.399807230796691,2.0590908968887796,2.5679157499177245,0.6273863202634848,0.24547340422327957,0.12987121069161234
20250410-2500194707,Rest,8.4,-5.2,1.1737127769384965,1.3322344077237542,10.41401163018267,3.491254809850712,-0.003199157579352965,-0.0012858192761677817,0.43104610953534833,0.28834780068661864,444.1740061016939,40.10001559315421,30.246357563300926,15.839130518289572,4.13576229648351,7.896809893024261,1.658555758802609,3.5751517354896527
20250410-2500194707,Positive,9.4,-6.9,1.58409623127088,1.3227278561659621,14.754207139553749,4.06248890718869,0.019076979059555365,-8.911031436851994e-05,0.47299047600697064,0.3148788073663164,761.3189321804166,134.5887129863641,43.65683411778035,9.99385813355685,4.512352950673387,3.1891104611298573,2.8213394874833737,2.9490862313285513
20250410-2500194707,Neutral,10.2,-3.6,4.451190705058065,3.9508331526015548,7.713619194629018,4.829358321177314,-0.00995787845971704,-0.0021449812655765406,0.3733335136511624,0.21342796241423875,303.54460817836963,127.66712432927663,40.09685978730712,13.628944152785014,3.5416248671765844,2.684607747672287,1.1090008210741833,1.9150656242191135
20250410-2500194707,Negative,2.9,-17.2,-7.026439507122087,-6.802659360927531,7.145551262064449,7.309016735709354,-0.009855007304112035,0.00033619259746345064,0.5052934308623648,0.28842281876307985,420.9777795368492,140.48368902211024,63.17447003876853,25.097125820230453,15.876876711227377,5.584275912534393,1.1759497882851326,1.3475993421414896
20250414-01807227,Rest,17.3,6.0,10.815498066385624,10.267135176811694,4.995399671464459,10.507590799531004,0.013940046831002017,-0.00035349032930975284,0.3112388523350791,0.20493323296096247,230.02205309847878,15.602966317134351,3.6892993853143254,3.6351681999474925,2.76858805173588,0.6289359563143179,0.2915173859463362,0.16052624090431683
20250414-01807227,Positive,16.4,9.6,12.140303397899915,12.276334518112654,1.7155084176920863,12.346007355347572,0.012217229538277799,0.0003305779691439647,0.34518728033195134,0.2828940716331635,61.68487510953323,4.310294730293053,1.2797225109894335,3.081606599048196,0.6529704256268855,0.6848070701930593,0.3669751041250077,0.30990157769843674
20250414-01807227,Neutral,17.1,8.8,11.51344822590158,11.813033582458445,1.8825825828357972,11.892449075069726,-0.002249134877818272,0.0006013333303520307,0.3114980287687316,0.20403681307082525,100.18029193061072,41.77643439030533,21.594293057044176,23.566299456390038,20.20365266957736,7.1308697572702675,2.4796210363481195,3.9277596613447026
20250414-01807227,Negative,26.9,5.7,10.757345133866243,12.140638441648901,26.74743413264005,13.196307661747019,-0.0025096809031778544,-0.00015324264580428702,0.519160039668904,0.29229102100523774,2424.095167978286,137.3811186163021,109.79359202198435,22.076932967377232,12.706563947925464,7.083185273103437,1.7585517690404455,1.9609041796980178
20250414-2300827987,Rest,-30.8,-52.3,-38.68232469321828,-40.549388015419424,39.11824245553388,41.02890579677424,0.056778562943868814,8.267664993873758e-06,0.07441371483661875,0.03220127272170396,1207.0634915441883,7.5591434165330975,0.7461232831085981,0.3301748136509912,0.10041079809736528,0.03449447181534476,0.03822370359133023,0.007598424309947064
20250414-2300827987,Positive,-3.4,-31.9,-12.642795424569908,-15.817881273243895,76.45971915309269,18.073878585614448,0.02975205347357612,-4.6237411240988275e-05,0.272899834924206,0.1042884445364788,5628.535859095463,93.15515977159016,38.721623649154566,13.99376038628618,3.8984924346946057,1.3643570119209603,1.0381474481543538,0.7273670878780463
20250414-2300827987,Neutral,0.0,-10.8,-7.829585547831472,-7.218332146016974,5.829863180248435,7.611450725746732,0.00543930721748662,-0.0001088595368050242,0.26747336152992907,0.158414049902976,779.1488097430727,75.37801717063584,95.90232330047769,30.636287559402685,13.36405370954946,3.7699567761047588,2.018136965593246,1.1994534211807812
20250414-24004794444,Rest,4.2,-32.8,-10.998500492506722,-10.585193343544251,64.66156399602734,13.293151699888211,0.040434557364091295,0.004808321793000605,0.5976754646273099,0.29534231167690667,6619.116241869483,91.56706274517842,31.545768765245647,7.157410340382586,6.9979897587232,2.8041787194099603,2.2745242484453403,0.681326069313438
20250414-24004794444,Positive,-10.1,-32.2,-22.12063280533777,-21.57137814908003,24.141551485343516,22.12387639488051,-0.049280492497749344,-0.0021782418598947223,0.78187058039652,0.5165027004820948,1064.304711124073,82.70031887125029,94.73172912950618,44.91906633340597,21.30830457154665,10.564061797742976,5.085544436563243,2.4160779406069968
20250414-24004794444,Neutral,3.3,-32.5,-14.126131181751019,-13.327471237773754,73.01856765372987,15.831615749740031,0.015015214391826058,0.0008728903243564172,0.7656698926294968,0.4190355729720694,5991.34515839849,763.5455604189585,310.0000636378027,158.99102997193992,71.79879551022292,35.799938782078726,28.284191541192378,14.045232266034136
20250414-24004794444,Negative,4.2,-16.4,-4.749206262221257,-4.817568870390167,21.138285900580545,6.659373523202685,0.018037047262579455,-0.0029318106778790246,0.7494920949425071,0.5142897776514822,525.482236930297,205.2284661987651,154.4428680527528,84.43062036610051,25.995271759145393,15.297156478725459,17.36510997224981,4.2161863275700995
20250414-2400849699,Rest,1.2,-2.5,-0.7152988183440497,-0.6229342893505118,1.0079800002080381,1.1815359194949027,0.0015568640412514086,-7.785189722030274e-06,0.04445921183816041,0.024288944794527225,82.86237684302351,0.9421488962602234,0.45756064854516737,0.17177376505088068,0.18331838022066727,0.016304223457032425,0.008273393402685522,0.004350659212462306
20250414-2400849699,Positive,0.5,-1.0,-0.3130178600730077,-0.3165023974125126,0.0848283170840557,0.43011868670394193,0.0010434368346371374,4.05172260902296e-06,0.037388129295821436,0.015611507419136268,4.336437405015751,2.0605858598753164,0.47721824328928364,0.11349419854994999,0.06576701810606679,0.003600214117580296,0.003576996271371998,0.004477367350586136
20250414-2400849699,Neutral,2.5,-3.4,-0.3280294771196028,-0.4541816870394027,0.9000006532622659,1.0517992480051617,-5.6017948251360445e-05,-0.0001599987645721506,0.11240857720037159,0.10893136770559876,256.43616415075417,2.921501095028434,0.3684757956042832,0.5470289816779226,0.26342516330684507,0.043499211941422124,0.049538066725861606,0.010829925323574506
20250414-2400849699,Negative,2.9,-4.3,-0.20744013538340805,-0.3231942537022857,1.8949711766752488,1.414010502896434,0.001088541167297474,1.2205301505579693e-05,0.12545090352416297,0.13778170690067737,547.0824137216105,6.002838024612764,2.05924045154534,2.220441854582728,0.6627277389149638,0.1826482628889516,0.13848433200317262,0.5195931395507057
20250414-2400868326,Rest,0.2,-5.8,-2.8135281876827634,-2.7821791762550223,0.8212228804460763,2.9260457701876694,-0.0012950146684919614,8.471236339030023e-05,0.1853191411370262,0.13659777892673758,48.914077858170465,29.605527926742802,8.311862509610227,0.9645188746820792,0.8284345033606424,0.36345418325686163,0.14979752016349224,0.23122219216292744
20250414-2400868326,Positive,0.5,-3.5,-1.154840710049629,-1.3319029088702425,0.4779179248195091,1.5006276298524304,-0.0013542889352712204,-0.00013743293708890633,0.16731569308392927,0.1355228933801333,28.73520203571596,3.0090584806026066,0.9066478812980466,0.337581122419491,0.31709868944105934,0.476919978710299,0.10182429684801675,0.0651280780524662
20250414-2400868326,Neutral,0.5,-2.8,-1.1040833531585685,-1.0816771066163395,0.34739816743180213,1.23183746103522,0.004068758787083564,-0.0004852220739337667,0.07982286154662864,0.061905702592649464,56.439608977122106,2.9530708859097494,1.6069728938168004,0.7615754908757377,0.5931885941951754,0.3719537098484885,0.12151420368021192,0.08303084762528577
20250414-2400868326,Negative,0.4,-6.8,-3.261404269742741,-2.7923587829645027,1.6342283560797835,3.0710740676315154,-0.004111988640024197,9.836177451473487e-05,0.2345846868239419,0.30301319812950944,148.76047193883068,27.14772190859588,5.281022241640769,4.034686510136316,1.3063777300433412,2.0445019606812354,1.1880240405653892,1.1817347423076057
20250414-2400930500,Rest,-35.2,-51.2,-45.97668330158863,-44.67738129748144,12.836806545128752,44.82081219863907,-0.005723667380970035,-0.000586910353329636,0.343285732366942,0.40834630968700647,1027.326080739652,24.097189141017225,14.809969599242061,5.60163809738084,3.2678720985867904,0.29478875242924196,0.8872834692567546,0.2520810103014386
20250414-2400930500,Positive,-32.7,-49.5,-45.4548128886349,-44.12874028007247,12.454867847077592,44.269635039755734,0.03546214256711669,0.0003915284341697289,0.336018115257189,0.1651962567775776,334.0804658237633,54.64394256400277,15.192270878978693,4.705406250519849,5.545929213121717,5.950682840239428,0.7144241806116419,0.28131277023515455
20250414-2400930500,Neutral,-20.5,-41.0,-34.267950470870524,-33.0321686279384,22.242923212860713,33.36715581941947,0.013300574320005795,-2.8465160804373492e-05,0.3874073126116287,0.1911319472348397,1968.8613238223065,357.3352865917029,74.37913148304769,27.77890789932254,15.606103342235098,4.436140560059577,1.3941205430988814,0.5240380067890742
20250414-2400930500,Negative,-3.8,-31.3,-14.21396154742491,-14.989145866437761,33.41436885200657,16.065144339760995,0.027995523989557236,0.0001123806466982911,0.38055259933102803,0.1767977412399742,1965.802114887745,219.216966439771,91.40029743218827,27.663477548843282,22.141969694943832,3.4349995534509294,2.3036371837259315,0.410998806755293
20250414-2500000520,Rest,16.1,3.2,13.46298668607045,11.772365750331447,13.225475273852814,12.32128526710707,-0.028236317099185303,-0.0032208002541658895,0.34017263385109486,0.17098959974157316,681.3725552327747,62.68331164260534,37.14745333710367,11.846273695863376,3.2696093954831067,2.3972470582477587,1.3470497723632684,1.3972950214932711
20250414-2500000520,Positive,10.3,-4.3,4.474782704087488,3.90954711834277,13.305680695145453,5.346984137407527,0.008794245586498791,1.9081885315950818e-05,0.2570350909712144,0.1588555601614243,1656.3037869005263,49.606933637195134,10.53869146132945,2.623256669855321,4.091770622343572,1.075731886469047,0.8981242247932771,0.9314703864696197
20250414-2500000520,Neutral,21.5,2.3,10.688499131300269,11.919111960412739,25.384916888085396,12.940252965569854,0.009969776135711147,-0.0029038929610641314,0.3110845140816101,0.25690049131138015,2481.6476966474474,47.2382648264438,27.491769779027276,10.397233173750696,3.657785553757426,4.5936677134423896,3.1276424964687286,2.17182085978577
20250414-2500000520,Negative,19.5,7.3,13.876055911409935,13.369145829994919,6.439041101507307,13.607832352185188,0.000766460792209375,0.0016429925719414719,0.28140784201577734,0.1809710052724666,443.55582155030584,61.254200458149434,24.498898593288946,19.869457047577388,8.51630885697934,4.555413178218062,2.068494413419061,1.1795100450955096
20250414-2500016156,Rest,-8.8,-30.6,-24.24384771178053,-21.963950950055203,33.38425209419882,22.71121734805578,-0.022237365011982476,0.0013243247085368308,0.35036202964387103,0.19305254044650486,1230.7425906246394,52.42954796760639,7.14671159534121,2.244098714617473,6.441517185299783,1.3316869167506526,1.1573002846168454,1.3025247492554
20250414-2500016156,Positive,-10.2,-28.0,-19.680131323045988,-19.59863395266486,19.32310832602353,20.085556032546656,0.00674431788076632,-0.00230236451005475,0.40601603102908845,0.19662438076194455,1614.5156178724912,25.75340695134781,23.20539049131516,27.782639166939642,6.837255552072883,1.562820981848187,0.970572341958438,1.3230229785581984
20250414-2500016156,Neutral,-8.3,-26.3,-16.898602106456607,-17.44343372768291,23.44391290591802,18.10296365565549,0.010450966766306616,-0.0004778360976754293,0.3670715640887632,0.15676890020919432,3280.838711012093,175.15083080769213,78.300613771848,11.643967770104219,7.541680053707109,1.6917415589905482,0.5446077306801154,0.615446610865428
20250414-2500016156,Negative,-6.3,-21.7,-13.279545682931797,-13.57902140969967,10.504268687790683,13.96044738297712,0.009424586376876688,-0.00011528688108316181,0.363095600771165,0.18308370451726907,918.8345918774081,190.4620275903411,129.06650011652275,27.380052054716273,10.319926047526451,5.2304523717479405,4.838143966044907,1.4338421888720614
20250414-2500056995,Rest,3.6,-9.1,-3.812382292798013,-3.1656329109068446,9.503734407279605,4.41870638693002,0.013882526472742395,0.0015564758266135297,0.28530338366956143,0.1747588758413825,561.3120627567605,35.144153932702444,10.906242525594598,7.946368926656662,6.066754842093854,2.0956424348041196,0.9874004203887043,0.16115835306379164
20250414-2500056995,Positive,1.7,-10.3,-7.172603255897739,-6.129775729025884,9.222838636034256,6.84083248765741,-0.025419362542955952,0.0004221664884092051,0.33869783016313654,0.23499583790985026,207.7979022827456,48.29543358273826,6.068174659656145,3.644498629100969,8.714371474730552,3.258303429302523,1.016176357423988,0.9548772997250657
20250414-2500056995,Neutral,-1.0,-10.4,-6.230110407729594,-5.972185281661466,3.004393656826928,6.218632542233122,-0.004316539061119523,-0.002293988038630472,0.35055312225835317,0.23050802966000003,150.92395415200707,37.619039785316545,51.95916294603305,10.718486171791666,7.064581535800171,3.7585314676504997,1.4711932024658199,2.453203689419786
20250414-2500056995,Negative,9.0,-16.1,-5.311702802942819,-4.014538426540025,18.983394782200993,5.924518002366727,0.008132041776414403,0.00018352349014776065,0.8220195136194671,0.49454731750853453,1575.8278758435044,730.2217389447045,337.1929858987504,165.30271575893948,35.695467606292326,16.797827422415363,14.938953591791275,16.905334196264047
20250414-2500077030,Rest,-2.8,-28.3,-10.191643054003945,-12.104448381303934,54.63656277848083,14.1828852281238,0.06482590630743641,-0.00014543666936598816,0.06103682453722267,0.02361330409017682,1594.3962667506523,0.3959587536252994,0.13639783368372244,0.02541217874977119,0.010858559663776114,0.004844046870935091,0.0025484629854708287,0.004225426296677123
20250414-2500077030,Positive,3.5,-8.9,-2.058015996244832,-2.4500300514439757,14.354847346138284,4.511928035675752,-0.002744021986876332,-2.154932910081668e-05,0.09610709446852422,0.027938592436743303,1822.2350509345513,8.934579942584238,1.5917852123087852,0.7532300365714683,0.1626382640939582,0.09028037536061799,0.006154506713301352,0.031197495458839312
20250414-2500077030,Neutral,-5.1,-28.9,-23.10573389215792,-19.474399244806456,62.38033345941776,21.01505554133836,-0.04070681941853318,0.001334679034747566,0.2729063648240489,0.1460329237554609,6169.370200395389,26.667180048042827,4.5367133951864655,2.636900260591813,0.5886320633601063,0.8217792357247434,0.7300082070214533,0.1443594051100515
20250414-2500077030,Negative,-6.2,-26.8,-15.215867396005935,-14.879114259663824,12.157207719273394,15.282187306514887,0.024661751754938628,0.00013541056801749974,0.5982482024476603,0.3933682178408266,952.8943565101622,242.44312369685116,71.37298320362329,47.95412684938489,19.798440073247512,7.1708685032691895,4.6818202816650265,3.6868412377150754
20250414-2500234231,Rest,-3.3,-33.3,-22.406092521477937,-20.537111398710987,66.84518655151197,22.104708348100342,0.014692798192714072,0.0005661109638745199,0.8714152909311479,0.33466567282805404,3173.8410924862465,863.2063189551984,170.21265983974303,105.06460611966237,18.571815078935217,9.907830568871129,4.165063807823145,1.7133677915447418
20250414-2500234231,Positive,-6.7,-31.9,-23.74014571284551,-22.51733014801208,32.263379382854716,23.222694425441425,-0.010993028458442038,3.0101848113042085e-05,0.7559943930179491,0.30619521563535235,2221.8294884297093,459.87846675397475,170.29817890720568,57.10852990707851,14.491433598595954,19.92201681822414,2.621993735462606,1.6494422890444513
20250414-2500234231,Neutral,4.8,-30.3,-15.860584869453584,-15.51592289831238,73.93789744918453,17.739271710968264,0.05900953949724256,0.0011906561003225478,0.8415061957452925,0.3611383373519986,5861.237562125245,1133.9674607879908,299.4293368625624,112.58320745261344,63.42228437294166,19.093408421089926,8.448710871420985,3.1152377267123423
20250414-2500234231,Negative,17.1,-1.9,10.93381547959591,10.099397231647275,15.915176836245832,10.858775312108198,0.01330479267389202,-0.000470635403170114,0.3977239524531075,0.20132725947132815,1542.299236280393,216.23145068021387,89.27457025761585,49.90432825939611,7.917725759576388,5.261831615465273,3.041224074391329,1.4321706538731769
20250414-2500247012,Rest,-19.1,-29.4,-25.722153943789742,-25.84545623718972,3.877220979776566,25.92035549694999,-0.018034590774861154,0.0007632423548935762,0.21170339599607674,0.08660085263343283,123.98563496054652,22.494583144163357,6.1663042893462485,2.8186296525643506,1.0773528880378367,0.5167271879240897,0.202370476269159,0.0593651564671323
20250414-2500247012,Positive,-20.7,-29.6,-26.678534278622617,-26.194597477748687,5.300785883661129,26.29558371485484,0.01978887558159344,-0.00028405813294669896,0.14939055603408455,0.0700745494654072,171.12864812948627,8.199967908020595,4.507020556444509,2.05522109129286,0.5646826632580125,0.10616059534633535,0.0395756631215093,0.022794515319518125
20250414-2500247012,Neutral,-19.5,-27.8,-25.115611436830612,-25.018692261297844,2.400487942111856,25.066620243017137,-0.0055177527231675405,-5.828934185612953e-05,0.17452829716331472,0.08410544839291183,242.8778760203313,18.168002923465046,10.517073800835655,3.159864592399546,1.3076624699604182,0.2791731942748489,0.14575213012130037,0.05684151879504355
20250414-2500247012,Negative,-0.5,-22.2,-7.768127531741563,-8.683618562081914,29.498088672433187,10.242232178786358,0.025726006688981996,-0.0002530910882555705,0.31133966401205676,0.15009234027105928,1788.5654554527468,105.9523149646099,24.578400868267487,13.60235947617276,12.90997957495481,2.7745848070052204,1.7379083721144697,0.904853791686257
20250415-01371111,Rest,8.0,1.9,5.94120846942133,5.4047591215279525,2.8864597020713547,5.6654991716362435,0.012056796715745265,0.00010781096116730384,0.0741110820444241,0.04354214493846576,65.89588676956032,1.5088539557768206,1.2232238438736234,0.6385580342178947,0.08909219311970096,0.07565301910868433,0.03408029435920831,0.039271915160598685
20250415-01371111,Positive,13.2,6.5,10.010690503799744,9.69271811214497,2.4439539668166836,9.817980360966295,0.0021523063647038167,-6.903478565448874e-05,0.11959486374479698,0.05611964926193647,137.26870118154673,15.392017419297265,1.8437354226234377,2.663401963437095,0.5436798778333368,0.10044482105691557,0.12591273140058257,0.013773399547365277
20250415-01371111,Neutral,12.7,0.8,5.74876997830247,6.186411667607356,7.483127312009074,6.764230675628789,-0.008864356515360976,-0.00015382475607021297,0.2094714852202221,0.07868775373796902,689.2856484507058,94.69058380255278,26.65251063348662,8.1907474237039,1.4898601388206207,0.5587407905468409,0.21303378936453773,0.2489288290450657
20250415-01371111,Negative,12.7,-17.5,-0.9028641494847923,-1.1873781046465648,59.28056376800707,7.79040631362711,-0.04007151469420719,-0.0027897651364992516,0.23728745317705344,0.15932880049843962,2201.418569164087,50.93057545757302,6.211302600042761,3.7998720801268826,1.7822628353277528,0.5693362679877795,0.3587951328147573,0.22177519050594588
20250415-2100006416,Rest,-6.9,-14.8,-11.278627986022522,-11.018570452459034,3.293664566834776,11.1670300161967,-0.006403965568477925,0.00268344434949233,0.3112024055792284,0.20367179016728584,40.92130599184328,6.393348202675243,7.358042019339709,7.449630372306221,8.721858404169398,2.2762429428361295,0.39554059690836063,0.9018158643036341
20250415-2100006416,Positive,-3.4,-15.8,-9.897023352908889,-9.677054409465597,8.490209208948094,10.106215476265369,0.02304113482805799,0.0019580554093349837,0.42400843133607163,0.21698496076146725,180.13685834029536,86.77363746085669,24.128959232332495,16.80688658570141,8.245178608508285,0.9110479287944155,1.4974339352993908,1.305657652588664
20250415-2100006416,Neutral,-2.0,-13.4,-8.229856535726439,-8.154587253888508,4.899587789379821,8.449667512432706,-0.009654447841988472,0.0006935191816941935,0.30206810699485526,0.19248298811244197,85.43523378413461,40.12352384276874,21.540215363966315,10.92542010913206,5.4296361470666135,2.064932659565365,0.9702686661942302,0.8209370980230994
20250415-2100006416,Negative,1.9,-11.4,-2.812983043498986,-3.5040226174526077,9.084308253077834,4.621956593986713,0.007885912834765503,-0.0009442480634678376,0.42418392935883936,0.2224113836140646,371.1304803884797,192.32313503595714,30.045037172307055,23.387218051446997,12.753066784114251,6.521989980674004,2.3497658537271793,0.9893148527850392
20250415-2500150490,Rest,-7.7,-20.0,-17.075821477519874,-15.845849969873585,8.862970640973694,16.123086922444983,-0.006755759108956852,-0.0010450224143437022,0.3294492391722401,0.1974149619553076,448.3543507936312,98.9890444979001,12.249597807104912,10.836650470480482,4.80834356637623,2.9675685395720626,0.6301997721451952,0.2744468560427524
20250415-2500150490,Positive,-1.9,-21.5,-17.633542038698472,-16.186172010659096,19.73705669555373,16.784791361652296,0.017490974042567633,0.005214046990015924,0.6183616540183489,0.318884073894869,928.2314936974768,130.3751380667278,79.3917687952168,30.10360873244732,12.652852340371451,4.2067854097335164,1.0447719532354625,0.3650245407945468
20250415-2500150490,Neutral,-4.7,-24.0,-13.125842263034269,-14.095527851733573,28.95459701272099,15.087693741315068,-0.003090835910180678,-0.0006050075323526965,0.37763493457143776,0.1931423252740609,4457.043678668859,42.60448909330019,8.773677744643532,2.6818192125375795,0.9195034311992538,0.6960822288617976,0.27803483998497786,0.27136386682806035
20250415-2500150490,Negative,26.8,-18.3,11.744963595174736,9.697337339556565,127.17043097618742,14.873089203435358,0.023293467409984562,-0.00011785107736041265,0.6997413683178032,0.33011001979139853,16234.251231735434,390.5892864722461,301.6828055716293,99.97359406528957,18.748542806936257,11.153949887989041,10.231510261150897,2.3730057178481854
20250415-2500239623,Rest,-34.2,-37.7,-36.20251898344286,-36.20832678987514,0.358378847862065,36.21327529746863,0.002168615509788394,0.0003559087510912733,0.0836854268847591,0.04979656539259704,21.303865317170086,2.383244507855864,0.8481179577843014,0.3094931481965596,1.0091245274406473,0.14544628789584016,0.03856412294808425,0.019994925530186246
20250415-2500239623,Positive,-34.5,-37.3,-36.0476860557453,-35.9796853210325,0.38729224354332564,35.98506701458349,-0.004017948324690008,-0.00011442223324322456,0.09308662622116903,0.04864409884210163,31.507812550731877,0.28620765913884044,0.7851599125519273,0.5989189269027393,0.9194292777418825,0.06587246414549833,0.029515623121868617,0.01263220054395317
20250415-2500239623,Neutral,-31.5,-37.3,-34.15197015733965,-34.20185993140908,2.621162913725155,34.24015750082717,0.008144819042793844,0.00014518048404616886,0.07238780671247656,0.03678646573420789,184.34639044609435,9.20158566286502,1.932039563141117,1.2128825684624713,0.37546716800366575,0.1699794852077205,0.04747155046708633,0.027310319840907808
20250415-2500239623,Negative,-14.0,-30.9,-18.622267214634316,-19.80191129636483,24.301516935864537,20.40630314204328,0.021784017937571742,8.846204641471207e-05,0.14601690031736445,0.07736447648719391,1158.173672445478,47.79277429922802,3.6614756451684602,6.0136848181211375,3.3624111464986584,0.6091163166189936,0.4192074271503113,0.21688686010285915
20250415-2500252946,Rest,-20.3,-26.9,-24.002639434563896,-23.960571847247042,2.657216005802091,24.01595759600041,0.0036335682286890102,-0.00010349068778109876,0.17986123201137766,0.08574793977568261,172.41322124225314,37.76976993196167,4.261286474800668,1.4740179768560324,0.8067740087236527,0.6204815333402056,0.6405314830492157,0.2050752623734896
20250415-2500252946,Positive,-18.7,-23.8,-21.529704003397672,-21.48974362827813,0.9564640975949492,21.511986084662556,0.005408334947974887,-0.0013319429929246633,0.19040389176992634,0.09868228919871724,19.649171144775803,13.323587292312167,11.642936682637133,1.3098829324218932,0.6489349920965668,0.4515391800700186,0.09470112990765472,0.12887207865250605
20250415-2500252946,Neutral,-10.2,-22.4,-16.778216595206736,-17.533806140679808,6.17882301661164,17.709127047812167,0.008655620517434943,-0.000377442328258623,0.2071479433199836,0.10881361695504779,883.3999924215641,80.03242492387456,14.184689956748072,10.19158121980999,5.282787653416108,4.083485693132879,0.8859134526918161,0.4374889916681727
20250415-2500252946,Negative,0.6,-19.2,-11.967932073170282,-10.76601021317333,33.24633908439785,12.212834027962153,0.02849811869338366,0.00041413805583239425,0.17612078352282098,0.10432663501283775,1503.9540053414594,15.284925328365393,15.8003429141674,4.959202121492455,2.585982747345833,1.177430876972679,1.2664265489050521,0.44987534963529946
20250416-2101077830,Rest,11.3,-3.0,5.399541546003826,4.98031764439707,10.978576695201632,5.981817494231533,0.013962493443761092,-0.0009229719262978188,0.6474272937704222,0.3381731814493794,326.0094723384286,400.66654331472597,60.12938570037521,12.848139574991981,8.031439156797958,5.187811837751747,1.9551752348032096,1.0433000819364042
20250416-2101077830,Positive,11.4,2.1,7.236673047156678,7.229178346307539,3.819003111452324,7.488659604640481,-0.025009081525240274,-0.0003186809662497771,0.3450055013116086,0.20371553368025205,207.85159064969636,10.807300459737679,13.155461703786926,4.356757176659677,1.1543239229770335,1.6307437132230758,0.5908847391080925,0.3486443658495677
20250416-2101077830,Neutral,14.5,-0.9,4.189678559769265,4.348365793647901,8.493766465111774,5.2346968909841305,0.0020095814812370752,-0.004585112860197188,0.5967325174715135,0.33580182021692134,413.7012306754678,186.95794169351018,188.17433921649018,41.79173180025999,33.17427890721142,10.679223676849762,7.160404108088821,1.0443182091316967
20250416-2101077830,Negative,12.6,-1.6,3.999161936812397,4.1690105262407755,6.946261184856909,4.932231741591558,-0.0011258942806514972,9.535031726794857e-05,0.40499851925702196,0.22162382411383125,821.6858601589266,287.8700903063815,100.0219637319982,34.06051349692237,18.537364448416632,6.08883749501745,3.4128992730506478,2.408598309673782
20250416-2300887736,Rest,-24.1,-47.6,-39.71603138207587,-37.920780925316,45.28831674140262,38.51329566172197,-0.0017080794887943907,0.003292786165154521,0.36016264267989817,0.14073265419125583,3486.2166212075986,73.58270304232269,36.98029337022681,14.980345968750843,2.399198294835476,0.15824281849924707,0.563012702351741,0.7807875194123266
20250416-2300887736,Positive,-21.7,-45.9,-32.612517273688,-33.19612279427276,49.51790393324615,33.93376596409072,-0.009885730981921557,0.00029839959794986104,0.3783342152121737,0.10659801306503458,3753.4559246326144,68.12442443911215,3.6813152783549183,0.7013336024140711,0.4635569586569087,0.22291452821704807,0.06843219113964012,0.036256674868841196
20250416-2300887736,Neutral,-14.5,-44.1,-22.21331507904457,-24.25501204936985,61.76067261406186,25.496397434326642,-0.02134514153049596,0.0004153938576455626,0.2575086624187298,0.10282144076786735,5038.780304388564,34.427134438929656,4.421345183689824,0.9445707351325832,0.3636857463527359,0.12391101082695016,0.09073608717043653,0.10717819314804203
20250416-2300887736,Negative,-15.4,-45.7,-25.221267488196965,-26.725131616005555,43.641078777566726,27.529506691373648,0.032626702929670126,0.0021659274145370577,0.5104535325255202,0.2935354217888634,2744.8563928069943,243.3535379098355,115.58911416900756,57.39201897601065,25.054252031670615,9.29341288836159,8.414974582965852,3.253470644702794
20250416-2400637209,Rest,-10.4,-21.3,-16.65362429052466,-16.359594536761087,2.9848837075254044,16.450568899425594,0.00021465314782450189,0.0022202547657996395,0.621047243538619,0.4830635223242102,78.37629755233726,67.26792254669779,50.373216393992585,73.26073906026889,60.92347244493192,9.71680830695001,9.425233770340641,10.5650464362216
20250416-2400637209,Positive,-11.5,-21.9,-16.504989767528272,-16.872719810332647,3.8343664588580277,16.985965979503487,-0.005468320732221671,0.00010429942586657094,0.28450662753037353,0.22476970094511003,272.58425418612643,23.108613912752396,21.30563129221855,3.2692970063264912,2.9580897875223617,1.1781266402051818,0.5425092530548695,0.5985553989433151
20250416-2400637209,Neutral,-13.7,-21.7,-18.194520313846347,-17.952522114530797,1.90644835091564,18.00554077565106,0.009306019167164661,0.002461114046141441,0.4269881703203751,0.32781615825729243,67.27531808493237,36.39419238925307,37.4513595012907,28.97061516779086,10.023376861820324,7.573737668987908,8.660972633013031,3.2538150738672527
20250416-2400637209,Negative,-9.4,-22.7,-16.0591986761514,-15.98432241333537,5.526018672443799,16.15625518757052,-0.0008888198091900581,0.0018268204451466468,0.6369314808834865,0.4607647572882652,189.58572400902867,79.51742686662689,89.83524513930703,28.84352073836605,18.595796758078983,18.819818719901946,8.84559066126881,4.2678667142212054
20250416-2400649512,Rest,6.4,-9.4,-2.0048566075713197,-2.3259687885433267,11.65070446265252,4.130476397212582,-0.010720794924230783,0.0001909540023786498,0.3753478101779281,0.1812122220117169,722.9517343836408,108.87273780846417,61.04967232276445,33.98893892496345,6.342449801535149,7.655197711051572,2.8383629520166176,0.5731780812203136
20250416-2400649512,Positive,0.3,-8.7,-4.477697651435436,-4.499546741054711,4.53733958333825,4.978278865057112,-0.004424315974452274,0.0007118824443012368,0.3843877697108667,0.17212893203230262,249.11218757334436,164.83013582427208,91.8221470361693,2.4287421698553993,15.004910829988214,1.75427964724804,0.8801456944984108,0.7726295660324299
20250416-2400649512,Neutral,9.2,-9.4,-3.9839604862018567,-3.1422908580747326,16.80347086854247,5.165023011108712,0.0015515364106193333,0.00012451115364761734,0.3752781534393852,0.19609583151364923,1605.4121544907784,71.07895298888266,8.367294714070734,5.288295843263545,3.8008416458664955,3.167599544082536,1.3425898139834742,0.8907071479962447
20250416-2400649512,Negative,6.0,-14.9,-4.616150446842928,-4.736665372441587,20.646726884307917,6.563743271548264,-0.01082886520295094,0.0004716588468238319,0.29386532625826134,0.15663662847740542,2875.4899437398894,47.27029464104729,24.55447709076683,12.013863014425885,6.736595895089635,4.024062250912111,2.1161506472028107,0.6197483104156071
20250416-2400863059,Rest,11.8,1.7,6.4275072827856246,6.229386357005632,5.061641292785317,6.623208865620442,0.01278462127523455,0.00044399663138179054,0.17342621996019725,0.11375668924007999,432.6794796502857,15.245481878627828,10.047184714414145,2.4205621419949015,1.4927811815947014,1.8714916300513302,0.6247232315144675,0.38145223251240007
20250416-2400863059,Positive,19.5,6.9,15.24602813927984,14.118147634054987,10.014098907409002,14.468455049672079,0.03230078611616757,-0.00015755532861653037,0.15998613990958058,0.1123057516403088,236.0997667400078,4.640128809420452,1.1267598237368843,0.8468065316116877,1.0352792395528692,0.3640493043680653,0.12816796876480846,0.12459070554903764
20250416-2400863059,Neutral,19.6,11.5,14.62763254763837,15.29797783174149,4.061808922797797,15.43016314441464,-0.012459797054565222,-0.00025990273946685077,0.06357880190274957,0.035485494811030055,184.13715230906823,1.4905358602158216,0.8227349424040792,0.39560471092718086,0.2335141240900915,0.05020219719179,0.09869281917694536,0.05726598521741465
20250416-2400863059,Negative,11.4,-5.1,0.6607866266950342,0.9381195059484656,16.9313204978363,4.2203540971436615,-0.02997282557511868,0.0004408004420796707,0.2767108367669273,0.176385586785656,1306.6652365680218,13.192092671183715,12.917895047378611,6.123134104601961,4.299762146902752,3.549306222357338,3.9195123276941035,1.874328474499693
20250416-2400913925,Rest,11.9,0.8,6.52930261572956,5.923735943782751,4.323260544141536,6.2780497031964675,-0.019883883334310952,-0.0015078182737881236,0.21545059898631447,0.13261550431401134,166.64242209457,26.476104651945178,14.761789826571771,3.011946062015798,1.4495189477872263,1.2043381932885189,0.5235806063197127,0.23037658773080683
20250416-2400913925,Positive,6.5,-0.4,4.242437753301992,3.55997881242211,2.6114441770055006,3.9095899173570414,0.006514825029232661,5.059260501107289e-05,0.1941890084459077,0.10786768025034095,134.16641523968747,27.214704045096955,4.807000124079889,0.9925202904804818,0.5814853918960312,0.6284278769672486,0.34708492708915945,0.21579964873619395
20250416-2400913925,Neutral,10.5,0.4,4.699082763271659,5.067979255574386,5.268353431320878,5.563521112232179,0.0011286716593926474,2.4443992213550196e-05,0.25285323290887723,0.16284955400322607,643.6308376345635,20.156479653097644,11.1350696680428,6.989263266063872,2.537452175457382,2.957217273942596,1.0603597338829016,0.5983602642446303
20250416-2400913925,Negative,7.2,-16.5,-4.389426538514115,-4.275934806923103,43.13164902303843,7.836789361472908,-0.017949159414065483,0.0008567214122546549,0.5017381093198632,0.3021726161397564,3667.457426227077,204.04364927077688,39.380261094906125,35.2550312290899,18.773786264757117,2.849464129533633,8.647275249958724,4.9819407254450985
20250416-2400938634,Rest,1.1,-17.1,-8.604723205645463,-8.509468843295995,10.191019167216838,9.088568598092996,-0.01742801537713533,0.000512659284202599,0.4256900310623832,0.2682280222735237,253.57486241023005,36.72751681736858,15.448892323950036,23.117540565255005,18.828873020785878,4.103485580763282,6.1050223930780945,3.566358654812992
20250416-2400938634,Positive,-7.2,-16.0,-9.594621488858838,-10.42817104495947,4.333824712346964,10.633935116187143,0.011072632490229434,-0.000555954926093662,0.340925835105481,0.2626649418334414,108.74832672228612,15.454055868951208,6.920119152466059,8.240374393661122,6.670105077657864,1.5101657907918637,2.623629544274956,1.3245604985782697
20250416-2400938634,Neutral,-7.7,-17.4,-11.48985678725992,-11.358803122435983,3.0808682600538004,11.493618952893613,-0.015464705666209963,-0.0001572337069955195,0.37491726012348076,0.25883174870850845,101.92787022389868,80.7378737064954,41.81239036177976,14.466914678522517,14.845443157779286,6.941195673414448,6.318063598466779,5.693502606105625
20250416-2400938634,Negative,8.0,-15.5,-4.412017752465319,-3.948440855653212,25.147024446476923,6.382570770235798,0.011756085912333424,-0.0053081426751042556,0.5178966921569867,0.2784683217939845,3506.0535036170813,160.1773252888536,52.26560057415854,46.42223869854431,12.69238164525585,7.72984630774782,3.644733573363655,2.795764923318088
20250416-2500037037,Rest,-24.2,-29.9,-27.05342394162028,-27.083968107468564,0.8900823904745219,27.100395031011065,-0.010747588217902511,0.0001909166418405108,0.13581056687230095,0.14298425041503524,19.7909235046813,3.7311212611590037,3.4338313887188496,0.5379135490351885,0.3145813164018216,0.36300869388329204,0.19832710989227287,0.13102457231915207
20250416-2500037037,Positive,-23.9,-29.6,-26.934556251973433,-26.8883517336771,0.9224455024959306,26.90549952066366,0.003774906916558294,0.0019539497662098494,0.1766119231936973,0.1433750511064255,76.55735318538844,11.922167868834364,2.662602119786821,2.952022006964109,1.8107598029201253,1.1033509628697007,0.23946517518600566,0.2118702817360814
20250416-2500037037,Neutral,-21.4,-29.0,-25.619478331248295,-25.50574152788049,1.8398130395644001,25.541782708468332,0.002739858980715564,-1.1701838056854884e-05,0.205320345230639,0.17523848807808717,335.7754874232117,14.54167337864266,16.1940017683248,11.218485861856255,2.1639771727384307,0.7283497051711452,1.1685034132269694,0.9315262558626742
20250416-2500037037,Negative,-3.9,-16.4,-7.317787214611609,-8.735400407583144,14.051417207458874,9.50571604290085,0.01195581964200802,7.2083447981404e-06,0.11611454377815912,0.12266459480991532,1261.792122512114,11.896834139737125,2.5495652191824045,0.8746322196015063,0.33424944076624996,0.07378427409646414,0.17305519413867015,0.08018043338165275
20250416-2500141305,Rest,-7.7,-14.8,-12.180223264548715,-11.981226458477648,1.802898595932185,12.056230175525727,-0.01128393260009885,-9.586608945788334e-05,0.1241016740805416,0.0778640283710635,82.25652551080145,14.66625925547886,6.568329307437725,2.1403761356254036,0.6878871410673465,0.2879258160759104,0.1501267104343807,0.17616292222236826
20250416-2500141305,Positive,-10.5,-14.6,-12.914064799705628,-12.795609101161734,0.5943551280130573,12.818813026085765,-0.0012599334674206221,0.00018437465900795878,0.11557654355936667,0.06295960891613073,36.213740775647686,4.514005392903856,2.820235055810534,0.8006379817301872,0.42298768665509034,0.2395425608293069,0.17835646716194076,0.17811235961424018
20250416-2500141305,Neutral,-12.0,-16.6,-13.70581748152712,-13.915796492892117,1.1299680926449216,13.956337632926246,-0.0036846699795604057,-0.00013573375611868245,0.10333491007316734,0.06126221146080793,91.02838663504751,7.846461913972897,3.0818218247074536,1.7302052976801345,0.5409892384911401,1.1500473095448664,0.20410107856907223,0.4282138023681925
20250416-2500141305,Negative,3.5,-40.5,-4.921068189125803,-10.88336162320218,173.27449335810132,17.07987276239174,0.02455051803171393,0.00018581888888102312,0.47367528282656246,0.2956437069773719,19313.084637939093,83.94404343724464,135.49327748944674,38.71831121551598,28.130831757579323,12.487332100569327,13.363404485519958,10.93322228639704
20250416-2500237509,Rest,-8.2,-29.9,-18.74042973703808,-18.938214614737557,12.295806382668681,19.260108493373753,-0.02087211533019353,0.0025702841161813882,0.6398699601751936,0.3150472721160736,1006.5894888337824,296.7054059399507,122.61603034822568,46.54394458456106,11.050302258485958,11.078894291483357,3.087814899970478,2.7509675045776834
20250416-2500237509,Positive,-11.1,-25.6,-16.963412455761002,-17.030727854648077,7.560662391894647,17.251271073488486,0.00986112728620201,-0.00048375913284284697,0.402470986707959,0.19873290306912958,485.09344194023834,149.1278282312425,26.39008744730097,12.844067399889262,4.650939966691584,3.0194671801093804,0.9367928820962695,0.2640436090211821
20250416-2500237509,Neutral,-10.2,-31.5,-19.87626308865722,-20.823474592468006,19.660542728094644,21.290317912874276,-0.01788630524926164,0.0011896883824987978,0.5926670454017704,0.32018975284009427,1349.2589966348667,220.60544147318882,135.86475496887056,77.48632667018633,19.2955530314017,9.474174859854402,4.360024729800644,4.703640534294565
20250416-2500237509,Negative,-12.1,-38.6,-26.634653437341193,-27.46039980244303,37.72468438827728,28.138909746084522,-0.01913875170039501,-0.0025229806469933194,0.6229662552141728,0.3423432256214568,2911.92381738397,40.069628281111946,92.55920216499995,57.064140600545194,20.277875321407052,9.837735049394471,4.005566932739012,3.5219699844151777
20250417-03505518,Rest,6.3,1.2,4.659944507158911,4.64894741878502,0.9546010302198246,4.7505066185458285,-0.0031258867883729034,-0.0006020945295891228,0.1274291182013414,0.07338641444923696,46.63684684037048,5.781467199437472,3.4594952028797197,2.946516983898447,0.9043915726558109,0.22369813748789313,0.1893731081592124,0.06440151472156155
20250417-03505518,Positive,5.8,1.3,3.8663515046309556,3.815363513529865,0.8209896697245062,3.9214778349621535,-0.0020221303917802164,-4.31492800325921e-06,0.10224960407374888,0.058719731652913054,65.26972875815127,4.068696040297612,1.1801248763250387,0.13061654092331587,0.11102855454916599,0.04244185774249137,0.030062875506803376,0.013823720709218067
20250417-03505518,Neutral,11.6,1.6,6.813786782091272,6.527671400045871,7.349471936184376,7.068236402608589,0.005462110902151973,2.9162785591686534e-05,0.11487907155302052,0.04414414841070798,572.6809989109995,6.151529385632418,1.928114523424426,0.9905306031956632,0.2698030632387057,0.09727266558301581,0.03602747129063944,0.03469324744096086
20250417-03505518,Negative,21.5,-2.9,8.775133127609319,8.123491226036005,36.02770510851557,10.10043636720709,0.035273458606391944,0.0007615582546950292,0.3445985838407013,0.1740032013331565,1102.262760939373,195.95818809997198,5.60409179183846,8.224874338382344,3.2406844461137494,5.570325178654728,2.036755822168375,0.6702996990841036
20250417-2400134292,Rest,30.2,-9.4,11.927950644320045,11.018876202317758,88.34345801194272,14.483062202930267,0.008734081079623294,-0.0007432869287731482,0.9084481923414572,0.4608196051392627,7579.939151514419,246.61497810466483,98.96051570282606,38.58731347101512,18.127469967200845,6.06253486433803,6.503481027535694,3.076330361096864
20250417-2400134292,Positive,11.9,-8.4,0.8593316250309664,1.1647344601336664,16.67168398581364,4.24597342766491,-0.02743539147453526,0.00016840906395635208,0.6641430533957439,0.3855246081553712,1467.7837301996333,98.36427734799106,68.19197826313868,76.41741066268148,9.008585781513966,5.133610160501071,14.967124425820764,4.347862349421093
20250417-2400134292,Neutral,21.8,-15.0,-7.114172762371435,-4.410108049984729,64.80372933896741,9.178931438435933,0.0176728408179504,-0.0004808596540563816,0.6648452567515237,0.35093372423582014,5813.4844756432185,169.74982312721002,38.51736927918716,45.49686947048553,7.398416441861546,10.938176755181996,3.2210984027453726,5.35170303388861
20250417-2400134292,Negative,21.0,-1.7,9.110819165495338,9.31318692062002,17.713319454018603,10.220018105288581,0.00040992907396694505,-0.004506660423842103,0.687610868752864,0.4966007392572202,2348.507029273126,538.3730808930211,213.96021496538827,59.14245637870271,69.39945297888194,44.48841788785119,29.34840626222994,27.838548060467954
20250417-2400377525,Rest,-10.3,-17.4,-15.238688395453321,-15.05989950400135,1.9342262534509806,15.12398093506042,0.014119354638191008,-4.8337838943268705e-05,0.17080397929884772,0.08556685884653746,87.65919893234036,8.290685089484075,1.3056537044834067,0.5038273292944926,0.20620964145292653,0.11907157831374139,0.0832774401062007,0.020835077932779788
20250417-2400377525,Positive,-8.6,-17.3,-11.660592434087437,-12.017014077006248,3.6907639234879777,12.169609330231365,-0.021643230578943944,0.0009003325755535141,0.0906329257217411,0.04512491940893872,60.4755048950929,3.0158609014228546,1.7734285326971486,0.17148656091658443,0.136329157747664,0.08019486841941034,0.050925540047165915,0.012731537471039608
20250417-2400377525,Neutral,-9.1,-18.3,-12.228617961499715,-12.575409014813774,3.704071102454207,12.721830960687761,-0.0009932249827168441,0.0012833516633939262,0.16564935588899435,0.09344600220071762,417.6957841130643,10.26652876403533,3.484286564044355,1.6730477289271946,2.216839218346798,0.8822756951095325,0.2435840208146775,0.12798399275177533
20250417-2400377525,Negative,11.7,-6.2,6.847916339921505,5.557933664946425,18.526546586592822,7.029734931740856,0.02177168101344827,0.0005851216590333011,0.2771790852467761,0.19967705159405327,925.1410250622594,63.43201914969729,11.169784619247393,5.61119382397765,3.954400707326188,4.216317533978187,5.299040889430463,2.442886892291006
20250417-2500193947,Rest,-11.1,-32.2,-27.421336875882005,-25.745303370352218,24.16041715620667,26.210323591815417,0.035703719960497766,0.004483625589627307,0.6706902504526351,0.37951573673749206,942.5128138865392,50.41721108320509,19.704772112015338,4.828358298097504,2.905735658969339,0.7588398863916626,0.9900707498281329,0.49526054157914434
20250417-2500193947,Positive,-2.1,-30.0,-20.572287607516955,-18.46968116545928,48.163013802982185,19.730487478942422,0.01494324414217613,0.0006462082271962494,0.903006967791531,0.4352338663684036,3154.4786212447866,458.04522102733915,55.643952386941535,34.140712078891,30.207394934008775,7.955966091854125,3.4648274615663293,1.6943073943330111
20250417-2500193947,Neutral,-14.3,-30.6,-25.634439829841927,-24.55668292390554,12.987399306042054,24.819711431265198,-0.03399118322133923,-3.7142191190915426e-06,0.2847223604141387,0.15230082473826656,319.3555212392436,14.750667549596868,11.019352810165959,6.056982107552335,3.9037598533865268,2.216031810951809,1.6676775881890462,1.3795715737583236
20250417-2500193947,Negative,13.6,-30.7,-4.908551731618794,-4.184778621203373,78.33521383223359,9.79017803416845,0.04304438485398986,0.0010659796339762145,0.6949727658167131,0.4576743826725694,8258.908112538582,332.0537509255684,91.94713292660983,55.63602291981184,28.354064275289108,4.514375978692122,3.176754780298886,1.9113654308447185
20250418-2500114827,Rest,-44.4,-67.7,-51.07559863262874,-52.00281800643476,29.030365735719162,52.28119591541585,-0.0336749017764212,0.00036124468468569577,0.30271774556255343,0.07179471748124812,1459.9236763588062,140.37443343663836,15.06259295605319,2.435233112903738,1.2202731140610674,0.49217706774184744,0.06911172188282592,0.031037016878510064
20250418-2500114827,Positive,-44.7,-67.7,-56.856059647111124,-56.91239072684253,51.83719378478211,57.36599525877306,0.061609938290082766,0.00016502642348158926,0.18499062489328882,0.06927604850985114,1144.428344413473,39.79448189478898,4.248077369629389,0.6772841916981103,0.3937147568612886,0.12958085081488419,0.05077395445501847,0.05608594350271985
20250418-2500114827,Neutral,-39.9,-72.3,-48.81870731182318,-53.00541681343601,92.24315139151314,53.86851922001938,-0.017025935810107556,0.0001933061952993826,0.21941413102231494,0.07654248705503869,23125.16017906961,133.90507004447926,20.5513379698739,15.911412258620143,3.6520181839188988,0.6471118662280435,0.7092383218957343,0.4528081892475326
20250418-2500114827,Negative,-44.1,-69.4,-51.27679853503947,-54.25451853155982,60.36982365293919,54.808052371383425,0.025190060781489405,-0.0011122504831677024,0.3336627132994694,0.15400699325218384,5699.901978977755,164.70576779352223,39.869020651523954,17.632893570995773,4.19234082418366,3.317333074360936,1.3478669858301149,0.974336440217496
20250421-2100845892,Rest,-5.6,-10.8,-6.9784340650847225,-7.4472250357356495,1.56671394122264,7.551680255023412,-0.0011052028105320842,-0.00032942563269387163,0.1389758804501698,0.06952750860731294,210.16681056651356,30.230965734981915,10.567956102624526,2.554079011808643,1.4738611397688575,0.33352381801825154,0.40251193852283096,0.1875182929336876
20250421-2100845892,Positive,-3.4,-9.3,-6.49689305951583,-6.122735036830432,1.477608165549712,6.242234575597161,0.0020179795648957357,-3.279415696797069e-05,0.08397129257841086,0.03902426921286649,147.8003214039671,4.046163129489801,0.48857749672270046,0.25338590945071293,0.13990277991495287,0.06580492148673212,0.018453799202774273,0.006129298835290235
20250421-2100845892,Neutral,-6.1,-11.4,-8.939104508034717,-8.87892695195095,2.116568014083279,8.997328038488108,-0.0026996154363444227,3.305936167816719e-05,0.1098023006122353,0.07023429616881466,128.50055950520562,4.971884786827853,2.139456461666887,1.0166384916806759,0.46131779297297354,0.25744467182385666,0.18883919782517788,0.13222977494651394
20250421-2100845892,Negative,2.1,-8.0,-4.684868122542967,-4.144073159110136,4.980635025587527,4.70680118271896,0.001276023682016493,2.7985836986251907e-05,0.18900082895930495,0.11910566996776752,1052.741878984593,80.82348600369664,15.961041006369225,5.463889207061017,1.2868888702497316,1.5760279599879057,1.202525127078209,1.073375516700331
20250421-2100901425,Rest,-18.6,-23.6,-21.22459841835832,-21.017759381027698,1.0245190687933785,21.042117965346815,0.0019865090509710317,0.0017507020679068703,0.18933976869745964,0.12161613895760655,48.677959945678296,10.809540190310448,3.7956515295895796,3.023961676662259,1.7520192650935267,1.1846733035832482,0.6431429685098692,0.3714158691586037
20250421-2100901425,Positive,-16.5,-29.2,-25.073164906883363,-24.484675430073036,6.359452064837187,24.61419880842883,-0.019102080712196733,0.0020666374028835807,0.37006317283487694,0.18950393953750364,230.53302305740988,30.547725441585357,13.048355545319781,4.039629342280558,2.10313995462345,1.0363537909327198,0.3118761391126758,0.2688748423371469
20250421-2100901425,Neutral,-12.0,-26.6,-21.70425905924949,-21.069340244508435,8.006042608493752,21.25848397575322,0.026488159758418978,0.002219038327170227,0.35696489280885135,0.19171866227792533,431.1072892836562,83.66471368131396,31.098039472012424,9.816198661756637,8.769695404241432,6.574780854853368,1.6023982411134987,1.342537049447386
20250421-2100901425,Negative,-7.1,-20.4,-17.224229363116258,-16.195766955859675,10.462698730330917,16.515615823179196,-0.006675107660806051,-0.0008486122129234486,0.21401038528527594,0.10268496761991244,915.8052581406972,32.03752195033673,13.521465099981658,9.639459393941054,4.0405576118737105,1.025210500050149,0.892478489075731,0.6414917484240269
20250421-2500042598,Rest,-6.0,-24.8,-19.652238554406004,-18.237855734182734,15.83840242660012,18.66702397832772,0.03171420845750574,-2.6453193024572545e-05,0.6202065826413968,0.20334554012119715,674.7559782546565,1414.4271295663868,152.17163655653064,24.06639119583715,2.4292458431563344,1.250411911192192,1.0010750741982741,0.48263909245623593
20250421-2500042598,Positive,-9.0,-21.6,-18.86883617388286,-18.10108844324666,5.573325641794664,18.25438929331881,-0.022494241573942544,0.00460405404139483,0.41165629148281285,0.21207532788747613,271.2091229726622,29.452495340439096,50.45496172416917,32.351348058648874,8.303802301180449,8.862934152497019,1.7817833093360558,2.5723705154965435
20250421-2500042598,Neutral,-6.7,-22.1,-18.26644815266762,-17.131057875437406,12.472131430616301,17.49129141493567,0.00864362172878404,-0.003961989684286806,0.3969717583996222,0.19727471922523565,902.5643440758295,168.57026851455998,76.809114383314,17.36153671579628,5.994010417512745,3.860412954400423,1.5192591510388584,1.4326266695060894
20250421-2500042598,Negative,11.8,-11.2,-2.4669142353186326,-2.1574535227275504,27.35228978574054,5.65746369749467,-0.0015582420401236954,0.0007771275801832529,0.6617356142839375,0.3218679471745371,3635.3314342818917,379.9290896146825,124.90964176424733,107.41161895516417,36.23396077669347,13.789969644664426,4.500352565410667,2.912892329668408
20250421-2500086100,Rest,-8.7,-21.5,-12.951363916925128,-13.43582018993511,9.940386566039425,13.80078442489076,-0.007138324786658627,0.0009183689430671122,0.2153854937210875,0.09042623130591639,680.713777366507,6.557408879837004,1.394175957794636,0.5103440461814499,0.0637244452945989,0.024908591099924757,0.0364336094247308,0.015781527053835363
20250421-2500086100,Positive,-12.4,-32.8,-24.66842456443324,-24.730632928897982,22.03415083426245,25.172174238594398,-0.015114058800716113,0.00036944323850643564,0.23443812927807545,0.10579434931995504,1280.391491492037,13.453480831536915,4.294303560021917,1.2609480885181963,0.7029663041844244,0.35527210593109326,0.05596068020819656,0.058251509654917766
20250421-2500086100,Neutral,-15.7,-33.2,-22.12504344561719,-22.464076439577013,13.998494476139689,22.773520253998917,-0.028646736345560576,-0.00011875922274889872,0.35146287724839537,0.19519773764471135,707.4415063517993,54.573096649094154,7.7179889210260475,8.422969060589788,1.5739145616922448,0.3591378443695505,0.36244535242487863,0.23041869125710548
20250421-2500086100,Negative,-4.9,-31.4,-12.05672690941023,-13.456777888855724,42.46757356908459,14.951670298634898,0.0341586602343313,-3.410605823296814e-05,0.5831732656726004,0.3234111724907373,2085.189375332185,193.6275738081157,44.73294456369674,16.438681169765612,5.867306875263086,5.467558643898892,6.233903767647346,1.8351682796351212
20250421-2500120775,Rest,8.1,-10.3,-3.5018154132276846,-2.326407077940435,24.636610676675886,5.481676802673361,0.036128069291888096,0.002576215142424174,0.4369651503488509,0.2404375310592335,572.5143934281283,78.46643815047385,46.04827906882359,12.073505095348992,5.176842776004862,1.0589036865084114,0.35477325221753986,0.20008794842559127
20250421-2500120775,Positive,10.2,-3.3,3.0158785286826473,2.331211611432415,14.533991214320755,4.468617100580231,0.00827098741217058,-0.0004408625514024878,0.32572574889039174,0.1778926898673458,1155.0900855804157,26.6329518792423,11.236897045122316,16.440339368938222,4.075821191235113,2.904384061999412,0.9766193700035848,0.8581095145419557
20250421-2500120775,Neutral,13.9,-3.1,3.7331979556128747,3.8433066454682434,16.083019347188355,5.554639980978849,-0.0028995266814791027,0.0003208206936069247,0.22665818760857592,0.10196524357917758,2676.9606753062435,43.55527829901198,8.136309408937883,2.0874563353179867,1.385946976292525,0.5620027291074584,0.1552903429220992,0.14763476733659164
20250421-2500120775,Negative,14.7,-11.3,-0.8913712051574937,0.15784496281223714,28.700521573539035,5.359611609606075,-0.014325996617627804,-0.0003842713501128619,0.3987482162249375,0.23784307731083038,3995.2454680656715,112.05955066629774,81.50060846590496,22.29069931996922,22.741405456850146,12.319477691890258,3.490617165153204,2.5277315405986465
20250422-01117526,Rest,-14.3,-33.0,-26.185164963290227,-25.9194554420334,15.550698962706026,26.21772052208698,-0.014855717524596029,0.0012970681869719466,0.24751050685738754,0.09419841159243618,332.94101784996303,2.4058026137117374,1.1231506692599977,1.3514296272988349,0.4727784877883632,0.2722068627667712,0.28808051070243923,0.2590535196742466
20250422-01117526,Positive,-19.1,-36.4,-25.355483696247934,-26.74356688222485,14.972448568597263,27.022043189822472,-0.049396177526912,0.00048032118225626143,0.20046629300972815,0.10276177779481008,565.0152573111051,7.364597415423235,6.3117414111836965,1.2180370300482721,0.8859269871296368,0.3874328441270153,0.17674584231134352,0.05116100567634169
20250422-01117526,Neutral,-15.2,-37.6,-31.43014001049744,-29.569195506241048,36.13629787719105,30.174055424544726,0.03777010048133857,0.00203545938570308,0.25451135979409445,0.1573011333552282,960.2329855122857,4.811774265654195,2.4868920455323122,2.630429454651554,3.705037012028041,1.658253313360672,0.5640678034049136,0.679090225034947
20250422-01117526,Negative,-0.8,-37.0,-13.807606490365007,-15.756850614614066,48.77473255425393,17.23522769926518,0.004933221865636793,0.0004893717579000914,0.6484319792633151,0.3305964557307831,3225.1896962245837,277.98997041911787,218.86577445337358,93.39639441837656,25.032434219843296,16.272537898609784,6.356322225304451,3.5657905764991207
20250422-2100901154,Rest,-25.3,-36.3,-29.838058343586006,-29.822600471034,6.4716483265947256,29.93090622051915,0.024656204082875135,0.00032592312343383584,0.2696276381786826,0.13238025823250651,230.1564237074058,99.55664578032236,16.36693259384269,7.814355031723233,3.3971014179253505,2.172661663077975,0.37566784838351747,0.16680710445337593
20250422-2100901154,Positive,-23.3,-33.3,-28.876266526767516,-28.251550482339454,7.26103992486212,28.379766464526032,-0.01637712327228991,-0.0005318395426708667,0.16326640197254272,0.08848584480964429,213.21111028001062,2.243740156046592,1.6468288148371883,0.37907107934238216,0.06069072059905987,0.055823498751850054,0.03591251057232419,0.012147807856798653
20250422-2100901154,Neutral,-14.2,-34.3,-30.03097092251855,-27.252922340816255,25.88357991679113,27.72373272182794,0.03114393382261192,0.0006151863497000968,0.2010913746846405,0.11161065821670543,1665.4957477041858,19.306073945348345,7.822976619770052,1.9876081284613851,0.4748078246196085,0.37850498839396957,0.44293615093523114,0.18356562673277177
20250422-2100901154,Negative,-7.7,-24.9,-19.50310805474405,-18.49862365799649,14.650141467784334,18.890453110181657,-0.012178074248363216,-0.0002851258885561676,0.25869915971902624,0.1356329240578475,1376.430036693379,32.361233036825624,24.980375708777775,4.722834586488717,2.0712503775046542,0.9602255043127714,0.6149309671708953,0.3087996056651751
20250422-2400408931,Rest,-8.0,-40.8,-19.52940151320965,-22.156188845940058,127.05564682603536,24.858647408960007,0.0813089424677885,-0.002729840605454334,0.18259854370745066,0.08634834517252118,4457.008553299372,14.779398749095122,2.448517691318113,1.7970707691180554,0.5221150918160427,0.19848600803116911,0.1591543545658991,0.12779596315062872
20250422-2400408931,Positive,-8.0,-22.3,-15.35396764368987,-15.57057639802967,9.538954768953607,15.87393474019067,-0.005927976264912893,0.00015634522085334942,0.2683395135139154,0.08477355931432623,379.96415159731663,29.08022190142482,7.4779290685212505,2.0377003140971786,0.806317882785279,0.23436698693006325,0.08693004763575085,0.04272808388993205
20250422-2400408931,Neutral,-4.1,-25.1,-15.310368962749909,-15.345423602328706,26.256512040014194,16.17833543894183,0.010535742187674568,0.000361665119300794,0.30567099720066804,0.14360013811972963,4632.11598173389,173.8916364290441,35.61351909167822,24.441080467489193,10.906132233830851,2.0570495582248354,1.0563949021082177,0.5383301008536945
20250422-2400408931,Negative,13.8,-35.6,-1.6861570056434465,-4.291698602772934,114.1081699401565,11.512030526245127,0.0056995587107651355,0.00013916989550843986,0.6251803697103937,0.33177874180440003,18283.983422313213,633.061758264617,194.8967902752266,72.54825242179899,22.1089835850441,18.744607965690424,5.718414262516016,4.241161125806634
20250422-2400679520,Rest,-14.9,-26.7,-18.599020456457886,-19.8877583620399,14.18379904616559,20.241213691699755,0.035860231117101925,0.00022336368785467645,0.050417960779079014,0.015051867448620264,485.6014924752756,1.4462137892132372,0.2074142002984608,0.07518724636557171,0.01555239131082004,0.003175954364533079,0.005961381190820527,0.0051493583117781004
20250422-2400679520,Positive,-14.3,-30.1,-17.757871288590763,-19.750056715004764,25.90334126232092,20.395295572955682,-0.04875016963563957,-3.889819908908295e-06,0.17961971881805994,0.03341022512922377,428.15089855239415,18.190184020152778,1.662287190084388,0.12840912895766177,0.05260590054026534,0.03314961142111883,0.024824008947248715,0.009244793145710636
20250422-2400679520,Neutral,-14.8,-31.1,-23.942444745397708,-23.145138486672284,17.486540325131486,23.519863432689615,0.03142417276298723,-4.354403010044883e-05,0.07207269684879725,0.014340471229274305,858.2314657937363,10.727417923899175,0.2973415882717556,0.1439504635265962,0.04930350615146031,0.00852099161057819,0.004542348636167062,0.003423091276212447
20250422-2400679520,Negative,7.8,-26.4,0.7824208211289687,-4.255417009452435,113.0896495983602,11.454179303760583,0.033793503433359344,-0.0006806080527093975,0.3823877771007678,0.2092464383059955,6813.297110063759,123.38708559876767,33.55622782355514,13.366080634849759,6.478781186526927,4.032257881862402,2.289936995366241,0.7349430099908637
20250422-2500030471,Rest,-6.8,-11.6,-9.881379503194587,-9.737624228443485,1.0338714157672957,9.790566736922681,0.002634951861559245,0.0007075834651273349,0.13608164361461297,0.07309481002462691,118.65882607538121,10.984425899342405,4.703087642644595,2.885399958923138,0.8017690976266083,0.5828155260271722,0.3593190149859283,0.08260423931101078
20250422-2500030471,Positive,-5.6,-10.6,-8.538403416891112,-8.592716206537077,1.0003311315272345,8.650728462829717,0.003772916451609138,-0.0009546262905178213,0.13103102189388857,0.06569933345779053,23.79174329823093,3.1900890086650016,1.5016142979071507,0.4517425758576935,0.5476427414181009,0.3190726821275988,0.03517153734554537,0.09466972227586294
20250422-2500030471,Neutral,-2.8,-8.7,-6.644606864241002,-6.342102162627994,1.8850653735931633,6.489015735441227,0.0008628866163529194,7.283836861781391e-06,0.16452873465632026,0.08675844196163696,174.43922544346623,21.66842175378484,12.047800519250444,9.389724433316411,1.950977427172136,0.7951499795332951,0.5461951663934529,0.4040282961182234
20250422-2500030471,Negative,-3.1,-12.3,-9.251671996912052,-8.74625060764007,2.726842483625618,8.900771998836387,0.001139844071774811,7.134547733145625e-05,0.17267918228577295,0.07503804325998951,231.13628542162795,30.92470932084572,6.727171733997691,2.2725436600302618,1.267626729714987,0.6717311407573776,0.17258785531574491,0.23308271498852143
20250422-2500280453,Rest,-6.1,-19.5,-13.833633245361815,-13.956273246564338,13.017181729348003,14.415087396964177,0.01494422914061285,0.0008254222132501764,0.20849344052499,0.08211322074278146,1432.366531345887,24.273955341426007,26.887220484272802,1.0297331586006335,1.233087943730865,0.15024171831559116,0.0707948780677852,0.02361024395120383
20250422-2500280453,Positive,-6.8,-26.1,-18.867293749031194,-17.205602875671424,39.04305879678388,18.305076593996997,-0.02817154703662754,3.089673562293039e-05,0.30259261381673747,0.12116820990099644,3030.5304418433184,16.703930072728056,7.155591389743009,11.816420670772258,3.6306277745125968,0.13906435923375748,0.6103178502027936,0.10568295886066234
20250422-2500280453,Neutral,-17.8,-42.5,-34.72699902469407,-32.68078345731589,41.043619742231414,33.3028110994583,-0.027436146550370338,-0.000780214271092654,0.38144052302333137,0.1668683625125323,2546.210459892909,172.67498950221176,46.97018880833578,37.33705377392177,6.3801907785387035,6.081380965304636,1.8477880935168018,0.9969875381997664
20250422-2500280453,Negative,1.7,-25.7,-8.92905987597705,-10.346014825805291,47.283531874182216,12.422703194150825,0.022624816625314806,-6.471326515935102e-05,0.4182133615220008,0.17047164296197864,2196.9652877118824,424.6919831742566,157.23999501222306,41.234778398740545,11.489019324028169,3.8884648969699964,1.6599173041444488,0.6954249901400623
20250423-2100868942,Rest,4.5,-9.1,-1.3533287282549082,-1.3180970752490038,9.916371598863067,3.4137591447908338,0.006038861069256271,-0.00046095342819348707,0.35268215185210294,0.22791476314531275,800.3627817913872,211.8481348842974,61.89257825018525,26.304887288533987,6.802756576320675,3.735292132204674,1.6355569069078015,2.7230720138375824
20250423-2100868942,Positive,3.1,-1.4,1.8593884237706355,1.6837533485706806,0.5255204624017444,1.8331791514264841,0.003449559476422031,0.0007954242693004672,0.12308402089369326,0.084694974341116,30.127326536133218,0.4330027470815805,0.6051156107543938,1.0019042030445309,0.60212399244145,0.20009395225371215,0.07203890454801529,0.035493242920945314
20250423-2100868942,Neutral,6.3,-5.0,0.5835923728004411,0.81872200990478,5.884746493010182,2.5602836214983493,0.007518138934038319,0.0001874108903978906,0.14642798468593016,0.08936264375214183,316.8189151054732,7.428876596109226,3.0249905396475443,1.2907090611685323,0.942370320721583,0.9432176274673406,0.7178809282002442,0.4370115430600786
20250423-2100868942,Negative,10.0,3.5,8.160730922083092,7.657821686286195,2.270320301501053,7.804649465572184,0.0027778036172252454,-2.5570356225452155e-05,0.10496332599788345,0.07006327896675274,290.4879029413998,7.76776649088702,3.028245880028238,2.4337971776338176,0.6293637861437057,0.5641976808553144,0.3176308514322694,0.18946024327119118
20250423-2300263813,Rest,15.4,-11.6,-0.7498388509175897,-0.12966666913397099,61.87794173340537,7.8673219826373995,-0.013240243575177441,0.0012539140893246888,0.3025191555295066,0.08286991904888254,1669.0141968771297,10.954449869453525,1.402382898397831,1.1718596382556912,0.243046489450109,0.05057448273153457,0.081797502965537,0.12518085826474287
20250423-2300263813,Positive,7.7,-14.9,-7.9879199914344685,-6.3163557340585035,25.65753344894431,8.096535259487114,-0.01978909409603277,-0.00355371861080254,0.41883517509093676,0.15840700931702928,1275.2584972105178,27.19127632812622,30.821507868099758,13.891142601431753,1.2302830031207368,0.7323736086394441,0.21304313936520675,0.10604029818322744
20250423-2300263813,Neutral,19.0,-17.7,6.103555802311917,0.46509127893750263,143.52251660089254,11.989112832008724,0.03963726554682449,0.00027174444492697046,0.48769442442287936,0.21912403797974295,18138.36093020785,374.0612109806884,314.5647914883986,18.81716885255369,13.344689283296171,7.703824338326129,1.8529544766186345,0.9838116980507792
20250423-2300263813,Negative,18.8,-10.3,0.7244570010205393,2.3686101589702315,33.857593876793345,6.282348920743764,-0.01095274246612055,-0.00027147169915429356,0.420443320477028,0.1935413643074126,2161.274891758671,278.9750534902268,118.88088754332342,49.692613681012034,19.15633435450423,6.022107877582516,1.601674286096895,1.6660621689608772
20250423-2300501066,Rest,18.6,0.4,9.431187899198918,9.432195353214107,24.2940608008149,10.642385540000358,-0.024375788724425616,0.0008084455139663671,0.5228256535913485,0.20733085049936573,1751.9115268684725,696.0462827125524,107.05425332556436,51.3336639036935,8.548618050243883,4.833180345737505,3.0569316048549413,1.896249679809346
20250423-2300501066,Positive,23.9,2.4,13.021068967832775,12.851159033339938,26.327517698829453,13.83762285217458,-0.004597649795980886,-8.517728458496151e-05,0.6140203691281562,0.3035322444694635,2189.1322509652537,384.2895552689762,66.78627068033572,74.97139068198179,51.397450927334575,13.348620369168863,5.489596892165803,5.559280673506613
20250423-2300501066,Neutral,16.3,-3.2,3.3651304376652518,3.5576341396614826,12.923601178677128,5.057703218889184,-0.005137933265067462,-0.0019536256317570794,0.6795056216115465,0.2719170291677942,598.4337895282995,302.94934860620333,373.55831944339633,2.5368758098869097,25.709355685833348,1.5230673142464697,0.8624460568664876,0.580312452197884
20250423-2300501066,Negative,27.7,8.2,20.499038211520634,19.791657869305904,12.285189777935397,20.09962464807723,0.017160316870519665,0.0005673032001928877,0.5907757919691302,0.3167287113713823,838.4227512394132,245.75679442978037,230.59422972284517,107.87601316935364,41.93223902603868,20.62968583837269,8.892903070055176,6.636854836371147
20250423-2500055981,Rest,-4.0,-32.5,-22.991658299076878,-21.6676674491185,40.64896517068612,22.586207690895687,0.06420722910845165,-0.0013320312538781956,1.122765721533504,0.5884487815065299,1504.2642697724464,815.5791428271529,240.04550394147654,216.70016991135526,68.50989587407086,5.3890043844367925,5.592696729016709,6.438308234640377
20250423-2500055981,Positive,1.7,-26.7,-17.312312890228732,-15.509682749657953,40.08184004482078,16.752077454448994,-0.010780729124296546,0.0014937196296686292,1.1051137287957933,0.75376426005047,2821.9101575185164,1085.6741736447884,350.51928660471526,113.74705652074549,27.973608998044252,70.28603882224449,34.43473526422338,29.192837856197322
20250423-2500055981,Neutral,-6.8,-26.5,-19.624167114541574,-19.537847899349,14.446486379252415,19.904119847844278,-0.0099620432727268,-0.00031155700939064,0.6693850796980808,0.4123204988105647,1512.6520459765943,503.61566140735863,142.3654160730775,73.34816825788303,72.06744750413317,11.675121831214293,10.42194249063031,8.72325532674714
20250423-2500055981,Negative,5.6,-25.2,-11.602568415833971,-10.915405129122892,43.41548862292516,12.74996304919381,0.017607151619604727,0.0011169261051163029,1.0259299217740943,0.6406569443133393,8585.973697892108,762.2179903167845,281.85078555009557,102.68444924228912,104.14063394496785,80.23648702220494,35.27134192090723,36.87615052432674
20250424-2500196037,Rest,-5.1,-23.7,-14.228212121761828,-13.813065319060623,13.986209145469159,14.310380241422818,0.021155465783860405,-0.0004638556914712802,0.5344318603982221,0.2980489557793208,803.2375757446282,280.3066419033137,38.08049612531814,25.919116901259393,16.842448984070558,3.8255058009974907,6.728045054800919,3.0331195872701544
20250424-2500196037,Positive,-16.2,-23.4,-20.436864782246165,-20.14013154440362,2.0732797948423625,20.191537297113463,-0.009371780417316577,0.0001385774732559532,0.1856194391270514,0.12411965138593581,66.29897109549667,13.440420911681246,7.436352393355303,3.1231481213972656,1.4835376532579514,1.5808852409401637,0.5845574546417968,0.44488778994637707
20250424-2500196037,Neutral,-13.2,-27.1,-21.709862413757087,-20.791726216045816,11.264211949269429,21.06086634002211,0.0143959087354655,0.0009079441028172093,0.286923284368133,0.17807565111247037,862.4086125667734,25.37547393611674,14.303122218480295,15.234435860571804,7.6144808583566075,4.637134739751291,1.1694970196119387,0.8143450955937515
20250424-2500196037,Negative,-0.9,-9.9,-6.1444753867392174,-5.984266433271,2.6098372938600862,6.198490303149155,-0.002607976047456061,-6.164518075986595e-05,0.2794141008307736,0.22684095246160887,138.40064450811704,16.12140852041318,10.050708657189643,4.3381815239007615,1.0064319298448325,2.935712528873262,1.3648308097958584,0.8508360748834102
20250425-03124625,Rest,11.6,1.7,6.589654989966627,5.998508154389718,9.870305545644767,6.771440439369213,0.014495972186955773,0.0002074584926017728,0.0931702493253482,0.04745642849144297,480.7985379057371,2.8485366438916424,3.440306253236189,1.748758061081751,0.23118365468368968,0.17907123478385006,0.11886799899829108,0.04781376013269746
20250425-03124625,Positive,12.5,8.5,11.020550635575882,10.665673843434837,1.0427606948714347,10.71444628664503,0.00848511779254301,4.721696354475843e-05,0.0805256722274635,0.0403485844747144,31.92093279999245,3.8294778717317453,2.5002572474022977,0.7297835692573449,0.18266282299401854,0.12298454330940967,0.050106809132949674,0.006492545473997334
20250425-03124625,Neutral,12.6,8.0,10.560591225707205,10.424494650351843,0.9720495980261423,10.471014196974444,-0.005778398543661074,-0.00021351272076879544,0.07630148659304048,0.042066863826157576,53.55666124527035,10.27365945571113,1.173768736318698,0.7426791323020353,0.2516449556070591,0.41307600393350097,0.24443883343922868,0.15631694904727547
20250425-03124625,Negative,6.5,-6.1,-1.6297195793037602,-0.934334053513723,8.72542894688115,3.0981299311740513,-0.011647135027415236,-9.141791696793891e-05,0.2345780216353041,0.13217198122727625,559.0123491773287,73.09595952662288,34.73489757101948,11.19188926194736,7.474335629909097,1.3889077476260172,1.4188323035445805,0.6672990963547232
20250425-2300716338,Rest,3.8,-18.6,-8.976996367734738,-8.403811759423604,18.29942763299801,9.429924693274303,-0.004131184171415668,-0.0009157771489095644,0.5166583120387082,0.32032307053391207,212.0361351602889,8.863051944310236,5.8351577948891595,8.946475018180491,2.526076430489314,0.6606576463612661,4.127205112179991,1.9136388907468762
20250425-2300716338,Positive,-11.9,-20.5,-15.37678450665684,-15.762498448387092,3.4718265166725737,15.872245709164096,-0.001238807073163145,0.002608009332591235,0.3006885701229453,0.2483487782636099,48.130076168518634,5.381092203147055,3.021845339823846,4.180406053766758,2.48720044964734,0.48896122603514075,0.7451527788428971,0.475079726469623
20250425-2300716338,Neutral,-15.1,-23.9,-19.01970291473119,-19.038403470870936,3.8962522386431826,19.140456080206494,-0.013204905757891731,-0.00035531161480356247,0.316274258423344,0.2291008686384229,396.51109657603524,17.109633687290255,4.6939059268957575,7.516293118628778,8.480188678327561,2.3561510289357974,2.7678653564673237,1.5364623532118744
20250425-2300716338,Negative,10.1,-23.6,1.0668214148461064,-0.42010737261486064,41.594850069433654,6.463075140670965,0.0399605341795986,6.768034062696594e-05,0.5525949827286167,0.34391350166903334,1657.075194246973,436.4203917576054,86.53843681459175,12.952805079657308,18.64210014427791,19.357064770107225,5.844680210749003,7.999551857990437
20250425-2500246923,Rest,5.1,-4.7,-0.9251595915701954,-1.028503855767121,4.540230283807196,2.366019962962069,0.005549482903058151,-0.0010549205246459914,0.3380646625817498,0.16986491156824368,203.77869536633997,46.01700400949443,25.822108735201873,9.959241616937119,10.07635475765272,2.38201483855305,1.2112598868695517,0.2770184083630443
20250425-2500246923,Positive,3.7,-5.0,-0.8225538112307453,-0.8163577381906983,3.7896770784885576,2.1109516894501374,0.009548741182229705,0.0027236700978495064,0.34860214925515415,0.18167944116427034,198.7233577842154,38.26210860266541,36.88585331998542,11.672126683983251,5.2740179420329945,1.7735748210047575,1.8981459473465576,0.4369778090651144
20250425-2500246923,Neutral,0.4,-14.2,-7.039944440201887,-7.184770976500612,7.719526561731847,7.703275961985096,-0.023170139183691908,-0.0004961048758187323,0.31525729592620566,0.1744705906442529,615.190799600572,62.07866184869608,14.885251139685337,16.382772624729746,5.9519597973191525,5.610588232789821,1.7246623841534263,0.9305472032216925
20250425-2500246923,Negative,20.1,-13.4,2.10027661446759,2.0818390188281155,46.22464750699286,7.11046420476948,0.04163994155396374,-0.0004843709827709479,0.6212319176548728,0.29252209518366584,2373.836741742728,133.5114807010993,49.801432454035584,43.14431430376082,12.115315195651181,6.227627961499769,10.032404562776247,4.324939429302104
20250425-2500259197,Rest,-0.1,-4.9,-2.316805416173489,-2.281334384378271,0.6257953126730323,2.4145976654547683,-0.007236885382424165,-0.0006911019036883583,0.19275902394640282,0.15086666772435822,27.26390526509578,3.1984804554236765,5.645760082692998,2.3953972292944394,1.3943344298829101,1.24908232611909,1.3158437456312235,0.41373005092260967
20250425-2500259197,Positive,-2.1,-6.6,-4.418568370279305,-4.330135738769359,0.6460171286580724,4.40409952712535,-0.001534597887588303,0.0008870522036094204,0.15957763229475047,0.11905506923627815,33.48924020588592,3.6297268671596505,1.2000520490690065,1.0525541642712708,0.8207493599016052,1.0110026912726064,0.40995463973661045,0.2684943958169528
20250425-2500259197,Neutral,-1.7,-5.4,-3.65905432991177,-3.6008627353026146,0.5473736309713124,3.676082979131774,0.000500786773953801,-0.0003054003939816559,0.1037512412181878,0.06831953037277753,61.97981263044222,5.827507904825647,4.889415398456385,1.2207369334431866,0.9490780909497115,0.21251862202121988,0.09695012313237046,0.05179532040550267
20250425-2500259197,Negative,-4.1,-8.1,-6.127522607380585,-6.157977867053216,0.3763429844917827,6.188459775712293,-0.002645087894789786,-4.494786250904747e-05,0.12949205753070822,0.09212425511513832,20.595163399179498,9.073851767741377,3.5152910946774885,4.853639474157103,0.44840606989017306,1.0577362179769207,0.34663945272623475,0.30337686415131865
20250428 -01829122,Rest,4.4,-30.3,-18.231864237766594,-15.81939152291078,116.45826758384302,19.149710591520293,-0.01268293470775393,0.0039968744815748,0.6776020587586769,0.2834939375999424,10636.60190176535,215.29548457011447,20.643893773779823,17.474406172581478,14.913162024160377,2.7790139553189555,3.014736285836067,0.9990896677043736
20250428 -01829122,Positive,8.6,-24.7,-18.587197081416157,-14.992457366909624,66.39373043730555,17.063631159161528,-0.048746442784445676,0.00336410664216068,0.9491711558971355,0.328307344525074,3760.7492166450697,839.5764062801428,284.9062822859393,40.19756458308666,6.377596095269568,0.6688214262342949,0.28446002422366345,0.2976367842487495
20250428 -01829122,Neutral,-10.4,-34.8,-27.482726702763646,-26.068458193712143,36.269931717432705,26.755082588449444,-0.022067436566843866,-0.00022227576622925878,0.5471288005307497,0.20688798492338614,3318.837071280947,44.28114296855042,48.69811746065392,25.21195859668458,2.9962086124735494,1.7927340770423816,0.8900770693619477,0.35563193548937694
20250428 -01829122,Negative,24.8,0.6,18.93724285837938,16.680090451783265,41.575299776595806,17.88297283049625,0.024721319985173927,0.0002487783419183646,0.4080147044087269,0.20145973648629706,3533.0185675363796,223.40973345242082,114.90000655088683,47.81372423022292,12.844716867351913,3.593252257685798,2.3423523705738174,1.007455852662604
20250428-03067882,Rest,19.6,-3.1,11.70051560863313,10.898393552686436,29.403412686189714,12.17285483013032,0.01606056628097587,-0.00019474008348473317,0.40238882866197684,0.14330682851862497,1560.710167078558,136.96623012335,19.93687440049631,6.9875965567011065,3.117575027195886,0.46626092142091874,0.3508939519077243,0.3864917350477988
20250428-03067882,Positive,13.5,-3.3,9.434889422386208,8.537077159327033,14.432176228576298,9.344188710256212,0.008399792945073975,-0.0053061880667442385,0.38200704012072995,0.11943493520975419,568.6859987687462,164.68446128566285,29.385640206599312,1.5215472751674046,0.5350444541344096,0.7075161760702571,0.31976438099810783,0.12191390320547156
20250428-03067882,Neutral,17.2,-2.7,9.40200312785188,9.30548395782819,24.407389040808894,10.535626261889073,-0.0007358689813351624,0.002604185792435118,0.40830804576661844,0.15303286681560155,2196.894884407937,209.64222365182619,62.22753316682597,11.215474609826206,2.6597784494397594,1.1979160128703998,0.8606852163964314,1.05804907128277
20250428-03067882,Negative,6.8,-7.9,-0.231221782584109,-0.1489793084093147,6.878506242540941,2.6269185516256606,-0.013114824119417346,1.3275034488940167e-05,0.32678192569887665,0.16364286420978225,957.3502579770601,302.60813434885756,45.369256337522884,16.064418709178504,3.0731603791402797,1.2660166895399414,0.8567729176166415,0.6709494074738247
20250428-2300738741,Rest,1.7,-6.1,-3.6882467577522036,-3.000922298005078,6.137165195112559,3.891362207990492,-0.017850096040763295,0.0003263122490651254,0.02850674420234524,0.016553628859145828,195.82873803503324,0.019354748837322806,0.008752404011288357,0.005578234048381326,0.007487194411893848,0.0018658827679567803,0.0002481902011501327,0.000917766640570638
20250428-2300738741,Positive,1.9,-4.8,-0.11526678192891479,-0.7629540463231989,4.145655001134598,2.174339871762356,0.018452026253991387,-0.000653724613057365,0.11841017136463695,0.09593778194654781,91.52933476341478,14.08753411188305,3.0660837593226744,0.5185987135967474,0.30068481203845204,0.21164004013941123,0.1072127231581676,0.139263396194872
20250428-2300738741,Neutral,4.2,0.7,2.0729737137971807,2.0613059112849483,0.48624324042232003,2.176057283327025,0.005814998111528549,0.002041152362555168,0.15458059334753008,0.11548806416769161,31.383537485750676,9.915232917733297,2.3827518283928675,2.45607934256026,2.4384292662041345,1.0247164930574864,0.9906554566587996,0.48923873707756266
20250428-2300738741,Negative,4.3,-15.4,-3.9357771549488585,-4.366439142567298,21.553086064402663,6.37329403449633,-0.014874612837358598,0.0014009628709228,0.5511929758620611,0.3305032459965132,1503.9713605898587,89.12362167984813,210.32982733721647,18.50591640410831,22.644665457358588,9.18510151257056,8.988397173948194,4.717933468363903
20250428-2300775143,Rest,-10.8,-30.8,-16.65437336102101,-17.664700691495792,26.31770053399068,18.39454677490377,0.04796006859595595,0.0010554384642884147,0.24854745110970877,0.19810893087668324,481.25595855404504,8.785149278425688,1.1573406321175543,0.5987400008026951,0.7383250973021389,0.36342818722646064,0.4601032618852923,0.22584437614920694
20250428-2300775143,Positive,-6.2,-11.1,-8.19729235671645,-8.229819337163653,0.9017516409690007,8.284423816012902,0.00928292814954531,-0.00028402245194754274,0.11278309170563872,0.08633653353594715,55.71394678950967,3.391723542130126,2.6161001016631484,1.4415172317920857,0.7414669779303695,0.5932518572981144,0.144406753698479,0.07848585163222513
20250428-2300775143,Neutral,-5.0,-9.1,-6.979041926724596,-7.002169421737792,0.9457789082403015,7.069381551377749,0.0016668268601443463,-0.0005069577782541106,0.11606762721473761,0.07625268763596325,171.84662081588297,7.22451041336615,3.351639586541263,1.0703769662388218,0.8438685208313934,0.6248457398959628,0.5041381104722396,0.18253625920837485
20250428-2300775143,Negative,-1.0,-6.9,-3.3857065723093784,-3.5817403404540333,1.5170207662335908,3.7875961549074058,0.005903907432130748,-0.00019879394010373662,0.12693284187339396,0.09144223380045717,122.25165233418703,13.951874351605346,5.941900812230364,1.6041485588082485,2.9505597044694336,1.3573798702745625,1.2111043760242064,0.6090577283051991
20250428-2300913164,Rest,-26.7,-33.9,-30.480106760893243,-30.752703495251126,2.080439611368219,30.78651022571735,0.007097184332492117,0.0005815900715919649,0.18864048359095617,0.16596986757677418,109.77667834708267,38.950618817720354,11.36984686924644,4.646930120157595,0.9109478582440759,0.42771343758541225,0.24488998419160057,0.08095514015054821
20250428-2300913164,Positive,-22.3,-34.4,-30.705589227623307,-30.191446242066252,6.567399557247219,30.30001362614914,-0.0030048386583214253,0.001349016151609002,0.324349748865063,0.3160771521326821,519.702921605204,74.96104056123355,7.062992616278131,7.71914935051471,5.321102782604982,1.8309996702831548,0.2843560517094609,0.4601700536317728
20250428-2300913164,Neutral,-14.4,-30.5,-24.418069274176265,-24.269308164814554,11.547277227019638,24.50605223257622,0.01907493786195115,0.002609812665226083,0.45757313391332716,0.1994203659966448,1648.7307877978812,363.7232062277133,17.680769663035033,9.49513329739672,7.6720232831622885,2.8181015572038324,1.2837310544798926,1.3379146237965727
20250428-2300913164,Negative,3.4,-26.2,-16.992578304216398,-14.733488543090836,39.98876296613428,16.033229481783238,-0.004532811541034442,-0.0012013760403218397,0.562531906231996,0.25465155731263167,4078.6363256772365,586.1846726410179,122.48069881887524,28.659064626060708,7.181525805499918,1.3343149258509968,1.6425418779059964,1.195418627767029
20250428-2400263291,Rest,-0.4,-3.5,-1.1812263878791205,-1.4325790576171433,0.5556054391928489,1.614895722799485,0.003096338510931918,-2.015966706737603e-06,0.018300455678416483,0.008133555842779269,43.90253700996771,0.1381426959592074,0.014895195881794105,0.008893208762498484,0.0017602793840615248,0.0011354051547968762,0.0001779778422483307,7.331174652340504e-05
20250428-2400263291,Positive,-1.6,-8.0,-5.054973333302515,-4.387899512892829,3.9253048913675,4.814453969726226,-0.018115023517989944,8.479023621991478e-06,0.04289578889564522,0.018447056802219808,162.017271451706,1.4861406519283882,0.3842394133701491,0.04121535901263878,0.035933434684236154,0.007543730030507027,0.002308887462549361,0.0005189383518003844
20250428-2400263291,Neutral,-7.9,-27.1,-15.102664739309303,-15.426025021527009,41.60237691383072,16.720186149639844,-0.03648749266766265,0.00013509804895015453,0.167439870366191,0.09137012122905032,2204.574002185511,28.574969952382922,23.187111246165326,5.835989249891923,1.2506825253813958,0.9505585135483579,0.7203170439582173,0.4168010817971481
20250428-2400263291,Negative,5.9,-34.2,-18.803938031669272,-16.427301479888374,136.75173854362748,20.16452261906466,0.02636308086690939,-0.00036962085703498625,1.0222576916439978,0.5055267772045405,9027.364514272902,1152.8349069532853,829.5126494065681,191.63848182403606,110.08723990327536,32.415124144963094,36.48682898645484,15.092768507518432
20250428-2400583010,Rest,3.5,-2.9,-0.2925651586176684,-0.24590557462471582,1.9602448492921192,1.4215183435058552,-0.012960583910482989,8.498973346168518e-05,0.08888816682783027,0.04483857940712809,112.9145533231076,4.211422531690431,0.6910966242800857,0.6823884078860336,0.15403939047192933,0.11259935334405208,0.06714178218343553,0.0595204444808533
20250428-2400583010,Positive,0.2,-4.3,-2.68054522756815,-2.4194065075012468,1.5664356222326612,2.723960989216263,-0.010721451850294382,-0.00023674005985341634,0.10889589364174079,0.05521643048689349,70.40007491805113,2.6698785285356452,0.8387894016072742,0.25365832925300785,0.10295449046930934,0.1291929432823167,0.026330294347709764,0.02012398043578085
20250428-2400583010,Neutral,11.9,-3.6,5.092511206108426,5.071326485783425,9.078739736027961,5.898906005475627,0.02924712658974532,7.310048506161162e-05,0.09516605026412506,0.043897915659775875,712.9829542703535,14.929403494596984,2.214375297189205,1.4130294620110018,0.5645084805359015,0.16213336967455028,0.03549694837808126,0.023948750386397332
20250428-2400583010,Negative,52.1,12.0,32.770692683692594,32.48104729850649,126.15588691914641,34.36821672020476,0.1290873432921452,-0.00018996349619261886,0.019134472866383496,0.014314347104428554,2366.3874282397005,0.3187141142821562,0.020272478869768188,0.00422169765169509,0.0018293743510640267,0.0005119784006027575,0.00012495640126223455,2.4739215059226312e-05
20250428-2500154981,Rest,-28.0,-40.9,-37.467093490745285,-36.66014810809614,7.421427257253036,36.76122803395989,-0.0004044356395096404,-0.0023910814650378526,0.4111475989568582,0.2119127460387897,254.3966656331183,109.33166080005753,37.369665916080606,12.906696887600742,10.292285494884757,6.217238217538309,1.9204289007082083,0.9654296188541247
20250428-2500154981,Positive,-33.3,-42.5,-39.354197906042074,-38.65447003576474,3.6181482345627507,38.70124289968472,-0.01165581796794285,0.00013683915003819184,0.23705880496272969,0.12102915381063388,226.71527383999552,17.99649633768627,10.075264686594407,3.5075332469778853,1.7290466778771298,1.1408999146580312,0.2824215009149089,0.37382765360260517
20250428-2500154981,Neutral,-30.9,-40.3,-36.73663447570989,-36.24615116059606,4.578043714965286,36.30924837657403,0.00844974838818183,0.0008108929643344266,0.22452276603021182,0.12785298555512078,268.8343039704315,17.514977231327666,4.686753490303577,5.890737611060621,3.163635601048031,1.4260953909463847,0.23142651225974192,0.8839624598826116
20250428-2500154981,Negative,-8.5,-35.0,-19.32788047619525,-19.384841373151055,33.043640029875384,20.219191751702247,0.04371991508658991,0.000293958237460178,0.5922529353201661,0.28509261138677283,2516.1629512181016,142.68309702072943,121.1349771035373,13.240260494252675,7.872201671810178,13.705454717914657,3.8675717127851335,2.013081583740285
20250428-2500265806,Rest,6.0,-10.3,-2.3283883457616783,-2.626314733925896,15.3138846557183,4.7128986555361605,-0.023413668647320036,0.0012291912572665318,0.4523807270207262,0.2976763272848171,663.8210650400689,42.28865183491695,14.108187607017026,32.12090923297287,12.49566593166545,10.370837101895349,7.382389373483515,4.848696116003965
20250428-2500265806,Positive,-4.5,-15.3,-9.293273278015599,-9.387273602562754,5.511116927313899,9.676364121749728,-0.01890321994736021,-0.00039111997563219373,0.4381567581579113,0.2616611992297821,226.2361213437929,25.52226799987401,45.680636586010735,5.634422653968476,12.889482178135895,1.2346522762599952,3.94168935397006,0.5262199684544022
20250428-2500265806,Neutral,5.0,-19.4,-10.283886084130785,-10.244297614126108,21.61075880821558,11.24972854850309,0.01738151334755678,0.0004911510235131853,0.6271465867433788,0.34676537946447267,747.8151043397567,226.85250883763297,80.25735916453462,79.73322665671414,33.367675743291954,13.615303262633363,6.274660055666485,8.74194759519516
20250428-2500265806,Negative,10.4,-13.6,-5.491436484720872,-5.094643738691224,21.209102363831427,6.867641311834589,-0.01667122180220162,0.0034202108833694678,0.4927558073876719,0.27732403195787847,572.1739313526932,145.8990435874959,37.90332190325052,20.883264152272375,12.562531529746591,9.090726100278536,1.826640686656722,2.436465400768492
20250428-2500283864,Rest,-8.2,-23.0,-19.680283221874483,-17.965491039747892,15.293256554025705,18.386193865324262,-0.005101537811019699,0.0003494246128484366,0.3101253094682158,0.1835306131626635,1506.8851565758266,145.51331353301958,22.388486435696343,7.03479908903238,4.677845135532733,2.79263880014901,1.714971516131206,0.493842188912264
20250428-2500283864,Positive,-18.5,-22.8,-20.320862988432808,-20.287224070046538,0.7063594723934923,20.304625579918216,-0.004537799477813316,0.00021030228972717652,0.21394591226328769,0.14200799659939542,33.378662766982465,8.452048354804433,4.186131521205228,10.428063062523995,1.9920226861216697,1.1802372700117907,0.15457688625417443,0.40864751506422153
20250428-2500283864,Neutral,-15.6,-23.1,-20.098102733465943,-19.784911758637104,2.6201970889381596,19.85101837150918,0.003826996036884731,-0.0014126920712451518,0.27544037698057544,0.1967498451978192,214.4542630297727,32.144643444786546,15.862210527181356,6.427058357783368,4.8042320985271845,4.428473446273137,2.505339541069006,1.8990546727799924
20250428-2500283864,Negative,-10.0,-18.8,-12.855137870613728,-12.978470972469971,3.2486793614242897,13.1030297315037,0.007767948069391468,-0.00027064051179297627,0.17407565208149978,0.129021910124334,323.49715905683684,5.718891065866143,2.785512730231081,4.710722793941036,1.2420087231285928,1.7524103705870533,0.6777179654556033,0.4523963747720948
20250429-03281474,Rest,-4.3,-24.6,-20.551029729765144,-18.379665244967516,28.198542209013834,19.13140446297868,-0.006141630426536696,0.0005254947487523537,0.3644600343766199,0.14149814837190988,1516.5438354357175,76.64004175295142,11.954110419378,1.6298383453994922,1.1461194052534562,0.9043530551069567,0.38519978331820204,0.10589768441222017
20250429-03281474,Positive,-8.0,-24.3,-21.27784134198047,-19.739339042442392,15.33043974517228,20.123914767700217,-0.03666629754883248,-0.00023453820956393585,0.35825854058207324,0.1591649638056251,610.2169524085477,70.09646129790774,3.0022270108391664,6.5733618415462,2.356499176317026,1.8154253815823034,1.0172686495680652,0.1074594860092381
20250429-03281474,Neutral,-6.5,-23.8,-17.22640878101298,-16.60326844125965,15.389566006229712,17.060424641220347,0.004265734040421639,-0.00018688973839656991,0.4163080354325618,0.16784437094328247,2064.502513182791,255.3401631534865,102.61146286478531,23.7099691291083,11.950890776894003,2.2881684983730657,1.4293563732319345,0.34212487926397844
20250429-03281474,Negative,1.9,-18.9,-12.45080742857619,-11.156440570020937,22.00305996649674,12.10244711448498,0.0028248890674270936,-0.0005500016531073831,0.290468051451434,0.11855815811854979,3940.9960703399493,106.59427156816633,56.24131693702351,14.502902783701614,3.831608814982408,1.8699629285244714,1.261638474786654,0.6021141730869154
20250429-04340869,Rest,-29.2,-48.3,-41.77772195594599,-40.0446161310358,21.005345419233823,40.306037097452865,-0.03165677794079603,0.0010857889746772075,0.2990655494743064,0.1320689645066662,1153.356196816963,62.49662082358958,19.46209326230771,5.793722695404621,2.864003669419778,2.054670864324586,1.1601958110722992,0.4719287712488754
20250429-04340869,Positive,-35.3,-46.2,-41.33938170998114,-40.59079115688356,10.806340808802325,40.72368681186097,0.0266035626940707,-0.001618301958647278,0.1219105732841191,0.05041390878645207,754.6150493031296,6.517048310748498,1.2992399093257467,0.1638044821432545,0.09692349677348615,0.0701555792476294,0.01388453363554498,0.017013701577257824
20250429-04340869,Neutral,-35.1,-52.4,-45.88411959742565,-45.331136257331735,18.455190910933762,45.534241020266386,-0.03194399563554683,-5.935584268660016e-05,0.2705359205862284,0.0982933238798661,1380.8606442596795,100.7503152762365,20.9432569317726,5.474462403879972,1.867431533347231,0.9668775488971911,0.40846968355600904,0.30443931627467247
20250429-04340869,Negative,-17.6,-55.2,-29.507696852635934,-33.188673166936184,142.58694359994527,35.27144695333118,0.10124964869270582,-0.00015895746505894916,0.5976765386609376,0.2975097965976189,5116.399167951848,904.1155211125616,106.58583289848833,1.4859460230488517,3.0309941119046697,4.0521927721661655,1.27422427717464,0.29369836902911134
20250429-2201585207,Rest,21.4,12.4,15.435323391432618,15.929346004919282,2.592665862592179,16.010519354693965,-0.0005903952741862698,2.564319452844729e-06,0.07902664090095433,0.014539175353384544,171.78131749615304,11.312657559155845,57.02228599618639,32.38175709913305,8.375767360993946,7.56572087160187,3.561571190697402,2.2298523491798603
20250429-2201585207,Positive,20.4,11.6,16.170447291985415,16.148082716172823,3.022196712778004,16.24139070772997,2.547497976795815e-05,-3.1707771425630825e-07,0.07704366153412345,0.03359285952372723,64.44960568154013,30.207011098877544,46.03629270568154,11.522819175624582,8.215595750617348,10.513186988841571,2.103961027928149,2.4638032801510263
20250429-2201585207,Neutral,21.1,11.4,16.41557520260022,16.182426677893222,4.60862422686374,16.32420158575157,0.0003784178245118148,-1.2879404932244754e-06,0.07922653605863934,0.014941149810971138,388.10343967870784,69.94104979284965,79.94454149969351,34.70263687716252,32.18330602780988,14.198932161807756,8.756845013637983,5.7303433666502475
20250429-2201585207,Negative,17.5,9.1,13.382547922903873,13.26490920502753,2.487522861638144,13.35834342571197,-0.0036122324039091647,-3.245532514532855e-05,0.06340053909113186,0.021881587487490108,37.01799676670217,11.265559029688166,10.21578749096456,5.595745476961329,3.577808302911502,1.3203557895944433,1.0128443235036895,0.7197279664160744
20250429-2400983478,Rest,10.4,-7.2,0.3348364204040782,0.5686584302883733,20.6571959770041,4.580455041515214,-0.0013249334752273364,-8.815913234889726e-05,0.07562318593947857,0.012543292931403834,742.9823997627249,240.74688925720534,16.498890164947827,15.993740155791883,7.358429400610182,1.4843853473519706,0.8796197016837768,0.41920786397997556
20250429-2400983478,Positive,4.8,-11.7,-6.341895658482465,-4.907657764017775,21.87712697659319,6.779545095750683,-0.0019065134291602402,3.08743288427009e-05,0.07529564348397963,0.011565322152656222,792.8506210718214,25.071385443005138,25.921587365766243,5.328680987944505,5.2835786455689755,0.6351901177970849,1.2855808740222756,0.8452343167957509
20250429-2400983478,Neutral,4.4,-18.6,-10.552800805260052,-9.92954166020218,33.32887974537152,11.485846826728197,-0.0026183341859770583,-3.057372460495216e-05,0.06456743746903305,0.008037838602633041,2493.4099374370385,41.11385789101854,31.75677094977662,5.863247298359745,5.008392671719638,2.1823243062749342,0.45036114341184164,1.0970953208939407
20250429-2400983478,Negative,10.5,-12.3,-8.20166515840905,-5.657306461339483,31.773465085940018,7.9861493526889085,-0.0013559668976335154,1.1702205777258815e-05,0.06411563714631763,0.01194198422898377,1056.2787091888435,14.470785149120406,11.767665633616422,8.502161058754888,2.0462279754912065,1.0748852453223219,0.43994406903179817,0.6771484811599638
20250429-2400984748,Rest,6.8,0.8,3.3604781132041563,3.2668921978684238,1.2374261244737008,3.4510883438369526,-0.0012207116239262117,-0.0002616282361845091,0.2056998762916825,0.15475029053977618,48.87588468029152,30.519043973470254,2.5614701503471293,1.1170441220092406,0.9351184537947512,1.7088094626487862,0.29545523300469057,0.6819652846638703
20250429-2400984748,Positive,8.7,0.0,3.4412139056652045,3.583129282894115,3.1034265255861904,3.9927737205506,-0.005032317439291716,1.9526593951943156e-05,0.21789126259685096,0.1419072583749075,116.92786637989165,25.40550579442668,7.950391077463667,2.9691694190168985,0.9909955450241953,1.5792928046242587,0.5167276229639085,0.5466201637956497
20250429-2400984748,Neutral,6.2,-2.9,1.290659416097985,1.38520630930768,1.9837706694709742,1.9754916321809057,0.007795804366988213,-0.00020143429565545385,0.3204928481995267,0.23068371447286953,107.88681979764038,11.388843580170219,5.195894369742907,5.441132336037099,1.8593270960748656,0.5161922451166121,0.08764233977226979,0.09171153926623726
20250429-2400984748,Negative,17.9,-3.4,5.24626854449269,6.335471182389952,15.260179144220636,7.443008413747373,-0.015024579949803359,0.0018357527613291564,0.5694018044062565,0.28813891056977514,1025.283579415688,208.53336368587696,34.21623685513288,27.475296170570612,14.5284831357061,5.474165094980487,2.120136779551201,1.0999779750808494
20250429-2500304038,Rest,-4.3,-15.9,-11.279964779336565,-11.075343957904083,8.15801000685997,11.437711912473686,0.008523544436613704,0.0002008658978220174,0.24839108014101544,0.14746168094848394,324.4246544932322,22.83487509770961,10.494185615324977,3.3715678659518393,11.33586751480518,1.818301588866202,0.9622615785524768,0.17165158173706072
20250429-2500304038,Positive,-5.8,-16.1,-11.488715002690068,-11.12304211659274,6.352340354684252,11.405016715558999,-0.010980640156101439,0.00167829830493755,0.24211145101727136,0.13655145107888642,559.3836012901124,45.23589049375681,15.41720665193761,1.1937565812186894,0.6908386153940812,0.8303601335008103,0.18547730960962527,0.09888546097222714
20250429-2500304038,Neutral,-11.7,-18.9,-14.732854914994714,-14.719218051191696,1.5943019173129338,14.77327593852631,-0.00091924144497477,-0.0004077340244913591,0.2902274148608704,0.1962289065576217,148.86330705673535,82.74385890875843,15.05167134204252,9.160018946317962,13.878037627475738,2.8237341575367205,1.948838151895039,2.684206591569242
20250429-2500304038,Negative,-7.8,-21.9,-14.80417764432223,-14.780293082913824,3.790173107385317,14.907958838292233,0.009974815072760925,4.5526675687629773e-05,0.4125476521239624,0.2692699159899183,225.88229731211098,58.810943688522805,21.614740809455053,9.745247199630994,6.768886538873928,3.618780046971311,1.130119865167062,0.8642729223153373
20250430-2201081685,Rest,10.2,-11.6,-2.8733357335594274,-1.0829280967626553,27.48554044526564,5.353342293186905,0.003836163081603942,0.0018660046649092157,0.8527182796635681,0.550674572922845,2284.8891402240147,145.39861372614308,115.04130699797334,58.728769680228794,6.398313429009953,13.293986125145118,4.833478118964588,2.9616444223160365
20250430-2201081685,Positive,12.8,-20.5,-14.480747015552451,-10.58452647281296,82.26721176139498,13.939132412566908,-0.041440792807192164,0.0014021867936246035,0.9047552242591234,0.5669617776587582,2959.542635153428,120.17975586051347,20.571586206823667,10.749424484904507,7.426333641717203,4.145618036987492,1.9040016599535723,1.9859334486417883
20250430-2201081685,Neutral,-8.1,-21.6,-15.549569617679033,-15.183635650994598,6.655343320341888,15.401238096416014,0.0030154084498345063,0.008467213661112234,0.6134036875873389,0.5228178647290922,464.61035610472203,77.85042389268344,31.457981858494975,55.57512877538578,23.910578770323063,10.207074976601188,8.182051491420818,6.189634125448683
20250430-2201081685,Negative,8.8,-10.8,-3.3180450806331114,-2.781423546193952,28.524750599589286,6.021716328665062,-0.0041569414318631814,-0.006168299678146571,0.7534684533135897,0.5352024560024026,1212.6613380641595,240.23906925341709,75.9089036287684,37.00878251916676,28.846107417721825,10.386156382110453,6.508833639867662,5.3193286452204855
20250430-2500039050,Rest,-11.4,-24.2,-20.526409036406914,-19.81079709290073,8.487723046742119,20.023870867113235,-0.023683943003636174,0.00013410618745505237,0.33351081492400486,0.2187932799911637,249.15361644038967,51.868056345111256,10.387904223570159,10.28589528197669,3.841749708854603,8.376803409744433,1.343512121235661,1.4966815189308142
20250430-2500039050,Positive,-19.0,-25.6,-22.30543436641068,-22.36521242527957,1.8317250048568476,22.406125319491018,0.01191104423621483,-0.00019705779469765926,0.27051436915300714,0.19240700333183952,40.27955479721036,1.7097921061987607,4.029895165563661,2.8390946051068777,2.264075974968064,1.1945233475141477,0.3910354467576467,0.22751495507663214
20250430-2500039050,Neutral,0.0,-23.2,-16.910847207816175,-15.680511895591415,30.90401749104641,16.636780662100175,0.02592959747876313,0.0014273070953502059,0.6634851481585242,0.3999095135843068,1964.6837985391721,204.36479026353769,275.30359225710913,127.55344599650132,81.27809994813897,33.63264128566053,18.1205425056962,4.728807638635101
20250430-2500039050,Negative,3.7,-15.0,-8.892088022898006,-8.06821539413152,21.660654334681904,9.314330570727174,-0.02150038917859882,-0.005756286276665323,0.394779883301221,0.22089346983349453,466.001541044445,112.35321538408436,31.6337985459541,11.282365101435932,3.6315548292603546,3.737799626055959,2.8097985035844344,4.210230090379349
20250430-2500201512,Rest,-17.6,-32.4,-25.30511421687288,-25.514109138688216,9.674361906435522,25.702998405776103,0.012795028718465166,0.00036778617234202666,0.38810357746969126,0.23840271597082072,967.0194472961074,59.991617430113244,27.367570473923568,5.730040100233175,5.365713157843705,4.131716659417269,2.501282201190876,0.9783555192263103
20250430-2500201512,Positive,-6.7,-20.7,-12.783408058086593,-13.025834576976237,16.219328989021246,13.63421048010375,0.03533487752114855,-0.0002665338743692554,0.1853021723726842,0.08693281173383391,1489.3890696102749,28.053667285013685,7.870692896241474,3.7224456332757025,1.8399431006899643,1.1243459800926108,0.31916029792647876,0.09235258714532646
20250430-2500201512,Neutral,-5.4,-17.9,-7.117314759484563,-8.556733049804125,10.208764864055004,9.133807823118746,0.002411386657014745,-9.548331985385362e-06,0.12509511825228586,0.036837632340642516,1918.9368046061297,8.11792729457996,0.44825393103676836,0.4134436186272725,0.3302603273669133,0.1157217626602759,0.04340386663938503,0.049981007812191565
20250430-2500201512,Negative,-5.4,-31.4,-22.706113996174743,-21.072963149350464,45.04948559013042,22.11604081846507,-0.052249634267747896,-0.0008619208049178475,0.677201950522154,0.49868025497120255,1215.259797231705,502.91734231584417,63.9488430417808,62.18736630860401,5.376466417533357,5.3754090212026755,2.791040917905219,2.9407937008668807
20250430-2500290195,Rest,15.5,-3.5,3.3975202895014385,4.51117466832773,20.624488418448177,6.401186242143716,0.018224924127012366,0.0022343843484568934,0.5289853360551824,0.26373636034467207,744.5051806802255,255.3056180542262,178.26983726226644,23.037709671252586,14.210858991130058,6.381933152123102,3.755256298419514,1.5532967220814242
20250430-2500290195,Positive,15.0,-1.8,3.6644292101539513,4.505977678289942,17.571819083095605,6.154319939712496,-0.031050876191570632,-0.0009838214626442156,0.3713511549986944,0.2065508712115315,764.5410743427179,77.73375043122843,15.306319846748739,10.447862842400072,1.6663790653501518,1.5957172696605428,0.5428623430366234,0.6559386884165785
20250430-2500290195,Neutral,11.6,-4.1,3.1634041015006007,3.1332584180473724,10.79955636885034,4.5405797738961775,0.0036547738539051983,0.003891093775892295,0.5121859363760294,0.255688993012567,1511.5773041927225,167.65564234101842,96.15788977506195,75.88882612992892,19.738999774589278,8.773653842713745,1.4018344446754156,1.0554266904624567
20250430-2500290195,Negative,9.4,-7.4,1.5595566192905026,1.317738508735702,17.16611361944138,4.3477061074601595,-0.01608283140117724,-0.0006178339236384523,0.32108924120955007,0.16664888109122947,1127.401040227055,52.560572976013816,81.55353742264948,30.985608916478725,11.34944358020389,4.884407430814732,1.2701920950610603,1.006417642213277
20250430-2500296467,Rest,-13.7,-32.5,-20.449911704752637,-21.926283656652767,33.575738266925796,22.679013498362842,0.03370641537864801,0.00016503651632455695,0.3692679006650459,0.22202102784978953,1240.4687098358377,4.984718885481101,0.5284050050728415,0.10038146340293669,0.0269458901155394,0.013070114025887909,0.010741272347088047,0.0073968509088417535
20250430-2500296467,Positive,-13.7,-26.2,-19.771887998200388,-19.88974931454487,8.797016534935244,20.109677877339887,-0.017779672314819844,-2.0556161798535173e-05,0.202207463817738,0.06686642249866451,495.0589947001875,23.13990152209611,2.0921761148958287,0.2573335786500849,0.07504313703629154,0.036568367047876055,0.036843542960927456,0.020182328379204983
20250430-2500296467,Neutral,-25.7,-43.6,-38.770685807665274,-38.49602572551491,12.814369376473671,38.662105038861746,-0.026051454691548286,-0.0001751543503419982,0.31590902605665877,0.15892649022939861,1437.265332053159,131.47545334734139,45.1965506526723,5.06276488798576,2.094693486708988,1.8963320273648185,0.9226069012376711,0.4893356740556063
20250430-2500296467,Negative,-4.2,-42.8,-25.173118552656625,-25.460039496319123,52.075822347836926,26.46298232440869,0.03334807995159561,-0.0004083383160732441,0.9434783756345893,0.45120990219250373,4753.253969147827,1024.563246628979,328.6585929277425,373.0160527167886,120.29938724718279,26.839679398952427,18.958734628541578,9.52702309816876
20250505-02707051,Rest,3.7,-10.4,-3.5712129425162646,-3.375883912542255,6.202883047030046,4.195172849596504,-0.02851142351912306,0.001210334191270935,0.2940089614958624,0.1602150882184682,497.4969394710041,126.0269083520945,14.637556723004183,3.7678235074033557,4.594608311112171,2.579235233639936,1.248184253486819,0.28692196217307925
20250505-02707051,Positive,-8.5,-16.4,-12.788011103268976,-12.637805428219316,2.9828021587391387,12.755270604744876,0.00405292077913293,0.00022342108529828597,0.23601458374822784,0.12894501172414688,227.39078100640964,17.810801037014865,13.94889298645103,3.2196798055005376,2.739531920100556,0.745693224491488,0.11799998807214526,0.04804490190953243
20250505-02707051,Neutral,5.8,-8.8,-3.478762971179556,-3.2668403258377943,6.685525977571365,4.166265917112271,0.00971146661537069,0.00041130554093434896,0.3417606958111297,0.17679443317172616,258.6369105486853,153.1500528635932,28.74613973677375,10.693100802837824,4.512713320383427,2.3498771112333197,1.3489675297389079,0.6179215805074252
20250505-02707051,Negative,0.3,-11.1,-7.7008925961147865,-7.131565862977955,5.456902987175986,7.504407681167681,-0.008645979723245236,0.0006953116064614263,0.3041003635291817,0.1807896907027909,166.70169160925215,37.7698740778694,14.623109711392452,8.025861405250925,1.4009329019206382,1.9491510395249356,0.4558218731376784,0.3318844427194947
20250505-06034356,Rest,9.2,-18.1,-2.731658960576781,-3.9669380944542767,66.56521386707585,9.07203459607096,0.06175246956631597,-0.004250900416423337,0.6197665538294336,0.2034473819422745,4536.696588578016,336.9756914157776,48.96802219948365,36.27204690758142,5.47361436662635,2.857930301518833,0.5562837946219148,0.6606979907510822
20250505-06034356,Positive,12.4,-18.2,-7.762935123196659,-6.543687408687587,100.5816775746054,11.975037472894265,-0.07459821975982803,0.0013040532795438695,0.3256940602213255,0.14104297714309952,3052.382483271287,26.79169634544961,8.897988028095561,7.604921934238438,2.4691538427855213,2.080802668080983,0.4667108237353775,0.5482644142363924
20250505-06034356,Neutral,4.9,-21.7,-14.487687893166157,-13.627535100457191,37.22733269087337,14.931076505231164,0.02780005449397385,-0.0005434480059886549,0.40910173464374705,0.1652462257842218,2030.1155755756417,221.36216107823432,51.45331888047416,9.165404509679632,5.46465841574666,2.1759119708855517,0.6078022813609517,0.4387448505381389
20250505-06034356,Negative,14.6,-12.3,3.6906608993087895,1.7777799387727817,43.645387269599404,6.841482937222191,-0.006603767230086966,-0.0005677606581686497,0.5452978410100819,0.2863359547042793,4365.651565215803,545.7047635134516,270.75838328142254,75.28098659293454,26.56354335667204,19.111631864883186,14.8370360076522,6.844040951055436
20250505-2200405638,Rest,-53.3,-61.5,-58.362402766971925,-58.0743253767644,3.8074839811311456,58.10709725969309,-0.008601349104532276,-0.0005666901163129558,0.21681798302057126,0.10330028067928558,408.79200341128313,64.3224285679992,12.649636036709037,2.1800017163922885,0.5684035671120503,0.6650815470193788,0.25731883609927375,0.32021596180526657
20250505-2200405638,Positive,-56.5,-64.9,-60.23495019438229,-60.45749178476468,4.208550003965295,60.49228763163824,-0.007926627738565532,0.0001505082316575277,0.19877613922178472,0.09842791088086641,207.87151685292153,26.056570706341102,7.033481125235124,3.886284330037377,0.8939894646849817,0.7725600686496055,0.6247042442376635,0.22417988569545902
20250505-2200405638,Neutral,-54.0,-70.5,-64.36890995247865,-63.865492409318904,15.027939128747631,63.98303728187275,-0.014640204022461443,-0.000356485112629596,0.22263792144323077,0.11056876460649936,2028.3571770088097,59.89476695575176,21.54743942256293,6.039536938233218,3.058939634750559,1.1074842990563163,0.324391340422598,0.666743938973511
20250505-2200405638,Negative,-41.9,-70.9,-54.44533320688272,-53.694088437829606,26.632812189255517,53.94152338744913,0.030047663387107886,-0.0005683873473205111,0.30098797646032516,0.16414791224696626,727.6734750557746,96.94599651397542,49.15632744893372,9.687554824308616,2.598662691511487,3.22217800393358,1.3494586968018167,1.2439129094031522
20250505-2201547340,Rest,-28.9,-45.3,-37.31783818269072,-36.805771273923995,22.075422980619525,37.10445016502776,0.0027534158558654527,-9.725517439674484e-05,0.24938410156213578,0.09213848608465318,2517.4187723511463,174.02594143456233,3.8980679667115954,5.2448299730833305,3.199383046891885,0.43588927936431315,0.2593650491914461,0.11920798640133368
20250505-2201547340,Positive,-31.1,-43.0,-38.75887187586278,-38.64781919775824,7.455423177031493,38.74415248679007,-0.008869903009345578,-0.0016551854328151847,0.1837022492289668,0.05930477761420596,522.2098956216511,12.82319954332129,7.696900565024345,0.4623261519338992,0.7590250937290555,0.07381435717697091,0.10572069784019643,0.019000771908199994
20250505-2201547340,Neutral,-26.8,-43.0,-35.44074113808789,-34.750429870294965,22.104227383683074,35.06703015018482,0.013870112517224526,-0.0008151538353612388,0.22862406857969553,0.07313788161717492,3400.922366708619,142.29217430535385,7.786842030308793,4.5697674503457995,1.7589259928237324,0.5535434498004822,0.1746399694382147,0.16931010239016236
20250505-2201547340,Negative,-18.8,-37.6,-26.14798359389648,-27.483215344592992,26.344670502758497,27.95839402004397,0.013514888741281914,0.000723989154114559,0.20747606337625416,0.07990843719305386,6794.982218852799,203.60129582201924,16.709601628062494,7.01215618425505,2.3392660708946327,0.6143892787493913,0.4638010417528309,0.2933142576697734
20250505-2500002211,Rest,3.5,-14.6,-8.270415069191747,-8.35427076253447,16.968483295918016,9.314629529383136,-0.04006414554731809,0.0005086819618670699,0.3404020187690748,0.17813075240059223,385.65061952424867,14.171393578879714,16.95665778515208,6.79430653847011,2.3467254548356857,1.7949224689696492,0.4695537157054271,0.051706045161462426
20250505-2500002211,Positive,-4.4,-34.8,-13.596565131439512,-17.052917032319318,86.49571104871362,19.42415224301642,-0.05093010615053536,-0.006504542043349173,1.0592017761245012,0.4539549183531571,4872.075873779374,1030.9906393947595,441.30268111261574,178.89848959457987,43.000106450163884,28.18497116039252,14.408583196561466,9.151134303461395
20250505-2500002211,Neutral,2.6,-35.4,-9.525032524476659,-12.180911910890798,100.55471161880891,15.777494306755118,0.017060329333125627,0.0023233778832025976,0.571254692819582,0.23529288030506693,21563.843504360622,527.096870655357,148.49482178012553,52.20558278742599,19.41199898407126,9.1193138295327,4.1262436410567105,2.3616003420688343
20250505-2500002211,Negative,3.7,-19.3,-8.881345643644714,-8.600429786359113,28.145068989569374,10.105071078407239,0.018769041019673343,-0.0017241203048934464,0.5792835071411236,0.2779894025355689,2932.7063380052286,593.4504683692529,144.06467628685485,54.83110545432993,21.214182138976113,6.164213324720324,5.2929058389259565,2.9235120047556347
20250505-2500203181,Rest,-5.5,-28.1,-20.43971562518363,-18.326965246188934,35.07652960423117,19.2601709426279,0.027030412039711064,-0.000595056290214171,0.6657422475645463,0.3368210814870967,965.6435225972391,179.4219242438805,33.089922851712,9.400050892530105,3.6634369222459684,2.124436324644013,2.1035391063110964,1.338237218248426
20250505-2500203181,Positive,-12.0,-25.4,-17.91406856472906,-17.888505143063206,8.109371883895452,18.11375135462818,-0.0008938749686491344,0.0008759047845123313,0.494114793966787,0.28634339755838467,525.3313141468609,60.30237759279561,34.49628212659612,8.447135741242517,7.637402421097601,4.551028771966099,1.5653709711982138,2.8011657829208634
20250505-2500203181,Neutral,11.3,-24.2,-14.38538057357033,-13.183049755754434,50.66670759717974,14.981972782643707,0.035976051768688525,0.0007316188882986283,0.6056684706892602,0.36474829447731805,3683.6221215976775,285.1852448189522,91.40852159635202,3.9352579780265966,16.818870423067803,24.65396454319848,10.951560856259741,8.02520953917177
20250505-2500203181,Negative,17.6,-4.9,2.95202410467044,4.007417196255135,29.496459679480093,6.749507557171964,-0.010349343872114624,0.0035667068740890245,0.7455763488777206,0.40724340712453744,3039.57410133829,184.84054232218156,76.0833247275933,28.935756840816097,31.314539706510587,4.508794613184144,2.675388367795468,2.5912002879774287
20250505-2500295908,Rest,-10.6,-23.3,-16.38676521110505,-16.778954420400208,4.487933572746358,16.91216263564817,-0.0016594785839241083,-0.001984103072491395,0.4496218870650491,0.28312329393929264,559.3960988852574,105.44049000460168,59.4787082556104,15.060402332894798,11.026229309034463,9.053556750733737,6.466694993003063,3.237754148912853
20250505-2500295908,Positive,-7.7,-22.8,-12.611009069482204,-13.364639780881951,8.640049126732412,13.684065390060981,-0.0023837994958773776,0.00235824040721273,0.47181202411509043,0.2655889908951382,365.789258975765,23.648717722621583,11.280334153049216,11.57552991656348,8.922090698843345,4.0406458110806085,1.0821971774821184,1.5382489138861046
20250505-2500295908,Neutral,-7.7,-27.2,-18.30456028480318,-17.779918348172576,10.292239083799736,18.067034497987866,-0.01894579024291427,-0.0013064974846160556,0.44049172023947514,0.2415535874151968,515.4338260825887,125.02841896232363,37.26533728749405,11.14268511633814,7.299982669098933,5.582213833886997,2.20684130303374,3.551888114065238
20250505-2500295908,Negative,-10.1,-25.6,-17.529528581855867,-17.678203184342486,7.9720514903876305,17.902260173432975,0.02552723400380671,-0.002021160228339435,0.5342691527128632,0.26172859700858025,91.76315602427556,177.66066464667398,31.138198908272003,20.09863403796282,2.2362325215044825,1.5182182832906375,0.10127020287348004,0.10224777668010038
20250506-05807697,Rest,0.8,-12.8,-5.407594331433357,-5.085782659617825,7.002102571544016,5.732999898169664,0.022744842688368298,2.940705575516267e-05,0.47460365662691106,0.3257606611366504,436.5482400077993,29.275664529087567,29.94606139905883,14.071782966578805,4.099277185748578,2.6297238198260477,1.7551696063950581,1.3312645748088157
20250506-05807697,Positive,2.9,-5.2,-0.2837115770219536,-0.5839631696683835,4.469618036264075,2.1933150753581256,0.00981674881787745,-1.627751093739837e-06,0.15361842560995095,0.08449224552760884,243.81158297184487,16.625122265471827,3.3978106685320326,2.739830421980593,0.7746157581904309,0.5436870578077203,0.2882505532155757,0.17232291401288893
20250506-05807697,Neutral,8.5,-0.3,4.671246278353578,4.669865059364949,3.0664140554606356,4.98738947026781,-0.0035502036718972133,-0.0016581409834448466,0.18414103985153193,0.11571002500443024,253.9495003613473,31.4490100785127,8.854566501147717,5.8091695132533605,5.599356790786546,1.8929133250431536,2.4999687783233937,1.517670640573538
20250506-05807697,Negative,0.1,-11.6,-5.3638273500357645,-5.302436672023833,5.0396302018252435,5.7580782265134625,-0.005673842477392936,0.0005561410625671646,0.3277367709300588,0.21525566981565786,410.8271955705346,143.94732995191117,15.427302214733384,22.196409882159866,7.970569137321923,5.0864491333113895,5.474712355912004,3.1516784140964345
20250506-2400094071,Rest,-27.1,-38.8,-29.923847155325074,-30.618249417263062,9.888407790253542,30.779304819439698,-0.025297298826664417,-8.757735760595524e-05,0.1848574433726578,0.05967901755979298,238.51495051631795,29.982181916136568,2.7747458313170092,1.34810825017677,0.41260383913269405,0.12271828410066464,0.028676162060350213,0.023795797746132143
20250506-2400094071,Positive,-30.1,-54.0,-37.707650170229826,-38.72941724993398,40.78647179825463,39.252442373917816,-0.025599764206882328,-0.00017531132205759252,0.23442554747707092,0.06604823621054083,2334.6716343997387,102.46645884539814,10.996355582912583,1.0604853081628365,0.623701408913422,0.068918818217608,0.026829223540921193,0.013637740135419591
20250506-2400094071,Neutral,-35.7,-60.9,-40.832290286695766,-42.459593507213846,32.701039404206114,42.8429471465496,-0.014361907659803781,-0.00024198692347126332,0.21487965259508965,0.07502500164829773,2050.555960017001,9.406198678332869,5.310540232139019,1.036071642482885,0.24069498579672682,0.10950394464516333,0.03841545776640893,0.018478091589119002
20250506-2400094071,Negative,6.4,-61.1,-10.65509174653024,-16.833230166003165,221.49781318221616,22.468988651113232,0.051497637344892704,-0.0004303864046214277,0.7888728600143564,0.35534978367020936,19439.033264997153,845.7367506710937,190.0088339393983,94.80580158381754,57.66659605363437,14.005843490388914,5.086894009007991,7.405821631179112
20250507-2400086734,Rest,33.3,-15.2,22.065861093485402,13.390573859444183,218.0030438243636,19.932649400157363,0.10768407869634095,0.0007304827922194733,0.5047010291171222,0.22753659259345024,12595.168238941355,308.31690709960753,62.06407937625855,15.755083207487631,13.217050700976339,4.929199134698748,2.0726876997749644,1.240859372819948
20250507-2400086734,Positive,32.5,26.1,30.58607482336101,30.507853725512703,1.7848448549040157,30.537091934108325,0.012898298279996136,-0.00042412513238174367,0.06036300003262014,0.035015391283333204,75.56414621718332,0.09875682649094157,0.08554164990756016,0.19946782725363157,0.026380296455807438,0.00843755507393084,0.0056430882330621044,0.0019938450228249643
20250507-2400086734,Neutral,35.9,23.5,29.031154821253587,28.893507154962958,4.329804938087115,28.96833720895942,-0.0016828758852445243,0.00010441591958033948,0.2821509110841402,0.14597655378796875,256.27089789179047,196.97401260673672,22.961577647048294,35.7524119159835,8.511216686319232,4.049180907168963,4.1925548141708475,0.6203766187060458
20250507-2400086734,Negative,30.8,23.5,26.80368801795343,26.73886150357288,3.9137353764588374,26.811946029404705,-0.011025267299588082,-0.0007004909394070683,0.43046898230077385,0.20806346527855657,117.75577297775126,121.69584634574417,96.79114130389863,19.52790283059359,19.216236108279993,3.1548441185754794,1.624926590642297,0.6041155745877738
20250507-2400847143,Rest,6.0,-5.4,2.123666830475893,1.6267603184258514,6.6715344469002416,3.052520856686358,0.016352283532973206,-0.000852798095760283,0.25807866194700435,0.17574343771984297,233.585065641815,23.588322133420203,6.3946649218242015,5.701259184541299,2.538305346062081,2.238374667043696,0.6241505338910731,0.48984324867676876
20250507-2400847143,Positive,12.8,2.8,6.426811314664146,6.85721953158596,5.81237815345165,7.268688867864384,0.03256955875336099,-0.00015155212684584936,0.07894586111824707,0.027702799678431398,111.28359471716279,3.902781528185872,1.5403218648683334,0.3467740937033905,0.19656381731107275,0.02903825261351882,0.019759881124863057,0.004167984057355663
20250507-2400847143,Neutral,22.2,8.3,13.426811126189797,14.40996177878181,6.872859645853153,14.646496444945658,0.002779112035873571,2.0229699197893518e-05,0.18831672494419993,0.08979340203384799,1444.7451620195725,111.34260105950483,35.46473094336272,3.2259829331336127,5.063410092722177,1.5575424130602975,0.5885572004157541,0.3082562335778851
20250507-2400847143,Negative,12.4,-9.7,0.5242194825782699,0.6923732018974726,14.646570702501325,3.8892096052034897,-0.01497381429136512,-8.533965267315908e-05,0.5008708790701465,0.3234745374078445,1215.9277922322262,314.4762826438834,94.87556969093146,50.376247777932065,30.099962942378156,26.477194356923114,11.923355870704158,9.232552431435876
20250508-02550117,Rest,-4.2,-17.6,-8.020487261898236,-8.258738843710628,8.298849135074397,8.746748905947234,-0.0225675898624092,-0.00033381621786036827,0.14734718464230018,0.06866869013438219,568.8877303077583,25.172089915564964,3.5577370881381913,1.6624294743030255,0.5320873981705155,0.3009017159571199,0.026982730323111614,0.020083010257469298
20250508-02550117,Positive,-7.5,-19.8,-16.40469025358444,-15.425878363765916,14.076336866454328,15.875580624347435,0.03215183437694792,-4.803611027221368e-05,0.12389148300607265,0.06355689455692709,287.61723410460473,23.54348361355023,8.5829890821995,2.11042414153093,1.3193441518948579,0.43827908335719123,0.15574226527462234,0.029854862850732303
20250508-02550117,Neutral,-0.6,-5.1,-1.9472655246499044,-2.281340771548754,1.8421425493996226,2.654554249837491,0.006103068847841757,1.6328188883749953e-05,0.042685164798477934,0.016856804826361003,103.6709501997634,5.600877233602213,0.888561298237528,0.3823567951526567,0.1835645221848494,0.056086980589967035,0.011944508036055247,0.0013727020390888259
20250508-02550117,Negative,0.8,-5.0,-2.503569969555137,-2.0018720455144106,2.8919988515311177,2.626688131115525,0.0038364034915702983,1.690662807230691e-05,0.02925439013239588,0.011455189619366635,270.9404380905745,1.1531978173929502,0.3971617008628049,0.06547489363079824,0.03985223801954095,0.010243785940039534,0.006532855405025524,0.003102230569105321
20250508-03114932,Rest,-18.8,-28.2,-25.377971394043147,-24.527783248658242,6.291863240878147,24.65570956865849,-0.014721220542644969,0.0001536713010215146,0.07471160734539291,0.024858994472667918,202.20334731941102,4.326263809922683,0.7340978557594905,0.06350189594639877,0.04419636698119335,0.040984160038397124,0.01005418976218788,0.0023577740998093535
20250508-03114932,Positive,-16.5,-24.2,-18.79205770037767,-19.59666417293619,3.9207392452344787,19.696446023383896,0.021776589664463098,0.00025083033890198846,0.04046674583115111,0.009755792230235516,133.14657187097876,5.246087535948109,0.40780666199211285,0.046663533545870745,0.021583751282082803,0.009425415253390877,0.0028544115356327155,0.0008011080904199947
20250508-03114932,Neutral,18.9,-57.7,-3.2982668571424623,-8.12187331523837,292.2753019228688,18.92723244617791,0.009669020150583197,-0.00015357431806146675,0.739258149002786,0.3152149786495276,46445.16221265901,990.4995128982208,156.09651603785355,113.78648446534747,47.9502301832032,33.451229617124014,17.973041909162713,9.382590464245594
20250508-03114932,Negative,-8.0,-31.6,-24.785989520394956,-24.062628259527024,36.518541866868105,24.809849266431602,-0.0250913516416993,-2.5318598351792786e-05,0.18649332816816316,0.10460862940207658,2141.8437245397486,20.714841150734898,3.3229101827995247,0.7955196215025301,0.3147482789771249,0.13399934250668827,0.023086429179034997,0.016450137578779216
20250508-2100004713,Rest,-27.0,-44.0,-33.8478756801359,-34.175947268557955,23.72098120742414,34.52124495018507,0.024554596919384192,7.133983875524609e-05,0.13514118846762507,0.11574239524171276,1985.7055652193756,21.53359761096933,4.278932667207699,0.8328832158804432,0.4500397493180416,0.22199935269055365,0.07622646959055067,0.0647746837279082
20250508-2100004713,Positive,-23.1,-30.8,-25.273919980704978,-25.779065072840552,3.357513903469648,25.844103968472524,0.007465324059840307,-5.208907017976171e-06,0.10124678573970147,0.06725424081990683,126.33715536231549,4.534223363238437,1.109297933979039,0.18983987510419734,0.03500658332359682,0.016281639106987426,0.009674962348603575,0.0033297612220227167
20250508-2100004713,Negative,-3.0,-50.3,-31.68920092460509,-31.981332319289628,176.45643828838925,34.63036319770886,0.026450360751847004,-4.953158384897394e-05,0.35250990228626383,0.19434233999353207,24334.540987316293,426.4166351114372,71.17996530543871,25.17475141275127,19.748692773495318,8.523101124737602,1.9758254742024317,0.803842064402526
20250508-2400098549,Rest,-5.1,-22.3,-16.571313461976096,-16.20043157031108,12.440708993606423,16.57994849382646,0.007430336819388551,-0.0004126310247572783,0.44519085399800934,0.1763713945977357,1150.973177639585,194.259276058467,38.40694119117206,15.586462165482182,7.665804940889991,1.9021626446790736,0.10318365499218113,0.02565595549002744
20250508-2400098549,Positive,-10.3,-21.0,-17.772083233061643,-17.739056030498965,5.813632352004505,17.902171410339758,-0.010183482423535574,0.0011495457488406005,0.35330948093601344,0.1910024175083133,263.28824649252135,14.338921060538297,7.967234895665767,6.688938439327277,2.1014468496215257,3.621292704870446,0.4166359395520344,0.7160314471255186
20250508-2400098549,Neutral,-2.3,-21.3,-11.954159786181938,-11.795706765090708,23.695997196431353,12.760669860334058,0.03372281183026615,1.0372873226532876e-05,0.4255495026112213,0.20527226038163118,455.9195233691788,87.89038734300416,12.764218454382775,18.213972252640787,12.97311502177645,5.601787735944048,0.8135544372998373,0.3431854312146273
20250508-2400098549,Negative,24.1,-0.2,7.387086346530957,7.4176562846807705,17.686492962224385,8.52690551840986,0.008447052880380676,-0.0005141912735731797,0.5954122568852742,0.31609693377973663,1517.3990127039983,741.7927928160717,237.3371818962968,67.18965250963095,25.700953683985627,22.224432273502583,10.451539294019671,5.668541491982218
20250508-2400550602,Rest,-10.9,-24.6,-18.713684183470775,-17.769646324987338,8.795567649251312,18.01543499792296,-0.020038965954537403,-3.557527642843015e-05,0.22370960261531306,0.1326024828945585,401.20976172595675,9.549294884264567,3.698142263750873,0.5653319576189668,0.34510699559033975,0.13946619185824768,0.09725587223572231,0.10472808008691462
20250508-2400550602,Positive,-18.4,-23.8,-21.87881006689744,-21.684645493201415,1.040420490210039,21.70862203494341,-0.00898401270316761,0.00015510126092914788,0.13553729361688646,0.06197513141246656,33.51068877358028,8.653625143952581,1.0770528390393097,1.2178029723451844,0.18673569051788103,0.039951299197862875,0.03222199591623819,0.012248176622453543
20250508-2400550602,Neutral,-9.2,-20.9,-14.608262965017493,-14.835821473080006,8.006163621645705,15.10323681873351,0.0034849567719714082,-0.0005277384034507585,0.2797776528352016,0.11872718146006284,941.4317938579303,34.97356472105915,11.795783016260089,1.3177288843434705,1.2783963907200449,0.5345004680697617,0.15416103642364212,0.07322251393888889
20250508-2400550602,Negative,23.3,-13.6,11.743664142489331,10.015156483334168,72.4006688253762,13.141690462457507,0.08418564890923466,0.0009963566242780187,0.5729265699611504,0.2681751020750455,2597.9162791957183,211.9429701615265,35.82370840466183,12.032113619618878,12.783098350455564,10.158392560103433,2.887476372611861,2.0094854782957676
20250508-2400702459,Rest,-18.8,-39.1,-32.074937717282054,-30.612620339830176,21.730149731362076,30.965507807913404,0.012244831831508571,0.0018158408775102528,0.5192759521348922,0.20888116134211135,1546.0390385209282,105.85889096743988,42.78587497078628,11.132796788940889,4.827692554912877,2.7852601445134946,0.6756131997396018,0.15032441527511917
20250508-2400702459,Positive,-23.5,-34.9,-29.76287774393373,-29.343346897654293,7.096003566554135,29.4640121287416,-0.0005692771949392134,-0.0003991989393492852,0.18473006645267823,0.08249223010987045,175.41527934666377,6.790182035821305,4.56125947802709,1.7221034031963791,0.3757087839556774,0.24504151669791968,0.10211435120124003,0.0401063346335034
20250508-2400702459,Neutral,-18.2,-38.4,-28.182991008134994,-28.66704232246519,26.47602820324626,29.125166844522223,0.004919689275715716,0.0037437012864351164,0.4295208320074495,0.19922022885872523,4694.2301196572525,78.68964154233939,83.68202517687423,25.28088432056815,10.83746805468874,5.96567325488555,1.3785207041297871,0.4219196701922408
20250508-2400702459,Negative,-12.8,-33.6,-22.192508145353475,-22.74949760029538,11.88265188536595,23.00917845015791,0.005145988797064212,-0.0013318965801518794,0.4488853271696583,0.2669278045322521,1173.8027010763203,225.128068010459,125.27424288654694,21.262970130703028,10.425251501111726,4.969980973467352,2.5553202211685075,1.570356786810692
20250508-2500218553,Rest,2.5,-22.4,-4.651497494447696,-6.466960759381192,42.915622193231535,9.205281291552568,-0.047496607028448726,9.77388857097967e-05,0.4848461890728424,0.32804357297846665,1701.215865935489,161.1998630949893,29.154801022649373,11.601197169069422,7.566027391286902,2.9417652290536616,1.838100051351424,2.8366735278136948
20250508-2500218553,Positive,-2.3,-20.6,-9.111009306836856,-9.08785621809373,19.2773769101572,10.092893913586037,0.05029962960675774,-0.00011475736211478046,0.3617270672371898,0.17173284003846934,794.4447154886353,130.37251551852103,84.83687024664894,17.699644705569327,6.9716409028825685,3.9574707688010817,0.7608656644628986,0.8314537099287566
20250508-2500218553,Neutral,0.9,-16.5,-7.7384742381708875,-8.170660811870532,12.418455812434397,8.89821071424313,0.003920941625236406,3.727190165538806e-05,0.5804874647144816,0.3717011211510666,1638.1745685625147,172.28975826167016,210.98818264977743,85.50251817318693,26.900997355977058,32.04530785752726,15.89668585310111,2.8221813348340423
20250508-2500218553,Negative,-1.0,-9.9,-5.030224819834187,-5.093843555720304,4.040754815229966,5.476129745119562,0.007417876300541849,0.00024804416444358825,0.2168962065173813,0.12898613086067276,162.85308036163192,3.261792446280965,5.172100999835472,3.7753008431229373,2.3906612976101687,0.8338775298232357,0.45060741183230413,0.4586086988427239
20250509-2400649986,Rest,65.7,65.7,65.69999999999999,65.7,2.0024178560922765e-28,65.69999999999999,0.0,0.0,1.8500956994788546e-15,3.5476779375325698e-15,1.9588976357028737e-26,1.1695968681407004e-33,1.1695968681404125e-33,1.1695968681400283e-33,1.1695968681401477e-33,1.1695968681403246e-33,1.1695968681408665e-33,1.1695968681411056e-33
20250509-2400649986,Positive,65.8,65.8,65.80000000000001,65.80000000000001,1.2638946965826715e-28,65.8,4.850121063208875e-17,9.733462133700002e-17,1.4210771948389933e-14,2.4529290179161083e-14,1.2231542848340634e-26,5.826046216162485e-28,1.6109636038104309e-27,1.855246873264738e-28,2.6236694497373675e-28,9.261546036211482e-29,2.9878343117675783e-28,6.144295650818873e-27
20250509-2400649986,Neutral,67.5,-40.1,-9.096904332733533,-5.386122682271592,473.21289774006067,22.4103372417405,-0.10567905817205911,0.007472321523570508,1.2559070322729595,0.3324812015866088,4307.248691758971,2017.8372109608113,343.99674988981906,0.6675371182292686,3.994776663455361,11.856849072716136,1.0230508260537954,0.6374223432657573
20250509-2400649986,Negative,23.4,-32.0,-12.032957333535123,-10.889147473900243,44.933741376485166,12.786996288606375,0.0018162031111888513,-0.000596092721598694,5.66860465059273,9.886163722142367,1362.1716116786952,530.3103328835267,751.9705056144128,343.5120076312528,223.59609685822247,221.24431766879982,505.9675219538185,217.66642713900015
20250509-2400869233,Rest,-31.6,-59.8,-46.01329578151238,-46.85920680317032,67.75568695049186,47.57668493256729,-0.0017693546239126465,-0.0008109340753752175,0.23636936408598222,0.030529202199804522,3034.5199660026165,13.900166578100913,0.648812494291,0.07405478490023797,0.045576403884743634,0.026238432125471355,0.005962236091657493,0.0018551887414562508
20250509-2400869233,Positive,-28.5,-64.8,-32.99927593967011,-40.14495768362207,169.36083536882813,42.201640522480105,0.09967660816743401,0.0012688408397568823,0.16060735634927378,0.014294844796399787,5951.983620938963,0.33840912850616534,0.032676848311228024,0.008378902515313648,0.0016300885585055624,0.0012416384627265383,0.00026453269665215826,0.00010762431134963112
20250509-2400869233,Neutral,-26.5,-36.8,-28.250107309072398,-29.20654856756355,6.425003473549452,29.316334741965925,-0.011680235602520538,-6.904756875990149e-05,0.071224717064712,0.014022269482017118,358.8094894312586,1.5499174271131262,0.09852056531354897,0.029376816310672085,0.00648349288856282,0.005428150507794814,0.0008801700732847048,0.0005757236795451274
20250509-2400869233,Negative,-40.0,-58.1,-50.98008313448858,-49.883325186945605,28.034955950240064,50.16354341209162,-0.020499853142535305,0.0009259269805268249,0.23067611709055275,0.06711606148009264,2725.9754108538423,38.36440836068878,4.473187838777354,1.1843410442505635,0.41330972342968547,0.13451657529770236,0.019142025028185405,0.012765644466246508
20250509-2400999581,Rest,16.7,-18.8,-12.28804017139285,-8.973234766349014,70.39154850306122,12.28456310476998,0.013597216035209934,-0.00032514021745734143,1.7384354731175273,2.808246425881275,3760.1079068373356,26.965875237353586,82.92986953295932,9.609469025826568,7.386713156744674,4.732068165072326,1.4012103943226795,0.6560952234233614
20250509-2400999581,Positive,8.0,-6.6,0.3179627652091597,-0.42782018074740713,7.4135506025504565,2.7561895271561427,0.0028600866517557713,0.00038528953962372985,0.7159964697755999,1.0653291062547283,340.4778557493303,172.00620779952584,50.089494865071984,17.579163037061647,3.8376807976451026,3.2295733278169525,1.3146498622772171,1.688598832891467
20250509-2400999581,Neutral,-3.6,-22.3,-17.04811445395153,-15.736713165659738,18.37531170698555,16.31010278830989,0.0036627823610321875,0.004183409723083142,0.4609602811483331,0.27699778274071635,1291.3100965060949,136.14662179475553,36.60759806014937,26.083003726667776,25.013693163915917,12.048887694048089,4.339090493932295,4.549068763483538
20250509-2400999581,Negative,23.2,-10.0,5.509706663333634,5.267949498131416,76.5470417426428,10.212655563442146,0.01469624971592359,-0.002702017400477352,0.7878445554385258,0.3689363680987239,6723.078752717177,658.7611551668798,302.42220651616395,77.81970716953438,27.27258705830515,16.78699325570162,8.499210624317138,2.543886189422416
20250509-2500231397,Rest,12.8,-17.7,3.630412041192839,2.6416394940008563,43.911314296969906,7.133692838441742,-0.01625011990069334,0.0038985243198886798,0.8269551583603545,0.40909485937742235,3493.703862490346,597.0081682027895,121.42248091691124,14.139247640467774,19.483632912230192,27.647033163455724,4.4216897859756195,6.8334871132166395
20250509-2500231397,Positive,19.5,1.9,10.670203194277736,10.417747781860593,18.122888112788853,11.253992934032352,0.04993279531966167,-0.00254905704557993,0.34070144378744693,0.19478820010970252,233.49153802396737,91.64073686743886,30.717191589223695,5.206085144749519,9.428094195402064,3.5771425766312257,1.3814791931302808,0.5839027003992059
20250509-2500231397,Neutral,22.9,9.7,17.69695205165289,17.44917894012107,5.424799712252059,17.603938349034756,0.008722931288436686,0.002059841820809686,0.5018385704030338,0.4149351402593464,364.79504012910314,98.29521341851446,22.718015748168014,21.42869959650819,14.186207155724475,7.623371745521405,3.188311860313316,1.398190103239541
20250509-2500231397,Negative,25.6,-4.2,7.427255380776203,8.326807660561839,31.325654720061035,10.033014528846868,-0.03640153958909378,0.0007228545684090868,0.7132270876250231,0.35168482887567454,1073.4227643855243,313.86868163241803,137.792851733199,41.25686976169719,11.573813021491372,5.434843095892845,4.246207883328185,3.1310948942457477
20250509-2500259127,Rest,-9.5,-27.4,-18.083327025223618,-18.066913502234137,7.170936076962315,18.264290283889284,0.033469637957385744,0.003407518552993989,0.660881990496711,0.43730218982494257,429.99613696089966,183.70853991939848,93.2294777979092,49.06804608344207,23.246339828615344,22.89980740914892,10.92918727503114,6.331231985746452
20250509-2500259127,Positive,-4.7,-20.5,-13.871780071765459,-13.030418852215854,16.600964017768696,13.652574097288435,-0.017370817424523198,-0.005968470517168403,0.3935069813816657,0.17133480572920157,467.274887908064,82.41988756147272,13.050617598652268,6.756714235318434,2.627796531577669,2.0374989010236813,0.624632970203262,0.08128175550156666
20250509-2500259127,Neutral,-4.8,-19.6,-12.067906067500477,-11.910126225615313,15.136010555567456,12.529449998529747,0.008858798937335743,-0.0011412001884604519,0.2938954566509181,0.20291607914428061,2703.937859203606,18.074228608785152,26.934420842416383,7.012517033558303,10.190238114783385,4.295030267350012,3.9919121168415646,2.160536991629143
20250509-2500259127,Negative,18.3,-14.7,1.6801493377174337,2.22165768629457,77.55417883711472,9.082397354894052,0.013266516859262995,-0.0006555842010034953,0.9332304297766343,0.5273301326603588,7650.999820278843,632.0903111147188,182.7935990531542,105.07297110586057,32.989226786331145,40.46929422424783,7.420506883883701,9.810263362942175
20250509-2500295027,Rest,-4.4,-18.4,-9.581619511645844,-10.524295933461495,10.617526428025341,11.017183456904924,-9.613184575172972e-05,-0.0002486061801159462,0.5945693000584116,0.3905210560552798,960.8936537249876,103.58172817422881,68.33295216657467,36.78686078797913,16.94049065416086,10.503430685636426,4.577094174020231,4.236720913000611
20250509-2500295027,Positive,-5.3,-18.7,-9.68346415194726,-10.805398968540786,11.041329407440468,11.304776701765618,-0.021688171425660478,0.0009140620969697331,0.4607644994357908,0.2805770282432963,566.2423679109905,47.745004421706014,27.29442051247409,18.24352011024216,11.65505195570829,6.37946716585594,4.374688844677347,1.6418906372945923
20250509-2500295027,Neutral,-5.8,-23.1,-13.292733683740106,-13.557493259331144,11.807795682508784,13.986186726885858,0.0034522542279146534,-0.0017443298830132367,0.6193244286567654,0.35506086200227915,454.04514475671715,529.7295449829483,120.82816601990248,57.60197953358141,27.510653571941937,10.55176150529551,6.667340832462612,4.391096666950185
20250509-2500295027,Negative,-3.7,-18.8,-8.110171138933223,-8.692654406755835,7.4245827308227605,9.1097103887069,0.01175441028966179,0.0008817847836330068,0.5521674254450492,0.3535966313351067,306.1402976622161,245.102574960739,137.76204938536404,75.38588162631957,20.7359949404248,12.165419826366486,6.994526618518446,5.8193445556157855
20250512-2400735520,Rest,-5.7,-28.3,-14.8319216980087,-14.974795764996054,33.7478786429657,16.062141415337788,-0.00660525267088948,-0.0002704497798476015,0.464986172344401,0.20598570702869504,2593.0089148438306,224.32594307187668,57.46942473918902,8.085979409809168,4.476597641662106,2.0621150329297664,1.5602052013802354,0.826662090613209
20250512-2400735520,Positive,-3.6,-20.9,-13.463552304447022,-12.057582053197466,27.438236489959056,13.146236018706977,0.014085446443460055,-0.0047433425846441285,0.390659816818068,0.1597836068793255,1462.8429320894677,122.27534728477623,34.31523812839355,7.903942920566325,2.7827429670175925,0.960133307779371,0.4105190155755817,0.08474738916652036
20250512-2400735520,Neutral,1.3,-30.9,-11.997937002992943,-12.339949021818013,67.52853882046789,14.825750594203829,-0.03233520183663416,-0.00046605941143986363,0.34730860081290466,0.1339206083641254,6648.650862029944,251.3123207103083,18.009869075661488,12.231178945715365,7.506256047355557,4.85944613284856,1.8346462006434685,0.8000764588880969
20250512-2400735520,Negative,5.5,-26.5,-10.89234777779566,-11.19758203358523,44.39481133500124,13.029990588403045,0.019616088872230344,5.048666357160451e-05,0.5036821780990977,0.21449036721356413,4379.9835680097185,625.1180186303768,75.08501044965419,19.402675977859985,18.162590909444955,6.481652203155708,1.3217034573764452,0.9597082014105159
20250512-2500315160,Rest,14.8,-18.0,-2.436374410022102,-0.9261126673162816,62.96634677036612,7.988994394974238,-0.025216257783223308,0.0022520124586963026,0.5343781580080531,0.302201203150376,1981.0370910210265,154.3631935241154,19.897299803795605,4.774016847385026,6.021042030313056,3.064671296076081,0.5911339818918061,0.6690971953713708
20250512-2500315160,Positive,6.6,-14.5,-5.469673841092921,-4.949326590380413,21.54388628628731,6.7852575473989125,-0.014751418838951503,-0.004648543164760988,0.5501987404826214,0.3174537124658419,1644.9675910642727,98.69070506754707,28.67116549353144,8.997612023749983,5.415772804524072,3.6839153271316083,1.4220649726100414,0.7334507712628779
20250512-2500315160,Neutral,18.5,-16.0,1.483752131270539,2.7095896385120146,105.041295729764,10.60109295020545,0.031849064398100584,0.00019282067369327704,0.6393590203980193,0.41251644669800175,10413.284602084148,281.8772806087809,109.95021406920958,115.536392468372,101.12193366562533,19.557294941189532,18.562908786748604,13.103226905314127
20250512-2500315160,Negative,16.6,0.0,9.076396800058564,9.423630125578214,9.340891981422686,9.906850999441142,-0.024152312447335348,-0.0009665775941777863,0.5058571856875818,0.44492639532243417,317.35482446370554,64.87685566346835,39.10837677846892,5.997308466201766,12.515755171915833,7.228429873688204,1.0675773152081875,4.8559991160140585
20250512-2500327746,Rest,49.0,14.1,30.61754782826654,30.930387541602627,98.04826942983856,32.47671693542261,0.10062845535655239,0.00010254555774592287,0.022982661917339865,0.00858985784977178,2126.7424141016813,1.5160188107694066,0.10007835295827189,0.11766477893025654,0.03748485737459939,0.008223661308197454,0.0024061931184241343,0.0004490733267578676
20250512-2500327746,Positive,74.3,49.2,61.235739519565236,61.394319382159416,53.95814585405561,61.832197100318616,0.08107732917549673,-0.0001313894400511777,0.05094394673820907,0.044566071994686325,1070.7581263486636,0.5520259521557866,0.11461446185911955,0.04005527528708224,0.029502327697653655,0.023570286221895286,0.014769159631761527,0.012637021937216279
20250512-2500327746,Neutral,123.3,74.4,96.8865790955753,97.87140248965396,219.38424930861694,98.98583572714057,0.09360429622505817,-4.511797901036849e-05,0.023303690069266882,0.007931500000931872,7917.122033914657,0.5913525338300712,0.0429725156130549,0.031325931264232526,0.009814595557888748,0.010209285860507135,0.004948917665112547,0.004245702475516003
20250512-2500327746,Negative,10.7,-20.8,-9.898135264103255,-6.3526225165478705,106.20724000407847,12.106322845597234,-0.05428984760118681,-0.0022680455939520726,1.1591739192510127,1.1234097515917831,5057.553807405402,586.5934562433839,169.1379390537867,45.40471407324939,46.66155061185348,11.298001179570043,11.107915919282684,3.750523771736439
20250512-2500332281,Rest,-11.4,-22.5,-16.49626323365598,-16.76130515816229,7.380376414978014,16.980039075927234,-0.02026904618123609,0.0022544857457949784,0.48222761550979526,0.36120757940499804,569.7641966098546,58.94497609500207,20.109515880975078,36.2633109401505,15.639035894659665,12.786837216584557,9.625315620337064,7.350493982871161
20250512-2500332281,Positive,-12.9,-26.9,-21.02091385061295,-20.276377180821104,10.56878128099314,20.5353415569334,0.0011648801546515189,0.0005925482499165322,0.5122202744528113,0.3318269314120417,982.5194689769872,90.30308689712605,11.320299910100603,12.104987258536687,9.50911708916145,2.282701402782006,1.3927511816331937,1.7075834709060622
20250512-2500332281,Neutral,-3.1,-22.0,-15.60786919005817,-13.86575217334129,23.045709313445297,14.673267960681562,0.011438683586465805,0.0036429400160979918,0.46928823194959696,0.45453255345285504,2359.314972663928,48.77697612138024,9.885019234979898,13.318368465963754,8.317305532538057,7.998746185467152,5.718332064251907,3.0114878277125023
20250512-2500332281,Negative,4.2,-15.1,-8.445939930178866,-7.786213229613725,15.794098499725765,8.74180844887015,0.011543199852712339,-0.0006655408277313024,0.6085126732093877,0.39657588920953396,2012.2349681673072,491.5813761402524,263.66819015191516,62.24320956316629,36.67958863763878,38.371039260885816,8.07595291664449,9.42426742250579
20250513-2300352126,Rest,-10.9,-26.2,-19.555457835101898,-19.197105252324434,7.5241916257383625,19.392087089701327,-0.007047650817119795,-0.00022011516646816304,0.46763246440047773,0.2695706279268423,1434.6943820190013,310.5429072098657,246.01992544978802,57.677191328939784,27.27030504641925,17.90243275033584,9.36314367926423,4.9358389666013265
20250513-2300352126,Positive,-8.3,-21.7,-14.984079156089214,-15.207505902870077,10.024571994048914,15.533602537076748,0.020534310642921,-0.001068789189252603,0.4072020754626157,0.22542097462441452,515.3687797145797,103.21584782638425,12.993563901256103,17.358437357913882,4.415942968072352,3.8800447318651416,2.7470533449726973,1.7823965281240572
20250513-2300352126,Neutral,-14.5,-23.1,-18.36598460410049,-18.40654646930687,2.3710774563899477,18.470842709068343,-0.010448079537059866,0.0009606902448673349,0.2943941765882323,0.14578747090996053,28.272008525360636,114.86526192503088,23.134898315897843,3.0107993798488177,5.910110714654825,3.182100642274528,1.9023045628420738,0.4331822275898043
20250513-2300352126,Negative,-14.2,-21.4,-16.88633538012893,-16.831110664740358,1.752207449985428,16.883083061417484,0.006463039123587789,-0.0028157331170843933,0.30603852017917954,0.15167232918871357,5.641483810845209,2.8008231351534363,2.7925188024269314,1.4895698891179983,2.6109048294263104,0.2937528607837279,0.10008743367513913,0.059413489861795094
20250513-2500343501,Rest,-14.3,-21.8,-17.387724459537882,-17.917569573516666,5.938513305146097,18.082527830117012,0.016094445107833727,-2.7780292005397925e-06,0.05514463138791139,0.04422900576019271,249.91442402780262,0.19547717861682082,0.12132093280095509,0.01615671394665321,0.01332040662957035,0.014892880615913935,0.009435109711959029,0.006736107684273716
20250513-2500343501,Positive,-13.7,-16.2,-14.585647119311547,-14.762208660651709,0.41718478765848327,14.776332066121103,-0.001139539684159599,-1.892646024784908e-05,0.02975602068733011,0.011504223479494096,26.442554179427407,0.8870804275850089,0.11666831440892965,0.03518713353896986,0.014434395053092793,0.010867177454464732,0.0020329424786963823,0.0020220237771677836
20250513-2500343501,Neutral,-14.5,-30.1,-15.890699111958991,-18.85303811674938,24.100324273443054,19.481718879632982,-0.026766475079015084,-0.00021460472870030585,0.13016414992250758,0.10130775371765444,1428.7720338078977,6.044740668458624,1.1939247558245039,0.7931603345304633,0.48229836828135264,0.3350880001512758,0.18729742817882405,0.10319776021892482
20250513-2500343501,Negative,-0.9,-29.8,-19.93848672501027,-17.91156227636919,44.20768287237855,19.105803988647803,0.021421616784774902,-9.681507487031131e-05,0.352307636729912,0.2229369278452067,5831.364619244445,112.14989564036227,94.25480400325036,22.626159797436483,11.965251439143584,4.009751109955104,4.505739013653723,2.428990407383927
20250514-01203832,Rest,10.1,-0.1,6.295910797843979,5.764398856914932,3.7944736470232407,6.0846337464653875,0.00555158993234973,-0.00040970626420522234,0.3123842990892915,0.16821507876761585,389.7086968227358,70.71744490821025,46.87356335492711,14.932628596632966,9.171276348643417,4.196275434850132,2.9862471875318226,1.1211812219637782
20250514-01203832,Positive,12.3,2.6,7.734539881898374,7.874105807177646,3.485858838388045,8.092428628107681,0.004646274440290109,0.0005164194630787828,0.24516857321658456,0.13249084094183125,328.72301618105803,62.60241376155079,13.00957490380334,6.583469511506181,2.9745697489830762,3.2313286729444006,0.7900397896667972,0.5451287005918958
20250514-01203832,Neutral,10.2,1.6,7.555074676987631,7.050367105371103,2.8030186043617964,7.2464263554431225,-0.0022394250584661353,0.00013784393778442335,0.2766871630426196,0.14142973973977963,355.22368858921834,342.33432194075414,23.264476063907725,26.199416449977672,7.940435704197923,4.008134173465729,1.3195064787814066,1.4029086029682243
20250514-01203832,Negative,6.5,-3.7,0.869227003451868,0.8834418504925794,5.431590608419479,2.4924004717583474,-0.02210764678926941,0.002210732958319291,0.3602777409664192,0.188641192347889,298.9558771337795,82.44829333545108,51.22969749071008,15.125723926391771,5.366737835087271,3.1699365156110484,0.5813002264822876,1.0792080261977166
20250514-2300482654,Rest,-12.7,-30.6,-20.905273406980186,-21.053377710048487,12.5789520879055,21.350027285459657,-0.05255828620839081,-0.0012399697850567469,0.41799576386832904,0.29965006909743014,269.34769663478306,15.537235508341064,10.913120607714486,3.0786982809956753,1.7982910043955487,2.121267678325072,1.0281090287169645,0.7205574695366181
20250514-2300482654,Positive,-9.4,-32.9,-19.387804442625374,-19.783693304115054,46.83449264370207,20.93392016309867,0.008375360628912445,5.8097522272341344e-05,0.4382441664278706,0.2799441639512962,3913.404091273699,32.06043845300039,23.157170502609436,7.33534524079592,0.9812833123762809,1.9073341016477945,0.4236364086374493,0.25817405091664036
20250514-2300482654,Neutral,-13.9,-41.9,-28.546180054209543,-27.97101502043455,31.91641347539203,28.535838777732945,0.01518343856125814,0.0007815750785002756,0.6669851400499242,0.3849230401315692,3141.028738438652,382.42766135697065,14.514180624675951,28.21419997551125,5.351810483254323,6.68573503806262,4.712151167983595,1.61243021144507
20250514-2300482654,Negative,-4.3,-29.9,-16.25256115852803,-16.613970495062482,24.892256352316217,17.34693840316276,0.015411597293452392,0.0008160920397556129,0.7013599467703295,0.419120585345805,1613.3973336201664,326.0412780993292,244.65137137441968,83.4712963855101,30.517193429214068,17.890286665384274,15.789950954977433,8.682417157878758
20250514-2500124080,Rest,-17.4,-34.2,-24.589702259710368,-25.202546021962174,15.582068568618991,25.509809771100613,0.017749524408192243,-1.8464959535982687e-05,0.48390884898827147,0.16057611923618673,883.9126331152255,20.523937334275896,6.675543616828427,5.482622749769646,1.2386553107726423,0.6871671749634111,0.8491166085806028,0.5526489724174081
20250514-2500124080,Positive,-18.1,-33.6,-24.10811623575983,-24.176844494830238,12.254582626535885,24.42896625634697,0.027253631020048002,0.0012591961705894167,0.3668756882635462,0.1757623353617038,561.3228471943247,32.48280444410446,3.957918260460078,2.3384019605034756,3.430891394091754,0.939165488694874,1.2878877130898396,0.2281334734033381
20250514-2500124080,Neutral,-8.8,-28.2,-17.0285511526224,-17.31491318964088,27.21880491107872,18.083833213007644,-0.012847266126340613,0.0010155542752372797,0.3282758533051116,0.1612938024977985,4700.827105896635,91.31127896642258,11.975092888470499,9.091331003500985,3.55379316393666,2.9525201712193527,2.3775413372224103,1.3031480537814575
20250514-2500124080,Negative,19.1,-29.8,5.492347579452524,3.243723973689293,86.88982408050906,9.8697299506114,0.043408963108506345,-0.000961531220536445,0.456326618602195,0.2533078001293114,7304.511344574431,123.84263975824257,132.56935263966236,26.111833623144623,13.198334039252893,7.990744396850076,2.4303517689746554,1.3603650570524726
20250514-2500346917,Rest,-1.4,-11.7,-6.12605850434932,-6.536367062167714,4.211431316267151,6.850950714146041,0.0035891630327922423,0.0030350672096748723,0.4365538068753263,0.2894592151621548,233.3946650005955,84.11856428339998,26.685225544729576,9.943795653139611,8.05941359420231,6.843499008346457,6.319843172036787,2.821562710649671
20250514-2500346917,Positive,-3.1,-14.8,-9.207549544097908,-9.04490347057704,5.328199777294112,9.334799332034443,-0.015963832596557117,0.00013446434224820077,0.3870111931387827,0.24744009072855103,309.589934883278,12.830877556670854,10.904206225981932,22.4561949230125,14.993397154010896,6.013950685699624,1.3959870304275341,0.9497422655829387
20250514-2500346917,Neutral,-0.5,-12.7,-7.380405320297287,-7.007354925518208,6.034690311762667,7.425477315563422,0.0035710738763103365,0.0010738095848867608,0.4177256496025866,0.28884351246085477,888.3411592471514,118.16375753619347,76.14682596061675,14.729280829841572,35.970686935851276,9.83152894025958,5.591051715326724,4.063072413003643
20250514-2500346917,Negative,0.4,-12.8,-6.62222713637752,-6.369705911170596,6.8049740906011245,6.883177135989073,-0.009720168162407488,-0.0025737727150585625,0.39399358813408614,0.2584543451403161,468.8189204186517,121.17121712469377,15.244687783767255,13.919444328888058,12.347366546739739,2.720335533931392,2.9260355767963926,2.4027333123304553
20250515-2200672323,Rest,-14.0,-58.3,-47.5673470249365,-40.685827142267776,223.72859591310788,43.348184808173926,0.09282583341247007,-0.00464559101772352,0.7245018767395398,0.47647032479410617,9200.031189369467,68.04622077739168,66.68848986021578,62.32991376853225,19.16589078752148,20.7358081952754,6.368728793899008,9.548546168470333
20250515-2200672323,Positive,-7.7,-20.6,-12.802582196992287,-12.983531829819416,13.400151799108244,13.489709061912423,0.00552734381172456,-0.005749813968903519,0.5180262757491678,0.45468855897949845,974.2207882649232,36.37957526008754,8.389802853669064,7.156647243910046,1.342388702153768,0.7005408768035533,1.671772700100608,0.4360632728860038
20250515-2200672323,Neutral,-16.2,-31.6,-21.75619848768112,-22.469464821307085,14.591825995253968,22.791855460914338,-0.0038793832128309193,0.0011385129259368072,0.3909362522170053,0.3483258895170524,2553.4520035421606,29.046889499314496,14.038264862754133,5.1619877966072645,4.684856690990713,16.61044757464933,7.253553199091907,8.285266022208553
20250515-2200672323,Negative,-10.6,-30.4,-19.67794866668376,-19.413718073012305,16.71618441635276,19.839572420663643,-0.017710428966053075,-0.006577487763571987,0.6571856764137852,0.4843947784215588,2090.388720734122,130.19077297148928,53.762186300833164,33.49830099751877,33.41209369986171,15.035151961431247,15.222443360349473,10.431042509810293
20250515-2400036128,Rest,5.3,-5.4,1.3919393501735051,0.6407653784805939,6.007101189317476,2.5333143230907713,0.001065420122228675,-0.0001566822408347997,0.2729990331800332,0.1381315318856619,486.5717814586693,76.9030352892697,11.792872710051267,9.823545747388758,4.399988595363951,0.7099776021160104,1.2723249906487546,0.5005968871811798
20250515-2400036128,Positive,6.0,-0.9,2.5081510488625,2.474309155122659,2.201791259228257,2.8851338018109427,0.0036914146545102473,0.0006977689826153803,0.2316123248342082,0.1300319275144947,62.808409814241394,85.80112312990957,11.351413463589301,3.5987991532325143,1.524861781907728,0.8386807825637627,0.5734222838865062,0.7485686912188418
20250515-2400036128,Neutral,6.8,-0.9,4.245766236139387,4.086042315497443,2.6358917334509107,4.396775356722995,0.003120340540087284,-0.0004269997665079226,0.19009565289173472,0.12946807790686843,317.62579035542296,13.139051426432836,9.314323842295021,5.427711140568674,3.8945013650541975,0.9788724293745963,1.8820887467102845,1.241108187905223
20250515-2400036128,Negative,6.2,-3.4,2.8550224236613997,2.4658105336458997,5.152668312993485,3.3515503727129867,-0.014706113290792303,-0.000395481388772776,0.2921525965307741,0.15128057310117612,255.85287959035503,101.40398842154003,16.632265510930047,8.360544826224208,2.8998577471489644,2.1769818949570543,0.6225918361373498,0.2538361954464962
20250515-2500185814,Rest,-41.3,-58.9,-52.469331030163936,-51.54997396453121,14.135084081703178,51.68689292098672,-0.04059818962684315,0.0011747750119697248,0.4256398765012603,0.2539425675890147,319.31603242496107,16.170729504324854,29.09221323385725,10.670488823465838,9.147277766710737,4.531947922420394,1.256765940235163,1.0268934787884176
20250515-2500185814,Positive,-50.3,-58.0,-54.00826389092539,-53.973002436315625,2.1728305994110064,53.99312754962379,-0.004350497248406369,-0.0013135067508250923,0.35942454751844005,0.2681600495684969,36.93519946639074,9.42000152794116,3.745871854837006,0.5089101591124618,0.6156465816263186,0.07856164019537765,0.20678210588731352,0.09924004325738284
20250515-2500185814,Neutral,-49.6,-59.7,-54.752389079683546,-54.48948223931549,6.043700974550065,54.54491154712077,-0.004377687075403641,0.0005343835300295203,0.1813213021430062,0.07587737466943573,814.2352269330338,28.271250475562862,8.72458821345232,1.7162540228126157,1.67173286161702,0.2030160993547855,0.08504490009571399,0.019273736460042518
20250515-2500185814,Negative,-33.3,-61.4,-51.69557446938264,-50.9592316253645,34.45267270420102,51.29615931579821,0.007524981823669278,-0.0029036302210520117,0.6262611629990107,0.29546715225859654,9761.669539811663,884.823305405718,264.16755012908993,196.4926667834934,78.36903328831077,41.99615801034459,4.141363897443605,4.066589958690401
20250516-01254014,Rest,-18.8,-45.4,-25.10565425927728,-26.962017884822302,49.104421057021554,27.85776066877055,0.07312792273516457,-0.0005157122459201147,0.19820804138623505,0.04054697401300973,1337.5882074953627,138.04368474777579,20.504916524319828,3.410995835102913,0.8612728084443569,0.2519015960291469,0.19840930901274212,0.05721845533609496
20250516-01254014,Positive,-14.9,-19.6,-15.740830175527089,-16.497806711276837,2.269777804844784,16.566454179681777,0.0143651255940724,-4.387212617604007e-05,0.01393869435037004,0.0033935830691742865,69.16724766434568,0.0191991917870889,0.0017250547809908871,9.441662378797859e-05,0.00020183546018141138,8.439216247465462e-05,2.375324759956298e-05,1.0920573110973549e-05
20250516-01254014,Neutral,-14.5,-17.0,-15.350373896150835,-15.407958837616842,0.39687546129590484,15.420832370627435,-0.0032978295100793867,-1.377406951516647e-05,0.021872965925570243,0.01892412480451292,22.041110489635972,0.281529705264847,0.02524584379671916,0.007769437951785548,0.006502604404923168,0.0022667194758834897,0.00030598905308333206,0.0004911184060378346
20250516-01254014,Negative,5.6,-42.8,-6.651982067058314,-11.388226704288941,192.02235625470198,17.93638937252929,0.04890941488968624,0.002105892801191667,0.5282553575310452,0.3477731078647174,9125.065650882038,94.01755757775497,43.83142286481132,25.055949526806945,5.719390189307215,6.2857823263088335,11.705633678464654,8.34353716137838
20250516-05481897,Rest,13.0,-7.7,1.1874316203332262,1.2917369210749579,32.48431093456984,5.844047844417264,-0.004570614639912449,0.004628692312100281,0.48635747150048614,0.35553612339246593,1615.9876821818686,13.60962856194012,11.770699075484456,6.925271855786375,3.7535037399608178,3.1570570445315846,1.799008085553397,2.30868467806053
20250516-05481897,Positive,2.4,-12.8,-3.5249091515522317,-3.4390365555711875,14.085282072504098,5.090408088067108,-0.00995170218451588,-6.117098334629802e-05,0.34356148385831503,0.21258262134383335,614.3380707348817,12.985719046876047,23.53842149963879,7.560887434907622,7.607376513465478,2.5252269278868376,1.697535542216584,1.3742156679070696
20250516-05481897,Neutral,2.2,-25.0,-18.04811724670116,-16.810259817813147,22.336548727434934,17.46199827825608,0.016701649188429618,0.0009866383769002044,0.4665825741802458,0.25376408459454924,1507.9607802339572,39.12960134486169,20.426618471581058,15.292222450379281,5.462376685035109,4.247642774307214,3.0505452229495837,2.3360522921888816
20250516-05481897,Negative,19.9,-6.0,3.2264847896122304,5.004120099421136,45.374033698914495,8.391379604590957,0.020394821997524445,-0.0008394295044007198,0.5061888089386265,0.2965846781002243,2588.1151777087084,78.00049305837533,21.83992541049719,18.312912934456083,4.080611083234869,3.9720862826555434,1.1001788419859326,1.4268808647410536
20250516-05884743,Rest,-0.9,-20.7,-13.470392500686351,-13.817107410518162,13.454446081757604,14.2956952707993,0.017738921280550508,-0.003714506185285604,1.640214209769154,2.5605622082464774,418.8659713366956,254.24133140000384,15.77439152126016,32.33142095878395,3.068661586829398,17.46208272078663,14.898668500196274,5.859158207311574
20250516-05884743,Positive,5.5,-27.2,-12.7370282039137,-11.200413680339608,52.80018964553488,13.351009559440572,0.04066816585522228,-0.0014918648622963165,2.32960814049369,3.3858935858491224,589.6890096521362,73.0010441196948,140.7985359754555,346.87363732673873,19.25759209304708,45.95243483765107,362.3412611349304,29.893113890130863
20250516-05884743,Neutral,10.0,-8.5,-2.5074587537380975,-1.6616072295047233,16.061913660502466,4.338531116131914,0.005238797382268972,0.002639207020424219,1.3654943460258786,2.286966735618527,232.23478388341474,47.84412606443391,16.381934969703508,13.095273857207081,5.7340288572026035,9.29556788593293,3.647503947518767,4.394843482510121
20250516-05884743,Negative,14.0,-5.7,1.7427133150432865,2.634254910423397,15.446649373960083,4.731379112589675,-0.008230503657014814,-0.00035594779135683056,1.0373067310811086,1.6548495156574123,846.6215276025329,58.438884992250465,46.6710693466024,12.077472105601798,11.414168540473934,6.495795683162956,2.721113906543075,1.8170760128331092
20250516-2500062844,Rest,-19.7,-41.2,-24.967971657743405,-27.575167516461732,53.703294864390955,28.532317789224855,0.054188803683236655,0.00011773866071637154,0.06361849825488589,0.018378427277777006,1687.8423235965379,0.28216565844998254,0.01715951385524948,0.0031310450008474287,0.0012583961257407862,0.0014577784502699687,0.00013395202366656766,0.00013341750354263203
20250516-2500062844,Positive,-19.4,-21.1,-20.643598557847664,-20.422809332716092,0.26573703442476154,20.429314185133585,-0.0016560942807505824,-4.8701692673006294e-05,0.029757457176890784,0.011493461817354812,9.931665100897565,0.9275709890849947,0.09191193743437263,0.02754634762568715,0.009122250065519725,0.004401401472954305,0.0014111310301972834,0.0008430271068904639
20250516-2500062844,Neutral,-20.3,-36.4,-29.47699816346458,-29.024295505095992,24.152202783703522,29.437424010107247,-0.024055085016743416,-8.03412537163692e-05,0.057114145206609374,0.01564604204837724,1531.427345909961,4.771985661783934,0.5235921164927745,0.09175931820724624,0.037751526430663256,0.024331951633619245,0.008925512680504325,0.009564384871792135
20250516-2500062844,Negative,-33.3,-52.0,-41.34603333899186,-42.07502513775553,21.260254333944854,42.32691808620969,-0.015065505903760974,-0.00011458438300884622,0.21676649857812336,0.08668416417693492,5435.049476836717,254.8534457048942,54.46897403482878,6.347372450494347,3.5406162195926623,1.4821447097924294,1.1582292281662196,0.4954117783057432
20250516-2500180252,Rest,-11.0,-27.0,-21.89848161030131,-20.256831203495295,19.65189492711998,20.736226882777416,-0.004002393994302543,0.0008881930032064103,0.297084850509458,0.16329860382545294,1071.3508084762075,39.87238295003629,21.43467815424166,3.0811696701610947,5.619873998983058,0.7486974476015011,1.3541979513147893,0.6109967304246139
20250516-2500180252,Positive,-16.9,-27.5,-23.92601517551163,-23.56684247209324,5.393026384896718,23.68098584285195,0.015279205956098387,-9.945860637512734e-05,0.3651905802271132,0.20824463068929225,439.5932978904779,46.29814171736203,51.51903863471034,26.325644834167406,3.865052151626508,7.523638967410715,0.7635115163512659,1.3694805228565075
20250516-2500180252,Neutral,-15.7,-27.9,-21.48375988398596,-21.523173024253637,8.726176140381211,21.724943110911493,-0.006198741294043135,-0.000404839242999942,0.31740495534145435,0.1722522164509568,1178.4338458966295,38.63504638987945,33.30401306360383,7.031383766885437,4.516798040906845,1.1187011947735526,0.6397804991859231,0.2490172981074224
20250516-2500180252,Negative,-5.6,-35.1,-16.902764612068403,-19.565382184899246,49.38514974265706,20.789163758646712,0.04388772792236178,0.002688414843729406,0.6069654022544444,0.34198653727077066,2261.711815016193,105.465673528363,64.77538569202832,68.66631751304324,22.7023023916299,16.79637549473703,2.7210943860016985,2.5479704741483777
20250516-2500198980,Rest,1.6,-12.1,-6.94388938149873,-6.628788883669343,7.813435794006061,7.194044610527816,-0.0034490186078515645,0.006327196758167413,0.5111806583970764,0.27067328324282863,494.16578924440154,119.12742105679736,73.86361753131695,20.350664204867062,17.152184694930135,6.550163561685045,3.858221905111635,1.7732246474499935
20250516-2500198980,Positive,0.6,-12.8,-8.4175392396053,-7.598541436863354,5.372569313844239,7.944205516071048,0.00030110792548434314,0.0013943462420743344,0.5986225937656334,0.37703979799655807,296.11597443375337,56.1221963004648,70.41231008895386,30.708873464350802,10.628542307541322,7.428599045116195,3.727969084768054,4.518192158752232
20250516-2500198980,Neutral,4.5,-12.0,-4.137663648541652,-4.43453534438211,5.54841971174283,5.0213069446426974,0.01466916966539108,-6.100582338090565e-05,0.5511385996310505,0.35079384614972353,213.98511753244458,118.22588458353505,92.68690030909292,76.68474622606132,43.530623460129064,15.617180079387424,8.402065923943521,5.271486323006058
20250516-2500198980,Negative,2.8,-9.6,-5.072465040927533,-4.381690428818175,4.924152358133263,4.911554068940915,-0.005826874007866924,8.421169701148198e-05,0.46941521924990964,0.35531580329203166,412.08894638653686,116.54228098901504,44.34848156801353,28.55619700359547,13.34475723567693,8.912941516951092,6.33957883045181,10.94120035817615
20250516-2500334705,Rest,-24.8,-36.4,-28.50133093199777,-29.364766766811496,9.337091519389459,29.523323301901947,0.002736527144806388,-0.0001861992062885312,0.14711778146103824,0.04576086030162913,1516.3171948852191,80.7195672707473,4.112907360507361,0.2581295519949682,0.16686832654228717,0.20069044643798808,0.03334967542633082,0.029918915015564925
20250516-2500334705,Positive,-22.1,-25.6,-23.041039920807016,-23.238628297507393,1.078198020754754,23.261815130605477,0.010861027058696165,-2.1479323441364893e-05,0.01231812843399574,0.01231081534317151,24.45302625919578,0.07274397196854049,0.011039981702118786,0.0022161729457113666,0.0013327587332997352,0.00034751737923817584,0.00021838501231339727,8.680846371865848e-05
20250516-2500334705,Neutral,-22.2,-34.7,-23.22721547262665,-25.624970150811848,14.44918041240008,25.905371559628286,-0.016198691879663142,-0.00031028282622094116,0.09916981150329468,0.023303278953289732,1107.1086492240945,12.756152896417683,1.095765557306963,0.08415925129415618,0.017986528038749925,0.005085888312163668,0.0033384143586442684,0.002346254659652265
20250516-2500334705,Negative,-31.0,-40.0,-37.68218097445734,-37.30468575628154,5.43688601198673,37.37748607633881,-0.01758221606091063,0.00016897095574653365,0.09506437118197121,0.040974366671925166,160.8775903823279,18.775213915491385,2.491470263246349,0.5584615249056857,0.15665946055846458,0.19287916176361974,0.0432742491970597,0.03579805948542439
20250519-01795146,Rest,23.7,15.1,19.18724163782682,19.521175312223548,5.3332473900898405,19.657302280848608,-0.005207522505937828,-0.00033853871888727473,0.12787488556474044,0.06145995378169513,619.1674258643419,4.187795331640615,4.09257814324701,1.6648081376493855,0.5656127369124233,0.1820107763329422,0.04891347093634908,0.04570641666473047
20250519-01795146,Positive,17.6,12.2,15.419786802602614,15.14282929535632,0.8691997337242192,15.171502193323697,-0.014724035872375875,0.0002989939089890427,0.08785479740293463,0.05403708411160386,13.885872582278365,2.2724391442323966,0.13649634706160613,0.11496047964819107,0.07808439022971064,0.054638365155141325,0.013880457666444804,0.01450571355564105
20250519-01795146,Neutral,16.9,8.5,11.662896165319207,12.138649654692903,3.7945789301442767,12.293957636559531,-0.0008439240525818052,0.0003610336218745485,0.11482571517765315,0.06709225627865517,513.795190647688,14.071817671839064,4.431236552207702,2.327816669077742,1.1596624822392307,0.4387298630661614,0.35041285830502117,0.19212238501876322
20250519-01795146,Negative,16.0,-8.2,-3.2079376896882907,-0.6363032915177347,34.31848870722877,5.89265395098211,-0.01321334117901495,0.0001975683982906385,0.5076192583037394,0.35958376428955613,4343.651701696286,357.03374399830227,198.36401020565782,77.89873332814257,33.71439183194842,14.291810968125912,11.81867270217411,8.04199827056162
20250519-2100380863,Rest,-11.0,-19.7,-14.367637593177939,-14.397549138946804,4.980372374374545,14.56948158249848,0.0006624554220437988,0.0019592592635737445,0.2875433408904319,0.19727013930622445,448.7190298037695,29.394220196333574,13.98775240506783,9.16769584054956,1.7389814624344886,2.646126952188103,2.7610355222236858,0.8990714314256499
20250519-2100380863,Positive,-11.1,-26.5,-20.022919317588965,-19.241612551290423,14.861050029704316,19.62398286800316,-0.01814066193679592,-2.8524910476134742e-06,0.4110711205761565,0.26538561622131007,1561.889361062374,28.73915310407609,18.65487652320436,5.655318703019359,5.496975919316976,1.2255424534675634,0.5332218546003413,1.389939588621469
20250519-2100380863,Neutral,-7.0,-22.9,-15.43959858136287,-15.234185950099418,13.473801825598397,15.670169858294608,0.011817354290093696,1.0746918315284297e-05,0.3202486989064047,0.22673054082822555,2450.5722193437355,115.80748437081431,44.017801769786395,13.199352818028546,4.155410938976901,3.467989173135912,3.2936962690345277,1.7041018216224342
20250519-2100380863,Negative,-8.3,-18.1,-13.251731687833272,-13.308558623394436,3.704083803923352,13.447000276502182,0.004610007056430794,-0.00046167013561596303,0.24958240016631789,0.16192898377487658,724.3152528462034,101.12516580112238,39.57331815355113,19.7779666832287,5.87212139110971,4.968582775674668,2.0352892127180033,2.9380942518524686
20250519-2300232466,Rest,-3.8,-25.6,-16.380479800498883,-15.806219901032202,27.838004317165232,16.663570802110563,0.030894269995983444,-0.0022222982994422676,0.5239810200438846,0.28622095222422905,2648.1285528916733,71.50784139698428,29.998739642812048,36.78282385448424,9.720787368486587,2.8453434741375174,2.133383203361672,0.5825370536853838
20250519-2300232466,Positive,-2.6,-24.1,-19.70846529549189,-17.385413197802325,30.87141544869554,18.251685059386016,-0.016634033707033685,0.0005872123785197762,0.42420864307996164,0.2399339937008503,1109.6542249599468,72.54086739929538,31.890268616846416,20.86489356082684,3.637519893479271,1.9218080519060803,0.7451541746486723,0.8304200143873577
20250519-2300232466,Neutral,-8.2,-24.2,-19.255265509466142,-18.27975315705548,14.037185542075237,18.659757796524453,0.005665771921236349,0.002561815727309252,0.3612415922496781,0.19717424837446473,1057.2918766303023,32.227961211194376,23.601507221470243,18.354480841707325,10.179863224645525,5.075353153152957,0.8114388313996304,1.574538145264598
20250519-2300232466,Negative,2.2,-16.9,-12.763431065632224,-11.429841324499737,15.592699118925644,12.092723920695763,-0.008495067647213137,0.00022431383822552888,0.25025068794571753,0.1336929125586198,1179.2696991562004,50.750281268521356,30.67214944127532,2.9796547021268367,1.9855661428566393,1.5269978217689846,0.6076264429513611,0.7524146148340625
20250519-2300896383,Rest,-28.1,-35.2,-32.36024791978146,-31.929910457160258,2.6125823892952504,31.970795488876526,-0.0022143963810089436,0.0014939007337577896,0.20564547302397332,0.11526307355106045,194.5575670550947,11.972109602903547,4.160464402283675,5.8240853394556815,1.2949648423230107,1.1661768810519115,0.7026200380462976,0.0854845506367317
20250519-2300896383,Positive,-28.5,-35.8,-32.35435701156233,-32.04161854164173,2.5729932933375053,32.08174421787906,-0.00556150639728931,-0.0008873306540418285,0.20344997697573383,0.10483162171618458,206.17720148644054,31.41974401689007,1.6729325247489943,1.2491374817132153,0.9472611114526385,0.4418023876019604,0.10340349623299601,0.053174531053533224
20250519-2300896383,Neutral,-30.9,-38.6,-34.35246068920729,-34.42159648172654,2.9445598838737577,34.46434192371417,-0.005318485841618148,-0.00023777845980329663,0.23273166127920974,0.1125442098333878,237.72920573415402,91.90339438852762,19.50755101066311,13.35041620498378,4.667860807009414,0.9509935748791383,0.4173573263626248,0.30745788671146157
20250519-2300896383,Negative,-20.5,-39.8,-29.30238381062405,-30.068508740980565,13.56354850168871,30.293213207055363,0.03032150614585126,0.0029636686058478225,0.3343643460479153,0.18199981396416978,1007.5229254617709,57.63302628840454,72.79545284309962,26.464834750516584,6.843806441345745,3.96217978036777,0.8355628775832502,0.7659603818947293
20250519-2500317869,Rest,-12.7,-39.2,-24.472094254577407,-24.81115512061372,34.31037851931739,25.493210800887237,-0.004386834923914053,-0.00035239898451778644,0.7727454874598814,0.42991188457599727,1693.7789446227446,196.40550078624705,93.181487849877,12.902885454432111,22.265455351871843,4.947684592107535,4.1563647667435175,1.5142409171326832
20250519-2500317869,Positive,-17.0,-41.3,-24.790452874363886,-26.020076210559417,34.91451324671573,26.6825575844977,-0.022048175226899648,-0.0024294026106335947,0.6248315147125233,0.3226577672534987,1324.5595581102207,62.109751974788196,6.907007253940729,4.754735812626309,8.477408452318674,2.79313877887279,0.7436931617396823,0.2491493724919542
20250519-2500317869,Neutral,0.0,-40.2,-12.05630671872506,-15.261798604070512,101.49768625582335,18.2871589616056,0.06960278490217929,0.005445946382502502,0.8059408103009004,0.4367283617039662,11120.67588669833,729.3291322764192,230.0483907155134,189.04403041381724,39.921459467122034,13.247491462152716,8.900536530496124,6.739301594622415
20250519-2500317869,Negative,3.1,-24.4,-15.362290773599625,-14.839960863465766,20.643565225304044,15.519922797955525,-0.03565884673460328,-0.00021861485728786055,0.5203749646010359,0.336232627931323,1190.1093458691003,156.86800586922055,113.41511167357635,91.487928108215,30.75328223957546,11.993057069835183,6.237198945024139,3.0865893151360653
20250519-2500332974,Rest,12.5,-14.3,-5.079721964832634,-2.658821770122117,43.92176419898445,7.1408050949637145,-0.020188994009659563,-0.012154585788025175,0.6780778552068489,0.39755706576826516,1851.5023870320927,450.24802910532765,28.865312019045316,8.719285242733838,36.25555027498133,17.99377391329948,10.819132115981615,1.3054753796827587
20250519-2500332974,Positive,9.8,-15.0,-4.359364764090833,-3.4726531195347308,42.82429808122915,7.408347843469787,-0.012951383559013955,-0.001518888299162737,0.6974382981341346,0.39649100978516205,3185.3982638460384,79.94518373520995,53.49215064853434,21.012832362373935,9.231866867529902,10.758727198777747,10.33596428146015,1.9859541365966857
20250519-2500332974,Neutral,19.6,-15.4,-7.265297196339991,-4.195116114245364,80.11078505785581,9.88482596052439,0.04807704883941599,0.0016098168016664908,0.6349494151382036,0.3644960183903887,4406.188857525741,148.44957520355766,66.47028452914533,14.600321660419228,17.68528449565332,7.437112212047849,4.943034293349213,1.2889308442033987
20250519-2500332974,Negative,19.5,-3.8,5.016532224544366,5.572955887104346,40.15006040847473,8.438477216185733,-0.02715938116580539,-0.0012410447250211743,0.5735484110304986,0.36961662600265444,3441.4027366089585,167.84646273187752,24.76775965428859,30.832551681590537,25.497994967048527,25.668381555257028,7.122225434970748,3.3755680840235485
20250519-2500345243,Rest,0.8,-11.2,-2.0074691624598238,-3.4369090371858526,8.550405054804624,4.5125102531400865,-0.0180331263665643,0.0003607395248782662,0.23647081199581263,0.15959320738236943,408.1902818371483,12.540798946679184,6.546327131755001,2.7262558009818134,0.779627208042448,0.24698663609911103,0.28767904785217413,0.23059091654615543
20250519-2500345243,Positive,-5.6,-19.4,-15.585237502388008,-14.276588627027065,13.895276472272805,14.755211258996981,-0.040090657250324006,0.0005499956537136623,0.3698809931975114,0.29690396409908015,286.604133144907,11.216189937130757,3.889484627194482,4.48836700057451,2.2666562113863016,2.7785945937760568,1.1367796407835467,1.0987437843715433
20250519-2500345243,Neutral,-6.7,-19.8,-14.350092736300454,-14.031741294464078,6.434810910476393,14.259192637216342,-0.0037947056413589098,2.2561783402978772e-05,0.4528393743114696,0.3522034726289126,732.6517932721395,19.816208821697316,27.189498731825033,29.34943613977923,5.710687159832601,6.291413763741334,8.810576104055194,12.399068939497074
20250519-2500345243,Negative,-7.5,-20.7,-10.93556082740487,-11.59578747261601,7.107303078050123,11.898301987600101,0.020699225236491627,0.000803475535014836,0.2576929104986825,0.1799507585044929,405.2716721504158,11.268029633863538,5.787016470324179,2.09399120803477,2.3915402419218355,1.7436798220985874,0.3381474792915054,0.2480701510629579
20250520-04375870,Rest,13.6,3.1,7.639845779609927,8.167089551780997,9.416950002948056,8.724580319405534,-0.003392052099246711,-0.0002137237082701964,0.2883671864063484,0.14921216228487083,537.5277655963932,24.950991668019,5.991566299101439,0.9390634835546059,1.2205207188035536,0.19586642131051035,0.17224721336989657,0.0399973455154076
20250520-04375870,Positive,6.8,0.9,3.159403720991956,3.176102554974325,1.9382042592692477,3.4678280953622367,0.0038458087328874058,0.00045556958026326296,0.2191332077035604,0.2274832929748343,109.16624706964289,12.91427334141909,2.1676421557506464,5.951795061959949,0.7346511457726763,0.4127993292533169,0.08409819374158164,0.10188449590092596
20250520-04375870,Neutral,10.2,-6.1,-1.1322368120549393,-1.271831215648373,6.868064278642809,2.913008568428941,0.008062824159655773,0.00237201410432263,0.6385636519271951,0.9333083404492479,704.5686415344986,28.02062015833034,10.148444640550858,2.090456885966259,1.3832195225895492,0.9150137250056407,0.47840724125877804,0.22221409817214127
20250520-04375870,Negative,18.9,-1.0,11.233692869114318,10.545564624355626,14.98447212214698,11.233583816779388,-0.00046152132352378583,-0.001005779074590556,0.5509555505562655,0.45705458011088146,1561.6931982693873,439.3005169128952,116.04612351412328,28.544894877389297,32.365633140244945,16.980635501116396,5.066964883512143,3.7430438796646115
20250520-2400302593,Rest,-10.2,-39.2,-31.65007979442541,-31.550354304599896,23.582181146306525,31.921889635359808,0.007798229441609422,0.0001480365513152146,1.30387376638586,1.3418387414453257,1256.9919047361927,100.80817399432694,104.26484527897794,47.349902146558144,48.66550406761229,23.682577208110686,24.20834064862522,14.879007506026412
20250520-2400302593,Positive,-30.8,-40.9,-37.493243433742336,-37.75719517041703,2.835673477621329,37.7947279473551,0.00405701814764665,0.0003458745801808616,0.3609141267068145,0.2852651191474007,208.17765117535217,47.25306018140482,26.71618530803049,18.562526139951252,11.534908270260148,7.87775527015548,1.7840024721889152,0.5315466678743455
20250520-2400302593,Neutral,-29.2,-45.3,-39.62857319826571,-39.073955034771785,7.20618057488006,39.16605855373051,-0.0199115263878197,-0.0003119810243638621,0.3719575346768764,0.2582449345133587,798.3522637278265,134.3810746679535,83.01801679879657,34.87141412042906,17.208977806030525,6.886374236467281,3.8401138316056085,2.4227691792660457
20250520-2400302593,Negative,58.9,-55.9,0.22708719848331566,-12.155254676903429,473.47804767816,24.924451126123977,0.005128244838152226,0.02049511312164739,4.544954173889341,7.26413802493702,35563.1696595677,209.96882757467247,225.99521372776698,33.5181402470211,63.92910497975466,25.243320918710175,31.156832684472928,22.497433257730773
20250520-2400314253,Rest,8.2,-6.8,0.4251668272619066,0.4611794282036296,19.10056995924381,4.3946850199123535,-0.006854506189301107,-0.0004337673136586066,0.3076599397128716,0.23613795389749104,1796.0867053531765,53.131483478322615,12.126796239577352,5.394305228771241,3.2322733926457055,2.1991008657944304,1.886486525830179,1.6188669794414934
20250520-2400314253,Positive,-5.5,-17.6,-9.30472286185963,-9.679914346698467,10.339036836148283,10.199989146835751,-0.03292426339796219,0.0015067543547682086,0.1504749954676075,0.045094859458695846,358.3416414559639,1.1485168402822443,0.16360641761966702,0.049077476705545305,0.03027776172581626,0.023070172402175196,0.010599085125492878,0.013175478668719686
20250520-2400314253,Neutral,-7.7,-35.9,-22.05146062203476,-21.649096628286976,74.68689551991233,23.31030416663023,-0.03585733746878302,-0.00014582147608614192,0.2554991036100274,0.15890272540956182,6515.105197769565,55.1541510483647,25.08857889967437,11.403129766241234,6.5959143083610385,1.4967301115689182,1.8354714996176724,1.6397207932366433
20250520-2400314253,Negative,-29.4,-48.1,-42.56036511148773,-41.6048994780834,25.75284675748812,41.9132497826035,-0.02235752287280742,-5.7561004784540175e-05,0.294229737361118,0.16359195965927772,1222.9381942598104,263.0419846543572,34.22922757867342,9.317287564090234,1.3321511216519069,3.4331228921563266,3.230815214310349,4.065293019522304
20250520-2500296075,Rest,-24.8,-40.8,-34.46412000465086,-33.847894007775274,14.690011430974764,34.06420320795078,0.00625581557714725,0.00012343342497455392,0.3794634004070206,0.2796964390831582,412.5577964250562,23.91997514686281,54.4170020933454,3.7182915322355115,5.567143771376148,3.26547674775885,2.191096762731044,0.4122521775267665
20250520-2500296075,Positive,-29.7,-38.4,-35.09659057005233,-34.72683759802801,3.307974061802688,34.77443347664509,-0.011110021607431662,0.0017530632401573066,0.2627019984177636,0.2220690959509741,351.02540119197675,43.52449118214933,3.518566646175091,2.403963468081886,1.5452722865238355,0.3792577655904844,0.3787308232657722,0.4965550734374071
20250520-2500296075,Neutral,-31.5,-44.4,-37.00678036125757,-37.02001900246168,4.775651648804499,37.08446384392564,-0.0046093463260866024,-0.0005387836265874035,0.35932966925962423,0.2576980953263914,333.8931764163754,59.3378432792526,13.634508500075407,5.884908894262136,3.0396300322296845,1.4381691924275997,0.4900708682056751,0.08824802961630542
20250520-2500296075,Negative,-1.4,-43.1,-29.009982819230665,-28.066907621115963,98.92453149905666,29.777102527131714,0.09080677129210538,0.0006969022667237799,0.7595454641807342,0.5530946079190303,4780.19118541441,254.5898104408838,127.38600614200317,68.82635707567867,20.82359754835923,34.320905486395404,13.184131354609425,1.988892001869751
20250520-2500309828,Rest,10.5,-18.4,-1.1533864567549144,-2.3603320665467464,29.266874506238427,5.9023759597815575,0.02972111508584892,0.0002725840022093433,1.3788635033307615,1.6048360486024236,1292.8339790306597,500.8214576637315,98.04534206610134,42.086469554470284,35.7371343423085,47.34040758614117,33.097232903269145,27.402496977060867
20250520-2500309828,Positive,-1.1,-26.1,-9.621734693340443,-10.839904339968651,27.63147800659702,12.047199014968925,-0.06321469349807661,9.038443980211504e-05,1.2311680742258317,2.0447504882223155,450.9604411537626,31.700941644602217,21.79591352837114,3.7648700536178827,6.8348336897677235,2.416164838757032,1.3157568200963676,0.5632126372914621
20250520-2500309828,Neutral,2.4,-32.8,-15.977751484216983,-17.004395591410784,35.33481782969448,18.013447400730517,0.029677295196127888,0.0043591878822597935,1.5447830338372488,2.3915074783871777,4275.342684103604,258.3928564158637,147.3070312817816,110.16646248636414,178.7914724533004,85.28375155175655,17.96039219379326,8.69917463283409
20250520-2500309828,Negative,22.0,-9.1,2.632889135308325,3.0024359401533354,27.41550182332389,6.0357371876224315,0.026659819318802597,-0.0030790857414840058,1.2058277996582056,1.4766052684661735,2139.611647147921,590.9602545455225,343.87502188311925,134.0023969024794,21.92954764038344,33.657227447938624,3.5122094346197894,14.39217867374142
20250520-2500349058,Rest,-22.3,-44.0,-37.05331421146138,-35.581620992972134,31.054354105611857,36.01535931506344,-0.015753217251512883,0.0005873840551874425,0.4041610698218378,0.17142381490447364,5165.283929627148,316.84336213210406,71.58251505227175,52.56643388865267,17.830018601500697,8.614465247943764,5.387552533464598,2.3637325854495743
20250520-2500349058,Positive,-19.3,-44.0,-31.065884170449777,-31.29714378291599,37.49922657992215,31.890601053420724,0.04899558571548366,0.00010808008770655898,0.4379563345395999,0.35372261556211204,2636.8862280815365,59.38466560185052,53.09373587543591,4.462565282091211,8.327095559667546,2.8476120015644057,2.2971672644488033,2.352686301513944
20250520-2500349058,Neutral,49.9,-19.2,11.458829707959389,13.49356226846084,396.3610143084207,24.05072217213551,0.13026162700436317,-0.0001690339113196025,0.020974766751884675,0.011111773141258849,14099.336431386171,0.13578057363577045,0.011010739617504137,0.0011127682334793605,0.0016992142081809724,0.0016881297455072779,0.0008188030064051737,0.00032002857992256107
20250520-2500349058,Negative,54.6,-29.4,11.975286168286264,8.941905015660753,452.5846290817142,23.076877916884968,-0.16062455470682094,-0.0022862790199653614,3.084435586365682,2.9224657774744016,10639.567432528975,351.58085018968796,123.0445115247534,38.226637473035254,33.20883481278477,10.229472116813067,11.215483987771929,10.505411720365705
20250521-2000148492,Rest,183.6,183.6,183.60000000000002,183.6,2.1902745572344398e-27,183.60000000000005,2.443126885135015e-16,-2.4501473646900006e-16,3.287637538544684e-14,5.1553530458183516e-14,6.355510595756013e-26,1.7498791876263407e-26,7.128686721827204e-28,6.359475688166465e-26,1.2291147851724424e-27,4.663888797298248e-27,2.0199692174147928e-27,2.5471862307478504e-27
20250521-2000148492,Positive,183.6,183.6,183.60000000000002,183.60000000000002,1.3508709987784678e-27,183.60000000000005,2.890343331905492e-16,-3.8668992422318376e-16,3.419303172823459e-14,5.340277455070071e-14,1.015216715972242e-27,1.558036321846849e-26,1.585056647231594e-27,4.5554915942528804e-26,2.315807492347014e-27,2.4216853793975645e-27,2.5274902028504154e-27,1.781299479600262e-27
20250521-2000148492,Neutral,183.6,183.6,183.60000000000002,183.59999999999997,4.486167392261315e-27,183.60000000000002,0.0,-1.1123956724228574e-16,3.332740845837229e-14,5.220443379993774e-14,1.053330937198941e-25,2.853465739626896e-26,3.2211908008907103e-27,8.409969767324748e-26,2.0551491701555224e-27,5.372555089054318e-27,4.1511887233393516e-27,4.759287877922488e-27
20250521-2000148492,Negative,183.6,183.6,183.60000000000002,183.60000000000002,1.2169357631918529e-27,183.60000000000005,4.628942903974594e-16,-3.7152561346933344e-16,3.2961974040066684e-14,5.127524581785109e-14,6.287734357666525e-26,1.6388749054914753e-26,1.3354791821833114e-27,4.7890009287435626e-26,6.314570854831733e-28,2.979675007748155e-27,2.124851322354826e-27,2.301279720900204e-27
20250521-210025016,Rest,-23.0,-33.2,-26.8653921054785,-27.150487496210133,6.66339329316078,27.272923652865376,-0.0043381635791685975,0.0006414936169979222,0.34287537485224445,0.1992710097451739,244.74291751699027,183.9009925774019,7.922859405614061,9.949190354476727,5.084425872039208,5.425312701966472,1.4758939526783665,0.5387440934640534
20250521-210025016,Positive,-24.0,-33.3,-28.65459517098658,-28.900985538781864,5.0377145311722815,28.98800923906384,-0.011566716597388971,-0.00020114343465847865,0.3677268928155514,0.21061409961581876,167.79335932475232,37.22905375804952,29.615795806007974,6.128965524726095,3.301089558109963,2.5952239552250296,1.3445986861498898,0.629290517999864
20250521-210025016,Neutral,-30.0,-39.4,-34.15960481757453,-34.42240625705244,4.010599770771913,34.48061270186965,5.339919277864584e-07,7.561615311778445e-06,0.3161707691254261,0.18047788946713306,555.0817952819134,64.01921499923361,25.310172483530504,21.471118269245867,6.4712481359340455,5.25487557898312,1.0460865552328338,0.40543028969177874
20250521-210025016,Negative,-4.0,-23.5,-11.815067022601603,-11.998147851968907,12.07467630300213,12.49120603387472,0.010745744892522585,-0.0005161405459854151,0.4936431586421148,0.28322707905058536,870.5706640252364,275.3292551454505,79.91056743631565,21.718230813418216,41.4111935257857,16.676328017918312,9.195049961388554,3.690232092273848
20250521-2300585794,Rest,28.4,-17.7,6.969098477827937,6.061336679512185,170.43387569775317,14.393529033567583,0.12918964492319066,-9.427662498212884e-05,0.020314227795646185,0.007213697103561789,3805.4015274012613,0.42325499535622263,0.017181555436520397,0.0007456924086067363,0.0010301565871389951,0.0002792790414909218,0.0001027622030251993,4.1202123395171633e-05
20250521-2300585794,Positive,65.4,28.7,49.026222979692214,48.18660897656141,114.43796972161358,49.35977364597251,0.11944407984181549,-0.00011128725987135315,0.019045996490464064,0.006076122768368413,2434.2080810426814,0.14607859318180005,0.007886833237774527,0.00045889800075045234,0.0004951348328523355,7.77266985881689e-05,1.1493001051522593e-05,4.472167376601947e-06
20250521-2300585794,Neutral,127.5,65.5,93.0310870311924,94.8166799553637,314.636211415735,96.46159344098358,0.11382596025608185,-1.3977142970843311e-05,0.02444063079805398,0.005887464219911853,11599.680682631822,0.49375482595383907,0.032160712461867906,0.000715535719032008,0.0017322709078176667,0.0003423689605195714,0.00024898134827044087,5.4384363922904405e-05
20250521-2300585794,Negative,183.6,127.6,159.21068409053132,159.1566891221628,319.76526918829484,160.15809989356475,0.10861140125714007,-0.0001541890311376435,0.045667164144966944,0.004141795607565707,11295.484222255,0.1705488907350731,0.011921474720039458,0.003983985561399032,0.0007386349800624254,0.00041714155328684754,0.00021671350461597037,8.467734909819988e-05
20250521-2500093452,Rest,-30.2,-42.2,-38.26465318568107,-37.873777515518064,4.532973648422865,37.93357347974726,-0.0044375086806009035,0.002437924482866,0.8697756090652774,1.0832843691327934,135.695290073376,82.7226530375666,12.369183003697817,23.863212004090524,13.58755073206609,5.969317124035012,23.808955888201815,9.683496692746875
20250521-2500093452,Positive,-31.8,-41.5,-37.35581070306859,-37.19256519376552,2.351101566915208,37.22415891943583,0.013679761260489521,0.0016460237327411541,0.6196318342229821,0.7464510129148938,8.96214762847589,25.63291703345219,15.856239638972342,20.57780788992622,13.417100603364997,11.231081064361737,7.71526837031754,15.762938601197098
20250521-2500093452,Neutral,-29.2,-38.4,-34.84920741176491,-34.6768117797285,3.0075653761431345,34.72015035369031,0.012117858588894515,0.0009689704663788738,0.5906239334015566,0.7180572463782722,82.31732136716015,24.76358477819381,10.59265878804369,10.042148659747857,9.263659705868942,5.344079251810436,4.1052130243197755,7.129131227781269
20250521-2500093452,Negative,-8.2,-31.5,-23.904227104931472,-22.38594611021404,19.66444532271474,22.82093399868029,0.016699910920260394,-0.0012395903076490977,1.8001180028379622,2.8359538504560566,1235.563297882204,130.03742219075673,83.39917925466034,38.80774861503491,36.84501239528355,25.409097333775975,34.07734404851634,31.93619962445992
20250521-2500297154,Rest,14.8,6.8,10.425738293239899,10.333620478394089,2.947350032114406,10.475259530130987,-0.007488169789472335,0.00015198669045406865,0.2382351711650385,0.1381924876163819,54.053293565453586,9.726365484884507,7.538930936308583,1.6988008529335694,1.4680803468267007,0.93838900886772,0.5288031552205253,0.2802580037739036
20250521-2500297154,Positive,8.6,3.6,6.325631522230428,6.290204136647355,1.3921280663617417,6.399905948297775,-0.012306869830474387,3.89670129267307e-06,0.18068364970240136,0.11995979377032266,79.46639921876161,9.99384986080633,3.6511901603330847,1.5087581724344126,0.8310478728105598,0.8533742871967092,0.3518551501383563,1.3744132587210625
20250521-2500297154,Neutral,11.9,2.7,7.915062615487108,7.692523141522773,3.8822376434296024,7.940853224074413,0.013548293480427995,0.0005695592073962929,0.28002475495604984,0.19408805640331214,248.70829646218158,92.4434435990575,16.251353498218233,41.71522209919953,6.722663733715506,3.4089052263943658,3.1220989879963246,4.045664516945262
20250521-2500297154,Negative,17.4,8.5,12.709250712661184,12.903476704112709,2.4062629383216754,12.996383111923912,0.004436252057513242,0.0013033630427754699,0.24872637050529262,0.14681614838055063,148.63377090351256,24.42357522519132,10.114463016862375,5.66429379773113,2.0349150938637566,0.824346717227353,0.9346572675165891,0.6471392337927386
20250521-2500358187,Rest,72.9,29.9,52.00889424099787,51.37630975934851,153.4372091341577,52.84848544303504,0.11932483172071542,7.091662882292316e-05,0.023184404237301927,0.0104130031769891,3401.3197032433095,0.42245053765898694,0.028733223669417215,0.0023897179283591872,0.0008286762986859723,0.0009583916671577077,0.000159072402675595,0.00017224757107037983
20250521-2500358187,Positive,120.4,73.1,97.03329501862028,96.85487735605541,188.17786000090385,97.82149624523969,0.12806990180032327,-0.00011861448177901322,0.02979302463079385,0.018647335858871152,4497.402608589329,0.34329268512126876,0.015431371734353954,0.0045330794824192866,0.002304039549354549,0.0008253957387669412,0.0002925300791947898,0.00017355010525540497
20250521-2500358187,Neutral,149.8,-8.8,121.58420641215262,72.09020945819815,4484.6894466953345,98.39556771736324,-0.22666261041564453,-0.00026206362987874637,1.439187707325396,0.5965707117838467,641901.4893457532,9135.30952094899,780.6025992356997,104.22069460336076,22.487046944159115,20.00551115393444,16.79968265464154,10.786966705705957
20250521-2500358187,Negative,133.2,9.9,78.89198914478264,74.40731563431832,1583.1441304299442,84.377679218707,0.16214432538311874,-9.878239824720725e-06,0.6342126251701665,0.8847618057783536,112835.34812284577,318.3734704443282,90.18451319345894,56.76237162137136,42.455169965661995,27.326024578186612,25.276034133860666,20.72640908795506
20250522-02798356,Rest,-28.4,-46.1,-40.53341486750911,-40.65838605019177,13.984938751888189,40.83000483661883,-0.04606484607282866,-0.0002166708650840589,0.4662819196817865,0.2627853075972136,642.0827022059989,244.36087817224734,91.51278845833356,23.98622804216511,9.947130034420994,3.793876760880429,2.0806061509098672,2.2300154738401563
20250522-02798356,Positive,-20.5,-44.7,-35.10730713358064,-35.77243010490679,19.811562459374677,36.048277601985596,0.02807566582433357,-0.000150721432339808,0.6414489214020823,0.430099486602456,583.5900830559077,34.92839476537379,10.338556842519475,4.5522926599269455,1.3258068424847864,0.19278195489583355,0.061158653755072775,0.02470335693671545
20250522-02798356,Neutral,-34.9,-48.7,-39.23059248510671,-39.82389378546276,12.371927765409403,39.978924998069026,-0.02333578223350608,0.00032389369476709467,0.07198442990350404,0.02110529168177033,710.130182885506,6.716285144986103,0.6188445633258529,0.17595312387417011,0.0636925546702642,0.026188277263232702,0.012055887941773848,0.010887524408892235
20250522-02798356,Negative,-8.3,-62.3,-46.8706809653243,-40.34224830491723,292.1001985705969,43.81320801842972,0.07252147125425937,0.000555159159313991,0.4227802678867182,0.20121715343521446,32736.908465881188,179.1982837110233,28.159806216265654,51.96076688391669,25.80011630796737,6.3134338511744,2.3664923403630094,5.581757729975211
20250522-05708014,Rest,-25.7,-55.6,-45.30260004720874,-44.35732067486878,65.64698067385653,45.09122839452255,0.06751612644337637,0.00022961679581266092,0.3208633224958794,0.2631419070425786,1624.5942045411816,40.67697184975662,8.555434362180558,0.8153378074783826,0.335238813498819,0.37544868324647857,0.10947438694585881,0.20308277243279307
20250522-05708014,Positive,-12.0,-32.8,-22.580002721839392,-22.963712635654844,30.071768048736157,23.6094020691264,-0.0009581227829861076,-7.889101273227915e-05,0.6773235917265334,0.4851560317930135,1936.228725372494,254.24370157360482,81.42884861269678,34.932181593947774,16.68672800432168,7.629956098915029,2.1272524980950545,0.7099544784498804
20250522-05708014,Neutral,15.6,-25.5,-5.1553701996876296,-5.342552501657059,152.80449989035282,13.466527656501318,0.13929594333782735,5.0428389435041675e-05,0.18141988617293583,0.12102536534964947,3140.4273672592226,0.8347973843214536,0.035992473602771226,0.0022886571992578814,0.0043878745304968105,0.003305254535019346,0.0027421496387192703,0.0014646767015398818
20250522-05708014,Negative,41.6,-8.2,27.96070620631908,26.229213713405038,131.81663348143277,28.63194519247527,-0.10535366632403316,-0.0001727627317150918,3.155207259560429,4.466280799974506,1572.0813113434099,2.774424269848621,0.8293574912685086,0.478398932821587,0.31287898825344174,0.2205811806248973,0.18926057394796222,0.1720392317650451
20250522-2500310369,Rest,-4.9,-44.2,-28.903760068432884,-28.855598932227263,59.338239474655964,29.86609832589806,0.0314247529829431,-0.00015496675728452568,0.9709725944396815,0.4131917180151631,6162.403025028464,324.3159681561511,260.00239637389666,362.87182047499147,25.889452204082975,15.24317649839662,14.080975349938777,2.435494651647324
20250522-2500310369,Positive,-14.8,-34.8,-28.835273630877897,-28.00936224372378,24.87325474559602,28.44991437677335,-0.002380649834269619,0.00017046053223460222,0.640551022786227,0.4044850811850426,2585.2378934445037,175.15225566721324,102.55511404414503,53.7903980826948,10.521355499972316,11.091618767991646,15.736855825835736,7.8833043934295794
20250522-2500310369,Neutral,-14.8,-40.5,-33.16122178435907,-32.69000327286151,13.73112838488702,32.89935322106779,0.004126128204083042,-2.7615824473028958e-05,0.9015728619978514,1.1176433552003584,1082.2613384534263,29.70769701508466,21.90405941066463,21.133653458164503,10.678845371638975,6.0544173514403,7.542976655017589,8.693159393623379
20250522-2500310369,Negative,-28.0,-43.7,-37.181980617834455,-36.63278816278379,12.783005914924061,36.80684955948167,-0.007614683322966999,-8.85020697441609e-05,0.5810396087201853,0.329654413134697,929.5231016645528,292.837138830312,56.5049357973545,47.00984188016114,23.171835498057312,13.351038121756678,9.023755234112839,4.9286064193449235
20250522-2500325974,Rest,4.3,-57.4,-33.33778705835499,-34.54714815918182,137.84264525812776,36.48764299308175,0.054348783222765956,-0.007622560004927337,3.849002080506997,4.667229801857282,4622.714585236963,3210.8808636413887,1911.411095481053,1441.4348437236126,790.9777617909749,639.1372268766743,412.5604176191919,495.7416914025601
20250522-2500325974,Positive,3.8,-49.3,-20.606969402451366,-25.221197280384956,136.36534244491116,27.793418909896793,-0.11535852773879009,0.006456236822855047,1.4439958884719823,1.0759406984321243,3163.7301755729363,607.4818005865801,554.2437869125383,248.1710805129734,152.17535036812953,97.53839930201067,66.42923838361693,61.58704146324888
20250522-2500325974,Neutral,-15.9,-57.5,-42.53869634285192,-42.105452207307124,60.6195255626417,42.819255378211174,-0.0076564132201419315,-0.00019222602145476544,1.1529770782941107,0.7388299141244372,5630.687270065789,714.3917230754889,181.58154201855487,108.65635777468114,37.981730406218844,14.160195951449513,9.122233116806958,4.267570065708217
20250522-2500325974,Negative,-33.1,-52.4,-48.789988414394266,-47.742417660784916,11.597294048032747,47.86372047955382,-0.009972634691340307,3.12210065563997e-05,0.47097331618755145,0.2144933250817282,798.1870143390968,627.7149473233408,125.47046132685114,45.03974102950537,3.585964589216603,2.3266408709032103,2.443454528796462,1.1333114702341014
20250523-2400166412,Rest,-7.8,-12.6,-10.676882886670104,-10.61493097388545,1.4757084242518979,10.684215834800632,0.00795771984598141,0.0018564384240757747,0.24647205593019492,0.1919481683686511,102.48078024348155,10.458123815629651,10.72909618738887,2.7493314092297183,2.540163557704864,2.0680933330780116,0.8997043288247099,0.5894529975974185
20250523-2400166412,Positive,-6.3,-10.1,-8.448994090289446,-8.395184359136625,0.5877002200056778,8.430113916424732,-0.005832212111581008,-7.10193643861238e-05,0.15798738200827622,0.12438571164929862,38.16783937517803,11.278945298066986,3.3765764961299674,0.5163594016581445,0.910001258344364,0.9567292406293174,0.7221697285929172,0.26646906643592405
20250523-2400166412,Neutral,-7.1,-16.5,-10.268970281092512,-11.02106712011437,5.30906223214409,11.25935090039431,-0.006331388583490198,-0.0004561303394344666,0.17257165542774194,0.12146524575225401,455.05567565567725,23.612630167910368,3.9311764974101377,3.928364592429341,2.021079953386051,1.8356684192333699,0.628994015112965,0.43107577229624594
20250523-2400166412,Negative,-7.6,-17.3,-13.495640256220213,-13.844359832245358,3.3708081296396286,13.965568634836476,-0.0023308863128764347,0.0003378993848296748,0.1784910951719296,0.13367569637281118,559.1162213403655,36.144762697250215,7.313160237249299,5.367471263070969,2.6029538584612544,2.2619532211747573,1.2516315925057357,1.172319519378226
20250523-2500111388,Rest,-2.3,-16.7,-12.914734443102528,-11.403544203502499,14.449663720357053,12.020419465292902,-0.02171270765687174,-0.0006078183296488688,0.2199503945525735,0.12520900035825439,620.7889249223805,44.44633247628414,20.896754383664327,5.182455479017722,2.5227593441016913,1.300125715017557,0.4790558036216416,0.6973165287653862
20250523-2500111388,Positive,-11.9,-21.4,-17.146700624690972,-17.046166435344997,3.6396444111236734,17.152592648127747,-0.037245318982438554,0.0006277213182583304,0.09587113392256628,0.05504835913448009,41.96899253970581,5.990276676818153,1.0390410734880877,0.24921910688065163,0.31608302690737167,0.17704968058592707,0.11443516588459515,0.060508823061994635
20250523-2500111388,Neutral,-11.4,-22.2,-18.83113526469284,-17.593953685685356,5.861561180123835,17.759751334806612,0.017614616983325827,0.00028063155388535527,0.1385677083756107,0.07952976150893908,250.17454921677108,4.166811185381596,4.25217408259726,3.1693231751632576,0.8911465720198735,0.1746293076052473,0.14089515987352916,0.055442838325481414
20250523-2500111388,Negative,3.4,-11.6,-0.9680438975420779,-1.858225398701071,13.415756197194925,4.10715933822547,0.017203861843109996,-1.0149118062495255e-05,0.19834470973527588,0.12576065211736248,1714.8950001241103,20.378163882620427,10.231319512905607,6.493097860231544,2.4861353771106987,0.8527421006451991,0.8900246505945167,0.6264182798365274
20250523-2500354885,Rest,-25.9,-38.9,-28.36430241452293,-30.03000358505676,14.701790131470485,30.273798992693212,0.034418901159209175,-1.3639056897537999e-05,0.05412566979994119,0.013952323994225998,386.40104603266786,2.8898600828876226,0.30405815244576456,0.07186105471153266,0.03894709640832213,0.02577392180484951,0.0179994714705762,0.01162421329636101
20250523-2500354885,Positive,-24.9,-27.7,-26.386901909632833,-26.364879424040222,0.6501453856088198,26.37720630449305,0.005492108923612945,-0.0001710946706113923,0.02572231143900955,0.011424158024960898,15.7052104095856,0.10105303063260276,0.01824788858409235,0.00036469018467436573,0.0004625898317209189,0.0002985107613348819,0.0001231616812272324,0.00011978101795752472
20250523-2500354885,Neutral,-20.1,-26.2,-21.970984697264573,-22.33675062569909,2.3936771587676846,22.390268101865956,0.004328519613773711,-0.00016174558352493695,0.0336958441690925,0.016859584446414017,89.04429542869633,0.43000544242303684,0.020832753651351118,0.00094721181980851,0.0039602068699559475,0.0019302523680448317,0.001501183443033638,0.0008548565173358191
20250523-2500354885,Negative,-4.9,-29.4,-15.870491332909573,-17.030780069518478,32.09667546110698,17.94837444554283,0.03405121683423035,-4.406897967462889e-05,0.375795933740355,0.17703306077326783,593.4811877836764,108.38854016291845,36.81228584565287,8.025632914203808,1.6363592922992594,1.614534662202614,0.3455478088245404,0.525412721472674
20250523-2500359620,Rest,-10.2,-15.1,-12.708251952488066,-12.655572301762525,1.3940022952319446,12.71052762792996,0.0031767870452684447,7.39214798739794e-05,0.1561377556028276,0.093009483907745,82.29284213585467,6.186230406042599,2.600379308330188,3.2720412467599718,1.2743924451588886,0.42328999047304317,0.16985785518545546,0.26598087025543377
20250523-2500359620,Positive,-12.8,-15.7,-13.928339221170269,-13.987857120198525,0.3767038718448614,14.001316034106702,0.0016093240132314572,3.98682889367612e-05,0.08834673267305498,0.04610579454183904,25.104440413296427,3.49862535804221,2.7549143888541123,0.5695307025796079,0.11991263383839176,0.24272980962264507,0.06816798230275102,0.052493327245097726
20250523-2500359620,Neutral,-12.8,-21.0,-17.934816523633085,-17.735371638942212,3.324388286800876,17.82884728349527,-0.005393030518205782,-4.082908071947017e-05,0.12415697282195894,0.0763506730970627,318.9515607848124,6.871370338281574,3.5727911529162815,2.165417611286453,3.6110049245228715,0.5404933105655506,0.3171845800859127,0.21780958404308373
20250523-2500359620,Negative,1.5,-7.7,-2.538683828868654,-2.800328448770743,4.030141605994504,3.445574121534648,0.005659202725547036,-3.769896486188209e-05,0.26340675036536376,0.1735821727863829,259.6567448612993,93.43906066552077,48.34897891364486,20.360535300840738,10.678910897122453,5.790544584592039,4.0015318048177555,1.2046016161767439
20250526-03960661,Rest,105.7,48.1,76.63283479587261,76.70654570627002,293.20846163240014,78.59454571292142,0.15827899047963728,-1.8403940036007036e-05,0.030884772249303166,0.04299562735607134,7303.994909595471,0.2554072013362022,0.017017187887311318,0.004436870814269125,0.005146409847603822,0.004878558537265855,0.000910011648314229,0.00021156690122622605
20250526-03960661,Positive,124.6,-11.4,-5.374810915849118,34.313911180423105,3230.2206759767796,66.39024910688877,-0.3856899204865407,-0.001017609956405759,5.911552472551199,8.52361094152115,177952.76352580686,9701.222906711253,3720.2146352890095,1892.032924689127,1194.1758984206547,882.6840593657961,730.4677508445136,640.4621990820135
20250526-03960661,Neutral,-1.7,-10.4,-6.478995431558699,-6.574366296106464,2.0026893593803927,6.72495216003512,0.003866438526531255,-0.0004344242564190032,0.2751205023593201,0.26166755102642947,75.32003563845052,39.814962795852146,13.336289130680939,3.9165969265413936,2.631787834437455,0.7088066491083638,0.6824813774207226,0.44404110845682904
20250526-03960661,Negative,29.8,-9.2,-2.197905820120548,2.1391214102665743,95.41410746337043,9.999497380930267,0.0013363198444666152,0.0003411330945934961,1.4066964662855324,1.7257886203367627,13292.186252575375,255.70793503581584,62.57023275650806,34.14451545809229,35.930649287676104,31.50553755080282,19.49052796767416,12.29773046426052
20250526-2400007222,Rest,12.8,-9.0,-1.3905677199551079,-1.8098303991874336,11.930581087242428,3.899495757282648,-0.012871381854663272,0.0018452781212257158,0.841522439254763,0.5450835710369429,604.5249372103457,82.02339712781732,27.882478916584837,50.68940194663008,27.946848838523746,17.1221635134362,9.339188102487602,4.787648744328878
20250526-2400007222,Positive,5.2,-10.0,-3.008281269079899,-3.0335043246278297,10.409890115785382,4.428548137180077,0.022119522896324136,0.0002727747429156457,0.6966295353288137,0.447937668600207,595.4902627398391,201.98373400734215,97.46280395324732,29.277140299747813,29.99356764352981,8.631566251651694,5.537881923938887,4.7711910099441885
20250526-2400007222,Neutral,3.5,-12.7,-5.180945505610821,-4.940045384306024,12.828457716801152,6.101844484727908,0.0021152125628273845,-0.0022072933990939228,0.6772876265513259,0.42216975181940336,711.7562926134466,376.50794770331237,147.77465954786211,44.09230334174454,28.343419899242733,24.19071498378714,12.588632621238474,6.307432419178561
20250526-2400007222,Negative,8.9,-8.0,1.4859942846868066,0.9202087194201906,13.881165172048112,3.8377010382968946,0.003276410187320811,0.0006345463576912853,0.39780758756350537,0.1924617219469347,2278.930834077495,147.09074309711036,171.58710078996984,39.36319513977779,19.00606584043529,12.000840178015713,6.238139168058685,4.246830881778384
20250526-2500078535,Rest,-42.5,-60.4,-51.97192843619801,-51.687714103205536,15.07009559752372,51.83328934972424,0.009843528798662491,0.000892602887033763,0.45930389840690045,0.26700293035146117,538.3030421719241,161.8564030345374,39.11597526125304,11.910418794896634,3.2794419309017586,1.5970673121594468,0.8938204361358154,0.627946043632271
20250526-2500078535,Positive,-46.7,-55.9,-50.44255607940755,-51.34730753298605,9.217711035214016,51.43698768320575,0.01956830323135171,-0.0010660599416377657,0.0747112360623133,0.05547806323670061,274.7177846104927,1.897007898868021,0.0340563319183551,0.10093846182446423,0.03346166656929516,0.01991294221640116,0.010084270596689923,0.003230189351529914
20250526-2500078535,Neutral,-39.8,-56.5,-46.20220050360894,-47.570246142646184,18.54153948617762,47.76473445501526,0.02488041563771621,-0.00039308343959395614,0.2731813900203516,0.20270763984180798,1963.5818040772156,93.93332799043714,32.57050992699853,8.84362241020756,5.265273240221906,1.9829502595493678,1.2770841539311082,1.0554584214956448
20250526-2500078535,Negative,-41.7,-49.9,-47.761943152881585,-47.18160579661916,3.763338569092595,47.221470372243374,-0.008911306700243012,0.00013487438740496336,0.1665723171744077,0.11718406078659531,338.0066694082375,17.443144094581005,3.184071129814492,1.7095256695070453,1.0583558069744972,0.767380530399695,0.6729605314829227,0.24693375334553358
20250526-2500228202,Rest,1.7,-6.0,-2.856529098791458,-2.858342217447378,2.0918568277379435,3.203432075100069,0.013353130111247457,0.0004038331838574181,0.2570615233226317,0.15148154824800902,64.88308045441258,4.345337139630935,2.306838324286147,4.126225287732794,1.5286646278364764,2.9867346926111393,1.002148390279195,0.8219857610856465
20250526-2500228202,Positive,6.7,-6.3,-2.291034549096482,-1.954948190242682,7.917927855547273,3.4263318989964193,0.0017446148671557231,1.4493940188536816e-05,0.3377741124661564,0.15618596323612585,676.8585572984965,83.61063927986997,3.858931987306352,6.844149969028891,11.419690798910729,3.482609169101599,2.4618894724118845,1.9853967337984688
20250526-2500228202,Neutral,5.0,-7.6,-3.6814182708882965,-2.9154147424901877,6.824785279261858,3.914642818954366,0.009522917582335854,0.00032919277135250196,0.31320534335454414,0.16940636432639475,522.3251981217047,92.76275418272421,27.509970086969453,13.366473838174256,9.326033650407373,2.7291274233677973,1.24840505325218,0.6401069996015923
20250526-2500228202,Negative,3.8,-3.9,-1.4957354918023578,-0.6932524076662873,4.073728472205826,2.1340870115674595,-0.00875898843415952,-0.0001953172880523498,0.11620601875842913,0.07262972407018255,187.59681104410996,6.997260581375629,6.704446475438376,1.7149907633206984,0.8663275148306331,0.8286307094659628,0.3379242231886267,0.25848543202293117
20250526-2500336117,Rest,49.2,1.9,26.149216811815528,26.266914833196022,180.149475251436,29.497462435026662,0.16059407192262024,-0.0003261252553737668,0.0674632797305432,0.0664433324950177,3326.7123985342755,1.770712217962033,0.08474318173834158,0.05259546819185836,0.02182982987556142,0.007592146222242455,0.007051728602568505,0.002137846159967838
20250526-2500336117,Positive,105.1,49.4,77.85190324697832,77.51838531157763,284.57191412340114,79.3326665090593,0.16315214698577285,6.942523448150751e-05,0.07411486173795727,0.09382225668552452,6684.213633954327,1.1588548162527483,0.1674269916785913,0.3602953409141969,0.35968489678114357,0.40626620857939216,0.29980181783476845,0.06274031672631261
20250526-2500336117,Neutral,183.6,105.3,159.63155977064307,155.85412342784497,641.19571178839,157.89776281268308,0.10326078428284848,-0.00012880763969951915,0.5081478918559452,0.5820715803799547,46859.91999915025,29.671764231861804,5.034571113444897,4.373911450597307,3.0237100885610477,1.0667607083427373,0.419788074523898,0.7123761349826722
20250526-2500356574,Rest,-6.2,-31.4,-16.46426549231802,-16.594058824129274,57.9654119331401,18.257278006093973,0.054513657163288015,0.00040947106029055115,0.2725992382043531,0.176102938377037,1490.9630037603404,68.20313761105623,12.08875445723672,4.3184123188133565,2.6914867797499276,1.3026169708481594,0.20348800292331784,0.16974772341420946
20250526-2500356574,Positive,-6.2,-11.3,-8.805941872570752,-8.480177328336662,1.7428072889415038,8.582319896681586,-0.015489962180341505,-0.0006987390115618262,0.06888087940699912,0.02108203660721689,143.93628812546743,3.704964387456542,0.9414761231386657,0.13840860651552242,0.05185164405271342,0.06616996900074139,0.013109265379411955,0.0038289723177037027
20250526-2500356574,Neutral,-8.5,-35.8,-15.235504951497617,-17.376496304671168,51.610634484130316,18.803011947833813,-0.04661734172029803,0.0002577176834561117,0.1941562137544976,0.09153954797385269,5153.708019491519,18.924472346458558,2.9318844226914074,0.485400823448339,1.0783392464303587,1.0250165611160782,0.6015413379128495,0.0992005576498971
20250526-2500356574,Negative,7.8,-36.2,-11.963125700891172,-10.450123366705265,74.39829570410943,13.550032253964153,0.051268200293110175,0.0018053318089505642,0.6940379420820679,0.3141250991372987,13264.048558102944,472.2197942928696,309.3229523544708,132.86624506529483,35.625935295283234,4.744626845494946,12.615654216385233,2.543034229101649
20250527-2100744967,Rest,19.1,-22.0,-0.13336295461557826,-0.8901605939679148,117.68588538551751,10.88477244909469,0.07445373864011277,-0.0011130521378654701,1.2847412601098558,0.6413310225233688,6126.09798610793,3077.8275810365058,499.51401043127663,137.71354489717314,43.88576083508336,26.737950772246386,8.572650177922348,17.135647377281394
20250527-2100744967,Positive,9.4,-15.0,-8.650138604972042,-7.89665489515524,22.35242586211483,9.20378098366612,-0.0808414052559239,-0.0016337765705516098,0.6380746370184871,0.2951475999248756,358.67445667410703,273.36144304625327,111.58117137691704,25.97784422425232,8.60723797793123,2.3426635475032014,2.2359976205330905,0.659278361710474
20250527-2100744967,Neutral,14.5,-23.1,-3.1403933233670362,-4.2094321749931485,74.64134872229424,9.610445773124251,0.04242941933833344,0.002164876274500671,0.9780069659643799,0.5014505907309962,9598.108652862129,691.1786078296639,284.55111427627855,362.84868935076315,47.80928240224526,15.647252414736483,23.73401908006358,8.718822456298346
20250527-2100744967,Negative,18.6,-15.9,0.2172263827239832,1.009834238983611,38.225064517322544,6.264569395221523,-0.042905029132222036,0.004342022014300496,0.8744855945851202,0.5294687644074391,2613.338809543388,319.38359566617595,308.74300798653456,131.77655212644515,76.06092250063053,26.55914924759791,8.242981189656078,5.979873691319572
20250527-2300317801,Rest,-20.0,-36.7,-27.51374336816663,-27.809943174809238,18.727807254143638,28.144639749697674,0.018774058333926775,0.0002041666776404162,0.2974653399872686,0.15581960718011148,823.2873039129961,35.25050517237693,6.493718290616512,3.217865054209279,1.7428545534628272,0.792719211329779,0.245860452315946,0.07236564136916436
20250527-2300317801,Positive,-28.4,-36.1,-31.84103956240095,-31.807463967560572,2.2532988322977405,31.84286518013042,-0.01326979648335293,0.0003148686022163434,0.32900776402120174,0.2635905038671937,109.83162496688576,23.126635566149105,2.6177687900303703,5.201384194946046,2.5119377855542115,0.7322054166826505,0.4214877167105777,0.3806879929533186
20250527-2300317801,Neutral,-22.4,-36.6,-30.90246879929392,-30.36986088932815,11.510196677486443,30.55877365200754,0.01526380670707306,0.00021877308104160224,0.38029417286026906,0.221069036318881,933.6813194773669,69.66375088712557,57.754761312257074,12.27913682530581,11.179594511969574,9.78212814429406,2.841192430602742,2.822594833233798
20250527-2300317801,Negative,-6.0,-32.5,-21.728991477574684,-20.54949595723846,27.308041415157,21.203533326116116,0.036142529235974066,0.0007306753863251859,0.49500149798970766,0.326274458178862,760.5356345547675,84.79226656675955,58.01992138269151,15.386975911283441,5.647004051776443,5.854249277416734,4.734023435875842,4.732737187107
20250527-2500137366,Rest,11.6,-8.9,1.413743572040721,1.2883253068254836,31.701970017277137,5.7759633061060995,0.06574427293214508,0.00012452462204060226,0.012683115141753592,0.0031540872725527584,642.814937730647,0.08665177715506144,0.00682675611974044,0.0006263604342400725,0.0008090610989334739,0.00019065029091600762,7.766510638959743e-05,1.1521805203054994e-05
20250527-2500137366,Positive,17.1,1.6,11.867111815966542,10.964614515691245,16.209779530930966,11.680434538519453,0.017611550032514092,-7.812746233001163e-05,0.38594334878108966,0.4534993415452345,327.9183578257091,0.15840474825687859,0.0359836553967646,0.10759686773109739,0.07847332810479543,0.24762329425416124,0.2846727554393666,0.16367042278374874
20250527-2500137366,Neutral,68.4,17.1,42.93168096678886,42.217730868791676,220.40460548439876,44.75199889607306,0.08803167400395687,5.039756527939646e-05,0.01662886722176384,0.013703269239606462,8758.558534440614,0.18445241072364493,0.009303808232055122,0.004727373027496248,0.0014008541954429205,0.0006114260264006439,9.760765786650028e-05,0.00019680227373892429
20250527-2500137366,Negative,123.1,68.5,96.45716395212878,96.11606985594926,251.49055851740272,97.41555031447044,0.08838457221346369,-3.249660483164571e-05,0.0170980130493012,0.008382571984590179,9528.009850171833,0.1269382781249767,0.014708194376586882,0.0017329723016071593,0.0007202772178389815,0.0012278399252769374,0.0005175674020760314,0.0004446323722371644
20250527-2500282200,Rest,-18.9,-28.2,-22.8303263245415,-23.235477019322158,4.68061819622001,23.33598102741061,0.018707768633835276,-0.0006049798126734248,0.16646699492801412,0.11681750926937857,163.8581707149621,11.275494544860027,8.766779472093573,2.0566299171907727,1.8238852260215817,2.331488274865096,0.4852698271565441,0.3502771203915354
20250527-2500282200,Positive,-19.6,-22.7,-20.85558763790191,-20.883093926929227,0.417133155023261,20.893078880719607,-0.0016413622608949777,6.245645380534653e-05,0.13156634118528573,0.08708341561612741,10.958137627130746,5.423788213991328,3.560714005161158,1.5178470486069084,1.0657894105254824,0.5373761112112192,0.19623741064008474,0.0725868038448643
20250527-2500282200,Neutral,-19.0,-25.1,-22.026209328660375,-21.860820403671973,1.8152519584701035,21.902299438188468,0.002514956659770213,7.961641111259661e-05,0.16486105529907585,0.10283873681903585,276.6581213976949,4.474025289220328,8.137060277732141,9.034738418685327,2.8384017317781707,0.4716407903443438,0.8531596886261743,0.3182972335337434
20250527-2500282200,Negative,-11.8,-20.0,-14.529158930962762,-15.206575232375435,4.743361176112867,15.3617476699107,0.01630956929919608,7.401954555058088e-05,0.12110374681172034,0.06836600560804432,86.67529427783751,17.425861886577714,2.616976328623724,2.7838906984882072,0.5320270192640667,0.20428421523890464,0.4571150358939062,0.18954288611360023
20250527-2500335918,Rest,-23.1,-32.5,-27.352369601824428,-27.235994429721536,6.596459654436872,27.356824600641414,0.02701908315706285,-1.2302630805608693e-05,0.2093724205044867,0.11968906875292083,81.21146977910064,24.204620840714774,6.481912294313514,1.0519844455067948,1.2067840928979132,0.21818441820300505,0.45141803442808437,0.19073640224818977
20250527-2500335918,Positive,-19.7,-26.0,-23.79317072554392,-23.521651291635198,2.2821154383422306,23.5701123231016,-0.017482099694858182,0.00017907382310243983,0.1184378933200027,0.0772078829698529,51.70089164146139,1.8296624360200198,0.3225738937754052,0.12022238715355112,0.07073491609271688,0.015523851430040455,0.004996251077872519,0.0023896223776846636
20250527-2500335918,Neutral,-21.1,-26.7,-23.52054404269932,-23.40754706636575,0.9634617551837669,23.428118179216007,-0.0037388798684535943,-7.239418215005159e-05,0.06769085517539611,0.0289445684925642,69.96358602572697,6.182001887511388,0.6346832165705927,0.28879647542595016,0.05383451488878715,0.041235611760890384,0.022724193232441278,0.011362230447140936
20250527-2500335918,Negative,12.9,-20.3,-1.6986261164006822,-2.08529553971889,39.228158088246566,6.601258635761672,0.031204677776527398,0.0007071032944513289,0.6080321370225644,0.7272532926011461,1593.2942817150547,49.211934515221884,31.499433609135533,9.85435791022557,8.371238298056696,6.730819611898121,1.2956861185043995,1.6663625499262502
